lat,lon,burial_all_cm,burial_classical_cm,burial_pre_inscription_cm,nearest_volcano,dist_nearest_km
-8.8,110.5,3.8,0.0,0.0,Kelud,221.2
-8.8,110.55,4.3,0.0,0.0,Kelud,216.2
-8.8,110.6,4.8,0.0,0.0,Kelud,211.3
-8.8,110.65,5.4,0.0,0.0,Kelud,206.5
-8.8,110.7,6.0,0.0,0.0,Kelud,201.6
-8.8,110.75,6.7,0.0,0.0,Kelud,196.8
-8.8,110.8,7.5,0.0,0.0,Kelud,192.0
-8.8,110.85,8.4,0.0,0.0,Kelud,187.3
-8.8,110.9,9.4,0.0,0.0,Kelud,182.6
-8.8,110.95,10.5,0.0,0.0,Kelud,178.0
-8.8,111.0,11.7,0.0,0.0,Kelud,173.4
-8.8,111.05,13.0,0.0,0.0,Kelud,168.9
-8.8,111.1,14.5,0.0,0.0,Kelud,164.4
-8.8,111.15,16.1,0.0,0.0,Kelud,160.0
-8.8,111.2,17.9,0.0,0.0,Kelud,155.6
-8.8,111.25,19.9,0.0,0.0,Kelud,151.3
-8.8,111.3,22.0,0.0,0.0,Kelud,147.2
-8.8,111.35,24.4,0.0,0.0,Kelud,143.1
-8.8,111.4,27.0,0.0,0.0,Kelud,139.1
-8.8,111.45,29.7,0.0,0.0,Kelud,135.2
-8.8,111.5,32.7,0.0,0.0,Kelud,131.4
-8.8,111.55,36.0,0.0,0.0,Kelud,127.7
-8.8,111.6,39.4,0.0,0.0,Kelud,124.2
-8.8,111.65,43.0,0.0,0.0,Kelud,120.8
-8.8,111.7,46.8,0.0,0.0,Kelud,117.6
-8.8,111.75,50.7,0.0,0.0,Kelud,114.6
-8.8,111.8,54.7,0.0,0.0,Kelud,111.7
-8.8,111.85,58.7,0.0,0.0,Kelud,109.1
-8.8,111.9,62.8,0.0,0.0,Kelud,106.6
-8.8,111.95,66.7,0.0,0.0,Kelud,104.4
-8.8,112.0,70.5,0.0,0.0,Kelud,102.5
-8.8,112.05,74.2,0.1,0.0,Kelud,100.8
-8.8,112.1,77.4,0.1,0.0,Kelud,99.4
-8.8,112.15,80.1,0.2,0.0,Kelud,98.3
-8.8,112.2,82.4,0.2,0.0,Kelud,97.5
-8.8,112.25,84.1,0.2,0.0,Kelud,96.9
-8.8,112.3,85.3,0.2,0.0,Kelud,96.7
-8.8,112.35,85.8,0.2,0.0,Kelud,96.8
-8.8,112.4,85.7,0.2,0.0,Semeru,96.0
-8.8,112.45,85.1,0.2,0.0,Semeru,92.8
-8.8,112.5,83.9,0.1,0.0,Semeru,89.9
-8.8,112.55,82.2,0.1,0.0,Semeru,87.1
-8.8,112.6,80.1,0.1,0.0,Semeru,84.7
-8.8,112.65,77.5,0.0,0.0,Semeru,82.6
-8.8,112.7,74.7,0.0,0.0,Semeru,80.7
-8.8,112.75,71.7,0.0,0.0,Semeru,79.2
-8.8,112.8,68.4,0.0,0.0,Semeru,78.1
-8.8,112.85,65.0,0.0,0.0,Semeru,77.4
-8.8,112.9,61.4,0.0,0.0,Semeru,77.0
-8.8,112.95,57.6,0.0,0.0,Semeru,77.0
-8.8,113.0,53.8,0.0,0.0,Semeru,77.4
-8.8,113.05,50.0,0.0,0.0,Semeru,78.2
-8.8,113.1,46.2,0.0,0.0,Semeru,79.4
-8.8,113.15,42.4,0.0,0.0,Semeru,80.9
-8.8,113.2,38.7,0.0,0.0,Semeru,82.8
-8.8,113.25,35.2,0.0,0.0,Semeru,85.0
-8.8,113.3,31.8,0.0,0.0,Semeru,87.5
-8.8,113.35,28.6,0.0,0.0,Semeru,90.2
-8.8,113.4,25.7,0.0,0.0,Lamongan,91.7
-8.8,113.45,23.0,0.0,0.0,Lamongan,92.3
-8.8,113.5,20.5,0.0,0.0,Lamongan,93.1
-8.8,113.55,18.2,0.0,0.0,Raung,92.5
-8.8,113.6,16.2,0.0,0.0,Raung,89.4
-8.8,113.65,14.3,0.0,0.0,Raung,86.6
-8.8,113.7,12.7,0.0,0.0,Raung,84.0
-8.8,113.75,11.2,0.0,0.0,Raung,81.6
-8.8,113.8,9.9,0.0,0.0,Raung,79.6
-8.8,113.85,8.8,0.0,0.0,Raung,78.0
-8.8,113.9,7.7,0.0,0.0,Raung,76.7
-8.8,113.95,6.8,0.0,0.0,Raung,75.7
-8.8,114.0,6.0,0.0,0.0,Raung,75.2
-8.8,114.05,5.3,0.0,0.0,Raung,75.1
-8.8,114.1,4.7,0.0,0.0,Raung,75.3
-8.8,114.15,4.1,0.0,0.0,Raung,76.0
-8.8,114.2,3.6,0.0,0.0,Raung,77.0
-8.8,114.25,3.2,0.0,0.0,Raung,78.5
-8.8,114.3,2.8,0.0,0.0,Raung,80.2
-8.8,114.35,2.5,0.0,0.0,Raung,82.3
-8.8,114.4,2.2,0.0,0.0,Ijen,84.3
-8.8,114.45,1.9,0.0,0.0,Ijen,85.6
-8.8,114.5,1.7,0.0,0.0,Ijen,87.3
-8.8,114.55,1.5,0.0,0.0,Ijen,89.2
-8.8,114.6,1.3,0.0,0.0,Ijen,91.4
-8.8,114.65,1.2,0.0,0.0,Ijen,93.9
-8.8,114.7,1.1,0.0,0.0,Ijen,96.7
-8.8,114.75,0.9,0.0,0.0,Ijen,99.6
-8.75,110.5,4.0,0.0,0.0,Kelud,218.8
-8.75,110.55,4.5,0.0,0.0,Kelud,213.8
-8.75,110.6,5.1,0.0,0.0,Kelud,208.9
-8.75,110.65,5.7,0.0,0.0,Kelud,203.9
-8.75,110.7,6.4,0.0,0.0,Kelud,199.0
-8.75,110.75,7.1,0.0,0.0,Kelud,194.2
-8.75,110.8,8.0,0.0,0.0,Kelud,189.3
-8.75,110.85,9.0,0.0,0.0,Kelud,184.5
-8.75,110.9,10.0,0.0,0.0,Kelud,179.7
-8.75,110.95,11.2,0.0,0.0,Kelud,175.0
-8.75,111.0,12.5,0.0,0.0,Kelud,170.4
-8.75,111.05,14.0,0.0,0.0,Kelud,165.7
-8.75,111.1,15.6,0.0,0.0,Kelud,161.2
-8.75,111.15,17.4,0.0,0.0,Kelud,156.7
-8.75,111.2,19.4,0.0,0.0,Kelud,152.2
-8.75,111.25,21.7,0.0,0.0,Kelud,147.9
-8.75,111.3,24.1,0.0,0.0,Kelud,143.6
-8.75,111.35,26.7,0.0,0.0,Kelud,139.4
-8.75,111.4,29.7,0.0,0.0,Kelud,135.3
-8.75,111.45,32.8,0.0,0.0,Kelud,131.2
-8.75,111.5,36.3,0.0,0.0,Kelud,127.3
-8.75,111.55,40.0,0.0,0.0,Kelud,123.6
-8.75,111.6,43.9,0.0,0.0,Kelud,119.9
-8.75,111.65,48.1,0.0,0.0,Kelud,116.4
-8.75,111.7,52.6,0.0,0.0,Kelud,113.1
-8.75,111.75,57.2,0.0,0.0,Kelud,109.9
-8.75,111.8,62.0,0.0,0.0,Kelud,106.9
-8.75,111.85,66.9,0.0,0.0,Kelud,104.2
-8.75,111.9,71.9,0.1,0.0,Kelud,101.6
-8.75,111.95,76.7,0.1,0.0,Kelud,99.3
-8.75,112.0,81.3,0.2,0.0,Kelud,97.3
-8.75,112.05,85.7,0.2,0.0,Kelud,95.5
-8.75,112.1,89.6,0.2,0.0,Kelud,94.0
-8.75,112.15,93.0,0.2,0.0,Kelud,92.8
-8.75,112.2,95.9,0.3,0.0,Kelud,92.0
-8.75,112.25,98.0,0.3,0.0,Kelud,91.4
-8.75,112.3,99.4,0.3,0.0,Kelud,91.2
-8.75,112.35,100.0,0.3,0.0,Kelud,91.3
-8.75,112.4,99.9,0.3,0.0,Semeru,91.6
-8.75,112.45,99.1,0.2,0.0,Semeru,88.3
-8.75,112.5,97.6,0.2,0.0,Semeru,85.2
-8.75,112.55,95.6,0.2,0.0,Semeru,82.3
-8.75,112.6,93.1,0.2,0.0,Semeru,79.7
-8.75,112.65,90.1,0.1,0.0,Semeru,77.4
-8.75,112.7,86.8,0.1,0.0,Semeru,75.4
-8.75,112.75,83.1,0.0,0.0,Semeru,73.9
-8.75,112.8,79.2,0.0,0.0,Semeru,72.6
-8.75,112.85,75.2,0.0,0.0,Semeru,71.8
-8.75,112.9,70.9,0.0,0.0,Semeru,71.4
-8.75,112.95,66.5,0.0,0.0,Semeru,71.5
-8.75,113.0,62.0,0.0,0.0,Semeru,71.9
-8.75,113.05,57.5,0.0,0.0,Semeru,72.8
-8.75,113.1,52.9,0.0,0.0,Semeru,74.0
-8.75,113.15,48.4,0.0,0.0,Semeru,75.7
-8.75,113.2,44.1,0.0,0.0,Semeru,77.7
-8.75,113.25,39.9,0.0,0.0,Semeru,80.0
-8.75,113.3,35.9,0.0,0.0,Semeru,82.6
-8.75,113.35,32.2,0.0,0.0,Semeru,85.5
-8.75,113.4,28.7,0.0,0.0,Lamongan,86.2
-8.75,113.45,25.6,0.0,0.0,Lamongan,86.8
-8.75,113.5,22.7,0.0,0.0,Lamongan,87.7
-8.75,113.55,20.1,0.0,0.0,Raung,88.1
-8.75,113.6,17.8,0.0,0.0,Raung,84.8
-8.75,113.65,15.7,0.0,0.0,Raung,81.8
-8.75,113.7,13.8,0.0,0.0,Raung,79.0
-8.75,113.75,12.2,0.0,0.0,Raung,76.6
-8.75,113.8,10.7,0.0,0.0,Raung,74.4
-8.75,113.85,9.5,0.0,0.0,Raung,72.6
-8.75,113.9,8.3,0.0,0.0,Raung,71.2
-8.75,113.95,7.3,0.0,0.0,Raung,70.2
-8.75,114.0,6.4,0.0,0.0,Raung,69.7
-8.75,114.05,5.7,0.0,0.0,Raung,69.5
-8.75,114.1,5.0,0.0,0.0,Raung,69.8
-8.75,114.15,4.4,0.0,0.0,Raung,70.5
-8.75,114.2,3.9,0.0,0.0,Raung,71.6
-8.75,114.25,3.4,0.0,0.0,Raung,73.2
-8.75,114.3,3.0,0.0,0.0,Raung,75.1
-8.75,114.35,2.6,0.0,0.0,Raung,77.3
-8.75,114.4,2.3,0.0,0.0,Ijen,78.9
-8.75,114.45,2.0,0.0,0.0,Ijen,80.3
-8.75,114.5,1.8,0.0,0.0,Ijen,82.0
-8.75,114.55,1.6,0.0,0.0,Ijen,84.1
-8.75,114.6,1.4,0.0,0.0,Ijen,86.4
-8.75,114.65,1.2,0.0,0.0,Ijen,89.1
-8.75,114.7,1.1,0.0,0.0,Ijen,92.0
-8.75,114.75,1.0,0.0,0.0,Ijen,95.1
-8.7,110.5,4.2,0.0,0.0,Kelud,216.6
-8.7,110.55,4.8,0.0,0.0,Kelud,211.5
-8.7,110.6,5.4,0.0,0.0,Kelud,206.5
-8.7,110.65,6.0,0.0,0.0,Kelud,201.5
-8.7,110.7,6.7,0.0,0.0,Kelud,196.5
-8.7,110.75,7.6,0.0,0.0,Kelud,191.6
-8.7,110.8,8.5,0.0,0.0,Kelud,186.7
-8.7,110.85,9.5,0.0,0.0,Kelud,181.8
-8.7,110.9,10.7,0.0,0.0,Kelud,177.0
-8.7,110.95,12.0,0.0,0.0,Kelud,172.2
-8.7,111.0,13.4,0.0,0.0,Kelud,167.5
-8.7,111.05,15.1,0.0,0.0,Kelud,162.8
-8.7,111.1,16.8,0.0,0.0,Kelud,158.1
-8.7,111.15,18.8,0.0,0.0,Kelud,153.5
-8.7,111.2,21.1,0.0,0.0,Kelud,149.0
-8.7,111.25,23.5,0.0,0.0,Kelud,144.5
-8.7,111.3,26.2,0.0,0.0,Kelud,140.1
-8.7,111.35,29.2,0.0,0.0,Kelud,135.8
-8.7,111.4,32.5,0.0,0.0,Kelud,131.6
-8.7,111.45,36.1,0.0,0.0,Kelud,127.4
-8.7,111.5,40.1,0.0,0.0,Kelud,123.4
-8.7,111.55,44.3,0.0,0.0,Kelud,119.5
-8.7,111.6,48.9,0.0,0.0,Kelud,115.8
-8.7,111.65,53.8,0.0,0.0,Kelud,112.1
-8.7,111.7,59.1,0.0,0.0,Kelud,108.7
-8.7,111.75,64.5,0.0,0.0,Kelud,105.4
-8.7,111.8,70.2,0.0,0.0,Kelud,102.2
-8.7,111.85,76.2,0.1,0.0,Kelud,99.3
-8.7,111.9,82.2,0.2,0.0,Kelud,96.7
-8.7,111.95,88.0,0.2,0.0,Kelud,94.2
-8.7,112.0,93.7,0.3,0.0,Kelud,92.1
-8.7,112.05,99.1,0.3,0.0,Kelud,90.2
-8.7,112.1,103.9,0.3,0.0,Kelud,88.6
-8.7,112.15,108.2,0.4,0.0,Kelud,87.4
-8.7,112.2,111.7,0.4,0.0,Kelud,86.4
-8.7,112.25,114.3,0.4,0.0,Kelud,85.9
-8.7,112.3,116.1,0.4,0.0,Kelud,85.6
-8.7,112.35,116.9,0.4,0.0,Kelud,85.7
-8.7,112.4,116.7,0.4,0.0,Kelud,86.2
-8.7,112.45,115.7,0.4,0.0,Semeru,83.8
-8.7,112.5,113.9,0.4,0.0,Semeru,80.5
-8.7,112.55,111.4,0.3,0.0,Semeru,77.5
-8.7,112.6,108.3,0.3,0.0,Semeru,74.8
-8.7,112.65,104.8,0.2,0.0,Semeru,72.3
-8.7,112.7,100.8,0.2,0.0,Semeru,70.2
-8.7,112.75,96.5,0.2,0.0,Semeru,68.5
-8.7,112.8,92.0,0.1,0.0,Semeru,67.2
-8.7,112.85,87.1,0.0,0.0,Semeru,66.3
-8.7,112.9,82.1,0.0,0.0,Semeru,65.9
-8.7,112.95,76.9,0.0,0.0,Semeru,65.9
-8.7,113.0,71.6,0.0,0.0,Semeru,66.4
-8.7,113.05,66.2,0.0,0.0,Semeru,67.3
-8.7,113.1,60.8,0.0,0.0,Semeru,68.7
-8.7,113.15,55.4,0.0,0.0,Semeru,70.4
-8.7,113.2,50.2,0.0,0.0,Semeru,72.6
-8.7,113.25,45.3,0.0,0.0,Semeru,75.1
-8.7,113.3,40.6,0.0,0.0,Semeru,77.9
-8.7,113.35,36.2,0.0,0.0,Lamongan,80.4
-8.7,113.4,32.2,0.0,0.0,Lamongan,80.6
-8.7,113.45,28.5,0.0,0.0,Lamongan,81.3
-8.7,113.5,25.2,0.0,0.0,Lamongan,82.2
-8.7,113.55,22.2,0.0,0.0,Lamongan,83.6
-8.7,113.6,19.5,0.0,0.0,Raung,80.3
-8.7,113.65,17.1,0.0,0.0,Raung,77.1
-8.7,113.7,15.1,0.0,0.0,Raung,74.2
-8.7,113.75,13.2,0.0,0.0,Raung,71.6
-8.7,113.8,11.6,0.0,0.0,Raung,69.3
-8.7,113.85,10.2,0.0,0.0,Raung,67.3
-8.7,113.9,8.9,0.0,0.0,Raung,65.8
-8.7,113.95,7.8,0.0,0.0,Raung,64.7
-8.7,114.0,6.9,0.0,0.0,Raung,64.1
-8.7,114.05,6.0,0.0,0.0,Raung,63.9
-8.7,114.1,5.3,0.0,0.0,Raung,64.3
-8.7,114.15,4.7,0.0,0.0,Raung,65.0
-8.7,114.2,4.1,0.0,0.0,Raung,66.3
-8.7,114.25,3.6,0.0,0.0,Raung,67.9
-8.7,114.3,3.2,0.0,0.0,Raung,70.0
-8.7,114.35,2.7,0.0,0.0,Raung,72.4
-8.7,114.4,2.4,0.0,0.0,Ijen,73.5
-8.7,114.45,2.1,0.0,0.0,Ijen,75.0
-8.7,114.5,1.9,0.0,0.0,Ijen,76.8
-8.7,114.55,1.7,0.0,0.0,Ijen,79.0
-8.7,114.6,1.5,0.0,0.0,Ijen,81.5
-8.7,114.65,1.3,0.0,0.0,Ijen,84.3
-8.7,114.7,1.1,0.0,0.0,Ijen,87.4
-8.7,114.75,1.0,0.0,0.0,Ijen,90.7
-8.65,110.5,4.5,0.0,0.0,Kelud,214.4
-8.65,110.55,5.0,0.0,0.0,Kelud,209.3
-8.65,110.6,5.6,0.0,0.0,Kelud,204.3
-8.65,110.65,6.3,0.0,0.0,Kelud,199.2
-8.65,110.7,7.1,0.0,0.0,Kelud,194.2
-8.65,110.75,8.0,0.0,0.0,Kelud,189.2
-8.65,110.8,9.0,0.0,0.0,Kelud,184.2
-8.65,110.85,10.1,0.0,0.0,Kelud,179.3
-8.65,110.9,11.4,0.0,0.0,Kelud,174.4
-8.65,110.95,12.8,0.0,0.0,Kelud,169.5
-8.65,111.0,14.4,0.0,0.0,Kelud,164.7
-8.65,111.05,16.1,0.0,0.0,Kelud,159.9
-8.65,111.1,18.1,0.0,0.0,Kelud,155.2
-8.65,111.15,20.3,0.0,0.0,Kelud,150.5
-8.65,111.2,22.7,0.0,0.0,Kelud,145.9
-8.65,111.25,25.5,0.0,0.0,Kelud,141.3
-8.65,111.3,28.5,0.0,0.0,Kelud,136.8
-8.65,111.35,31.9,0.0,0.0,Kelud,132.4
-8.65,111.4,35.6,0.0,0.0,Kelud,128.0
-8.65,111.45,39.7,0.0,0.0,Kelud,123.8
-8.65,111.5,44.2,0.0,0.0,Kelud,119.6
-8.65,111.55,49.1,0.0,0.0,Kelud,115.6
-8.65,111.6,54.4,0.0,0.0,Kelud,111.7
-8.65,111.65,60.1,0.0,0.0,Kelud,107.9
-8.65,111.7,66.2,0.0,0.0,Kelud,104.3
-8.65,111.75,72.8,0.1,0.0,Kelud,100.9
-8.65,111.8,79.7,0.2,0.0,Kelud,97.6
-8.65,111.85,86.7,0.2,0.0,Kelud,94.6
-8.65,111.9,93.9,0.3,0.0,Kelud,91.8
-8.65,111.95,101.1,0.3,0.0,Kelud,89.2
-8.65,112.0,108.0,0.4,0.0,Kelud,86.9
-8.65,112.05,114.7,0.5,0.0,Kelud,84.9
-8.65,112.1,120.7,0.5,0.0,Kelud,83.3
-8.65,112.15,126.0,0.6,0.0,Kelud,81.9
-8.65,112.2,130.4,0.6,0.0,Kelud,80.9
-8.65,112.25,133.7,0.7,0.0,Kelud,80.3
-8.65,112.3,135.8,0.7,0.0,Kelud,80.1
-8.65,112.35,136.8,0.7,0.0,Kelud,80.2
-8.65,112.4,136.6,0.7,0.0,Kelud,80.7
-8.65,112.45,135.2,0.6,0.0,Semeru,79.6
-8.65,112.5,132.9,0.6,0.0,Semeru,76.1
-8.65,112.55,129.9,0.5,0.0,Semeru,72.8
-8.65,112.6,126.1,0.4,0.0,Semeru,69.9
-8.65,112.65,121.8,0.3,0.0,Semeru,67.3
-8.65,112.7,117.2,0.3,0.0,Semeru,65.0
-8.65,112.75,112.1,0.2,0.1,Semeru,63.2
-8.65,112.8,106.8,0.2,0.1,Semeru,61.7
-8.65,112.85,101.2,0.1,0.1,Semeru,60.8
-8.65,112.9,95.2,0.0,0.1,Semeru,60.3
-8.65,112.95,89.1,0.0,0.1,Semeru,60.3
-8.65,113.0,82.7,0.0,0.1,Semeru,60.9
-8.65,113.05,76.3,0.0,0.1,Semeru,61.9
-8.65,113.1,69.8,0.0,0.1,Semeru,63.4
-8.65,113.15,63.4,0.0,0.1,Semeru,65.3
-8.65,113.2,57.2,0.0,0.0,Semeru,67.6
-8.65,113.25,51.3,0.0,0.0,Semeru,70.2
-8.65,113.3,45.8,0.0,0.0,Semeru,73.2
-8.65,113.35,40.6,0.0,0.0,Lamongan,74.8
-8.65,113.4,35.9,0.0,0.0,Lamongan,75.1
-8.65,113.45,31.7,0.0,0.0,Lamongan,75.8
-8.65,113.5,27.8,0.0,0.0,Lamongan,76.8
-8.65,113.55,24.4,0.0,0.0,Lamongan,78.2
-8.65,113.6,21.4,0.0,0.0,Raung,76.0
-8.65,113.65,18.7,0.0,0.0,Raung,72.6
-8.65,113.7,16.3,0.0,0.0,Raung,69.5
-8.65,113.75,14.3,0.0,0.0,Raung,66.6
-8.65,113.8,12.5,0.0,0.0,Raung,64.2
-8.65,113.85,10.9,0.0,0.0,Raung,62.1
-8.65,113.9,9.6,0.0,0.0,Raung,60.4
-8.65,113.95,8.4,0.0,0.0,Raung,59.2
-8.65,114.0,7.3,0.0,0.0,Raung,58.6
-8.65,114.05,6.4,0.0,0.0,Raung,58.4
-8.65,114.1,5.6,0.0,0.0,Raung,58.7
-8.65,114.15,4.9,0.0,0.0,Raung,59.6
-8.65,114.2,4.3,0.0,0.0,Raung,60.9
-8.65,114.25,3.8,0.0,0.0,Raung,62.7
-8.65,114.3,3.3,0.0,0.0,Raung,64.9
-8.65,114.35,2.9,0.0,0.0,Ijen,66.9
-8.65,114.4,2.5,0.0,0.0,Ijen,68.1
-8.65,114.45,2.2,0.0,0.0,Ijen,69.7
-8.65,114.5,2.0,0.0,0.0,Ijen,71.7
-8.65,114.55,1.7,0.0,0.0,Ijen,74.0
-8.65,114.6,1.5,0.0,0.0,Ijen,76.7
-8.65,114.65,1.3,0.0,0.0,Ijen,79.7
-8.65,114.7,1.2,0.0,0.0,Ijen,82.9
-8.65,114.75,1.1,0.0,0.0,Ijen,86.4
-8.6,110.5,4.7,0.0,0.0,Kelud,212.4
-8.6,110.55,5.3,0.0,0.0,Kelud,207.3
-8.6,110.6,5.9,0.0,0.0,Kelud,202.2
-8.6,110.65,6.7,0.0,0.0,Kelud,197.1
-8.6,110.7,7.5,0.0,0.0,Kelud,192.0
-8.6,110.75,8.4,0.0,0.0,Kelud,186.9
-8.6,110.8,9.5,0.0,0.0,Kelud,181.9
-8.6,110.85,10.7,0.0,0.0,Kelud,176.9
-8.6,110.9,12.1,0.0,0.0,Kelud,171.9
-8.6,110.95,13.6,0.0,0.0,Kelud,167.0
-8.6,111.0,15.3,0.0,0.0,Kelud,162.1
-8.6,111.05,17.2,0.0,0.0,Kelud,157.2
-8.6,111.1,19.4,0.0,0.0,Kelud,152.4
-8.6,111.15,21.8,0.0,0.0,Kelud,147.6
-8.6,111.2,24.5,0.0,0.0,Kelud,142.9
-8.6,111.25,27.5,0.0,0.0,Kelud,138.2
-8.6,111.3,30.9,0.0,0.0,Kelud,133.6
-8.6,111.35,34.6,0.0,0.0,Kelud,129.1
-8.6,111.4,38.8,0.0,0.0,Kelud,124.6
-8.6,111.45,43.4,0.0,0.0,Kelud,120.3
-8.6,111.5,48.5,0.0,0.0,Kelud,116.0
-8.6,111.55,54.1,0.0,0.0,Kelud,111.8
-8.6,111.6,60.2,0.0,0.0,Kelud,107.8
-8.6,111.65,66.9,0.0,0.0,Kelud,103.9
-8.6,111.7,74.2,0.1,0.0,Kelud,100.1
-8.6,111.75,81.9,0.2,0.0,Kelud,96.5
-8.6,111.8,90.1,0.2,0.0,Kelud,93.1
-8.6,111.85,98.5,0.3,0.0,Kelud,89.9
-8.6,111.9,107.2,0.4,0.0,Kelud,87.0
-8.6,111.95,116.0,0.5,0.0,Kelud,84.3
-8.6,112.0,124.6,0.6,0.0,Kelud,81.8
-8.6,112.05,132.8,0.7,0.0,Kelud,79.7
-8.6,112.1,140.4,0.8,0.0,Kelud,77.9
-8.6,112.15,147.1,0.9,0.0,Kelud,76.5
-8.6,112.2,152.5,1.0,0.0,Kelud,75.4
-8.6,112.25,156.7,1.1,0.0,Kelud,74.8
-8.6,112.3,159.3,1.1,0.0,Kelud,74.5
-8.6,112.35,160.4,1.1,0.0,Kelud,74.6
-8.6,112.4,160.0,1.0,0.0,Kelud,75.2
-8.6,112.45,158.3,1.0,0.0,Semeru,75.4
-8.6,112.5,155.4,0.9,0.0,Semeru,71.8
-8.6,112.55,151.5,0.8,0.0,Semeru,68.3
-8.6,112.6,146.9,0.6,0.1,Semeru,65.2
-8.6,112.65,141.7,0.5,0.1,Semeru,62.4
-8.6,112.7,136.2,0.4,0.1,Semeru,59.9
-8.6,112.75,130.3,0.3,0.1,Semeru,57.9
-8.6,112.8,124.1,0.3,0.1,Semeru,56.3
-8.6,112.85,117.6,0.2,0.1,Semeru,55.3
-8.6,112.9,110.7,0.1,0.1,Semeru,54.8
-8.6,112.95,103.4,0.0,0.1,Semeru,54.8
-8.6,113.0,95.9,0.0,0.1,Semeru,55.4
-8.6,113.05,88.1,0.0,0.1,Semeru,56.5
-8.6,113.1,80.4,0.0,0.1,Semeru,58.1
-8.6,113.15,72.7,0.0,0.1,Semeru,60.2
-8.6,113.2,65.2,0.0,0.1,Semeru,62.7
-8.6,113.25,58.2,0.0,0.1,Semeru,65.5
-8.6,113.3,51.6,0.0,0.1,Semeru,68.7
-8.6,113.35,45.5,0.0,0.0,Lamongan,69.3
-8.6,113.4,40.0,0.0,0.0,Lamongan,69.6
-8.6,113.45,35.1,0.0,0.0,Lamongan,70.3
-8.6,113.5,30.7,0.0,0.0,Lamongan,71.4
-8.6,113.55,26.8,0.0,0.0,Lamongan,72.9
-8.6,113.6,23.3,0.0,0.0,Raung,71.8
-8.6,113.65,20.3,0.0,0.0,Raung,68.2
-8.6,113.7,17.7,0.0,0.0,Raung,64.8
-8.6,113.75,15.4,0.0,0.0,Raung,61.8
-8.6,113.8,13.4,0.0,0.0,Raung,59.1
-8.6,113.85,11.7,0.0,0.0,Raung,56.9
-8.6,113.9,10.2,0.0,0.0,Raung,55.1
-8.6,113.95,8.9,0.0,0.0,Raung,53.8
-8.6,114.0,7.8,0.0,0.0,Raung,53.0
-8.6,114.05,6.8,0.0,0.0,Raung,52.8
-8.6,114.1,5.9,0.0,0.0,Raung,53.2
-8.6,114.15,5.2,0.0,0.0,Raung,54.1
-8.6,114.2,4.5,0.0,0.0,Raung,55.6
-8.6,114.25,4.0,0.0,0.0,Raung,57.6
-8.6,114.3,3.5,0.0,0.0,Raung,60.0
-8.6,114.35,3.1,0.0,0.0,Ijen,61.4
-8.6,114.4,2.6,0.0,0.0,Ijen,62.7
-8.6,114.45,2.3,0.0,0.0,Ijen,64.5
-8.6,114.5,2.0,0.0,0.0,Ijen,66.6
-8.6,114.55,1.8,0.0,0.0,Ijen,69.1
-8.6,114.6,1.6,0.0,0.0,Ijen,72.0
-8.6,114.65,1.4,0.0,0.0,Ijen,75.1
-8.6,114.7,1.2,0.0,0.0,Ijen,78.6
-8.6,114.75,1.1,0.0,0.0,Ijen,82.2
-8.55,110.5,4.9,0.0,0.0,Kelud,210.6
-8.55,110.55,5.5,0.0,0.0,Kelud,205.4
-8.55,110.6,6.2,0.0,0.0,Kelud,200.2
-8.55,110.65,7.0,0.0,0.0,Kelud,195.0
-8.55,110.7,7.9,0.0,0.0,Kelud,189.9
-8.55,110.75,8.9,0.0,0.0,Kelud,184.8
-8.55,110.8,10.0,0.0,0.0,Kelud,179.7
-8.55,110.85,11.3,0.0,0.0,Kelud,174.6
-8.55,110.9,12.8,0.0,0.0,Kelud,169.6
-8.55,110.95,14.4,0.0,0.0,Kelud,164.6
-8.55,111.0,16.2,0.0,0.0,Kelud,159.6
-8.55,111.05,18.3,0.0,0.0,Kelud,154.7
-8.55,111.1,20.6,0.0,0.0,Kelud,149.7
-8.55,111.15,23.3,0.0,0.0,Kelud,144.9
-8.55,111.2,26.2,0.0,0.0,Kelud,140.1
-8.55,111.25,29.6,0.0,0.0,Kelud,135.3
-8.55,111.3,33.3,0.0,0.0,Kelud,130.6
-8.55,111.35,37.5,0.0,0.0,Kelud,126.0
-8.55,111.4,42.1,0.0,0.0,Kelud,121.4
-8.55,111.45,47.3,0.0,0.0,Kelud,116.9
-8.55,111.5,53.1,0.0,0.0,Kelud,112.5
-8.55,111.55,59.5,0.0,0.0,Kelud,108.2
-8.55,111.6,66.5,0.0,0.0,Kelud,104.0
-8.55,111.65,74.4,0.1,0.0,Kelud,100.0
-8.55,111.7,82.8,0.2,0.0,Kelud,96.1
-8.55,111.75,91.9,0.3,0.0,Kelud,92.3
-8.55,111.8,101.6,0.3,0.0,Kelud,88.8
-8.55,111.85,111.8,0.4,0.0,Kelud,85.4
-8.55,111.9,122.4,0.6,0.0,Kelud,82.3
-8.55,111.95,133.1,0.7,0.0,Kelud,79.4
-8.55,112.0,143.8,0.9,0.0,Kelud,76.8
-8.55,112.05,154.0,1.1,0.0,Kelud,74.6
-8.55,112.1,163.5,1.3,0.0,Kelud,72.6
-8.55,112.15,171.9,1.5,0.0,Kelud,71.1
-8.55,112.2,178.8,1.6,0.0,Kelud,70.0
-8.55,112.25,184.0,1.7,0.0,Kelud,69.2
-8.55,112.3,187.3,1.8,0.0,Kelud,68.9
-8.55,112.35,188.6,1.7,0.0,Kelud,69.1
-8.55,112.4,187.9,1.7,0.0,Kelud,69.7
-8.55,112.45,185.6,1.5,0.0,Kelud,70.7
-8.55,112.5,181.7,1.4,0.0,Semeru,67.6
-8.55,112.55,176.8,1.2,0.1,Semeru,64.0
-8.55,112.6,171.1,1.0,0.1,Semeru,60.6
-8.55,112.65,164.9,0.8,0.1,Semeru,57.5
-8.55,112.7,158.3,0.6,0.1,Semeru,54.9
-8.55,112.75,151.5,0.5,0.1,Semeru,52.7
-8.55,112.8,144.4,0.4,0.2,Semeru,50.9
-8.55,112.85,136.9,0.3,0.2,Semeru,49.8
-8.55,112.9,128.9,0.2,0.2,Semeru,49.2
-8.55,112.95,120.4,0.1,0.2,Semeru,49.2
-8.55,113.0,111.3,0.0,0.2,Semeru,49.9
-8.55,113.05,102.0,0.0,0.2,Semeru,51.1
-8.55,113.1,92.6,0.0,0.2,Semeru,52.9
-8.55,113.15,83.3,0.0,0.1,Semeru,55.2
-8.55,113.2,74.3,0.0,0.1,Semeru,57.9
-8.55,113.25,65.8,0.0,0.1,Semeru,61.0
-8.55,113.3,58.0,0.0,0.1,Lamongan,63.9
-8.55,113.35,50.8,0.0,0.1,Lamongan,63.7
-8.55,113.4,44.4,0.0,0.0,Lamongan,64.0
-8.55,113.45,38.7,0.0,0.0,Lamongan,64.8
-8.55,113.5,33.6,0.0,0.0,Lamongan,66.0
-8.55,113.55,29.2,0.0,0.0,Lamongan,67.7
-8.55,113.6,25.3,0.0,0.0,Raung,67.8
-8.55,113.65,21.9,0.0,0.0,Raung,64.0
-8.55,113.7,19.0,0.0,0.0,Raung,60.4
-8.55,113.75,16.5,0.0,0.0,Raung,57.1
-8.55,113.8,14.3,0.0,0.0,Raung,54.2
-8.55,113.85,12.5,0.0,0.0,Raung,51.8
-8.55,113.9,10.8,0.0,0.0,Raung,49.8
-8.55,113.95,9.4,0.0,0.0,Raung,48.3
-8.55,114.0,8.2,0.0,0.0,Raung,47.5
-8.55,114.05,7.1,0.0,0.0,Raung,47.3
-8.55,114.1,6.2,0.0,0.0,Raung,47.7
-8.55,114.15,5.4,0.0,0.0,Raung,48.7
-8.55,114.2,4.8,0.0,0.0,Raung,50.4
-8.55,114.25,4.2,0.0,0.0,Raung,52.5
-8.55,114.3,3.6,0.0,0.0,Ijen,55.1
-8.55,114.35,3.2,0.0,0.0,Ijen,56.0
-8.55,114.4,2.8,0.0,0.0,Ijen,57.4
-8.55,114.45,2.4,0.0,0.0,Ijen,59.3
-8.55,114.5,2.1,0.0,0.0,Ijen,61.6
-8.55,114.55,1.9,0.0,0.0,Ijen,64.4
-8.55,114.6,1.6,0.0,0.0,Ijen,67.4
-8.55,114.65,1.4,0.0,0.0,Ijen,70.8
-8.55,114.7,1.3,0.0,0.0,Ijen,74.4
-8.55,114.75,1.1,0.0,0.0,Ijen,78.2
-8.5,110.5,5.1,0.0,0.0,Kelud,208.8
-8.5,110.55,5.7,0.0,0.0,Kelud,203.6
-8.5,110.6,6.5,0.0,0.0,Kelud,198.4
-8.5,110.65,7.3,0.0,0.0,Kelud,193.2
-8.5,110.7,8.2,0.0,0.0,Kelud,188.0
-8.5,110.75,9.3,0.0,0.0,Kelud,182.8
-8.5,110.8,10.5,0.0,0.0,Kelud,177.7
-8.5,110.85,11.9,0.0,0.0,Kelud,172.5
-8.5,110.9,13.4,0.0,0.0,Kelud,167.4
-8.5,110.95,15.2,0.0,0.0,Kelud,162.3
-8.5,111.0,17.2,0.0,0.0,Kelud,157.3
-8.5,111.05,19.4,0.0,0.0,Kelud,152.3
-8.5,111.1,21.9,0.0,0.0,Kelud,147.3
-8.5,111.15,24.8,0.0,0.0,Kelud,142.3
-8.5,111.2,28.0,0.0,0.0,Kelud,137.4
-8.5,111.25,31.7,0.0,0.0,Kelud,132.6
-8.5,111.3,35.8,0.0,0.0,Kelud,127.8
-8.5,111.35,40.4,0.0,0.0,Kelud,123.0
-8.5,111.4,45.6,0.0,0.0,Kelud,118.3
-8.5,111.45,51.4,0.0,0.0,Kelud,113.7
-8.5,111.5,57.9,0.0,0.0,Kelud,109.2
-8.5,111.55,65.2,0.0,0.0,Kelud,104.8
-8.5,111.6,73.4,0.1,0.0,Kelud,100.4
-8.5,111.65,82.4,0.2,0.0,Kelud,96.2
-8.5,111.7,92.2,0.3,0.0,Kelud,92.2
-8.5,111.75,102.9,0.4,0.0,Kelud,88.3
-8.5,111.8,114.4,0.5,0.0,Kelud,84.5
-8.5,111.85,126.6,0.6,0.0,Kelud,81.0
-8.5,111.9,139.5,0.8,0.0,Kelud,77.7
-8.5,111.95,152.6,1.1,0.0,Kelud,74.6
-8.5,112.0,165.8,1.4,0.0,Kelud,71.9
-8.5,112.05,178.7,1.7,0.0,Kelud,69.5
-8.5,112.1,190.7,2.0,0.0,Kelud,67.4
-8.5,112.15,201.4,2.3,0.0,Kelud,65.7
-8.5,112.2,210.2,2.5,0.0,Kelud,64.5
-8.5,112.25,216.8,2.7,0.0,Kelud,63.7
-8.5,112.3,220.9,2.8,0.0,Kelud,63.4
-8.5,112.35,222.3,2.8,0.0,Kelud,63.5
-8.5,112.4,221.2,2.6,0.0,Kelud,64.2
-8.5,112.45,217.8,2.4,0.0,Kelud,65.3
-8.5,112.5,212.7,2.1,0.1,Semeru,63.7
-8.5,112.55,206.4,1.8,0.1,Semeru,59.8
-8.5,112.6,199.2,1.5,0.1,Semeru,56.2
-8.5,112.65,191.7,1.2,0.1,Semeru,52.9
-8.5,112.7,184.0,0.9,0.2,Semeru,50.0
-8.5,112.75,176.2,0.7,0.2,Semeru,47.5
-8.5,112.8,168.1,0.5,0.2,Semeru,45.6
-8.5,112.85,159.6,0.4,0.3,Semeru,44.3
-8.5,112.9,150.4,0.3,0.3,Semeru,43.7
-8.5,112.95,140.5,0.2,0.3,Semeru,43.7
-8.5,113.0,129.8,0.1,0.3,Semeru,44.4
-8.5,113.05,118.3,0.0,0.3,Semeru,45.8
-8.5,113.1,106.9,0.0,0.2,Semeru,47.8
-8.5,113.15,95.5,0.0,0.2,Semeru,50.3
-8.5,113.2,84.6,0.0,0.2,Semeru,53.3
-8.5,113.25,74.4,0.0,0.1,Semeru,56.6
-8.5,113.3,65.0,0.0,0.1,Lamongan,58.3
-8.5,113.35,56.6,0.0,0.1,Lamongan,58.2
-8.5,113.4,49.1,0.0,0.1,Lamongan,58.5
-8.5,113.45,42.5,0.0,0.0,Lamongan,59.3
-8.5,113.5,36.8,0.0,0.0,Lamongan,60.7
-8.5,113.55,31.8,0.0,0.0,Lamongan,62.5
-8.5,113.6,27.4,0.0,0.0,Raung,64.1
-8.5,113.65,23.7,0.0,0.0,Raung,60.0
-8.5,113.7,20.4,0.0,0.0,Raung,56.2
-8.5,113.75,17.6,0.0,0.0,Raung,52.6
-8.5,113.8,15.3,0.0,0.0,Raung,49.5
-8.5,113.85,13.2,0.0,0.0,Raung,46.7
-8.5,113.9,11.5,0.0,0.0,Raung,44.5
-8.5,113.95,9.9,0.0,0.0,Raung,42.9
-8.5,114.0,8.6,0.0,0.0,Raung,42.0
-8.5,114.05,7.5,0.0,0.0,Raung,41.7
-8.5,114.1,6.5,0.0,0.0,Raung,42.2
-8.5,114.15,5.7,0.0,0.0,Raung,43.4
-8.5,114.2,5.0,0.0,0.0,Raung,45.2
-8.5,114.25,4.3,0.0,0.0,Raung,47.6
-8.5,114.3,3.8,0.0,0.0,Ijen,49.6
-8.5,114.35,3.3,0.0,0.0,Ijen,50.6
-8.5,114.4,2.9,0.0,0.0,Ijen,52.1
-8.5,114.45,2.5,0.0,0.0,Ijen,54.2
-8.5,114.5,2.2,0.0,0.0,Ijen,56.8
-8.5,114.55,1.9,0.0,0.0,Ijen,59.7
-8.5,114.6,1.7,0.0,0.0,Ijen,63.0
-8.5,114.65,1.5,0.0,0.0,Ijen,66.6
-8.5,114.7,1.3,0.0,0.0,Ijen,70.4
-8.5,114.75,1.2,0.0,0.0,Ijen,74.4
-8.45,110.5,5.3,0.0,0.0,Kelud,207.2
-8.45,110.55,5.9,0.0,0.0,Kelud,201.9
-8.45,110.6,6.7,0.0,0.0,Kelud,196.7
-8.45,110.65,7.6,0.0,0.0,Kelud,191.4
-8.45,110.7,8.6,0.0,0.0,Kelud,186.2
-8.45,110.75,9.7,0.0,0.0,Kelud,181.0
-8.45,110.8,11.0,0.0,0.0,Kelud,175.8
-8.45,110.85,12.5,0.0,0.0,Kelud,170.6
-8.45,110.9,14.1,0.0,0.0,Kelud,165.4
-8.45,110.95,16.0,0.0,0.0,Kelud,160.3
-8.45,111.0,18.1,0.0,0.0,Kelud,155.1
-8.45,111.05,20.5,0.0,0.0,Kelud,150.0
-8.45,111.1,23.2,0.0,0.0,Kelud,145.0
-8.45,111.15,26.3,0.0,0.0,Kelud,140.0
-8.45,111.2,29.8,0.0,0.0,Kelud,135.0
-8.45,111.25,33.8,0.0,0.0,Kelud,130.0
-8.45,111.3,38.3,0.0,0.0,Kelud,125.1
-8.45,111.35,43.4,0.0,0.0,Kelud,120.3
-8.45,111.4,49.1,0.0,0.0,Kelud,115.5
-8.45,111.45,55.6,0.0,0.0,Kelud,110.7
-8.45,111.5,62.9,0.0,0.0,Kelud,106.1
-8.45,111.55,71.3,0.1,0.0,Kelud,101.5
-8.45,111.6,80.5,0.2,0.0,Kelud,97.0
-8.45,111.65,90.8,0.2,0.0,Kelud,92.7
-8.45,111.7,102.2,0.3,0.0,Kelud,88.4
-8.45,111.75,114.7,0.5,0.0,Kelud,84.4
-8.45,111.8,128.3,0.7,0.0,Kelud,80.4
-8.45,111.85,143.0,0.9,0.0,Kelud,76.7
-8.45,111.9,158.6,1.2,0.0,Kelud,73.2
-8.45,111.95,174.8,1.6,0.0,Kelud,70.0
-8.45,112.0,191.2,2.1,0.0,Kelud,67.0
-8.45,112.05,207.4,2.6,0.0,Kelud,64.4
-8.45,112.1,222.7,3.1,0.0,Kelud,62.2
-8.45,112.15,236.4,3.6,0.0,Kelud,60.4
-8.45,112.2,247.8,4.0,0.0,Kelud,59.0
-8.45,112.25,256.2,4.3,0.0,Kelud,58.2
-8.45,112.3,261.2,4.4,0.0,Kelud,57.8
-8.45,112.35,262.7,4.4,0.0,Kelud,58.0
-8.45,112.4,260.8,4.1,0.1,Kelud,58.7
-8.45,112.45,256.1,3.7,0.1,Kelud,59.9
-8.45,112.5,249.2,3.3,0.1,Semeru,60.0
-8.45,112.55,240.8,2.7,0.1,Semeru,55.9
-8.45,112.6,231.8,2.2,0.2,Semeru,52.0
-8.45,112.65,222.5,1.8,0.2,Semeru,48.4
-8.45,112.7,213.5,1.3,0.3,Semeru,45.2
-8.45,112.75,204.7,1.0,0.3,Semeru,42.5
-8.45,112.8,195.8,0.7,0.4,Semeru,40.3
-8.45,112.85,186.5,0.5,0.4,Semeru,38.8
-8.45,112.9,176.1,0.4,0.4,Semeru,38.1
-8.45,112.95,164.5,0.3,0.5,Semeru,38.2
-8.45,113.0,151.6,0.2,0.4,Semeru,39.0
-8.45,113.05,137.8,0.1,0.4,Semeru,40.6
-8.45,113.1,123.4,0.0,0.4,Semeru,42.8
-8.45,113.15,109.4,0.0,0.3,Semeru,45.6
-8.45,113.2,96.1,0.0,0.3,Semeru,48.8
-8.45,113.25,83.8,0.0,0.2,Semeru,52.4
-8.45,113.3,72.7,0.0,0.2,Lamongan,52.8
-8.45,113.35,62.8,0.0,0.1,Lamongan,52.6
-8.45,113.4,54.1,0.0,0.1,Lamongan,53.0
-8.45,113.45,46.5,0.0,0.1,Lamongan,53.9
-8.45,113.5,40.0,0.0,0.1,Lamongan,55.4
-8.45,113.55,34.3,0.0,0.0,Lamongan,57.3
-8.45,113.6,29.5,0.0,0.0,Lamongan,59.7
-8.45,113.65,25.3,0.0,0.0,Raung,56.3
-8.45,113.7,21.8,0.0,0.0,Raung,52.2
-8.45,113.75,18.7,0.0,0.0,Raung,48.4
-8.45,113.8,16.2,0.0,0.0,Raung,44.9
-8.45,113.85,13.9,0.0,0.0,Raung,41.9
-8.45,113.9,12.1,0.0,0.0,Raung,39.4
-8.45,113.95,10.4,0.0,0.0,Raung,37.5
-8.45,114.0,9.1,0.0,0.0,Raung,36.4
-8.45,114.05,7.9,0.0,0.0,Raung,36.1
-8.45,114.1,6.8,0.0,0.0,Raung,36.7
-8.45,114.15,5.9,0.0,0.0,Raung,38.0
-8.45,114.2,5.2,0.0,0.0,Raung,40.1
-8.45,114.25,4.5,0.0,0.0,Raung,42.8
-8.45,114.3,3.9,0.0,0.0,Ijen,44.1
-8.45,114.35,3.4,0.0,0.0,Ijen,45.2
-8.45,114.4,3.0,0.0,0.0,Ijen,46.9
-8.45,114.45,2.6,0.0,0.0,Ijen,49.2
-8.45,114.5,2.3,0.0,0.0,Ijen,52.0
-8.45,114.55,2.0,0.0,0.0,Ijen,55.2
-8.45,114.6,1.7,0.0,0.0,Ijen,58.8
-8.45,114.65,1.5,0.0,0.0,Ijen,62.6
-8.45,114.7,1.4,0.0,0.0,Ijen,66.6
-8.45,114.75,1.2,0.0,0.0,Ijen,70.9
-8.4,110.5,5.4,0.0,0.0,Kelud,205.7
-8.4,110.55,6.2,0.0,0.0,Kelud,200.4
-8.4,110.6,7.0,0.0,0.0,Kelud,195.1
-8.4,110.65,7.9,0.0,0.0,Kelud,189.8
-8.4,110.7,8.9,0.0,0.0,Kelud,184.5
-8.4,110.75,10.1,0.0,0.0,Kelud,179.3
-8.4,110.8,11.5,0.0,0.0,Kelud,174.0
-8.4,110.85,13.0,0.0,0.0,Kelud,168.8
-8.4,110.9,14.8,0.0,0.0,Kelud,163.5
-8.4,110.95,16.7,0.0,0.0,Kelud,158.3
-8.4,111.0,19.0,0.0,0.0,Kelud,153.2
-8.4,111.05,21.5,0.0,0.0,Kelud,148.0
-8.4,111.1,24.5,0.0,0.0,Kelud,142.9
-8.4,111.15,27.8,0.0,0.0,Kelud,137.8
-8.4,111.2,31.6,0.0,0.0,Kelud,132.7
-8.4,111.25,35.9,0.0,0.0,Kelud,127.6
-8.4,111.3,40.7,0.0,0.0,Kelud,122.6
-8.4,111.35,46.3,0.0,0.0,Kelud,117.7
-8.4,111.4,52.6,0.0,0.0,Kelud,112.8
-8.4,111.45,59.8,0.0,0.0,Kelud,107.9
-8.4,111.5,68.0,0.0,0.0,Kelud,103.2
-8.4,111.55,77.4,0.2,0.0,Kelud,98.4
-8.4,111.6,87.8,0.2,0.0,Kelud,93.8
-8.4,111.65,99.6,0.3,0.0,Kelud,89.3
-8.4,111.7,112.7,0.5,0.0,Kelud,84.9
-8.4,111.75,127.3,0.7,0.0,Kelud,80.6
-8.4,111.8,143.4,0.9,0.0,Kelud,76.5
-8.4,111.85,161.0,1.3,0.0,Kelud,72.6
-8.4,111.9,179.9,1.8,0.0,Kelud,68.9
-8.4,111.95,199.8,2.4,0.0,Kelud,65.5
-8.4,112.0,220.3,3.1,0.0,Kelud,62.3
-8.4,112.05,240.8,3.9,0.0,Kelud,59.5
-8.4,112.1,260.3,4.7,0.0,Kelud,57.1
-8.4,112.15,278.1,5.6,0.0,Kelud,55.1
-8.4,112.2,292.9,6.3,0.0,Kelud,53.6
-8.4,112.25,303.8,6.8,0.0,Kelud,52.7
-8.4,112.3,310.1,7.1,0.0,Kelud,52.3
-8.4,112.35,311.5,6.9,0.0,Kelud,52.5
-8.4,112.4,308.4,6.5,0.1,Kelud,53.2
-8.4,112.45,301.5,5.8,0.1,Kelud,54.5
-8.4,112.5,291.9,5.0,0.1,Kelud,56.4
-8.4,112.55,280.7,4.1,0.2,Semeru,52.2
-8.4,112.6,269.0,3.3,0.2,Semeru,48.1
-8.4,112.65,257.7,2.6,0.3,Semeru,44.2
-8.4,112.7,247.2,1.9,0.4,Semeru,40.6
-8.4,112.75,237.5,1.4,0.5,Semeru,37.6
-8.4,112.8,229.0,1.0,0.6,Semeru,35.1
-8.4,112.85,219.4,0.7,0.7,Semeru,33.4
-8.4,112.9,208.3,0.5,0.7,Semeru,32.6
-8.4,112.95,194.7,0.4,0.7,Semeru,32.6
-8.4,113.0,178.8,0.2,0.7,Semeru,33.6
-8.4,113.05,161.3,0.2,0.7,Semeru,35.4
-8.4,113.1,142.8,0.1,0.6,Semeru,37.9
-8.4,113.15,125.2,0.0,0.5,Semeru,41.0
-8.4,113.2,108.9,0.0,0.4,Semeru,44.6
-8.4,113.25,94.0,0.0,0.3,Lamongan,48.1
-8.4,113.3,80.8,0.0,0.2,Lamongan,47.3
-8.4,113.35,69.2,0.0,0.2,Lamongan,47.0
-8.4,113.4,59.1,0.0,0.1,Lamongan,47.5
-8.4,113.45,50.5,0.0,0.1,Lamongan,48.5
-8.4,113.5,43.1,0.0,0.1,Lamongan,50.1
-8.4,113.55,36.9,0.0,0.0,Lamongan,52.3
-8.4,113.6,31.5,0.0,0.0,Lamongan,54.9
-8.4,113.65,27.0,0.0,0.0,Raung,52.9
-8.4,113.7,23.1,0.0,0.0,Raung,48.5
-8.4,113.75,19.8,0.0,0.0,Raung,44.4
-8.4,113.8,17.0,0.0,0.0,Raung,40.5
-8.4,113.85,14.7,0.0,0.0,Raung,37.2
-8.4,113.9,12.6,0.0,0.0,Raung,34.3
-8.4,113.95,10.9,0.0,0.0,Raung,32.2
-8.4,114.0,9.4,0.0,0.0,Raung,30.9
-8.4,114.05,8.2,0.0,0.0,Raung,30.6
-8.4,114.1,7.1,0.0,0.0,Raung,31.2
-8.4,114.15,6.2,0.0,0.0,Raung,32.8
-8.4,114.2,5.4,0.0,0.0,Raung,35.2
-8.4,114.25,4.7,0.0,0.0,Ijen,38.0
-8.4,114.3,4.1,0.0,0.0,Ijen,38.6
-8.4,114.35,3.6,0.0,0.0,Ijen,39.8
-8.4,114.4,3.1,0.0,0.0,Ijen,41.8
-8.4,114.45,2.7,0.0,0.0,Ijen,44.4
-8.4,114.5,2.3,0.0,0.0,Ijen,47.5
-8.4,114.55,2.0,0.0,0.0,Ijen,50.9
-8.4,114.6,1.8,0.0,0.0,Ijen,54.8
-8.4,114.65,1.6,0.0,0.0,Ijen,58.8
-8.4,114.7,1.4,0.0,0.0,Ijen,63.1
-8.4,114.75,1.2,0.0,0.0,Ijen,67.6
-8.35,110.5,5.6,0.0,0.0,Kelud,204.4
-8.35,110.55,6.4,0.0,0.0,Kelud,199.1
-8.35,110.6,7.2,0.0,0.0,Kelud,193.7
-8.35,110.65,8.2,0.0,0.0,Kelud,188.4
-8.35,110.7,9.3,0.0,0.0,Kelud,183.1
-8.35,110.75,10.5,0.0,0.0,Kelud,177.7
-8.35,110.8,11.9,0.0,0.0,Kelud,172.4
-8.35,110.85,13.5,0.0,0.0,Kelud,167.1
-8.35,110.9,15.4,0.0,0.0,Kelud,161.9
-8.35,110.95,17.4,0.0,0.0,Kelud,156.6
-8.35,111.0,19.8,0.0,0.0,Kelud,151.4
-8.35,111.05,22.5,0.0,0.0,Kelud,146.1
-8.35,111.1,25.7,0.0,0.0,Kelud,140.9
-8.35,111.15,29.2,0.0,0.0,Kelud,135.8
-8.35,111.2,33.2,0.0,0.0,Kelud,130.6
-8.35,111.25,37.9,0.0,0.0,Kelud,125.5
-8.35,111.3,43.2,0.0,0.0,Kelud,120.4
-8.35,111.35,49.2,0.0,0.0,Kelud,115.3
-8.35,111.4,56.1,0.0,0.0,Kelud,110.3
-8.35,111.45,64.0,0.0,0.0,Kelud,105.4
-8.35,111.5,73.2,0.1,0.0,Kelud,100.5
-8.35,111.55,83.5,0.2,0.0,Kelud,95.6
-8.35,111.6,95.3,0.3,0.0,Kelud,90.9
-8.35,111.65,108.6,0.4,0.0,Kelud,86.2
-8.35,111.7,123.7,0.6,0.0,Kelud,81.6
-8.35,111.75,140.6,0.9,0.0,Kelud,77.2
-8.35,111.8,159.5,1.3,0.0,Kelud,72.9
-8.35,111.85,180.4,1.8,0.0,Kelud,68.7
-8.35,111.9,203.2,2.5,0.0,Kelud,64.8
-8.35,111.95,227.7,3.4,0.0,Kelud,61.1
-8.35,112.0,253.3,4.5,0.0,Kelud,57.7
-8.35,112.05,279.3,5.8,0.0,Kelud,54.7
-8.35,112.1,304.6,7.2,0.0,Kelud,52.0
-8.35,112.15,327.8,8.6,0.0,Kelud,49.8
-8.35,112.2,347.4,9.9,0.0,Kelud,48.2
-8.35,112.25,361.7,10.8,0.0,Kelud,47.1
-8.35,112.3,369.7,11.2,0.0,Kelud,46.7
-8.35,112.35,370.9,11.0,0.1,Kelud,46.9
-8.35,112.4,365.8,10.3,0.1,Kelud,47.8
-8.35,112.45,355.6,9.1,0.1,Kelud,49.2
-8.35,112.5,341.9,7.7,0.2,Kelud,51.3
-8.35,112.55,326.5,6.2,0.3,Semeru,49.0
-8.35,112.6,311.2,4.9,0.4,Semeru,44.5
-8.35,112.65,297.2,3.7,0.5,Semeru,40.3
-8.35,112.7,285.7,2.7,0.6,Semeru,36.3
-8.35,112.75,276.1,2.0,0.7,Semeru,32.9
-8.35,112.8,267.9,1.4,0.9,Semeru,30.1
-8.35,112.85,259.4,1.0,1.0,Semeru,28.1
-8.35,112.9,248.3,0.7,1.1,Semeru,27.0
-8.35,112.95,232.6,0.5,1.1,Semeru,27.1
-8.35,113.0,212.4,0.3,1.1,Semeru,28.2
-8.35,113.05,189.5,0.2,1.0,Semeru,30.4
-8.35,113.1,166.0,0.1,0.9,Semeru,33.3
-8.35,113.15,142.9,0.0,0.7,Semeru,36.8
-8.35,113.2,122.7,0.0,0.6,Semeru,40.7
-8.35,113.25,104.8,0.0,0.5,Lamongan,42.7
-8.35,113.3,89.2,0.0,0.4,Lamongan,41.7
-8.35,113.35,75.7,0.0,0.3,Lamongan,41.5
-8.35,113.4,64.2,0.0,0.2,Lamongan,41.9
-8.35,113.45,54.5,0.0,0.1,Lamongan,43.1
-8.35,113.5,46.3,0.0,0.1,Lamongan,44.9
-8.35,113.55,39.3,0.0,0.1,Lamongan,47.3
-8.35,113.6,33.5,0.0,0.0,Lamongan,50.2
-8.35,113.65,28.5,0.0,0.0,Raung,49.9
-8.35,113.7,24.4,0.0,0.0,Raung,45.2
-8.35,113.75,20.9,0.0,0.0,Raung,40.7
-8.35,113.8,17.8,0.0,0.0,Raung,36.5
-8.35,113.85,15.3,0.0,0.0,Raung,32.7
-8.35,113.9,13.2,0.0,0.0,Raung,29.5
-8.35,113.95,11.4,0.0,0.0,Raung,27.0
-8.35,114.0,9.8,0.0,0.0,Raung,25.4
-8.35,114.05,8.5,0.0,0.0,Raung,25.0
-8.35,114.1,7.3,0.0,0.0,Raung,25.8
-8.35,114.15,6.4,0.0,0.0,Raung,27.7
-8.35,114.2,5.5,0.0,0.0,Raung,30.5
-8.35,114.25,4.8,0.0,0.0,Ijen,32.5
-8.35,114.3,4.2,0.0,0.0,Ijen,33.1
-8.35,114.35,3.7,0.0,0.0,Ijen,34.6
-8.35,114.4,3.2,0.0,0.0,Ijen,36.8
-8.35,114.45,2.8,0.0,0.0,Ijen,39.7
-8.35,114.5,2.4,0.0,0.0,Ijen,43.1
-8.35,114.55,2.1,0.0,0.0,Ijen,46.9
-8.35,114.6,1.8,0.0,0.0,Ijen,51.1
-8.35,114.65,1.6,0.0,0.0,Ijen,55.4
-8.35,114.7,1.4,0.0,0.0,Ijen,60.0
-8.35,114.75,1.3,0.0,0.0,Ijen,64.7
-8.3,110.5,5.8,0.0,0.0,Kelud,203.2
-8.3,110.55,6.5,0.0,0.0,Kelud,197.8
-8.3,110.6,7.4,0.0,0.0,Kelud,192.5
-8.3,110.65,8.4,0.0,0.0,Kelud,187.1
-8.3,110.7,9.5,0.0,0.0,Kelud,181.7
-8.3,110.75,10.9,0.0,0.0,Kelud,176.4
-8.3,110.8,12.3,0.0,0.0,Kelud,171.0
-8.3,110.85,14.0,0.0,0.0,Kelud,165.7
-8.3,110.9,15.9,0.0,0.0,Kelud,160.4
-8.3,110.95,18.1,0.0,0.0,Kelud,155.0
-8.3,111.0,20.6,0.0,0.0,Kelud,149.7
-8.3,111.05,23.5,0.0,0.0,Kelud,144.5
-8.3,111.1,26.8,0.0,0.0,Kelud,139.2
-8.3,111.15,30.5,0.0,0.0,Kelud,133.9
-8.3,111.2,34.9,0.0,0.0,Kelud,128.7
-8.3,111.25,39.8,0.0,0.0,Kelud,123.5
-8.3,111.3,45.5,0.0,0.0,Kelud,118.3
-8.3,111.35,52.0,0.0,0.0,Kelud,113.2
-8.3,111.4,59.5,0.0,0.0,Kelud,108.1
-8.3,111.45,68.1,0.0,0.0,Kelud,103.0
-8.3,111.5,78.2,0.2,0.0,Kelud,98.0
-8.3,111.55,89.6,0.2,0.0,Kelud,93.0
-8.3,111.6,102.7,0.4,0.0,Kelud,88.1
-8.3,111.65,117.7,0.5,0.0,Kelud,83.3
-8.3,111.7,134.9,0.8,0.0,Kelud,78.6
-8.3,111.75,154.4,1.2,0.0,Kelud,73.9
-8.3,111.8,176.4,1.7,0.0,Kelud,69.4
-8.3,111.85,201.1,2.4,0.0,Kelud,65.1
-8.3,111.9,228.5,3.4,0.0,Kelud,60.9
-8.3,111.95,258.4,4.8,0.0,Kelud,57.0
-8.3,112.0,290.4,6.5,0.0,Kelud,53.3
-8.3,112.05,323.5,8.5,0.0,Kelud,50.0
-8.3,112.1,356.5,10.9,0.0,Kelud,47.1
-8.3,112.15,387.3,13.3,0.0,Kelud,44.7
-8.3,112.2,413.5,15.5,0.0,Kelud,42.8
-8.3,112.25,432.7,17.1,0.0,Kelud,41.6
-8.3,112.3,443.0,17.8,0.1,Kelud,41.2
-8.3,112.35,443.6,17.5,0.1,Kelud,41.4
-8.3,112.4,435.3,16.1,0.1,Kelud,42.4
-8.3,112.45,419.8,14.0,0.2,Kelud,44.0
-8.3,112.5,400.0,11.7,0.3,Kelud,46.3
-8.3,112.55,378.7,9.3,0.4,Semeru,46.2
-8.3,112.6,358.3,7.1,0.5,Semeru,41.4
-8.3,112.65,340.6,5.3,0.7,Semeru,36.8
-8.3,112.7,328.0,3.8,0.9,Semeru,32.4
-8.3,112.75,319.4,2.7,1.1,Semeru,28.5
-8.3,112.8,314.6,1.9,1.4,Semeru,25.2
-8.3,112.85,310.6,1.3,1.6,Semeru,22.8
-8.3,112.9,302.0,0.9,1.8,Semeru,21.5
-8.3,112.95,283.9,0.6,1.8,Semeru,21.6
-8.3,113.0,256.4,0.4,1.8,Semeru,23.0
-8.3,113.05,224.2,0.3,1.6,Semeru,25.6
-8.3,113.1,192.4,0.2,1.4,Semeru,29.0
-8.3,113.15,163.3,0.1,1.1,Semeru,32.9
-8.3,113.2,137.2,0.0,0.9,Semeru,37.3
-8.3,113.25,115.8,0.0,0.7,Lamongan,37.3
-8.3,113.3,97.5,0.0,0.5,Lamongan,36.2
-8.3,113.35,82.0,0.0,0.4,Lamongan,35.9
-8.3,113.4,69.1,0.0,0.3,Lamongan,36.5
-8.3,113.45,58.2,0.0,0.2,Lamongan,37.8
-8.3,113.5,49.2,0.0,0.1,Lamongan,39.9
-8.3,113.55,41.6,0.0,0.1,Lamongan,42.5
-8.3,113.6,35.3,0.0,0.1,Lamongan,45.7
-8.3,113.65,30.0,0.0,0.0,Raung,47.3
-8.3,113.7,25.5,0.0,0.0,Raung,42.4
-8.3,113.75,21.8,0.0,0.0,Raung,37.6
-8.3,113.8,18.6,0.0,0.0,Raung,33.0
-8.3,113.85,15.9,0.0,0.0,Raung,28.7
-8.3,113.9,13.7,0.0,0.0,Raung,25.0
-8.3,113.95,11.8,0.0,0.0,Raung,21.9
-8.3,114.0,10.1,0.0,0.0,Raung,20.0
-8.3,114.05,8.8,0.0,0.0,Raung,19.5
-8.3,114.1,7.6,0.0,0.0,Raung,20.5
-8.3,114.15,6.6,0.0,0.0,Raung,22.8
-8.3,114.2,5.7,0.0,0.0,Raung,26.1
-8.3,114.25,5.0,0.0,0.0,Ijen,26.9
-8.3,114.3,4.3,0.0,0.0,Ijen,27.7
-8.3,114.35,3.8,0.0,0.0,Ijen,29.4
-8.3,114.4,3.3,0.0,0.0,Ijen,32.0
-8.3,114.45,2.9,0.0,0.0,Ijen,35.3
-8.3,114.5,2.4,0.0,0.0,Ijen,39.1
-8.3,114.55,2.1,0.0,0.0,Ijen,43.3
-8.3,114.6,1.9,0.0,0.0,Ijen,47.7
-8.3,114.65,1.7,0.0,0.0,Ijen,52.4
-8.3,114.7,1.5,0.0,0.0,Ijen,57.1
-8.3,114.75,1.3,0.0,0.0,Ijen,62.1
-8.25,110.5,5.9,0.0,0.0,Kelud,202.2
-8.25,110.55,6.7,0.0,0.0,Kelud,196.8
-8.25,110.6,7.6,0.0,0.0,Kelud,191.4
-8.25,110.65,8.6,0.0,0.0,Kelud,186.0
-8.25,110.7,9.8,0.0,0.0,Kelud,180.6
-8.25,110.75,11.2,0.0,0.0,Kelud,175.2
-8.25,110.8,12.7,0.0,0.0,Kelud,169.8
-8.25,110.85,14.4,0.0,0.0,Kelud,164.4
-8.25,110.9,16.4,0.0,0.0,Kelud,159.0
-8.25,110.95,18.7,0.0,0.0,Kelud,153.7
-8.25,111.0,21.4,0.0,0.0,Kelud,148.3
-8.25,111.05,24.4,0.0,0.0,Kelud,143.0
-8.25,111.1,27.8,0.0,0.0,Kelud,137.7
-8.25,111.15,31.8,0.0,0.0,Kelud,132.4
-8.25,111.2,36.4,0.0,0.0,Kelud,127.1
-8.25,111.25,41.6,0.0,0.0,Kelud,121.8
-8.25,111.3,47.7,0.0,0.0,Kelud,116.5
-8.25,111.35,54.7,0.0,0.0,Kelud,111.3
-8.25,111.4,62.7,0.0,0.0,Kelud,106.1
-8.25,111.45,72.2,0.1,0.0,Kelud,100.9
-8.25,111.5,83.0,0.2,0.0,Kelud,95.8
-8.25,111.55,95.5,0.3,0.0,Kelud,90.7
-8.25,111.6,110.0,0.4,0.0,Kelud,85.7
-8.25,111.65,126.7,0.7,0.0,Kelud,80.7
-8.25,111.7,146.0,1.0,0.0,Kelud,75.8
-8.25,111.75,168.2,1.5,0.0,Kelud,71.0
-8.25,111.8,193.6,2.2,0.0,Kelud,66.3
-8.25,111.85,222.5,3.2,0.0,Kelud,61.7
-8.25,111.9,255.1,4.6,0.0,Kelud,57.3
-8.25,111.95,291.5,6.6,0.0,Kelud,53.1
-8.25,112.0,331.3,9.2,0.0,Kelud,49.2
-8.25,112.05,373.6,12.4,0.0,Kelud,45.5
-8.25,112.1,416.8,16.2,0.0,Kelud,42.3
-8.25,112.15,458.1,20.3,0.0,Kelud,39.6
-8.25,112.2,494.0,24.1,0.0,Kelud,37.5
-8.25,112.25,520.7,27.0,0.0,Kelud,36.2
-8.25,112.3,534.4,28.3,0.1,Kelud,35.6
-8.25,112.35,533.8,27.7,0.1,Kelud,35.9
-8.25,112.4,519.9,25.2,0.2,Kelud,37.0
-8.25,112.45,496.3,21.6,0.2,Kelud,38.9
-8.25,112.5,467.3,17.5,0.3,Kelud,41.4
-8.25,112.55,437.2,13.5,0.5,Semeru,43.9
-8.25,112.6,409.6,10.1,0.7,Semeru,38.8
-8.25,112.65,387.9,7.3,0.9,Semeru,33.8
-8.25,112.7,373.3,5.2,1.3,Semeru,29.1
-8.25,112.75,367.5,3.6,1.7,Semeru,24.7
-8.25,112.8,371.1,2.5,2.1,Semeru,20.7
-8.25,112.85,381.1,1.7,2.5,Semeru,17.7
-8.25,112.9,383.7,1.1,2.8,Semeru,16.0
-8.25,112.95,362.5,0.8,2.9,Semeru,16.1
-8.25,113.0,318.5,0.5,2.8,Semeru,18.0
-8.25,113.05,268.3,0.3,2.5,Semeru,21.2
-8.25,113.1,222.3,0.2,2.1,Semeru,25.2
-8.25,113.15,184.1,0.1,1.7,Semeru,29.6
-8.25,113.2,152.6,0.0,1.3,Lamongan,34.2
-8.25,113.25,126.4,0.0,0.9,Lamongan,32.0
-8.25,113.3,105.3,0.0,0.7,Lamongan,30.7
-8.25,113.35,87.9,0.0,0.5,Lamongan,30.4
-8.25,113.4,73.5,0.0,0.3,Lamongan,31.0
-8.25,113.45,61.6,0.0,0.2,Lamongan,32.6
-8.25,113.5,51.8,0.0,0.2,Lamongan,34.9
-8.25,113.55,43.6,0.0,0.1,Lamongan,38.0
-8.25,113.6,36.8,0.0,0.1,Lamongan,41.5
-8.25,113.65,31.2,0.0,0.0,Raung,45.3
-8.25,113.7,26.5,0.0,0.0,Raung,40.1
-8.25,113.75,22.6,0.0,0.0,Raung,35.0
-8.25,113.8,19.3,0.0,0.0,Raung,30.0
-8.25,113.85,16.4,0.0,0.0,Raung,25.3
-8.25,113.9,14.1,0.0,0.0,Raung,20.9
-8.25,113.95,12.1,0.0,0.0,Raung,17.2
-8.25,114.0,10.4,0.0,0.0,Raung,14.6
-8.25,114.05,9.0,0.0,0.0,Raung,13.9
-8.25,114.1,7.8,0.0,0.0,Raung,15.3
-8.25,114.15,6.7,0.0,0.0,Raung,18.3
-8.25,114.2,5.8,0.0,0.0,Ijen,21.8
-8.25,114.25,5.1,0.0,0.0,Ijen,21.4
-8.25,114.3,4.4,0.0,0.0,Ijen,22.3
-8.25,114.35,3.8,0.0,0.0,Ijen,24.4
-8.25,114.4,3.3,0.0,0.0,Ijen,27.5
-8.25,114.45,2.9,0.0,0.0,Ijen,31.3
-8.25,114.5,2.5,0.0,0.0,Ijen,35.5
-8.25,114.55,2.2,0.0,0.0,Ijen,40.1
-8.25,114.6,1.9,0.0,0.0,Ijen,44.8
-8.25,114.65,1.7,0.0,0.0,Ijen,49.7
-8.25,114.7,1.5,0.0,0.0,Ijen,54.7
-8.25,114.75,1.3,0.0,0.0,Ijen,59.9
-8.2,110.5,6.0,0.0,0.0,Kelud,201.3
-8.2,110.55,6.9,0.0,0.0,Kelud,195.9
-8.2,110.6,7.8,0.0,0.0,Kelud,190.4
-8.2,110.65,8.8,0.0,0.0,Kelud,185.0
-8.2,110.7,10.0,0.0,0.0,Kelud,179.6
-8.2,110.75,11.4,0.0,0.0,Kelud,174.1
-8.2,110.8,13.0,0.0,0.0,Kelud,168.7
-8.2,110.85,14.8,0.0,0.0,Kelud,163.3
-8.2,110.9,16.9,0.0,0.0,Kelud,157.9
-8.2,110.95,19.3,0.0,0.0,Kelud,152.5
-8.2,111.0,22.0,0.0,0.0,Kelud,147.1
-8.2,111.05,25.1,0.0,0.0,Kelud,141.7
-8.2,111.1,28.8,0.0,0.0,Kelud,136.3
-8.2,111.15,32.9,0.0,0.0,Kelud,131.0
-8.2,111.2,37.7,0.0,0.0,Kelud,125.6
-8.2,111.25,43.3,0.0,0.0,Kelud,120.3
-8.2,111.3,49.7,0.0,0.0,Kelud,115.0
-8.2,111.35,57.1,0.0,0.0,Kelud,109.7
-8.2,111.4,65.7,0.0,0.0,Kelud,104.4
-8.2,111.45,75.8,0.1,0.0,Kelud,99.1
-8.2,111.5,87.5,0.2,0.0,Kelud,93.9
-8.2,111.55,101.0,0.3,0.0,Kelud,88.7
-8.2,111.6,116.8,0.5,0.0,Kelud,83.5
-8.2,111.65,135.2,0.8,0.0,Kelud,78.4
-8.2,111.7,156.7,1.2,0.0,Kelud,73.4
-8.2,111.75,181.6,1.8,0.0,Kelud,68.4
-8.2,111.8,210.5,2.8,0.0,Kelud,63.5
-8.2,111.85,244.0,4.1,0.0,Kelud,58.7
-8.2,111.9,282.5,6.1,0.0,Kelud,54.0
-8.2,111.95,326.3,8.9,0.0,Kelud,49.5
-8.2,112.0,375.5,12.6,0.0,Kelud,45.3
-8.2,112.05,429.3,17.6,0.0,Kelud,41.3
-8.2,112.1,486.0,23.6,0.0,Kelud,37.8
-8.2,112.15,542.3,30.5,0.0,Kelud,34.7
-8.2,112.2,592.7,37.3,0.0,Kelud,32.3
-8.2,112.25,630.5,42.6,0.1,Kelud,30.7
-8.2,112.3,649.5,45.0,0.1,Kelud,30.0
-8.2,112.35,646.6,43.8,0.1,Kelud,30.4
-8.2,112.4,623.7,39.2,0.2,Kelud,31.7
-8.2,112.45,587.1,32.8,0.3,Kelud,33.8
-8.2,112.5,544.0,25.8,0.4,Kelud,36.7
-8.2,112.55,501.3,19.4,0.6,Kelud,40.1
-8.2,112.6,463.7,14.1,0.9,Semeru,36.9
-8.2,112.65,435.7,9.9,1.3,Semeru,31.6
-8.2,112.7,419.0,6.9,1.8,Semeru,26.5
-8.2,112.75,418.6,4.7,2.5,Semeru,21.5
-8.2,112.8,439.2,3.2,3.2,Semeru,16.9
-8.2,112.85,484.0,2.1,3.9,Semeru,12.9
-8.2,112.9,527.8,1.4,4.4,Semeru,10.5
-8.2,112.95,501.1,0.9,4.6,Semeru,10.7
-8.2,113.0,410.4,0.6,4.4,Semeru,13.4
-8.2,113.05,322.0,0.4,3.9,Semeru,17.4
-8.2,113.1,255.0,0.3,3.2,Semeru,22.1
-8.2,113.15,205.1,0.2,2.5,Semeru,27.1
-8.2,113.2,166.3,0.0,1.8,Lamongan,29.4
-8.2,113.25,135.9,0.0,1.3,Lamongan,26.8
-8.2,113.3,112.2,0.0,0.9,Lamongan,25.2
-8.2,113.35,92.9,0.0,0.6,Lamongan,24.8
-8.2,113.4,77.2,0.0,0.4,Lamongan,25.6
-8.2,113.45,64.4,0.0,0.3,Lamongan,27.5
-8.2,113.5,53.9,0.0,0.2,Lamongan,30.2
-8.2,113.55,45.3,0.0,0.1,Lamongan,33.7
-8.2,113.6,38.2,0.0,0.1,Lamongan,37.6
-8.2,113.65,32.2,0.0,0.1,Lamongan,41.9
-8.2,113.7,27.3,0.0,0.0,Raung,38.6
-8.2,113.75,23.2,0.0,0.0,Raung,33.2
-8.2,113.8,19.8,0.0,0.0,Raung,27.9
-8.2,113.85,16.8,0.0,0.0,Raung,22.7
-8.2,113.9,14.4,0.0,0.0,Raung,17.7
-8.2,113.95,12.4,0.0,0.0,Raung,13.1
-8.2,114.0,10.7,0.0,0.0,Raung,9.5
-8.2,114.05,9.2,0.0,0.0,Raung,8.4
-8.2,114.1,7.9,0.0,0.0,Raung,10.5
-8.2,114.15,6.9,0.0,0.0,Raung,14.5
-8.2,114.2,6.0,0.0,0.0,Ijen,16.5
-8.2,114.25,5.2,0.0,0.0,Ijen,15.8
-8.2,114.3,4.5,0.0,0.0,Ijen,17.0
-8.2,114.35,3.9,0.0,0.0,Ijen,19.8
-8.2,114.4,3.4,0.0,0.0,Ijen,23.5
-8.2,114.45,3.0,0.0,0.0,Ijen,27.8
-8.2,114.5,2.5,0.0,0.0,Ijen,32.5
-8.2,114.55,2.2,0.0,0.0,Ijen,37.4
-8.2,114.6,1.9,0.0,0.0,Ijen,42.5
-8.2,114.65,1.7,0.0,0.0,Ijen,47.6
-8.2,114.7,1.5,0.0,0.0,Ijen,52.8
-8.2,114.75,1.3,0.0,0.0,Ijen,58.1
-8.15,110.5,6.1,0.0,0.0,Kelud,200.6
-8.15,110.55,7.0,0.0,0.0,Kelud,195.1
-8.15,110.6,7.9,0.0,0.0,Kelud,189.6
-8.15,110.65,9.0,0.0,0.0,Kelud,184.2
-8.15,110.7,10.2,0.0,0.0,Kelud,178.7
-8.15,110.75,11.7,0.0,0.0,Kelud,173.3
-8.15,110.8,13.3,0.0,0.0,Kelud,167.8
-8.15,110.85,15.2,0.0,0.0,Kelud,162.4
-8.15,110.9,17.3,0.0,0.0,Kelud,156.9
-8.15,110.95,19.8,0.0,0.0,Kelud,151.5
-8.15,111.0,22.6,0.0,0.0,Kelud,146.1
-8.15,111.05,25.8,0.0,0.0,Kelud,140.7
-8.15,111.1,29.6,0.0,0.0,Kelud,135.2
-8.15,111.15,33.9,0.0,0.0,Kelud,129.8
-8.15,111.2,38.9,0.0,0.0,Kelud,124.4
-8.15,111.25,44.7,0.0,0.0,Kelud,119.0
-8.15,111.3,51.4,0.0,0.0,Kelud,113.6
-8.15,111.35,59.2,0.0,0.0,Kelud,108.3
-8.15,111.4,68.3,0.0,0.0,Kelud,102.9
-8.15,111.45,79.0,0.2,0.0,Kelud,97.6
-8.15,111.5,91.4,0.3,0.0,Kelud,92.3
-8.15,111.55,106.0,0.4,0.0,Kelud,87.0
-8.15,111.6,123.0,0.6,0.0,Kelud,81.7
-8.15,111.65,143.0,0.9,0.0,Kelud,76.5
-8.15,111.7,166.5,1.4,0.0,Kelud,71.3
-8.15,111.75,194.1,2.2,0.0,Kelud,66.1
-8.15,111.8,226.6,3.4,0.0,Kelud,61.0
-8.15,111.85,264.7,5.2,0.0,Kelud,56.0
-8.15,111.9,309.3,7.7,0.0,Kelud,51.2
-8.15,111.95,361.3,11.5,0.0,Kelud,46.4
-8.15,112.0,421.2,16.9,0.0,Kelud,41.8
-8.15,112.05,489.0,24.2,0.0,Kelud,37.5
-8.15,112.1,563.5,33.7,0.0,Kelud,33.5
-8.15,112.15,640.6,45.1,0.0,Kelud,30.0
-8.15,112.2,713.0,57.0,0.0,Kelud,27.2
-8.15,112.25,769.2,66.9,0.1,Kelud,25.3
-8.15,112.3,797.0,71.5,0.1,Kelud,24.5
-8.15,112.35,789.7,69.1,0.1,Kelud,24.9
-8.15,112.4,751.3,60.6,0.2,Kelud,26.5
-8.15,112.45,693.8,48.9,0.3,Kelud,29.0
-8.15,112.5,629.9,37.2,0.5,Kelud,32.3
-8.15,112.55,569.5,27.0,0.8,Kelud,36.2
-8.15,112.6,518.8,19.0,1.2,Semeru,35.8
-8.15,112.65,481.4,13.0,1.7,Semeru,30.3
-8.15,112.7,461.7,8.8,2.5,Semeru,24.9
-8.15,112.75,465.5,5.9,3.5,Semeru,19.5
-8.15,112.8,508.5,3.9,4.7,Semeru,14.2
-8.15,112.85,623.2,2.5,6.0,Semeru,9.2
-8.15,112.9,820.3,1.7,7.0,Semeru,5.3
-8.15,112.95,773.6,1.1,7.4,Semeru,5.6
-8.15,113.0,533.4,0.7,7.0,Semeru,9.8
-8.15,113.05,378.4,0.5,6.0,Semeru,14.8
-8.15,113.1,285.0,0.3,4.7,Semeru,20.1
-8.15,113.15,222.9,0.2,3.5,Semeru,25.5
-8.15,113.2,178.2,0.1,2.5,Lamongan,24.9
-8.15,113.25,143.9,0.0,1.7,Lamongan,21.8
-8.15,113.3,117.5,0.0,1.2,Lamongan,19.8
-8.15,113.35,96.8,0.0,0.8,Lamongan,19.3
-8.15,113.4,80.1,0.0,0.5,Lamongan,20.2
-8.15,113.45,66.6,0.0,0.3,Lamongan,22.6
-8.15,113.5,55.5,0.0,0.2,Lamongan,25.9
-8.15,113.55,46.5,0.0,0.1,Lamongan,29.8
-8.15,113.6,39.1,0.0,0.1,Lamongan,34.2
-8.15,113.65,33.0,0.0,0.1,Lamongan,38.9
-8.15,113.7,27.9,0.0,0.0,Raung,37.7
-8.15,113.75,23.7,0.0,0.0,Raung,32.3
-8.15,113.8,20.2,0.0,0.0,Raung,26.8
-8.15,113.85,17.2,0.0,0.0,Raung,21.3
-8.15,113.9,14.7,0.0,0.0,Raung,15.9
-8.15,113.95,12.6,0.0,0.0,Raung,10.5
-8.15,114.0,10.9,0.0,0.0,Raung,5.4
-8.15,114.05,9.3,0.0,0.0,Raung,2.9
-8.15,114.1,8.1,0.0,0.0,Raung,7.0
-8.15,114.15,7.0,0.0,0.0,Raung,12.2
-8.15,114.2,6.0,0.0,0.0,Ijen,11.2
-8.15,114.25,5.2,0.0,0.0,Ijen,10.3
-8.15,114.3,4.6,0.0,0.0,Ijen,12.1
-8.15,114.35,4.0,0.0,0.0,Ijen,15.7
-8.15,114.4,3.5,0.0,0.0,Ijen,20.2
-8.15,114.45,3.0,0.0,0.0,Ijen,25.1
-8.15,114.5,2.6,0.0,0.0,Ijen,30.2
-8.15,114.55,2.2,0.0,0.0,Ijen,35.4
-8.15,114.6,2.0,0.0,0.0,Ijen,40.7
-8.15,114.65,1.7,0.0,0.0,Ijen,46.1
-8.15,114.7,1.5,0.0,0.0,Ijen,51.4
-8.15,114.75,1.3,0.0,0.0,Ijen,56.9
-8.1,110.5,6.2,0.0,0.0,Kelud,200.0
-8.1,110.55,7.1,0.0,0.0,Kelud,194.5
-8.1,110.6,8.0,0.0,0.0,Kelud,189.0
-8.1,110.65,9.1,0.0,0.0,Kelud,183.5
-8.1,110.7,10.4,0.0,0.0,Kelud,178.1
-8.1,110.75,11.9,0.0,0.0,Kelud,172.6
-8.1,110.8,13.5,0.0,0.0,Kelud,167.1
-8.1,110.85,15.4,0.0,0.0,Kelud,161.6
-8.1,110.9,17.6,0.0,0.0,Kelud,156.2
-8.1,110.95,20.1,0.0,0.0,Kelud,150.7
-8.1,111.0,23.0,0.0,0.0,Kelud,145.3
-8.1,111.05,26.4,0.0,0.0,Kelud,139.8
-8.1,111.1,30.2,0.0,0.0,Kelud,134.3
-8.1,111.15,34.7,0.0,0.0,Kelud,128.9
-8.1,111.2,39.9,0.0,0.0,Kelud,123.5
-8.1,111.25,45.8,0.0,0.0,Kelud,118.0
-8.1,111.3,52.8,0.0,0.0,Kelud,112.6
-8.1,111.35,60.9,0.0,0.0,Kelud,107.2
-8.1,111.4,70.6,0.1,0.0,Kelud,101.8
-8.1,111.45,81.7,0.2,0.0,Kelud,96.3
-8.1,111.5,94.8,0.3,0.0,Kelud,91.0
-8.1,111.55,110.2,0.4,0.0,Kelud,85.6
-8.1,111.6,128.3,0.7,0.0,Kelud,80.2
-8.1,111.65,149.7,1.1,0.0,Kelud,74.9
-8.1,111.7,175.0,1.7,0.0,Kelud,69.6
-8.1,111.75,205.1,2.6,0.0,Kelud,64.3
-8.1,111.8,240.9,4.0,0.0,Kelud,59.0
-8.1,111.85,283.4,6.2,0.0,Kelud,53.9
-8.1,111.9,334.1,9.5,0.0,Kelud,48.7
-8.1,111.95,394.4,14.4,0.0,Kelud,43.7
-8.1,112.0,465.9,21.6,0.0,Kelud,38.8
-8.1,112.05,549.9,32.0,0.0,Kelud,34.1
-8.1,112.1,646.1,46.3,0.0,Kelud,29.7
-8.1,112.15,751.8,64.7,0.0,Kelud,25.7
-8.1,112.2,857.9,85.5,0.0,Kelud,22.3
-8.1,112.25,945.7,104.3,0.1,Kelud,20.0
-8.1,112.3,989.8,113.6,0.1,Kelud,18.9
-8.1,112.35,973.9,108.7,0.2,Kelud,19.5
-8.1,112.4,907.4,92.1,0.3,Kelud,21.4
-8.1,112.45,815.9,71.2,0.4,Kelud,24.5
-8.1,112.5,721.8,51.8,0.6,Kelud,28.4
-8.1,112.55,637.8,36.1,1.0,Kelud,32.7
-8.1,112.6,570.2,24.6,1.5,Semeru,35.5
-8.1,112.65,521.3,16.4,2.2,Semeru,30.0
-8.1,112.7,495.4,10.8,3.3,Semeru,24.5
-8.1,112.75,498.7,7.1,4.8,Semeru,19.0
-8.1,112.8,551.5,4.6,6.8,Semeru,13.5
-8.1,112.85,709.0,3.0,9.1,Semeru,8.0
-8.1,112.9,1119.2,1.9,11.2,Semeru,2.6
-8.1,112.95,1027.2,1.2,12.0,Semeru,3.2
-8.1,113.0,613.9,0.8,11.2,Semeru,8.6
-8.1,113.05,416.6,0.5,9.1,Semeru,14.1
-8.1,113.1,305.9,0.3,6.8,Semeru,19.6
-8.1,113.15,235.2,0.2,4.8,Semeru,25.1
-8.1,113.2,185.8,0.1,3.3,Lamongan,20.9
-8.1,113.25,148.7,0.0,2.2,Lamongan,17.1
-8.1,113.3,120.8,0.0,1.5,Lamongan,14.5
-8.1,113.35,99.1,0.0,1.0,Lamongan,13.7
-8.1,113.4,81.8,0.0,0.6,Lamongan,15.0
-8.1,113.45,67.9,0.0,0.4,Lamongan,18.1
-8.1,113.5,56.5,0.0,0.3,Lamongan,22.0
-8.1,113.55,47.3,0.0,0.2,Lamongan,26.6
-8.1,113.6,39.8,0.0,0.1,Lamongan,31.4
-8.1,113.65,33.5,0.0,0.1,Lamongan,36.5
-8.1,113.7,28.4,0.0,0.0,Raung,37.8
-8.1,113.75,24.1,0.0,0.0,Raung,32.3
-8.1,113.8,20.5,0.0,0.0,Raung,26.8
-8.1,113.85,17.5,0.0,0.0,Raung,21.3
-8.1,113.9,14.9,0.0,0.0,Raung,15.9
-8.1,113.95,12.8,0.0,0.0,Raung,10.5
-8.1,114.0,11.0,0.0,0.0,Raung,5.4
-8.1,114.05,9.5,0.0,0.0,Raung,2.9
-8.1,114.1,8.2,0.0,0.0,Raung,7.0
-8.1,114.15,7.1,0.0,0.0,Ijen,11.2
-8.1,114.2,6.1,0.0,0.0,Ijen,6.6
-8.1,114.25,5.3,0.0,0.0,Ijen,4.8
-8.1,114.3,4.6,0.0,0.0,Ijen,7.9
-8.1,114.35,4.0,0.0,0.0,Ijen,12.8
-8.1,114.4,3.5,0.0,0.0,Ijen,18.0
-8.1,114.45,3.0,0.0,0.0,Ijen,23.4
-8.1,114.5,2.6,0.0,0.0,Ijen,28.8
-8.1,114.55,2.3,0.0,0.0,Ijen,34.2
-8.1,114.6,2.0,0.0,0.0,Ijen,39.7
-8.1,114.65,1.7,0.0,0.0,Ijen,45.2
-8.1,114.7,1.5,0.0,0.0,Ijen,50.6
-8.1,114.75,1.3,0.0,0.0,Ijen,56.1
-8.05,110.5,6.3,0.0,0.0,Kelud,199.5
-8.05,110.55,7.2,0.0,0.0,Kelud,194.0
-8.05,110.6,8.1,0.0,0.0,Kelud,188.5
-8.05,110.65,9.2,0.0,0.0,Kelud,183.1
-8.05,110.7,10.5,0.0,0.0,Kelud,177.6
-8.05,110.75,12.0,0.0,0.0,Kelud,172.1
-8.05,110.8,13.7,0.0,0.0,Kelud,166.6
-8.05,110.85,15.6,0.0,0.0,Kelud,161.1
-8.05,110.9,17.9,0.0,0.0,Kelud,155.6
-8.05,110.95,20.4,0.0,0.0,Kelud,150.1
-8.05,111.0,23.4,0.0,0.0,Kelud,144.6
-8.05,111.05,26.8,0.0,0.0,Kelud,139.2
-8.05,111.1,30.7,0.0,0.0,Kelud,133.7
-8.05,111.15,35.3,0.0,0.0,Kelud,128.2
-8.05,111.2,40.6,0.0,0.0,Kelud,122.7
-8.05,111.25,46.7,0.0,0.0,Kelud,117.3
-8.05,111.3,53.9,0.0,0.0,Kelud,111.8
-8.05,111.35,62.3,0.0,0.0,Kelud,106.3
-8.05,111.4,72.2,0.1,0.0,Kelud,100.9
-8.05,111.45,83.8,0.2,0.0,Kelud,95.4
-8.05,111.5,97.4,0.3,0.0,Kelud,90.0
-8.05,111.55,113.4,0.5,0.0,Kelud,84.5
-8.05,111.6,132.4,0.8,0.0,Kelud,79.1
-8.05,111.65,155.0,1.2,0.0,Kelud,73.7
-8.05,111.7,181.9,1.9,0.0,Kelud,68.3
-8.05,111.75,214.0,2.9,0.0,Kelud,62.9
-8.05,111.8,252.5,4.6,0.0,Kelud,57.5
-8.05,111.85,298.9,7.1,0.0,Kelud,52.2
-8.05,111.9,354.9,11.1,0.0,Kelud,46.9
-8.05,111.95,422.9,17.1,0.0,Kelud,41.6
-8.05,112.0,505.7,26.4,0.0,Kelud,36.4
-8.05,112.05,606.1,40.2,0.0,Kelud,31.4
-8.05,112.1,727.0,60.4,0.0,Kelud,26.5
-8.05,112.15,868.9,88.5,0.0,Kelud,21.9
-8.05,112.2,1025.4,124.0,0.0,Kelud,17.9
-8.05,112.25,1170.3,160.3,0.1,Kelud,14.8
-8.05,112.3,1248.6,180.5,0.1,Kelud,13.4
-8.05,112.35,1213.8,169.5,0.2,Kelud,14.1
-8.05,112.4,1093.1,136.2,0.3,Kelud,16.8
-8.05,112.45,947.3,99.2,0.5,Kelud,20.6
-8.05,112.5,812.3,68.5,0.7,Kelud,25.0
-8.05,112.55,700.2,45.9,1.1,Kelud,29.8
-8.05,112.6,613.7,30.2,1.7,Kelud,34.8
-8.05,112.65,552.4,19.7,2.7,Semeru,30.6
-8.05,112.7,517.0,12.7,4.1,Semeru,25.3
-8.05,112.75,512.6,8.2,6.3,Semeru,20.0
-8.05,112.8,552.9,5.3,9.4,Semeru,14.9
-8.05,112.85,661.9,3.4,13.4,Semeru,10.2
-8.05,112.9,819.6,2.1,17.7,Semeru,6.9
-8.05,112.95,799.9,1.4,19.7,Semeru,7.1
-8.05,113.0,601.7,0.9,17.7,Semeru,10.7
-8.05,113.05,429.8,0.6,13.4,Semeru,15.5
-8.05,113.1,315.4,0.4,9.4,Bromo,20.4
-8.05,113.15,240.4,0.2,6.3,Lamongan,22.7
-8.05,113.2,188.7,0.1,4.1,Lamongan,17.7
-8.05,113.25,150.2,0.0,2.7,Lamongan,13.1
-8.05,113.3,121.8,0.0,1.7,Lamongan,9.4
-8.05,113.35,99.8,0.0,1.1,Lamongan,8.2
-8.05,113.4,82.3,0.0,0.7,Lamongan,10.3
-8.05,113.45,68.3,0.0,0.5,Lamongan,14.3
-8.05,113.5,56.9,0.0,0.3,Lamongan,19.1
-8.05,113.55,47.6,0.0,0.2,Lamongan,24.2
-8.05,113.6,40.0,0.0,0.1,Lamongan,29.4
-8.05,113.65,33.7,0.0,0.1,Lamongan,34.8
-8.05,113.7,28.5,0.0,0.0,Raung,38.6
-8.05,113.75,24.2,0.0,0.0,Raung,33.2
-8.05,113.8,20.6,0.0,0.0,Raung,27.9
-8.05,113.85,17.6,0.0,0.0,Raung,22.7
-8.05,113.9,15.0,0.0,0.0,Raung,17.7
-8.05,113.95,12.9,0.0,0.0,Raung,13.1
-8.05,114.0,11.1,0.0,0.0,Raung,9.5
-8.05,114.05,9.5,0.0,0.0,Raung,8.4
-8.05,114.1,8.2,0.0,0.0,Raung,10.5
-8.05,114.15,7.1,0.0,0.0,Ijen,10.2
-8.05,114.2,6.2,0.0,0.0,Ijen,4.7
-8.05,114.25,5.3,0.0,0.0,Ijen,1.3
-8.05,114.3,4.6,0.0,0.0,Ijen,6.4
-8.05,114.35,4.0,0.0,0.0,Ijen,11.9
-8.05,114.4,3.5,0.0,0.0,Ijen,17.4
-8.05,114.45,3.1,0.0,0.0,Ijen,22.9
-8.05,114.5,2.6,0.0,0.0,Ijen,28.4
-8.05,114.55,2.3,0.0,0.0,Ijen,33.9
-8.05,114.6,2.0,0.0,0.0,Ijen,39.4
-8.05,114.65,1.8,0.0,0.0,Ijen,44.9
-8.05,114.7,1.5,0.0,0.0,Ijen,50.4
-8.05,114.75,1.4,0.0,0.0,Ijen,55.9
-8.0,110.5,6.3,0.0,0.0,Kelud,199.3
-8.0,110.55,7.2,0.0,0.0,Kelud,193.8
-8.0,110.6,8.2,0.0,0.0,Kelud,188.2
-8.0,110.65,9.3,0.0,0.0,Kelud,182.7
-8.0,110.7,10.6,0.0,0.0,Kelud,177.2
-8.0,110.75,12.1,0.0,0.0,Kelud,171.7
-8.0,110.8,13.8,0.0,0.0,Kelud,166.2
-8.0,110.85,15.8,0.0,0.0,Kelud,160.7
-8.0,110.9,18.0,0.0,0.0,Kelud,155.2
-8.0,110.95,20.6,0.0,0.0,Kelud,149.7
-8.0,111.0,23.6,0.0,0.0,Kelud,144.2
-8.0,111.05,27.1,0.0,0.0,Kelud,138.8
-8.0,111.1,31.1,0.0,0.0,Kelud,133.3
-8.0,111.15,35.7,0.0,0.0,Kelud,127.8
-8.0,111.2,41.1,0.0,0.0,Kelud,122.3
-8.0,111.25,47.3,0.0,0.0,Kelud,116.8
-8.0,111.3,54.7,0.0,0.0,Kelud,111.3
-8.0,111.35,63.2,0.0,0.0,Kelud,105.8
-8.0,111.4,73.4,0.1,0.0,Kelud,100.3
-8.0,111.45,85.2,0.2,0.0,Kelud,94.8
-8.0,111.5,99.2,0.3,0.0,Kelud,89.3
-8.0,111.55,115.7,0.5,0.0,Kelud,83.8
-8.0,111.6,135.3,0.8,0.0,Kelud,78.4
-8.0,111.65,158.6,1.3,0.0,Kelud,72.9
-8.0,111.7,186.5,2.0,0.0,Kelud,67.4
-8.0,111.75,220.1,3.2,0.0,Kelud,61.9
-8.0,111.8,260.6,5.0,0.0,Kelud,56.5
-8.0,111.85,309.8,7.8,0.0,Kelud,51.0
-8.0,111.9,369.9,12.3,0.0,Kelud,45.6
-8.0,111.95,443.8,19.3,0.0,Kelud,40.2
-8.0,112.0,535.5,30.3,0.0,Kelud,34.8
-8.0,112.05,649.9,47.2,0.0,Kelud,29.5
-8.0,112.1,793.6,73.3,0.0,Kelud,24.2
-8.0,112.15,974.0,112.3,0.0,Kelud,19.1
-8.0,112.2,1196.3,168.2,0.1,Kelud,14.2
-8.0,112.25,1444.0,237.7,0.1,Kelud,10.1
-8.0,112.3,1609.8,286.3,0.1,Kelud,7.8
-8.0,112.35,1523.3,258.6,0.2,Kelud,9.1
-8.0,112.4,1292.4,189.7,0.3,Kelud,12.8
-8.0,112.45,1068.7,128.3,0.5,Kelud,17.5
-8.0,112.5,887.4,84.1,0.8,Kelud,22.5
-8.0,112.55,747.7,54.4,1.2,Kelud,27.8
-8.0,112.6,643.2,34.9,1.9,Arjuno-Welirang,30.3
-8.0,112.65,570.4,22.3,3.0,Arjuno-Welirang,31.2
-8.0,112.7,525.2,14.2,4.8,Semeru,27.2
-8.0,112.75,510.4,9.0,7.5,Semeru,22.4
-8.0,112.8,534.4,5.7,11.8,Bromo,17.7
-8.0,112.85,612.0,3.6,18.4,Bromo,12.8
-8.0,112.9,741.9,2.3,27.4,Bromo,8.5
-8.0,112.95,804.6,1.5,33.3,Bromo,6.4
-8.0,113.0,634.0,0.9,27.4,Bromo,8.5
-8.0,113.05,440.4,0.6,18.4,Bromo,12.8
-8.0,113.1,316.2,0.4,11.8,Bromo,17.7
-8.0,113.15,238.6,0.2,7.5,Lamongan,21.4
-8.0,113.2,186.6,0.1,4.8,Lamongan,16.0
-8.0,113.25,148.7,0.0,3.0,Lamongan,10.6
-8.0,113.3,120.5,0.0,1.9,Lamongan,5.4
-8.0,113.35,98.9,0.0,1.2,Lamongan,2.7
-8.0,113.4,81.7,0.0,0.8,Lamongan,6.8
-8.0,113.45,67.8,0.0,0.5,Lamongan,12.1
-8.0,113.5,56.6,0.0,0.3,Lamongan,17.5
-8.0,113.55,47.4,0.0,0.2,Lamongan,22.9
-8.0,113.6,39.9,0.0,0.1,Lamongan,28.4
-8.0,113.65,33.6,0.0,0.1,Lamongan,33.9
-8.0,113.7,28.5,0.0,0.1,Lamongan,39.4
-8.0,113.75,24.2,0.0,0.0,Raung,35.0
-8.0,113.8,20.6,0.0,0.0,Raung,30.1
-8.0,113.85,17.6,0.0,0.0,Raung,25.3
-8.0,113.9,15.0,0.0,0.0,Raung,20.9
-8.0,113.95,12.9,0.0,0.0,Raung,17.2
-8.0,114.0,11.1,0.0,0.0,Raung,14.6
-8.0,114.05,9.5,0.0,0.0,Raung,13.9
-8.0,114.1,8.2,0.0,0.0,Raung,15.3
-8.0,114.15,7.1,0.0,0.0,Ijen,12.0
-8.0,114.2,6.2,0.0,0.0,Ijen,7.9
-8.0,114.25,5.4,0.0,0.0,Ijen,6.5
-8.0,114.3,4.6,0.0,0.0,Ijen,9.1
-8.0,114.35,4.0,0.0,0.0,Ijen,13.5
-8.0,114.4,3.5,0.0,0.0,Ijen,18.6
-8.0,114.45,3.1,0.0,0.0,Ijen,23.8
-8.0,114.5,2.6,0.0,0.0,Ijen,29.1
-8.0,114.55,2.3,0.0,0.0,Ijen,34.5
-8.0,114.6,2.0,0.0,0.0,Ijen,39.9
-8.0,114.65,1.8,0.0,0.0,Ijen,45.4
-8.0,114.7,1.5,0.0,0.0,Ijen,50.8
-8.0,114.75,1.4,0.0,0.0,Ijen,56.3
-7.95,110.5,6.4,0.0,0.0,Kelud,199.1
-7.95,110.55,7.2,0.0,0.0,Kelud,193.6
-7.95,110.6,8.2,0.0,0.0,Kelud,188.1
-7.95,110.65,9.3,0.0,0.0,Kelud,182.6
-7.95,110.7,10.6,0.0,0.0,Kelud,177.1
-7.95,110.75,12.2,0.0,0.0,Kelud,171.6
-7.95,110.8,13.9,0.0,0.0,Kelud,166.1
-7.95,110.85,15.8,0.0,0.0,Kelud,160.6
-7.95,110.9,18.1,0.0,0.0,Kelud,155.1
-7.95,110.95,20.7,0.0,0.0,Kelud,149.6
-7.95,111.0,23.7,0.0,0.0,Kelud,144.1
-7.95,111.05,27.2,0.0,0.0,Kelud,138.6
-7.95,111.1,31.2,0.0,0.0,Kelud,133.1
-7.95,111.15,35.9,0.0,0.0,Kelud,127.5
-7.95,111.2,41.3,0.0,0.0,Kelud,122.0
-7.95,111.25,47.6,0.0,0.0,Kelud,116.5
-7.95,111.3,55.0,0.0,0.0,Kelud,111.0
-7.95,111.35,63.6,0.0,0.0,Kelud,105.5
-7.95,111.4,73.9,0.1,0.0,Kelud,100.0
-7.95,111.45,85.9,0.2,0.0,Kelud,94.5
-7.95,111.5,100.0,0.3,0.0,Kelud,89.0
-7.95,111.55,116.7,0.5,0.0,Kelud,83.5
-7.95,111.6,136.6,0.8,0.0,Kelud,78.0
-7.95,111.65,160.3,1.3,0.0,Kelud,72.5
-7.95,111.7,188.8,2.1,0.0,Kelud,67.0
-7.95,111.75,223.0,3.3,0.0,Kelud,61.5
-7.95,111.8,264.5,5.2,0.0,Kelud,56.0
-7.95,111.85,315.1,8.2,0.0,Kelud,50.5
-7.95,111.9,377.3,12.9,0.0,Kelud,45.0
-7.95,111.95,454.3,20.5,0.0,Kelud,39.5
-7.95,112.0,550.8,32.4,0.0,Kelud,34.0
-7.95,112.05,673.1,51.2,0.0,Kelud,28.5
-7.95,112.1,830.3,80.8,0.0,Kelud,23.0
-7.95,112.15,1036.3,127.5,0.0,Kelud,17.5
-7.95,112.2,1312.7,200.7,0.1,Kelud,12.1
-7.95,112.25,1692.1,313.0,0.1,Kelud,6.8
-7.95,112.3,2136.4,450.6,0.1,Kelud,2.4
-7.95,112.35,1847.1,358.6,0.2,Kelud,5.1
-7.95,112.4,1437.4,231.7,0.3,Kelud,10.4
-7.95,112.45,1142.1,147.5,0.5,Kelud,15.8
-7.95,112.5,927.8,93.5,0.8,Kelud,21.3
-7.95,112.55,770.4,59.2,1.3,Arjuno-Welirang,24.7
-7.95,112.6,654.8,37.5,2.0,Arjuno-Welirang,24.7
-7.95,112.65,573.5,23.7,3.2,Arjuno-Welirang,25.9
-7.95,112.7,520.4,15.0,5.1,Bromo,27.5
-7.95,112.75,496.1,9.5,8.1,Bromo,22.0
-7.95,112.8,508.3,6.0,13.1,Bromo,16.5
-7.95,112.85,581.9,3.8,21.6,Bromo,11.0
-7.95,112.9,793.8,2.4,36.3,Bromo,5.6
-7.95,112.95,1242.9,1.5,58.3,Bromo,0.9
-7.95,113.0,717.8,1.0,36.3,Bromo,5.6
-7.95,113.05,439.7,0.6,21.6,Bromo,11.0
-7.95,113.1,305.5,0.4,13.1,Bromo,16.5
-7.95,113.15,229.3,0.2,8.1,Lamongan,21.5
-7.95,113.2,179.8,0.2,5.1,Lamongan,16.0
-7.95,113.25,143.9,0.0,3.2,Lamongan,10.7
-7.95,113.3,117.0,0.0,2.0,Lamongan,5.6
-7.95,113.35,96.4,0.0,1.3,Lamongan,3.1
-7.95,113.4,79.9,0.0,0.8,Lamongan,7.0
-7.95,113.45,66.5,0.0,0.5,Lamongan,12.2
-7.95,113.5,55.6,0.0,0.3,Lamongan,17.5
-7.95,113.55,46.7,0.0,0.2,Lamongan,23.0
-7.95,113.6,39.3,0.0,0.1,Lamongan,28.5
-7.95,113.65,33.3,0.0,0.1,Lamongan,33.9
-7.95,113.7,28.2,0.0,0.1,Lamongan,39.4
-7.95,113.75,24.0,0.0,0.0,Raung,37.6
-7.95,113.8,20.4,0.0,0.0,Raung,33.0
-7.95,113.85,17.5,0.0,0.0,Raung,28.7
-7.95,113.9,14.9,0.0,0.0,Raung,25.0
-7.95,113.95,12.8,0.0,0.0,Raung,21.9
-7.95,114.0,11.0,0.0,0.0,Raung,20.0
-7.95,114.05,9.5,0.0,0.0,Raung,19.5
-7.95,114.1,8.2,0.0,0.0,Ijen,19.7
-7.95,114.15,7.1,0.0,0.0,Ijen,15.7
-7.95,114.2,6.2,0.0,0.0,Ijen,12.9
-7.95,114.25,5.3,0.0,0.0,Ijen,12.0
-7.95,114.3,4.6,0.0,0.0,Ijen,13.6
-7.95,114.35,4.0,0.0,0.0,Ijen,16.9
-7.95,114.4,3.5,0.0,0.0,Ijen,21.1
-7.95,114.45,3.1,0.0,0.0,Ijen,25.9
-7.95,114.5,2.6,0.0,0.0,Ijen,30.8
-7.95,114.55,2.3,0.0,0.0,Ijen,36.0
-7.95,114.6,2.0,0.0,0.0,Ijen,41.2
-7.95,114.65,1.8,0.0,0.0,Ijen,46.5
-7.95,114.7,1.5,0.0,0.0,Ijen,51.8
-7.95,114.75,1.4,0.0,0.0,Ijen,57.2
-7.9,110.5,6.3,0.0,0.0,Kelud,199.2
-7.9,110.55,7.2,0.0,0.0,Kelud,193.6
-7.9,110.6,8.2,0.0,0.0,Kelud,188.1
-7.9,110.65,9.3,0.0,0.0,Kelud,182.6
-7.9,110.7,10.6,0.0,0.0,Kelud,177.1
-7.9,110.75,12.1,0.0,0.0,Kelud,171.6
-7.9,110.8,13.9,0.0,0.0,Kelud,166.1
-7.9,110.85,15.8,0.0,0.0,Kelud,160.6
-7.9,110.9,18.1,0.0,0.0,Kelud,155.1
-7.9,110.95,20.7,0.0,0.0,Kelud,149.6
-7.9,111.0,23.7,0.0,0.0,Kelud,144.1
-7.9,111.05,27.2,0.0,0.0,Kelud,138.6
-7.9,111.1,31.2,0.0,0.0,Kelud,133.1
-7.9,111.15,35.9,0.0,0.0,Kelud,127.6
-7.9,111.2,41.3,0.0,0.0,Kelud,122.1
-7.9,111.25,47.6,0.0,0.0,Kelud,116.6
-7.9,111.3,54.9,0.0,0.0,Kelud,111.1
-7.9,111.35,63.6,0.0,0.0,Kelud,105.6
-7.9,111.4,73.8,0.1,0.0,Kelud,100.1
-7.9,111.45,85.8,0.2,0.0,Kelud,94.6
-7.9,111.5,99.9,0.3,0.0,Kelud,89.1
-7.9,111.55,116.6,0.5,0.0,Kelud,83.5
-7.9,111.6,136.4,0.8,0.0,Kelud,78.0
-7.9,111.65,160.1,1.3,0.0,Kelud,72.5
-7.9,111.7,188.5,2.1,0.0,Kelud,67.0
-7.9,111.75,222.6,3.3,0.0,Kelud,61.5
-7.9,111.8,264.0,5.2,0.0,Kelud,56.0
-7.9,111.85,314.4,8.1,0.0,Kelud,50.6
-7.9,111.9,376.3,12.9,0.0,Kelud,45.1
-7.9,111.95,452.8,20.3,0.0,Kelud,39.6
-7.9,112.0,548.7,32.1,0.0,Kelud,34.1
-7.9,112.05,670.1,50.7,0.0,Kelud,28.6
-7.9,112.1,825.6,79.9,0.0,Kelud,23.1
-7.9,112.15,1028.3,125.6,0.0,Kelud,17.7
-7.9,112.2,1297.2,196.5,0.1,Kelud,12.4
-7.9,112.25,1654.5,301.7,0.1,Kelud,7.2
-7.9,112.3,2013.7,412.6,0.1,Kelud,3.5
-7.9,112.35,1792.2,341.9,0.2,Kelud,5.7
-7.9,112.4,1416.1,226.1,0.3,Kelud,10.7
-7.9,112.45,1130.1,145.1,0.5,Kelud,16.0
-7.9,112.5,918.9,92.4,0.8,Arjuno-Welirang,20.7
-7.9,112.55,762.0,58.6,1.2,Arjuno-Welirang,19.2
-7.9,112.6,645.4,37.2,2.0,Arjuno-Welirang,19.2
-7.9,112.65,560.9,23.5,3.1,Arjuno-Welirang,20.7
-7.9,112.7,503.5,14.9,4.9,Arjuno-Welirang,23.5
-7.9,112.75,471.2,9.4,7.8,Bromo,22.5
-7.9,112.8,469.3,6.0,12.4,Bromo,17.2
-7.9,112.85,515.5,3.8,19.8,Bromo,12.0
-7.9,112.9,645.3,2.4,30.9,Bromo,7.2
-7.9,112.95,774.0,1.5,39.8,Bromo,4.7
-7.9,113.0,580.5,1.0,30.9,Bromo,7.2
-7.9,113.05,387.5,0.6,19.8,Bromo,12.0
-7.9,113.1,278.1,0.4,12.4,Bromo,17.2
-7.9,113.15,212.7,0.2,7.8,Bromo,22.5
-7.9,113.2,168.4,0.2,4.9,Lamongan,17.9
-7.9,113.25,136.5,0.0,3.1,Lamongan,13.3
-7.9,113.3,111.7,0.0,2.0,Lamongan,9.8
-7.9,113.35,92.6,0.0,1.2,Lamongan,8.6
-7.9,113.4,77.1,0.0,0.8,Lamongan,10.6
-7.9,113.45,64.5,0.0,0.5,Lamongan,14.6
-7.9,113.5,54.1,0.0,0.3,Lamongan,19.3
-7.9,113.55,45.6,0.0,0.2,Lamongan,24.4
-7.9,113.6,38.5,0.0,0.1,Lamongan,29.6
-7.9,113.65,32.6,0.0,0.1,Lamongan,34.9
-7.9,113.7,27.7,0.0,0.1,Lamongan,40.2
-7.9,113.75,23.6,0.0,0.0,Raung,40.7
-7.9,113.8,20.2,0.0,0.0,Raung,36.6
-7.9,113.85,17.2,0.0,0.0,Raung,32.8
-7.9,113.9,14.8,0.0,0.0,Raung,29.5
-7.9,113.95,12.7,0.0,0.0,Raung,27.0
-7.9,114.0,10.9,0.0,0.0,Raung,25.4
-7.9,114.05,9.4,0.0,0.0,Raung,25.0
-7.9,114.1,8.2,0.0,0.0,Ijen,23.5
-7.9,114.15,7.1,0.0,0.0,Ijen,20.3
-7.9,114.2,6.1,0.0,0.0,Ijen,18.2
-7.9,114.25,5.3,0.0,0.0,Ijen,17.6
-7.9,114.3,4.6,0.0,0.0,Ijen,18.7
-7.9,114.35,4.0,0.0,0.0,Ijen,21.2
-7.9,114.4,3.5,0.0,0.0,Ijen,24.7
-7.9,114.45,3.1,0.0,0.0,Ijen,28.9
-7.9,114.5,2.6,0.0,0.0,Ijen,33.4
-7.9,114.55,2.3,0.0,0.0,Ijen,38.2
-7.9,114.6,2.0,0.0,0.0,Ijen,43.2
-7.9,114.65,1.8,0.0,0.0,Ijen,48.2
-7.9,114.7,1.5,0.0,0.0,Ijen,53.4
-7.9,114.75,1.4,0.0,0.0,Ijen,58.6
-7.85,110.5,6.3,0.0,0.0,Kelud,199.3
-7.85,110.55,7.2,0.0,0.0,Kelud,193.8
-7.85,110.6,8.2,0.0,0.0,Kelud,188.3
-7.85,110.65,9.3,0.0,0.0,Kelud,182.8
-7.85,110.7,10.6,0.0,0.0,Kelud,177.3
-7.85,110.75,12.1,0.0,0.0,Kelud,171.8
-7.85,110.8,13.8,0.0,0.0,Kelud,166.3
-7.85,110.85,15.7,0.0,0.0,Kelud,160.8
-7.85,110.9,18.0,0.0,0.0,Kelud,155.3
-7.85,110.95,20.6,0.0,0.0,Kelud,149.8
-7.85,111.0,23.5,0.0,0.0,Kelud,144.3
-7.85,111.05,27.0,0.0,0.0,Kelud,138.8
-7.85,111.1,31.0,0.0,0.0,Kelud,133.3
-7.85,111.15,35.6,0.0,0.0,Kelud,127.9
-7.85,111.2,41.0,0.0,0.0,Kelud,122.4
-7.85,111.25,47.2,0.0,0.0,Kelud,116.9
-7.85,111.3,54.5,0.0,0.0,Kelud,111.4
-7.85,111.35,63.0,0.0,0.0,Kelud,105.9
-7.85,111.4,73.1,0.1,0.0,Kelud,100.4
-7.85,111.45,84.9,0.2,0.0,Kelud,94.9
-7.85,111.5,98.8,0.3,0.0,Kelud,89.4
-7.85,111.55,115.2,0.5,0.0,Kelud,84.0
-7.85,111.6,134.7,0.8,0.0,Kelud,78.5
-7.85,111.65,157.9,1.3,0.0,Kelud,73.0
-7.85,111.7,185.6,2.0,0.0,Kelud,67.6
-7.85,111.75,218.8,3.1,0.0,Kelud,62.1
-7.85,111.8,259.0,4.9,0.0,Kelud,56.7
-7.85,111.85,307.6,7.7,0.0,Kelud,51.2
-7.85,111.9,367.0,12.1,0.0,Kelud,45.8
-7.85,111.95,439.8,18.9,0.0,Kelud,40.4
-7.85,112.0,529.8,29.6,0.0,Kelud,35.1
-7.85,112.05,641.6,46.0,0.0,Kelud,29.8
-7.85,112.1,780.9,70.9,0.0,Kelud,24.6
-7.85,112.15,953.7,107.9,0.0,Kelud,19.5
-7.85,112.2,1161.9,159.5,0.0,Kelud,14.9
-7.85,112.25,1383.9,220.8,0.1,Kelud,11.0
-7.85,112.3,1523.3,261.1,0.1,Kelud,8.9
-7.85,112.35,1451.3,238.5,0.2,Kelud,10.0
-7.85,112.4,1247.3,178.8,0.3,Kelud,13.5
-7.85,112.45,1038.2,122.8,0.5,Kelud,18.0
-7.85,112.5,862.8,81.3,0.7,Arjuno-Welirang,15.8
-7.85,112.55,723.8,52.9,1.2,Arjuno-Welirang,13.7
-7.85,112.6,616.1,34.1,1.8,Arjuno-Welirang,13.7
-7.85,112.65,534.9,21.9,2.8,Arjuno-Welirang,15.8
-7.85,112.7,475.9,14.0,4.4,Arjuno-Welirang,19.3
-7.85,112.75,438.1,8.9,6.7,Arjuno-Welirang,23.5
-7.85,112.8,421.2,5.7,10.2,Bromo,19.4
-7.85,112.85,429.3,3.6,15.0,Bromo,15.0
-7.85,112.9,458.3,2.3,20.5,Bromo,11.6
-7.85,112.95,464.4,1.4,23.3,Bromo,10.2
-7.85,113.0,399.1,0.9,20.5,Bromo,11.6
-7.85,113.05,310.5,0.6,15.0,Bromo,15.0
-7.85,113.1,240.8,0.4,10.2,Bromo,19.4
-7.85,113.15,190.9,0.2,6.7,Bromo,24.3
-7.85,113.2,155.0,0.1,4.4,Lamongan,21.2
-7.85,113.25,127.3,0.0,2.8,Lamongan,17.4
-7.85,113.3,105.2,0.0,1.8,Lamongan,14.9
-7.85,113.35,87.9,0.0,1.2,Lamongan,14.1
-7.85,113.4,73.6,0.0,0.7,Lamongan,15.5
-7.85,113.45,61.9,0.0,0.5,Lamongan,18.4
-7.85,113.5,52.2,0.0,0.3,Lamongan,22.3
-7.85,113.55,44.1,0.0,0.2,Lamongan,26.8
-7.85,113.6,37.4,0.0,0.1,Lamongan,31.6
-7.85,113.65,31.8,0.0,0.1,Lamongan,36.6
-7.85,113.7,27.1,0.0,0.0,Lamongan,41.8
-7.85,113.75,23.1,0.0,0.0,Raung,44.4
-7.85,113.8,19.8,0.0,0.0,Raung,40.6
-7.85,113.85,16.9,0.0,0.0,Raung,37.2
-7.85,113.9,14.5,0.0,0.0,Raung,34.3
-7.85,113.95,12.5,0.0,0.0,Raung,32.2
-7.85,114.0,10.8,0.0,0.0,Raung,30.9
-7.85,114.05,9.3,0.0,0.0,Raung,30.6
-7.85,114.1,8.1,0.0,0.0,Ijen,27.9
-7.85,114.15,7.0,0.0,0.0,Ijen,25.3
-7.85,114.2,6.1,0.0,0.0,Ijen,23.6
-7.85,114.25,5.3,0.0,0.0,Ijen,23.1
-7.85,114.3,4.6,0.0,0.0,Ijen,24.0
-7.85,114.35,4.0,0.0,0.0,Ijen,26.0
-7.85,114.4,3.5,0.0,0.0,Ijen,28.9
-7.85,114.45,3.0,0.0,0.0,Ijen,32.6
-7.85,114.5,2.6,0.0,0.0,Ijen,36.6
-7.85,114.55,2.3,0.0,0.0,Ijen,41.1
-7.85,114.6,2.0,0.0,0.0,Ijen,45.7
-7.85,114.65,1.8,0.0,0.0,Ijen,50.5
-7.85,114.7,1.5,0.0,0.0,Ijen,55.5
-7.85,114.75,1.4,0.0,0.0,Ijen,60.5
-7.8,110.5,6.3,0.0,0.0,Kelud,199.7
-7.8,110.55,7.1,0.0,0.0,Kelud,194.2
-7.8,110.6,8.1,0.0,0.0,Kelud,188.7
-7.8,110.65,9.2,0.0,0.0,Kelud,183.2
-7.8,110.7,10.5,0.0,0.0,Kelud,177.7
-7.8,110.75,12.0,0.0,0.0,Kelud,172.2
-7.8,110.8,13.7,0.0,0.0,Kelud,166.7
-7.8,110.85,15.6,0.0,0.0,Kelud,161.2
-7.8,110.9,17.8,0.0,0.0,Kelud,155.8
-7.8,110.95,20.3,0.0,0.0,Kelud,150.3
-7.8,111.0,23.3,0.0,0.0,Kelud,144.8
-7.8,111.05,26.7,0.0,0.0,Kelud,139.3
-7.8,111.1,30.6,0.0,0.0,Kelud,133.8
-7.8,111.15,35.1,0.0,0.0,Kelud,128.4
-7.8,111.2,40.4,0.0,0.0,Kelud,122.9
-7.8,111.25,46.5,0.0,0.0,Kelud,117.4
-7.8,111.3,53.7,0.0,0.0,Kelud,112.0
-7.8,111.35,62.0,0.0,0.0,Kelud,106.5
-7.8,111.4,71.8,0.1,0.0,Kelud,101.1
-7.8,111.45,83.3,0.2,0.0,Kelud,95.6
-7.8,111.5,96.8,0.3,0.0,Kelud,90.2
-7.8,111.55,112.7,0.5,0.0,Kelud,84.7
-7.8,111.6,131.5,0.7,0.0,Kelud,79.3
-7.8,111.65,153.8,1.2,0.0,Kelud,73.9
-7.8,111.7,180.3,1.8,0.0,Kelud,68.5
-7.8,111.75,212.0,2.9,0.0,Kelud,63.1
-7.8,111.8,249.9,4.5,0.0,Kelud,57.8
-7.8,111.85,295.5,6.9,0.0,Kelud,52.5
-7.8,111.9,350.4,10.8,0.0,Kelud,47.2
-7.8,111.95,416.8,16.6,0.0,Kelud,42.0
-7.8,112.0,497.0,25.5,0.0,Kelud,36.9
-7.8,112.05,594.1,38.6,0.0,Kelud,31.9
-7.8,112.1,709.5,57.5,0.0,Kelud,27.1
-7.8,112.15,843.3,83.5,0.0,Kelud,22.6
-7.8,112.2,987.4,115.6,0.0,Kelud,18.7
-7.8,112.25,1117.1,147.4,0.1,Kelud,15.8
-7.8,112.3,1184.8,164.5,0.1,Kelud,14.5
-7.8,112.35,1153.3,155.3,0.2,Kelud,15.2
-7.8,112.4,1044.1,126.3,0.3,Kelud,17.7
-7.8,112.45,907.8,93.2,0.4,Arjuno-Welirang,15.9
-7.8,112.5,777.0,65.1,0.7,Arjuno-Welirang,11.4
-7.8,112.55,664.4,43.9,1.0,Arjuno-Welirang,8.4
-7.8,112.6,571.7,29.1,1.6,Arjuno-Welirang,8.4
-7.8,112.65,497.7,19.1,2.4,Arjuno-Welirang,11.4
-7.8,112.7,441.8,12.4,3.6,Arjuno-Welirang,15.9
-7.8,112.75,400.7,8.0,5.3,Arjuno-Welirang,20.8
-7.8,112.8,373.5,5.1,7.6,Bromo,22.9
-7.8,112.85,359.2,3.3,10.4,Bromo,19.3
-7.8,112.9,350.1,2.1,12.9,Bromo,16.7
-7.8,112.95,332.1,1.3,14.1,Bromo,15.8
-7.8,113.0,295.4,0.9,12.9,Bromo,16.7
-7.8,113.05,248.2,0.5,10.4,Bromo,19.3
-7.8,113.1,205.0,0.3,7.6,Bromo,22.9
-7.8,113.15,169.3,0.2,5.3,Bromo,27.1
-7.8,113.2,140.6,0.1,3.6,Lamongan,25.2
-7.8,113.25,116.6,0.0,2.4,Lamongan,22.2
-7.8,113.3,98.0,0.0,1.6,Lamongan,20.2
-7.8,113.35,82.5,0.0,1.0,Lamongan,19.7
-7.8,113.4,69.6,0.0,0.7,Lamongan,20.7
-7.8,113.45,58.8,0.0,0.4,Lamongan,22.9
-7.8,113.5,49.9,0.0,0.3,Lamongan,26.2
-7.8,113.55,42.3,0.0,0.2,Lamongan,30.1
-7.8,113.6,36.0,0.0,0.1,Lamongan,34.5
-7.8,113.65,30.7,0.0,0.1,Lamongan,39.1
-7.8,113.7,26.2,0.0,0.0,Lamongan,44.0
-7.8,113.75,22.5,0.0,0.0,Raung,48.4
-7.8,113.8,19.2,0.0,0.0,Raung,44.9
-7.8,113.85,16.5,0.0,0.0,Raung,41.9
-7.8,113.9,14.2,0.0,0.0,Raung,39.4
-7.8,113.95,12.3,0.0,0.0,Raung,37.5
-7.8,114.0,10.6,0.0,0.0,Raung,36.4
-7.8,114.05,9.2,0.0,0.0,Ijen,35.6
-7.8,114.1,7.9,0.0,0.0,Ijen,32.7
-7.8,114.15,6.9,0.0,0.0,Ijen,30.4
-7.8,114.2,6.0,0.0,0.0,Ijen,29.1
-7.8,114.25,5.2,0.0,0.0,Ijen,28.7
-7.8,114.3,4.5,0.0,0.0,Ijen,29.4
-7.8,114.35,3.9,0.0,0.0,Ijen,31.1
-7.8,114.4,3.4,0.0,0.0,Ijen,33.6
-7.8,114.45,3.0,0.0,0.0,Ijen,36.7
-7.8,114.5,2.6,0.0,0.0,Ijen,40.4
-7.8,114.55,2.3,0.0,0.0,Ijen,44.4
-7.8,114.6,2.0,0.0,0.0,Ijen,48.8
-7.8,114.65,1.7,0.0,0.0,Ijen,53.3
-7.8,114.7,1.5,0.0,0.0,Ijen,58.0
-7.8,114.75,1.3,0.0,0.0,Ijen,62.9
-7.75,110.5,6.2,0.0,0.0,Kelud,200.2
-7.75,110.55,7.0,0.0,0.0,Kelud,194.7
-7.75,110.6,8.0,0.0,0.0,Kelud,189.2
-7.75,110.65,9.1,0.0,0.0,Kelud,183.7
-7.75,110.7,10.4,0.0,0.0,Kelud,178.3
-7.75,110.75,11.8,0.0,0.0,Kelud,172.8
-7.75,110.8,13.5,0.0,0.0,Kelud,167.3
-7.75,110.85,15.4,0.0,0.0,Kelud,161.8
-7.75,110.9,17.5,0.0,0.0,Kelud,156.4
-7.75,110.95,20.0,0.0,0.0,Kelud,150.9
-7.75,111.0,22.9,0.0,0.0,Kelud,145.5
-7.75,111.05,26.2,0.0,0.0,Kelud,140.0
-7.75,111.1,30.0,0.0,0.0,Kelud,134.6
-7.75,111.15,34.5,0.0,0.0,Kelud,129.1
-7.75,111.2,39.6,0.0,0.0,Kelud,123.7
-7.75,111.25,45.5,0.0,0.0,Kelud,118.3
-7.75,111.3,52.5,0.0,0.0,Kelud,112.8
-7.75,111.35,60.5,0.0,0.0,Kelud,107.4
-7.75,111.4,70.0,0.1,0.0,Kelud,102.0
-7.75,111.45,81.0,0.2,0.0,Kelud,96.6
-7.75,111.5,94.0,0.3,0.0,Kelud,91.2
-7.75,111.55,109.2,0.4,0.0,Kelud,85.9
-7.75,111.6,127.0,0.7,0.0,Kelud,80.5
-7.75,111.65,148.1,1.0,0.0,Kelud,75.2
-7.75,111.7,173.0,1.6,0.0,Kelud,69.9
-7.75,111.75,202.5,2.5,0.0,Kelud,64.6
-7.75,111.8,237.5,3.9,0.0,Kelud,59.4
-7.75,111.85,279.1,6.0,0.0,Kelud,54.3
-7.75,111.9,328.4,9.1,0.0,Kelud,49.2
-7.75,111.95,386.8,13.8,0.0,Kelud,44.2
-7.75,112.0,455.7,20.6,0.0,Kelud,39.4
-7.75,112.05,535.9,30.4,0.0,Kelud,34.8
-7.75,112.1,627.0,43.6,0.0,Kelud,30.4
-7.75,112.15,725.6,60.3,0.0,Kelud,26.5
-7.75,112.2,822.8,79.0,0.0,Kelud,23.3
-7.75,112.25,901.6,95.5,0.1,Kelud,21.0
-7.75,112.3,939.7,103.6,0.1,Kelud,20.0
-7.75,112.35,923.8,99.3,0.2,Kelud,20.5
-7.75,112.4,861.2,84.8,0.2,Arjuno-Welirang,19.4
-7.75,112.45,773.6,66.2,0.4,Arjuno-Welirang,14.0
-7.75,112.5,680.8,48.6,0.6,Arjuno-Welirang,8.6
-7.75,112.55,595.1,34.2,0.8,Arjuno-Welirang,3.6
-7.75,112.6,519.3,23.4,1.3,Arjuno-Welirang,3.6
-7.75,112.65,454.6,15.7,1.9,Arjuno-Welirang,8.6
-7.75,112.7,403.5,10.4,2.8,Arjuno-Welirang,14.0
-7.75,112.75,363.0,6.8,3.9,Arjuno-Welirang,19.4
-7.75,112.8,332.0,4.5,5.3,Arjuno-Welirang,24.9
-7.75,112.85,308.0,2.9,6.9,Bromo,24.0
-7.75,112.9,287.1,1.9,8.1,Bromo,22.0
-7.75,112.95,264.3,1.2,8.6,Bromo,21.3
-7.75,113.0,236.7,0.8,8.1,Bromo,22.0
-7.75,113.05,206.1,0.5,6.9,Bromo,24.0
-7.75,113.1,176.2,0.3,5.3,Bromo,27.0
-7.75,113.15,149.5,0.2,3.9,Bromo,30.7
-7.75,113.2,126.5,0.1,2.8,Lamongan,29.8
-7.75,113.25,106.7,0.0,1.9,Lamongan,27.2
-7.75,113.3,90.6,0.0,1.3,Lamongan,25.7
-7.75,113.35,76.9,0.0,0.8,Lamongan,25.3
-7.75,113.4,65.3,0.0,0.6,Lamongan,26.0
-7.75,113.45,55.6,0.0,0.4,Lamongan,27.9
-7.75,113.5,47.3,0.0,0.2,Lamongan,30.6
-7.75,113.55,40.4,0.0,0.2,Lamongan,34.0
-7.75,113.6,34.5,0.0,0.1,Lamongan,37.9
-7.75,113.65,29.5,0.0,0.1,Lamongan,42.2
-7.75,113.7,25.3,0.0,0.0,Lamongan,46.7
-7.75,113.75,21.7,0.0,0.0,Lamongan,51.4
-7.75,113.8,18.7,0.0,0.0,Raung,49.5
-7.75,113.85,16.1,0.0,0.0,Raung,46.8
-7.75,113.9,13.8,0.0,0.0,Raung,44.5
-7.75,113.95,12.0,0.0,0.0,Raung,42.9
-7.75,114.0,10.3,0.0,0.0,Raung,42.0
-7.75,114.05,9.0,0.0,0.0,Ijen,40.3
-7.75,114.1,7.8,0.0,0.0,Ijen,37.7
-7.75,114.15,6.8,0.0,0.0,Ijen,35.7
-7.75,114.2,5.9,0.0,0.0,Ijen,34.6
-7.75,114.25,5.1,0.0,0.0,Ijen,34.3
-7.75,114.3,4.5,0.0,0.0,Ijen,34.8
-7.75,114.35,3.9,0.0,0.0,Ijen,36.3
-7.75,114.4,3.4,0.0,0.0,Ijen,38.4
-7.75,114.45,3.0,0.0,0.0,Ijen,41.2
-7.75,114.5,2.5,0.0,0.0,Ijen,44.5
-7.75,114.55,2.2,0.0,0.0,Ijen,48.2
-7.75,114.6,2.0,0.0,0.0,Ijen,52.2
-7.75,114.65,1.7,0.0,0.0,Ijen,56.5
-7.75,114.7,1.5,0.0,0.0,Ijen,61.0
-7.75,114.75,1.3,0.0,0.0,Ijen,65.6
-7.7,110.5,6.1,0.0,0.0,Kelud,200.8
-7.7,110.55,6.9,0.0,0.0,Kelud,195.3
-7.7,110.6,7.9,0.0,0.0,Kelud,189.9
-7.7,110.65,9.0,0.0,0.0,Kelud,184.4
-7.7,110.7,10.2,0.0,0.0,Kelud,179.0
-7.7,110.75,11.6,0.0,0.0,Kelud,173.5
-7.7,110.8,13.2,0.0,0.0,Kelud,168.1
-7.7,110.85,15.1,0.0,0.0,Kelud,162.6
-7.7,110.9,17.2,0.0,0.0,Kelud,157.2
-7.7,110.95,19.6,0.0,0.0,Kelud,151.8
-7.7,111.0,22.4,0.0,0.0,Kelud,146.3
-7.7,111.05,25.6,0.0,0.0,Kelud,140.9
-7.7,111.1,29.3,0.0,0.0,Kelud,135.5
-7.7,111.15,33.6,0.0,0.0,Kelud,130.1
-7.7,111.2,38.6,0.0,0.0,Kelud,124.7
-7.7,111.25,44.3,0.0,0.0,Kelud,119.3
-7.7,111.3,50.9,0.0,0.0,Kelud,114.0
-7.7,111.35,58.6,0.0,0.0,Kelud,108.6
-7.7,111.4,67.6,0.0,0.0,Kelud,103.2
-7.7,111.45,78.2,0.2,0.0,Kelud,97.9
-7.7,111.5,90.4,0.2,0.0,Kelud,92.6
-7.7,111.55,104.8,0.4,0.0,Kelud,87.3
-7.7,111.6,121.5,0.6,0.0,Kelud,82.1
-7.7,111.65,141.1,0.9,0.0,Kelud,76.9
-7.7,111.7,164.1,1.4,0.0,Kelud,71.7
-7.7,111.75,191.1,2.1,0.0,Kelud,66.6
-7.7,111.8,222.7,3.3,0.0,Kelud,61.5
-7.7,111.85,259.7,4.9,0.0,Kelud,56.6
-7.7,111.9,302.9,7.4,0.0,Kelud,51.7
-7.7,111.95,352.9,10.9,0.0,Kelud,47.0
-7.7,112.0,410.2,15.9,0.0,Kelud,42.5
-7.7,112.05,474.5,22.7,0.0,Kelud,38.2
-7.7,112.1,544.5,31.5,0.0,Kelud,34.3
-7.7,112.15,616.1,41.8,0.0,Kelud,30.9
-7.7,112.2,682.2,52.4,0.0,Kelud,28.2
-7.7,112.25,732.5,61.1,0.1,Kelud,26.4
-7.7,112.3,756.1,65.2,0.1,Kelud,25.6
-7.7,112.35,747.3,63.1,0.1,Arjuno-Welirang,25.0
-7.7,112.4,709.2,55.6,0.2,Arjuno-Welirang,19.6
-7.7,112.45,651.9,45.2,0.3,Arjuno-Welirang,14.1
-7.7,112.5,586.7,34.6,0.5,Arjuno-Welirang,8.9
-7.7,112.55,522.3,25.3,0.7,Arjuno-Welirang,4.2
-7.7,112.6,462.3,17.9,1.0,Arjuno-Welirang,4.2
-7.7,112.65,408.6,12.4,1.4,Arjuno-Welirang,8.9
-7.7,112.7,363.3,8.4,2.0,Arjuno-Welirang,14.1
-7.7,112.75,326.2,5.6,2.8,Arjuno-Welirang,19.6
-7.7,112.8,295.3,3.7,3.6,Arjuno-Welirang,25.0
-7.7,112.85,269.2,2.5,4.5,Bromo,29.1
-7.7,112.9,245.9,1.6,5.1,Bromo,27.5
-7.7,112.95,223.1,1.0,5.4,Bromo,26.9
-7.7,113.0,199.8,0.7,5.1,Bromo,27.5
-7.7,113.05,176.2,0.4,4.5,Bromo,29.1
-7.7,113.1,153.4,0.3,3.6,Bromo,31.6
-7.7,113.15,132.4,0.2,2.8,Bromo,34.8
-7.7,113.2,113.3,0.1,2.0,Lamongan,34.6
-7.7,113.25,97.1,0.0,1.4,Lamongan,32.5
-7.7,113.3,83.2,0.0,1.0,Lamongan,31.2
-7.7,113.35,71.2,0.0,0.7,Lamongan,30.8
-7.7,113.4,60.9,0.0,0.5,Lamongan,31.4
-7.7,113.45,52.1,0.0,0.3,Lamongan,33.0
-7.7,113.5,44.7,0.0,0.2,Lamongan,35.3
-7.7,113.55,38.3,0.0,0.1,Lamongan,38.3
-7.7,113.6,32.9,0.0,0.1,Lamongan,41.8
-7.7,113.65,28.2,0.0,0.1,Lamongan,45.7
-7.7,113.7,24.3,0.0,0.0,Lamongan,50.0
-7.7,113.75,20.9,0.0,0.0,Lamongan,54.4
-7.7,113.8,18.0,0.0,0.0,Raung,54.3
-7.7,113.85,15.5,0.0,0.0,Raung,51.8
-7.7,113.9,13.4,0.0,0.0,Raung,49.8
-7.7,113.95,11.6,0.0,0.0,Raung,48.3
-7.7,114.0,10.1,0.0,0.0,Raung,47.5
-7.7,114.05,8.7,0.0,0.0,Ijen,45.1
-7.7,114.1,7.6,0.0,0.0,Ijen,42.8
-7.7,114.15,6.6,0.0,0.0,Ijen,41.1
-7.7,114.2,5.7,0.0,0.0,Ijen,40.1
-7.7,114.25,5.0,0.0,0.0,Ijen,39.8
-7.7,114.3,4.4,0.0,0.0,Ijen,40.3
-7.7,114.35,3.8,0.0,0.0,Ijen,41.5
-7.7,114.4,3.3,0.0,0.0,Ijen,43.4
-7.7,114.45,2.9,0.0,0.0,Ijen,45.9
-7.7,114.5,2.5,0.0,0.0,Ijen,48.9
-7.7,114.55,2.2,0.0,0.0,Ijen,52.3
-7.7,114.6,1.9,0.0,0.0,Ijen,56.0
-7.7,114.65,1.7,0.0,0.0,Ijen,60.0
-7.7,114.7,1.5,0.0,0.0,Ijen,64.3
-7.7,114.75,1.3,0.0,0.0,Ijen,68.7
-7.65,110.5,6.0,0.0,0.0,Kelud,201.6
-7.65,110.55,6.8,0.0,0.0,Kelud,196.2
-7.65,110.6,7.7,0.0,0.0,Kelud,190.7
-7.65,110.65,8.8,0.0,0.0,Kelud,185.3
-7.65,110.7,10.0,0.0,0.0,Kelud,179.9
-7.65,110.75,11.3,0.0,0.0,Kelud,174.4
-7.65,110.8,12.9,0.0,0.0,Kelud,169.0
-7.65,110.85,14.7,0.0,0.0,Kelud,163.6
-7.65,110.9,16.8,0.0,0.0,Kelud,158.2
-7.65,110.95,19.1,0.0,0.0,Kelud,152.8
-7.65,111.0,21.8,0.0,0.0,Kelud,147.4
-7.65,111.05,24.9,0.0,0.0,Kelud,142.0
-7.65,111.1,28.5,0.0,0.0,Kelud,136.7
-7.65,111.15,32.6,0.0,0.0,Kelud,131.3
-7.65,111.2,37.3,0.0,0.0,Kelud,126.0
-7.65,111.25,42.8,0.0,0.0,Kelud,120.6
-7.65,111.3,49.1,0.0,0.0,Kelud,115.3
-7.65,111.35,56.4,0.0,0.0,Kelud,110.0
-7.65,111.4,64.9,0.0,0.0,Kelud,104.8
-7.65,111.45,74.9,0.1,0.0,Kelud,99.5
-7.65,111.5,86.3,0.2,0.0,Kelud,94.3
-7.65,111.55,99.6,0.3,0.0,Kelud,89.1
-7.65,111.6,115.1,0.5,0.0,Kelud,84.0
-7.65,111.65,133.1,0.8,0.0,Kelud,78.9
-7.65,111.7,154.0,1.2,0.0,Kelud,73.9
-7.65,111.75,178.2,1.8,0.0,Kelud,68.9
-7.65,111.8,206.3,2.6,0.0,Kelud,64.0
-7.65,111.85,238.6,3.9,0.0,Kelud,59.3
-7.65,111.9,275.7,5.8,0.0,Kelud,54.7
-7.65,111.95,317.6,8.4,0.0,Kelud,50.2
-7.65,112.0,364.4,11.8,0.0,Kelud,46.1
-7.65,112.05,415.1,16.4,0.0,Kelud,42.2
-7.65,112.1,468.1,21.9,0.0,Kelud,38.7
-7.65,112.15,520.2,28.1,0.0,Kelud,35.7
-7.65,112.2,566.0,34.2,0.0,Kelud,33.3
-7.65,112.25,599.5,38.9,0.0,Kelud,31.8
-7.65,112.3,615.1,41.0,0.1,Kelud,31.1
-7.65,112.35,610.0,39.9,0.1,Arjuno-Welirang,26.3
-7.65,112.4,585.6,35.9,0.2,Arjuno-Welirang,21.2
-7.65,112.45,547.2,30.2,0.2,Arjuno-Welirang,16.3
-7.65,112.5,500.9,23.9,0.4,Arjuno-Welirang,12.1
-7.65,112.55,452.6,18.1,0.5,Arjuno-Welirang,9.2
-7.65,112.6,405.7,13.2,0.7,Arjuno-Welirang,9.2
-7.65,112.65,362.6,9.4,1.1,Arjuno-Welirang,12.1
-7.65,112.7,324.3,6.5,1.4,Arjuno-Welirang,16.3
-7.65,112.75,290.9,4.5,1.9,Arjuno-Welirang,21.2
-7.65,112.8,262.5,3.0,2.4,Arjuno-Welirang,26.3
-7.65,112.85,237.4,2.0,2.9,Arjuno-Welirang,31.6
-7.65,112.9,214.8,1.3,3.2,Bromo,32.9
-7.65,112.95,193.6,0.9,3.4,Bromo,32.5
-7.65,113.0,173.3,0.6,3.2,Bromo,32.9
-7.65,113.05,153.6,0.4,2.9,Bromo,34.3
-7.65,113.1,135.0,0.2,2.4,Bromo,36.4
-7.65,113.15,117.4,0.2,1.9,Bromo,39.2
-7.65,113.2,101.9,0.0,1.4,Lamongan,39.6
-7.65,113.25,88.2,0.0,1.1,Lamongan,37.8
-7.65,113.3,76.2,0.0,0.7,Lamongan,36.7
-7.65,113.35,65.7,0.0,0.5,Lamongan,36.4
-7.65,113.4,56.6,0.0,0.4,Lamongan,36.9
-7.65,113.45,48.7,0.0,0.2,Lamongan,38.2
-7.65,113.5,41.9,0.0,0.2,Lamongan,40.3
-7.65,113.55,36.1,0.0,0.1,Lamongan,42.9
-7.65,113.6,31.1,0.0,0.1,Lamongan,46.1
-7.65,113.65,26.8,0.0,0.0,Lamongan,49.7
-7.65,113.7,23.2,0.0,0.0,Lamongan,53.6
-7.65,113.75,20.0,0.0,0.0,Lamongan,57.7
-7.65,113.8,17.3,0.0,0.0,Raung,59.2
-7.65,113.85,14.9,0.0,0.0,Raung,56.9
-7.65,113.9,12.9,0.0,0.0,Raung,55.1
-7.65,113.95,11.2,0.0,0.0,Raung,53.8
-7.65,114.0,9.8,0.0,0.0,Ijen,52.6
-7.65,114.05,8.5,0.0,0.0,Ijen,50.1
-7.65,114.1,7.4,0.0,0.0,Ijen,48.0
-7.65,114.15,6.4,0.0,0.0,Ijen,46.5
-7.65,114.2,5.6,0.0,0.0,Ijen,45.6
-7.65,114.25,4.9,0.0,0.0,Ijen,45.4
-7.65,114.3,4.3,0.0,0.0,Ijen,45.8
-7.65,114.35,3.7,0.0,0.0,Ijen,46.9
-7.65,114.4,3.3,0.0,0.0,Ijen,48.6
-7.65,114.45,2.9,0.0,0.0,Ijen,50.8
-7.65,114.5,2.4,0.0,0.0,Ijen,53.5
-7.65,114.55,2.2,0.0,0.0,Ijen,56.7
-7.65,114.6,1.9,0.0,0.0,Ijen,60.1
-7.65,114.65,1.7,0.0,0.0,Ijen,63.9
-7.65,114.7,1.5,0.0,0.0,Ijen,67.8
-7.65,114.75,1.3,0.0,0.0,Ijen,72.0
-7.6,110.5,5.9,0.0,0.0,Kelud,202.5
-7.6,110.55,6.7,0.0,0.0,Kelud,197.1
-7.6,110.6,7.5,0.0,0.0,Kelud,191.7
-7.6,110.65,8.6,0.0,0.0,Kelud,186.3
-7.6,110.7,9.7,0.0,0.0,Kelud,180.9
-7.6,110.75,11.1,0.0,0.0,Kelud,175.5
-7.6,110.8,12.6,0.0,0.0,Kelud,170.1
-7.6,110.85,14.3,0.0,0.0,Kelud,164.8
-7.6,110.9,16.3,0.0,0.0,Kelud,159.4
-7.6,110.95,18.6,0.0,0.0,Kelud,154.1
-7.6,111.0,21.1,0.0,0.0,Kelud,148.7
-7.6,111.05,24.1,0.0,0.0,Kelud,143.4
-7.6,111.1,27.5,0.0,0.0,Kelud,138.1
-7.6,111.15,31.4,0.0,0.0,Kelud,132.8
-7.6,111.2,35.9,0.0,0.0,Kelud,127.5
-7.6,111.25,41.1,0.0,0.0,Kelud,122.2
-7.6,111.3,47.1,0.0,0.0,Kelud,117.0
-7.6,111.35,54.0,0.0,0.0,Kelud,111.7
-7.6,111.4,61.9,0.0,0.0,Kelud,106.6
-7.6,111.45,71.2,0.1,0.0,Kelud,101.4
-7.6,111.5,81.8,0.2,0.0,Kelud,96.3
-7.6,111.55,94.0,0.3,0.0,Kelud,91.2
-7.6,111.6,108.1,0.4,0.0,Kelud,86.2
-7.6,111.65,124.4,0.6,0.0,Kelud,81.3
-7.6,111.7,143.1,0.9,0.0,Kelud,76.4
-7.6,111.75,164.6,1.4,0.0,Kelud,71.6
-7.6,111.8,189.2,2.1,0.0,Kelud,66.9
-7.6,111.85,217.0,3.0,0.0,Kelud,62.4
-7.6,111.9,248.3,4.4,0.0,Kelud,58.0
-7.6,111.95,283.0,6.2,0.0,Kelud,53.9
-7.6,112.0,320.6,8.5,0.0,Kelud,50.0
-7.6,112.05,360.4,11.5,0.0,Kelud,46.4
-7.6,112.1,400.5,15.0,0.0,Kelud,43.3
-7.6,112.15,438.5,18.6,0.0,Kelud,40.6
-7.6,112.2,470.9,22.1,0.0,Kelud,38.6
-7.6,112.25,494.0,24.7,0.0,Kelud,37.2
-7.6,112.3,504.8,25.8,0.1,Arjuno-Welirang,33.5
-7.6,112.35,501.7,25.2,0.1,Arjuno-Welirang,28.6
-7.6,112.4,485.5,23.0,0.1,Arjuno-Welirang,24.0
-7.6,112.45,459.0,19.8,0.2,Arjuno-Welirang,19.9
-7.6,112.5,426.0,16.1,0.3,Arjuno-Welirang,16.6
-7.6,112.55,389.9,12.6,0.4,Arjuno-Welirang,14.6
-7.6,112.6,353.6,9.4,0.5,Arjuno-Welirang,14.6
-7.6,112.65,319.0,6.9,0.8,Arjuno-Welirang,16.6
-7.6,112.7,287.1,4.9,1.0,Arjuno-Welirang,19.9
-7.6,112.75,258.4,3.4,1.3,Arjuno-Welirang,24.0
-7.6,112.8,232.8,2.4,1.6,Arjuno-Welirang,28.6
-7.6,112.85,209.9,1.6,1.8,Arjuno-Welirang,33.5
-7.6,112.9,189.1,1.1,2.0,Bromo,38.4
-7.6,112.95,169.9,0.7,2.1,Bromo,38.0
-7.6,113.0,152.0,0.5,2.0,Bromo,38.4
-7.6,113.05,135.2,0.3,1.8,Bromo,39.6
-7.6,113.1,119.5,0.2,1.6,Bromo,41.5
-7.6,113.15,105.1,0.1,1.3,Bromo,44.0
-7.6,113.2,91.8,0.0,1.0,Lamongan,44.8
-7.6,113.25,80.1,0.0,0.8,Lamongan,43.2
-7.6,113.3,69.6,0.0,0.5,Lamongan,42.2
-7.6,113.35,60.4,0.0,0.4,Lamongan,41.9
-7.6,113.4,52.3,0.0,0.3,Lamongan,42.4
-7.6,113.45,45.3,0.0,0.2,Lamongan,43.5
-7.6,113.5,39.2,0.0,0.1,Lamongan,45.3
-7.6,113.55,33.9,0.0,0.1,Lamongan,47.7
-7.6,113.6,29.4,0.0,0.1,Lamongan,50.6
-7.6,113.65,25.4,0.0,0.0,Lamongan,53.9
-7.6,113.7,22.0,0.0,0.0,Lamongan,57.5
-7.6,113.75,19.1,0.0,0.0,Lamongan,61.4
-7.6,113.8,16.5,0.0,0.0,Raung,64.2
-7.6,113.85,14.3,0.0,0.0,Raung,62.1
-7.6,113.9,12.4,0.0,0.0,Raung,60.4
-7.6,113.95,10.8,0.0,0.0,Raung,59.3
-7.6,114.0,9.4,0.0,0.0,Ijen,57.5
-7.6,114.05,8.2,0.0,0.0,Ijen,55.1
-7.6,114.1,7.2,0.0,0.0,Ijen,53.3
-7.6,114.15,6.2,0.0,0.0,Ijen,51.9
-7.6,114.2,5.4,0.0,0.0,Ijen,51.1
-7.6,114.25,4.8,0.0,0.0,Ijen,50.9
-7.6,114.3,4.2,0.0,0.0,Ijen,51.3
-7.6,114.35,3.6,0.0,0.0,Ijen,52.3
-7.6,114.4,3.2,0.0,0.0,Ijen,53.8
-7.6,114.45,2.8,0.0,0.0,Ijen,55.8
-7.6,114.5,2.4,0.0,0.0,Ijen,58.3
-7.6,114.55,2.1,0.0,0.0,Ijen,61.2
-7.6,114.6,1.9,0.0,0.0,Ijen,64.4
-7.6,114.65,1.6,0.0,0.0,Ijen,67.9
-7.6,114.7,1.4,0.0,0.0,Ijen,71.7
-7.6,114.75,1.3,0.0,0.0,Ijen,75.7
-7.55,110.5,5.7,0.0,0.0,Kelud,203.6
-7.55,110.55,6.5,0.0,0.0,Kelud,198.3
-7.55,110.6,7.3,0.0,0.0,Kelud,192.9
-7.55,110.65,8.3,0.0,0.0,Kelud,187.5
-7.55,110.7,9.5,0.0,0.0,Kelud,182.1
-7.55,110.75,10.7,0.0,0.0,Kelud,176.8
-7.55,110.8,12.2,0.0,0.0,Kelud,171.4
-7.55,110.85,13.9,0.0,0.0,Kelud,166.1
-7.55,110.9,15.8,0.0,0.0,Kelud,160.8
-7.55,110.95,17.9,0.0,0.0,Kelud,155.5
-7.55,111.0,20.4,0.0,0.0,Kelud,150.2
-7.55,111.05,23.2,0.0,0.0,Kelud,144.9
-7.55,111.1,26.5,0.0,0.0,Kelud,139.6
-7.55,111.15,30.2,0.0,0.0,Kelud,134.4
-7.55,111.2,34.4,0.0,0.0,Kelud,129.2
-7.55,111.25,39.3,0.0,0.0,Kelud,124.0
-7.55,111.3,44.9,0.0,0.0,Kelud,118.8
-7.55,111.35,51.3,0.0,0.0,Kelud,113.7
-7.55,111.4,58.6,0.0,0.0,Kelud,108.6
-7.55,111.45,67.0,0.0,0.0,Kelud,103.5
-7.55,111.5,76.9,0.1,0.0,Kelud,98.5
-7.55,111.55,88.0,0.2,0.0,Kelud,93.6
-7.55,111.6,100.8,0.3,0.0,Kelud,88.7
-7.55,111.65,115.4,0.5,0.0,Kelud,83.9
-7.55,111.7,132.0,0.7,0.0,Kelud,79.2
-7.55,111.75,150.8,1.1,0.0,Kelud,74.6
-7.55,111.8,172.0,1.6,0.0,Kelud,70.1
-7.55,111.85,195.6,2.3,0.0,Kelud,65.8
-7.55,111.9,221.8,3.2,0.0,Kelud,61.7
-7.55,111.95,250.2,4.5,0.0,Kelud,57.8
-7.55,112.0,280.3,6.0,0.0,Kelud,54.2
-7.55,112.05,311.3,7.9,0.0,Kelud,50.9
-7.55,112.1,341.8,10.0,0.0,Kelud,48.1
-7.55,112.15,369.9,12.2,0.0,Kelud,45.7
-7.55,112.2,393.3,14.2,0.0,Kelud,43.9
-7.55,112.25,409.8,15.6,0.0,Arjuno-Welirang,41.0
-7.55,112.3,417.5,16.2,0.0,Arjuno-Welirang,36.3
-7.55,112.35,415.5,15.9,0.1,Arjuno-Welirang,31.8
-7.55,112.4,404.4,14.7,0.1,Arjuno-Welirang,27.7
-7.55,112.45,385.7,12.9,0.1,Arjuno-Welirang,24.2
-7.55,112.5,361.7,10.7,0.2,Arjuno-Welirang,21.6
-7.55,112.55,334.6,8.6,0.3,Arjuno-Welirang,20.1
-7.55,112.6,306.5,6.6,0.4,Arjuno-Welirang,20.1
-7.55,112.65,278.9,4.9,0.5,Arjuno-Welirang,21.6
-7.55,112.7,252.7,3.6,0.7,Arjuno-Welirang,24.2
-7.55,112.75,228.5,2.6,0.9,Arjuno-Welirang,27.7
-7.55,112.8,206.3,1.8,1.0,Arjuno-Welirang,31.8
-7.55,112.85,186.1,1.2,1.2,Arjuno-Welirang,36.3
-7.55,112.9,167.6,0.8,1.3,Arjuno-Welirang,41.0
-7.55,112.95,150.6,0.6,1.3,Bromo,43.6
-7.55,113.0,134.8,0.4,1.3,Bromo,43.9
-7.55,113.05,120.2,0.3,1.2,Bromo,45.0
-7.55,113.1,106.7,0.2,1.0,Bromo,46.6
-7.55,113.15,94.2,0.1,0.9,Bromo,48.8
-7.55,113.2,82.8,0.0,0.7,Lamongan,50.0
-7.55,113.25,72.6,0.0,0.5,Lamongan,48.6
-7.55,113.3,63.5,0.0,0.4,Lamongan,47.7
-7.55,113.35,55.4,0.0,0.3,Lamongan,47.5
-7.55,113.4,48.3,0.0,0.2,Lamongan,47.9
-7.55,113.45,42.0,0.0,0.1,Lamongan,48.9
-7.55,113.5,36.5,0.0,0.1,Lamongan,50.5
-7.55,113.55,31.8,0.0,0.1,Lamongan,52.7
-7.55,113.6,27.6,0.0,0.0,Lamongan,55.3
-7.55,113.65,24.0,0.0,0.0,Lamongan,58.3
-7.55,113.7,20.8,0.0,0.0,Lamongan,61.7
-7.55,113.75,18.1,0.0,0.0,Lamongan,65.3
-7.55,113.8,15.7,0.0,0.0,Lamongan,69.2
-7.55,113.85,13.7,0.0,0.0,Raung,67.3
-7.55,113.9,11.9,0.0,0.0,Raung,65.8
-7.55,113.95,10.4,0.0,0.0,Raung,64.7
-7.55,114.0,9.1,0.0,0.0,Ijen,62.5
-7.55,114.05,7.9,0.0,0.0,Ijen,60.3
-7.55,114.1,6.9,0.0,0.0,Ijen,58.6
-7.55,114.15,6.0,0.0,0.0,Ijen,57.4
-7.55,114.2,5.3,0.0,0.0,Ijen,56.7
-7.55,114.25,4.6,0.0,0.0,Ijen,56.5
-7.55,114.3,4.0,0.0,0.0,Ijen,56.8
-7.55,114.35,3.5,0.0,0.0,Ijen,57.7
-7.55,114.4,3.1,0.0,0.0,Ijen,59.1
-7.55,114.45,2.7,0.0,0.0,Ijen,61.0
-7.55,114.5,2.3,0.0,0.0,Ijen,63.2
-7.55,114.55,2.1,0.0,0.0,Ijen,65.9
-7.55,114.6,1.8,0.0,0.0,Ijen,68.9
-7.55,114.65,1.6,0.0,0.0,Ijen,72.2
-7.55,114.7,1.4,0.0,0.0,Ijen,75.7
-7.55,114.75,1.2,0.0,0.0,Ijen,79.5
-7.5,110.5,5.6,0.0,0.0,Kelud,204.9
-7.5,110.55,6.3,0.0,0.0,Kelud,199.5
-7.5,110.6,7.1,0.0,0.0,Kelud,194.2
-7.5,110.65,8.1,0.0,0.0,Kelud,188.8
-7.5,110.7,9.1,0.0,0.0,Kelud,183.5
-7.5,110.75,10.4,0.0,0.0,Kelud,178.2
-7.5,110.8,11.8,0.0,0.0,Kelud,172.9
-7.5,110.85,13.4,0.0,0.0,Kelud,167.6
-7.5,110.9,15.2,0.0,0.0,Kelud,162.3
-7.5,110.95,17.2,0.0,0.0,Kelud,157.1
-7.5,111.0,19.6,0.0,0.0,Kelud,151.9
-7.5,111.05,22.3,0.0,0.0,Kelud,146.6
-7.5,111.1,25.3,0.0,0.0,Kelud,141.4
-7.5,111.15,28.8,0.0,0.0,Kelud,136.3
-7.5,111.2,32.8,0.0,0.0,Kelud,131.1
-7.5,111.25,37.3,0.0,0.0,Kelud,126.0
-7.5,111.3,42.5,0.0,0.0,Kelud,120.9
-7.5,111.35,48.4,0.0,0.0,Kelud,115.9
-7.5,111.4,55.2,0.0,0.0,Kelud,110.9
-7.5,111.45,62.9,0.0,0.0,Kelud,105.9
-7.5,111.5,71.8,0.1,0.0,Kelud,101.1
-7.5,111.55,81.9,0.2,0.0,Kelud,96.2
-7.5,111.6,93.3,0.3,0.0,Kelud,91.5
-7.5,111.65,106.2,0.4,0.0,Kelud,86.9
-7.5,111.7,120.8,0.6,0.0,Kelud,82.3
-7.5,111.75,137.1,0.8,0.0,Kelud,77.9
-7.5,111.8,155.2,1.2,0.0,Kelud,73.6
-7.5,111.85,175.2,1.7,0.0,Kelud,69.5
-7.5,111.9,196.9,2.3,0.0,Kelud,65.6
-7.5,111.95,220.0,3.1,0.0,Kelud,62.0
-7.5,112.0,244.0,4.2,0.0,Kelud,58.6
-7.5,112.05,268.2,5.3,0.0,Kelud,55.6
-7.5,112.1,291.5,6.6,0.0,Kelud,53.0
-7.5,112.15,312.6,7.9,0.0,Kelud,50.9
-7.5,112.2,329.8,9.1,0.0,Arjuno-Welirang,48.5
-7.5,112.25,341.8,9.9,0.0,Arjuno-Welirang,43.9
-7.5,112.3,347.4,10.2,0.0,Arjuno-Welirang,39.6
-7.5,112.35,346.1,10.0,0.1,Arjuno-Welirang,35.5
-7.5,112.4,338.3,9.4,0.1,Arjuno-Welirang,31.9
-7.5,112.45,324.8,8.3,0.1,Arjuno-Welirang,29.0
-7.5,112.5,307.1,7.0,0.1,Arjuno-Welirang,26.8
-7.5,112.55,286.6,5.7,0.2,Arjuno-Welirang,25.6
-7.5,112.6,264.8,4.5,0.3,Arjuno-Welirang,25.6
-7.5,112.65,242.8,3.4,0.4,Arjuno-Welirang,26.8
-7.5,112.7,221.4,2.6,0.5,Arjuno-Welirang,29.0
-7.5,112.75,201.2,1.9,0.6,Arjuno-Welirang,31.9
-7.5,112.8,182.3,1.3,0.7,Arjuno-Welirang,35.5
-7.5,112.85,164.8,0.9,0.8,Arjuno-Welirang,39.6
-7.5,112.9,148.7,0.7,0.8,Arjuno-Welirang,43.9
-7.5,112.95,133.8,0.4,0.8,Arjuno-Welirang,48.5
-7.5,113.0,120.0,0.3,0.8,Bromo,49.5
-7.5,113.05,107.2,0.2,0.8,Bromo,50.4
-7.5,113.1,95.5,0.1,0.7,Bromo,51.9
-7.5,113.15,84.6,0.0,0.6,Bromo,53.9
-7.5,113.2,74.8,0.0,0.5,Lamongan,55.3
-7.5,113.25,65.9,0.0,0.4,Lamongan,54.0
-7.5,113.3,57.9,0.0,0.3,Lamongan,53.3
-7.5,113.35,50.8,0.0,0.2,Lamongan,53.0
-7.5,113.4,44.5,0.0,0.1,Lamongan,53.4
-7.5,113.45,38.9,0.0,0.1,Lamongan,54.3
-7.5,113.5,34.0,0.0,0.1,Lamongan,55.8
-7.5,113.55,29.6,0.0,0.1,Lamongan,57.7
-7.5,113.6,25.9,0.0,0.0,Lamongan,60.1
-7.5,113.65,22.5,0.0,0.0,Lamongan,62.9
-7.5,113.7,19.6,0.0,0.0,Lamongan,66.0
-7.5,113.75,17.1,0.0,0.0,Lamongan,69.5
-7.5,113.8,14.9,0.0,0.0,Lamongan,73.1
-7.5,113.85,13.0,0.0,0.0,Raung,72.6
-7.5,113.9,11.4,0.0,0.0,Raung,71.2
-7.5,113.95,9.9,0.0,0.0,Ijen,69.9
-7.5,114.0,8.7,0.0,0.0,Ijen,67.5
-7.5,114.05,7.6,0.0,0.0,Ijen,65.6
-7.5,114.1,6.6,0.0,0.0,Ijen,64.0
-7.5,114.15,5.8,0.0,0.0,Ijen,62.9
-7.5,114.2,5.1,0.0,0.0,Ijen,62.2
-7.5,114.25,4.5,0.0,0.0,Ijen,62.1
-7.5,114.3,3.9,0.0,0.0,Ijen,62.4
-7.5,114.35,3.4,0.0,0.0,Ijen,63.2
-7.5,114.4,3.0,0.0,0.0,Ijen,64.4
-7.5,114.45,2.6,0.0,0.0,Ijen,66.1
-7.5,114.5,2.3,0.0,0.0,Ijen,68.2
-7.5,114.55,2.0,0.0,0.0,Ijen,70.7
-7.5,114.6,1.8,0.0,0.0,Ijen,73.5
-7.5,114.65,1.6,0.0,0.0,Ijen,76.6
-7.5,114.7,1.4,0.0,0.0,Ijen,80.0
-7.5,114.75,1.2,0.0,0.0,Ijen,83.6
-7.45,110.5,5.4,0.0,0.0,Kelud,206.3
-7.45,110.55,6.1,0.0,0.0,Kelud,200.9
-7.45,110.6,6.9,0.0,0.0,Kelud,195.6
-7.45,110.65,7.8,0.0,0.0,Kelud,190.3
-7.45,110.7,8.8,0.0,0.0,Kelud,185.1
-7.45,110.75,10.0,0.0,0.0,Kelud,179.8
-7.45,110.8,11.3,0.0,0.0,Kelud,174.5
-7.45,110.85,12.8,0.0,0.0,Kelud,169.3
-7.45,110.9,14.6,0.0,0.0,Kelud,164.1
-7.45,110.95,16.5,0.0,0.0,Kelud,158.9
-7.45,111.0,18.7,0.0,0.0,Kelud,153.7
-7.45,111.05,21.2,0.0,0.0,Kelud,148.5
-7.45,111.1,24.1,0.0,0.0,Kelud,143.4
-7.45,111.15,27.3,0.0,0.0,Kelud,138.3
-7.45,111.2,31.1,0.0,0.0,Kelud,133.3
-7.45,111.25,35.3,0.0,0.0,Kelud,128.2
-7.45,111.3,40.1,0.0,0.0,Kelud,123.2
-7.45,111.35,45.5,0.0,0.0,Kelud,118.3
-7.45,111.4,51.7,0.0,0.0,Kelud,113.4
-7.45,111.45,58.7,0.0,0.0,Kelud,108.6
-7.45,111.5,66.6,0.0,0.0,Kelud,103.8
-7.45,111.55,75.7,0.1,0.0,Kelud,99.1
-7.45,111.6,85.8,0.2,0.0,Kelud,94.5
-7.45,111.65,97.2,0.3,0.0,Kelud,90.0
-7.45,111.7,109.9,0.4,0.0,Kelud,85.7
-7.45,111.75,123.9,0.6,0.0,Kelud,81.4
-7.45,111.8,139.3,0.9,0.0,Kelud,77.3
-7.45,111.85,156.0,1.2,0.0,Kelud,73.5
-7.45,111.9,173.9,1.6,0.0,Kelud,69.8
-7.45,111.95,192.7,2.2,0.0,Kelud,66.4
-7.45,112.0,211.9,2.8,0.0,Kelud,63.3
-7.45,112.05,230.8,3.6,0.0,Kelud,60.5
-7.45,112.1,248.7,4.3,0.0,Kelud,58.1
-7.45,112.15,264.6,5.1,0.0,Kelud,56.1
-7.45,112.2,277.5,5.8,0.0,Arjuno-Welirang,51.7
-7.45,112.25,286.4,6.2,0.0,Arjuno-Welirang,47.4
-7.45,112.3,290.6,6.4,0.0,Arjuno-Welirang,43.4
-7.45,112.35,289.8,6.3,0.0,Arjuno-Welirang,39.7
-7.45,112.4,284.1,5.9,0.1,Arjuno-Welirang,36.5
-7.45,112.45,274.2,5.3,0.1,Arjuno-Welirang,33.9
-7.45,112.5,260.9,4.6,0.1,Arjuno-Welirang,32.1
-7.45,112.55,245.3,3.8,0.1,Arjuno-Welirang,31.1
-7.45,112.6,228.3,3.1,0.2,Arjuno-Welirang,31.1
-7.45,112.65,210.8,2.4,0.2,Arjuno-Welirang,32.1
-7.45,112.7,193.4,1.8,0.3,Arjuno-Welirang,33.9
-7.45,112.75,176.7,1.3,0.4,Arjuno-Welirang,36.5
-7.45,112.8,160.7,1.0,0.4,Arjuno-Welirang,39.7
-7.45,112.85,145.8,0.7,0.5,Arjuno-Welirang,43.4
-7.45,112.9,131.8,0.5,0.5,Arjuno-Welirang,47.4
-7.45,112.95,118.9,0.3,0.5,Arjuno-Welirang,51.7
-7.45,113.0,106.9,0.2,0.5,Bromo,55.0
-7.45,113.05,95.8,0.2,0.5,Bromo,55.8
-7.45,113.1,85.4,0.0,0.4,Bromo,57.2
-7.45,113.15,76.1,0.0,0.4,Bromo,59.0
-7.45,113.2,67.5,0.0,0.3,Lamongan,60.7
-7.45,113.25,59.8,0.0,0.2,Lamongan,59.5
-7.45,113.3,52.8,0.0,0.2,Lamongan,58.8
-7.45,113.35,46.5,0.0,0.1,Lamongan,58.6
-7.45,113.4,40.9,0.0,0.1,Lamongan,58.9
-7.45,113.45,35.9,0.0,0.1,Lamongan,59.8
-7.45,113.5,31.5,0.0,0.1,Lamongan,61.1
-7.45,113.55,27.6,0.0,0.0,Lamongan,62.9
-7.45,113.6,24.1,0.0,0.0,Lamongan,65.1
-7.45,113.65,21.1,0.0,0.0,Lamongan,67.7
-7.45,113.7,18.5,0.0,0.0,Lamongan,70.6
-7.45,113.75,16.1,0.0,0.0,Lamongan,73.8
-7.45,113.8,14.1,0.0,0.0,Lamongan,77.3
-7.45,113.85,12.4,0.0,0.0,Raung,78.0
-7.45,113.9,10.8,0.0,0.0,Raung,76.7
-7.45,113.95,9.5,0.0,0.0,Ijen,74.9
-7.45,114.0,8.3,0.0,0.0,Ijen,72.7
-7.45,114.05,7.3,0.0,0.0,Ijen,70.8
-7.45,114.1,6.4,0.0,0.0,Ijen,69.4
-7.45,114.15,5.6,0.0,0.0,Ijen,68.4
-7.45,114.2,4.9,0.0,0.0,Ijen,67.8
-7.45,114.25,4.3,0.0,0.0,Ijen,67.6
-7.45,114.3,3.8,0.0,0.0,Ijen,67.9
-7.45,114.35,3.3,0.0,0.0,Ijen,68.6
-7.45,114.4,2.9,0.0,0.0,Ijen,69.8
-7.45,114.45,2.5,0.0,0.0,Ijen,71.4
-7.45,114.5,2.2,0.0,0.0,Ijen,73.3
-7.45,114.55,1.9,0.0,0.0,Ijen,75.6
-7.45,114.6,1.7,0.0,0.0,Ijen,78.3
-7.45,114.65,1.5,0.0,0.0,Ijen,81.2
-7.45,114.7,1.3,0.0,0.0,Ijen,84.4
-7.45,114.75,1.2,0.0,0.0,Ijen,87.8
-7.4,110.5,5.2,0.0,0.0,Kelud,207.8
-7.4,110.55,5.9,0.0,0.0,Kelud,202.5
-7.4,110.6,6.6,0.0,0.0,Kelud,197.2
-7.4,110.65,7.5,0.0,0.0,Kelud,192.0
-7.4,110.7,8.5,0.0,0.0,Kelud,186.7
-7.4,110.75,9.6,0.0,0.0,Kelud,181.5
-7.4,110.8,10.8,0.0,0.0,Kelud,176.3
-7.4,110.85,12.3,0.0,0.0,Kelud,171.1
-7.4,110.9,13.9,0.0,0.0,Kelud,166.0
-7.4,110.95,15.7,0.0,0.0,Kelud,160.8
-7.4,111.0,17.8,0.0,0.0,Kelud,155.7
-7.4,111.05,20.2,0.0,0.0,Kelud,150.6
-7.4,111.1,22.8,0.0,0.0,Kelud,145.6
-7.4,111.15,25.9,0.0,0.0,Kelud,140.6
-7.4,111.2,29.3,0.0,0.0,Kelud,135.6
-7.4,111.25,33.2,0.0,0.0,Kelud,130.6
-7.4,111.3,37.6,0.0,0.0,Kelud,125.7
-7.4,111.35,42.5,0.0,0.0,Kelud,120.9
-7.4,111.4,48.1,0.0,0.0,Kelud,116.1
-7.4,111.45,54.4,0.0,0.0,Kelud,111.4
-7.4,111.5,61.5,0.0,0.0,Kelud,106.8
-7.4,111.55,69.5,0.0,0.0,Kelud,102.2
-7.4,111.6,78.5,0.2,0.0,Kelud,97.8
-7.4,111.65,88.5,0.2,0.0,Kelud,93.4
-7.4,111.7,99.4,0.3,0.0,Kelud,89.2
-7.4,111.75,111.4,0.5,0.0,Kelud,85.2
-7.4,111.8,124.4,0.6,0.0,Kelud,81.3
-7.4,111.85,138.4,0.9,0.0,Kelud,77.6
-7.4,111.9,153.1,1.1,0.0,Kelud,74.1
-7.4,111.95,168.3,1.5,0.0,Kelud,70.9
-7.4,112.0,183.6,1.9,0.0,Kelud,68.0
-7.4,112.05,198.5,2.4,0.0,Kelud,65.4
-7.4,112.1,212.4,2.8,0.0,Kelud,63.2
-7.4,112.15,224.6,3.3,0.0,Arjuno-Welirang,59.4
-7.4,112.2,234.3,3.7,0.0,Arjuno-Welirang,55.2
-7.4,112.25,241.0,3.9,0.0,Arjuno-Welirang,51.2
-7.4,112.3,244.2,4.0,0.0,Arjuno-Welirang,47.5
-7.4,112.35,243.6,4.0,0.0,Arjuno-Welirang,44.2
-7.4,112.4,239.5,3.8,0.0,Arjuno-Welirang,41.4
-7.4,112.45,232.1,3.4,0.1,Arjuno-Welirang,39.1
-7.4,112.5,222.0,3.0,0.1,Arjuno-Welirang,37.5
-7.4,112.55,210.0,2.5,0.1,Arjuno-Welirang,36.7
-7.4,112.6,196.7,2.0,0.1,Arjuno-Welirang,36.7
-7.4,112.65,182.7,1.6,0.2,Arjuno-Welirang,37.5
-7.4,112.7,168.6,1.2,0.2,Arjuno-Welirang,39.1
-7.4,112.75,154.8,0.9,0.2,Arjuno-Welirang,41.4
-7.4,112.8,141.4,0.7,0.3,Arjuno-Welirang,44.2
-7.4,112.85,128.7,0.5,0.3,Arjuno-Welirang,47.5
-7.4,112.9,116.8,0.4,0.3,Arjuno-Welirang,51.2
-7.4,112.95,105.6,0.3,0.3,Arjuno-Welirang,55.2
-7.4,113.0,95.2,0.2,0.3,Arjuno-Welirang,59.4
-7.4,113.05,85.6,0.1,0.3,Bromo,61.3
-7.4,113.1,76.6,0.0,0.3,Bromo,62.5
-7.4,113.15,68.5,0.0,0.2,Bromo,64.2
-7.4,113.2,61.0,0.0,0.2,Lamongan,66.1
-7.4,113.25,54.2,0.0,0.2,Lamongan,65.0
-7.4,113.3,48.0,0.0,0.1,Lamongan,64.3
-7.4,113.35,42.5,0.0,0.1,Lamongan,64.2
-7.4,113.4,37.5,0.0,0.1,Lamongan,64.5
-7.4,113.45,33.1,0.0,0.1,Lamongan,65.2
-7.4,113.5,29.1,0.0,0.0,Lamongan,66.5
-7.4,113.55,25.6,0.0,0.0,Lamongan,68.1
-7.4,113.6,22.5,0.0,0.0,Lamongan,70.1
-7.4,113.65,19.7,0.0,0.0,Lamongan,72.5
-7.4,113.7,17.3,0.0,0.0,Lamongan,75.3
-7.4,113.75,15.2,0.0,0.0,Lamongan,78.3
-7.4,113.8,13.3,0.0,0.0,Lamongan,81.6
-7.4,113.85,11.7,0.0,0.0,Raung,83.3
-7.4,113.9,10.3,0.0,0.0,Raung,82.1
-7.4,113.95,9.0,0.0,0.0,Ijen,79.9
-7.4,114.0,7.9,0.0,0.0,Ijen,77.9
-7.4,114.05,6.9,0.0,0.0,Ijen,76.2
-7.4,114.1,6.1,0.0,0.0,Ijen,74.8
-7.4,114.15,5.4,0.0,0.0,Ijen,73.9
-7.4,114.2,4.7,0.0,0.0,Ijen,73.3
-7.4,114.25,4.1,0.0,0.0,Ijen,73.2
-7.4,114.3,3.6,0.0,0.0,Ijen,73.4
-7.4,114.35,3.2,0.0,0.0,Ijen,74.1
-7.4,114.4,2.8,0.0,0.0,Ijen,75.2
-7.4,114.45,2.4,0.0,0.0,Ijen,76.7
-7.4,114.5,2.1,0.0,0.0,Ijen,78.5
-7.4,114.55,1.9,0.0,0.0,Ijen,80.7
-7.4,114.6,1.7,0.0,0.0,Ijen,83.1
-7.4,114.65,1.5,0.0,0.0,Ijen,85.9
-7.4,114.7,1.3,0.0,0.0,Ijen,88.9
-7.4,114.75,1.1,0.0,0.0,Ijen,92.1
-7.35,110.5,5.0,0.0,0.0,Kelud,209.4
-7.35,110.55,5.6,0.0,0.0,Kelud,204.2
-7.35,110.6,6.4,0.0,0.0,Kelud,199.0
-7.35,110.65,7.2,0.0,0.0,Kelud,193.8
-7.35,110.7,8.1,0.0,0.0,Kelud,188.6
-7.35,110.75,9.2,0.0,0.0,Kelud,183.4
-7.35,110.8,10.4,0.0,0.0,Kelud,178.3
-7.35,110.85,11.7,0.0,0.0,Kelud,173.1
-7.35,110.9,13.2,0.0,0.0,Kelud,168.0
-7.35,110.95,14.9,0.0,0.0,Kelud,163.0
-7.35,111.0,16.9,0.0,0.0,Kelud,157.9
-7.35,111.05,19.1,0.0,0.0,Kelud,152.9
-7.35,111.1,21.6,0.0,0.0,Kelud,147.9
-7.35,111.15,24.3,0.0,0.0,Kelud,143.0
-7.35,111.2,27.5,0.0,0.0,Kelud,138.1
-7.35,111.25,31.1,0.0,0.0,Kelud,133.2
-7.35,111.3,35.1,0.0,0.0,Kelud,128.5
-7.35,111.35,39.6,0.0,0.0,Kelud,123.7
-7.35,111.4,44.6,0.0,0.0,Kelud,119.1
-7.35,111.45,50.3,0.0,0.0,Kelud,114.5
-7.35,111.5,56.6,0.0,0.0,Kelud,109.9
-7.35,111.55,63.6,0.0,0.0,Kelud,105.5
-7.35,111.6,71.5,0.1,0.0,Kelud,101.2
-7.35,111.65,80.2,0.2,0.0,Kelud,97.0
-7.35,111.7,89.6,0.2,0.0,Kelud,93.0
-7.35,111.75,99.8,0.3,0.0,Kelud,89.1
-7.35,111.8,110.7,0.4,0.0,Kelud,85.4
-7.35,111.85,122.4,0.6,0.0,Kelud,81.9
-7.35,111.9,134.4,0.8,0.0,Kelud,78.6
-7.35,111.95,146.8,1.0,0.0,Kelud,75.6
-7.35,112.0,159.0,1.3,0.0,Kelud,72.9
-7.35,112.05,170.8,1.5,0.0,Kelud,70.5
-7.35,112.1,181.7,1.8,0.0,Arjuno-Welirang,67.2
-7.35,112.15,191.0,2.1,0.0,Arjuno-Welirang,63.0
-7.35,112.2,198.5,2.3,0.0,Arjuno-Welirang,59.0
-7.35,112.25,203.6,2.5,0.0,Arjuno-Welirang,55.3
-7.35,112.3,206.0,2.5,0.0,Arjuno-Welirang,51.9
-7.35,112.35,205.6,2.5,0.0,Arjuno-Welirang,48.9
-7.35,112.4,202.5,2.4,0.0,Arjuno-Welirang,46.3
-7.35,112.45,196.9,2.2,0.0,Arjuno-Welirang,44.3
-7.35,112.5,189.2,1.9,0.1,Arjuno-Welirang,42.9
-7.35,112.55,179.9,1.6,0.1,Arjuno-Welirang,42.2
-7.35,112.6,169.4,1.4,0.1,Arjuno-Welirang,42.2
-7.35,112.65,158.2,1.1,0.1,Arjuno-Welirang,42.9
-7.35,112.7,146.8,0.9,0.1,Arjuno-Welirang,44.3
-7.35,112.75,135.4,0.7,0.2,Arjuno-Welirang,46.3
-7.35,112.8,124.3,0.5,0.2,Arjuno-Welirang,48.9
-7.35,112.85,113.6,0.4,0.2,Arjuno-Welirang,51.9
-7.35,112.9,103.4,0.3,0.2,Arjuno-Welirang,55.3
-7.35,112.95,93.8,0.2,0.2,Arjuno-Welirang,59.0
-7.35,113.0,84.9,0.1,0.2,Arjuno-Welirang,63.0
-7.35,113.05,76.4,0.0,0.2,Bromo,66.7
-7.35,113.1,68.7,0.0,0.2,Bromo,67.9
-7.35,113.15,61.6,0.0,0.2,Bromo,69.4
-7.35,113.2,55.1,0.0,0.1,Bromo,71.4
-7.35,113.25,49.1,0.0,0.1,Lamongan,70.5
-7.35,113.3,43.7,0.0,0.1,Lamongan,69.9
-7.35,113.35,38.8,0.0,0.1,Lamongan,69.7
-7.35,113.4,34.4,0.0,0.1,Lamongan,70.0
-7.35,113.45,30.4,0.0,0.0,Lamongan,70.7
-7.35,113.5,26.9,0.0,0.0,Lamongan,71.8
-7.35,113.55,23.7,0.0,0.0,Lamongan,73.4
-7.35,113.6,20.9,0.0,0.0,Lamongan,75.3
-7.35,113.65,18.4,0.0,0.0,Lamongan,77.5
-7.35,113.7,16.2,0.0,0.0,Lamongan,80.1
-7.35,113.75,14.2,0.0,0.0,Lamongan,82.9
-7.35,113.8,12.5,0.0,0.0,Lamongan,86.0
-7.35,113.85,11.0,0.0,0.0,Raung,88.7
-7.35,113.9,9.7,0.0,0.0,Ijen,87.3
-7.35,113.95,8.5,0.0,0.0,Ijen,85.0
-7.35,114.0,7.5,0.0,0.0,Ijen,83.1
-7.35,114.05,6.6,0.0,0.0,Ijen,81.5
-7.35,114.1,5.8,0.0,0.0,Ijen,80.3
-7.35,114.15,5.1,0.0,0.0,Ijen,79.4
-7.35,114.2,4.5,0.0,0.0,Ijen,78.9
-7.35,114.25,4.0,0.0,0.0,Ijen,78.7
-7.35,114.3,3.5,0.0,0.0,Ijen,79.0
-7.35,114.35,3.1,0.0,0.0,Ijen,79.6
-7.35,114.4,2.7,0.0,0.0,Ijen,80.6
-7.35,114.45,2.3,0.0,0.0,Ijen,82.0
-7.35,114.5,2.1,0.0,0.0,Ijen,83.7
-7.35,114.55,1.8,0.0,0.0,Ijen,85.7
-7.35,114.6,1.6,0.0,0.0,Ijen,88.1
-7.35,114.65,1.4,0.0,0.0,Ijen,90.7
-7.35,114.7,1.3,0.0,0.0,Ijen,93.5
-7.35,114.75,1.1,0.0,0.0,Ijen,96.6
-7.3,110.5,4.8,0.0,0.0,Kelud,211.2
-7.3,110.55,5.4,0.0,0.0,Kelud,206.0
-7.3,110.6,6.1,0.0,0.0,Kelud,200.9
-7.3,110.65,6.9,0.0,0.0,Kelud,195.7
-7.3,110.7,7.8,0.0,0.0,Kelud,190.6
-7.3,110.75,8.7,0.0,0.0,Kelud,185.5
-7.3,110.8,9.9,0.0,0.0,Kelud,180.4
-7.3,110.85,11.1,0.0,0.0,Kelud,175.3
-7.3,110.9,12.5,0.0,0.0,Kelud,170.3
-7.3,110.95,14.1,0.0,0.0,Kelud,165.3
-7.3,111.0,16.0,0.0,0.0,Kelud,160.3
-7.3,111.05,18.0,0.0,0.0,Kelud,155.3
-7.3,111.1,20.3,0.0,0.0,Kelud,150.4
-7.3,111.15,22.8,0.0,0.0,Kelud,145.6
-7.3,111.2,25.7,0.0,0.0,Kelud,140.8
-7.3,111.25,29.0,0.0,0.0,Kelud,136.0
-7.3,111.3,32.6,0.0,0.0,Kelud,131.3
-7.3,111.35,36.7,0.0,0.0,Kelud,126.7
-7.3,111.4,41.2,0.0,0.0,Kelud,122.2
-7.3,111.45,46.2,0.0,0.0,Kelud,117.7
-7.3,111.5,51.8,0.0,0.0,Kelud,113.3
-7.3,111.55,58.0,0.0,0.0,Kelud,109.0
-7.3,111.6,64.8,0.0,0.0,Kelud,104.9
-7.3,111.65,72.3,0.1,0.0,Kelud,100.8
-7.3,111.7,80.4,0.2,0.0,Kelud,96.9
-7.3,111.75,89.1,0.2,0.0,Kelud,93.2
-7.3,111.8,98.3,0.3,0.0,Kelud,89.7
-7.3,111.85,107.9,0.4,0.0,Kelud,86.3
-7.3,111.9,117.8,0.5,0.0,Kelud,83.2
-7.3,111.95,127.9,0.7,0.0,Kelud,80.4
-7.3,112.0,137.7,0.8,0.0,Kelud,77.8
-7.3,112.05,147.0,1.0,0.0,Arjuno-Welirang,75.0
-7.3,112.1,155.6,1.2,0.0,Arjuno-Welirang,70.8
-7.3,112.15,162.9,1.3,0.0,Arjuno-Welirang,66.9
-7.3,112.2,168.6,1.5,0.0,Arjuno-Welirang,63.1
-7.3,112.25,172.6,1.6,0.0,Arjuno-Welirang,59.7
-7.3,112.3,174.5,1.6,0.0,Arjuno-Welirang,56.5
-7.3,112.35,174.2,1.6,0.0,Arjuno-Welirang,53.8
-7.3,112.4,171.8,1.5,0.0,Arjuno-Welirang,51.5
-7.3,112.45,167.5,1.4,0.0,Arjuno-Welirang,49.7
-7.3,112.5,161.5,1.2,0.0,Arjuno-Welirang,48.4
-7.3,112.55,154.2,1.1,0.0,Arjuno-Welirang,47.8
-7.3,112.6,145.9,0.9,0.1,Arjuno-Welirang,47.8
-7.3,112.65,137.0,0.7,0.1,Arjuno-Welirang,48.4
-7.3,112.7,127.7,0.6,0.1,Arjuno-Welirang,49.7
-7.3,112.75,118.3,0.4,0.1,Arjuno-Welirang,51.5
-7.3,112.8,109.0,0.3,0.1,Arjuno-Welirang,53.8
-7.3,112.85,100.1,0.3,0.1,Arjuno-Welirang,56.5
-7.3,112.9,91.4,0.2,0.1,Arjuno-Welirang,59.7
-7.3,112.95,83.3,0.1,0.1,Arjuno-Welirang,63.1
-7.3,113.0,75.4,0.0,0.1,Arjuno-Welirang,66.9
-7.3,113.05,68.3,0.0,0.1,Arjuno-Welirang,70.8
-7.3,113.1,61.6,0.0,0.1,Bromo,73.3
-7.3,113.15,55.4,0.0,0.1,Bromo,74.7
-7.3,113.2,49.7,0.0,0.1,Bromo,76.5
-7.3,113.25,44.5,0.0,0.1,Lamongan,76.0
-7.3,113.3,39.7,0.0,0.1,Lamongan,75.4
-7.3,113.35,35.4,0.0,0.0,Lamongan,75.3
-7.3,113.4,31.4,0.0,0.0,Lamongan,75.5
-7.3,113.45,27.9,0.0,0.0,Lamongan,76.2
-7.3,113.5,24.8,0.0,0.0,Lamongan,77.2
-7.3,113.55,21.9,0.0,0.0,Lamongan,78.7
-7.3,113.6,19.4,0.0,0.0,Lamongan,80.4
-7.3,113.65,17.1,0.0,0.0,Lamongan,82.5
-7.3,113.7,15.1,0.0,0.0,Lamongan,84.9
-7.3,113.75,13.3,0.0,0.0,Lamongan,87.6
-7.3,113.8,11.8,0.0,0.0,Lamongan,90.6
-7.3,113.85,10.4,0.0,0.0,Lamongan,93.7
-7.3,113.9,9.2,0.0,0.0,Ijen,92.3
-7.3,113.95,8.1,0.0,0.0,Ijen,90.2
-7.3,114.0,7.1,0.0,0.0,Ijen,88.4
-7.3,114.05,6.3,0.0,0.0,Ijen,86.9
-7.3,114.1,5.5,0.0,0.0,Ijen,85.7
-7.3,114.15,4.9,0.0,0.0,Ijen,84.9
-7.3,114.2,4.3,0.0,0.0,Ijen,84.4
-7.3,114.25,3.8,0.0,0.0,Ijen,84.3
-7.3,114.3,3.3,0.0,0.0,Ijen,84.5
-7.3,114.35,3.0,0.0,0.0,Ijen,85.1
-7.3,114.4,2.5,0.0,0.0,Ijen,86.1
-7.3,114.45,2.2,0.0,0.0,Ijen,87.3
-7.3,114.5,2.0,0.0,0.0,Ijen,89.0
-7.3,114.55,1.8,0.0,0.0,Ijen,90.9
-7.3,114.6,1.6,0.0,0.0,Ijen,93.1
-7.3,114.65,1.4,0.0,0.0,Ijen,95.5
-7.3,114.7,1.2,0.0,0.0,Ijen,98.2
-7.3,114.75,1.1,0.0,0.0,Ijen,101.2
-7.25,110.5,4.6,0.0,0.0,Kelud,213.1
-7.25,110.55,5.2,0.0,0.0,Kelud,208.0
-7.25,110.6,5.8,0.0,0.0,Kelud,202.9
-7.25,110.65,6.6,0.0,0.0,Kelud,197.8
-7.25,110.7,7.4,0.0,0.0,Kelud,192.7
-7.25,110.75,8.3,0.0,0.0,Kelud,187.6
-7.25,110.8,9.3,0.0,0.0,Kelud,182.6
-7.25,110.85,10.5,0.0,0.0,Kelud,177.6
-7.25,110.9,11.8,0.0,0.0,Kelud,172.6
-7.25,110.95,13.3,0.0,0.0,Kelud,167.7
-7.25,111.0,15.0,0.0,0.0,Kelud,162.8
-7.25,111.05,16.9,0.0,0.0,Kelud,157.9
-7.25,111.1,19.0,0.0,0.0,Kelud,153.1
-7.25,111.15,21.3,0.0,0.0,Kelud,148.4
-7.25,111.2,24.0,0.0,0.0,Kelud,143.6
-7.25,111.25,26.9,0.0,0.0,Kelud,139.0
-7.25,111.3,30.2,0.0,0.0,Kelud,134.4
-7.25,111.35,33.8,0.0,0.0,Kelud,129.9
-7.25,111.4,37.9,0.0,0.0,Kelud,125.4
-7.25,111.45,42.4,0.0,0.0,Kelud,121.1
-7.25,111.5,47.3,0.0,0.0,Kelud,116.8
-7.25,111.55,52.7,0.0,0.0,Kelud,112.7
-7.25,111.6,58.6,0.0,0.0,Kelud,108.7
-7.25,111.65,65.0,0.0,0.0,Kelud,104.8
-7.25,111.7,72.0,0.1,0.0,Kelud,101.0
-7.25,111.75,79.3,0.2,0.0,Kelud,97.5
-7.25,111.8,87.0,0.2,0.0,Kelud,94.1
-7.25,111.85,95.0,0.3,0.0,Kelud,90.9
-7.25,111.9,103.2,0.4,0.0,Kelud,88.0
-7.25,111.95,111.3,0.5,0.0,Kelud,85.3
-7.25,112.0,119.2,0.6,0.0,Arjuno-Welirang,82.8
-7.25,112.05,126.7,0.7,0.0,Arjuno-Welirang,78.7
-7.25,112.1,133.4,0.8,0.0,Arjuno-Welirang,74.7
-7.25,112.15,139.2,0.9,0.0,Arjuno-Welirang,70.9
-7.25,112.2,143.7,0.9,0.0,Arjuno-Welirang,67.4
-7.25,112.25,146.7,1.0,0.0,Arjuno-Welirang,64.2
-7.25,112.3,148.2,1.0,0.0,Arjuno-Welirang,61.3
-7.25,112.35,148.0,1.0,0.0,Arjuno-Welirang,58.8
-7.25,112.4,146.2,1.0,0.0,Arjuno-Welirang,56.6
-7.25,112.45,142.8,0.9,0.0,Arjuno-Welirang,55.0
-7.25,112.5,138.2,0.8,0.0,Arjuno-Welirang,53.9
-7.25,112.55,132.4,0.7,0.0,Arjuno-Welirang,53.3
-7.25,112.6,125.8,0.6,0.0,Arjuno-Welirang,53.3
-7.25,112.65,118.6,0.5,0.0,Arjuno-Welirang,53.9
-7.25,112.7,111.0,0.4,0.1,Arjuno-Welirang,55.0
-7.25,112.75,103.3,0.3,0.1,Arjuno-Welirang,56.6
-7.25,112.8,95.6,0.2,0.1,Arjuno-Welirang,58.8
-7.25,112.85,88.1,0.2,0.1,Arjuno-Welirang,61.3
-7.25,112.9,80.8,0.1,0.1,Arjuno-Welirang,64.2
-7.25,112.95,73.7,0.0,0.1,Arjuno-Welirang,67.4
-7.25,113.0,67.1,0.0,0.1,Arjuno-Welirang,70.9
-7.25,113.05,60.9,0.0,0.1,Arjuno-Welirang,74.7
-7.25,113.1,55.2,0.0,0.1,Arjuno-Welirang,78.7
-7.25,113.15,49.8,0.0,0.1,Bromo,80.0
-7.25,113.2,44.8,0.0,0.1,Bromo,81.7
-7.25,113.25,40.2,0.0,0.0,Lamongan,81.5
-7.25,113.3,36.0,0.0,0.0,Lamongan,81.0
-7.25,113.35,32.2,0.0,0.0,Lamongan,80.8
-7.25,113.4,28.7,0.0,0.0,Lamongan,81.1
-7.25,113.45,25.6,0.0,0.0,Lamongan,81.7
-7.25,113.5,22.8,0.0,0.0,Lamongan,82.7
-7.25,113.55,20.2,0.0,0.0,Lamongan,84.0
-7.25,113.6,17.9,0.0,0.0,Lamongan,85.7
-7.25,113.65,15.9,0.0,0.0,Lamongan,87.6
-7.25,113.7,14.1,0.0,0.0,Lamongan,89.9
-7.25,113.75,12.5,0.0,0.0,Lamongan,92.5
-7.25,113.8,11.0,0.0,0.0,Lamongan,95.2
-7.25,113.85,9.7,0.0,0.0,Lamongan,98.3
-7.25,113.9,8.6,0.0,0.0,Ijen,97.4
-7.25,113.95,7.6,0.0,0.0,Ijen,95.4
-7.25,114.0,6.7,0.0,0.0,Ijen,93.7
-7.25,114.05,5.9,0.0,0.0,Ijen,92.3
-7.25,114.1,5.2,0.0,0.0,Ijen,91.2
-7.25,114.15,4.6,0.0,0.0,Ijen,90.4
-7.25,114.2,4.1,0.0,0.0,Ijen,90.0
-7.25,114.25,3.6,0.0,0.0,Ijen,89.8
-7.25,114.3,3.2,0.0,0.0,Ijen,90.1
-7.25,114.35,2.8,0.0,0.0,Ijen,90.6
-7.25,114.4,2.4,0.0,0.0,Ijen,91.5
-7.25,114.45,2.2,0.0,0.0,Ijen,92.7
-7.25,114.5,1.9,0.0,0.0,Ijen,94.2
-7.25,114.55,1.7,0.0,0.0,Ijen,96.0
-7.25,114.6,1.5,0.0,0.0,Ijen,98.1
-7.25,114.65,1.3,0.0,0.0,Ijen,100.5
-7.25,114.7,1.2,0.0,0.0,Ijen,103.1
-7.25,114.75,1.0,0.0,0.0,Ijen,105.9
-7.2,110.5,4.4,0.0,0.0,Kelud,215.2
-7.2,110.55,4.9,0.0,0.0,Kelud,210.1
-7.2,110.6,5.5,0.0,0.0,Kelud,205.0
-7.2,110.65,6.2,0.0,0.0,Kelud,200.0
-7.2,110.7,7.0,0.0,0.0,Kelud,194.9
-7.2,110.75,7.9,0.0,0.0,Kelud,189.9
-7.2,110.8,8.8,0.0,0.0,Kelud,185.0
-7.2,110.85,9.9,0.0,0.0,Kelud,180.0
-7.2,110.9,11.2,0.0,0.0,Kelud,175.1
-7.2,110.95,12.5,0.0,0.0,Kelud,170.3
-7.2,111.0,14.1,0.0,0.0,Kelud,165.5
-7.2,111.05,15.8,0.0,0.0,Kelud,160.7
-7.2,111.1,17.7,0.0,0.0,Kelud,155.9
-7.2,111.15,19.9,0.0,0.0,Kelud,151.3
-7.2,111.2,22.2,0.0,0.0,Kelud,146.6
-7.2,111.25,24.9,0.0,0.0,Kelud,142.1
-7.2,111.3,27.9,0.0,0.0,Kelud,137.6
-7.2,111.35,31.1,0.0,0.0,Kelud,133.2
-7.2,111.4,34.7,0.0,0.0,Kelud,128.9
-7.2,111.45,38.7,0.0,0.0,Kelud,124.6
-7.2,111.5,43.0,0.0,0.0,Kelud,120.5
-7.2,111.55,47.7,0.0,0.0,Kelud,116.5
-7.2,111.6,52.8,0.0,0.0,Kelud,112.6
-7.2,111.65,58.3,0.0,0.0,Kelud,108.9
-7.2,111.7,64.1,0.0,0.0,Kelud,105.3
-7.2,111.75,70.4,0.1,0.0,Kelud,101.8
-7.2,111.8,76.9,0.1,0.0,Kelud,98.6
-7.2,111.85,83.5,0.2,0.0,Kelud,95.6
-7.2,111.9,90.3,0.2,0.0,Kelud,92.8
-7.2,111.95,96.9,0.3,0.0,Kelud,90.3
-7.2,112.0,103.3,0.4,0.0,Arjuno-Welirang,86.5
-7.2,112.05,109.3,0.4,0.0,Arjuno-Welirang,82.5
-7.2,112.1,114.6,0.5,0.0,Arjuno-Welirang,78.8
-7.2,112.15,119.2,0.5,0.0,Arjuno-Welirang,75.2
-7.2,112.2,122.7,0.6,0.0,Arjuno-Welirang,71.9
-7.2,112.25,125.1,0.6,0.0,Arjuno-Welirang,68.9
-7.2,112.3,126.2,0.6,0.0,Arjuno-Welirang,66.2
-7.2,112.35,126.1,0.6,0.0,Arjuno-Welirang,63.8
-7.2,112.4,124.6,0.6,0.0,Arjuno-Welirang,61.9
-7.2,112.45,122.1,0.6,0.0,Arjuno-Welirang,60.4
-7.2,112.5,118.4,0.5,0.0,Arjuno-Welirang,59.4
-7.2,112.55,113.8,0.4,0.0,Arjuno-Welirang,58.9
-7.2,112.6,108.5,0.4,0.0,Arjuno-Welirang,58.9
-7.2,112.65,102.7,0.3,0.0,Arjuno-Welirang,59.4
-7.2,112.7,96.5,0.3,0.0,Arjuno-Welirang,60.4
-7.2,112.75,90.1,0.2,0.0,Arjuno-Welirang,61.9
-7.2,112.8,83.8,0.2,0.0,Arjuno-Welirang,63.8
-7.2,112.85,77.5,0.1,0.0,Arjuno-Welirang,66.2
-7.2,112.9,71.2,0.0,0.1,Arjuno-Welirang,68.9
-7.2,112.95,65.3,0.0,0.1,Arjuno-Welirang,71.9
-7.2,113.0,59.7,0.0,0.1,Arjuno-Welirang,75.2
-7.2,113.05,54.4,0.0,0.0,Arjuno-Welirang,78.8
-7.2,113.1,49.4,0.0,0.0,Arjuno-Welirang,82.5
-7.2,113.15,44.7,0.0,0.0,Bromo,85.4
-7.2,113.2,40.4,0.0,0.0,Bromo,87.0
-7.2,113.25,36.4,0.0,0.0,Lamongan,87.0
-7.2,113.3,32.7,0.0,0.0,Lamongan,86.5
-7.2,113.35,29.3,0.0,0.0,Lamongan,86.4
-7.2,113.4,26.2,0.0,0.0,Lamongan,86.6
-7.2,113.45,23.4,0.0,0.0,Lamongan,87.2
-7.2,113.5,20.9,0.0,0.0,Lamongan,88.1
-7.2,113.55,18.6,0.0,0.0,Lamongan,89.4
-7.2,113.6,16.6,0.0,0.0,Lamongan,90.9
-7.2,113.65,14.7,0.0,0.0,Lamongan,92.8
-7.2,113.7,13.1,0.0,0.0,Lamongan,94.9
-7.2,113.75,11.6,0.0,0.0,Lamongan,97.4
-7.2,113.8,10.3,0.0,0.0,Lamongan,100.0
-7.2,113.85,9.1,0.0,0.0,Lamongan,102.9
-7.2,113.9,8.1,0.0,0.0,Ijen,102.6
-7.2,113.95,7.2,0.0,0.0,Ijen,100.7
-7.2,114.0,6.3,0.0,0.0,Ijen,99.1
-7.2,114.05,5.6,0.0,0.0,Ijen,97.7
-7.2,114.1,5.0,0.0,0.0,Ijen,96.7
-7.2,114.15,4.4,0.0,0.0,Ijen,95.9
-7.2,114.2,3.9,0.0,0.0,Ijen,95.5
-7.2,114.25,3.4,0.0,0.0,Ijen,95.4
-7.2,114.3,3.0,0.0,0.0,Ijen,95.6
-7.2,114.35,2.7,0.0,0.0,Ijen,96.1
-7.2,114.4,2.3,0.0,0.0,Ijen,97.0
-7.2,114.45,2.1,0.0,0.0,Ijen,98.1
-7.2,114.5,1.8,0.0,0.0,Ijen,99.6
-7.2,114.55,1.6,0.0,0.0,Ijen,101.3
-7.2,114.6,1.4,0.0,0.0,Ijen,103.2
-7.2,114.65,1.3,0.0,0.0,Ijen,105.5
-7.2,114.7,1.1,0.0,0.0,Ijen,107.9
-7.2,114.75,1.0,0.0,0.0,Ijen,110.6
