lat,lon,sed_rate_mm_yr,depth_400ce_m,depth_200bce_m,depth_1000bce_m
-8.5,110.0,0.5,0.8,1.1,1.5
-8.5,110.05,0.5,0.8,1.1,1.5
-8.5,110.1,0.5,0.8,1.1,1.5
-8.5,110.14999999999999,0.5,0.8,1.1,1.5
-8.5,110.19999999999999,0.5,0.8,1.1,1.5
-8.5,110.24999999999999,0.5,0.8,1.1,1.5
-8.5,110.29999999999998,0.5,0.8,1.1,1.5
-8.5,110.34999999999998,0.5,0.8,1.1,1.5
-8.5,110.39999999999998,0.5,0.8,1.1,1.5
-8.5,110.44999999999997,0.5,0.8,1.1,1.5
-8.5,110.49999999999997,0.51,0.8,1.1,1.5
-8.5,110.54999999999997,0.51,0.8,1.1,1.5
-8.5,110.59999999999997,0.5,0.8,1.1,1.5
-8.5,110.64999999999996,0.5,0.8,1.1,1.5
-8.5,110.69999999999996,0.5,0.8,1.1,1.5
-8.5,110.74999999999996,0.5,0.8,1.1,1.5
-8.5,110.79999999999995,0.5,0.8,1.1,1.5
-8.5,110.84999999999995,0.5,0.8,1.1,1.5
-8.5,110.89999999999995,0.5,0.8,1.1,1.5
-8.5,110.94999999999995,0.5,0.8,1.1,1.5
-8.5,110.99999999999994,0.5,0.8,1.1,1.5
-8.5,111.04999999999994,0.5,0.8,1.1,1.5
-8.5,111.09999999999994,0.5,0.8,1.1,1.5
-8.5,111.14999999999993,0.51,0.8,1.1,1.5
-8.5,111.19999999999993,0.5,0.8,1.1,1.5
-8.5,111.24999999999993,0.5,0.8,1.1,1.5
-8.5,111.29999999999993,0.5,0.8,1.1,1.5
-8.5,111.34999999999992,0.5,0.8,1.1,1.5
-8.5,111.39999999999992,0.51,0.8,1.1,1.5
-8.5,111.44999999999992,0.51,0.8,1.1,1.5
-8.5,111.49999999999991,0.51,0.8,1.1,1.5
-8.5,111.54999999999991,0.51,0.8,1.1,1.5
-8.5,111.59999999999991,0.51,0.8,1.1,1.5
-8.5,111.6499999999999,0.51,0.8,1.1,1.5
-8.5,111.6999999999999,0.51,0.8,1.1,1.5
-8.5,111.7499999999999,0.51,0.8,1.1,1.6
-8.5,111.7999999999999,0.52,0.8,1.1,1.6
-8.5,111.8499999999999,0.52,0.8,1.2,1.6
-8.5,111.89999999999989,0.52,0.9,1.2,1.6
-8.5,111.94999999999989,0.53,0.9,1.2,1.6
-8.5,111.99999999999989,0.54,0.9,1.2,1.6
-8.5,112.04999999999988,0.54,0.9,1.2,1.6
-8.5,112.09999999999988,0.55,0.9,1.2,1.7
-8.5,112.14999999999988,0.56,0.9,1.2,1.7
-8.5,112.19999999999987,0.57,0.9,1.3,1.7
-8.5,112.24999999999987,0.58,0.9,1.3,1.8
-8.5,112.29999999999987,0.59,1.0,1.3,1.8
-8.5,112.34999999999987,0.6,1.0,1.3,1.8
-8.5,112.39999999999986,0.61,1.0,1.3,1.8
-8.5,112.44999999999986,0.62,1.0,1.4,1.9
-8.5,112.49999999999986,0.63,1.0,1.4,1.9
-8.5,112.54999999999986,0.65,1.1,1.4,2.0
-8.5,112.59999999999985,0.67,1.1,1.5,2.0
-8.5,112.64999999999985,0.69,1.1,1.5,2.1
-8.5,112.69999999999985,0.72,1.2,1.6,2.2
-8.5,112.74999999999984,0.74,1.2,1.7,2.2
-8.5,112.79999999999984,0.77,1.2,1.7,2.3
-8.5,112.84999999999984,0.78,1.3,1.7,2.4
-8.5,112.89999999999984,0.79,1.3,1.8,2.4
-8.5,112.94999999999983,0.79,1.3,1.7,2.4
-8.5,112.99999999999983,0.77,1.3,1.7,2.3
-8.5,113.04999999999983,0.75,1.2,1.7,2.3
-8.5,113.09999999999982,0.72,1.2,1.6,2.2
-8.5,113.14999999999982,0.69,1.1,1.5,2.1
-8.5,113.19999999999982,0.65,1.1,1.5,2.0
-8.5,113.24999999999982,0.63,1.0,1.4,1.9
-8.5,113.29999999999981,0.6,1.0,1.3,1.8
-8.5,113.34999999999981,0.58,0.9,1.3,1.8
-8.5,113.3999999999998,0.57,0.9,1.3,1.7
-8.5,113.4499999999998,0.56,0.9,1.2,1.7
-8.5,113.4999999999998,0.55,0.9,1.2,1.7
-8.5,113.5499999999998,0.55,0.9,1.2,1.7
-8.5,113.5999999999998,0.55,0.9,1.2,1.7
-8.5,113.64999999999979,0.56,0.9,1.2,1.7
-8.5,113.69999999999979,0.57,0.9,1.3,1.7
-8.5,113.74999999999979,0.58,0.9,1.3,1.8
-8.5,113.79999999999978,0.6,1.0,1.3,1.8
-8.5,113.84999999999978,0.62,1.0,1.4,1.9
-8.5,113.89999999999978,0.64,1.0,1.4,1.9
-8.5,113.94999999999978,0.65,1.1,1.5,2.0
-8.5,113.99999999999977,0.67,1.1,1.5,2.0
-8.5,114.04999999999977,0.68,1.1,1.5,2.1
-8.5,114.09999999999977,0.68,1.1,1.5,2.1
-8.5,114.14999999999976,0.68,1.1,1.5,2.1
-8.5,114.19999999999976,0.67,1.1,1.5,2.0
-8.5,114.24999999999976,0.66,1.1,1.5,2.0
-8.5,114.29999999999976,0.64,1.0,1.4,1.9
-8.5,114.34999999999975,0.62,1.0,1.4,1.9
-8.5,114.39999999999975,0.6,1.0,1.3,1.8
-8.5,114.44999999999975,0.59,1.0,1.3,1.8
-8.45,110.0,0.5,0.8,1.1,1.5
-8.45,110.05,0.5,0.8,1.1,1.5
-8.45,110.1,0.5,0.8,1.1,1.5
-8.45,110.14999999999999,0.51,0.8,1.1,1.5
-8.45,110.19999999999999,0.51,0.8,1.1,1.5
-8.45,110.24999999999999,0.51,0.8,1.1,1.5
-8.45,110.29999999999998,0.51,0.8,1.1,1.5
-8.45,110.34999999999998,0.51,0.8,1.1,1.5
-8.45,110.39999999999998,0.51,0.8,1.1,1.5
-8.45,110.44999999999997,0.51,0.8,1.1,1.5
-8.45,110.49999999999997,0.51,0.8,1.1,1.5
-8.45,110.54999999999997,0.51,0.8,1.1,1.5
-8.45,110.59999999999997,0.51,0.8,1.1,1.5
-8.45,110.64999999999996,0.51,0.8,1.1,1.5
-8.45,110.69999999999996,0.51,0.8,1.1,1.5
-8.45,110.74999999999996,0.51,0.8,1.1,1.5
-8.45,110.79999999999995,0.51,0.8,1.1,1.5
-8.45,110.84999999999995,0.51,0.8,1.1,1.5
-8.45,110.89999999999995,0.51,0.8,1.1,1.5
-8.45,110.94999999999995,0.51,0.8,1.1,1.5
-8.45,110.99999999999994,0.51,0.8,1.1,1.5
-8.45,111.04999999999994,0.51,0.8,1.1,1.5
-8.45,111.09999999999994,0.51,0.8,1.1,1.5
-8.45,111.14999999999993,0.51,0.8,1.1,1.5
-8.45,111.19999999999993,0.51,0.8,1.1,1.5
-8.45,111.24999999999993,0.51,0.8,1.1,1.5
-8.45,111.29999999999993,0.51,0.8,1.1,1.5
-8.45,111.34999999999992,0.51,0.8,1.1,1.5
-8.45,111.39999999999992,0.51,0.8,1.1,1.5
-8.45,111.44999999999992,0.51,0.8,1.1,1.5
-8.45,111.49999999999991,0.51,0.8,1.1,1.5
-8.45,111.54999999999991,0.51,0.8,1.1,1.5
-8.45,111.59999999999991,0.51,0.8,1.1,1.5
-8.45,111.6499999999999,0.51,0.8,1.1,1.5
-8.45,111.6999999999999,0.51,0.8,1.1,1.6
-8.45,111.7499999999999,0.52,0.8,1.1,1.6
-8.45,111.7999999999999,0.52,0.8,1.2,1.6
-8.45,111.8499999999999,0.53,0.9,1.2,1.6
-8.45,111.89999999999989,0.53,0.9,1.2,1.6
-8.45,111.94999999999989,0.54,0.9,1.2,1.6
-8.45,111.99999999999989,0.55,0.9,1.2,1.7
-8.45,112.04999999999988,0.56,0.9,1.2,1.7
-8.45,112.09999999999988,0.57,0.9,1.3,1.7
-8.45,112.14999999999988,0.58,0.9,1.3,1.8
-8.45,112.19999999999987,0.6,1.0,1.3,1.8
-8.45,112.24999999999987,0.61,1.0,1.4,1.8
-8.45,112.29999999999987,0.62,1.0,1.4,1.9
-8.45,112.34999999999987,0.63,1.0,1.4,1.9
-8.45,112.39999999999986,0.64,1.0,1.4,2.0
-8.45,112.44999999999986,0.66,1.1,1.5,2.0
-8.45,112.49999999999986,0.68,1.1,1.5,2.0
-8.45,112.54999999999986,0.7,1.1,1.6,2.1
-8.45,112.59999999999985,0.73,1.2,1.6,2.2
-8.45,112.64999999999985,0.76,1.2,1.7,2.3
-8.45,112.69999999999985,0.8,1.3,1.8,2.4
-8.45,112.74999999999984,0.84,1.4,1.9,2.5
-8.45,112.79999999999984,0.88,1.4,1.9,2.7
-8.45,112.84999999999984,0.9,1.5,2.0,2.7
-8.45,112.89999999999984,0.92,1.5,2.0,2.8
-8.45,112.94999999999983,0.91,1.5,2.0,2.8
-8.45,112.99999999999983,0.89,1.4,2.0,2.7
-8.45,113.04999999999983,0.85,1.4,1.9,2.6
-8.45,113.09999999999982,0.8,1.3,1.8,2.4
-8.45,113.14999999999982,0.76,1.2,1.7,2.3
-8.45,113.19999999999982,0.71,1.2,1.6,2.1
-8.45,113.24999999999982,0.67,1.1,1.5,2.0
-8.45,113.29999999999981,0.63,1.0,1.4,1.9
-8.45,113.34999999999981,0.61,1.0,1.3,1.8
-8.45,113.3999999999998,0.59,1.0,1.3,1.8
-8.45,113.4499999999998,0.57,0.9,1.3,1.7
-8.45,113.4999999999998,0.56,0.9,1.3,1.7
-8.45,113.5499999999998,0.56,0.9,1.2,1.7
-8.45,113.5999999999998,0.56,0.9,1.3,1.7
-8.45,113.64999999999979,0.57,0.9,1.3,1.7
-8.45,113.69999999999979,0.59,1.0,1.3,1.8
-8.45,113.74999999999979,0.61,1.0,1.3,1.8
-8.45,113.79999999999978,0.63,1.0,1.4,1.9
-8.45,113.84999999999978,0.66,1.1,1.5,2.0
-8.45,113.89999999999978,0.69,1.1,1.5,2.1
-8.45,113.94999999999978,0.72,1.2,1.6,2.2
-8.45,113.99999999999977,0.74,1.2,1.6,2.2
-8.45,114.04999999999977,0.76,1.2,1.7,2.3
-8.45,114.09999999999977,0.76,1.2,1.7,2.3
-8.45,114.14999999999976,0.76,1.2,1.7,2.3
-8.45,114.19999999999976,0.74,1.2,1.7,2.2
-8.45,114.24999999999976,0.72,1.2,1.6,2.2
-8.45,114.29999999999976,0.7,1.1,1.6,2.1
-8.45,114.34999999999975,0.67,1.1,1.5,2.0
-8.45,114.39999999999975,0.64,1.0,1.4,1.9
-8.45,114.44999999999975,0.62,1.0,1.4,1.9
-8.399999999999999,110.0,0.51,0.8,1.1,1.5
-8.399999999999999,110.05,0.51,0.8,1.1,1.5
-8.399999999999999,110.1,0.51,0.8,1.1,1.5
-8.399999999999999,110.14999999999999,0.51,0.8,1.1,1.5
-8.399999999999999,110.19999999999999,0.51,0.8,1.1,1.5
-8.399999999999999,110.24999999999999,0.51,0.8,1.1,1.5
-8.399999999999999,110.29999999999998,0.51,0.8,1.1,1.5
-8.399999999999999,110.34999999999998,0.51,0.8,1.1,1.5
-8.399999999999999,110.39999999999998,0.51,0.8,1.1,1.5
-8.399999999999999,110.44999999999997,0.51,0.8,1.1,1.5
-8.399999999999999,110.49999999999997,0.51,0.8,1.1,1.5
-8.399999999999999,110.54999999999997,0.51,0.8,1.1,1.5
-8.399999999999999,110.59999999999997,0.51,0.8,1.1,1.5
-8.399999999999999,110.64999999999996,0.51,0.8,1.1,1.5
-8.399999999999999,110.69999999999996,0.51,0.8,1.1,1.5
-8.399999999999999,110.74999999999996,0.51,0.8,1.1,1.5
-8.399999999999999,110.79999999999995,0.51,0.8,1.1,1.5
-8.399999999999999,110.84999999999995,0.51,0.8,1.1,1.5
-8.399999999999999,110.89999999999995,0.51,0.8,1.1,1.5
-8.399999999999999,110.94999999999995,0.51,0.8,1.1,1.5
-8.399999999999999,110.99999999999994,0.51,0.8,1.1,1.5
-8.399999999999999,111.04999999999994,0.51,0.8,1.1,1.5
-8.399999999999999,111.09999999999994,0.51,0.8,1.1,1.5
-8.399999999999999,111.14999999999993,0.51,0.8,1.1,1.5
-8.399999999999999,111.19999999999993,0.51,0.8,1.1,1.5
-8.399999999999999,111.24999999999993,0.51,0.8,1.1,1.5
-8.399999999999999,111.29999999999993,0.51,0.8,1.1,1.5
-8.399999999999999,111.34999999999992,0.51,0.8,1.1,1.5
-8.399999999999999,111.39999999999992,0.51,0.8,1.1,1.5
-8.399999999999999,111.44999999999992,0.51,0.8,1.1,1.5
-8.399999999999999,111.49999999999991,0.51,0.8,1.1,1.5
-8.399999999999999,111.54999999999991,0.51,0.8,1.1,1.5
-8.399999999999999,111.59999999999991,0.51,0.8,1.1,1.5
-8.399999999999999,111.6499999999999,0.51,0.8,1.1,1.6
-8.399999999999999,111.6999999999999,0.52,0.8,1.1,1.6
-8.399999999999999,111.7499999999999,0.52,0.8,1.2,1.6
-8.399999999999999,111.7999999999999,0.53,0.9,1.2,1.6
-8.399999999999999,111.8499999999999,0.53,0.9,1.2,1.6
-8.399999999999999,111.89999999999989,0.54,0.9,1.2,1.6
-8.399999999999999,111.94999999999989,0.55,0.9,1.2,1.7
-8.399999999999999,111.99999999999989,0.57,0.9,1.3,1.7
-8.399999999999999,112.04999999999988,0.58,0.9,1.3,1.8
-8.399999999999999,112.09999999999988,0.6,1.0,1.3,1.8
-8.399999999999999,112.14999999999988,0.62,1.0,1.4,1.9
-8.399999999999999,112.19999999999987,0.63,1.0,1.4,1.9
-8.399999999999999,112.24999999999987,0.65,1.1,1.4,2.0
-8.399999999999999,112.29999999999987,0.67,1.1,1.5,2.0
-8.399999999999999,112.34999999999987,0.68,1.1,1.5,2.1
-8.399999999999999,112.39999999999986,0.7,1.1,1.6,2.1
-8.399999999999999,112.44999999999986,0.71,1.2,1.6,2.2
-8.399999999999999,112.49999999999986,0.74,1.2,1.6,2.2
-8.399999999999999,112.54999999999986,0.77,1.2,1.7,2.3
-8.399999999999999,112.59999999999985,0.8,1.3,1.8,2.4
-8.399999999999999,112.64999999999985,0.85,1.4,1.9,2.6
-8.399999999999999,112.69999999999985,0.91,1.5,2.0,2.7
-8.399999999999999,112.74999999999984,0.97,1.6,2.2,2.9
-8.399999999999999,112.79999999999984,1.03,1.7,2.3,3.1
-8.399999999999999,112.84999999999984,1.08,1.8,2.4,3.3
-8.399999999999999,112.89999999999984,1.1,1.8,2.5,3.3
-8.399999999999999,112.94999999999983,1.09,1.8,2.4,3.3
-8.399999999999999,112.99999999999983,1.05,1.7,2.3,3.2
-8.399999999999999,113.04999999999983,0.99,1.6,2.2,3.0
-8.399999999999999,113.09999999999982,0.92,1.5,2.0,2.8
-8.399999999999999,113.14999999999982,0.85,1.4,1.9,2.6
-8.399999999999999,113.19999999999982,0.78,1.3,1.7,2.4
-8.399999999999999,113.24999999999982,0.72,1.2,1.6,2.2
-8.399999999999999,113.29999999999981,0.67,1.1,1.5,2.0
-8.399999999999999,113.34999999999981,0.63,1.0,1.4,1.9
-8.399999999999999,113.3999999999998,0.61,1.0,1.3,1.8
-8.399999999999999,113.4499999999998,0.59,1.0,1.3,1.8
-8.399999999999999,113.4999999999998,0.58,0.9,1.3,1.7
-8.399999999999999,113.5499999999998,0.57,0.9,1.3,1.7
-8.399999999999999,113.5999999999998,0.58,0.9,1.3,1.7
-8.399999999999999,113.64999999999979,0.59,1.0,1.3,1.8
-8.399999999999999,113.69999999999979,0.61,1.0,1.4,1.8
-8.399999999999999,113.74999999999979,0.64,1.0,1.4,1.9
-8.399999999999999,113.79999999999978,0.67,1.1,1.5,2.0
-8.399999999999999,113.84999999999978,0.71,1.2,1.6,2.2
-8.399999999999999,113.89999999999978,0.76,1.2,1.7,2.3
-8.399999999999999,113.94999999999978,0.8,1.3,1.8,2.4
-8.399999999999999,113.99999999999977,0.84,1.4,1.9,2.5
-8.399999999999999,114.04999999999977,0.86,1.4,1.9,2.6
-8.399999999999999,114.09999999999977,0.87,1.4,1.9,2.6
-8.399999999999999,114.14999999999976,0.86,1.4,1.9,2.6
-8.399999999999999,114.19999999999976,0.84,1.4,1.9,2.6
-8.399999999999999,114.24999999999976,0.81,1.3,1.8,2.5
-8.399999999999999,114.29999999999976,0.77,1.3,1.7,2.3
-8.399999999999999,114.34999999999975,0.73,1.2,1.6,2.2
-8.399999999999999,114.39999999999975,0.69,1.1,1.5,2.1
-8.399999999999999,114.44999999999975,0.65,1.1,1.5,2.0
-8.349999999999998,110.0,0.51,0.8,1.1,1.5
-8.349999999999998,110.05,0.51,0.8,1.1,1.5
-8.349999999999998,110.1,0.51,0.8,1.1,1.5
-8.349999999999998,110.14999999999999,0.51,0.8,1.1,1.5
-8.349999999999998,110.19999999999999,0.51,0.8,1.1,1.5
-8.349999999999998,110.24999999999999,0.51,0.8,1.1,1.6
-8.349999999999998,110.29999999999998,0.51,0.8,1.1,1.6
-8.349999999999998,110.34999999999998,0.51,0.8,1.1,1.6
-8.349999999999998,110.39999999999998,0.51,0.8,1.1,1.6
-8.349999999999998,110.44999999999997,0.51,0.8,1.1,1.6
-8.349999999999998,110.49999999999997,0.51,0.8,1.1,1.6
-8.349999999999998,110.54999999999997,0.51,0.8,1.1,1.6
-8.349999999999998,110.59999999999997,0.51,0.8,1.1,1.6
-8.349999999999998,110.64999999999996,0.51,0.8,1.1,1.6
-8.349999999999998,110.69999999999996,0.51,0.8,1.1,1.6
-8.349999999999998,110.74999999999996,0.51,0.8,1.1,1.6
-8.349999999999998,110.79999999999995,0.51,0.8,1.1,1.6
-8.349999999999998,110.84999999999995,0.51,0.8,1.1,1.6
-8.349999999999998,110.89999999999995,0.51,0.8,1.1,1.6
-8.349999999999998,110.94999999999995,0.51,0.8,1.1,1.6
-8.349999999999998,110.99999999999994,0.51,0.8,1.1,1.6
-8.349999999999998,111.04999999999994,0.51,0.8,1.1,1.6
-8.349999999999998,111.09999999999994,0.51,0.8,1.1,1.6
-8.349999999999998,111.14999999999993,0.51,0.8,1.1,1.6
-8.349999999999998,111.19999999999993,0.51,0.8,1.1,1.6
-8.349999999999998,111.24999999999993,0.51,0.8,1.1,1.6
-8.349999999999998,111.29999999999993,0.51,0.8,1.1,1.6
-8.349999999999998,111.34999999999992,0.51,0.8,1.1,1.6
-8.349999999999998,111.39999999999992,0.51,0.8,1.1,1.6
-8.349999999999998,111.44999999999992,0.51,0.8,1.1,1.6
-8.349999999999998,111.49999999999991,0.51,0.8,1.1,1.6
-8.349999999999998,111.54999999999991,0.51,0.8,1.1,1.6
-8.349999999999998,111.59999999999991,0.51,0.8,1.1,1.6
-8.349999999999998,111.6499999999999,0.52,0.8,1.2,1.6
-8.349999999999998,111.6999999999999,0.52,0.8,1.2,1.6
-8.349999999999998,111.7499999999999,0.53,0.9,1.2,1.6
-8.349999999999998,111.7999999999999,0.53,0.9,1.2,1.6
-8.349999999999998,111.8499999999999,0.54,0.9,1.2,1.6
-8.349999999999998,111.89999999999989,0.56,0.9,1.2,1.7
-8.349999999999998,111.94999999999989,0.57,0.9,1.3,1.7
-8.349999999999998,111.99999999999989,0.59,1.0,1.3,1.8
-8.349999999999998,112.04999999999988,0.61,1.0,1.4,1.8
-8.349999999999998,112.09999999999988,0.64,1.0,1.4,1.9
-8.349999999999998,112.14999999999988,0.66,1.1,1.5,2.0
-8.349999999999998,112.19999999999987,0.69,1.1,1.5,2.1
-8.349999999999998,112.24999999999987,0.71,1.2,1.6,2.1
-8.349999999999998,112.29999999999987,0.73,1.2,1.6,2.2
-8.349999999999998,112.34999999999987,0.75,1.2,1.7,2.3
-8.349999999999998,112.39999999999986,0.77,1.2,1.7,2.3
-8.349999999999998,112.44999999999986,0.79,1.3,1.8,2.4
-8.349999999999998,112.49999999999986,0.81,1.3,1.8,2.5
-8.349999999999998,112.54999999999986,0.85,1.4,1.9,2.6
-8.349999999999998,112.59999999999985,0.9,1.5,2.0,2.7
-8.349999999999998,112.64999999999985,0.97,1.6,2.1,2.9
-8.349999999999998,112.69999999999985,1.05,1.7,2.3,3.2
-8.349999999999998,112.74999999999984,1.14,1.9,2.5,3.5
-8.349999999999998,112.79999999999984,1.24,2.0,2.8,3.8
-8.349999999999998,112.84999999999984,1.32,2.2,2.9,4.0
-8.349999999999998,112.89999999999984,1.37,2.2,3.0,4.1
-8.349999999999998,112.94999999999983,1.35,2.2,3.0,4.1
-8.349999999999998,112.99999999999983,1.29,2.1,2.9,3.9
-8.349999999999998,113.04999999999983,1.19,1.9,2.6,3.6
-8.349999999999998,113.09999999999982,1.08,1.7,2.4,3.3
-8.349999999999998,113.14999999999982,0.96,1.6,2.1,2.9
-8.349999999999998,113.19999999999982,0.86,1.4,1.9,2.6
-8.349999999999998,113.24999999999982,0.78,1.3,1.7,2.4
-8.349999999999998,113.29999999999981,0.71,1.2,1.6,2.2
-8.349999999999998,113.34999999999981,0.66,1.1,1.5,2.0
-8.349999999999998,113.3999999999998,0.63,1.0,1.4,1.9
-8.349999999999998,113.4499999999998,0.6,1.0,1.3,1.8
-8.349999999999998,113.4999999999998,0.59,1.0,1.3,1.8
-8.349999999999998,113.5499999999998,0.59,1.0,1.3,1.8
-8.349999999999998,113.5999999999998,0.59,1.0,1.3,1.8
-8.349999999999998,113.64999999999979,0.61,1.0,1.4,1.8
-8.349999999999998,113.69999999999979,0.63,1.0,1.4,1.9
-8.349999999999998,113.74999999999979,0.67,1.1,1.5,2.0
-8.349999999999998,113.79999999999978,0.72,1.2,1.6,2.2
-8.349999999999998,113.84999999999978,0.78,1.3,1.7,2.4
-8.349999999999998,113.89999999999978,0.85,1.4,1.9,2.6
-8.349999999999998,113.94999999999978,0.92,1.5,2.0,2.8
-8.349999999999998,113.99999999999977,0.98,1.6,2.2,3.0
-8.349999999999998,114.04999999999977,1.02,1.7,2.3,3.1
-8.349999999999998,114.09999999999977,1.03,1.7,2.3,3.1
-8.349999999999998,114.14999999999976,1.02,1.7,2.3,3.1
-8.349999999999998,114.19999999999976,0.98,1.6,2.2,3.0
-8.349999999999998,114.24999999999976,0.93,1.5,2.1,2.8
-8.349999999999998,114.29999999999976,0.88,1.4,2.0,2.7
-8.349999999999998,114.34999999999975,0.82,1.3,1.8,2.5
-8.349999999999998,114.39999999999975,0.76,1.2,1.7,2.3
-8.349999999999998,114.44999999999975,0.7,1.1,1.6,2.1
-8.299999999999997,110.0,0.51,0.8,1.1,1.5
-8.299999999999997,110.05,0.51,0.8,1.1,1.5
-8.299999999999997,110.1,0.51,0.8,1.1,1.6
-8.299999999999997,110.14999999999999,0.51,0.8,1.1,1.6
-8.299999999999997,110.19999999999999,0.52,0.8,1.1,1.6
-8.299999999999997,110.24999999999999,0.52,0.8,1.2,1.6
-8.299999999999997,110.29999999999998,0.52,0.8,1.2,1.6
-8.299999999999997,110.34999999999998,0.52,0.8,1.2,1.6
-8.299999999999997,110.39999999999998,0.52,0.8,1.2,1.6
-8.299999999999997,110.44999999999997,0.52,0.8,1.2,1.6
-8.299999999999997,110.49999999999997,0.52,0.8,1.2,1.6
-8.299999999999997,110.54999999999997,0.52,0.8,1.2,1.6
-8.299999999999997,110.59999999999997,0.52,0.8,1.2,1.6
-8.299999999999997,110.64999999999996,0.52,0.8,1.2,1.6
-8.299999999999997,110.69999999999996,0.52,0.8,1.2,1.6
-8.299999999999997,110.74999999999996,0.52,0.8,1.2,1.6
-8.299999999999997,110.79999999999995,0.52,0.8,1.2,1.6
-8.299999999999997,110.84999999999995,0.52,0.8,1.2,1.6
-8.299999999999997,110.89999999999995,0.52,0.8,1.2,1.6
-8.299999999999997,110.94999999999995,0.52,0.8,1.2,1.6
-8.299999999999997,110.99999999999994,0.52,0.8,1.2,1.6
-8.299999999999997,111.04999999999994,0.52,0.8,1.2,1.6
-8.299999999999997,111.09999999999994,0.52,0.8,1.2,1.6
-8.299999999999997,111.14999999999993,0.52,0.8,1.2,1.6
-8.299999999999997,111.19999999999993,0.52,0.8,1.2,1.6
-8.299999999999997,111.24999999999993,0.52,0.8,1.2,1.6
-8.299999999999997,111.29999999999993,0.52,0.8,1.2,1.6
-8.299999999999997,111.34999999999992,0.52,0.8,1.2,1.6
-8.299999999999997,111.39999999999992,0.52,0.8,1.2,1.6
-8.299999999999997,111.44999999999992,0.52,0.8,1.2,1.6
-8.299999999999997,111.49999999999991,0.52,0.8,1.1,1.6
-8.299999999999997,111.54999999999991,0.52,0.8,1.2,1.6
-8.299999999999997,111.59999999999991,0.52,0.8,1.2,1.6
-8.299999999999997,111.6499999999999,0.52,0.8,1.2,1.6
-8.299999999999997,111.6999999999999,0.53,0.9,1.2,1.6
-8.299999999999997,111.7499999999999,0.53,0.9,1.2,1.6
-8.299999999999997,111.7999999999999,0.54,0.9,1.2,1.6
-8.299999999999997,111.8499999999999,0.55,0.9,1.2,1.7
-8.299999999999997,111.89999999999989,0.57,0.9,1.3,1.7
-8.299999999999997,111.94999999999989,0.59,1.0,1.3,1.8
-8.299999999999997,111.99999999999989,0.62,1.0,1.4,1.9
-8.299999999999997,112.04999999999988,0.65,1.1,1.4,2.0
-8.299999999999997,112.09999999999988,0.68,1.1,1.5,2.1
-8.299999999999997,112.14999999999988,0.72,1.2,1.6,2.2
-8.299999999999997,112.19999999999987,0.76,1.2,1.7,2.3
-8.299999999999997,112.24999999999987,0.79,1.3,1.8,2.4
-8.299999999999997,112.29999999999987,0.82,1.3,1.8,2.5
-8.299999999999997,112.34999999999987,0.84,1.4,1.9,2.6
-8.299999999999997,112.39999999999986,0.86,1.4,1.9,2.6
-8.299999999999997,112.44999999999986,0.88,1.4,2.0,2.7
-8.299999999999997,112.49999999999986,0.91,1.5,2.0,2.8
-8.299999999999997,112.54999999999986,0.95,1.6,2.1,2.9
-8.299999999999997,112.59999999999985,1.02,1.7,2.3,3.1
-8.299999999999997,112.64999999999985,1.11,1.8,2.5,3.3
-8.299999999999997,112.69999999999985,1.22,2.0,2.7,3.7
-8.299999999999997,112.74999999999984,1.37,2.2,3.0,4.1
-8.299999999999997,112.79999999999984,1.53,2.5,3.4,4.6
-8.299999999999997,112.84999999999984,1.67,2.7,3.7,5.0
-8.299999999999997,112.89999999999984,1.74,2.8,3.9,5.3
-8.299999999999997,112.94999999999983,1.73,2.8,3.8,5.2
-8.299999999999997,112.99999999999983,1.62,2.6,3.6,4.9
-8.299999999999997,113.04999999999983,1.45,2.4,3.2,4.4
-8.299999999999997,113.09999999999982,1.27,2.1,2.8,3.9
-8.299999999999997,113.14999999999982,1.11,1.8,2.5,3.3
-8.299999999999997,113.19999999999982,0.96,1.6,2.1,2.9
-8.299999999999997,113.24999999999982,0.85,1.4,1.9,2.6
-8.299999999999997,113.29999999999981,0.76,1.2,1.7,2.3
-8.299999999999997,113.34999999999981,0.7,1.1,1.6,2.1
-8.299999999999997,113.3999999999998,0.65,1.1,1.5,2.0
-8.299999999999997,113.4499999999998,0.62,1.0,1.4,1.9
-8.299999999999997,113.4999999999998,0.61,1.0,1.3,1.8
-8.299999999999997,113.5499999999998,0.6,1.0,1.3,1.8
-8.299999999999997,113.5999999999998,0.61,1.0,1.4,1.8
-8.299999999999997,113.64999999999979,0.63,1.0,1.4,1.9
-8.299999999999997,113.69999999999979,0.66,1.1,1.5,2.0
-8.299999999999997,113.74999999999979,0.71,1.2,1.6,2.1
-8.299999999999997,113.79999999999978,0.77,1.3,1.7,2.3
-8.299999999999997,113.84999999999978,0.86,1.4,1.9,2.6
-8.299999999999997,113.89999999999978,0.97,1.6,2.2,2.9
-8.299999999999997,113.94999999999978,1.08,1.8,2.4,3.3
-8.299999999999997,113.99999999999977,1.18,1.9,2.6,3.6
-8.299999999999997,114.04999999999977,1.24,2.0,2.8,3.7
-8.299999999999997,114.09999999999977,1.25,2.0,2.8,3.8
-8.299999999999997,114.14999999999976,1.22,2.0,2.7,3.7
-8.299999999999997,114.19999999999976,1.17,1.9,2.6,3.5
-8.299999999999997,114.24999999999976,1.1,1.8,2.4,3.3
-8.299999999999997,114.29999999999976,1.01,1.6,2.3,3.1
-8.299999999999997,114.34999999999975,0.92,1.5,2.1,2.8
-8.299999999999997,114.39999999999975,0.84,1.4,1.9,2.5
-8.299999999999997,114.44999999999975,0.76,1.2,1.7,2.3
-8.249999999999996,110.0,0.51,0.8,1.1,1.6
-8.249999999999996,110.05,0.52,0.8,1.1,1.6
-8.249999999999996,110.1,0.52,0.8,1.2,1.6
-8.249999999999996,110.14999999999999,0.52,0.8,1.2,1.6
-8.249999999999996,110.19999999999999,0.52,0.9,1.2,1.6
-8.249999999999996,110.24999999999999,0.53,0.9,1.2,1.6
-8.249999999999996,110.29999999999998,0.53,0.9,1.2,1.6
-8.249999999999996,110.34999999999998,0.53,0.9,1.2,1.6
-8.249999999999996,110.39999999999998,0.53,0.9,1.2,1.6
-8.249999999999996,110.44999999999997,0.53,0.9,1.2,1.6
-8.249999999999996,110.49999999999997,0.53,0.9,1.2,1.6
-8.249999999999996,110.54999999999997,0.53,0.9,1.2,1.6
-8.249999999999996,110.59999999999997,0.53,0.9,1.2,1.6
-8.249999999999996,110.64999999999996,0.53,0.9,1.2,1.6
-8.249999999999996,110.69999999999996,0.53,0.9,1.2,1.6
-8.249999999999996,110.74999999999996,0.53,0.9,1.2,1.6
-8.249999999999996,110.79999999999995,0.53,0.9,1.2,1.6
-8.249999999999996,110.84999999999995,0.53,0.9,1.2,1.6
-8.249999999999996,110.89999999999995,0.53,0.9,1.2,1.6
-8.249999999999996,110.94999999999995,0.53,0.9,1.2,1.6
-8.249999999999996,110.99999999999994,0.53,0.9,1.2,1.6
-8.249999999999996,111.04999999999994,0.53,0.9,1.2,1.6
-8.249999999999996,111.09999999999994,0.53,0.9,1.2,1.6
-8.249999999999996,111.14999999999993,0.53,0.9,1.2,1.6
-8.249999999999996,111.19999999999993,0.53,0.9,1.2,1.6
-8.249999999999996,111.24999999999993,0.53,0.9,1.2,1.6
-8.249999999999996,111.29999999999993,0.53,0.9,1.2,1.6
-8.249999999999996,111.34999999999992,0.53,0.9,1.2,1.6
-8.249999999999996,111.39999999999992,0.52,0.9,1.2,1.6
-8.249999999999996,111.44999999999992,0.52,0.8,1.2,1.6
-8.249999999999996,111.49999999999991,0.52,0.8,1.2,1.6
-8.249999999999996,111.54999999999991,0.52,0.8,1.2,1.6
-8.249999999999996,111.59999999999991,0.52,0.9,1.2,1.6
-8.249999999999996,111.6499999999999,0.53,0.9,1.2,1.6
-8.249999999999996,111.6999999999999,0.53,0.9,1.2,1.6
-8.249999999999996,111.7499999999999,0.54,0.9,1.2,1.6
-8.249999999999996,111.7999999999999,0.55,0.9,1.2,1.7
-8.249999999999996,111.8499999999999,0.57,0.9,1.3,1.7
-8.249999999999996,111.89999999999989,0.59,1.0,1.3,1.8
-8.249999999999996,111.94999999999989,0.62,1.0,1.4,1.9
-8.249999999999996,111.99999999999989,0.65,1.1,1.5,2.0
-8.249999999999996,112.04999999999988,0.7,1.1,1.6,2.1
-8.249999999999996,112.09999999999988,0.75,1.2,1.7,2.3
-8.249999999999996,112.14999999999988,0.8,1.3,1.8,2.4
-8.249999999999996,112.19999999999987,0.86,1.4,1.9,2.6
-8.249999999999996,112.24999999999987,0.91,1.5,2.0,2.7
-8.249999999999996,112.29999999999987,0.95,1.5,2.1,2.9
-8.249999999999996,112.34999999999987,0.98,1.6,2.2,3.0
-8.249999999999996,112.39999999999986,0.99,1.6,2.2,3.0
-8.249999999999996,112.44999999999986,1.01,1.6,2.3,3.1
-8.249999999999996,112.49999999999986,1.04,1.7,2.3,3.1
-8.249999999999996,112.54999999999986,1.08,1.8,2.4,3.3
-8.249999999999996,112.59999999999985,1.16,1.9,2.6,3.5
-8.249999999999996,112.64999999999985,1.27,2.1,2.8,3.8
-8.249999999999996,112.69999999999985,1.43,2.3,3.2,4.3
-8.249999999999996,112.74999999999984,1.64,2.7,3.7,5.0
-8.249999999999996,112.79999999999984,1.89,3.1,4.2,5.7
-8.249999999999996,112.84999999999984,2.14,3.5,4.8,6.5
-8.249999999999996,112.89999999999984,2.29,3.7,5.1,6.9
-8.249999999999996,112.94999999999983,2.26,3.7,5.0,6.8
-8.249999999999996,112.99999999999983,2.06,3.4,4.6,6.2
-8.249999999999996,113.04999999999983,1.79,2.9,4.0,5.4
-8.249999999999996,113.09999999999982,1.51,2.5,3.4,4.6
-8.249999999999996,113.14999999999982,1.27,2.1,2.8,3.8
-8.249999999999996,113.19999999999982,1.08,1.7,2.4,3.3
-8.249999999999996,113.24999999999982,0.93,1.5,2.1,2.8
-8.249999999999996,113.29999999999981,0.81,1.3,1.8,2.5
-8.249999999999996,113.34999999999981,0.73,1.2,1.6,2.2
-8.249999999999996,113.3999999999998,0.68,1.1,1.5,2.0
-8.249999999999996,113.4499999999998,0.64,1.0,1.4,1.9
-8.249999999999996,113.4999999999998,0.62,1.0,1.4,1.9
-8.249999999999996,113.5499999999998,0.61,1.0,1.4,1.9
-8.249999999999996,113.5999999999998,0.62,1.0,1.4,1.9
-8.249999999999996,113.64999999999979,0.64,1.0,1.4,1.9
-8.249999999999996,113.69999999999979,0.68,1.1,1.5,2.1
-8.249999999999996,113.74999999999979,0.75,1.2,1.7,2.3
-8.249999999999996,113.79999999999978,0.83,1.4,1.9,2.5
-8.249999999999996,113.84999999999978,0.95,1.5,2.1,2.9
-8.249999999999996,113.89999999999978,1.1,1.8,2.5,3.3
-8.249999999999996,113.94999999999978,1.28,2.1,2.8,3.9
-8.249999999999996,113.99999999999977,1.44,2.3,3.2,4.4
-8.249999999999996,114.04999999999977,1.54,2.5,3.4,4.7
-8.249999999999996,114.09999999999977,1.54,2.5,3.4,4.7
-8.249999999999996,114.14999999999976,1.49,2.4,3.3,4.5
-8.249999999999996,114.19999999999976,1.41,2.3,3.1,4.3
-8.249999999999996,114.24999999999976,1.31,2.1,2.9,4.0
-8.249999999999996,114.29999999999976,1.19,1.9,2.7,3.6
-8.249999999999996,114.34999999999975,1.06,1.7,2.4,3.2
-8.249999999999996,114.39999999999975,0.94,1.5,2.1,2.8
-8.249999999999996,114.44999999999975,0.83,1.3,1.8,2.5
-8.199999999999996,110.0,0.52,0.8,1.2,1.6
-8.199999999999996,110.05,0.52,0.9,1.2,1.6
-8.199999999999996,110.1,0.53,0.9,1.2,1.6
-8.199999999999996,110.14999999999999,0.53,0.9,1.2,1.6
-8.199999999999996,110.19999999999999,0.53,0.9,1.2,1.6
-8.199999999999996,110.24999999999999,0.54,0.9,1.2,1.6
-8.199999999999996,110.29999999999998,0.54,0.9,1.2,1.6
-8.199999999999996,110.34999999999998,0.54,0.9,1.2,1.6
-8.199999999999996,110.39999999999998,0.54,0.9,1.2,1.6
-8.199999999999996,110.44999999999997,0.54,0.9,1.2,1.6
-8.199999999999996,110.49999999999997,0.54,0.9,1.2,1.6
-8.199999999999996,110.54999999999997,0.54,0.9,1.2,1.6
-8.199999999999996,110.59999999999997,0.54,0.9,1.2,1.6
-8.199999999999996,110.64999999999996,0.54,0.9,1.2,1.6
-8.199999999999996,110.69999999999996,0.54,0.9,1.2,1.6
-8.199999999999996,110.74999999999996,0.54,0.9,1.2,1.6
-8.199999999999996,110.79999999999995,0.53,0.9,1.2,1.6
-8.199999999999996,110.84999999999995,0.53,0.9,1.2,1.6
-8.199999999999996,110.89999999999995,0.54,0.9,1.2,1.6
-8.199999999999996,110.94999999999995,0.54,0.9,1.2,1.6
-8.199999999999996,110.99999999999994,0.54,0.9,1.2,1.6
-8.199999999999996,111.04999999999994,0.54,0.9,1.2,1.6
-8.199999999999996,111.09999999999994,0.54,0.9,1.2,1.6
-8.199999999999996,111.14999999999993,0.54,0.9,1.2,1.6
-8.199999999999996,111.19999999999993,0.54,0.9,1.2,1.6
-8.199999999999996,111.24999999999993,0.54,0.9,1.2,1.6
-8.199999999999996,111.29999999999993,0.54,0.9,1.2,1.6
-8.199999999999996,111.34999999999992,0.54,0.9,1.2,1.6
-8.199999999999996,111.39999999999992,0.53,0.9,1.2,1.6
-8.199999999999996,111.44999999999992,0.53,0.9,1.2,1.6
-8.199999999999996,111.49999999999991,0.53,0.9,1.2,1.6
-8.199999999999996,111.54999999999991,0.53,0.9,1.2,1.6
-8.199999999999996,111.59999999999991,0.53,0.9,1.2,1.6
-8.199999999999996,111.6499999999999,0.53,0.9,1.2,1.6
-8.199999999999996,111.6999999999999,0.54,0.9,1.2,1.6
-8.199999999999996,111.7499999999999,0.55,0.9,1.2,1.7
-8.199999999999996,111.7999999999999,0.56,0.9,1.3,1.7
-8.199999999999996,111.8499999999999,0.58,0.9,1.3,1.8
-8.199999999999996,111.89999999999989,0.61,1.0,1.4,1.8
-8.199999999999996,111.94999999999989,0.65,1.1,1.4,2.0
-8.199999999999996,111.99999999999989,0.7,1.1,1.6,2.1
-8.199999999999996,112.04999999999988,0.76,1.2,1.7,2.3
-8.199999999999996,112.09999999999988,0.83,1.4,1.8,2.5
-8.199999999999996,112.14999999999988,0.91,1.5,2.0,2.8
-8.199999999999996,112.19999999999987,0.99,1.6,2.2,3.0
-8.199999999999996,112.24999999999987,1.07,1.7,2.4,3.2
-8.199999999999996,112.29999999999987,1.12,1.8,2.5,3.4
-8.199999999999996,112.34999999999987,1.16,1.9,2.6,3.5
-8.199999999999996,112.39999999999986,1.17,1.9,2.6,3.5
-8.199999999999996,112.44999999999986,1.18,1.9,2.6,3.6
-8.199999999999996,112.49999999999986,1.2,1.9,2.7,3.6
-8.199999999999996,112.54999999999986,1.24,2.0,2.8,3.7
-8.199999999999996,112.59999999999985,1.32,2.1,2.9,4.0
-8.199999999999996,112.64999999999985,1.45,2.4,3.2,4.4
-8.199999999999996,112.69999999999985,1.66,2.7,3.7,5.0
-8.199999999999996,112.74999999999984,1.95,3.2,4.3,5.9
-8.199999999999996,112.79999999999984,2.33,3.8,5.2,7.0
-8.199999999999996,112.84999999999984,2.75,4.5,6.1,8.3
-8.199999999999996,112.89999999999984,3.06,5.0,6.8,9.3
-8.199999999999996,112.94999999999983,3.02,4.9,6.7,9.1
-8.199999999999996,112.99999999999983,2.64,4.3,5.9,8.0
-8.199999999999996,113.04999999999983,2.18,3.5,4.9,6.6
-8.199999999999996,113.09999999999982,1.77,2.9,3.9,5.4
-8.199999999999996,113.14999999999982,1.44,2.3,3.2,4.4
-8.199999999999996,113.19999999999982,1.19,1.9,2.7,3.6
-8.199999999999996,113.24999999999982,1.0,1.6,2.2,3.0
-8.199999999999996,113.29999999999981,0.86,1.4,1.9,2.6
-8.199999999999996,113.34999999999981,0.77,1.2,1.7,2.3
-8.199999999999996,113.3999999999998,0.7,1.1,1.6,2.1
-8.199999999999996,113.4499999999998,0.66,1.1,1.5,2.0
-8.199999999999996,113.4999999999998,0.63,1.0,1.4,1.9
-8.199999999999996,113.5499999999998,0.62,1.0,1.4,1.9
-8.199999999999996,113.5999999999998,0.63,1.0,1.4,1.9
-8.199999999999996,113.64999999999979,0.66,1.1,1.5,2.0
-8.199999999999996,113.69999999999979,0.7,1.1,1.6,2.1
-8.199999999999996,113.74999999999979,0.78,1.3,1.7,2.4
-8.199999999999996,113.79999999999978,0.88,1.4,2.0,2.7
-8.199999999999996,113.84999999999978,1.04,1.7,2.3,3.1
-8.199999999999996,113.89999999999978,1.24,2.0,2.8,3.8
-8.199999999999996,113.94999999999978,1.51,2.5,3.4,4.6
-8.199999999999996,113.99999999999977,1.79,2.9,4.0,5.4
-8.199999999999996,114.04999999999977,1.95,3.2,4.3,5.9
-8.199999999999996,114.09999999999977,1.92,3.1,4.3,5.8
-8.199999999999996,114.14999999999976,1.82,3.0,4.0,5.5
-8.199999999999996,114.19999999999976,1.71,2.8,3.8,5.2
-8.199999999999996,114.24999999999976,1.59,2.6,3.5,4.8
-8.199999999999996,114.29999999999976,1.42,2.3,3.2,4.3
-8.199999999999996,114.34999999999975,1.22,2.0,2.7,3.7
-8.199999999999996,114.39999999999975,1.05,1.7,2.3,3.2
-8.199999999999996,114.44999999999975,0.9,1.5,2.0,2.7
-8.149999999999995,110.0,0.53,0.9,1.2,1.6
-8.149999999999995,110.05,0.53,0.9,1.2,1.6
-8.149999999999995,110.1,0.54,0.9,1.2,1.6
-8.149999999999995,110.14999999999999,0.54,0.9,1.2,1.6
-8.149999999999995,110.19999999999999,0.55,0.9,1.2,1.7
-8.149999999999995,110.24999999999999,0.55,0.9,1.2,1.7
-8.149999999999995,110.29999999999998,0.56,0.9,1.2,1.7
-8.149999999999995,110.34999999999998,0.56,0.9,1.2,1.7
-8.149999999999995,110.39999999999998,0.56,0.9,1.2,1.7
-8.149999999999995,110.44999999999997,0.56,0.9,1.2,1.7
-8.149999999999995,110.49999999999997,0.56,0.9,1.2,1.7
-8.149999999999995,110.54999999999997,0.56,0.9,1.2,1.7
-8.149999999999995,110.59999999999997,0.56,0.9,1.2,1.7
-8.149999999999995,110.64999999999996,0.55,0.9,1.2,1.7
-8.149999999999995,110.69999999999996,0.55,0.9,1.2,1.7
-8.149999999999995,110.74999999999996,0.55,0.9,1.2,1.7
-8.149999999999995,110.79999999999995,0.55,0.9,1.2,1.7
-8.149999999999995,110.84999999999995,0.55,0.9,1.2,1.7
-8.149999999999995,110.89999999999995,0.55,0.9,1.2,1.7
-8.149999999999995,110.94999999999995,0.55,0.9,1.2,1.7
-8.149999999999995,110.99999999999994,0.55,0.9,1.2,1.7
-8.149999999999995,111.04999999999994,0.56,0.9,1.2,1.7
-8.149999999999995,111.09999999999994,0.56,0.9,1.2,1.7
-8.149999999999995,111.14999999999993,0.56,0.9,1.2,1.7
-8.149999999999995,111.19999999999993,0.56,0.9,1.2,1.7
-8.149999999999995,111.24999999999993,0.56,0.9,1.2,1.7
-8.149999999999995,111.29999999999993,0.55,0.9,1.2,1.7
-8.149999999999995,111.34999999999992,0.55,0.9,1.2,1.7
-8.149999999999995,111.39999999999992,0.54,0.9,1.2,1.6
-8.149999999999995,111.44999999999992,0.54,0.9,1.2,1.6
-8.149999999999995,111.49999999999991,0.54,0.9,1.2,1.6
-8.149999999999995,111.54999999999991,0.54,0.9,1.2,1.6
-8.149999999999995,111.59999999999991,0.54,0.9,1.2,1.6
-8.149999999999995,111.6499999999999,0.54,0.9,1.2,1.6
-8.149999999999995,111.6999999999999,0.55,0.9,1.2,1.7
-8.149999999999995,111.7499999999999,0.56,0.9,1.2,1.7
-8.149999999999995,111.7999999999999,0.57,0.9,1.3,1.7
-8.149999999999995,111.8499999999999,0.6,1.0,1.3,1.8
-8.149999999999995,111.89999999999989,0.63,1.0,1.4,1.9
-8.149999999999995,111.94999999999989,0.68,1.1,1.5,2.1
-8.149999999999995,111.99999999999989,0.75,1.2,1.7,2.3
-8.149999999999995,112.04999999999988,0.83,1.3,1.8,2.5
-8.149999999999995,112.09999999999988,0.93,1.5,2.1,2.8
-8.149999999999995,112.14999999999988,1.05,1.7,2.3,3.2
-8.149999999999995,112.19999999999987,1.18,1.9,2.6,3.6
-8.149999999999995,112.24999999999987,1.29,2.1,2.9,3.9
-8.149999999999995,112.29999999999987,1.38,2.2,3.1,4.2
-8.149999999999995,112.34999999999987,1.41,2.3,3.1,4.3
-8.149999999999995,112.39999999999986,1.41,2.3,3.1,4.3
-8.149999999999995,112.44999999999986,1.39,2.3,3.1,4.2
-8.149999999999995,112.49999999999986,1.39,2.3,3.1,4.2
-8.149999999999995,112.54999999999986,1.42,2.3,3.2,4.3
-8.149999999999995,112.59999999999985,1.5,2.4,3.3,4.5
-8.149999999999995,112.64999999999985,1.65,2.7,3.7,5.0
-8.149999999999995,112.69999999999985,1.88,3.1,4.2,5.7
-8.149999999999995,112.74999999999984,2.24,3.6,5.0,6.8
-8.149999999999995,112.79999999999984,2.76,4.5,6.1,8.3
-8.149999999999995,112.84999999999984,3.44,5.6,7.6,10.4
-8.149999999999995,112.89999999999984,4.14,6.7,9.2,12.5
-8.149999999999995,112.94999999999983,4.02,6.5,9.0,12.2
-8.149999999999995,112.99999999999983,3.27,5.3,7.3,9.9
-8.149999999999995,113.04999999999983,2.57,4.2,5.7,7.8
-8.149999999999995,113.09999999999982,2.02,3.3,4.5,6.1
-8.149999999999995,113.14999999999982,1.61,2.6,3.6,4.9
-8.149999999999995,113.19999999999982,1.3,2.1,2.9,3.9
-8.149999999999995,113.24999999999982,1.07,1.7,2.4,3.2
-8.149999999999995,113.29999999999981,0.91,1.5,2.0,2.8
-8.149999999999995,113.34999999999981,0.8,1.3,1.8,2.4
-8.149999999999995,113.3999999999998,0.72,1.2,1.6,2.2
-8.149999999999995,113.4499999999998,0.67,1.1,1.5,2.0
-8.149999999999995,113.4999999999998,0.64,1.0,1.4,1.9
-8.149999999999995,113.5499999999998,0.63,1.0,1.4,1.9
-8.149999999999995,113.5999999999998,0.64,1.0,1.4,1.9
-8.149999999999995,113.64999999999979,0.67,1.1,1.5,2.0
-8.149999999999995,113.69999999999979,0.72,1.2,1.6,2.2
-8.149999999999995,113.74999999999979,0.8,1.3,1.8,2.4
-8.149999999999995,113.79999999999978,0.92,1.5,2.0,2.8
-8.149999999999995,113.84999999999978,1.09,1.8,2.4,3.3
-8.149999999999995,113.89999999999978,1.35,2.2,3.0,4.1
-8.149999999999995,113.94999999999978,1.71,2.8,3.8,5.2
-8.149999999999995,113.99999999999977,2.18,3.6,4.9,6.6
-8.149999999999995,114.04999999999977,2.51,4.1,5.6,7.6
-8.149999999999995,114.09999999999977,2.3,3.7,5.1,7.0
-8.149999999999995,114.14999999999976,2.14,3.5,4.8,6.5
-8.149999999999995,114.19999999999976,2.07,3.4,4.6,6.2
-8.149999999999995,114.24999999999976,1.94,3.2,4.3,5.9
-8.149999999999995,114.29999999999976,1.69,2.7,3.8,5.1
-8.149999999999995,114.34999999999975,1.4,2.3,3.1,4.2
-8.149999999999995,114.39999999999975,1.15,1.9,2.6,3.5
-8.149999999999995,114.44999999999975,0.96,1.6,2.1,2.9
-8.099999999999994,110.0,0.54,0.9,1.2,1.6
-8.099999999999994,110.05,0.54,0.9,1.2,1.6
-8.099999999999994,110.1,0.55,0.9,1.2,1.7
-8.099999999999994,110.14999999999999,0.56,0.9,1.2,1.7
-8.099999999999994,110.19999999999999,0.57,0.9,1.3,1.7
-8.099999999999994,110.24999999999999,0.57,0.9,1.3,1.7
-8.099999999999994,110.29999999999998,0.58,0.9,1.3,1.8
-8.099999999999994,110.34999999999998,0.58,0.9,1.3,1.8
-8.099999999999994,110.39999999999998,0.59,1.0,1.3,1.8
-8.099999999999994,110.44999999999997,0.59,1.0,1.3,1.8
-8.099999999999994,110.49999999999997,0.59,1.0,1.3,1.8
-8.099999999999994,110.54999999999997,0.58,0.9,1.3,1.8
-8.099999999999994,110.59999999999997,0.58,0.9,1.3,1.8
-8.099999999999994,110.64999999999996,0.57,0.9,1.3,1.7
-8.099999999999994,110.69999999999996,0.57,0.9,1.3,1.7
-8.099999999999994,110.74999999999996,0.57,0.9,1.3,1.7
-8.099999999999994,110.79999999999995,0.56,0.9,1.3,1.7
-8.099999999999994,110.84999999999995,0.56,0.9,1.3,1.7
-8.099999999999994,110.89999999999995,0.57,0.9,1.3,1.7
-8.099999999999994,110.94999999999995,0.57,0.9,1.3,1.7
-8.099999999999994,110.99999999999994,0.57,0.9,1.3,1.7
-8.099999999999994,111.04999999999994,0.58,0.9,1.3,1.7
-8.099999999999994,111.09999999999994,0.58,0.9,1.3,1.8
-8.099999999999994,111.14999999999993,0.58,0.9,1.3,1.8
-8.099999999999994,111.19999999999993,0.58,0.9,1.3,1.8
-8.099999999999994,111.24999999999993,0.58,0.9,1.3,1.8
-8.099999999999994,111.29999999999993,0.57,0.9,1.3,1.7
-8.099999999999994,111.34999999999992,0.57,0.9,1.3,1.7
-8.099999999999994,111.39999999999992,0.56,0.9,1.2,1.7
-8.099999999999994,111.44999999999992,0.55,0.9,1.2,1.7
-8.099999999999994,111.49999999999991,0.55,0.9,1.2,1.7
-8.099999999999994,111.54999999999991,0.54,0.9,1.2,1.6
-8.099999999999994,111.59999999999991,0.54,0.9,1.2,1.6
-8.099999999999994,111.6499999999999,0.55,0.9,1.2,1.7
-8.099999999999994,111.6999999999999,0.55,0.9,1.2,1.7
-8.099999999999994,111.7499999999999,0.57,0.9,1.3,1.7
-8.099999999999994,111.7999999999999,0.59,1.0,1.3,1.8
-8.099999999999994,111.8499999999999,0.61,1.0,1.4,1.9
-8.099999999999994,111.89999999999989,0.66,1.1,1.5,2.0
-8.099999999999994,111.94999999999989,0.72,1.2,1.6,2.2
-8.099999999999994,111.99999999999989,0.8,1.3,1.8,2.4
-8.099999999999994,112.04999999999988,0.91,1.5,2.0,2.8
-8.099999999999994,112.09999999999988,1.05,1.7,2.3,3.2
-8.099999999999994,112.14999999999988,1.23,2.0,2.7,3.7
-8.099999999999994,112.19999999999987,1.42,2.3,3.2,4.3
-8.099999999999994,112.24999999999987,1.61,2.6,3.6,4.9
-8.099999999999994,112.29999999999987,1.73,2.8,3.9,5.2
-8.099999999999994,112.34999999999987,1.77,2.9,3.9,5.3
-8.099999999999994,112.39999999999986,1.73,2.8,3.9,5.2
-8.099999999999994,112.44999999999986,1.67,2.7,3.7,5.1
-8.099999999999994,112.49999999999986,1.63,2.6,3.6,4.9
-8.099999999999994,112.54999999999986,1.63,2.7,3.6,4.9
-8.099999999999994,112.59999999999985,1.7,2.8,3.8,5.1
-8.099999999999994,112.64999999999985,1.84,3.0,4.1,5.6
-8.099999999999994,112.69999999999985,2.09,3.4,4.7,6.3
-8.099999999999994,112.74999999999984,2.48,4.0,5.5,7.5
-8.099999999999994,112.79999999999984,3.05,5.0,6.8,9.2
-8.099999999999994,112.84999999999984,3.87,6.3,8.6,11.7
-8.099999999999994,112.89999999999984,4.96,8.1,11.0,15.0
-8.099999999999994,112.94999999999983,4.74,7.7,10.6,14.4
-8.099999999999994,112.99999999999983,3.69,6.0,8.2,11.2
-8.099999999999994,113.04999999999983,2.86,4.7,6.4,8.7
-8.099999999999994,113.09999999999982,2.22,3.6,4.9,6.7
-8.099999999999994,113.14999999999982,1.73,2.8,3.9,5.2
-8.099999999999994,113.19999999999982,1.38,2.2,3.1,4.2
-8.099999999999994,113.24999999999982,1.12,1.8,2.5,3.4
-8.099999999999994,113.29999999999981,0.94,1.5,2.1,2.9
-8.099999999999994,113.34999999999981,0.82,1.3,1.8,2.5
-8.099999999999994,113.3999999999998,0.73,1.2,1.6,2.2
-8.099999999999994,113.4499999999998,0.68,1.1,1.5,2.1
-8.099999999999994,113.4999999999998,0.65,1.1,1.4,2.0
-8.099999999999994,113.5499999999998,0.64,1.0,1.4,1.9
-8.099999999999994,113.5999999999998,0.64,1.0,1.4,1.9
-8.099999999999994,113.64999999999979,0.67,1.1,1.5,2.0
-8.099999999999994,113.69999999999979,0.72,1.2,1.6,2.2
-8.099999999999994,113.74999999999979,0.8,1.3,1.8,2.4
-8.099999999999994,113.79999999999978,0.92,1.5,2.1,2.8
-8.099999999999994,113.84999999999978,1.1,1.8,2.5,3.3
-8.099999999999994,113.89999999999978,1.37,2.2,3.0,4.1
-8.099999999999994,113.94999999999978,1.74,2.8,3.9,5.3
-8.099999999999994,113.99999999999977,2.27,3.7,5.1,6.9
-8.099999999999994,114.04999999999977,2.67,4.3,5.9,8.1
-8.099999999999994,114.09999999999977,2.43,4.0,5.4,7.4
-8.099999999999994,114.14999999999976,2.34,3.8,5.2,7.1
-8.099999999999994,114.19999999999976,2.42,3.9,5.4,7.3
-8.099999999999994,114.24999999999976,2.39,3.9,5.3,7.2
-8.099999999999994,114.29999999999976,1.96,3.2,4.4,5.9
-8.099999999999994,114.34999999999975,1.54,2.5,3.4,4.7
-8.099999999999994,114.39999999999975,1.23,2.0,2.7,3.7
-8.099999999999994,114.44999999999975,1.01,1.6,2.2,3.0
-8.049999999999994,110.0,0.55,0.9,1.2,1.7
-8.049999999999994,110.05,0.56,0.9,1.2,1.7
-8.049999999999994,110.1,0.57,0.9,1.3,1.7
-8.049999999999994,110.14999999999999,0.58,0.9,1.3,1.8
-8.049999999999994,110.19999999999999,0.59,1.0,1.3,1.8
-8.049999999999994,110.24999999999999,0.6,1.0,1.3,1.8
-8.049999999999994,110.29999999999998,0.61,1.0,1.4,1.9
-8.049999999999994,110.34999999999998,0.62,1.0,1.4,1.9
-8.049999999999994,110.39999999999998,0.62,1.0,1.4,1.9
-8.049999999999994,110.44999999999997,0.63,1.0,1.4,1.9
-8.049999999999994,110.49999999999997,0.62,1.0,1.4,1.9
-8.049999999999994,110.54999999999997,0.62,1.0,1.4,1.9
-8.049999999999994,110.59999999999997,0.61,1.0,1.4,1.8
-8.049999999999994,110.64999999999996,0.6,1.0,1.3,1.8
-8.049999999999994,110.69999999999996,0.6,1.0,1.3,1.8
-8.049999999999994,110.74999999999996,0.59,1.0,1.3,1.8
-8.049999999999994,110.79999999999995,0.59,1.0,1.3,1.8
-8.049999999999994,110.84999999999995,0.59,1.0,1.3,1.8
-8.049999999999994,110.89999999999995,0.59,1.0,1.3,1.8
-8.049999999999994,110.94999999999995,0.59,1.0,1.3,1.8
-8.049999999999994,110.99999999999994,0.6,1.0,1.3,1.8
-8.049999999999994,111.04999999999994,0.61,1.0,1.4,1.8
-8.049999999999994,111.09999999999994,0.62,1.0,1.4,1.9
-8.049999999999994,111.14999999999993,0.62,1.0,1.4,1.9
-8.049999999999994,111.19999999999993,0.62,1.0,1.4,1.9
-8.049999999999994,111.24999999999993,0.61,1.0,1.4,1.9
-8.049999999999994,111.29999999999993,0.61,1.0,1.3,1.8
-8.049999999999994,111.34999999999992,0.6,1.0,1.3,1.8
-8.049999999999994,111.39999999999992,0.58,0.9,1.3,1.8
-8.049999999999994,111.44999999999992,0.57,0.9,1.3,1.7
-8.049999999999994,111.49999999999991,0.56,0.9,1.3,1.7
-8.049999999999994,111.54999999999991,0.56,0.9,1.2,1.7
-8.049999999999994,111.59999999999991,0.55,0.9,1.2,1.7
-8.049999999999994,111.6499999999999,0.55,0.9,1.2,1.7
-8.049999999999994,111.6999999999999,0.56,0.9,1.2,1.7
-8.049999999999994,111.7499999999999,0.57,0.9,1.3,1.7
-8.049999999999994,111.7999999999999,0.6,1.0,1.3,1.8
-8.049999999999994,111.8499999999999,0.63,1.0,1.4,1.9
-8.049999999999994,111.89999999999989,0.68,1.1,1.5,2.1
-8.049999999999994,111.94999999999989,0.75,1.2,1.7,2.3
-8.049999999999994,111.99999999999989,0.85,1.4,1.9,2.6
-8.049999999999994,112.04999999999988,0.99,1.6,2.2,3.0
-8.049999999999994,112.09999999999988,1.18,1.9,2.6,3.6
-8.049999999999994,112.14999999999988,1.42,2.3,3.2,4.3
-8.049999999999994,112.19999999999987,1.72,2.8,3.8,5.2
-8.049999999999994,112.24999999999987,2.02,3.3,4.5,6.1
-8.049999999999994,112.29999999999987,2.23,3.6,5.0,6.8
-8.049999999999994,112.34999999999987,2.26,3.7,5.0,6.8
-8.049999999999994,112.39999999999986,2.14,3.5,4.8,6.5
-8.049999999999994,112.44999999999986,2.0,3.3,4.5,6.1
-8.049999999999994,112.49999999999986,1.91,3.1,4.2,5.8
-8.049999999999994,112.54999999999986,1.88,3.1,4.2,5.7
-8.049999999999994,112.59999999999985,1.92,3.1,4.3,5.8
-8.049999999999994,112.64999999999985,2.04,3.3,4.5,6.2
-8.049999999999994,112.69999999999985,2.27,3.7,5.0,6.9
-8.049999999999994,112.74999999999984,2.63,4.3,5.9,8.0
-8.049999999999994,112.79999999999984,3.16,5.1,7.0,9.6
-8.049999999999994,112.84999999999984,3.86,6.3,8.6,11.7
-8.049999999999994,112.89999999999984,4.5,7.3,10.0,13.6
-8.049999999999994,112.94999999999983,4.47,7.3,9.9,13.5
-8.049999999999994,112.99999999999983,3.79,6.2,8.4,11.5
-8.049999999999994,113.04999999999983,3.0,4.9,6.7,9.1
-8.049999999999994,113.09999999999982,2.33,3.8,5.2,7.0
-8.049999999999994,113.14999999999982,1.81,2.9,4.0,5.5
-8.049999999999994,113.19999999999982,1.43,2.3,3.2,4.3
-8.049999999999994,113.24999999999982,1.16,1.9,2.6,3.5
-8.049999999999994,113.29999999999981,0.96,1.6,2.1,2.9
-8.049999999999994,113.34999999999981,0.83,1.4,1.9,2.5
-8.049999999999994,113.3999999999998,0.74,1.2,1.7,2.2
-8.049999999999994,113.4499999999998,0.68,1.1,1.5,2.1
-8.049999999999994,113.4999999999998,0.65,1.1,1.4,2.0
-8.049999999999994,113.5499999999998,0.64,1.0,1.4,1.9
-8.049999999999994,113.5999999999998,0.64,1.0,1.4,1.9
-8.049999999999994,113.64999999999979,0.67,1.1,1.5,2.0
-8.049999999999994,113.69999999999979,0.71,1.2,1.6,2.2
-8.049999999999994,113.74999999999979,0.79,1.3,1.8,2.4
-8.049999999999994,113.79999999999978,0.9,1.5,2.0,2.7
-8.049999999999994,113.84999999999978,1.07,1.7,2.4,3.2
-8.049999999999994,113.89999999999978,1.3,2.1,2.9,3.9
-8.049999999999994,113.94999999999978,1.6,2.6,3.6,4.8
-8.049999999999994,113.99999999999977,1.94,3.2,4.3,5.9
-8.049999999999994,114.04999999999977,2.18,3.5,4.8,6.6
-8.049999999999994,114.09999999999977,2.22,3.6,4.9,6.7
-8.049999999999994,114.14999999999976,2.29,3.7,5.1,6.9
-8.049999999999994,114.19999999999976,2.52,4.1,5.6,7.6
-8.049999999999994,114.24999999999976,2.69,4.4,6.0,8.1
-8.049999999999994,114.29999999999976,2.05,3.3,4.6,6.2
-8.049999999999994,114.34999999999975,1.57,2.6,3.5,4.8
-8.049999999999994,114.39999999999975,1.24,2.0,2.8,3.8
-8.049999999999994,114.44999999999975,1.01,1.6,2.3,3.1
-7.999999999999993,110.0,0.57,0.9,1.3,1.7
-7.999999999999993,110.05,0.58,0.9,1.3,1.8
-7.999999999999993,110.1,0.6,1.0,1.3,1.8
-7.999999999999993,110.14999999999999,0.61,1.0,1.4,1.9
-7.999999999999993,110.19999999999999,0.63,1.0,1.4,1.9
-7.999999999999993,110.24999999999999,0.65,1.0,1.4,2.0
-7.999999999999993,110.29999999999998,0.66,1.1,1.5,2.0
-7.999999999999993,110.34999999999998,0.67,1.1,1.5,2.0
-7.999999999999993,110.39999999999998,0.68,1.1,1.5,2.1
-7.999999999999993,110.44999999999997,0.68,1.1,1.5,2.1
-7.999999999999993,110.49999999999997,0.68,1.1,1.5,2.0
-7.999999999999993,110.54999999999997,0.67,1.1,1.5,2.0
-7.999999999999993,110.59999999999997,0.66,1.1,1.5,2.0
-7.999999999999993,110.64999999999996,0.64,1.0,1.4,1.9
-7.999999999999993,110.69999999999996,0.63,1.0,1.4,1.9
-7.999999999999993,110.74999999999996,0.62,1.0,1.4,1.9
-7.999999999999993,110.79999999999995,0.61,1.0,1.4,1.9
-7.999999999999993,110.84999999999995,0.61,1.0,1.4,1.9
-7.999999999999993,110.89999999999995,0.62,1.0,1.4,1.9
-7.999999999999993,110.94999999999995,0.63,1.0,1.4,1.9
-7.999999999999993,110.99999999999994,0.64,1.0,1.4,1.9
-7.999999999999993,111.04999999999994,0.65,1.1,1.5,2.0
-7.999999999999993,111.09999999999994,0.66,1.1,1.5,2.0
-7.999999999999993,111.14999999999993,0.67,1.1,1.5,2.0
-7.999999999999993,111.19999999999993,0.67,1.1,1.5,2.0
-7.999999999999993,111.24999999999993,0.66,1.1,1.5,2.0
-7.999999999999993,111.29999999999993,0.65,1.1,1.4,2.0
-7.999999999999993,111.34999999999992,0.63,1.0,1.4,1.9
-7.999999999999993,111.39999999999992,0.61,1.0,1.4,1.9
-7.999999999999993,111.44999999999992,0.6,1.0,1.3,1.8
-7.999999999999993,111.49999999999991,0.58,0.9,1.3,1.8
-7.999999999999993,111.54999999999991,0.57,0.9,1.3,1.7
-7.999999999999993,111.59999999999991,0.56,0.9,1.3,1.7
-7.999999999999993,111.6499999999999,0.56,0.9,1.3,1.7
-7.999999999999993,111.6999999999999,0.57,0.9,1.3,1.7
-7.999999999999993,111.7499999999999,0.58,0.9,1.3,1.8
-7.999999999999993,111.7999999999999,0.6,1.0,1.3,1.8
-7.999999999999993,111.8499999999999,0.64,1.0,1.4,1.9
-7.999999999999993,111.89999999999989,0.7,1.1,1.6,2.1
-7.999999999999993,111.94999999999989,0.78,1.3,1.7,2.4
-7.999999999999993,111.99999999999989,0.89,1.5,2.0,2.7
-7.999999999999993,112.04999999999988,1.06,1.7,2.4,3.2
-7.999999999999993,112.09999999999988,1.29,2.1,2.9,3.9
-7.999999999999993,112.14999999999988,1.61,2.6,3.6,4.9
-7.999999999999993,112.19999999999987,2.04,3.3,4.5,6.2
-7.999999999999993,112.24999999999987,2.55,4.1,5.7,7.7
-7.999999999999993,112.29999999999987,2.95,4.8,6.6,8.9
-7.999999999999993,112.34999999999987,2.91,4.7,6.5,8.8
-7.999999999999993,112.39999999999986,2.63,4.3,5.8,7.9
-7.999999999999993,112.44999999999986,2.38,3.9,5.3,7.2
-7.999999999999993,112.49999999999986,2.22,3.6,5.0,6.7
-7.999999999999993,112.54999999999986,2.16,3.5,4.8,6.5
-7.999999999999993,112.59999999999985,2.18,3.5,4.8,6.6
-7.999999999999993,112.64999999999985,2.26,3.7,5.0,6.8
-7.999999999999993,112.69999999999985,2.43,4.0,5.4,7.4
-7.999999999999993,112.74999999999984,2.72,4.4,6.1,8.2
-7.999999999999993,112.79999999999984,3.16,5.1,7.0,9.6
-7.999999999999993,112.84999999999984,3.73,6.1,8.3,11.3
-7.999999999999993,112.89999999999984,4.27,6.9,9.5,12.9
-7.999999999999993,112.94999999999983,4.4,7.2,9.8,13.3
-7.999999999999993,112.99999999999983,3.84,6.2,8.5,11.6
-7.999999999999993,113.04999999999983,3.04,4.9,6.8,9.2
-7.999999999999993,113.09999999999982,2.35,3.8,5.2,7.1
-7.999999999999993,113.14999999999982,1.82,3.0,4.1,5.5
-7.999999999999993,113.19999999999982,1.44,2.3,3.2,4.4
-7.999999999999993,113.24999999999982,1.16,1.9,2.6,3.5
-7.999999999999993,113.29999999999981,0.97,1.6,2.2,2.9
-7.999999999999993,113.34999999999981,0.83,1.4,1.9,2.5
-7.999999999999993,113.3999999999998,0.74,1.2,1.7,2.2
-7.999999999999993,113.4499999999998,0.68,1.1,1.5,2.1
-7.999999999999993,113.4999999999998,0.65,1.1,1.4,2.0
-7.999999999999993,113.5499999999998,0.63,1.0,1.4,1.9
-7.999999999999993,113.5999999999998,0.64,1.0,1.4,1.9
-7.999999999999993,113.64999999999979,0.66,1.1,1.5,2.0
-7.999999999999993,113.69999999999979,0.7,1.1,1.6,2.1
-7.999999999999993,113.74999999999979,0.77,1.2,1.7,2.3
-7.999999999999993,113.79999999999978,0.86,1.4,1.9,2.6
-7.999999999999993,113.84999999999978,1.0,1.6,2.2,3.0
-7.999999999999993,113.89999999999978,1.17,1.9,2.6,3.5
-7.999999999999993,113.94999999999978,1.39,2.3,3.1,4.2
-7.999999999999993,113.99999999999977,1.61,2.6,3.6,4.9
-7.999999999999993,114.04999999999977,1.78,2.9,4.0,5.4
-7.999999999999993,114.09999999999977,1.89,3.1,4.2,5.7
-7.999999999999993,114.14999999999976,2.0,3.3,4.4,6.0
-7.999999999999993,114.19999999999976,2.13,3.5,4.7,6.4
-7.999999999999993,114.24999999999976,2.11,3.4,4.7,6.4
-7.999999999999993,114.29999999999976,1.81,2.9,4.0,5.5
-7.999999999999993,114.34999999999975,1.46,2.4,3.3,4.4
-7.999999999999993,114.39999999999975,1.19,1.9,2.6,3.6
-7.999999999999993,114.44999999999975,0.98,1.6,2.2,3.0
-7.949999999999992,110.0,0.6,1.0,1.3,1.8
-7.949999999999992,110.05,0.61,1.0,1.4,1.9
-7.949999999999992,110.1,0.63,1.0,1.4,1.9
-7.949999999999992,110.14999999999999,0.65,1.1,1.5,2.0
-7.949999999999992,110.19999999999999,0.68,1.1,1.5,2.1
-7.949999999999992,110.24999999999999,0.7,1.1,1.6,2.1
-7.949999999999992,110.29999999999998,0.73,1.2,1.6,2.2
-7.949999999999992,110.34999999999998,0.75,1.2,1.7,2.3
-7.949999999999992,110.39999999999998,0.76,1.2,1.7,2.3
-7.949999999999992,110.44999999999997,0.76,1.2,1.7,2.3
-7.949999999999992,110.49999999999997,0.75,1.2,1.7,2.3
-7.949999999999992,110.54999999999997,0.74,1.2,1.6,2.2
-7.949999999999992,110.59999999999997,0.72,1.2,1.6,2.2
-7.949999999999992,110.64999999999996,0.69,1.1,1.5,2.1
-7.949999999999992,110.69999999999996,0.67,1.1,1.5,2.0
-7.949999999999992,110.74999999999996,0.66,1.1,1.5,2.0
-7.949999999999992,110.79999999999995,0.65,1.1,1.4,2.0
-7.949999999999992,110.84999999999995,0.65,1.1,1.4,2.0
-7.949999999999992,110.89999999999995,0.66,1.1,1.5,2.0
-7.949999999999992,110.94999999999995,0.67,1.1,1.5,2.0
-7.949999999999992,110.99999999999994,0.69,1.1,1.5,2.1
-7.949999999999992,111.04999999999994,0.71,1.2,1.6,2.2
-7.949999999999992,111.09999999999994,0.73,1.2,1.6,2.2
-7.949999999999992,111.14999999999993,0.74,1.2,1.7,2.2
-7.949999999999992,111.19999999999993,0.74,1.2,1.7,2.3
-7.949999999999992,111.24999999999993,0.73,1.2,1.6,2.2
-7.949999999999992,111.29999999999993,0.71,1.2,1.6,2.2
-7.949999999999992,111.34999999999992,0.68,1.1,1.5,2.1
-7.949999999999992,111.39999999999992,0.65,1.1,1.5,2.0
-7.949999999999992,111.44999999999992,0.63,1.0,1.4,1.9
-7.949999999999992,111.49999999999991,0.6,1.0,1.3,1.8
-7.949999999999992,111.54999999999991,0.59,1.0,1.3,1.8
-7.949999999999992,111.59999999999991,0.58,0.9,1.3,1.7
-7.949999999999992,111.6499999999999,0.57,0.9,1.3,1.7
-7.949999999999992,111.6999999999999,0.58,0.9,1.3,1.7
-7.949999999999992,111.7499999999999,0.59,1.0,1.3,1.8
-7.949999999999992,111.7999999999999,0.61,1.0,1.4,1.9
-7.949999999999992,111.8499999999999,0.65,1.1,1.4,2.0
-7.949999999999992,111.89999999999989,0.71,1.2,1.6,2.1
-7.949999999999992,111.94999999999989,0.79,1.3,1.8,2.4
-7.949999999999992,111.99999999999989,0.92,1.5,2.0,2.8
-7.949999999999992,112.04999999999988,1.1,1.8,2.5,3.3
-7.949999999999992,112.09999999999988,1.37,2.2,3.0,4.1
-7.949999999999992,112.14999999999988,1.74,2.8,3.9,5.3
-7.949999999999992,112.19999999999987,2.28,3.7,5.1,6.9
-7.949999999999992,112.24999999999987,3.03,4.9,6.7,9.2
-7.949999999999992,112.29999999999987,3.92,6.4,8.7,11.9
-7.949999999999992,112.34999999999987,3.62,5.9,8.1,11.0
-7.949999999999992,112.39999999999986,3.06,5.0,6.8,9.3
-7.949999999999992,112.44999999999986,2.73,4.4,6.1,8.2
-7.949999999999992,112.49999999999986,2.56,4.2,5.7,7.8
-7.949999999999992,112.54999999999986,2.5,4.1,5.6,7.6
-7.949999999999992,112.59999999999985,2.5,4.1,5.6,7.6
-7.949999999999992,112.64999999999985,2.53,4.1,5.6,7.6
-7.949999999999992,112.69999999999985,2.61,4.3,5.8,7.9
-7.949999999999992,112.74999999999984,2.8,4.6,6.2,8.5
-7.949999999999992,112.79999999999984,3.11,5.1,6.9,9.4
-7.949999999999992,112.84999999999984,3.58,5.8,8.0,10.8
-7.949999999999992,112.89999999999984,4.19,6.8,9.3,12.7
-7.949999999999992,112.94999999999983,4.8,7.8,10.7,14.5
-7.949999999999992,112.99999999999983,3.85,6.3,8.6,11.7
-7.949999999999992,113.04999999999983,2.97,4.8,6.6,9.0
-7.949999999999992,113.09999999999982,2.28,3.7,5.1,6.9
-7.949999999999992,113.14999999999982,1.77,2.9,4.0,5.4
-7.949999999999992,113.19999999999982,1.41,2.3,3.1,4.3
-7.949999999999992,113.24999999999982,1.14,1.9,2.5,3.5
-7.949999999999992,113.29999999999981,0.95,1.6,2.1,2.9
-7.949999999999992,113.34999999999981,0.82,1.3,1.8,2.5
-7.949999999999992,113.3999999999998,0.74,1.2,1.6,2.2
-7.949999999999992,113.4499999999998,0.68,1.1,1.5,2.1
-7.949999999999992,113.4999999999998,0.64,1.0,1.4,1.9
-7.949999999999992,113.5499999999998,0.63,1.0,1.4,1.9
-7.949999999999992,113.5999999999998,0.63,1.0,1.4,1.9
-7.949999999999992,113.64999999999979,0.64,1.0,1.4,2.0
-7.949999999999992,113.69999999999979,0.68,1.1,1.5,2.1
-7.949999999999992,113.74999999999979,0.73,1.2,1.6,2.2
-7.949999999999992,113.79999999999978,0.81,1.3,1.8,2.4
-7.949999999999992,113.84999999999978,0.91,1.5,2.0,2.8
-7.949999999999992,113.89999999999978,1.04,1.7,2.3,3.1
-7.949999999999992,113.94999999999978,1.19,1.9,2.6,3.6
-7.949999999999992,113.99999999999977,1.34,2.2,3.0,4.0
-7.949999999999992,114.04999999999977,1.46,2.4,3.3,4.4
-7.949999999999992,114.09999999999977,1.56,2.5,3.5,4.7
-7.949999999999992,114.14999999999976,1.65,2.7,3.7,5.0
-7.949999999999992,114.19999999999976,1.7,2.8,3.8,5.1
-7.949999999999992,114.24999999999976,1.65,2.7,3.7,5.0
-7.949999999999992,114.29999999999976,1.49,2.4,3.3,4.5
-7.949999999999992,114.34999999999975,1.28,2.1,2.8,3.9
-7.949999999999992,114.39999999999975,1.08,1.8,2.4,3.3
-7.949999999999992,114.44999999999975,0.92,1.5,2.1,2.8
-7.8999999999999915,110.0,0.63,1.0,1.4,1.9
-7.8999999999999915,110.05,0.65,1.1,1.4,2.0
-7.8999999999999915,110.1,0.68,1.1,1.5,2.1
-7.8999999999999915,110.14999999999999,0.71,1.2,1.6,2.1
-7.8999999999999915,110.19999999999999,0.75,1.2,1.7,2.3
-7.8999999999999915,110.24999999999999,0.78,1.3,1.7,2.4
-7.8999999999999915,110.29999999999998,0.82,1.3,1.8,2.5
-7.8999999999999915,110.34999999999998,0.85,1.4,1.9,2.6
-7.8999999999999915,110.39999999999998,0.87,1.4,1.9,2.6
-7.8999999999999915,110.44999999999997,0.87,1.4,1.9,2.6
-7.8999999999999915,110.49999999999997,0.86,1.4,1.9,2.6
-7.8999999999999915,110.54999999999997,0.83,1.4,1.9,2.5
-7.8999999999999915,110.59999999999997,0.8,1.3,1.8,2.4
-7.8999999999999915,110.64999999999996,0.76,1.2,1.7,2.3
-7.8999999999999915,110.69999999999996,0.73,1.2,1.6,2.2
-7.8999999999999915,110.74999999999996,0.71,1.1,1.6,2.1
-7.8999999999999915,110.79999999999995,0.69,1.1,1.5,2.1
-7.8999999999999915,110.84999999999995,0.69,1.1,1.5,2.1
-7.8999999999999915,110.89999999999995,0.7,1.1,1.6,2.1
-7.8999999999999915,110.94999999999995,0.72,1.2,1.6,2.2
-7.8999999999999915,110.99999999999994,0.75,1.2,1.7,2.3
-7.8999999999999915,111.04999999999994,0.79,1.3,1.8,2.4
-7.8999999999999915,111.09999999999994,0.82,1.3,1.8,2.5
-7.8999999999999915,111.14999999999993,0.85,1.4,1.9,2.6
-7.8999999999999915,111.19999999999993,0.85,1.4,1.9,2.6
-7.8999999999999915,111.24999999999993,0.83,1.4,1.9,2.5
-7.8999999999999915,111.29999999999993,0.8,1.3,1.8,2.4
-7.8999999999999915,111.34999999999992,0.75,1.2,1.7,2.3
-7.8999999999999915,111.39999999999992,0.71,1.1,1.6,2.1
-7.8999999999999915,111.44999999999992,0.67,1.1,1.5,2.0
-7.8999999999999915,111.49999999999991,0.63,1.0,1.4,1.9
-7.8999999999999915,111.54999999999991,0.61,1.0,1.3,1.8
-7.8999999999999915,111.59999999999991,0.59,1.0,1.3,1.8
-7.8999999999999915,111.6499999999999,0.58,0.9,1.3,1.8
-7.8999999999999915,111.6999999999999,0.58,0.9,1.3,1.8
-7.8999999999999915,111.7499999999999,0.59,1.0,1.3,1.8
-7.8999999999999915,111.7999999999999,0.62,1.0,1.4,1.9
-7.8999999999999915,111.8499999999999,0.65,1.1,1.5,2.0
-7.8999999999999915,111.89999999999989,0.71,1.2,1.6,2.2
-7.8999999999999915,111.94999999999989,0.8,1.3,1.8,2.4
-7.8999999999999915,111.99999999999989,0.93,1.5,2.1,2.8
-7.8999999999999915,112.04999999999988,1.11,1.8,2.5,3.4
-7.8999999999999915,112.09999999999988,1.38,2.2,3.1,4.2
-7.8999999999999915,112.14999999999988,1.76,2.9,3.9,5.3
-7.8999999999999915,112.19999999999987,2.3,3.7,5.1,6.9
-7.8999999999999915,112.24999999999987,3.03,4.9,6.8,9.2
-7.8999999999999915,112.29999999999987,3.82,6.2,8.5,11.6
-7.8999999999999915,112.34999999999987,3.67,6.0,8.2,11.1
-7.8999999999999915,112.39999999999986,3.23,5.2,7.2,9.8
-7.8999999999999915,112.44999999999986,2.99,4.9,6.7,9.1
-7.8999999999999915,112.49999999999986,2.93,4.8,6.5,8.9
-7.8999999999999915,112.54999999999986,2.93,4.8,6.5,8.9
-7.8999999999999915,112.59999999999985,2.92,4.8,6.5,8.8
-7.8999999999999915,112.64999999999985,2.88,4.7,6.4,8.7
-7.8999999999999915,112.69999999999985,2.85,4.6,6.3,8.6
-7.8999999999999915,112.74999999999984,2.88,4.7,6.4,8.7
-7.8999999999999915,112.79999999999984,3.03,4.9,6.8,9.2
-7.8999999999999915,112.84999999999984,3.32,5.4,7.4,10.1
-7.8999999999999915,112.89999999999984,3.72,6.1,8.3,11.3
-7.8999999999999915,112.94999999999983,3.94,6.4,8.8,11.9
-7.8999999999999915,112.99999999999983,3.4,5.5,7.6,10.3
-7.8999999999999915,113.04999999999983,2.69,4.4,6.0,8.2
-7.8999999999999915,113.09999999999982,2.11,3.4,4.7,6.4
-7.8999999999999915,113.14999999999982,1.67,2.7,3.7,5.0
-7.8999999999999915,113.19999999999982,1.34,2.2,3.0,4.0
-7.8999999999999915,113.24999999999982,1.1,1.8,2.4,3.3
-7.8999999999999915,113.29999999999981,0.93,1.5,2.1,2.8
-7.8999999999999915,113.34999999999981,0.81,1.3,1.8,2.4
-7.8999999999999915,113.3999999999998,0.72,1.2,1.6,2.2
-7.8999999999999915,113.4499999999998,0.67,1.1,1.5,2.0
-7.8999999999999915,113.4999999999998,0.63,1.0,1.4,1.9
-7.8999999999999915,113.5499999999998,0.62,1.0,1.4,1.9
-7.8999999999999915,113.5999999999998,0.62,1.0,1.4,1.9
-7.8999999999999915,113.64999999999979,0.63,1.0,1.4,1.9
-7.8999999999999915,113.69999999999979,0.65,1.1,1.5,2.0
-7.8999999999999915,113.74999999999979,0.7,1.1,1.5,2.1
-7.8999999999999915,113.79999999999978,0.75,1.2,1.7,2.3
-7.8999999999999915,113.84999999999978,0.83,1.3,1.8,2.5
-7.8999999999999915,113.89999999999978,0.92,1.5,2.0,2.8
-7.8999999999999915,113.94999999999978,1.02,1.7,2.3,3.1
-7.8999999999999915,113.99999999999977,1.12,1.8,2.5,3.4
-7.8999999999999915,114.04999999999977,1.21,2.0,2.7,3.7
-7.8999999999999915,114.09999999999977,1.29,2.1,2.9,3.9
-7.8999999999999915,114.14999999999976,1.34,2.2,3.0,4.1
-7.8999999999999915,114.19999999999976,1.36,2.2,3.0,4.1
-7.8999999999999915,114.24999999999976,1.32,2.1,2.9,4.0
-7.8999999999999915,114.29999999999976,1.23,2.0,2.7,3.7
-7.8999999999999915,114.34999999999975,1.1,1.8,2.4,3.3
-7.8999999999999915,114.39999999999975,0.96,1.6,2.1,2.9
-7.8999999999999915,114.44999999999975,0.85,1.4,1.9,2.6
-7.849999999999991,110.0,0.67,1.1,1.5,2.0
-7.849999999999991,110.05,0.7,1.1,1.6,2.1
-7.849999999999991,110.1,0.74,1.2,1.6,2.2
-7.849999999999991,110.14999999999999,0.78,1.3,1.7,2.4
-7.849999999999991,110.19999999999999,0.83,1.4,1.9,2.5
-7.849999999999991,110.24999999999999,0.89,1.4,2.0,2.7
-7.849999999999991,110.29999999999998,0.95,1.5,2.1,2.9
-7.849999999999991,110.34999999999998,1.0,1.6,2.2,3.0
-7.849999999999991,110.39999999999998,1.03,1.7,2.3,3.1
-7.849999999999991,110.44999999999997,1.03,1.7,2.3,3.1
-7.849999999999991,110.49999999999997,1.01,1.6,2.3,3.1
-7.849999999999991,110.54999999999997,0.97,1.6,2.2,2.9
-7.849999999999991,110.59999999999997,0.91,1.5,2.0,2.8
-7.849999999999991,110.64999999999996,0.85,1.4,1.9,2.6
-7.849999999999991,110.69999999999996,0.8,1.3,1.8,2.4
-7.849999999999991,110.74999999999996,0.76,1.2,1.7,2.3
-7.849999999999991,110.79999999999995,0.74,1.2,1.7,2.2
-7.849999999999991,110.84999999999995,0.74,1.2,1.6,2.2
-7.849999999999991,110.89999999999995,0.75,1.2,1.7,2.3
-7.849999999999991,110.94999999999995,0.79,1.3,1.8,2.4
-7.849999999999991,110.99999999999994,0.84,1.4,1.9,2.5
-7.849999999999991,111.04999999999994,0.9,1.5,2.0,2.7
-7.849999999999991,111.09999999999994,0.95,1.6,2.1,2.9
-7.849999999999991,111.14999999999993,1.0,1.6,2.2,3.0
-7.849999999999991,111.19999999999993,1.0,1.6,2.2,3.0
-7.849999999999991,111.24999999999993,0.97,1.6,2.2,2.9
-7.849999999999991,111.29999999999993,0.91,1.5,2.0,2.8
-7.849999999999991,111.34999999999992,0.84,1.4,1.9,2.5
-7.849999999999991,111.39999999999992,0.77,1.3,1.7,2.3
-7.849999999999991,111.44999999999992,0.71,1.2,1.6,2.1
-7.849999999999991,111.49999999999991,0.66,1.1,1.5,2.0
-7.849999999999991,111.54999999999991,0.63,1.0,1.4,1.9
-7.849999999999991,111.59999999999991,0.6,1.0,1.3,1.8
-7.849999999999991,111.6499999999999,0.59,1.0,1.3,1.8
-7.849999999999991,111.6999999999999,0.59,1.0,1.3,1.8
-7.849999999999991,111.7499999999999,0.6,1.0,1.3,1.8
-7.849999999999991,111.7999999999999,0.62,1.0,1.4,1.9
-7.849999999999991,111.8499999999999,0.65,1.1,1.5,2.0
-7.849999999999991,111.89999999999989,0.71,1.2,1.6,2.1
-7.849999999999991,111.94999999999989,0.79,1.3,1.8,2.4
-7.849999999999991,111.99999999999989,0.91,1.5,2.0,2.8
-7.849999999999991,112.04999999999988,1.09,1.8,2.4,3.3
-7.849999999999991,112.09999999999988,1.33,2.2,3.0,4.0
-7.849999999999991,112.14999999999988,1.67,2.7,3.7,5.0
-7.849999999999991,112.19999999999987,2.11,3.4,4.7,6.4
-7.849999999999991,112.24999999999987,2.63,4.3,5.9,8.0
-7.849999999999991,112.29999999999987,3.08,5.0,6.8,9.3
-7.849999999999991,112.34999999999987,3.2,5.2,7.1,9.7
-7.849999999999991,112.39999999999986,3.16,5.1,7.0,9.6
-7.849999999999991,112.44999999999986,3.19,5.2,7.1,9.7
-7.849999999999991,112.49999999999986,3.34,5.4,7.4,10.1
-7.849999999999991,112.54999999999986,3.5,5.7,7.8,10.6
-7.849999999999991,112.59999999999985,3.53,5.7,7.9,10.7
-7.849999999999991,112.64999999999985,3.37,5.5,7.5,10.2
-7.849999999999991,112.69999999999985,3.16,5.1,7.0,9.5
-7.849999999999991,112.74999999999984,2.99,4.9,6.7,9.1
-7.849999999999991,112.79999999999984,2.94,4.8,6.5,8.9
-7.849999999999991,112.84999999999984,3.0,4.9,6.7,9.1
-7.849999999999991,112.89999999999984,3.1,5.0,6.9,9.4
-7.849999999999991,112.94999999999983,3.06,5.0,6.8,9.3
-7.849999999999991,112.99999999999983,2.75,4.5,6.1,8.3
-7.849999999999991,113.04999999999983,2.3,3.7,5.1,7.0
-7.849999999999991,113.09999999999982,1.87,3.0,4.2,5.7
-7.849999999999991,113.14999999999982,1.51,2.5,3.4,4.6
-7.849999999999991,113.19999999999982,1.24,2.0,2.8,3.8
-7.849999999999991,113.24999999999982,1.03,1.7,2.3,3.1
-7.849999999999991,113.29999999999981,0.89,1.4,2.0,2.7
-7.849999999999991,113.34999999999981,0.78,1.3,1.7,2.4
-7.849999999999991,113.3999999999998,0.7,1.1,1.6,2.1
-7.849999999999991,113.4499999999998,0.65,1.1,1.5,2.0
-7.849999999999991,113.4999999999998,0.62,1.0,1.4,1.9
-7.849999999999991,113.5499999999998,0.61,1.0,1.4,1.8
-7.849999999999991,113.5999999999998,0.6,1.0,1.3,1.8
-7.849999999999991,113.64999999999979,0.61,1.0,1.4,1.9
-7.849999999999991,113.69999999999979,0.63,1.0,1.4,1.9
-7.849999999999991,113.74999999999979,0.66,1.1,1.5,2.0
-7.849999999999991,113.79999999999978,0.7,1.1,1.6,2.1
-7.849999999999991,113.84999999999978,0.76,1.2,1.7,2.3
-7.849999999999991,113.89999999999978,0.82,1.3,1.8,2.5
-7.849999999999991,113.94999999999978,0.89,1.4,2.0,2.7
-7.849999999999991,113.99999999999977,0.96,1.6,2.1,2.9
-7.849999999999991,114.04999999999977,1.02,1.7,2.3,3.1
-7.849999999999991,114.09999999999977,1.07,1.7,2.4,3.2
-7.849999999999991,114.14999999999976,1.1,1.8,2.5,3.3
-7.849999999999991,114.19999999999976,1.11,1.8,2.5,3.4
-7.849999999999991,114.24999999999976,1.08,1.8,2.4,3.3
-7.849999999999991,114.29999999999976,1.02,1.7,2.3,3.1
-7.849999999999991,114.34999999999975,0.94,1.5,2.1,2.8
-7.849999999999991,114.39999999999975,0.86,1.4,1.9,2.6
-7.849999999999991,114.44999999999975,0.78,1.3,1.7,2.3
-7.79999999999999,110.0,0.73,1.2,1.6,2.2
-7.79999999999999,110.05,0.76,1.2,1.7,2.3
-7.79999999999999,110.1,0.81,1.3,1.8,2.5
-7.79999999999999,110.14999999999999,0.87,1.4,1.9,2.6
-7.79999999999999,110.19999999999999,0.95,1.5,2.1,2.9
-7.79999999999999,110.24999999999999,1.03,1.7,2.3,3.1
-7.79999999999999,110.29999999999998,1.12,1.8,2.5,3.4
-7.79999999999999,110.34999999999998,1.2,2.0,2.7,3.6
-7.79999999999999,110.39999999999998,1.26,2.0,2.8,3.8
-7.79999999999999,110.44999999999997,1.27,2.1,2.8,3.8
-7.79999999999999,110.49999999999997,1.23,2.0,2.7,3.7
-7.79999999999999,110.54999999999997,1.16,1.9,2.6,3.5
-7.79999999999999,110.59999999999997,1.06,1.7,2.4,3.2
-7.79999999999999,110.64999999999996,0.97,1.6,2.2,2.9
-7.79999999999999,110.69999999999996,0.89,1.4,2.0,2.7
-7.79999999999999,110.74999999999996,0.83,1.4,1.9,2.5
-7.79999999999999,110.79999999999995,0.8,1.3,1.8,2.4
-7.79999999999999,110.84999999999995,0.79,1.3,1.8,2.4
-7.79999999999999,110.89999999999995,0.81,1.3,1.8,2.5
-7.79999999999999,110.94999999999995,0.86,1.4,1.9,2.6
-7.79999999999999,110.99999999999994,0.93,1.5,2.1,2.8
-7.79999999999999,111.04999999999994,1.03,1.7,2.3,3.1
-7.79999999999999,111.09999999999994,1.13,1.8,2.5,3.4
-7.79999999999999,111.14999999999993,1.21,2.0,2.7,3.7
-7.79999999999999,111.19999999999993,1.22,2.0,2.7,3.7
-7.79999999999999,111.24999999999993,1.17,1.9,2.6,3.5
-7.79999999999999,111.29999999999993,1.07,1.7,2.4,3.2
-7.79999999999999,111.34999999999992,0.95,1.5,2.1,2.9
-7.79999999999999,111.39999999999992,0.85,1.4,1.9,2.6
-7.79999999999999,111.44999999999992,0.76,1.2,1.7,2.3
-7.79999999999999,111.49999999999991,0.69,1.1,1.5,2.1
-7.79999999999999,111.54999999999991,0.65,1.1,1.4,2.0
-7.79999999999999,111.59999999999991,0.62,1.0,1.4,1.9
-7.79999999999999,111.6499999999999,0.6,1.0,1.3,1.8
-7.79999999999999,111.6999999999999,0.59,1.0,1.3,1.8
-7.79999999999999,111.7499999999999,0.6,1.0,1.3,1.8
-7.79999999999999,111.7999999999999,0.61,1.0,1.4,1.9
-7.79999999999999,111.8499999999999,0.65,1.1,1.4,2.0
-7.79999999999999,111.89999999999989,0.7,1.1,1.6,2.1
-7.79999999999999,111.94999999999989,0.77,1.3,1.7,2.3
-7.79999999999999,111.99999999999989,0.88,1.4,2.0,2.7
-7.79999999999999,112.04999999999988,1.03,1.7,2.3,3.1
-7.79999999999999,112.09999999999988,1.24,2.0,2.8,3.8
-7.79999999999999,112.14999999999988,1.52,2.5,3.4,4.6
-7.79999999999999,112.19999999999987,1.86,3.0,4.1,5.6
-7.79999999999999,112.24999999999987,2.23,3.6,5.0,6.8
-7.79999999999999,112.29999999999987,2.57,4.2,5.7,7.8
-7.79999999999999,112.34999999999987,2.82,4.6,6.3,8.5
-7.79999999999999,112.39999999999986,3.04,4.9,6.8,9.2
-7.79999999999999,112.44999999999986,3.35,5.4,7.5,10.1
-7.79999999999999,112.49999999999986,3.81,6.2,8.5,11.5
-7.79999999999999,112.54999999999986,4.3,7.0,9.6,13.0
-7.79999999999999,112.59999999999985,4.41,7.2,9.8,13.3
-7.79999999999999,112.64999999999985,4.03,6.5,9.0,12.2
-7.79999999999999,112.69999999999985,3.54,5.8,7.9,10.7
-7.79999999999999,112.74999999999984,3.13,5.1,7.0,9.5
-7.79999999999999,112.79999999999984,2.87,4.7,6.4,8.7
-7.79999999999999,112.84999999999984,2.71,4.4,6.0,8.2
-7.79999999999999,112.89999999999984,2.61,4.2,5.8,7.9
-7.79999999999999,112.94999999999983,2.47,4.0,5.5,7.5
-7.79999999999999,112.99999999999983,2.23,3.6,5.0,6.8
-7.79999999999999,113.04999999999983,1.92,3.1,4.3,5.8
-7.79999999999999,113.09999999999982,1.62,2.6,3.6,4.9
-7.79999999999999,113.14999999999982,1.35,2.2,3.0,4.1
-7.79999999999999,113.19999999999982,1.13,1.8,2.5,3.4
-7.79999999999999,113.24999999999982,0.96,1.6,2.1,2.9
-7.79999999999999,113.29999999999981,0.84,1.4,1.9,2.5
-7.79999999999999,113.34999999999981,0.75,1.2,1.7,2.3
-7.79999999999999,113.3999999999998,0.68,1.1,1.5,2.1
-7.79999999999999,113.4499999999998,0.64,1.0,1.4,1.9
-7.79999999999999,113.4999999999998,0.61,1.0,1.4,1.8
-7.79999999999999,113.5499999999998,0.6,1.0,1.3,1.8
-7.79999999999999,113.5999999999998,0.59,1.0,1.3,1.8
-7.79999999999999,113.64999999999979,0.59,1.0,1.3,1.8
-7.79999999999999,113.69999999999979,0.61,1.0,1.4,1.8
-7.79999999999999,113.74999999999979,0.63,1.0,1.4,1.9
-7.79999999999999,113.79999999999978,0.66,1.1,1.5,2.0
-7.79999999999999,113.84999999999978,0.7,1.1,1.6,2.1
-7.79999999999999,113.89999999999978,0.74,1.2,1.6,2.2
-7.79999999999999,113.94999999999978,0.79,1.3,1.8,2.4
-7.79999999999999,113.99999999999977,0.83,1.4,1.9,2.5
-7.79999999999999,114.04999999999977,0.87,1.4,1.9,2.6
-7.79999999999999,114.09999999999977,0.91,1.5,2.0,2.7
-7.79999999999999,114.14999999999976,0.93,1.5,2.1,2.8
-7.79999999999999,114.19999999999976,0.93,1.5,2.1,2.8
-7.79999999999999,114.24999999999976,0.91,1.5,2.0,2.8
-7.79999999999999,114.29999999999976,0.87,1.4,1.9,2.6
-7.79999999999999,114.34999999999975,0.82,1.3,1.8,2.5
-7.79999999999999,114.39999999999975,0.77,1.2,1.7,2.3
-7.79999999999999,114.44999999999975,0.71,1.2,1.6,2.2
-7.749999999999989,110.0,0.8,1.3,1.8,2.4
-7.749999999999989,110.05,0.85,1.4,1.9,2.6
-7.749999999999989,110.1,0.91,1.5,2.0,2.7
-7.749999999999989,110.14999999999999,0.99,1.6,2.2,3.0
-7.749999999999989,110.19999999999999,1.09,1.8,2.4,3.3
-7.749999999999989,110.24999999999999,1.21,2.0,2.7,3.7
-7.749999999999989,110.29999999999998,1.35,2.2,3.0,4.1
-7.749999999999989,110.34999999999998,1.49,2.4,3.3,4.5
-7.749999999999989,110.39999999999998,1.58,2.6,3.5,4.8
-7.749999999999989,110.44999999999997,1.6,2.6,3.6,4.9
-7.749999999999989,110.49999999999997,1.54,2.5,3.4,4.6
-7.749999999999989,110.54999999999997,1.41,2.3,3.1,4.3
-7.749999999999989,110.59999999999997,1.25,2.0,2.8,3.8
-7.749999999999989,110.64999999999996,1.11,1.8,2.5,3.4
-7.749999999999989,110.69999999999996,0.99,1.6,2.2,3.0
-7.749999999999989,110.74999999999996,0.91,1.5,2.0,2.7
-7.749999999999989,110.79999999999995,0.86,1.4,1.9,2.6
-7.749999999999989,110.84999999999995,0.84,1.4,1.9,2.5
-7.749999999999989,110.89999999999995,0.87,1.4,1.9,2.6
-7.749999999999989,110.94999999999995,0.93,1.5,2.1,2.8
-7.749999999999989,110.99999999999994,1.04,1.7,2.3,3.1
-7.749999999999989,111.04999999999994,1.18,1.9,2.6,3.6
-7.749999999999989,111.09999999999994,1.35,2.2,3.0,4.1
-7.749999999999989,111.14999999999993,1.5,2.4,3.3,4.5
-7.749999999999989,111.19999999999993,1.54,2.5,3.4,4.7
-7.749999999999989,111.24999999999993,1.44,2.3,3.2,4.4
-7.749999999999989,111.29999999999993,1.26,2.0,2.8,3.8
-7.749999999999989,111.34999999999992,1.08,1.8,2.4,3.3
-7.749999999999989,111.39999999999992,0.93,1.5,2.1,2.8
-7.749999999999989,111.44999999999992,0.81,1.3,1.8,2.5
-7.749999999999989,111.49999999999991,0.73,1.2,1.6,2.2
-7.749999999999989,111.54999999999991,0.67,1.1,1.5,2.0
-7.749999999999989,111.59999999999991,0.63,1.0,1.4,1.9
-7.749999999999989,111.6499999999999,0.6,1.0,1.3,1.8
-7.749999999999989,111.6999999999999,0.59,1.0,1.3,1.8
-7.749999999999989,111.7499999999999,0.6,1.0,1.3,1.8
-7.749999999999989,111.7999999999999,0.61,1.0,1.4,1.8
-7.749999999999989,111.8499999999999,0.64,1.0,1.4,1.9
-7.749999999999989,111.89999999999989,0.68,1.1,1.5,2.1
-7.749999999999989,111.94999999999989,0.75,1.2,1.7,2.3
-7.749999999999989,111.99999999999989,0.84,1.4,1.9,2.5
-7.749999999999989,112.04999999999988,0.97,1.6,2.2,2.9
-7.749999999999989,112.09999999999988,1.14,1.9,2.5,3.5
-7.749999999999989,112.14999999999988,1.36,2.2,3.0,4.1
-7.749999999999989,112.19999999999987,1.62,2.6,3.6,4.9
-7.749999999999989,112.24999999999987,1.91,3.1,4.3,5.8
-7.749999999999989,112.29999999999987,2.22,3.6,4.9,6.7
-7.749999999999989,112.34999999999987,2.53,4.1,5.6,7.7
-7.749999999999989,112.39999999999986,2.91,4.7,6.5,8.8
-7.749999999999989,112.44999999999986,3.44,5.6,7.7,10.4
-7.749999999999989,112.49999999999986,4.22,6.9,9.4,12.8
-7.749999999999989,112.54999999999986,5.28,8.6,11.7,16.0
-7.749999999999989,112.59999999999985,5.6,9.1,12.5,16.9
-7.749999999999989,112.64999999999985,4.72,7.7,10.5,14.3
-7.749999999999989,112.69999999999985,3.92,6.4,8.7,11.8
-7.749999999999989,112.74999999999984,3.28,5.3,7.3,9.9
-7.749999999999989,112.79999999999984,2.81,4.6,6.3,8.5
-7.749999999999989,112.84999999999984,2.5,4.1,5.6,7.6
-7.749999999999989,112.89999999999984,2.27,3.7,5.1,6.9
-7.749999999999989,112.94999999999983,2.07,3.4,4.6,6.3
-7.749999999999989,112.99999999999983,1.85,3.0,4.1,5.6
-7.749999999999989,113.04999999999983,1.62,2.6,3.6,4.9
-7.749999999999989,113.09999999999982,1.39,2.3,3.1,4.2
-7.749999999999989,113.14999999999982,1.19,1.9,2.7,3.6
-7.749999999999989,113.19999999999982,1.02,1.7,2.3,3.1
-7.749999999999989,113.24999999999982,0.89,1.5,2.0,2.7
-7.749999999999989,113.29999999999981,0.79,1.3,1.8,2.4
-7.749999999999989,113.34999999999981,0.71,1.2,1.6,2.2
-7.749999999999989,113.3999999999998,0.66,1.1,1.5,2.0
-7.749999999999989,113.4499999999998,0.62,1.0,1.4,1.9
-7.749999999999989,113.4999999999998,0.6,1.0,1.3,1.8
-7.749999999999989,113.5499999999998,0.58,0.9,1.3,1.8
-7.749999999999989,113.5999999999998,0.58,0.9,1.3,1.7
-7.749999999999989,113.64999999999979,0.58,0.9,1.3,1.8
-7.749999999999989,113.69999999999979,0.59,1.0,1.3,1.8
-7.749999999999989,113.74999999999979,0.6,1.0,1.3,1.8
-7.749999999999989,113.79999999999978,0.62,1.0,1.4,1.9
-7.749999999999989,113.84999999999978,0.65,1.1,1.4,2.0
-7.749999999999989,113.89999999999978,0.68,1.1,1.5,2.1
-7.749999999999989,113.94999999999978,0.71,1.2,1.6,2.1
-7.749999999999989,113.99999999999977,0.74,1.2,1.6,2.2
-7.749999999999989,114.04999999999977,0.77,1.2,1.7,2.3
-7.749999999999989,114.09999999999977,0.79,1.3,1.8,2.4
-7.749999999999989,114.14999999999976,0.8,1.3,1.8,2.4
-7.749999999999989,114.19999999999976,0.8,1.3,1.8,2.4
-7.749999999999989,114.24999999999976,0.79,1.3,1.8,2.4
-7.749999999999989,114.29999999999976,0.76,1.2,1.7,2.3
-7.749999999999989,114.34999999999975,0.73,1.2,1.6,2.2
-7.749999999999989,114.39999999999975,0.7,1.1,1.5,2.1
-7.749999999999989,114.44999999999975,0.66,1.1,1.5,2.0
-7.699999999999989,110.0,0.89,1.4,2.0,2.7
-7.699999999999989,110.05,0.95,1.5,2.1,2.9
-7.699999999999989,110.1,1.02,1.7,2.3,3.1
-7.699999999999989,110.14999999999999,1.12,1.8,2.5,3.4
-7.699999999999989,110.19999999999999,1.25,2.0,2.8,3.8
-7.699999999999989,110.24999999999999,1.43,2.3,3.2,4.3
-7.699999999999989,110.29999999999998,1.65,2.7,3.7,5.0
-7.699999999999989,110.34999999999998,1.87,3.0,4.2,5.7
-7.699999999999989,110.39999999999998,2.05,3.3,4.6,6.2
-7.699999999999989,110.44999999999997,2.09,3.4,4.6,6.3
-7.699999999999989,110.49999999999997,1.96,3.2,4.4,5.9
-7.699999999999989,110.54999999999997,1.74,2.8,3.9,5.3
-7.699999999999989,110.59999999999997,1.49,2.4,3.3,4.5
-7.699999999999989,110.64999999999996,1.27,2.1,2.8,3.8
-7.699999999999989,110.69999999999996,1.1,1.8,2.4,3.3
-7.699999999999989,110.74999999999996,0.98,1.6,2.2,3.0
-7.699999999999989,110.79999999999995,0.91,1.5,2.0,2.8
-7.699999999999989,110.84999999999995,0.89,1.4,2.0,2.7
-7.699999999999989,110.89999999999995,0.91,1.5,2.0,2.8
-7.699999999999989,110.94999999999995,0.99,1.6,2.2,3.0
-7.699999999999989,110.99999999999994,1.13,1.8,2.5,3.4
-7.699999999999989,111.04999999999994,1.33,2.2,3.0,4.0
-7.699999999999989,111.09999999999994,1.61,2.6,3.6,4.9
-7.699999999999989,111.14999999999993,1.9,3.1,4.2,5.8
-7.699999999999989,111.19999999999993,2.0,3.3,4.4,6.0
-7.699999999999989,111.24999999999993,1.78,2.9,4.0,5.4
-7.699999999999989,111.29999999999993,1.46,2.4,3.3,4.4
-7.699999999999989,111.34999999999992,1.2,1.9,2.7,3.6
-7.699999999999989,111.39999999999992,0.99,1.6,2.2,3.0
-7.699999999999989,111.44999999999992,0.85,1.4,1.9,2.6
-7.699999999999989,111.49999999999991,0.75,1.2,1.7,2.3
-7.699999999999989,111.54999999999991,0.68,1.1,1.5,2.1
-7.699999999999989,111.59999999999991,0.63,1.0,1.4,1.9
-7.699999999999989,111.6499999999999,0.61,1.0,1.4,1.8
-7.699999999999989,111.6999999999999,0.59,1.0,1.3,1.8
-7.699999999999989,111.7499999999999,0.59,1.0,1.3,1.8
-7.699999999999989,111.7999999999999,0.6,1.0,1.3,1.8
-7.699999999999989,111.8499999999999,0.63,1.0,1.4,1.9
-7.699999999999989,111.89999999999989,0.66,1.1,1.5,2.0
-7.699999999999989,111.94999999999989,0.72,1.2,1.6,2.2
-7.699999999999989,111.99999999999989,0.8,1.3,1.8,2.4
-7.699999999999989,112.04999999999988,0.9,1.5,2.0,2.7
-7.699999999999989,112.09999999999988,1.04,1.7,2.3,3.2
-7.699999999999989,112.14999999999988,1.21,2.0,2.7,3.7
-7.699999999999989,112.19999999999987,1.43,2.3,3.2,4.3
-7.699999999999989,112.24999999999987,1.67,2.7,3.7,5.1
-7.699999999999989,112.29999999999987,1.95,3.2,4.3,5.9
-7.699999999999989,112.34999999999987,2.29,3.7,5.1,6.9
-7.699999999999989,112.39999999999986,2.74,4.5,6.1,8.3
-7.699999999999989,112.44999999999986,3.37,5.5,7.5,10.2
-7.699999999999989,112.49999999999986,4.26,6.9,9.5,12.9
-7.699999999999989,112.54999999999986,5.4,8.8,12.0,16.3
-7.699999999999989,112.59999999999985,5.86,9.5,13.1,17.7
-7.699999999999989,112.64999999999985,5.13,8.3,11.4,15.5
-7.699999999999989,112.69999999999985,4.18,6.8,9.3,12.6
-7.699999999999989,112.74999999999984,3.35,5.5,7.5,10.2
-7.699999999999989,112.79999999999984,2.75,4.5,6.1,8.3
-7.699999999999989,112.84999999999984,2.32,3.8,5.2,7.0
-7.699999999999989,112.89999999999984,2.02,3.3,4.5,6.1
-7.699999999999989,112.94999999999983,1.78,2.9,4.0,5.4
-7.699999999999989,112.99999999999983,1.58,2.6,3.5,4.8
-7.699999999999989,113.04999999999983,1.39,2.3,3.1,4.2
-7.699999999999989,113.09999999999982,1.21,2.0,2.7,3.7
-7.699999999999989,113.14999999999982,1.06,1.7,2.4,3.2
-7.699999999999989,113.19999999999982,0.93,1.5,2.1,2.8
-7.699999999999989,113.24999999999982,0.82,1.3,1.8,2.5
-7.699999999999989,113.29999999999981,0.74,1.2,1.7,2.2
-7.699999999999989,113.34999999999981,0.68,1.1,1.5,2.1
-7.699999999999989,113.3999999999998,0.64,1.0,1.4,1.9
-7.699999999999989,113.4499999999998,0.61,1.0,1.3,1.8
-7.699999999999989,113.4999999999998,0.58,0.9,1.3,1.8
-7.699999999999989,113.5499999999998,0.57,0.9,1.3,1.7
-7.699999999999989,113.5999999999998,0.56,0.9,1.3,1.7
-7.699999999999989,113.64999999999979,0.56,0.9,1.3,1.7
-7.699999999999989,113.69999999999979,0.57,0.9,1.3,1.7
-7.699999999999989,113.74999999999979,0.58,0.9,1.3,1.8
-7.699999999999989,113.79999999999978,0.59,1.0,1.3,1.8
-7.699999999999989,113.84999999999978,0.61,1.0,1.4,1.9
-7.699999999999989,113.89999999999978,0.63,1.0,1.4,1.9
-7.699999999999989,113.94999999999978,0.65,1.1,1.5,2.0
-7.699999999999989,113.99999999999977,0.67,1.1,1.5,2.0
-7.699999999999989,114.04999999999977,0.69,1.1,1.5,2.1
-7.699999999999989,114.09999999999977,0.7,1.1,1.6,2.1
-7.699999999999989,114.14999999999976,0.71,1.2,1.6,2.1
-7.699999999999989,114.19999999999976,0.71,1.2,1.6,2.1
-7.699999999999989,114.24999999999976,0.7,1.1,1.6,2.1
-7.699999999999989,114.29999999999976,0.69,1.1,1.5,2.1
-7.699999999999989,114.34999999999975,0.67,1.1,1.5,2.0
-7.699999999999989,114.39999999999975,0.64,1.0,1.4,1.9
-7.699999999999989,114.44999999999975,0.62,1.0,1.4,1.9
-7.649999999999988,110.0,1.01,1.6,2.3,3.1
-7.649999999999988,110.05,1.07,1.7,2.4,3.3
-7.649999999999988,110.1,1.15,1.9,2.6,3.5
-7.649999999999988,110.14999999999999,1.27,2.1,2.8,3.8
-7.649999999999988,110.19999999999999,1.43,2.3,3.2,4.3
-7.649999999999988,110.24999999999999,1.67,2.7,3.7,5.0
-7.649999999999988,110.29999999999998,1.98,3.2,4.4,6.0
-7.649999999999988,110.34999999999998,2.36,3.8,5.3,7.1
-7.649999999999988,110.39999999999998,2.69,4.4,6.0,8.2
-7.649999999999988,110.44999999999997,2.78,4.5,6.2,8.4
-7.649999999999988,110.49999999999997,2.54,4.1,5.7,7.7
-7.649999999999988,110.54999999999997,2.14,3.5,4.8,6.5
-7.649999999999988,110.59999999999997,1.74,2.8,3.9,5.3
-7.649999999999988,110.64999999999996,1.43,2.3,3.2,4.3
-7.649999999999988,110.69999999999996,1.2,1.9,2.7,3.6
-7.649999999999988,110.74999999999996,1.04,1.7,2.3,3.2
-7.649999999999988,110.79999999999995,0.95,1.6,2.1,2.9
-7.649999999999988,110.84999999999995,0.92,1.5,2.1,2.8
-7.649999999999988,110.89999999999995,0.95,1.5,2.1,2.9
-7.649999999999988,110.94999999999995,1.03,1.7,2.3,3.1
-7.649999999999988,110.99999999999994,1.18,1.9,2.6,3.6
-7.649999999999988,111.04999999999994,1.43,2.3,3.2,4.3
-7.649999999999988,111.09999999999994,1.8,2.9,4.0,5.4
-7.649999999999988,111.14999999999993,2.32,3.8,5.2,7.0
-7.649999999999988,111.19999999999993,2.64,4.3,5.9,8.0
-7.649999999999988,111.24999999999993,2.08,3.4,4.6,6.3
-7.649999999999988,111.29999999999993,1.6,2.6,3.6,4.9
-7.649999999999988,111.34999999999992,1.27,2.1,2.8,3.8
-7.649999999999988,111.39999999999992,1.03,1.7,2.3,3.1
-7.649999999999988,111.44999999999992,0.87,1.4,1.9,2.6
-7.649999999999988,111.49999999999991,0.76,1.2,1.7,2.3
-7.649999999999988,111.54999999999991,0.69,1.1,1.5,2.1
-7.649999999999988,111.59999999999991,0.64,1.0,1.4,1.9
-7.649999999999988,111.6499999999999,0.61,1.0,1.4,1.8
-7.649999999999988,111.6999999999999,0.59,1.0,1.3,1.8
-7.649999999999988,111.7499999999999,0.59,1.0,1.3,1.8
-7.649999999999988,111.7999999999999,0.6,1.0,1.3,1.8
-7.649999999999988,111.8499999999999,0.61,1.0,1.4,1.9
-7.649999999999988,111.89999999999989,0.64,1.0,1.4,2.0
-7.649999999999988,111.94999999999989,0.69,1.1,1.5,2.1
-7.649999999999988,111.99999999999989,0.75,1.2,1.7,2.3
-7.649999999999988,112.04999999999988,0.84,1.4,1.9,2.5
-7.649999999999988,112.09999999999988,0.95,1.5,2.1,2.9
-7.649999999999988,112.14999999999988,1.09,1.8,2.4,3.3
-7.649999999999988,112.19999999999987,1.26,2.1,2.8,3.8
-7.649999999999988,112.24999999999987,1.47,2.4,3.3,4.5
-7.649999999999988,112.29999999999987,1.73,2.8,3.9,5.2
-7.649999999999988,112.34999999999987,2.07,3.4,4.6,6.3
-7.649999999999988,112.39999999999986,2.51,4.1,5.6,7.6
-7.649999999999988,112.44999999999986,3.12,5.1,6.9,9.4
-7.649999999999988,112.49999999999986,3.92,6.4,8.7,11.9
-7.649999999999988,112.54999999999986,4.84,7.9,10.8,14.7
-7.649999999999988,112.59999999999985,5.57,9.1,12.4,16.9
-7.649999999999988,112.64999999999985,5.35,8.7,11.9,16.2
-7.649999999999988,112.69999999999985,4.24,6.9,9.4,12.8
-7.649999999999988,112.74999999999984,3.3,5.4,7.3,10.0
-7.649999999999988,112.79999999999984,2.62,4.3,5.8,7.9
-7.649999999999988,112.84999999999984,2.15,3.5,4.8,6.5
-7.649999999999988,112.89999999999984,1.82,3.0,4.0,5.5
-7.649999999999988,112.94999999999983,1.57,2.6,3.5,4.8
-7.649999999999988,112.99999999999983,1.37,2.2,3.1,4.2
-7.649999999999988,113.04999999999983,1.21,2.0,2.7,3.7
-7.649999999999988,113.09999999999982,1.07,1.7,2.4,3.2
-7.649999999999988,113.14999999999982,0.95,1.5,2.1,2.9
-7.649999999999988,113.19999999999982,0.85,1.4,1.9,2.6
-7.649999999999988,113.24999999999982,0.77,1.2,1.7,2.3
-7.649999999999988,113.29999999999981,0.7,1.1,1.6,2.1
-7.649999999999988,113.34999999999981,0.65,1.1,1.5,2.0
-7.649999999999988,113.3999999999998,0.62,1.0,1.4,1.9
-7.649999999999988,113.4499999999998,0.59,1.0,1.3,1.8
-7.649999999999988,113.4999999999998,0.57,0.9,1.3,1.7
-7.649999999999988,113.5499999999998,0.56,0.9,1.2,1.7
-7.649999999999988,113.5999999999998,0.55,0.9,1.2,1.7
-7.649999999999988,113.64999999999979,0.55,0.9,1.2,1.7
-7.649999999999988,113.69999999999979,0.56,0.9,1.2,1.7
-7.649999999999988,113.74999999999979,0.56,0.9,1.3,1.7
-7.649999999999988,113.79999999999978,0.57,0.9,1.3,1.7
-7.649999999999988,113.84999999999978,0.58,0.9,1.3,1.8
-7.649999999999988,113.89999999999978,0.6,1.0,1.3,1.8
-7.649999999999988,113.94999999999978,0.61,1.0,1.4,1.8
-7.649999999999988,113.99999999999977,0.62,1.0,1.4,1.9
-7.649999999999988,114.04999999999977,0.63,1.0,1.4,1.9
-7.649999999999988,114.09999999999977,0.64,1.0,1.4,1.9
-7.649999999999988,114.14999999999976,0.65,1.1,1.4,2.0
-7.649999999999988,114.19999999999976,0.65,1.1,1.4,2.0
-7.649999999999988,114.24999999999976,0.64,1.0,1.4,1.9
-7.649999999999988,114.29999999999976,0.63,1.0,1.4,1.9
-7.649999999999988,114.34999999999975,0.62,1.0,1.4,1.9
-7.649999999999988,114.39999999999975,0.6,1.0,1.3,1.8
-7.649999999999988,114.44999999999975,0.59,1.0,1.3,1.8
-7.599999999999987,110.0,1.18,1.9,2.6,3.6
-7.599999999999987,110.05,1.24,2.0,2.8,3.7
-7.599999999999987,110.1,1.31,2.1,2.9,4.0
-7.599999999999987,110.14999999999999,1.42,2.3,3.2,4.3
-7.599999999999987,110.19999999999999,1.6,2.6,3.6,4.8
-7.599999999999987,110.24999999999999,1.89,3.1,4.2,5.7
-7.599999999999987,110.29999999999998,2.31,3.8,5.1,7.0
-7.599999999999987,110.34999999999998,2.89,4.7,6.4,8.7
-7.599999999999987,110.39999999999998,3.54,5.8,7.9,10.7
-7.599999999999987,110.44999999999997,3.78,6.1,8.4,11.4
-7.599999999999987,110.49999999999997,3.24,5.3,7.2,9.8
-7.599999999999987,110.54999999999997,2.54,4.1,5.7,7.7
-7.599999999999987,110.59999999999997,1.97,3.2,4.4,6.0
-7.599999999999987,110.64999999999996,1.56,2.5,3.5,4.7
-7.599999999999987,110.69999999999996,1.28,2.1,2.8,3.9
-7.599999999999987,110.74999999999996,1.09,1.8,2.4,3.3
-7.599999999999987,110.79999999999995,0.98,1.6,2.2,3.0
-7.599999999999987,110.84999999999995,0.94,1.5,2.1,2.8
-7.599999999999987,110.89999999999995,0.95,1.6,2.1,2.9
-7.599999999999987,110.94999999999995,1.03,1.7,2.3,3.1
-7.599999999999987,110.99999999999994,1.18,1.9,2.6,3.6
-7.599999999999987,111.04999999999994,1.42,2.3,3.2,4.3
-7.599999999999987,111.09999999999994,1.78,2.9,4.0,5.4
-7.599999999999987,111.14999999999993,2.25,3.7,5.0,6.8
-7.599999999999987,111.19999999999993,2.5,4.1,5.6,7.6
-7.599999999999987,111.24999999999993,2.04,3.3,4.5,6.2
-7.599999999999987,111.29999999999993,1.59,2.6,3.5,4.8
-7.599999999999987,111.34999999999992,1.26,2.0,2.8,3.8
-7.599999999999987,111.39999999999992,1.03,1.7,2.3,3.1
-7.599999999999987,111.44999999999992,0.87,1.4,1.9,2.6
-7.599999999999987,111.49999999999991,0.76,1.2,1.7,2.3
-7.599999999999987,111.54999999999991,0.68,1.1,1.5,2.1
-7.599999999999987,111.59999999999991,0.64,1.0,1.4,1.9
-7.599999999999987,111.6499999999999,0.6,1.0,1.3,1.8
-7.599999999999987,111.6999999999999,0.59,1.0,1.3,1.8
-7.599999999999987,111.7499999999999,0.58,0.9,1.3,1.8
-7.599999999999987,111.7999999999999,0.59,1.0,1.3,1.8
-7.599999999999987,111.8499999999999,0.6,1.0,1.3,1.8
-7.599999999999987,111.89999999999989,0.63,1.0,1.4,1.9
-7.599999999999987,111.94999999999989,0.66,1.1,1.5,2.0
-7.599999999999987,111.99999999999989,0.71,1.2,1.6,2.2
-7.599999999999987,112.04999999999988,0.78,1.3,1.7,2.4
-7.599999999999987,112.09999999999988,0.87,1.4,1.9,2.6
-7.599999999999987,112.14999999999988,0.99,1.6,2.2,3.0
-7.599999999999987,112.19999999999987,1.13,1.8,2.5,3.4
-7.599999999999987,112.24999999999987,1.31,2.1,2.9,4.0
-7.599999999999987,112.29999999999987,1.54,2.5,3.4,4.7
-7.599999999999987,112.34999999999987,1.84,3.0,4.1,5.6
-7.599999999999987,112.39999999999986,2.23,3.6,5.0,6.7
-7.599999999999987,112.44999999999986,2.75,4.5,6.1,8.3
-7.599999999999987,112.49999999999986,3.4,5.5,7.6,10.3
-7.599999999999987,112.54999999999986,4.16,6.8,9.3,12.6
-7.599999999999987,112.59999999999985,4.95,8.1,11.0,15.0
-7.599999999999987,112.64999999999985,4.95,8.0,11.0,15.0
-7.599999999999987,112.69999999999985,3.9,6.3,8.7,11.8
-7.599999999999987,112.74999999999984,3.04,4.9,6.8,9.2
-7.599999999999987,112.79999999999984,2.41,3.9,5.4,7.3
-7.599999999999987,112.84999999999984,1.96,3.2,4.4,5.9
-7.599999999999987,112.89999999999984,1.63,2.7,3.6,4.9
-7.599999999999987,112.94999999999983,1.4,2.3,3.1,4.2
-7.599999999999987,112.99999999999983,1.22,2.0,2.7,3.7
-7.599999999999987,113.04999999999983,1.07,1.7,2.4,3.2
-7.599999999999987,113.09999999999982,0.96,1.6,2.1,2.9
-7.599999999999987,113.14999999999982,0.86,1.4,1.9,2.6
-7.599999999999987,113.19999999999982,0.78,1.3,1.7,2.4
-7.599999999999987,113.24999999999982,0.72,1.2,1.6,2.2
-7.599999999999987,113.29999999999981,0.66,1.1,1.5,2.0
-7.599999999999987,113.34999999999981,0.63,1.0,1.4,1.9
-7.599999999999987,113.3999999999998,0.6,1.0,1.3,1.8
-7.599999999999987,113.4499999999998,0.57,0.9,1.3,1.7
-7.599999999999987,113.4999999999998,0.56,0.9,1.2,1.7
-7.599999999999987,113.5499999999998,0.55,0.9,1.2,1.7
-7.599999999999987,113.5999999999998,0.54,0.9,1.2,1.6
-7.599999999999987,113.64999999999979,0.54,0.9,1.2,1.6
-7.599999999999987,113.69999999999979,0.54,0.9,1.2,1.6
-7.599999999999987,113.74999999999979,0.55,0.9,1.2,1.7
-7.599999999999987,113.79999999999978,0.55,0.9,1.2,1.7
-7.599999999999987,113.84999999999978,0.56,0.9,1.2,1.7
-7.599999999999987,113.89999999999978,0.57,0.9,1.3,1.7
-7.599999999999987,113.94999999999978,0.58,0.9,1.3,1.8
-7.599999999999987,113.99999999999977,0.59,1.0,1.3,1.8
-7.599999999999987,114.04999999999977,0.59,1.0,1.3,1.8
-7.599999999999987,114.09999999999977,0.6,1.0,1.3,1.8
-7.599999999999987,114.14999999999976,0.6,1.0,1.3,1.8
-7.599999999999987,114.19999999999976,0.6,1.0,1.3,1.8
-7.599999999999987,114.24999999999976,0.6,1.0,1.3,1.8
-7.599999999999987,114.29999999999976,0.59,1.0,1.3,1.8
-7.599999999999987,114.34999999999975,0.58,0.9,1.3,1.8
-7.599999999999987,114.39999999999975,0.57,0.9,1.3,1.7
-7.599999999999987,114.44999999999975,0.56,0.9,1.3,1.7
-7.5499999999999865,110.0,1.4,2.3,3.1,4.2
-7.5499999999999865,110.05,1.45,2.4,3.2,4.4
-7.5499999999999865,110.1,1.5,2.4,3.3,4.5
-7.5499999999999865,110.14999999999999,1.59,2.6,3.5,4.8
-7.5499999999999865,110.19999999999999,1.75,2.8,3.9,5.3
-7.5499999999999865,110.24999999999999,2.04,3.3,4.5,6.2
-7.5499999999999865,110.29999999999998,2.51,4.1,5.6,7.6
-7.5499999999999865,110.34999999999998,3.24,5.3,7.2,9.8
-7.5499999999999865,110.39999999999998,4.32,7.0,9.6,13.1
-7.5499999999999865,110.44999999999997,5.11,8.3,11.4,15.5
-7.5499999999999865,110.49999999999997,3.77,6.1,8.4,11.4
-7.5499999999999865,110.54999999999997,2.78,4.5,6.2,8.4
-7.5499999999999865,110.59999999999997,2.09,3.4,4.7,6.3
-7.5499999999999865,110.64999999999996,1.62,2.6,3.6,4.9
-7.5499999999999865,110.69999999999996,1.31,2.1,2.9,4.0
-7.5499999999999865,110.74999999999996,1.11,1.8,2.5,3.4
-7.5499999999999865,110.79999999999995,0.99,1.6,2.2,3.0
-7.5499999999999865,110.84999999999995,0.93,1.5,2.1,2.8
-7.5499999999999865,110.89999999999995,0.94,1.5,2.1,2.8
-7.5499999999999865,110.94999999999995,1.0,1.6,2.2,3.0
-7.5499999999999865,110.99999999999994,1.13,1.8,2.5,3.4
-7.5499999999999865,111.04999999999994,1.31,2.1,2.9,4.0
-7.5499999999999865,111.09999999999994,1.56,2.5,3.5,4.7
-7.5499999999999865,111.14999999999993,1.82,3.0,4.0,5.5
-7.5499999999999865,111.19999999999993,1.9,3.1,4.2,5.7
-7.5499999999999865,111.24999999999993,1.71,2.8,3.8,5.2
-7.5499999999999865,111.29999999999993,1.42,2.3,3.2,4.3
-7.5499999999999865,111.34999999999992,1.17,1.9,2.6,3.6
-7.5499999999999865,111.39999999999992,0.98,1.6,2.2,3.0
-7.5499999999999865,111.44999999999992,0.84,1.4,1.9,2.5
-7.5499999999999865,111.49999999999991,0.74,1.2,1.7,2.2
-7.5499999999999865,111.54999999999991,0.67,1.1,1.5,2.0
-7.5499999999999865,111.59999999999991,0.63,1.0,1.4,1.9
-7.5499999999999865,111.6499999999999,0.6,1.0,1.3,1.8
-7.5499999999999865,111.6999999999999,0.58,0.9,1.3,1.8
-7.5499999999999865,111.7499999999999,0.57,0.9,1.3,1.7
-7.5499999999999865,111.7999999999999,0.58,0.9,1.3,1.7
-7.5499999999999865,111.8499999999999,0.59,1.0,1.3,1.8
-7.5499999999999865,111.89999999999989,0.61,1.0,1.4,1.8
-7.5499999999999865,111.94999999999989,0.64,1.0,1.4,1.9
-7.5499999999999865,111.99999999999989,0.68,1.1,1.5,2.1
-7.5499999999999865,112.04999999999988,0.73,1.2,1.6,2.2
-7.5499999999999865,112.09999999999988,0.81,1.3,1.8,2.4
-7.5499999999999865,112.14999999999988,0.9,1.5,2.0,2.7
-7.5499999999999865,112.19999999999987,1.02,1.7,2.3,3.1
-7.5499999999999865,112.24999999999987,1.17,1.9,2.6,3.5
-7.5499999999999865,112.29999999999987,1.36,2.2,3.0,4.1
-7.5499999999999865,112.34999999999987,1.61,2.6,3.6,4.9
-7.5499999999999865,112.39999999999986,1.93,3.1,4.3,5.8
-7.5499999999999865,112.44999999999986,2.33,3.8,5.2,7.1
-7.5499999999999865,112.49999999999986,2.82,4.6,6.3,8.5
-7.5499999999999865,112.54999999999986,3.33,5.4,7.4,10.1
-7.5499999999999865,112.59999999999985,3.74,6.1,8.3,11.3
-7.5499999999999865,112.64999999999985,3.7,6.0,8.2,11.2
-7.5499999999999865,112.69999999999985,3.2,5.2,7.1,9.7
-7.5499999999999865,112.74999999999984,2.61,4.2,5.8,7.9
-7.5499999999999865,112.79999999999984,2.12,3.4,4.7,6.4
-7.5499999999999865,112.84999999999984,1.74,2.8,3.9,5.3
-7.5499999999999865,112.89999999999984,1.46,2.4,3.2,4.4
-7.5499999999999865,112.94999999999983,1.25,2.0,2.8,3.8
-7.5499999999999865,112.99999999999983,1.09,1.8,2.4,3.3
-7.5499999999999865,113.04999999999983,0.96,1.6,2.1,2.9
-7.5499999999999865,113.09999999999982,0.87,1.4,1.9,2.6
-7.5499999999999865,113.14999999999982,0.79,1.3,1.8,2.4
-7.5499999999999865,113.19999999999982,0.72,1.2,1.6,2.2
-7.5499999999999865,113.24999999999982,0.67,1.1,1.5,2.0
-7.5499999999999865,113.29999999999981,0.63,1.0,1.4,1.9
-7.5499999999999865,113.34999999999981,0.6,1.0,1.3,1.8
-7.5499999999999865,113.3999999999998,0.58,0.9,1.3,1.8
-7.5499999999999865,113.4499999999998,0.56,0.9,1.2,1.7
-7.5499999999999865,113.4999999999998,0.55,0.9,1.2,1.7
-7.5499999999999865,113.5499999999998,0.54,0.9,1.2,1.6
-7.5499999999999865,113.5999999999998,0.54,0.9,1.2,1.6
-7.5499999999999865,113.64999999999979,0.53,0.9,1.2,1.6
-7.5499999999999865,113.69999999999979,0.53,0.9,1.2,1.6
-7.5499999999999865,113.74999999999979,0.54,0.9,1.2,1.6
-7.5499999999999865,113.79999999999978,0.54,0.9,1.2,1.6
-7.5499999999999865,113.84999999999978,0.54,0.9,1.2,1.6
-7.5499999999999865,113.89999999999978,0.55,0.9,1.2,1.7
-7.5499999999999865,113.94999999999978,0.56,0.9,1.2,1.7
-7.5499999999999865,113.99999999999977,0.56,0.9,1.2,1.7
-7.5499999999999865,114.04999999999977,0.57,0.9,1.3,1.7
-7.5499999999999865,114.09999999999977,0.57,0.9,1.3,1.7
-7.5499999999999865,114.14999999999976,0.57,0.9,1.3,1.7
-7.5499999999999865,114.19999999999976,0.57,0.9,1.3,1.7
-7.5499999999999865,114.24999999999976,0.57,0.9,1.3,1.7
-7.5499999999999865,114.29999999999976,0.56,0.9,1.3,1.7
-7.5499999999999865,114.34999999999975,0.56,0.9,1.2,1.7
-7.5499999999999865,114.39999999999975,0.55,0.9,1.2,1.7
-7.5499999999999865,114.44999999999975,0.54,0.9,1.2,1.6
-7.499999999999986,110.0,1.71,2.8,3.8,5.2
-7.499999999999986,110.05,1.74,2.8,3.9,5.3
-7.499999999999986,110.1,1.73,2.8,3.8,5.2
-7.499999999999986,110.14999999999999,1.75,2.8,3.9,5.3
-7.499999999999986,110.19999999999999,1.85,3.0,4.1,5.6
-7.499999999999986,110.24999999999999,2.09,3.4,4.6,6.3
-7.499999999999986,110.29999999999998,2.5,4.1,5.6,7.6
-7.499999999999986,110.34999999999998,3.13,5.1,7.0,9.5
-7.499999999999986,110.39999999999998,3.95,6.4,8.8,12.0
-7.499999999999986,110.44999999999997,4.3,7.0,9.6,13.0
-7.499999999999986,110.49999999999997,3.52,5.7,7.8,10.7
-7.499999999999986,110.54999999999997,2.68,4.4,6.0,8.1
-7.499999999999986,110.59999999999997,2.04,3.3,4.5,6.2
-7.499999999999986,110.64999999999996,1.6,2.6,3.6,4.8
-7.499999999999986,110.69999999999996,1.29,2.1,2.9,3.9
-7.499999999999986,110.74999999999996,1.09,1.8,2.4,3.3
-7.499999999999986,110.79999999999995,0.97,1.6,2.2,2.9
-7.499999999999986,110.84999999999995,0.91,1.5,2.0,2.8
-7.499999999999986,110.89999999999995,0.91,1.5,2.0,2.7
-7.499999999999986,110.94999999999995,0.95,1.5,2.1,2.9
-7.499999999999986,110.99999999999994,1.04,1.7,2.3,3.1
-7.499999999999986,111.04999999999994,1.16,1.9,2.6,3.5
-7.499999999999986,111.09999999999994,1.31,2.1,2.9,4.0
-7.499999999999986,111.14999999999993,1.44,2.3,3.2,4.4
-7.499999999999986,111.19999999999993,1.47,2.4,3.3,4.5
-7.499999999999986,111.24999999999993,1.38,2.2,3.1,4.2
-7.499999999999986,111.29999999999993,1.22,2.0,2.7,3.7
-7.499999999999986,111.34999999999992,1.05,1.7,2.3,3.2
-7.499999999999986,111.39999999999992,0.91,1.5,2.0,2.8
-7.499999999999986,111.44999999999992,0.8,1.3,1.8,2.4
-7.499999999999986,111.49999999999991,0.72,1.2,1.6,2.2
-7.499999999999986,111.54999999999991,0.66,1.1,1.5,2.0
-7.499999999999986,111.59999999999991,0.62,1.0,1.4,1.9
-7.499999999999986,111.6499999999999,0.59,1.0,1.3,1.8
-7.499999999999986,111.6999999999999,0.57,0.9,1.3,1.7
-7.499999999999986,111.7499999999999,0.57,0.9,1.3,1.7
-7.499999999999986,111.7999999999999,0.57,0.9,1.3,1.7
-7.499999999999986,111.8499999999999,0.58,0.9,1.3,1.7
-7.499999999999986,111.89999999999989,0.59,1.0,1.3,1.8
-7.499999999999986,111.94999999999989,0.61,1.0,1.4,1.9
-7.499999999999986,111.99999999999989,0.65,1.1,1.4,2.0
-7.499999999999986,112.04999999999988,0.69,1.1,1.5,2.1
-7.499999999999986,112.09999999999988,0.75,1.2,1.7,2.3
-7.499999999999986,112.14999999999988,0.82,1.3,1.8,2.5
-7.499999999999986,112.19999999999987,0.92,1.5,2.0,2.8
-7.499999999999986,112.24999999999987,1.04,1.7,2.3,3.1
-7.499999999999986,112.29999999999987,1.2,1.9,2.7,3.6
-7.499999999999986,112.34999999999987,1.39,2.3,3.1,4.2
-7.499999999999986,112.39999999999986,1.64,2.7,3.6,5.0
-7.499999999999986,112.44999999999986,1.93,3.1,4.3,5.8
-7.499999999999986,112.49999999999986,2.26,3.7,5.0,6.8
-7.499999999999986,112.54999999999986,2.57,4.2,5.7,7.8
-7.499999999999986,112.59999999999985,2.77,4.5,6.2,8.4
-7.499999999999986,112.64999999999985,2.75,4.5,6.1,8.3
-7.499999999999986,112.69999999999985,2.49,4.0,5.5,7.5
-7.499999999999986,112.74999999999984,2.14,3.5,4.8,6.5
-7.499999999999986,112.79999999999984,1.79,2.9,4.0,5.4
-7.499999999999986,112.84999999999984,1.51,2.5,3.4,4.6
-7.499999999999986,112.89999999999984,1.28,2.1,2.9,3.9
-7.499999999999986,112.94999999999983,1.11,1.8,2.5,3.4
-7.499999999999986,112.99999999999983,0.98,1.6,2.2,3.0
-7.499999999999986,113.04999999999983,0.87,1.4,1.9,2.6
-7.499999999999986,113.09999999999982,0.79,1.3,1.8,2.4
-7.499999999999986,113.14999999999982,0.73,1.2,1.6,2.2
-7.499999999999986,113.19999999999982,0.68,1.1,1.5,2.1
-7.499999999999986,113.24999999999982,0.64,1.0,1.4,1.9
-7.499999999999986,113.29999999999981,0.61,1.0,1.4,1.8
-7.499999999999986,113.34999999999981,0.58,0.9,1.3,1.8
-7.499999999999986,113.3999999999998,0.56,0.9,1.3,1.7
-7.499999999999986,113.4499999999998,0.55,0.9,1.2,1.7
-7.499999999999986,113.4999999999998,0.54,0.9,1.2,1.6
-7.499999999999986,113.5499999999998,0.53,0.9,1.2,1.6
-7.499999999999986,113.5999999999998,0.53,0.9,1.2,1.6
-7.499999999999986,113.64999999999979,0.53,0.9,1.2,1.6
-7.499999999999986,113.69999999999979,0.53,0.9,1.2,1.6
-7.499999999999986,113.74999999999979,0.53,0.9,1.2,1.6
-7.499999999999986,113.79999999999978,0.53,0.9,1.2,1.6
-7.499999999999986,113.84999999999978,0.53,0.9,1.2,1.6
-7.499999999999986,113.89999999999978,0.54,0.9,1.2,1.6
-7.499999999999986,113.94999999999978,0.54,0.9,1.2,1.6
-7.499999999999986,113.99999999999977,0.54,0.9,1.2,1.6
-7.499999999999986,114.04999999999977,0.55,0.9,1.2,1.7
-7.499999999999986,114.09999999999977,0.55,0.9,1.2,1.7
-7.499999999999986,114.14999999999976,0.55,0.9,1.2,1.7
-7.499999999999986,114.19999999999976,0.55,0.9,1.2,1.7
-7.499999999999986,114.24999999999976,0.55,0.9,1.2,1.7
-7.499999999999986,114.29999999999976,0.54,0.9,1.2,1.6
-7.499999999999986,114.34999999999975,0.54,0.9,1.2,1.6
-7.499999999999986,114.39999999999975,0.54,0.9,1.2,1.6
-7.499999999999986,114.44999999999975,0.53,0.9,1.2,1.6
-7.449999999999985,110.0,2.16,3.5,4.8,6.5
-7.449999999999985,110.05,2.12,3.4,4.7,6.4
-7.449999999999985,110.1,2.01,3.3,4.5,6.1
-7.449999999999985,110.14999999999999,1.92,3.1,4.3,5.8
-7.449999999999985,110.19999999999999,1.92,3.1,4.3,5.8
-7.449999999999985,110.24999999999999,2.05,3.3,4.6,6.2
-7.449999999999985,110.29999999999998,2.31,3.8,5.2,7.0
-7.449999999999985,110.34999999999998,2.7,4.4,6.0,8.2
-7.449999999999985,110.39999999999998,3.1,5.0,6.9,9.4
-7.449999999999985,110.44999999999997,3.19,5.2,7.1,9.7
-7.449999999999985,110.49999999999997,2.85,4.6,6.3,8.6
-7.449999999999985,110.54999999999997,2.33,3.8,5.2,7.0
-7.449999999999985,110.59999999999997,1.85,3.0,4.1,5.6
-7.449999999999985,110.64999999999996,1.49,2.4,3.3,4.5
-7.449999999999985,110.69999999999996,1.23,2.0,2.7,3.7
-7.449999999999985,110.74999999999996,1.05,1.7,2.3,3.2
-7.449999999999985,110.79999999999995,0.94,1.5,2.1,2.8
-7.449999999999985,110.84999999999995,0.88,1.4,2.0,2.7
-7.449999999999985,110.89999999999995,0.86,1.4,1.9,2.6
-7.449999999999985,110.94999999999995,0.88,1.4,2.0,2.7
-7.449999999999985,110.99999999999994,0.94,1.5,2.1,2.8
-7.449999999999985,111.04999999999994,1.02,1.7,2.3,3.1
-7.449999999999985,111.09999999999994,1.1,1.8,2.5,3.3
-7.449999999999985,111.14999999999993,1.17,1.9,2.6,3.5
-7.449999999999985,111.19999999999993,1.18,1.9,2.6,3.6
-7.449999999999985,111.24999999999993,1.13,1.8,2.5,3.4
-7.449999999999985,111.29999999999993,1.03,1.7,2.3,3.1
-7.449999999999985,111.34999999999992,0.93,1.5,2.1,2.8
-7.449999999999985,111.39999999999992,0.83,1.3,1.8,2.5
-7.449999999999985,111.44999999999992,0.75,1.2,1.7,2.3
-7.449999999999985,111.49999999999991,0.68,1.1,1.5,2.1
-7.449999999999985,111.54999999999991,0.64,1.0,1.4,1.9
-7.449999999999985,111.59999999999991,0.6,1.0,1.3,1.8
-7.449999999999985,111.6499999999999,0.58,0.9,1.3,1.8
-7.449999999999985,111.6999999999999,0.57,0.9,1.3,1.7
-7.449999999999985,111.7499999999999,0.56,0.9,1.2,1.7
-7.449999999999985,111.7999999999999,0.56,0.9,1.2,1.7
-7.449999999999985,111.8499999999999,0.56,0.9,1.3,1.7
-7.449999999999985,111.89999999999989,0.58,0.9,1.3,1.7
-7.449999999999985,111.94999999999989,0.59,1.0,1.3,1.8
-7.449999999999985,111.99999999999989,0.62,1.0,1.4,1.9
-7.449999999999985,112.04999999999988,0.66,1.1,1.5,2.0
-7.449999999999985,112.09999999999988,0.7,1.1,1.6,2.1
-7.449999999999985,112.14999999999988,0.76,1.2,1.7,2.3
-7.449999999999985,112.19999999999987,0.84,1.4,1.9,2.5
-7.449999999999985,112.24999999999987,0.93,1.5,2.1,2.8
-7.449999999999985,112.29999999999987,1.05,1.7,2.3,3.2
-7.449999999999985,112.34999999999987,1.2,2.0,2.7,3.6
-7.449999999999985,112.39999999999986,1.38,2.2,3.1,4.2
-7.449999999999985,112.44999999999986,1.58,2.6,3.5,4.8
-7.449999999999985,112.49999999999986,1.79,2.9,4.0,5.4
-7.449999999999985,112.54999999999986,1.98,3.2,4.4,6.0
-7.449999999999985,112.59999999999985,2.08,3.4,4.6,6.3
-7.449999999999985,112.64999999999985,2.07,3.4,4.6,6.3
-7.449999999999985,112.69999999999985,1.93,3.1,4.3,5.8
-7.449999999999985,112.74999999999984,1.72,2.8,3.8,5.2
-7.449999999999985,112.79999999999984,1.5,2.4,3.3,4.5
-7.449999999999985,112.84999999999984,1.29,2.1,2.9,3.9
-7.449999999999985,112.89999999999984,1.12,1.8,2.5,3.4
-7.449999999999985,112.94999999999983,0.99,1.6,2.2,3.0
-7.449999999999985,112.99999999999983,0.88,1.4,2.0,2.7
-7.449999999999985,113.04999999999983,0.8,1.3,1.8,2.4
-7.449999999999985,113.09999999999982,0.73,1.2,1.6,2.2
-7.449999999999985,113.14999999999982,0.68,1.1,1.5,2.1
-7.449999999999985,113.19999999999982,0.64,1.0,1.4,1.9
-7.449999999999985,113.24999999999982,0.61,1.0,1.4,1.8
-7.449999999999985,113.29999999999981,0.59,1.0,1.3,1.8
-7.449999999999985,113.34999999999981,0.57,0.9,1.3,1.7
-7.449999999999985,113.3999999999998,0.55,0.9,1.2,1.7
-7.449999999999985,113.4499999999998,0.54,0.9,1.2,1.6
-7.449999999999985,113.4999999999998,0.53,0.9,1.2,1.6
-7.449999999999985,113.5499999999998,0.53,0.9,1.2,1.6
-7.449999999999985,113.5999999999998,0.52,0.9,1.2,1.6
-7.449999999999985,113.64999999999979,0.52,0.8,1.2,1.6
-7.449999999999985,113.69999999999979,0.52,0.8,1.2,1.6
-7.449999999999985,113.74999999999979,0.52,0.8,1.2,1.6
-7.449999999999985,113.79999999999978,0.52,0.8,1.2,1.6
-7.449999999999985,113.84999999999978,0.52,0.9,1.2,1.6
-7.449999999999985,113.89999999999978,0.53,0.9,1.2,1.6
-7.449999999999985,113.94999999999978,0.53,0.9,1.2,1.6
-7.449999999999985,113.99999999999977,0.53,0.9,1.2,1.6
-7.449999999999985,114.04999999999977,0.53,0.9,1.2,1.6
-7.449999999999985,114.09999999999977,0.53,0.9,1.2,1.6
-7.449999999999985,114.14999999999976,0.53,0.9,1.2,1.6
-7.449999999999985,114.19999999999976,0.53,0.9,1.2,1.6
-7.449999999999985,114.24999999999976,0.53,0.9,1.2,1.6
-7.449999999999985,114.29999999999976,0.53,0.9,1.2,1.6
-7.449999999999985,114.34999999999975,0.53,0.9,1.2,1.6
-7.449999999999985,114.39999999999975,0.53,0.9,1.2,1.6
-7.449999999999985,114.44999999999975,0.52,0.9,1.2,1.6
-7.399999999999984,110.0,2.8,4.6,6.2,8.5
-7.399999999999984,110.05,2.63,4.3,5.9,8.0
-7.399999999999984,110.1,2.33,3.8,5.2,7.0
-7.399999999999984,110.14999999999999,2.08,3.4,4.6,6.3
-7.399999999999984,110.19999999999999,1.95,3.2,4.3,5.9
-7.399999999999984,110.24999999999999,1.95,3.2,4.3,5.9
-7.399999999999984,110.29999999999998,2.06,3.4,4.6,6.2
-7.399999999999984,110.34999999999998,2.25,3.7,5.0,6.8
-7.399999999999984,110.39999999999998,2.41,3.9,5.4,7.3
-7.399999999999984,110.44999999999997,2.42,3.9,5.4,7.3
-7.399999999999984,110.49999999999997,2.23,3.6,5.0,6.7
-7.399999999999984,110.54999999999997,1.92,3.1,4.3,5.8
-7.399999999999984,110.59999999999997,1.61,2.6,3.6,4.9
-7.399999999999984,110.64999999999996,1.34,2.2,3.0,4.0
-7.399999999999984,110.69999999999996,1.13,1.8,2.5,3.4
-7.399999999999984,110.74999999999996,0.98,1.6,2.2,3.0
-7.399999999999984,110.79999999999995,0.89,1.4,2.0,2.7
-7.399999999999984,110.84999999999995,0.83,1.3,1.8,2.5
-7.399999999999984,110.89999999999995,0.81,1.3,1.8,2.4
-7.399999999999984,110.94999999999995,0.82,1.3,1.8,2.5
-7.399999999999984,110.99999999999994,0.85,1.4,1.9,2.6
-7.399999999999984,111.04999999999994,0.89,1.4,2.0,2.7
-7.399999999999984,111.09999999999994,0.94,1.5,2.1,2.8
-7.399999999999984,111.14999999999993,0.97,1.6,2.2,2.9
-7.399999999999984,111.19999999999993,0.97,1.6,2.2,2.9
-7.399999999999984,111.24999999999993,0.94,1.5,2.1,2.9
-7.399999999999984,111.29999999999993,0.89,1.4,2.0,2.7
-7.399999999999984,111.34999999999992,0.82,1.3,1.8,2.5
-7.399999999999984,111.39999999999992,0.76,1.2,1.7,2.3
-7.399999999999984,111.44999999999992,0.7,1.1,1.6,2.1
-7.399999999999984,111.49999999999991,0.65,1.1,1.4,2.0
-7.399999999999984,111.54999999999991,0.61,1.0,1.4,1.9
-7.399999999999984,111.59999999999991,0.59,1.0,1.3,1.8
-7.399999999999984,111.6499999999999,0.57,0.9,1.3,1.7
-7.399999999999984,111.6999999999999,0.56,0.9,1.2,1.7
-7.399999999999984,111.7499999999999,0.55,0.9,1.2,1.7
-7.399999999999984,111.7999999999999,0.55,0.9,1.2,1.7
-7.399999999999984,111.8499999999999,0.55,0.9,1.2,1.7
-7.399999999999984,111.89999999999989,0.56,0.9,1.3,1.7
-7.399999999999984,111.94999999999989,0.58,0.9,1.3,1.7
-7.399999999999984,111.99999999999989,0.6,1.0,1.3,1.8
-7.399999999999984,112.04999999999988,0.63,1.0,1.4,1.9
-7.399999999999984,112.09999999999988,0.66,1.1,1.5,2.0
-7.399999999999984,112.14999999999988,0.71,1.1,1.6,2.1
-7.399999999999984,112.19999999999987,0.77,1.2,1.7,2.3
-7.399999999999984,112.24999999999987,0.84,1.4,1.9,2.5
-7.399999999999984,112.29999999999987,0.93,1.5,2.1,2.8
-7.399999999999984,112.34999999999987,1.04,1.7,2.3,3.1
-7.399999999999984,112.39999999999986,1.16,1.9,2.6,3.5
-7.399999999999984,112.44999999999986,1.3,2.1,2.9,3.9
-7.399999999999984,112.49999999999986,1.43,2.3,3.2,4.3
-7.399999999999984,112.54999999999986,1.54,2.5,3.4,4.7
-7.399999999999984,112.59999999999985,1.6,2.6,3.6,4.8
-7.399999999999984,112.64999999999985,1.59,2.6,3.5,4.8
-7.399999999999984,112.69999999999985,1.51,2.5,3.4,4.6
-7.399999999999984,112.74999999999984,1.39,2.3,3.1,4.2
-7.399999999999984,112.79999999999984,1.24,2.0,2.8,3.8
-7.399999999999984,112.84999999999984,1.11,1.8,2.5,3.3
-7.399999999999984,112.89999999999984,0.98,1.6,2.2,3.0
-7.399999999999984,112.94999999999983,0.88,1.4,2.0,2.7
-7.399999999999984,112.99999999999983,0.8,1.3,1.8,2.4
-7.399999999999984,113.04999999999983,0.74,1.2,1.6,2.2
-7.399999999999984,113.09999999999982,0.69,1.1,1.5,2.1
-7.399999999999984,113.14999999999982,0.65,1.0,1.4,2.0
-7.399999999999984,113.19999999999982,0.61,1.0,1.4,1.9
-7.399999999999984,113.24999999999982,0.59,1.0,1.3,1.8
-7.399999999999984,113.29999999999981,0.57,0.9,1.3,1.7
-7.399999999999984,113.34999999999981,0.55,0.9,1.2,1.7
-7.399999999999984,113.3999999999998,0.54,0.9,1.2,1.6
-7.399999999999984,113.4499999999998,0.53,0.9,1.2,1.6
-7.399999999999984,113.4999999999998,0.53,0.9,1.2,1.6
-7.399999999999984,113.5499999999998,0.52,0.8,1.2,1.6
-7.399999999999984,113.5999999999998,0.52,0.8,1.2,1.6
-7.399999999999984,113.64999999999979,0.52,0.8,1.2,1.6
-7.399999999999984,113.69999999999979,0.52,0.8,1.1,1.6
-7.399999999999984,113.74999999999979,0.52,0.8,1.1,1.6
-7.399999999999984,113.79999999999978,0.52,0.8,1.1,1.6
-7.399999999999984,113.84999999999978,0.52,0.8,1.2,1.6
-7.399999999999984,113.89999999999978,0.52,0.8,1.2,1.6
-7.399999999999984,113.94999999999978,0.52,0.8,1.2,1.6
-7.399999999999984,113.99999999999977,0.52,0.8,1.2,1.6
-7.399999999999984,114.04999999999977,0.52,0.9,1.2,1.6
-7.399999999999984,114.09999999999977,0.52,0.9,1.2,1.6
-7.399999999999984,114.14999999999976,0.52,0.9,1.2,1.6
-7.399999999999984,114.19999999999976,0.52,0.9,1.2,1.6
-7.399999999999984,114.24999999999976,0.52,0.9,1.2,1.6
-7.399999999999984,114.29999999999976,0.52,0.8,1.2,1.6
-7.399999999999984,114.34999999999975,0.52,0.8,1.2,1.6
-7.399999999999984,114.39999999999975,0.52,0.8,1.2,1.6
-7.399999999999984,114.44999999999975,0.52,0.8,1.1,1.6
-7.349999999999984,110.0,3.73,6.1,8.3,11.3
-7.349999999999984,110.05,3.23,5.2,7.2,9.8
-7.349999999999984,110.1,2.62,4.3,5.8,7.9
-7.349999999999984,110.14999999999999,2.19,3.6,4.9,6.6
-7.349999999999984,110.19999999999999,1.93,3.1,4.3,5.8
-7.349999999999984,110.24999999999999,1.82,3.0,4.1,5.5
-7.349999999999984,110.29999999999998,1.82,3.0,4.0,5.5
-7.349999999999984,110.34999999999998,1.86,3.0,4.1,5.6
-7.349999999999984,110.39999999999998,1.91,3.1,4.2,5.8
-7.349999999999984,110.44999999999997,1.88,3.1,4.2,5.7
-7.349999999999984,110.49999999999997,1.76,2.9,3.9,5.3
-7.349999999999984,110.54999999999997,1.57,2.6,3.5,4.7
-7.349999999999984,110.59999999999997,1.36,2.2,3.0,4.1
-7.349999999999984,110.64999999999996,1.18,1.9,2.6,3.6
-7.349999999999984,110.69999999999996,1.02,1.7,2.3,3.1
-7.349999999999984,110.74999999999996,0.91,1.5,2.0,2.7
-7.349999999999984,110.79999999999995,0.83,1.3,1.8,2.5
-7.349999999999984,110.84999999999995,0.78,1.3,1.7,2.4
-7.349999999999984,110.89999999999995,0.76,1.2,1.7,2.3
-7.349999999999984,110.94999999999995,0.76,1.2,1.7,2.3
-7.349999999999984,110.99999999999994,0.77,1.3,1.7,2.3
-7.349999999999984,111.04999999999994,0.79,1.3,1.8,2.4
-7.349999999999984,111.09999999999994,0.82,1.3,1.8,2.5
-7.349999999999984,111.14999999999993,0.83,1.4,1.9,2.5
-7.349999999999984,111.19999999999993,0.83,1.4,1.8,2.5
-7.349999999999984,111.24999999999993,0.81,1.3,1.8,2.5
-7.349999999999984,111.29999999999993,0.78,1.3,1.7,2.4
-7.349999999999984,111.34999999999992,0.74,1.2,1.6,2.2
-7.349999999999984,111.39999999999992,0.69,1.1,1.5,2.1
-7.349999999999984,111.44999999999992,0.65,1.1,1.5,2.0
-7.349999999999984,111.49999999999991,0.62,1.0,1.4,1.9
-7.349999999999984,111.54999999999991,0.59,1.0,1.3,1.8
-7.349999999999984,111.59999999999991,0.57,0.9,1.3,1.7
-7.349999999999984,111.6499999999999,0.56,0.9,1.2,1.7
-7.349999999999984,111.6999999999999,0.55,0.9,1.2,1.7
-7.349999999999984,111.7499999999999,0.54,0.9,1.2,1.6
-7.349999999999984,111.7999999999999,0.54,0.9,1.2,1.6
-7.349999999999984,111.8499999999999,0.54,0.9,1.2,1.6
-7.349999999999984,111.89999999999989,0.55,0.9,1.2,1.7
-7.349999999999984,111.94999999999989,0.56,0.9,1.3,1.7
-7.349999999999984,111.99999999999989,0.58,0.9,1.3,1.8
-7.349999999999984,112.04999999999988,0.6,1.0,1.3,1.8
-7.349999999999984,112.09999999999988,0.63,1.0,1.4,1.9
-7.349999999999984,112.14999999999988,0.66,1.1,1.5,2.0
-7.349999999999984,112.19999999999987,0.71,1.1,1.6,2.1
-7.349999999999984,112.24999999999987,0.76,1.2,1.7,2.3
-7.349999999999984,112.29999999999987,0.83,1.3,1.8,2.5
-7.349999999999984,112.34999999999987,0.9,1.5,2.0,2.7
-7.349999999999984,112.39999999999986,0.99,1.6,2.2,3.0
-7.349999999999984,112.44999999999986,1.08,1.8,2.4,3.3
-7.349999999999984,112.49999999999986,1.16,1.9,2.6,3.5
-7.349999999999984,112.54999999999986,1.23,2.0,2.7,3.7
-7.349999999999984,112.59999999999985,1.26,2.1,2.8,3.8
-7.349999999999984,112.64999999999985,1.26,2.0,2.8,3.8
-7.349999999999984,112.69999999999985,1.21,2.0,2.7,3.7
-7.349999999999984,112.74999999999984,1.14,1.8,2.5,3.4
-7.349999999999984,112.79999999999984,1.04,1.7,2.3,3.2
-7.349999999999984,112.84999999999984,0.95,1.5,2.1,2.9
-7.349999999999984,112.89999999999984,0.87,1.4,1.9,2.6
-7.349999999999984,112.94999999999983,0.8,1.3,1.8,2.4
-7.349999999999984,112.99999999999983,0.73,1.2,1.6,2.2
-7.349999999999984,113.04999999999983,0.69,1.1,1.5,2.1
-7.349999999999984,113.09999999999982,0.65,1.1,1.4,2.0
-7.349999999999984,113.14999999999982,0.61,1.0,1.4,1.9
-7.349999999999984,113.19999999999982,0.59,1.0,1.3,1.8
-7.349999999999984,113.24999999999982,0.57,0.9,1.3,1.7
-7.349999999999984,113.29999999999981,0.55,0.9,1.2,1.7
-7.349999999999984,113.34999999999981,0.54,0.9,1.2,1.6
-7.349999999999984,113.3999999999998,0.53,0.9,1.2,1.6
-7.349999999999984,113.4499999999998,0.53,0.9,1.2,1.6
-7.349999999999984,113.4999999999998,0.52,0.8,1.2,1.6
-7.349999999999984,113.5499999999998,0.52,0.8,1.2,1.6
-7.349999999999984,113.5999999999998,0.51,0.8,1.1,1.6
-7.349999999999984,113.64999999999979,0.51,0.8,1.1,1.6
-7.349999999999984,113.69999999999979,0.51,0.8,1.1,1.5
-7.349999999999984,113.74999999999979,0.51,0.8,1.1,1.5
-7.349999999999984,113.79999999999978,0.51,0.8,1.1,1.6
-7.349999999999984,113.84999999999978,0.51,0.8,1.1,1.6
-7.349999999999984,113.89999999999978,0.51,0.8,1.1,1.6
-7.349999999999984,113.94999999999978,0.51,0.8,1.1,1.6
-7.349999999999984,113.99999999999977,0.52,0.8,1.1,1.6
-7.349999999999984,114.04999999999977,0.52,0.8,1.1,1.6
-7.349999999999984,114.09999999999977,0.52,0.8,1.1,1.6
-7.349999999999984,114.14999999999976,0.52,0.8,1.2,1.6
-7.349999999999984,114.19999999999976,0.52,0.8,1.1,1.6
-7.349999999999984,114.24999999999976,0.52,0.8,1.1,1.6
-7.349999999999984,114.29999999999976,0.52,0.8,1.1,1.6
-7.349999999999984,114.34999999999975,0.51,0.8,1.1,1.6
-7.349999999999984,114.39999999999975,0.51,0.8,1.1,1.6
-7.349999999999984,114.44999999999975,0.51,0.8,1.1,1.5
-7.299999999999983,110.0,4.8,7.8,10.7,14.5
-7.299999999999983,110.05,3.56,5.8,7.9,10.8
-7.299999999999983,110.1,2.72,4.4,6.1,8.2
-7.299999999999983,110.14999999999999,2.19,3.6,4.9,6.6
-7.299999999999983,110.19999999999999,1.86,3.0,4.1,5.6
-7.299999999999983,110.24999999999999,1.68,2.7,3.7,5.1
-7.299999999999983,110.29999999999998,1.6,2.6,3.6,4.8
-7.299999999999983,110.34999999999998,1.57,2.5,3.5,4.7
-7.299999999999983,110.39999999999998,1.55,2.5,3.4,4.7
-7.299999999999983,110.44999999999997,1.5,2.4,3.3,4.5
-7.299999999999983,110.49999999999997,1.41,2.3,3.1,4.3
-7.299999999999983,110.54999999999997,1.29,2.1,2.9,3.9
-7.299999999999983,110.59999999999997,1.16,1.9,2.6,3.5
-7.299999999999983,110.64999999999996,1.03,1.7,2.3,3.1
-7.299999999999983,110.69999999999996,0.92,1.5,2.0,2.8
-7.299999999999983,110.74999999999996,0.83,1.4,1.9,2.5
-7.299999999999983,110.79999999999995,0.77,1.3,1.7,2.3
-7.299999999999983,110.84999999999995,0.73,1.2,1.6,2.2
-7.299999999999983,110.89999999999995,0.71,1.2,1.6,2.1
-7.299999999999983,110.94999999999995,0.7,1.1,1.6,2.1
-7.299999999999983,110.99999999999994,0.71,1.1,1.6,2.1
-7.299999999999983,111.04999999999994,0.72,1.2,1.6,2.2
-7.299999999999983,111.09999999999994,0.73,1.2,1.6,2.2
-7.299999999999983,111.14999999999993,0.73,1.2,1.6,2.2
-7.299999999999983,111.19999999999993,0.73,1.2,1.6,2.2
-7.299999999999983,111.24999999999993,0.72,1.2,1.6,2.2
-7.299999999999983,111.29999999999993,0.7,1.1,1.6,2.1
-7.299999999999983,111.34999999999992,0.67,1.1,1.5,2.0
-7.299999999999983,111.39999999999992,0.64,1.0,1.4,1.9
-7.299999999999983,111.44999999999992,0.62,1.0,1.4,1.9
-7.299999999999983,111.49999999999991,0.59,1.0,1.3,1.8
-7.299999999999983,111.54999999999991,0.57,0.9,1.3,1.7
-7.299999999999983,111.59999999999991,0.56,0.9,1.2,1.7
-7.299999999999983,111.6499999999999,0.55,0.9,1.2,1.7
-7.299999999999983,111.6999999999999,0.54,0.9,1.2,1.6
-7.299999999999983,111.7499999999999,0.54,0.9,1.2,1.6
-7.299999999999983,111.7999999999999,0.53,0.9,1.2,1.6
-7.299999999999983,111.8499999999999,0.54,0.9,1.2,1.6
-7.299999999999983,111.89999999999989,0.54,0.9,1.2,1.6
-7.299999999999983,111.94999999999989,0.55,0.9,1.2,1.7
-7.299999999999983,111.99999999999989,0.56,0.9,1.3,1.7
-7.299999999999983,112.04999999999988,0.58,0.9,1.3,1.8
-7.299999999999983,112.09999999999988,0.6,1.0,1.3,1.8
-7.299999999999983,112.14999999999988,0.63,1.0,1.4,1.9
-7.299999999999983,112.19999999999987,0.66,1.1,1.5,2.0
-7.299999999999983,112.24999999999987,0.7,1.1,1.6,2.1
-7.299999999999983,112.29999999999987,0.75,1.2,1.7,2.3
-7.299999999999983,112.34999999999987,0.8,1.3,1.8,2.4
-7.299999999999983,112.39999999999986,0.86,1.4,1.9,2.6
-7.299999999999983,112.44999999999986,0.92,1.5,2.0,2.8
-7.299999999999983,112.49999999999986,0.97,1.6,2.2,2.9
-7.299999999999983,112.54999999999986,1.01,1.6,2.2,3.1
-7.299999999999983,112.59999999999985,1.03,1.7,2.3,3.1
-7.299999999999983,112.64999999999985,1.03,1.7,2.3,3.1
-7.299999999999983,112.69999999999985,1.0,1.6,2.2,3.0
-7.299999999999983,112.74999999999984,0.95,1.5,2.1,2.9
-7.299999999999983,112.79999999999984,0.89,1.5,2.0,2.7
-7.299999999999983,112.84999999999984,0.83,1.4,1.9,2.5
-7.299999999999983,112.89999999999984,0.78,1.3,1.7,2.3
-7.299999999999983,112.94999999999983,0.72,1.2,1.6,2.2
-7.299999999999983,112.99999999999983,0.68,1.1,1.5,2.1
-7.299999999999983,113.04999999999983,0.64,1.0,1.4,1.9
-7.299999999999983,113.09999999999982,0.61,1.0,1.4,1.9
-7.299999999999983,113.14999999999982,0.59,1.0,1.3,1.8
-7.299999999999983,113.19999999999982,0.57,0.9,1.3,1.7
-7.299999999999983,113.24999999999982,0.55,0.9,1.2,1.7
-7.299999999999983,113.29999999999981,0.54,0.9,1.2,1.6
-7.299999999999983,113.34999999999981,0.53,0.9,1.2,1.6
-7.299999999999983,113.3999999999998,0.53,0.9,1.2,1.6
-7.299999999999983,113.4499999999998,0.52,0.8,1.2,1.6
-7.299999999999983,113.4999999999998,0.52,0.8,1.1,1.6
-7.299999999999983,113.5499999999998,0.51,0.8,1.1,1.6
-7.299999999999983,113.5999999999998,0.51,0.8,1.1,1.5
-7.299999999999983,113.64999999999979,0.51,0.8,1.1,1.5
-7.299999999999983,113.69999999999979,0.51,0.8,1.1,1.5
-7.299999999999983,113.74999999999979,0.51,0.8,1.1,1.5
-7.299999999999983,113.79999999999978,0.51,0.8,1.1,1.5
-7.299999999999983,113.84999999999978,0.51,0.8,1.1,1.5
-7.299999999999983,113.89999999999978,0.51,0.8,1.1,1.5
-7.299999999999983,113.94999999999978,0.51,0.8,1.1,1.5
-7.299999999999983,113.99999999999977,0.51,0.8,1.1,1.5
-7.299999999999983,114.04999999999977,0.51,0.8,1.1,1.5
-7.299999999999983,114.09999999999977,0.51,0.8,1.1,1.5
-7.299999999999983,114.14999999999976,0.51,0.8,1.1,1.5
-7.299999999999983,114.19999999999976,0.51,0.8,1.1,1.5
-7.299999999999983,114.24999999999976,0.51,0.8,1.1,1.5
-7.299999999999983,114.29999999999976,0.51,0.8,1.1,1.5
-7.299999999999983,114.34999999999975,0.51,0.8,1.1,1.5
-7.299999999999983,114.39999999999975,0.51,0.8,1.1,1.5
-7.299999999999983,114.44999999999975,0.51,0.8,1.1,1.5
-7.249999999999982,110.0,3.69,6.0,8.2,11.2
-7.249999999999982,110.05,3.16,5.1,7.0,9.6
-7.249999999999982,110.1,2.52,4.1,5.6,7.6
-7.249999999999982,110.14999999999999,2.04,3.3,4.5,6.2
-7.249999999999982,110.19999999999999,1.72,2.8,3.8,5.2
-7.249999999999982,110.24999999999999,1.52,2.5,3.4,4.6
-7.249999999999982,110.29999999999998,1.4,2.3,3.1,4.2
-7.249999999999982,110.34999999999998,1.34,2.2,3.0,4.0
-7.249999999999982,110.39999999999998,1.29,2.1,2.9,3.9
-7.249999999999982,110.44999999999997,1.24,2.0,2.8,3.7
-7.249999999999982,110.49999999999997,1.17,1.9,2.6,3.5
-7.249999999999982,110.54999999999997,1.08,1.8,2.4,3.3
-7.249999999999982,110.59999999999997,0.99,1.6,2.2,3.0
-7.249999999999982,110.64999999999996,0.91,1.5,2.0,2.7
-7.249999999999982,110.69999999999996,0.83,1.3,1.8,2.5
-7.249999999999982,110.74999999999996,0.77,1.2,1.7,2.3
-7.249999999999982,110.79999999999995,0.72,1.2,1.6,2.2
-7.249999999999982,110.84999999999995,0.69,1.1,1.5,2.1
-7.249999999999982,110.89999999999995,0.67,1.1,1.5,2.0
-7.249999999999982,110.94999999999995,0.66,1.1,1.5,2.0
-7.249999999999982,110.99999999999994,0.66,1.1,1.5,2.0
-7.249999999999982,111.04999999999994,0.66,1.1,1.5,2.0
-7.249999999999982,111.09999999999994,0.66,1.1,1.5,2.0
-7.249999999999982,111.14999999999993,0.67,1.1,1.5,2.0
-7.249999999999982,111.19999999999993,0.66,1.1,1.5,2.0
-7.249999999999982,111.24999999999993,0.65,1.1,1.5,2.0
-7.249999999999982,111.29999999999993,0.64,1.0,1.4,1.9
-7.249999999999982,111.34999999999992,0.62,1.0,1.4,1.9
-7.249999999999982,111.39999999999992,0.61,1.0,1.3,1.8
-7.249999999999982,111.44999999999992,0.59,1.0,1.3,1.8
-7.249999999999982,111.49999999999991,0.57,0.9,1.3,1.7
-7.249999999999982,111.54999999999991,0.56,0.9,1.2,1.7
-7.249999999999982,111.59999999999991,0.55,0.9,1.2,1.7
-7.249999999999982,111.6499999999999,0.54,0.9,1.2,1.6
-7.249999999999982,111.6999999999999,0.53,0.9,1.2,1.6
-7.249999999999982,111.7499999999999,0.53,0.9,1.2,1.6
-7.249999999999982,111.7999999999999,0.53,0.9,1.2,1.6
-7.249999999999982,111.8499999999999,0.53,0.9,1.2,1.6
-7.249999999999982,111.89999999999989,0.53,0.9,1.2,1.6
-7.249999999999982,111.94999999999989,0.54,0.9,1.2,1.6
-7.249999999999982,111.99999999999989,0.55,0.9,1.2,1.7
-7.249999999999982,112.04999999999988,0.56,0.9,1.2,1.7
-7.249999999999982,112.09999999999988,0.58,0.9,1.3,1.7
-7.249999999999982,112.14999999999988,0.6,1.0,1.3,1.8
-7.249999999999982,112.19999999999987,0.62,1.0,1.4,1.9
-7.249999999999982,112.24999999999987,0.65,1.1,1.4,2.0
-7.249999999999982,112.29999999999987,0.68,1.1,1.5,2.1
-7.249999999999982,112.34999999999987,0.72,1.2,1.6,2.2
-7.249999999999982,112.39999999999986,0.76,1.2,1.7,2.3
-7.249999999999982,112.44999999999986,0.8,1.3,1.8,2.4
-7.249999999999982,112.49999999999986,0.83,1.4,1.8,2.5
-7.249999999999982,112.54999999999986,0.86,1.4,1.9,2.6
-7.249999999999982,112.59999999999985,0.87,1.4,1.9,2.6
-7.249999999999982,112.64999999999985,0.87,1.4,1.9,2.6
-7.249999999999982,112.69999999999985,0.85,1.4,1.9,2.6
-7.249999999999982,112.74999999999984,0.82,1.3,1.8,2.5
-7.249999999999982,112.79999999999984,0.78,1.3,1.7,2.4
-7.249999999999982,112.84999999999984,0.74,1.2,1.7,2.2
-7.249999999999982,112.89999999999984,0.7,1.1,1.6,2.1
-7.249999999999982,112.94999999999983,0.67,1.1,1.5,2.0
-7.249999999999982,112.99999999999983,0.64,1.0,1.4,1.9
-7.249999999999982,113.04999999999983,0.61,1.0,1.4,1.8
-7.249999999999982,113.09999999999982,0.59,1.0,1.3,1.8
-7.249999999999982,113.14999999999982,0.57,0.9,1.3,1.7
-7.249999999999982,113.19999999999982,0.55,0.9,1.2,1.7
-7.249999999999982,113.24999999999982,0.54,0.9,1.2,1.6
-7.249999999999982,113.29999999999981,0.53,0.9,1.2,1.6
-7.249999999999982,113.34999999999981,0.53,0.9,1.2,1.6
-7.249999999999982,113.3999999999998,0.52,0.8,1.2,1.6
-7.249999999999982,113.4499999999998,0.52,0.8,1.1,1.6
-7.249999999999982,113.4999999999998,0.51,0.8,1.1,1.6
-7.249999999999982,113.5499999999998,0.51,0.8,1.1,1.5
-7.249999999999982,113.5999999999998,0.51,0.8,1.1,1.5
-7.249999999999982,113.64999999999979,0.51,0.8,1.1,1.5
-7.249999999999982,113.69999999999979,0.51,0.8,1.1,1.5
-7.249999999999982,113.74999999999979,0.51,0.8,1.1,1.5
-7.249999999999982,113.79999999999978,0.51,0.8,1.1,1.5
-7.249999999999982,113.84999999999978,0.51,0.8,1.1,1.5
-7.249999999999982,113.89999999999978,0.51,0.8,1.1,1.5
-7.249999999999982,113.94999999999978,0.51,0.8,1.1,1.5
-7.249999999999982,113.99999999999977,0.51,0.8,1.1,1.5
-7.249999999999982,114.04999999999977,0.51,0.8,1.1,1.5
-7.249999999999982,114.09999999999977,0.51,0.8,1.1,1.5
-7.249999999999982,114.14999999999976,0.51,0.8,1.1,1.5
-7.249999999999982,114.19999999999976,0.51,0.8,1.1,1.5
-7.249999999999982,114.24999999999976,0.51,0.8,1.1,1.5
-7.249999999999982,114.29999999999976,0.51,0.8,1.1,1.5
-7.249999999999982,114.34999999999975,0.51,0.8,1.1,1.5
-7.249999999999982,114.39999999999975,0.51,0.8,1.1,1.5
-7.249999999999982,114.44999999999975,0.51,0.8,1.1,1.5
-7.1999999999999815,110.0,2.72,4.4,6.1,8.2
-7.1999999999999815,110.05,2.51,4.1,5.6,7.6
-7.1999999999999815,110.1,2.14,3.5,4.8,6.5
-7.1999999999999815,110.14999999999999,1.8,2.9,4.0,5.4
-7.1999999999999815,110.19999999999999,1.54,2.5,3.4,4.6
-7.1999999999999815,110.24999999999999,1.35,2.2,3.0,4.1
-7.1999999999999815,110.29999999999998,1.23,2.0,2.7,3.7
-7.1999999999999815,110.34999999999998,1.16,1.9,2.6,3.5
-7.1999999999999815,110.39999999999998,1.1,1.8,2.4,3.3
-7.1999999999999815,110.44999999999997,1.05,1.7,2.3,3.2
-7.1999999999999815,110.49999999999997,0.99,1.6,2.2,3.0
-7.1999999999999815,110.54999999999997,0.93,1.5,2.1,2.8
-7.1999999999999815,110.59999999999997,0.87,1.4,1.9,2.6
-7.1999999999999815,110.64999999999996,0.81,1.3,1.8,2.4
-7.1999999999999815,110.69999999999996,0.75,1.2,1.7,2.3
-7.1999999999999815,110.74999999999996,0.71,1.2,1.6,2.1
-7.1999999999999815,110.79999999999995,0.67,1.1,1.5,2.0
-7.1999999999999815,110.84999999999995,0.65,1.1,1.4,2.0
-7.1999999999999815,110.89999999999995,0.63,1.0,1.4,1.9
-7.1999999999999815,110.94999999999995,0.62,1.0,1.4,1.9
-7.1999999999999815,110.99999999999994,0.62,1.0,1.4,1.9
-7.1999999999999815,111.04999999999994,0.62,1.0,1.4,1.9
-7.1999999999999815,111.09999999999994,0.62,1.0,1.4,1.9
-7.1999999999999815,111.14999999999993,0.62,1.0,1.4,1.9
-7.1999999999999815,111.19999999999993,0.62,1.0,1.4,1.9
-7.1999999999999815,111.24999999999993,0.61,1.0,1.4,1.8
-7.1999999999999815,111.29999999999993,0.6,1.0,1.3,1.8
-7.1999999999999815,111.34999999999992,0.59,1.0,1.3,1.8
-7.1999999999999815,111.39999999999992,0.58,0.9,1.3,1.7
-7.1999999999999815,111.44999999999992,0.56,0.9,1.3,1.7
-7.1999999999999815,111.49999999999991,0.55,0.9,1.2,1.7
-7.1999999999999815,111.54999999999991,0.54,0.9,1.2,1.6
-7.1999999999999815,111.59999999999991,0.54,0.9,1.2,1.6
-7.1999999999999815,111.6499999999999,0.53,0.9,1.2,1.6
-7.1999999999999815,111.6999999999999,0.53,0.9,1.2,1.6
-7.1999999999999815,111.7499999999999,0.52,0.9,1.2,1.6
-7.1999999999999815,111.7999999999999,0.52,0.8,1.2,1.6
-7.1999999999999815,111.8499999999999,0.52,0.9,1.2,1.6
-7.1999999999999815,111.89999999999989,0.53,0.9,1.2,1.6
-7.1999999999999815,111.94999999999989,0.53,0.9,1.2,1.6
-7.1999999999999815,111.99999999999989,0.54,0.9,1.2,1.6
-7.1999999999999815,112.04999999999988,0.55,0.9,1.2,1.7
-7.1999999999999815,112.09999999999988,0.56,0.9,1.2,1.7
-7.1999999999999815,112.14999999999988,0.57,0.9,1.3,1.7
-7.1999999999999815,112.19999999999987,0.59,1.0,1.3,1.8
-7.1999999999999815,112.24999999999987,0.61,1.0,1.4,1.8
-7.1999999999999815,112.29999999999987,0.63,1.0,1.4,1.9
-7.1999999999999815,112.34999999999987,0.66,1.1,1.5,2.0
-7.1999999999999815,112.39999999999986,0.69,1.1,1.5,2.1
-7.1999999999999815,112.44999999999986,0.71,1.2,1.6,2.1
-7.1999999999999815,112.49999999999986,0.73,1.2,1.6,2.2
-7.1999999999999815,112.54999999999986,0.75,1.2,1.7,2.3
-7.1999999999999815,112.59999999999985,0.75,1.2,1.7,2.3
-7.1999999999999815,112.64999999999985,0.75,1.2,1.7,2.3
-7.1999999999999815,112.69999999999985,0.74,1.2,1.7,2.2
-7.1999999999999815,112.74999999999984,0.72,1.2,1.6,2.2
-7.1999999999999815,112.79999999999984,0.7,1.1,1.6,2.1
-7.1999999999999815,112.84999999999984,0.67,1.1,1.5,2.0
-7.1999999999999815,112.89999999999984,0.65,1.1,1.4,2.0
-7.1999999999999815,112.94999999999983,0.62,1.0,1.4,1.9
-7.1999999999999815,112.99999999999983,0.6,1.0,1.3,1.8
-7.1999999999999815,113.04999999999983,0.58,0.9,1.3,1.8
-7.1999999999999815,113.09999999999982,0.57,0.9,1.3,1.7
-7.1999999999999815,113.14999999999982,0.55,0.9,1.2,1.7
-7.1999999999999815,113.19999999999982,0.54,0.9,1.2,1.6
-7.1999999999999815,113.24999999999982,0.53,0.9,1.2,1.6
-7.1999999999999815,113.29999999999981,0.53,0.9,1.2,1.6
-7.1999999999999815,113.34999999999981,0.52,0.8,1.2,1.6
-7.1999999999999815,113.3999999999998,0.52,0.8,1.1,1.6
-7.1999999999999815,113.4499999999998,0.51,0.8,1.1,1.6
-7.1999999999999815,113.4999999999998,0.51,0.8,1.1,1.5
-7.1999999999999815,113.5499999999998,0.51,0.8,1.1,1.5
-7.1999999999999815,113.5999999999998,0.51,0.8,1.1,1.5
-7.1999999999999815,113.64999999999979,0.51,0.8,1.1,1.5
-7.1999999999999815,113.69999999999979,0.51,0.8,1.1,1.5
-7.1999999999999815,113.74999999999979,0.51,0.8,1.1,1.5
-7.1999999999999815,113.79999999999978,0.5,0.8,1.1,1.5
-7.1999999999999815,113.84999999999978,0.5,0.8,1.1,1.5
-7.1999999999999815,113.89999999999978,0.51,0.8,1.1,1.5
-7.1999999999999815,113.94999999999978,0.51,0.8,1.1,1.5
-7.1999999999999815,113.99999999999977,0.51,0.8,1.1,1.5
-7.1999999999999815,114.04999999999977,0.51,0.8,1.1,1.5
-7.1999999999999815,114.09999999999977,0.51,0.8,1.1,1.5
-7.1999999999999815,114.14999999999976,0.51,0.8,1.1,1.5
-7.1999999999999815,114.19999999999976,0.51,0.8,1.1,1.5
-7.1999999999999815,114.24999999999976,0.51,0.8,1.1,1.5
-7.1999999999999815,114.29999999999976,0.51,0.8,1.1,1.5
-7.1999999999999815,114.34999999999975,0.5,0.8,1.1,1.5
-7.1999999999999815,114.39999999999975,0.5,0.8,1.1,1.5
-7.1999999999999815,114.44999999999975,0.5,0.8,1.1,1.5
-7.149999999999981,110.0,2.04,3.3,4.6,6.2
-7.149999999999981,110.05,1.95,3.2,4.3,5.9
-7.149999999999981,110.1,1.75,2.8,3.9,5.3
-7.149999999999981,110.14999999999999,1.53,2.5,3.4,4.6
-7.149999999999981,110.19999999999999,1.34,2.2,3.0,4.0
-7.149999999999981,110.24999999999999,1.19,1.9,2.7,3.6
-7.149999999999981,110.29999999999998,1.09,1.8,2.4,3.3
-7.149999999999981,110.34999999999998,1.01,1.6,2.3,3.1
-7.149999999999981,110.39999999999998,0.96,1.6,2.1,2.9
-7.149999999999981,110.44999999999997,0.91,1.5,2.0,2.7
-7.149999999999981,110.49999999999997,0.86,1.4,1.9,2.6
-7.149999999999981,110.54999999999997,0.82,1.3,1.8,2.5
-7.149999999999981,110.59999999999997,0.77,1.3,1.7,2.3
-7.149999999999981,110.64999999999996,0.73,1.2,1.6,2.2
-7.149999999999981,110.69999999999996,0.69,1.1,1.5,2.1
-7.149999999999981,110.74999999999996,0.66,1.1,1.5,2.0
-7.149999999999981,110.79999999999995,0.63,1.0,1.4,1.9
-7.149999999999981,110.84999999999995,0.62,1.0,1.4,1.9
-7.149999999999981,110.89999999999995,0.6,1.0,1.3,1.8
-7.149999999999981,110.94999999999995,0.59,1.0,1.3,1.8
-7.149999999999981,110.99999999999994,0.59,1.0,1.3,1.8
-7.149999999999981,111.04999999999994,0.59,1.0,1.3,1.8
-7.149999999999981,111.09999999999994,0.59,1.0,1.3,1.8
-7.149999999999981,111.14999999999993,0.58,0.9,1.3,1.8
-7.149999999999981,111.19999999999993,0.58,0.9,1.3,1.8
-7.149999999999981,111.24999999999993,0.58,0.9,1.3,1.7
-7.149999999999981,111.29999999999993,0.57,0.9,1.3,1.7
-7.149999999999981,111.34999999999992,0.56,0.9,1.3,1.7
-7.149999999999981,111.39999999999992,0.56,0.9,1.2,1.7
-7.149999999999981,111.44999999999992,0.55,0.9,1.2,1.7
-7.149999999999981,111.49999999999991,0.54,0.9,1.2,1.6
-7.149999999999981,111.54999999999991,0.53,0.9,1.2,1.6
-7.149999999999981,111.59999999999991,0.53,0.9,1.2,1.6
-7.149999999999981,111.6499999999999,0.52,0.9,1.2,1.6
-7.149999999999981,111.6999999999999,0.52,0.8,1.2,1.6
-7.149999999999981,111.7499999999999,0.52,0.8,1.2,1.6
-7.149999999999981,111.7999999999999,0.52,0.8,1.2,1.6
-7.149999999999981,111.8499999999999,0.52,0.8,1.2,1.6
-7.149999999999981,111.89999999999989,0.52,0.8,1.2,1.6
-7.149999999999981,111.94999999999989,0.52,0.9,1.2,1.6
-7.149999999999981,111.99999999999989,0.53,0.9,1.2,1.6
-7.149999999999981,112.04999999999988,0.54,0.9,1.2,1.6
-7.149999999999981,112.09999999999988,0.54,0.9,1.2,1.6
-7.149999999999981,112.14999999999988,0.56,0.9,1.2,1.7
-7.149999999999981,112.19999999999987,0.57,0.9,1.3,1.7
-7.149999999999981,112.24999999999987,0.58,0.9,1.3,1.8
-7.149999999999981,112.29999999999987,0.6,1.0,1.3,1.8
-7.149999999999981,112.34999999999987,0.61,1.0,1.4,1.9
-7.149999999999981,112.39999999999986,0.63,1.0,1.4,1.9
-7.149999999999981,112.44999999999986,0.65,1.1,1.4,2.0
-7.149999999999981,112.49999999999986,0.66,1.1,1.5,2.0
-7.149999999999981,112.54999999999986,0.67,1.1,1.5,2.0
-7.149999999999981,112.59999999999985,0.68,1.1,1.5,2.0
-7.149999999999981,112.64999999999985,0.68,1.1,1.5,2.0
-7.149999999999981,112.69999999999985,0.67,1.1,1.5,2.0
-7.149999999999981,112.74999999999984,0.66,1.1,1.5,2.0
-7.149999999999981,112.79999999999984,0.64,1.0,1.4,1.9
-7.149999999999981,112.84999999999984,0.63,1.0,1.4,1.9
-7.149999999999981,112.89999999999984,0.61,1.0,1.4,1.8
-7.149999999999981,112.94999999999983,0.59,1.0,1.3,1.8
-7.149999999999981,112.99999999999983,0.58,0.9,1.3,1.7
-7.149999999999981,113.04999999999983,0.56,0.9,1.3,1.7
-7.149999999999981,113.09999999999982,0.55,0.9,1.2,1.7
-7.149999999999981,113.14999999999982,0.54,0.9,1.2,1.6
-7.149999999999981,113.19999999999982,0.53,0.9,1.2,1.6
-7.149999999999981,113.24999999999982,0.53,0.9,1.2,1.6
-7.149999999999981,113.29999999999981,0.52,0.8,1.2,1.6
-7.149999999999981,113.34999999999981,0.52,0.8,1.1,1.6
-7.149999999999981,113.3999999999998,0.51,0.8,1.1,1.6
-7.149999999999981,113.4499999999998,0.51,0.8,1.1,1.5
-7.149999999999981,113.4999999999998,0.51,0.8,1.1,1.5
-7.149999999999981,113.5499999999998,0.51,0.8,1.1,1.5
-7.149999999999981,113.5999999999998,0.51,0.8,1.1,1.5
-7.149999999999981,113.64999999999979,0.5,0.8,1.1,1.5
-7.149999999999981,113.69999999999979,0.5,0.8,1.1,1.5
-7.149999999999981,113.74999999999979,0.5,0.8,1.1,1.5
-7.149999999999981,113.79999999999978,0.5,0.8,1.1,1.5
-7.149999999999981,113.84999999999978,0.5,0.8,1.1,1.5
-7.149999999999981,113.89999999999978,0.5,0.8,1.1,1.5
-7.149999999999981,113.94999999999978,0.5,0.8,1.1,1.5
-7.149999999999981,113.99999999999977,0.5,0.8,1.1,1.5
-7.149999999999981,114.04999999999977,0.5,0.8,1.1,1.5
-7.149999999999981,114.09999999999977,0.5,0.8,1.1,1.5
-7.149999999999981,114.14999999999976,0.5,0.8,1.1,1.5
-7.149999999999981,114.19999999999976,0.5,0.8,1.1,1.5
-7.149999999999981,114.24999999999976,0.5,0.8,1.1,1.5
-7.149999999999981,114.29999999999976,0.5,0.8,1.1,1.5
-7.149999999999981,114.34999999999975,0.5,0.8,1.1,1.5
-7.149999999999981,114.39999999999975,0.5,0.8,1.1,1.5
-7.149999999999981,114.44999999999975,0.5,0.8,1.1,1.5
-7.09999999999998,110.0,1.57,2.6,3.5,4.8
-7.09999999999998,110.05,1.52,2.5,3.4,4.6
-7.09999999999998,110.1,1.41,2.3,3.1,4.3
-7.09999999999998,110.14999999999999,1.28,2.1,2.8,3.9
-7.09999999999998,110.19999999999999,1.15,1.9,2.6,3.5
-7.09999999999998,110.24999999999999,1.04,1.7,2.3,3.2
-7.09999999999998,110.29999999999998,0.96,1.6,2.1,2.9
-7.09999999999998,110.34999999999998,0.9,1.5,2.0,2.7
-7.09999999999998,110.39999999999998,0.85,1.4,1.9,2.6
-7.09999999999998,110.44999999999997,0.81,1.3,1.8,2.4
-7.09999999999998,110.49999999999997,0.77,1.3,1.7,2.3
-7.09999999999998,110.54999999999997,0.73,1.2,1.6,2.2
-7.09999999999998,110.59999999999997,0.7,1.1,1.6,2.1
-7.09999999999998,110.64999999999996,0.67,1.1,1.5,2.0
-7.09999999999998,110.69999999999996,0.65,1.0,1.4,2.0
-7.09999999999998,110.74999999999996,0.62,1.0,1.4,1.9
-7.09999999999998,110.79999999999995,0.6,1.0,1.3,1.8
-7.09999999999998,110.84999999999995,0.59,1.0,1.3,1.8
-7.09999999999998,110.89999999999995,0.58,0.9,1.3,1.7
-7.09999999999998,110.94999999999995,0.57,0.9,1.3,1.7
-7.09999999999998,110.99999999999994,0.57,0.9,1.3,1.7
-7.09999999999998,111.04999999999994,0.56,0.9,1.3,1.7
-7.09999999999998,111.09999999999994,0.56,0.9,1.3,1.7
-7.09999999999998,111.14999999999993,0.56,0.9,1.2,1.7
-7.09999999999998,111.19999999999993,0.56,0.9,1.2,1.7
-7.09999999999998,111.24999999999993,0.55,0.9,1.2,1.7
-7.09999999999998,111.29999999999993,0.55,0.9,1.2,1.7
-7.09999999999998,111.34999999999992,0.55,0.9,1.2,1.6
-7.09999999999998,111.39999999999992,0.54,0.9,1.2,1.6
-7.09999999999998,111.44999999999992,0.53,0.9,1.2,1.6
-7.09999999999998,111.49999999999991,0.53,0.9,1.2,1.6
-7.09999999999998,111.54999999999991,0.52,0.9,1.2,1.6
-7.09999999999998,111.59999999999991,0.52,0.8,1.2,1.6
-7.09999999999998,111.6499999999999,0.52,0.8,1.2,1.6
-7.09999999999998,111.6999999999999,0.52,0.8,1.1,1.6
-7.09999999999998,111.7499999999999,0.51,0.8,1.1,1.6
-7.09999999999998,111.7999999999999,0.51,0.8,1.1,1.6
-7.09999999999998,111.8499999999999,0.51,0.8,1.1,1.6
-7.09999999999998,111.89999999999989,0.52,0.8,1.1,1.6
-7.09999999999998,111.94999999999989,0.52,0.8,1.2,1.6
-7.09999999999998,111.99999999999989,0.52,0.8,1.2,1.6
-7.09999999999998,112.04999999999988,0.53,0.9,1.2,1.6
-7.09999999999998,112.09999999999988,0.53,0.9,1.2,1.6
-7.09999999999998,112.14999999999988,0.54,0.9,1.2,1.6
-7.09999999999998,112.19999999999987,0.55,0.9,1.2,1.7
-7.09999999999998,112.24999999999987,0.56,0.9,1.2,1.7
-7.09999999999998,112.29999999999987,0.57,0.9,1.3,1.7
-7.09999999999998,112.34999999999987,0.58,0.9,1.3,1.8
-7.09999999999998,112.39999999999986,0.59,1.0,1.3,1.8
-7.09999999999998,112.44999999999986,0.6,1.0,1.3,1.8
-7.09999999999998,112.49999999999986,0.61,1.0,1.4,1.9
-7.09999999999998,112.54999999999986,0.62,1.0,1.4,1.9
-7.09999999999998,112.59999999999985,0.62,1.0,1.4,1.9
-7.09999999999998,112.64999999999985,0.62,1.0,1.4,1.9
-7.09999999999998,112.69999999999985,0.62,1.0,1.4,1.9
-7.09999999999998,112.74999999999984,0.61,1.0,1.4,1.8
-7.09999999999998,112.79999999999984,0.6,1.0,1.3,1.8
-7.09999999999998,112.84999999999984,0.59,1.0,1.3,1.8
-7.09999999999998,112.89999999999984,0.58,0.9,1.3,1.7
-7.09999999999998,112.94999999999983,0.57,0.9,1.3,1.7
-7.09999999999998,112.99999999999983,0.56,0.9,1.2,1.7
-7.09999999999998,113.04999999999983,0.55,0.9,1.2,1.7
-7.09999999999998,113.09999999999982,0.54,0.9,1.2,1.6
-7.09999999999998,113.14999999999982,0.53,0.9,1.2,1.6
-7.09999999999998,113.19999999999982,0.52,0.9,1.2,1.6
-7.09999999999998,113.24999999999982,0.52,0.8,1.2,1.6
-7.09999999999998,113.29999999999981,0.52,0.8,1.1,1.6
-7.09999999999998,113.34999999999981,0.51,0.8,1.1,1.5
-7.09999999999998,113.3999999999998,0.51,0.8,1.1,1.5
-7.09999999999998,113.4499999999998,0.51,0.8,1.1,1.5
-7.09999999999998,113.4999999999998,0.51,0.8,1.1,1.5
-7.09999999999998,113.5499999999998,0.51,0.8,1.1,1.5
-7.09999999999998,113.5999999999998,0.5,0.8,1.1,1.5
-7.09999999999998,113.64999999999979,0.5,0.8,1.1,1.5
-7.09999999999998,113.69999999999979,0.5,0.8,1.1,1.5
-7.09999999999998,113.74999999999979,0.5,0.8,1.1,1.5
-7.09999999999998,113.79999999999978,0.5,0.8,1.1,1.5
-7.09999999999998,113.84999999999978,0.5,0.8,1.1,1.5
-7.09999999999998,113.89999999999978,0.5,0.8,1.1,1.5
-7.09999999999998,113.94999999999978,0.5,0.8,1.1,1.5
-7.09999999999998,113.99999999999977,0.5,0.8,1.1,1.5
-7.09999999999998,114.04999999999977,0.5,0.8,1.1,1.5
-7.09999999999998,114.09999999999977,0.5,0.8,1.1,1.5
-7.09999999999998,114.14999999999976,0.5,0.8,1.1,1.5
-7.09999999999998,114.19999999999976,0.5,0.8,1.1,1.5
-7.09999999999998,114.24999999999976,0.5,0.8,1.1,1.5
-7.09999999999998,114.29999999999976,0.5,0.8,1.1,1.5
-7.09999999999998,114.34999999999975,0.5,0.8,1.1,1.5
-7.09999999999998,114.39999999999975,0.5,0.8,1.1,1.5
-7.09999999999998,114.44999999999975,0.5,0.8,1.1,1.5
-7.049999999999979,110.0,1.24,2.0,2.8,3.8
-7.049999999999979,110.05,1.22,2.0,2.7,3.7
-7.049999999999979,110.1,1.16,1.9,2.6,3.5
-7.049999999999979,110.14999999999999,1.07,1.7,2.4,3.3
-7.049999999999979,110.19999999999999,0.99,1.6,2.2,3.0
-7.049999999999979,110.24999999999999,0.91,1.5,2.0,2.8
-7.049999999999979,110.29999999999998,0.85,1.4,1.9,2.6
-7.049999999999979,110.34999999999998,0.8,1.3,1.8,2.4
-7.049999999999979,110.39999999999998,0.76,1.2,1.7,2.3
-7.049999999999979,110.44999999999997,0.73,1.2,1.6,2.2
-7.049999999999979,110.49999999999997,0.7,1.1,1.6,2.1
-7.049999999999979,110.54999999999997,0.67,1.1,1.5,2.0
-7.049999999999979,110.59999999999997,0.65,1.1,1.4,2.0
-7.049999999999979,110.64999999999996,0.63,1.0,1.4,1.9
-7.049999999999979,110.69999999999996,0.61,1.0,1.4,1.8
-7.049999999999979,110.74999999999996,0.59,1.0,1.3,1.8
-7.049999999999979,110.79999999999995,0.58,0.9,1.3,1.7
-7.049999999999979,110.84999999999995,0.57,0.9,1.3,1.7
-7.049999999999979,110.89999999999995,0.56,0.9,1.2,1.7
-7.049999999999979,110.94999999999995,0.55,0.9,1.2,1.7
-7.049999999999979,110.99999999999994,0.55,0.9,1.2,1.7
-7.049999999999979,111.04999999999994,0.55,0.9,1.2,1.7
-7.049999999999979,111.09999999999994,0.54,0.9,1.2,1.6
-7.049999999999979,111.14999999999993,0.54,0.9,1.2,1.6
-7.049999999999979,111.19999999999993,0.54,0.9,1.2,1.6
-7.049999999999979,111.24999999999993,0.54,0.9,1.2,1.6
-7.049999999999979,111.29999999999993,0.54,0.9,1.2,1.6
-7.049999999999979,111.34999999999992,0.53,0.9,1.2,1.6
-7.049999999999979,111.39999999999992,0.53,0.9,1.2,1.6
-7.049999999999979,111.44999999999992,0.52,0.9,1.2,1.6
-7.049999999999979,111.49999999999991,0.52,0.8,1.2,1.6
-7.049999999999979,111.54999999999991,0.52,0.8,1.2,1.6
-7.049999999999979,111.59999999999991,0.52,0.8,1.1,1.6
-7.049999999999979,111.6499999999999,0.51,0.8,1.1,1.6
-7.049999999999979,111.6999999999999,0.51,0.8,1.1,1.5
-7.049999999999979,111.7499999999999,0.51,0.8,1.1,1.5
-7.049999999999979,111.7999999999999,0.51,0.8,1.1,1.5
-7.049999999999979,111.8499999999999,0.51,0.8,1.1,1.5
-7.049999999999979,111.89999999999989,0.51,0.8,1.1,1.6
-7.049999999999979,111.94999999999989,0.51,0.8,1.1,1.6
-7.049999999999979,111.99999999999989,0.52,0.8,1.2,1.6
-7.049999999999979,112.04999999999988,0.52,0.8,1.2,1.6
-7.049999999999979,112.09999999999988,0.53,0.9,1.2,1.6
-7.049999999999979,112.14999999999988,0.53,0.9,1.2,1.6
-7.049999999999979,112.19999999999987,0.54,0.9,1.2,1.6
-7.049999999999979,112.24999999999987,0.54,0.9,1.2,1.6
-7.049999999999979,112.29999999999987,0.55,0.9,1.2,1.7
-7.049999999999979,112.34999999999987,0.56,0.9,1.2,1.7
-7.049999999999979,112.39999999999986,0.57,0.9,1.3,1.7
-7.049999999999979,112.44999999999986,0.57,0.9,1.3,1.7
-7.049999999999979,112.49999999999986,0.58,0.9,1.3,1.8
-7.049999999999979,112.54999999999986,0.58,0.9,1.3,1.8
-7.049999999999979,112.59999999999985,0.58,1.0,1.3,1.8
-7.049999999999979,112.64999999999985,0.58,0.9,1.3,1.8
-7.049999999999979,112.69999999999985,0.58,0.9,1.3,1.8
-7.049999999999979,112.74999999999984,0.58,0.9,1.3,1.7
-7.049999999999979,112.79999999999984,0.57,0.9,1.3,1.7
-7.049999999999979,112.84999999999984,0.56,0.9,1.3,1.7
-7.049999999999979,112.89999999999984,0.56,0.9,1.2,1.7
-7.049999999999979,112.94999999999983,0.55,0.9,1.2,1.7
-7.049999999999979,112.99999999999983,0.54,0.9,1.2,1.6
-7.049999999999979,113.04999999999983,0.53,0.9,1.2,1.6
-7.049999999999979,113.09999999999982,0.53,0.9,1.2,1.6
-7.049999999999979,113.14999999999982,0.52,0.8,1.2,1.6
-7.049999999999979,113.19999999999982,0.52,0.8,1.2,1.6
-7.049999999999979,113.24999999999982,0.51,0.8,1.1,1.6
-7.049999999999979,113.29999999999981,0.51,0.8,1.1,1.5
-7.049999999999979,113.34999999999981,0.51,0.8,1.1,1.5
-7.049999999999979,113.3999999999998,0.51,0.8,1.1,1.5
-7.049999999999979,113.4499999999998,0.51,0.8,1.1,1.5
-7.049999999999979,113.4999999999998,0.5,0.8,1.1,1.5
-7.049999999999979,113.5499999999998,0.5,0.8,1.1,1.5
-7.049999999999979,113.5999999999998,0.5,0.8,1.1,1.5
-7.049999999999979,113.64999999999979,0.5,0.8,1.1,1.5
-7.049999999999979,113.69999999999979,0.5,0.8,1.1,1.5
-7.049999999999979,113.74999999999979,0.5,0.8,1.1,1.5
-7.049999999999979,113.79999999999978,0.5,0.8,1.1,1.5
-7.049999999999979,113.84999999999978,0.5,0.8,1.1,1.5
-7.049999999999979,113.89999999999978,0.5,0.8,1.1,1.5
-7.049999999999979,113.94999999999978,0.5,0.8,1.1,1.5
-7.049999999999979,113.99999999999977,0.5,0.8,1.1,1.5
-7.049999999999979,114.04999999999977,0.5,0.8,1.1,1.5
-7.049999999999979,114.09999999999977,0.5,0.8,1.1,1.5
-7.049999999999979,114.14999999999976,0.5,0.8,1.1,1.5
-7.049999999999979,114.19999999999976,0.5,0.8,1.1,1.5
-7.049999999999979,114.24999999999976,0.5,0.8,1.1,1.5
-7.049999999999979,114.29999999999976,0.5,0.8,1.1,1.5
-7.049999999999979,114.34999999999975,0.5,0.8,1.1,1.5
-7.049999999999979,114.39999999999975,0.5,0.8,1.1,1.5
-7.049999999999979,114.44999999999975,0.5,0.8,1.1,1.5
