lat,lon,composite_score,nearest_volcano,dist_volcano_km,estimated_burial_m
-7.98,112.36,0.855,Kelud,8.0,5.0
-7.96,112.36,0.855,Kelud,6.6,6.6
-7.94,112.36,0.855,Kelud,5.8,7.7
-7.94,112.38,0.855,Kelud,8.0,5.0
-7.92,112.36,0.855,Kelud,5.8,7.7
-7.92,112.38,0.855,Kelud,8.0,5.0
-7.9,112.36,0.855,Kelud,6.6,6.6
-7.88,112.3,0.855,Kelud,5.6,8.0
-7.88,112.32,0.855,Kelud,5.7,7.9
-7.88,112.34,0.855,Kelud,6.6,6.6
-7.88,112.36,0.855,Kelud,8.0,5.0
-7.86,112.3,0.855,Kelud,7.8,5.2
-7.86,112.32,0.855,Kelud,7.9,5.1
-7.78,112.62,0.855,Arjuno-Welirang,7.5,5.5
-7.76,112.62,0.855,Arjuno-Welirang,6.0,7.4
-7.74,112.52,0.855,Arjuno-Welirang,6.2,7.2
-7.74,112.62,0.855,Arjuno-Welirang,5.1,8.9
-7.72,112.52,0.855,Arjuno-Welirang,6.1,7.2
-7.72,112.62,0.855,Arjuno-Welirang,5.1,9.0
-7.72,112.64,0.855,Arjuno-Welirang,7.2,5.8
-7.7,112.62,0.855,Arjuno-Welirang,5.9,7.6
-7.7,112.64,0.855,Arjuno-Welirang,7.9,5.1
-7.68,112.62,0.855,Penanggungan,7.3,5.8
-7.68,112.64,0.855,Penanggungan,7.3,5.7
-7.68,112.66,0.855,Penanggungan,8.0,5.0
-7.66,112.64,0.855,Penanggungan,5.1,8.8
-7.66,112.66,0.855,Penanggungan,6.1,7.4
-7.66,112.68,0.855,Penanggungan,7.5,5.5
-7.64,112.68,0.855,Penanggungan,6.3,7.1
-7.72,112.5,0.849,Arjuno-Welirang,8.3,4.7
-7.64,112.7,0.849,Penanggungan,8.3,4.7
-7.86,112.28,0.848,Kelud,8.4,4.6
-7.74,112.5,0.848,Arjuno-Welirang,8.4,4.7
-7.96,112.38,0.844,Kelud,8.6,4.4
-7.9,112.38,0.844,Kelud,8.6,4.4
-7.76,112.5,0.838,Arjuno-Welirang,9.0,4.1
-7.68,112.68,0.834,Penanggungan,9.2,4.0
-7.66,112.7,0.832,Penanggungan,9.3,3.9
-7.86,112.36,0.827,Kelud,9.7,3.6
-7.98,112.38,0.826,Kelud,9.7,3.6
-7.88,112.38,0.826,Kelud,9.7,3.6
-7.7,112.66,0.823,Arjuno-Welirang,9.9,3.4
-7.84,112.3,0.821,Kelud,10.0,3.3
-7.94,112.4,0.819,Kelud,10.2,3.2
-7.92,112.4,0.819,Kelud,10.2,3.2
-7.64,112.72,0.817,Penanggungan,10.4,3.1
-7.84,112.28,0.816,Kelud,10.5,3.0
-7.74,112.48,0.815,Arjuno-Welirang,10.5,3.0
-7.96,112.4,0.814,Kelud,10.7,2.9
-7.9,112.4,0.814,Kelud,10.7,2.9
-7.8,112.64,0.814,Arjuno-Welirang,10.7,2.9
-7.98,112.28,0.81,Kelud,6.4,6.9
-7.98,112.3,0.81,Kelud,5.6,8.0
-7.94,112.24,0.81,Kelud,7.6,5.4
-7.94,112.26,0.81,Kelud,5.4,8.4
-7.92,112.24,0.81,Kelud,7.6,5.4
-7.76,112.48,0.81,Arjuno-Welirang,11.0,2.7
-7.86,112.38,0.809,Kelud,11.1,2.7
-7.8,112.56,0.809,Arjuno-Welirang,8.1,4.9
-7.66,112.72,0.808,Penanggungan,11.2,2.6
-7.96,112.24,0.806,Kelud,8.2,4.8
-7.9,112.24,0.806,Kelud,8.2,4.8
-7.84,112.26,0.806,Kelud,11.3,2.6
-7.84,112.36,0.804,Kelud,11.5,2.5
-7.6,112.52,0.799,Penanggungan,12.1,2.2
-8.0,112.36,0.797,Kelud,9.7,3.6
-7.94,112.42,0.797,Kelud,12.4,2.1
-7.84,112.24,0.796,Kelud,12.5,2.0
-7.98,112.32,0.795,Kelud,5.7,7.9
-7.98,112.34,0.795,Kelud,6.6,6.6
-7.92,112.26,0.795,Kelud,5.4,8.4
-7.9,112.26,0.795,Kelud,6.3,7.1
-7.88,112.26,0.795,Kelud,7.7,5.3
-7.88,112.28,0.795,Kelud,6.4,6.9
-7.82,112.28,0.795,Kelud,12.6,2.0
-7.8,112.54,0.795,Arjuno-Welirang,8.8,4.3
-7.8,112.58,0.795,Arjuno-Welirang,7.9,5.1
-7.78,112.54,0.795,Arjuno-Welirang,6.9,6.3
-7.78,112.56,0.795,Arjuno-Welirang,5.9,7.6
-7.78,112.58,0.795,Arjuno-Welirang,5.7,7.9
-7.78,112.6,0.795,Arjuno-Welirang,6.3,7.0
-7.76,112.52,0.795,Arjuno-Welirang,7.0,6.1
-7.76,112.54,0.795,Arjuno-Welirang,5.2,8.8
-7.76,112.64,0.795,Arjuno-Welirang,7.9,5.0
-7.74,112.64,0.795,Arjuno-Welirang,7.3,5.8
-7.64,112.74,0.795,Penanggungan,12.5,2.0
-7.84,112.38,0.794,Kelud,12.8,1.9
-7.74,112.46,0.794,Arjuno-Welirang,12.7,1.9
-7.96,112.42,0.793,Kelud,12.8,1.9
-7.64,112.5,0.793,Arjuno-Welirang,12.9,1.9
-7.66,112.48,0.792,Arjuno-Welirang,13.0,1.8
-7.76,112.46,0.791,Arjuno-Welirang,13.1,1.8
-7.66,112.74,0.79,Penanggungan,13.2,1.8
-7.82,112.26,0.789,Kelud,13.3,1.7
-7.78,112.52,0.789,Arjuno-Welirang,8.3,4.7
-7.98,112.42,0.788,Kelud,13.5,1.7
-7.8,112.6,0.788,Arjuno-Welirang,8.4,4.6
-7.98,112.24,0.787,Kelud,9.3,3.8
-7.78,112.46,0.786,Arjuno-Welirang,13.9,1.5
-8.02,112.34,0.784,Kelud,10.6,3.0
-7.84,112.4,0.784,Kelud,14.2,1.4
-7.62,112.5,0.784,Penanggungan,14.2,1.4
-7.82,112.24,0.783,Kelud,14.3,1.4
-7.64,112.48,0.783,Arjuno-Welirang,14.4,1.4
-7.6,112.5,0.783,Penanggungan,14.3,1.4
-7.82,112.38,0.782,Kelud,14.6,1.3
-7.8,112.28,0.781,Kelud,14.8,1.3
-7.66,112.46,0.781,Arjuno-Welirang,14.8,1.3
-7.64,112.76,0.781,Penanggungan,14.7,1.3
-7.98,112.9,0.78,Bromo,6.9,6.2
-7.96,112.44,0.78,Kelud,14.9,1.3
-7.96,112.88,0.78,Bromo,8.0,5.0
-7.96,112.9,0.78,Bromo,5.9,7.7
-7.94,112.22,0.78,Kelud,9.8,3.5
-7.94,112.88,0.78,Bromo,7.7,5.3
-7.94,112.9,0.78,Bromo,5.5,8.2
-7.92,112.9,0.78,Bromo,6.0,7.4
-7.9,112.9,0.78,Bromo,7.2,5.8
-7.9,112.92,0.78,Bromo,5.7,7.9
-7.88,112.92,0.78,Bromo,7.6,5.4
-7.88,112.94,0.78,Bromo,7.0,6.1
-7.88,112.96,0.78,Bromo,7.0,6.1
-7.7,112.52,0.78,Arjuno-Welirang,6.9,6.3
-7.7,112.54,0.78,Arjuno-Welirang,5.0,9.1
-7.68,112.54,0.78,Arjuno-Welirang,6.7,6.5
-7.68,112.56,0.78,Arjuno-Welirang,5.7,7.9
-7.68,112.58,0.78,Arjuno-Welirang,5.5,8.3
-7.68,112.6,0.78,Arjuno-Welirang,6.1,7.3
-7.66,112.56,0.78,Arjuno-Welirang,7.8,5.2
-7.66,112.58,0.78,Penanggungan,7.4,5.7
-7.66,112.6,0.78,Penanggungan,5.9,7.5
-7.66,112.62,0.78,Penanggungan,5.1,8.9
-7.64,112.58,0.78,Penanggungan,6.1,7.3
-7.62,112.56,0.78,Penanggungan,7.6,5.4
-7.62,112.58,0.78,Penanggungan,5.4,8.4
-7.62,112.68,0.78,Penanggungan,5.6,8.0
-7.62,112.7,0.78,Penanggungan,7.8,5.2
-7.6,112.56,0.78,Penanggungan,7.8,5.2
-7.6,112.58,0.78,Penanggungan,5.7,8.0
-7.6,112.68,0.78,Penanggungan,5.9,7.7
-7.6,112.7,0.78,Penanggungan,8.0,5.0
-8.0,112.38,0.779,Kelud,11.1,2.7
-7.92,112.88,0.778,Bromo,8.1,4.9
-7.64,112.56,0.778,Penanggungan,8.1,4.9
-7.68,112.52,0.777,Arjuno-Welirang,8.1,4.8
-7.82,112.58,0.775,Arjuno-Welirang,10.1,3.3
-7.78,112.64,0.775,Arjuno-Welirang,9.1,4.0
-8.02,112.36,0.774,Kelud,11.5,2.5
-7.96,112.22,0.774,Kelud,10.2,3.2
-7.9,112.22,0.774,Kelud,10.2,3.2
-7.82,112.56,0.774,Arjuno-Welirang,10.3,3.2
-8.0,112.28,0.773,Kelud,8.4,4.6
-7.88,112.24,0.772,Kelud,9.3,3.8
-7.8,112.62,0.772,Arjuno-Welirang,9.3,3.8
-7.86,112.26,0.77,Kelud,9.4,3.8
-7.86,112.34,0.77,Kelud,8.5,4.5
-7.74,112.66,0.77,Arjuno-Welirang,9.4,3.7
-7.72,112.66,0.77,Arjuno-Welirang,9.4,3.8
-7.66,112.54,0.769,Arjuno-Welirang,8.6,4.4
-7.82,112.54,0.767,Arjuno-Welirang,10.8,2.8
-8.0,112.3,0.765,Kelud,7.8,5.2
-8.0,112.32,0.765,Kelud,7.9,5.1
-7.98,112.88,0.765,Bromo,8.8,4.3
-7.88,112.9,0.765,Bromo,8.8,4.2
-7.58,112.52,0.765,Penanggungan,12.6,2.0
-8.04,112.34,0.764,Kelud,12.7,1.9
-8.02,112.38,0.764,Kelud,12.8,1.9
-7.7,112.5,0.764,Arjuno-Welirang,8.9,4.2
-7.98,112.22,0.763,Kelud,11.2,2.6
-7.8,112.52,0.763,Arjuno-Welirang,10.0,3.4
-7.9,112.88,0.762,Bromo,9.0,4.1
-7.78,112.5,0.762,Arjuno-Welirang,10.0,3.3
-7.76,112.66,0.762,Arjuno-Welirang,10.0,3.4
-7.86,112.94,0.759,Bromo,9.2,3.9
-7.86,112.96,0.759,Bromo,9.2,3.9
-8.04,112.36,0.758,Kelud,13.5,1.7
-7.56,112.52,0.758,Penanggungan,13.5,1.7
-7.82,112.52,0.757,Arjuno-Welirang,11.8,2.3
-7.82,112.6,0.756,Arjuno-Welirang,10.5,3.0
-8.0,112.26,0.755,Kelud,9.4,3.8
-8.0,112.34,0.755,Kelud,8.5,4.5
-7.68,112.7,0.754,Penanggungan,10.7,2.9
-8.06,112.3,0.752,Kelud,14.5,1.4
-8.06,112.32,0.752,Kelud,14.5,1.4
-8.04,112.38,0.752,Kelud,14.6,1.3
-7.96,112.2,0.752,Kelud,12.4,2.1
-7.9,112.2,0.752,Kelud,12.4,2.1
-7.86,112.24,0.752,Kelud,10.8,2.9
-7.84,112.58,0.752,Arjuno-Welirang,12.4,2.1
-7.54,112.52,0.752,Penanggungan,14.6,1.3
-7.86,112.92,0.751,Bromo,9.7,3.6
-7.86,112.98,0.751,Bromo,9.7,3.6
-7.58,112.5,0.751,Penanggungan,14.7,1.3
-8.06,112.34,0.75,Kelud,14.9,1.3
-7.78,112.66,0.75,Arjuno-Welirang,10.9,2.8
-7.7,112.68,0.75,Penanggungan,11.0,2.7
-7.66,112.52,0.75,Arjuno-Welirang,9.8,3.5
-7.58,112.58,0.75,Penanggungan,6.7,6.5
-7.58,112.6,0.75,Penanggungan,5.0,9.0
-7.58,112.66,0.75,Penanggungan,5.2,8.8
-7.58,112.68,0.75,Penanggungan,6.8,6.3
-7.56,112.6,0.75,Penanggungan,6.9,6.2
-7.56,112.62,0.75,Penanggungan,6.2,7.2
-7.56,112.64,0.75,Penanggungan,6.2,7.1
-7.56,112.66,0.75,Penanggungan,7.0,6.1
-7.62,112.54,0.749,Penanggungan,9.8,3.5
-7.94,112.86,0.748,Bromo,9.9,3.4
-7.88,112.22,0.748,Kelud,11.2,2.6
-7.68,112.5,0.748,Arjuno-Welirang,9.9,3.4
-7.6,112.54,0.748,Penanggungan,10.0,3.4
-7.82,112.62,0.747,Arjuno-Welirang,11.3,2.6
-7.56,112.58,0.747,Penanggungan,8.2,4.8
-7.98,112.2,0.746,Kelud,13.1,1.8
-7.96,112.86,0.746,Bromo,10.1,3.3
-7.84,112.32,0.746,Kelud,10.1,3.3
-7.62,112.72,0.746,Penanggungan,10.0,3.3
-7.8,112.5,0.745,Arjuno-Welirang,11.4,2.5
-7.6,112.72,0.745,Penanggungan,10.2,3.2
-7.92,112.86,0.744,Bromo,10.2,3.2
-7.88,112.4,0.744,Kelud,11.6,2.5
-7.72,112.68,0.744,Arjuno-Welirang,11.6,2.4
-7.64,112.54,0.744,Penanggungan,10.2,3.2
-7.56,112.68,0.744,Penanggungan,8.3,4.7
-7.88,112.88,0.743,Bromo,10.3,3.1
-7.74,112.68,0.743,Arjuno-Welirang,11.6,2.4
-7.84,112.52,0.742,Arjuno-Welirang,13.7,1.6
-7.54,112.62,0.742,Penanggungan,8.4,4.6
-7.54,112.64,0.742,Penanggungan,8.4,4.6
-8.0,112.9,0.741,Bromo,8.5,4.5
-7.78,112.48,0.741,Arjuno-Welirang,11.9,2.3
-7.74,112.7,0.741,Arjuno-Welirang,13.8,1.6
-7.72,112.48,0.74,Arjuno-Welirang,10.5,3.0
-7.58,112.56,0.74,Penanggungan,8.5,4.5
-7.92,112.18,0.739,Kelud,14.1,1.5
-7.86,112.9,0.739,Bromo,10.7,2.9
-7.84,112.34,0.739,Kelud,10.6,3.0
-7.76,112.68,0.739,Arjuno-Welirang,12.1,2.2
-7.76,112.7,0.739,Arjuno-Welirang,14.2,1.4
-7.8,112.66,0.738,Arjuno-Welirang,12.2,2.1
-7.7,112.7,0.738,Penanggungan,12.3,2.1
-8.06,112.86,0.737,Semeru,8.7,4.4
-8.0,112.24,0.737,Kelud,10.8,2.9
-7.98,112.86,0.737,Bromo,10.8,2.9
-7.92,112.42,0.737,Kelud,12.4,2.1
-7.9,112.18,0.737,Kelud,14.5,1.4
-7.86,112.58,0.737,Arjuno-Welirang,14.6,1.3
-7.68,112.72,0.737,Penanggungan,12.4,2.1
-7.86,112.22,0.736,Kelud,12.4,2.1
-7.86,112.56,0.736,Arjuno-Welirang,14.7,1.3
-7.82,112.64,0.736,Arjuno-Welirang,12.4,2.1
-7.58,112.7,0.736,Penanggungan,8.7,4.3
-7.9,112.86,0.735,Bromo,11.0,2.8
-7.84,112.5,0.735,Arjuno-Welirang,14.9,1.3
-7.78,112.7,0.735,Arjuno-Welirang,14.9,1.3
-7.7,112.48,0.735,Arjuno-Welirang,11.0,2.8
-8.04,112.88,0.734,Semeru,8.9,4.2
-7.84,112.6,0.734,Arjuno-Welirang,12.6,2.0
-7.9,112.42,0.733,Kelud,12.8,1.9
-7.86,112.4,0.733,Kelud,12.8,1.9
-7.78,112.68,0.733,Arjuno-Welirang,12.9,1.9
-7.54,112.6,0.733,Penanggungan,8.9,4.1
-7.66,112.5,0.732,Arjuno-Welirang,11.3,2.6
-7.54,112.66,0.732,Penanggungan,9.0,4.1
-8.1,112.84,0.731,Semeru,9.1,4.0
-8.02,112.26,0.731,Kelud,11.3,2.6
-8.02,112.3,0.731,Kelud,10.0,3.3
-8.02,112.32,0.731,Kelud,10.1,3.3
-7.88,112.2,0.731,Kelud,13.1,1.8
-7.84,112.94,0.731,Bromo,11.4,2.5
-7.84,112.96,0.731,Bromo,11.4,2.5
-7.82,112.5,0.731,Arjuno-Welirang,13.1,1.8
-7.8,112.48,0.731,Arjuno-Welirang,13.1,1.8
-8.12,112.84,0.73,Semeru,9.1,4.0
-7.84,112.62,0.73,Arjuno-Welirang,13.3,1.7
-7.98,112.4,0.729,Kelud,11.6,2.5
-7.64,112.52,0.729,Arjuno-Welirang,11.6,2.4
-7.88,112.42,0.728,Kelud,13.5,1.7
-7.84,112.92,0.727,Bromo,11.8,2.3
-7.84,112.98,0.727,Bromo,11.8,2.3
-7.68,112.48,0.727,Arjuno-Welirang,11.8,2.3
-8.02,112.28,0.726,Kelud,10.5,3.0
-7.84,112.22,0.726,Kelud,13.9,1.5
-7.82,112.66,0.726,Arjuno-Welirang,13.8,1.6
-7.72,112.7,0.726,Arjuno-Welirang,13.8,1.6
-7.7,112.72,0.726,Penanggungan,13.8,1.6
-7.86,112.88,0.725,Bromo,11.9,2.3
-7.8,112.68,0.725,Arjuno-Welirang,14.0,1.5
-7.62,112.52,0.725,Penanggungan,12.0,2.2
-7.94,112.84,0.724,Bromo,12.1,2.2
-7.88,112.86,0.724,Bromo,12.1,2.2
-7.86,112.2,0.724,Kelud,14.2,1.4
-7.84,112.64,0.724,Arjuno-Welirang,14.3,1.4
-7.68,112.74,0.724,Penanggungan,14.2,1.4
-8.08,112.84,0.723,Semeru,9.5,3.7
-7.82,112.3,0.723,Kelud,12.3,2.1
-7.62,112.74,0.723,Penanggungan,12.2,2.1
-7.96,112.84,0.722,Bromo,12.3,2.1
-7.94,112.44,0.722,Kelud,14.6,1.3
-7.92,112.44,0.722,Kelud,14.6,1.3
-7.92,112.84,0.722,Bromo,12.4,2.1
-7.86,112.42,0.722,Kelud,14.6,1.3
-7.82,112.32,0.722,Kelud,12.3,2.1
-7.82,112.48,0.722,Arjuno-Welirang,14.6,1.3
-7.6,112.74,0.722,Penanggungan,12.3,2.1
-7.86,112.6,0.721,Arjuno-Welirang,14.8,1.3
-7.9,112.44,0.72,Kelud,14.9,1.3
-7.84,112.9,0.72,Bromo,12.6,2.0
-7.8,112.46,0.72,Arjuno-Welirang,14.9,1.2
-7.56,112.56,0.72,Penanggungan,9.8,3.5
-7.82,112.34,0.719,Kelud,12.7,1.9
-7.72,112.46,0.719,Arjuno-Welirang,12.7,1.9
-7.98,112.84,0.718,Bromo,12.8,1.9
-7.56,112.7,0.718,Penanggungan,9.9,3.4
-7.54,112.58,0.718,Penanggungan,9.9,3.4
-7.9,112.84,0.717,Bromo,13.0,1.8
-8.0,112.88,0.716,Bromo,10.1,3.3
-7.7,112.46,0.716,Arjuno-Welirang,13.1,1.8
-7.54,112.68,0.716,Penanggungan,10.1,3.3
-8.04,112.86,0.715,Semeru,10.2,3.2
-7.86,112.86,0.713,Bromo,13.5,1.7
-7.82,112.36,0.713,Kelud,13.5,1.7
-7.82,112.94,0.713,Bromo,13.6,1.6
-7.82,112.96,0.713,Bromo,13.6,1.6
-7.84,112.88,0.712,Bromo,13.7,1.6
-8.06,112.84,0.711,Semeru,10.5,3.0
-7.68,112.46,0.711,Arjuno-Welirang,13.8,1.6
-7.88,112.84,0.71,Bromo,13.9,1.5
-7.82,112.92,0.71,Bromo,14.0,1.5
-7.82,112.98,0.71,Bromo,14.0,1.5
-7.58,112.54,0.71,Penanggungan,10.6,3.0
-7.52,112.62,0.709,Penanggungan,10.6,3.0
-7.52,112.64,0.709,Penanggungan,10.6,3.0
-8.04,112.3,0.708,Kelud,12.3,2.1
-7.94,112.82,0.708,Bromo,14.3,1.4
-7.62,112.76,0.708,Penanggungan,14.4,1.4
-7.58,112.72,0.708,Penanggungan,10.8,2.9
-8.04,112.32,0.707,Kelud,12.3,2.1
-8.02,112.88,0.707,Semeru,10.8,2.8
-7.96,112.82,0.707,Bromo,14.5,1.4
-7.92,112.82,0.707,Bromo,14.5,1.4
-7.8,112.3,0.707,Kelud,14.5,1.4
-7.8,112.32,0.707,Kelud,14.5,1.4
-7.6,112.76,0.707,Penanggungan,14.5,1.4
-8.02,112.24,0.706,Kelud,12.5,2.0
-8.0,112.22,0.706,Kelud,12.4,2.1
-7.82,112.9,0.706,Bromo,14.6,1.3
-8.04,112.28,0.705,Kelud,12.6,2.0
-7.98,112.82,0.705,Bromo,14.9,1.3
-7.98,112.92,0.705,Bromo,5.4,8.5
-7.98,112.98,0.705,Bromo,5.4,8.5
-7.98,113.0,0.705,Bromo,6.9,6.2
-7.98,113.28,0.705,Lamongan,6.9,6.2
-7.98,113.4,0.705,Lamongan,6.3,7.0
-7.96,113.0,0.705,Bromo,5.9,7.7
-7.96,113.02,0.705,Bromo,8.0,5.0
-7.96,113.28,0.705,Lamongan,7.2,5.9
-7.96,113.3,0.705,Lamongan,5.1,8.9
-7.96,113.4,0.705,Lamongan,6.6,6.7
-7.94,113.0,0.705,Bromo,5.5,8.2
-7.94,113.02,0.705,Bromo,7.7,5.3
-7.94,113.3,0.705,Lamongan,6.3,7.1
-7.94,113.38,0.705,Lamongan,5.8,7.8
-7.94,113.4,0.705,Lamongan,7.5,5.5
-7.92,113.0,0.705,Bromo,6.0,7.4
-7.92,113.3,0.705,Lamongan,7.9,5.1
-7.92,113.32,0.705,Lamongan,6.8,6.3
-7.92,113.34,0.705,Lamongan,6.3,7.0
-7.92,113.36,0.705,Lamongan,6.6,6.6
-7.92,113.38,0.705,Lamongan,7.5,5.5
-7.9,112.98,0.705,Bromo,5.7,7.9
-7.9,113.0,0.705,Bromo,7.2,5.8
-7.88,112.98,0.705,Bromo,7.6,5.4
-7.8,112.34,0.705,Kelud,14.9,1.3
-7.74,112.44,0.705,Arjuno-Welirang,14.9,1.3
-7.72,112.44,0.705,Arjuno-Welirang,14.9,1.3
-7.94,113.28,0.704,Lamongan,8.1,4.9
-7.52,112.6,0.704,Penanggungan,11.0,2.7
-7.52,112.66,0.704,Penanggungan,11.1,2.7
-7.92,113.02,0.703,Bromo,8.1,4.9
-8.12,112.82,0.702,Semeru,11.3,2.6
-8.1,112.82,0.702,Semeru,11.3,2.6
-7.54,112.56,0.702,Penanggungan,11.3,2.6
-7.54,112.7,0.7,Penanggungan,11.4,2.5
-8.04,112.26,0.699,Kelud,13.3,1.7
-7.56,112.54,0.699,Penanggungan,11.6,2.5
-8.08,112.82,0.698,Semeru,11.7,2.4
-8.14,112.82,0.697,Semeru,11.8,2.3
-8.04,112.84,0.697,Semeru,11.8,2.3
-8.0,112.86,0.697,Bromo,11.8,2.3
-7.56,112.72,0.697,Penanggungan,11.7,2.4
-8.02,112.22,0.696,Kelud,13.9,1.5
-8.02,112.86,0.696,Semeru,11.9,2.3
-7.98,113.42,0.696,Lamongan,8.5,4.5
-7.52,112.58,0.696,Penanggungan,11.9,2.3
-7.52,112.68,0.695,Penanggungan,12.0,2.3
-8.0,112.2,0.694,Kelud,14.2,1.4
-7.9,113.34,0.694,Lamongan,8.6,4.5
-8.04,112.24,0.693,Kelud,14.3,1.4
-7.96,113.42,0.692,Lamongan,8.7,4.4
-8.06,112.28,0.691,Kelud,14.8,1.3
-8.06,112.82,0.691,Semeru,12.4,2.1
-7.9,113.36,0.691,Lamongan,8.8,4.3
-8.16,112.82,0.69,Semeru,12.6,2.0
-7.98,113.02,0.69,Bromo,8.8,4.3
-7.88,113.0,0.69,Bromo,8.8,4.2
-8.0,112.4,0.688,Kelud,12.8,1.9
-7.92,113.4,0.688,Lamongan,8.9,4.2
-7.9,113.32,0.688,Lamongan,8.9,4.1
-7.8,112.26,0.688,Kelud,15.4,1.1
-7.76,112.44,0.688,Arjuno-Welirang,15.3,1.2
-7.66,112.76,0.688,Penanggungan,15.3,1.2
-7.58,112.74,0.688,Penanggungan,12.8,1.9
-7.54,112.54,0.688,Penanggungan,12.9,1.9
-7.5,112.62,0.688,Penanggungan,12.8,1.9
-7.5,112.64,0.688,Penanggungan,12.8,1.9
-7.98,112.44,0.687,Kelud,15.6,1.1
-7.9,113.02,0.687,Bromo,9.0,4.1
-7.52,112.56,0.687,Penanggungan,13.0,1.8
-7.82,112.4,0.686,Kelud,15.9,1.0
-7.78,112.44,0.686,Arjuno-Welirang,15.9,1.0
-7.68,112.44,0.686,Arjuno-Welirang,15.8,1.0
-7.54,112.72,0.686,Penanggungan,13.0,1.8
-7.52,112.7,0.686,Penanggungan,13.1,1.8
-8.02,112.84,0.685,Semeru,13.3,1.7
-7.64,112.46,0.685,Arjuno-Welirang,16.1,1.0
-7.62,112.48,0.685,Arjuno-Welirang,16.0,1.0
-7.5,112.6,0.685,Penanggungan,13.2,1.8
-7.5,112.66,0.685,Penanggungan,13.2,1.8
-8.1,112.8,0.684,Semeru,13.5,1.7
-7.98,113.26,0.684,Lamongan,9.1,4.0
-7.8,112.24,0.684,Kelud,16.3,1.0
-8.12,112.8,0.683,Semeru,13.5,1.7
-8.04,112.82,0.683,Semeru,13.5,1.7
-7.8,112.38,0.683,Kelud,16.5,0.9
-7.6,112.48,0.683,Penanggungan,16.5,0.9
-8.0,112.84,0.682,Bromo,13.7,1.6
-7.96,113.26,0.682,Lamongan,9.3,3.8
-7.86,112.82,0.682,Bromo,17.0,0.8
-7.78,112.28,0.682,Kelud,17.0,0.8
-7.66,112.44,0.682,Arjuno-Welirang,16.7,0.9
-7.64,112.78,0.682,Penanggungan,16.9,0.8
-7.56,112.74,0.682,Penanggungan,13.7,1.6
-8.14,112.8,0.681,Semeru,13.9,1.5
-8.08,112.8,0.681,Semeru,13.8,1.6
-7.96,112.46,0.681,Kelud,17.1,0.8
-7.92,113.28,0.681,Lamongan,9.4,3.8
-7.5,112.58,0.681,Penanggungan,13.9,1.5
-7.98,112.46,0.68,Kelud,17.6,0.7
-7.94,113.42,0.68,Lamongan,9.4,3.8
-7.78,112.26,0.68,Kelud,17.5,0.7
-7.76,112.42,0.68,Arjuno-Welirang,17.4,0.8
-7.66,112.78,0.68,Penanggungan,17.4,0.8
-7.5,112.68,0.68,Penanggungan,14.0,1.5
-8.02,112.4,0.679,Kelud,14.2,1.4
-7.9,113.38,0.679,Lamongan,9.5,3.7
-7.8,112.4,0.679,Kelud,17.7,0.7
-7.78,112.42,0.679,Arjuno-Welirang,18.0,0.7
-7.68,112.42,0.679,Arjuno-Welirang,17.9,0.7
-7.64,112.44,0.679,Arjuno-Welirang,17.9,0.7
-7.84,112.82,0.678,Bromo,18.3,0.6
-7.82,112.84,0.678,Bromo,18.2,0.7
-7.78,112.24,0.678,Kelud,18.3,0.6
-7.68,112.78,0.678,Penanggungan,18.1,0.7
-7.52,112.54,0.678,Penanggungan,14.4,1.4
-8.16,112.8,0.677,Semeru,14.6,1.3
-8.06,112.8,0.677,Semeru,14.5,1.4
-8.0,112.42,0.677,Kelud,14.6,1.3
-7.94,112.78,0.677,Bromo,18.7,0.6
-7.66,112.42,0.677,Arjuno-Welirang,18.7,0.6
-7.52,112.72,0.677,Penanggungan,14.6,1.3
-7.92,112.78,0.676,Bromo,18.9,0.6
-7.86,112.8,0.676,Bromo,18.9,0.6
-7.8,112.42,0.676,Arjuno-Welirang,18.8,0.6
-7.76,112.28,0.676,Kelud,19.2,0.5
-7.54,112.74,0.676,Penanggungan,14.8,1.3
-8.18,112.92,0.675,Semeru,8.0,5.0
-8.16,112.88,0.675,Semeru,7.4,5.6
-8.16,112.9,0.675,Semeru,6.3,7.1
-8.16,112.92,0.675,Semeru,5.8,7.8
-8.16,112.94,0.675,Semeru,6.1,7.3
-8.16,112.96,0.675,Semeru,7.1,5.9
-8.14,112.86,0.675,Semeru,7.7,5.3
-8.14,112.88,0.675,Semeru,5.8,7.7
-8.14,112.96,0.675,Semeru,5.5,8.3
-8.14,112.98,0.675,Semeru,7.3,5.7
-8.12,112.86,0.675,Semeru,7.0,6.2
-8.12,112.98,0.675,Semeru,6.5,6.7
-8.1,112.86,0.675,Semeru,6.9,6.2
-8.1,112.98,0.675,Semeru,6.4,6.8
-8.08,112.86,0.675,Semeru,7.5,5.5
-8.08,112.88,0.675,Semeru,5.6,8.1
-8.08,112.96,0.675,Semeru,5.2,8.7
-8.08,112.98,0.675,Semeru,7.1,6.0
-8.06,112.88,0.675,Semeru,7.1,6.0
-8.06,112.9,0.675,Semeru,5.9,7.7
-8.06,112.92,0.675,Semeru,5.3,8.5
-8.06,112.94,0.675,Semeru,5.7,7.9
-8.06,112.96,0.675,Semeru,6.8,6.4
-8.04,112.9,0.675,Semeru,7.9,5.1
-8.04,112.92,0.675,Semeru,7.6,5.5
-8.04,112.94,0.675,Semeru,7.8,5.2
-8.04,113.32,0.675,Lamongan,7.4,5.6
-8.04,113.34,0.675,Lamongan,7.0,6.1
-8.04,113.36,0.675,Lamongan,7.3,5.8
-8.02,112.82,0.675,Semeru,14.9,1.3
-8.02,113.3,0.675,Lamongan,6.7,6.4
-8.02,113.32,0.675,Lamongan,5.4,8.4
-8.02,113.36,0.675,Lamongan,5.1,8.9
-8.02,113.38,0.675,Lamongan,6.3,7.0
-8.02,113.4,0.675,Lamongan,7.9,5.1
-8.0,112.92,0.675,Bromo,7.2,5.8
-8.0,112.94,0.675,Bromo,6.5,6.7
-8.0,112.96,0.675,Bromo,6.5,6.7
-8.0,112.98,0.675,Bromo,7.2,5.8
-8.0,113.28,0.675,Lamongan,7.4,5.6
-8.0,113.3,0.675,Lamongan,5.4,8.4
-8.0,113.4,0.675,Lamongan,6.8,6.4
-7.98,112.48,0.675,Kelud,19.7,0.5
-7.9,112.78,0.675,Bromo,19.3,0.5
-7.9,113.3,0.675,Lamongan,9.8,3.5
-7.82,112.82,0.675,Bromo,19.7,0.5
-7.78,112.4,0.675,Kelud,19.5,0.5
-7.76,112.26,0.675,Kelud,19.6,0.5
-7.66,112.8,0.675,Penanggungan,19.5,0.5
-7.58,112.76,0.675,Penanggungan,15.0,1.2
-7.5,112.56,0.675,Penanggungan,14.9,1.3
-7.5,112.7,0.675,Penanggungan,15.0,1.2
-7.88,112.78,0.674,Bromo,20.0,0.5
-7.84,112.8,0.674,Bromo,20.0,0.4
-7.8,112.84,0.674,Bromo,19.9,0.5
-7.68,112.4,0.674,Arjuno-Welirang,20.0,0.4
-7.68,112.8,0.674,Penanggungan,20.2,0.4
-8.04,113.38,0.673,Lamongan,8.1,4.9
-7.94,112.76,0.673,Bromo,20.9,0.4
-7.94,113.04,0.673,Bromo,9.9,3.4
-7.86,112.78,0.673,Bromo,20.8,0.4
-7.78,112.86,0.673,Bromo,20.6,0.4
-7.76,112.24,0.673,Kelud,20.3,0.4
-7.66,112.4,0.673,Arjuno-Welirang,20.8,0.4
-7.96,112.76,0.672,Bromo,21.0,0.4
-7.94,113.26,0.672,Lamongan,10.0,3.3
-7.92,112.76,0.672,Bromo,21.1,0.4
-7.9,112.76,0.672,Bromo,21.4,0.3
-7.88,112.12,0.672,Kelud,21.4,0.3
-7.82,112.8,0.672,Bromo,21.4,0.3
-7.8,112.82,0.672,Bromo,21.3,0.3
-7.74,112.28,0.672,Kelud,21.4,0.3
-7.7,112.8,0.672,Penanggungan,21.1,0.4
-7.98,112.5,0.671,Kelud,21.9,0.3
-7.96,113.04,0.671,Bromo,10.1,3.3
-7.88,112.76,0.671,Bromo,22.0,0.3
-7.84,112.78,0.671,Bromo,21.9,0.3
-7.78,112.84,0.671,Bromo,21.7,0.3
-7.74,112.24,0.671,Kelud,22.4,0.3
-7.74,112.26,0.671,Kelud,21.8,0.3
-7.68,112.38,0.671,Arjuno-Welirang,22.2,0.3
-7.68,112.82,0.671,Penanggungan,22.3,0.3
-8.18,112.94,0.67,Semeru,8.2,4.8
-7.96,112.74,0.67,Bromo,23.2,0.2
-7.94,112.74,0.67,Bromo,23.1,0.2
-7.9,112.1,0.67,Kelud,23.1,0.2
-7.86,112.76,0.67,Bromo,22.8,0.3
-7.78,112.82,0.67,Bromo,23.0,0.2
-7.76,112.86,0.67,Bromo,22.5,0.3
-7.7,112.82,0.67,Penanggungan,23.1,0.2
-7.66,112.38,0.67,Arjuno-Welirang,22.8,0.3
-8.06,112.98,0.669,Semeru,8.3,4.7
-7.98,112.74,0.669,Bromo,23.5,0.2
-7.92,113.04,0.669,Bromo,10.2,3.2
-7.88,112.1,0.669,Kelud,23.6,0.2
-7.76,112.84,0.669,Bromo,23.6,0.2
-7.74,112.86,0.669,Bromo,24.6,0.2
-7.72,112.24,0.669,Kelud,24.5,0.2
-7.72,112.26,0.669,Kelud,23.9,0.2
-7.72,112.82,0.669,Penanggungan,24.1,0.2
-7.68,112.36,0.669,Arjuno-Welirang,24.3,0.2
-8.18,112.9,0.668,Semeru,8.4,4.6
-7.88,113.02,0.668,Bromo,10.3,3.1
-7.76,112.82,0.668,Bromo,24.8,0.2
-7.66,112.36,0.668,Arjuno-Welirang,24.9,0.2
-8.02,113.28,0.667,Lamongan,8.4,4.6
-8.04,113.3,0.666,Lamongan,8.5,4.6
-8.0,113.0,0.666,Bromo,8.5,4.5
-7.92,113.42,0.665,Lamongan,10.6,3.0
-7.9,113.4,0.664,Lamongan,10.6,3.0
-7.86,113.0,0.664,Bromo,10.7,2.9
-8.16,112.98,0.663,Semeru,8.6,4.4
-8.1,113.0,0.663,Semeru,8.6,4.4
-8.04,112.96,0.663,Semeru,8.6,4.4
-7.98,113.44,0.663,Lamongan,10.7,2.9
-8.12,113.0,0.662,Semeru,8.7,4.4
-7.98,113.04,0.662,Bromo,10.8,2.9
-7.96,113.44,0.662,Lamongan,10.8,2.8
-7.88,113.34,0.662,Lamongan,10.8,2.9
-8.02,112.94,0.661,Bromo,8.7,4.3
-8.02,112.96,0.661,Bromo,8.7,4.3
-7.9,113.04,0.66,Bromo,11.0,2.8
-7.9,113.28,0.66,Lamongan,11.0,2.7
-7.88,113.36,0.66,Lamongan,10.9,2.8
-8.0,113.42,0.659,Lamongan,8.9,4.2
-7.92,113.26,0.659,Lamongan,11.1,2.7
-7.88,113.32,0.659,Lamongan,11.1,2.7
-8.16,112.86,0.658,Semeru,8.9,4.1
-8.06,112.36,0.657,Kelud,15.5,1.1
-7.56,112.5,0.657,Penanggungan,15.5,1.1
-8.18,112.96,0.656,Semeru,9.0,4.1
-7.98,113.24,0.656,Lamongan,11.3,2.6
-8.08,113.0,0.655,Semeru,9.1,4.0
-7.96,113.24,0.655,Lamongan,11.5,2.5
-7.94,113.44,0.655,Lamongan,11.4,2.5
-7.52,112.52,0.655,Penanggungan,16.0,1.0
-7.88,113.38,0.654,Lamongan,11.5,2.5
-8.18,112.88,0.653,Semeru,9.2,3.9
-8.08,112.3,0.653,Kelud,16.7,0.9
-8.06,113.34,0.653,Lamongan,9.2,3.9
-7.54,112.5,0.653,Penanggungan,16.5,0.9
-8.14,113.0,0.652,Semeru,9.3,3.9
-8.08,112.28,0.652,Kelud,17.0,0.8
-8.08,112.32,0.652,Kelud,16.7,0.9
-8.02,112.92,0.652,Bromo,9.3,3.9
-8.02,112.98,0.652,Bromo,9.3,3.9
-7.88,113.3,0.652,Lamongan,11.8,2.3
-8.08,112.34,0.651,Kelud,17.0,0.8
-8.08,112.26,0.65,Kelud,17.5,0.7
-8.06,112.22,0.65,Kelud,17.4,0.8
-8.06,113.36,0.65,Lamongan,9.4,3.8
-8.04,113.4,0.65,Lamongan,9.4,3.8
-7.86,113.02,0.65,Bromo,11.9,2.3
-7.5,112.52,0.65,Penanggungan,17.5,0.7
-8.0,113.26,0.649,Lamongan,9.5,3.7
-7.94,113.06,0.649,Bromo,12.1,2.2
-7.94,113.24,0.649,Lamongan,12.1,2.2
-7.9,113.42,0.649,Lamongan,12.1,2.2
-7.88,113.04,0.649,Bromo,12.1,2.2
-7.52,112.5,0.649,Penanggungan,17.7,0.7
-8.08,112.24,0.648,Kelud,18.3,0.6
-8.06,113.32,0.648,Lamongan,9.6,3.7
-8.06,112.2,0.647,Kelud,18.7,0.6
-8.04,112.18,0.647,Kelud,18.7,0.6
-8.0,112.46,0.647,Kelud,18.5,0.6
-7.96,113.06,0.647,Bromo,12.3,2.1
-7.92,113.06,0.647,Bromo,12.4,2.1
-8.14,112.84,0.646,Semeru,9.7,3.6
-8.1,112.28,0.646,Kelud,19.2,0.5
-8.1,112.3,0.646,Kelud,18.9,0.6
-8.02,113.42,0.646,Lamongan,9.7,3.5
-7.92,113.44,0.646,Lamongan,12.4,2.1
-7.88,113.4,0.646,Lamongan,12.5,2.0
-7.5,112.5,0.646,Penanggungan,19.1,0.5
-8.1,112.26,0.645,Kelud,19.6,0.5
-8.08,112.22,0.645,Kelud,19.3,0.5
-8.02,112.46,0.645,Kelud,19.5,0.5
-7.92,112.34,0.645,Kelud,3.7,11.8
-7.9,112.32,0.645,Kelud,3.6,12.1
-7.9,112.34,0.645,Kelud,4.9,9.4
-7.9,113.26,0.645,Lamongan,12.5,2.0
-7.84,113.0,0.645,Bromo,12.6,2.0
-7.76,112.6,0.645,Arjuno-Welirang,4.4,10.2
-7.74,112.54,0.645,Arjuno-Welirang,4.0,11.0
-7.74,112.56,0.645,Arjuno-Welirang,2.1,16.4
-7.74,112.58,0.645,Arjuno-Welirang,1.3,18.9
-7.74,112.6,0.645,Arjuno-Welirang,3.0,13.5
-7.72,112.54,0.645,Arjuno-Welirang,4.0,11.2
-7.72,112.56,0.645,Arjuno-Welirang,1.9,16.8
-7.72,112.58,0.645,Arjuno-Welirang,1.1,19.7
-7.72,112.6,0.645,Arjuno-Welirang,2.9,13.8
-8.06,112.18,0.644,Kelud,20.2,0.4
-8.04,113.28,0.644,Lamongan,9.9,3.4
-7.98,112.18,0.644,Kelud,15.2,1.2
-7.86,112.54,0.644,Arjuno-Welirang,15.1,1.2
-8.1,112.24,0.643,Kelud,20.3,0.4
-8.08,112.2,0.643,Kelud,20.5,0.4
-8.04,112.16,0.643,Kelud,20.4,0.4
-8.04,112.46,0.643,Kelud,20.7,0.4
-8.04,112.98,0.643,Semeru,9.9,3.4
-8.0,112.48,0.643,Kelud,20.5,0.4
-7.98,113.06,0.643,Bromo,12.8,1.9
-7.98,113.46,0.643,Lamongan,12.9,1.9
-7.88,113.28,0.643,Lamongan,12.8,1.9
-7.72,112.72,0.643,Penanggungan,15.4,1.1
-7.5,112.48,0.643,Penanggungan,20.8,0.4
-7.48,112.5,0.643,Penanggungan,20.7,0.4
-8.1,112.22,0.642,Kelud,21.2,0.4
-8.02,112.48,0.642,Kelud,21.4,0.3
-7.96,113.46,0.642,Lamongan,13.0,1.8
-7.92,113.24,0.642,Lamongan,13.0,1.8
-7.9,113.06,0.642,Bromo,13.0,1.8
-7.86,113.34,0.642,Lamongan,13.0,1.8
-8.08,112.18,0.641,Kelud,21.8,0.3
-8.06,112.16,0.641,Kelud,21.8,0.3
-8.06,113.0,0.641,Semeru,10.1,3.3
-8.06,113.38,0.641,Lamongan,10.1,3.3
-8.04,112.14,0.641,Kelud,22.2,0.3
-8.02,112.9,0.641,Semeru,10.1,3.3
-8.0,113.02,0.641,Bromo,10.1,3.3
-7.86,112.52,0.641,Arjuno-Welirang,15.8,1.1
-7.86,113.36,0.641,Lamongan,13.1,1.8
-7.48,112.48,0.641,Penanggungan,22.3,0.3
-8.08,112.16,0.64,Kelud,23.3,0.2
-8.06,112.14,0.64,Kelud,23.5,0.2
-8.06,112.72,0.64,Semeru,22.9,0.3
-8.04,112.48,0.64,Kelud,22.5,0.3
-8.04,112.72,0.64,Semeru,23.5,0.2
-8.02,112.12,0.64,Kelud,23.0,0.2
-8.02,112.5,0.64,Kelud,23.4,0.2
-8.0,112.5,0.64,Kelud,22.5,0.3
-7.86,113.32,0.64,Lamongan,13.3,1.7
-7.74,112.72,0.64,Arjuno-Welirang,16.0,1.0
-8.18,112.98,0.639,Semeru,10.2,3.2
-8.08,112.7,0.639,Semeru,24.6,0.2
-8.06,112.48,0.639,Kelud,23.8,0.2
-8.04,112.12,0.639,Kelud,24.0,0.2
-8.04,112.5,0.639,Kelud,24.4,0.2
-8.02,112.72,0.639,Semeru,24.3,0.2
-8.0,112.1,0.639,Kelud,24.2,0.2
-7.94,112.16,0.639,Kelud,16.3,0.9
-7.92,112.16,0.639,Kelud,16.3,0.9
-7.86,112.64,0.639,Arjuno-Welirang,16.2,1.0
-7.84,112.48,0.639,Arjuno-Welirang,16.2,1.0
-7.48,112.46,0.639,Penanggungan,23.9,0.2
-7.46,112.48,0.639,Penanggungan,23.8,0.2
-8.02,112.1,0.638,Kelud,25.0,0.2
-8.02,113.0,0.638,Bromo,10.3,3.2
-8.02,113.26,0.638,Lamongan,10.3,3.1
-7.98,113.22,0.638,Lamongan,13.5,1.6
-7.96,112.16,0.638,Kelud,16.6,0.9
-7.94,113.46,0.638,Lamongan,13.5,1.7
-7.86,113.04,0.638,Bromo,13.5,1.7
-8.16,113.0,0.637,Semeru,10.4,3.1
-8.06,113.3,0.637,Lamongan,10.4,3.1
-7.96,113.22,0.637,Lamongan,13.7,1.6
-7.9,113.44,0.637,Lamongan,13.7,1.6
-7.88,112.56,0.637,Arjuno-Welirang,16.9,0.8
-7.88,113.42,0.637,Lamongan,13.7,1.6
-7.86,113.38,0.637,Lamongan,13.6,1.6
-7.84,113.02,0.637,Bromo,13.7,1.6
-7.78,112.72,0.637,Arjuno-Welirang,17.0,0.8
-7.72,112.74,0.637,Penanggungan,16.9,0.8
-7.98,112.16,0.636,Kelud,17.2,0.8
-7.9,112.46,0.636,Kelud,17.1,0.8
-7.88,112.54,0.636,Arjuno-Welirang,17.2,0.8
-7.86,112.66,0.636,Arjuno-Welirang,17.3,0.8
-7.86,113.3,0.636,Lamongan,13.8,1.6
-8.18,112.86,0.635,Semeru,10.5,3.0
-7.98,112.26,0.635,Kelud,7.7,5.3
-7.96,112.26,0.635,Kelud,6.3,7.1
-7.88,112.46,0.635,Kelud,17.6,0.7
-7.88,112.62,0.635,Arjuno-Welirang,17.5,0.7
-7.88,113.06,0.635,Bromo,13.9,1.5
-7.94,113.22,0.634,Lamongan,14.2,1.5
-7.9,113.24,0.634,Lamongan,14.2,1.4
-7.88,112.52,0.634,Arjuno-Welirang,17.9,0.7
-7.88,113.26,0.634,Lamongan,14.1,1.5
-7.84,112.46,0.634,Arjuno-Welirang,17.7,0.7
-7.8,112.72,0.634,Arjuno-Welirang,17.8,0.7
-8.16,112.84,0.633,Semeru,10.7,2.9
-7.94,113.08,0.633,Bromo,14.3,1.4
-7.92,113.46,0.633,Lamongan,14.4,1.4
-7.88,112.64,0.633,Arjuno-Welirang,18.3,0.6
-7.86,113.4,0.633,Lamongan,14.4,1.4
-7.74,112.74,0.633,Arjuno-Welirang,18.2,0.6
-8.1,113.02,0.632,Semeru,10.8,2.8
-7.96,112.14,0.632,Kelud,18.8,0.6
-7.96,113.08,0.632,Bromo,14.5,1.4
-7.94,112.14,0.632,Kelud,18.5,0.6
-7.92,113.08,0.632,Bromo,14.5,1.4
-7.86,112.46,0.632,Kelud,18.5,0.6
-7.86,112.68,0.632,Arjuno-Welirang,18.6,0.6
-8.12,113.02,0.631,Semeru,10.9,2.8
-7.9,112.48,0.631,Kelud,19.2,0.5
-7.86,113.28,0.631,Lamongan,14.7,1.3
-7.82,113.0,0.631,Bromo,14.6,1.3
-7.78,112.74,0.631,Arjuno-Welirang,19.0,0.5
-8.04,113.42,0.63,Lamongan,11.0,2.7
-8.0,113.44,0.63,Lamongan,11.0,2.8
-7.98,113.08,0.63,Bromo,14.9,1.3
-7.92,113.22,0.63,Lamongan,15.0,1.2
-7.9,112.62,0.63,Arjuno-Welirang,19.6,0.5
-7.9,112.52,0.629,Arjuno-Welirang,20.0,0.5
-7.9,112.64,0.629,Arjuno-Welirang,20.3,0.4
-7.88,112.18,0.629,Kelud,15.2,1.2
-7.8,112.18,0.629,Kelud,20.2,0.4
-7.8,112.74,0.629,Arjuno-Welirang,19.8,0.5
-7.74,112.76,0.629,Penanggungan,20.0,0.4
-8.06,113.4,0.628,Lamongan,11.2,2.7
-7.9,112.5,0.628,Arjuno-Welirang,20.7,0.4
-7.88,112.68,0.628,Arjuno-Welirang,20.4,0.4
-7.86,112.62,0.628,Arjuno-Welirang,15.4,1.1
-7.82,112.68,0.628,Arjuno-Welirang,15.4,1.1
-7.76,112.76,0.628,Arjuno-Welirang,20.7,0.4
-8.08,113.02,0.627,Semeru,11.2,2.6
-7.92,112.56,0.627,Arjuno-Welirang,21.3,0.3
-7.92,112.58,0.627,Arjuno-Welirang,21.2,0.4
-7.92,112.6,0.627,Arjuno-Welirang,21.4,0.3
-7.88,112.44,0.627,Kelud,15.6,1.1
-7.84,112.2,0.627,Kelud,15.5,1.1
-7.84,112.66,0.627,Arjuno-Welirang,15.5,1.1
-7.82,112.22,0.627,Kelud,15.6,1.1
-7.78,112.76,0.627,Arjuno-Welirang,21.2,0.4
-7.7,112.74,0.627,Penanggungan,15.5,1.1
-8.14,113.02,0.626,Semeru,11.4,2.6
-7.92,112.62,0.626,Arjuno-Welirang,21.8,0.3
-7.92,112.64,0.626,Arjuno-Welirang,22.4,0.3
-7.9,112.68,0.626,Arjuno-Welirang,22.3,0.3
-7.88,112.7,0.626,Arjuno-Welirang,21.7,0.3
-7.84,112.42,0.626,Kelud,15.9,1.0
-7.82,112.14,0.626,Kelud,22.2,0.3
-7.8,112.16,0.626,Kelud,21.8,0.3
-7.8,112.7,0.626,Arjuno-Welirang,15.9,1.0
-7.78,112.18,0.626,Kelud,21.8,0.3
-8.08,113.34,0.625,Lamongan,11.5,2.5
-8.04,113.0,0.625,Semeru,11.4,2.5
-7.92,112.66,0.625,Arjuno-Welirang,23.2,0.2
-7.9,112.7,0.625,Arjuno-Welirang,23.5,0.2
-7.86,112.18,0.625,Kelud,16.1,1.0
-7.8,112.14,0.625,Kelud,23.5,0.2
-7.68,112.76,0.625,Penanggungan,16.1,1.0
-8.08,113.36,0.624,Lamongan,11.6,2.4
-8.06,113.28,0.624,Lamongan,11.5,2.5
-8.04,113.26,0.624,Lamongan,11.5,2.5
-8.02,113.02,0.624,Bromo,11.6,2.4
-7.94,112.56,0.624,Arjuno-Welirang,23.5,0.2
-7.94,112.62,0.624,Arjuno-Welirang,24.0,0.2
-7.92,112.68,0.624,Arjuno-Welirang,24.2,0.2
-7.82,112.46,0.624,Arjuno-Welirang,16.2,1.0
-7.76,112.18,0.624,Kelud,23.6,0.2
-7.6,112.4,0.624,Arjuno-Welirang,24.0,0.2
-8.02,113.44,0.623,Lamongan,11.7,2.4
-8.0,113.24,0.623,Lamongan,11.6,2.4
-7.9,112.16,0.623,Kelud,16.6,0.9
-7.86,112.44,0.623,Kelud,16.5,0.9
-7.76,112.16,0.623,Kelud,25.0,0.2
-8.18,113.0,0.622,Semeru,11.7,2.4
-8.08,113.32,0.622,Lamongan,11.7,2.4
-8.0,113.04,0.622,Bromo,11.8,2.3
-7.94,112.46,0.622,Kelud,16.8,0.9
-7.92,112.46,0.622,Kelud,16.8,0.9
-7.88,112.58,0.622,Arjuno-Welirang,16.8,0.9
-7.84,112.68,0.622,Arjuno-Welirang,16.9,0.8
-7.8,112.44,0.622,Arjuno-Welirang,16.8,0.9
-7.88,112.16,0.621,Kelud,17.2,0.8
-7.88,112.6,0.621,Arjuno-Welirang,17.0,0.8
-7.84,112.18,0.621,Kelud,17.3,0.8
-7.82,112.2,0.621,Kelud,17.1,0.8
-7.82,112.7,0.621,Arjuno-Welirang,17.1,0.8
-7.7,112.76,0.621,Penanggungan,17.3,0.8
-8.06,113.02,0.62,Semeru,12.0,2.2
-7.84,112.44,0.62,Kelud,17.7,0.7
-7.82,112.42,0.62,Kelud,17.4,0.8
-7.8,112.22,0.62,Kelud,17.4,0.8
-7.62,112.46,0.62,Arjuno-Welirang,17.5,0.7
-8.18,112.84,0.619,Semeru,12.1,2.2
-8.08,113.38,0.619,Lamongan,12.2,2.2
-7.82,112.44,0.619,Arjuno-Welirang,18.0,0.7
-8.16,113.02,0.618,Semeru,12.2,2.1
-7.86,112.16,0.618,Kelud,18.1,0.7
-8.08,113.3,0.617,Lamongan,12.4,2.1
-8.02,113.24,0.617,Lamongan,12.3,2.1
-7.92,112.14,0.617,Kelud,18.5,0.6
-7.9,112.14,0.617,Kelud,18.8,0.6
-7.84,112.7,0.617,Arjuno-Welirang,18.5,0.6
-7.82,112.18,0.617,Kelud,18.7,0.6
-7.8,112.2,0.617,Kelud,18.7,0.6
-7.72,112.76,0.617,Penanggungan,18.6,0.6
-7.6,112.46,0.617,Penanggungan,18.7,0.6
-7.96,112.48,0.616,Kelud,19.2,0.5
-7.94,112.48,0.616,Kelud,19.0,0.6
-7.92,112.48,0.616,Kelud,19.0,0.6
-7.9,112.56,0.616,Arjuno-Welirang,19.1,0.5
-7.9,112.58,0.616,Arjuno-Welirang,19.0,0.6
-7.9,112.6,0.616,Arjuno-Welirang,19.2,0.5
-7.84,112.16,0.616,Kelud,19.1,0.5
-7.82,112.72,0.616,Arjuno-Welirang,18.9,0.6
-7.7,112.78,0.616,Penanggungan,19.1,0.5
-7.62,112.44,0.616,Arjuno-Welirang,19.2,0.5
-8.06,113.42,0.615,Lamongan,12.5,2.0
-7.98,112.14,0.615,Kelud,19.3,0.5
-7.9,112.54,0.615,Arjuno-Welirang,19.4,0.5
-7.88,112.14,0.615,Kelud,19.3,0.5
-7.78,112.22,0.615,Kelud,19.3,0.5
-7.64,112.42,0.615,Arjuno-Welirang,19.7,0.5
-7.9,112.82,0.614,Bromo,15.1,1.2
-7.86,112.14,0.614,Kelud,20.1,0.4
-7.86,112.7,0.614,Arjuno-Welirang,20.0,0.4
-7.86,112.84,0.614,Bromo,15.2,1.2
-7.84,112.72,0.614,Arjuno-Welirang,20.2,0.4
-7.84,112.86,0.614,Bromo,15.1,1.2
-7.7,112.44,0.614,Arjuno-Welirang,15.2,1.2
-8.04,113.44,0.613,Lamongan,12.8,1.9
-7.94,112.12,0.613,Kelud,20.7,0.4
-7.92,112.12,0.613,Kelud,20.7,0.4
-7.82,112.16,0.613,Kelud,20.4,0.4
-7.82,112.74,0.613,Arjuno-Welirang,20.8,0.4
-7.78,112.2,0.613,Kelud,20.5,0.4
-7.72,112.78,0.613,Penanggungan,20.3,0.4
-7.62,112.42,0.613,Arjuno-Welirang,20.9,0.4
-7.6,112.44,0.613,Arjuno-Welirang,20.7,0.4
-8.1,113.04,0.612,Semeru,13.0,1.8
-8.06,113.26,0.612,Lamongan,13.0,1.8
-7.98,112.12,0.612,Kelud,21.4,0.3
-7.96,112.12,0.612,Kelud,21.0,0.4
-7.96,112.5,0.612,Kelud,21.4,0.3
-7.94,112.5,0.612,Kelud,21.2,0.4
-7.92,112.5,0.612,Kelud,21.2,0.4
-7.92,112.54,0.612,Arjuno-Welirang,21.6,0.3
-7.9,112.12,0.612,Kelud,21.0,0.4
-7.86,112.72,0.612,Arjuno-Welirang,21.6,0.3
-7.84,112.14,0.612,Kelud,21.0,0.4
-7.82,112.88,0.612,Bromo,15.6,1.1
-7.8,112.36,0.612,Kelud,15.5,1.1
-7.76,112.22,0.612,Kelud,21.2,0.4
-8.12,113.04,0.611,Semeru,13.1,1.8
-8.08,113.4,0.611,Lamongan,13.1,1.8
-8.04,113.02,0.611,Semeru,13.2,1.8
-8.02,113.04,0.611,Bromo,13.2,1.8
-8.0,113.46,0.611,Lamongan,13.1,1.8
-7.92,112.52,0.611,Arjuno-Welirang,22.1,0.3
-7.88,112.82,0.611,Bromo,15.9,1.0
-7.86,112.12,0.611,Kelud,22.1,0.3
-7.84,112.74,0.611,Arjuno-Welirang,22.0,0.3
-7.8,112.76,0.611,Arjuno-Welirang,21.9,0.3
-7.8,112.94,0.611,Bromo,15.8,1.0
-7.8,112.96,0.611,Bromo,15.8,1.0
-7.76,112.2,0.611,Kelud,22.3,0.3
-7.74,112.78,0.611,Penanggungan,21.7,0.3
-7.72,112.8,0.611,Penanggungan,22.2,0.3
-7.64,112.4,0.611,Arjuno-Welirang,21.7,0.3
-7.6,112.42,0.611,Arjuno-Welirang,22.3,0.3
-7.96,112.1,0.61,Kelud,23.1,0.2
-7.94,112.1,0.61,Kelud,22.9,0.3
-7.94,112.52,0.61,Kelud,23.4,0.2
-7.92,112.1,0.61,Kelud,22.9,0.3
-7.92,112.74,0.61,Bromo,23.3,0.2
-7.88,112.72,0.61,Arjuno-Welirang,23.2,0.2
-7.86,112.74,0.61,Arjuno-Welirang,23.3,0.2
-7.84,112.12,0.61,Kelud,23.0,0.2
-7.82,112.76,0.61,Arjuno-Welirang,22.8,0.3
-7.82,112.78,0.61,Bromo,23.1,0.2
-7.8,112.8,0.61,Bromo,22.9,0.3
-7.8,112.92,0.61,Bromo,16.1,1.0
-7.8,112.98,0.61,Bromo,16.1,1.0
-7.78,112.78,0.61,Arjuno-Welirang,23.3,0.2
-7.76,112.78,0.61,Arjuno-Welirang,22.8,0.3
-7.74,112.22,0.61,Kelud,23.2,0.2
-7.74,112.8,0.61,Penanggungan,23.4,0.2
-7.62,112.4,0.61,Arjuno-Welirang,22.8,0.3
-8.18,113.02,0.609,Semeru,13.4,1.7
-8.08,113.04,0.609,Semeru,13.4,1.7
-8.08,113.28,0.609,Lamongan,13.4,1.7
-8.04,113.24,0.609,Lamongan,13.3,1.7
-7.98,112.1,0.609,Kelud,23.6,0.2
-7.98,112.52,0.609,Kelud,24.0,0.2
-7.96,112.52,0.609,Kelud,23.6,0.2
-7.94,112.54,0.609,Arjuno-Welirang,23.8,0.2
-7.94,112.64,0.609,Arjuno-Welirang,24.5,0.2
-7.9,112.74,0.609,Bromo,23.6,0.2
-7.88,112.74,0.609,Bromo,24.1,0.2
-7.86,112.1,0.609,Kelud,24.2,0.2
-7.84,112.76,0.609,Bromo,23.8,0.2
-7.82,112.12,0.609,Kelud,24.1,0.2
-7.8,112.78,0.609,Arjuno-Welirang,23.9,0.2
-7.78,112.8,0.609,Bromo,24.4,0.2
-7.74,112.2,0.609,Kelud,24.2,0.2
-7.64,112.38,0.609,Arjuno-Welirang,23.7,0.2
-7.62,112.38,0.609,Arjuno-Welirang,24.7,0.2
-8.14,113.04,0.608,Semeru,13.5,1.7
-7.96,112.8,0.608,Bromo,16.6,0.9
-7.94,112.8,0.608,Bromo,16.5,0.9
-7.92,112.8,0.608,Bromo,16.7,0.9
-7.9,112.72,0.608,Arjuno-Welirang,24.8,0.2
-7.84,112.84,0.608,Bromo,16.6,0.9
-7.78,112.3,0.608,Kelud,16.7,0.9
-7.76,112.8,0.608,Penanggungan,24.8,0.2
-7.62,112.78,0.608,Penanggungan,16.7,0.9
-8.1,113.34,0.607,Lamongan,13.7,1.6
-8.02,113.46,0.607,Lamongan,13.7,1.6
-8.0,113.06,0.607,Bromo,13.7,1.6
-7.82,112.86,0.607,Bromo,16.8,0.9
-7.8,112.9,0.607,Bromo,16.7,0.9
-7.78,112.32,0.607,Kelud,16.7,0.9
-7.6,112.78,0.607,Penanggungan,16.7,0.9
-8.18,112.82,0.606,Semeru,13.8,1.6
-8.1,113.32,0.606,Lamongan,13.9,1.5
-8.1,113.36,0.606,Lamongan,13.8,1.6
-8.0,113.22,0.606,Lamongan,13.8,1.6
-7.98,112.8,0.606,Bromo,17.1,0.8
-7.9,112.8,0.606,Bromo,17.2,0.8
-7.78,112.34,0.606,Kelud,17.0,0.8
-7.74,112.42,0.606,Arjuno-Welirang,17.1,0.8
-7.72,112.42,0.606,Arjuno-Welirang,17.1,0.8
-8.06,113.04,0.605,Semeru,14.0,1.5
-7.92,112.22,0.605,Kelud,9.8,3.5
-7.8,112.88,0.605,Bromo,17.6,0.7
-7.78,112.36,0.605,Kelud,17.6,0.7
-7.7,112.42,0.605,Arjuno-Welirang,17.4,0.8
-8.16,113.04,0.604,Semeru,14.2,1.4
-8.1,113.38,0.604,Lamongan,14.3,1.4
-8.08,113.42,0.604,Lamongan,14.2,1.4
-8.06,113.44,0.604,Lamongan,14.1,1.5
-7.88,112.8,0.604,Bromo,17.9,0.7
-8.02,113.22,0.603,Lamongan,14.4,1.4
-7.78,112.92,0.603,Bromo,18.3,0.6
-7.78,112.94,0.603,Bromo,18.0,0.7
-7.78,112.96,0.603,Bromo,18.0,0.7
-7.78,112.98,0.603,Bromo,18.3,0.6
-8.1,113.3,0.602,Lamongan,14.5,1.4
-8.06,113.24,0.602,Lamongan,14.6,1.3
-7.8,112.86,0.602,Bromo,18.6,0.6
-7.78,112.38,0.602,Kelud,18.5,0.6
-8.08,113.26,0.601,Lamongan,14.7,1.3
-8.04,113.04,0.601,Bromo,14.7,1.3
-8.04,113.46,0.601,Lamongan,14.7,1.3
-7.98,112.78,0.601,Bromo,19.2,0.5
-7.96,112.78,0.601,Bromo,18.8,0.6
-7.78,112.9,0.601,Bromo,18.8,0.6
-7.76,112.3,0.601,Kelud,18.9,0.6
-7.76,112.32,0.601,Kelud,18.9,0.6
-7.76,112.34,0.601,Kelud,19.2,0.5
-7.64,112.8,0.601,Penanggungan,19.1,0.5
-7.62,112.8,0.601,Penanggungan,18.9,0.6
-7.6,112.8,0.601,Penanggungan,18.9,0.6
-8.02,113.06,0.6,Bromo,14.9,1.3
-7.96,112.28,0.6,Kelud,4.5,10.0
-7.96,112.3,0.6,Kelud,3.5,12.4
-7.94,112.28,0.6,Kelud,3.3,12.8
-7.78,112.88,0.6,Bromo,19.6,0.5
-7.76,112.36,0.6,Kelud,19.8,0.5
-7.76,112.4,0.6,Arjuno-Welirang,19.6,0.5
-7.74,112.4,0.6,Arjuno-Welirang,19.3,0.5
-7.72,112.4,0.6,Arjuno-Welirang,19.3,0.5
-7.7,112.4,0.6,Arjuno-Welirang,19.6,0.5
-7.76,112.94,0.599,Bromo,20.3,0.4
-7.76,112.96,0.599,Bromo,20.3,0.4
-8.06,112.26,0.598,Kelud,15.4,1.1
-7.76,112.38,0.598,Kelud,20.5,0.4
-7.76,112.92,0.598,Bromo,20.5,0.4
-7.76,112.98,0.598,Bromo,20.5,0.4
-8.04,112.22,0.597,Kelud,15.6,1.1
-8.02,112.2,0.597,Kelud,15.5,1.1
-7.98,112.76,0.597,Bromo,21.3,0.3
-7.76,112.88,0.597,Bromo,21.7,0.3
-7.76,112.9,0.597,Bromo,21.0,0.4
-7.76,113.0,0.597,Bromo,21.0,0.4
-7.74,112.3,0.597,Kelud,21.1,0.4
-7.74,112.32,0.597,Kelud,21.2,0.4
-7.74,112.34,0.597,Kelud,21.4,0.3
-7.74,112.38,0.597,Arjuno-Welirang,21.5,0.3
-7.72,112.38,0.597,Arjuno-Welirang,21.5,0.3
-7.66,112.82,0.597,Penanggungan,21.6,0.3
-7.64,112.82,0.597,Penanggungan,21.2,0.4
-7.62,112.82,0.597,Penanggungan,21.1,0.4
-7.6,112.82,0.597,Penanggungan,21.1,0.4
-7.74,112.36,0.596,Kelud,21.9,0.3
-7.74,112.94,0.596,Bromo,22.5,0.3
-7.74,112.96,0.596,Bromo,22.5,0.3
-7.7,112.38,0.596,Arjuno-Welirang,21.7,0.3
-7.56,112.44,0.596,Penanggungan,21.7,0.3
-7.54,112.44,0.596,Penanggungan,22.4,0.3
-8.0,112.18,0.595,Kelud,16.1,1.0
-7.74,112.9,0.595,Bromo,23.1,0.2
-7.74,112.92,0.595,Bromo,22.7,0.3
-7.74,112.98,0.595,Bromo,22.7,0.3
-7.72,112.3,0.595,Kelud,23.4,0.2
-7.72,112.32,0.595,Kelud,23.4,0.2
-7.64,112.84,0.595,Penanggungan,23.4,0.2
-7.62,112.84,0.595,Penanggungan,23.3,0.2
-7.6,112.84,0.595,Penanggungan,23.3,0.2
-7.58,112.42,0.595,Penanggungan,23.4,0.2
-8.2,112.92,0.594,Semeru,10.2,3.2
-8.06,112.24,0.594,Kelud,16.3,1.0
-7.74,112.88,0.594,Bromo,23.7,0.2
-7.72,112.28,0.594,Kelud,23.6,0.2
-7.72,112.34,0.594,Kelud,23.6,0.2
-7.72,112.36,0.594,Arjuno-Welirang,23.7,0.2
-7.72,112.94,0.594,Bromo,24.7,0.2
-7.72,112.96,0.594,Bromo,24.7,0.2
-7.7,112.36,0.594,Arjuno-Welirang,23.9,0.2
-7.68,112.84,0.594,Penanggungan,24.4,0.2
-7.66,112.84,0.594,Penanggungan,23.8,0.2
-7.56,112.42,0.594,Penanggungan,23.8,0.2
-7.54,112.42,0.594,Penanggungan,24.5,0.2
-7.72,112.92,0.593,Bromo,24.9,0.2
-7.72,112.98,0.593,Bromo,24.9,0.2
-8.2,112.94,0.592,Semeru,10.4,3.1
-7.58,112.48,0.592,Penanggungan,16.9,0.8
-8.04,112.2,0.591,Kelud,17.1,0.8
-8.02,112.18,0.591,Kelud,17.3,0.8
-8.2,112.9,0.59,Semeru,10.5,3.0
-7.56,112.48,0.59,Penanggungan,17.5,0.7
-8.0,112.16,0.588,Kelud,18.1,0.7
-7.54,112.48,0.587,Penanggungan,18.4,0.6
-8.02,112.16,0.586,Kelud,19.1,0.5
-7.58,112.46,0.586,Penanggungan,19.0,0.6
-7.96,112.32,0.585,Kelud,3.6,12.1
-7.96,112.34,0.585,Kelud,4.9,9.4
-7.94,112.3,0.585,Kelud,1.4,18.6
-7.94,112.32,0.585,Kelud,1.7,17.5
-7.94,112.34,0.585,Kelud,3.7,11.8
-7.92,112.28,0.585,Kelud,3.3,12.8
-7.92,112.3,0.585,Kelud,1.4,18.6
-7.92,112.32,0.585,Kelud,1.7,17.5
-7.9,112.28,0.585,Kelud,4.5,10.0
-7.9,112.3,0.585,Kelud,3.5,12.4
-7.76,112.56,0.585,Arjuno-Welirang,3.8,11.5
-7.76,112.58,0.585,Arjuno-Welirang,3.5,12.3
-7.56,112.46,0.585,Penanggungan,19.6,0.5
-7.52,112.48,0.585,Penanggungan,19.5,0.5
-8.2,112.96,0.584,Semeru,11.1,2.7
-8.0,112.14,0.584,Kelud,20.1,0.4
-7.48,112.62,0.584,Penanggungan,15.0,1.2
-7.48,112.64,0.584,Penanggungan,15.1,1.2
-8.04,112.8,0.583,Semeru,15.4,1.1
-7.54,112.46,0.583,Penanggungan,20.4,0.4
-7.48,112.6,0.583,Penanggungan,15.3,1.1
-8.2,112.88,0.582,Semeru,11.2,2.6
-8.18,112.8,0.582,Semeru,15.6,1.1
-8.1,112.78,0.582,Semeru,15.7,1.1
-8.02,112.14,0.582,Kelud,21.0,0.4
-7.58,112.44,0.582,Penanggungan,21.2,0.4
-7.56,112.76,0.582,Penanggungan,15.7,1.1
-7.52,112.46,0.582,Penanggungan,21.4,0.3
-8.12,112.78,0.581,Semeru,15.7,1.1
-8.04,112.4,0.581,Kelud,15.9,1.0
-8.02,112.42,0.581,Kelud,15.9,1.0
-8.0,112.12,0.581,Kelud,22.1,0.3
-8.0,112.82,0.581,Bromo,15.7,1.1
-8.14,112.78,0.58,Semeru,16.0,1.0
-8.08,112.78,0.58,Semeru,15.9,1.0
-7.94,112.2,0.58,Kelud,11.9,2.3
-7.92,112.2,0.58,Kelud,11.9,2.3
-7.52,112.44,0.58,Penanggungan,23.4,0.2
-7.52,112.74,0.58,Penanggungan,16.2,1.0
-7.5,112.46,0.58,Penanggungan,22.6,0.3
-7.5,112.54,0.58,Penanggungan,16.1,1.0
-7.48,112.58,0.58,Penanggungan,16.0,1.0
-8.0,112.52,0.579,Kelud,24.6,0.2
-7.5,112.44,0.579,Penanggungan,24.4,0.2
-7.5,112.72,0.579,Penanggungan,16.3,1.0
-8.16,112.78,0.578,Semeru,16.7,0.9
-8.06,112.38,0.578,Kelud,16.5,0.9
-8.06,112.78,0.578,Semeru,16.5,0.9
-8.02,112.8,0.578,Semeru,16.6,0.9
-8.0,112.44,0.578,Kelud,16.5,0.9
-7.98,112.08,0.578,Kelud,25.7,0.1
-7.98,112.72,0.578,Bromo,25.7,0.1
-7.96,112.08,0.578,Kelud,25.3,0.2
-7.96,112.72,0.578,Bromo,25.4,0.2
-7.94,112.08,0.578,Kelud,25.1,0.2
-7.92,112.08,0.578,Kelud,25.1,0.2
-7.9,112.08,0.578,Kelud,25.3,0.2
-7.88,112.08,0.578,Kelud,25.7,0.1
-7.86,112.08,0.578,Kelud,26.3,0.1
-7.74,112.82,0.578,Penanggungan,25.2,0.2
-7.74,112.84,0.578,Bromo,25.5,0.2
-7.72,112.84,0.578,Penanggungan,26.0,0.1
-7.7,112.26,0.578,Kelud,26.1,0.1
-7.7,112.84,0.578,Penanggungan,25.1,0.2
-7.64,112.36,0.578,Arjuno-Welirang,25.7,0.1
-7.54,112.76,0.578,Penanggungan,16.7,0.9
-7.98,112.06,0.577,Kelud,27.9,0.1
-7.98,112.7,0.577,Bromo,27.9,0.1
-7.96,112.06,0.577,Kelud,27.5,0.1
-7.94,112.06,0.577,Kelud,27.3,0.1
-7.92,112.06,0.577,Kelud,27.3,0.1
-7.9,112.06,0.577,Kelud,27.5,0.1
-7.88,112.06,0.577,Kelud,27.9,0.1
-7.86,112.06,0.577,Kelud,28.4,0.1
-7.7,112.2,0.577,Kelud,28.2,0.1
-7.7,112.22,0.577,Kelud,27.4,0.1
-7.7,112.24,0.577,Kelud,26.6,0.1
-7.68,112.24,0.577,Kelud,28.8,0.1
-7.66,112.34,0.577,Arjuno-Welirang,27.0,0.1
-7.64,112.34,0.577,Arjuno-Welirang,27.7,0.1
-7.48,112.56,0.577,Penanggungan,16.8,0.9
-7.98,112.68,0.576,Bromo,30.0,0.1
-7.88,112.04,0.576,Kelud,30.0,0.1
-7.86,112.02,0.576,Kelud,32.7,0.0
-7.86,112.04,0.576,Kelud,30.5,0.1
-7.84,112.02,0.576,Kelud,33.3,0.0
-7.84,112.04,0.576,Kelud,31.2,0.0
-7.84,112.56,0.576,Arjuno-Welirang,12.5,2.1
-7.82,112.02,0.576,Kelud,34.0,0.0
-7.82,112.04,0.576,Kelud,32.0,0.0
-7.68,112.14,0.576,Kelud,33.4,0.0
-7.68,112.16,0.576,Kelud,32.2,0.0
-7.68,112.18,0.576,Kelud,31.2,0.0
-7.68,112.2,0.576,Kelud,30.2,0.1
-7.68,112.22,0.576,Kelud,29.4,0.1
-7.66,112.16,0.576,Kelud,34.2,0.0
-7.66,112.18,0.576,Kelud,33.2,0.0
-7.66,112.2,0.576,Kelud,32.3,0.0
-7.66,112.32,0.576,Arjuno-Welirang,29.1,0.1
-7.64,112.28,0.576,Kelud,32.4,0.0
-7.64,112.3,0.576,Arjuno-Welirang,31.9,0.0
-7.64,112.32,0.576,Arjuno-Welirang,29.8,0.1
-7.62,112.3,0.576,Arjuno-Welirang,32.6,0.0
-7.62,112.32,0.576,Arjuno-Welirang,30.6,0.1
-7.6,112.3,0.576,Arjuno-Welirang,33.5,0.0
-7.58,112.78,0.576,Penanggungan,17.1,0.8
-7.46,112.62,0.576,Penanggungan,17.3,0.8
-7.46,112.64,0.576,Penanggungan,17.3,0.8
-8.18,112.78,0.575,Semeru,17.6,0.7
-8.08,112.36,0.575,Kelud,17.6,0.7
-8.06,112.4,0.575,Kelud,17.7,0.7
-8.04,112.42,0.575,Kelud,17.4,0.8
-8.04,112.78,0.575,Semeru,17.4,0.8
-8.02,112.44,0.575,Kelud,17.6,0.7
-7.82,112.0,0.575,Kelud,36.1,0.0
-7.8,112.0,0.575,Kelud,36.9,0.0
-7.8,112.02,0.575,Kelud,34.9,0.0
-7.78,112.0,0.575,Kelud,37.8,0.0
-7.78,112.02,0.575,Kelud,35.8,0.0
-7.76,112.0,0.575,Kelud,38.8,0.0
-7.76,112.02,0.575,Kelud,36.9,0.0
-7.74,112.0,0.575,Kelud,40.0,0.0
-7.74,112.02,0.575,Kelud,38.1,0.0
-7.72,112.02,0.575,Kelud,39.4,0.0
-7.72,112.04,0.575,Kelud,37.6,0.0
-7.7,112.04,0.575,Kelud,39.1,0.0
-7.7,112.06,0.575,Kelud,37.4,0.0
-7.68,112.06,0.575,Kelud,39.0,0.0
-7.68,112.08,0.575,Kelud,37.5,0.0
-7.68,112.1,0.575,Kelud,36.0,0.0
-7.68,112.12,0.575,Kelud,34.7,0.0
-7.66,112.08,0.575,Kelud,39.1,0.0
-7.66,112.1,0.575,Kelud,37.8,0.0
-7.66,112.12,0.575,Kelud,36.5,0.0
-7.66,112.14,0.575,Kelud,35.3,0.0
-7.64,112.1,0.575,Kelud,39.6,0.0
-7.64,112.12,0.575,Kelud,38.3,0.0
-7.64,112.14,0.575,Kelud,37.2,0.0
-7.62,112.28,0.575,Kelud,34.6,0.0
-7.6,112.26,0.575,Kelud,37.1,0.0
-7.6,112.28,0.575,Arjuno-Welirang,35.5,0.0
-7.46,112.6,0.575,Penanggungan,17.5,0.7
-8.2,112.98,0.574,Semeru,12.1,2.2
-8.12,112.76,0.574,Semeru,17.9,0.7
-8.1,112.76,0.574,Semeru,17.9,0.7
-8.0,112.8,0.574,Bromo,17.7,0.7
-7.56,112.78,0.574,Penanggungan,17.7,0.7
-7.52,112.76,0.574,Penanggungan,17.9,0.7
-7.5,112.74,0.574,Penanggungan,17.7,0.7
-7.48,112.54,0.574,Penanggungan,17.9,0.7
-8.14,112.76,0.573,Semeru,18.2,0.7
-8.08,112.76,0.573,Semeru,18.1,0.7
-7.46,112.58,0.573,Penanggungan,18.1,0.7
-8.2,112.86,0.572,Semeru,12.3,2.1
-8.16,112.76,0.572,Semeru,18.7,0.6
-8.08,112.38,0.572,Kelud,18.5,0.6
-8.06,112.76,0.572,Semeru,18.6,0.6
-8.02,112.78,0.572,Semeru,18.4,0.6
-7.84,112.54,0.572,Arjuno-Welirang,12.9,1.9
-7.54,112.78,0.572,Penanggungan,18.6,0.6
-8.22,112.92,0.571,Semeru,12.5,2.0
-8.1,112.32,0.571,Kelud,18.9,0.6
-8.1,112.34,0.571,Kelud,19.2,0.5
-8.06,112.42,0.571,Kelud,19.0,0.6
-8.04,112.44,0.571,Kelud,19.0,0.6
-7.58,112.8,0.571,Penanggungan,19.2,0.5
-7.48,112.52,0.571,Penanggungan,19.2,0.5
-7.46,112.56,0.571,Penanggungan,18.8,0.6
-8.22,112.94,0.57,Semeru,12.6,2.0
-8.18,112.76,0.57,Semeru,19.5,0.5
-8.1,112.36,0.57,Kelud,19.8,0.5
-8.08,112.4,0.57,Kelud,19.5,0.5
-8.04,112.76,0.57,Semeru,19.4,0.5
-8.0,112.78,0.57,Semeru,19.7,0.5
-7.96,112.92,0.57,Bromo,3.9,11.4
-7.94,112.92,0.57,Bromo,3.3,12.8
-7.92,112.92,0.57,Bromo,4.1,10.9
-7.92,112.94,0.57,Bromo,2.7,14.5
-7.9,112.94,0.57,Bromo,4.8,9.5
-7.9,112.96,0.57,Bromo,4.8,9.5
-7.7,112.56,0.57,Arjuno-Welirang,3.6,12.0
-7.7,112.58,0.57,Arjuno-Welirang,3.3,12.9
-7.7,112.6,0.57,Arjuno-Welirang,4.2,10.6
-7.64,112.6,0.57,Penanggungan,4.2,10.6
-7.64,112.62,0.57,Penanggungan,3.0,13.7
-7.64,112.64,0.57,Penanggungan,3.0,13.5
-7.64,112.66,0.57,Penanggungan,4.4,10.3
-7.62,112.6,0.57,Penanggungan,3.2,12.9
-7.62,112.62,0.57,Penanggungan,1.1,19.7
-7.62,112.64,0.57,Penanggungan,1.3,19.0
-7.62,112.66,0.57,Penanggungan,3.5,12.4
-7.6,112.6,0.57,Penanggungan,3.6,12.0
-7.6,112.62,0.57,Penanggungan,1.9,16.8
-7.6,112.64,0.57,Penanggungan,2.1,16.4
-7.6,112.66,0.57,Penanggungan,3.8,11.6
-7.52,112.78,0.57,Penanggungan,19.7,0.5
-7.5,112.76,0.57,Penanggungan,19.3,0.5
-7.44,112.6,0.57,Penanggungan,19.7,0.5
-7.44,112.62,0.57,Penanggungan,19.5,0.5
-7.44,112.64,0.57,Penanggungan,19.5,0.5
-8.22,112.9,0.569,Semeru,12.7,2.0
-8.12,112.74,0.569,Semeru,20.1,0.4
-8.1,112.74,0.569,Semeru,20.1,0.4
-8.08,112.74,0.569,Semeru,20.3,0.4
-7.56,112.8,0.569,Penanggungan,19.8,0.5
-7.46,112.54,0.569,Penanggungan,19.8,0.5
-7.44,112.58,0.569,Penanggungan,20.2,0.4
-8.16,112.74,0.568,Semeru,20.9,0.4
-8.14,112.74,0.568,Semeru,20.3,0.4
-8.1,112.38,0.568,Kelud,20.5,0.4
-8.08,112.42,0.568,Kelud,20.7,0.4
-8.06,112.44,0.568,Kelud,20.5,0.4
-8.06,112.74,0.568,Semeru,20.7,0.4
-8.02,112.76,0.568,Semeru,20.3,0.4
-7.54,112.8,0.568,Penanggungan,20.6,0.4
-7.44,112.56,0.568,Penanggungan,20.9,0.4
-8.18,112.74,0.567,Semeru,21.6,0.3
-8.12,112.28,0.567,Kelud,21.4,0.3
-8.12,112.3,0.567,Kelud,21.1,0.4
-8.12,112.32,0.567,Kelud,21.2,0.4
-8.12,112.34,0.567,Kelud,21.4,0.3
-8.1,112.4,0.567,Kelud,21.4,0.3
-8.04,112.74,0.567,Semeru,21.4,0.3
-8.0,112.76,0.567,Semeru,21.5,0.3
-7.58,112.82,0.567,Penanggungan,21.4,0.3
-7.52,112.8,0.567,Penanggungan,21.6,0.3
-7.5,112.78,0.567,Penanggungan,21.0,0.4
-7.46,112.52,0.567,Penanggungan,21.0,0.4
-8.22,112.96,0.566,Semeru,13.1,1.8
-8.12,112.24,0.566,Kelud,22.4,0.3
-8.12,112.26,0.566,Kelud,21.8,0.3
-8.12,112.36,0.566,Kelud,21.9,0.3
-8.12,112.72,0.566,Semeru,22.3,0.3
-8.1,112.2,0.566,Kelud,22.3,0.3
-8.1,112.72,0.566,Semeru,22.3,0.3
-8.08,112.44,0.566,Kelud,22.1,0.3
-8.08,112.72,0.566,Semeru,22.5,0.3
-8.06,112.46,0.566,Kelud,22.1,0.3
-8.02,112.74,0.566,Semeru,22.3,0.3
-7.56,112.82,0.566,Penanggungan,21.9,0.3
-7.46,112.5,0.566,Penanggungan,22.3,0.3
-7.44,112.54,0.566,Penanggungan,21.8,0.3
-7.42,112.58,0.566,Penanggungan,22.3,0.3
-7.42,112.6,0.566,Penanggungan,21.9,0.3
-7.42,112.62,0.566,Penanggungan,21.7,0.3
-8.22,112.88,0.565,Semeru,13.3,1.7
-8.16,112.72,0.565,Semeru,23.0,0.3
-8.14,112.3,0.565,Kelud,23.4,0.2
-8.14,112.32,0.565,Kelud,23.4,0.2
-8.14,112.72,0.565,Semeru,22.5,0.3
-8.12,112.22,0.565,Kelud,23.2,0.2
-8.12,112.38,0.565,Kelud,22.6,0.3
-8.12,112.4,0.565,Kelud,23.4,0.2
-8.1,112.42,0.565,Kelud,22.6,0.3
-8.0,112.74,0.565,Semeru,23.4,0.2
-7.54,112.82,0.565,Penanggungan,22.6,0.3
-7.44,112.52,0.565,Penanggungan,22.9,0.3
-7.42,112.56,0.565,Penanggungan,23.0,0.2
-8.2,113.0,0.564,Semeru,13.4,1.7
-8.18,112.72,0.564,Semeru,23.6,0.2
-8.14,112.24,0.564,Kelud,24.5,0.2
-8.14,112.26,0.564,Kelud,23.9,0.2
-8.14,112.28,0.564,Kelud,23.6,0.2
-8.14,112.34,0.564,Kelud,23.6,0.2
-8.14,112.36,0.564,Kelud,24.0,0.2
-8.14,112.38,0.564,Kelud,24.7,0.2
-8.14,112.7,0.564,Semeru,24.7,0.2
-8.12,112.2,0.564,Kelud,24.2,0.2
-8.12,112.42,0.564,Kelud,24.5,0.2
-8.12,112.7,0.564,Semeru,24.5,0.2
-8.1,112.18,0.564,Kelud,23.6,0.2
-8.1,112.44,0.564,Kelud,23.8,0.2
-8.1,112.7,0.564,Semeru,24.5,0.2
-8.08,112.46,0.564,Kelud,23.6,0.2
-7.94,112.18,0.564,Kelud,14.1,1.5
-7.58,112.84,0.564,Penanggungan,23.6,0.2
-7.56,112.84,0.564,Penanggungan,24.0,0.2
-7.54,112.84,0.564,Penanggungan,24.7,0.2
-7.52,112.82,0.564,Penanggungan,23.6,0.2
-7.44,112.5,0.564,Penanggungan,24.1,0.2
-7.42,112.54,0.564,Penanggungan,23.8,0.2
-7.4,112.58,0.564,Penanggungan,24.5,0.2
-7.4,112.6,0.564,Penanggungan,24.1,0.2
-7.4,112.62,0.564,Penanggungan,23.9,0.2
-8.1,112.16,0.563,Kelud,25.0,0.2
-8.08,112.14,0.563,Kelud,24.9,0.2
-7.42,112.52,0.563,Penanggungan,24.8,0.2
-8.2,112.84,0.562,Semeru,13.6,1.6
-7.96,112.18,0.562,Kelud,14.5,1.4
-8.22,112.98,0.56,Semeru,14.0,1.5
-8.22,112.86,0.559,Semeru,14.2,1.4
-8.24,112.92,0.556,Semeru,14.7,1.3
-8.24,112.94,0.556,Semeru,14.8,1.3
-8.24,112.9,0.555,Semeru,14.9,1.3
-8.2,113.02,0.555,Semeru,14.9,1.3
-8.08,112.48,0.548,Kelud,25.2,0.2
-8.06,112.12,0.548,Kelud,25.2,0.2
-8.06,112.5,0.548,Kelud,25.6,0.1
-8.06,112.7,0.548,Semeru,25.0,0.2
-8.04,112.1,0.548,Kelud,26.0,0.1
-8.04,112.7,0.548,Semeru,25.6,0.1
-8.02,112.7,0.548,Semeru,26.3,0.1
-8.0,112.08,0.548,Kelud,26.3,0.1
-8.0,112.72,0.548,Semeru,25.3,0.2
-7.46,112.46,0.548,Penanggungan,25.4,0.2
-8.12,112.66,0.547,Semeru,28.9,0.1
-8.1,112.5,0.547,Kelud,28.4,0.1
-8.1,112.66,0.547,Semeru,28.9,0.1
-8.1,112.68,0.547,Semeru,26.7,0.1
-8.08,112.5,0.547,Kelud,26.9,0.1
-8.08,112.52,0.547,Kelud,28.7,0.1
-8.08,112.68,0.547,Semeru,26.8,0.1
-8.06,112.68,0.547,Semeru,27.2,0.1
-8.04,112.08,0.547,Kelud,27.9,0.1
-8.02,112.08,0.547,Kelud,27.0,0.1
-8.0,112.06,0.547,Kelud,28.4,0.1
-8.0,112.7,0.547,Semeru,27.2,0.1
-7.46,112.42,0.547,Penanggungan,28.8,0.1
-7.46,112.44,0.547,Penanggungan,27.0,0.1
-7.44,112.44,0.547,Penanggungan,28.5,0.1
-7.44,112.46,0.547,Penanggungan,26.9,0.1
-8.14,112.62,0.546,Semeru,33.4,0.0
-8.14,112.64,0.546,Semeru,31.2,0.0
-8.12,112.52,0.546,Kelud,31.5,0.0
-8.12,112.54,0.546,Kelud,33.1,0.0
-8.12,112.62,0.546,Semeru,33.3,0.0
-8.12,112.64,0.546,Semeru,31.1,0.0
-8.1,112.52,0.546,Kelud,30.0,0.1
-8.1,112.54,0.546,Kelud,31.8,0.0
-8.1,112.56,0.546,Kelud,33.6,0.0
-8.1,112.64,0.546,Semeru,31.1,0.0
-8.08,112.66,0.546,Semeru,29.0,0.1
-7.46,112.36,0.546,Penanggungan,34.3,0.0
-7.44,112.38,0.546,Penanggungan,33.6,0.0
-7.44,112.4,0.546,Penanggungan,31.9,0.0
-7.44,112.42,0.546,Penanggungan,30.2,0.1
-7.42,112.4,0.546,Penanggungan,33.3,0.0
-7.42,112.42,0.546,Penanggungan,31.6,0.0
-8.14,112.54,0.545,Kelud,34.6,0.0
-8.14,112.56,0.545,Kelud,36.3,0.0
-8.14,112.58,0.545,Semeru,37.8,0.0
-8.14,112.6,0.545,Semeru,35.6,0.0
-8.12,112.56,0.545,Kelud,34.9,0.0
-8.12,112.58,0.545,Kelud,36.7,0.0
-8.12,112.6,0.545,Semeru,35.5,0.0
-7.58,112.26,0.545,Arjuno-Welirang,38.5,0.0
-7.58,112.28,0.545,Arjuno-Welirang,36.5,0.0
-7.56,112.26,0.545,Arjuno-Welirang,39.5,0.0
-7.56,112.28,0.545,Arjuno-Welirang,37.6,0.0
-7.54,112.28,0.545,Arjuno-Welirang,38.7,0.0
-7.52,112.28,0.545,Penanggungan,39.9,0.0
-7.5,112.3,0.545,Penanggungan,38.5,0.0
-7.48,112.3,0.545,Penanggungan,39.3,0.0
-7.48,112.32,0.545,Penanggungan,37.2,0.0
-7.46,112.32,0.545,Penanggungan,38.2,0.0
-7.46,112.34,0.545,Penanggungan,36.2,0.0
-7.44,112.32,0.545,Penanggungan,39.2,0.0
-7.44,112.34,0.545,Penanggungan,37.3,0.0
-7.44,112.36,0.545,Penanggungan,35.5,0.0
-7.42,112.36,0.545,Penanggungan,36.7,0.0
-7.42,112.38,0.545,Penanggungan,35.0,0.0
-7.58,112.62,0.54,Penanggungan,4.0,11.1
-7.58,112.64,0.54,Penanggungan,4.1,11.0
-7.98,113.48,0.539,Lamongan,15.1,1.2
-7.96,113.48,0.539,Lamongan,15.2,1.2
-7.9,113.08,0.539,Bromo,15.1,1.2
-7.88,113.44,0.539,Lamongan,15.2,1.2
-7.86,113.06,0.539,Bromo,15.2,1.2
-7.84,113.04,0.539,Bromo,15.1,1.2
-7.84,113.34,0.539,Lamongan,15.2,1.2
-7.84,113.32,0.538,Lamongan,15.4,1.1
-7.84,113.36,0.538,Lamongan,15.3,1.1
-7.94,113.48,0.537,Lamongan,15.6,1.1
-7.9,113.46,0.537,Lamongan,15.5,1.1
-7.88,113.24,0.537,Lamongan,15.7,1.1
-7.86,113.42,0.537,Lamongan,15.5,1.1
-7.82,113.02,0.537,Bromo,15.6,1.1
-7.98,113.2,0.536,Lamongan,15.8,1.1
-7.96,113.2,0.536,Lamongan,15.9,1.0
-7.88,113.08,0.536,Bromo,15.9,1.0
-7.86,113.26,0.536,Lamongan,15.9,1.0
-7.84,113.38,0.536,Lamongan,15.8,1.1
-7.9,113.22,0.535,Lamongan,16.0,1.0
-7.84,113.3,0.535,Lamongan,16.0,1.0
-7.94,113.2,0.534,Lamongan,16.3,1.0
-7.92,113.48,0.534,Lamongan,16.4,0.9
-7.96,112.56,0.533,Arjuno-Welirang,25.7,0.1
-7.96,112.58,0.533,Arjuno-Welirang,25.7,0.1
-7.96,112.62,0.533,Arjuno-Welirang,26.2,0.1
-7.96,113.1,0.533,Bromo,16.6,0.9
-7.94,113.1,0.533,Bromo,16.5,0.9
-7.92,113.1,0.533,Bromo,16.7,0.9
-7.84,113.06,0.533,Bromo,16.6,0.9
-7.84,113.4,0.533,Lamongan,16.5,0.9
-7.8,112.12,0.533,Kelud,25.3,0.2
-7.98,112.58,0.532,Arjuno-Welirang,27.9,0.1
-7.98,112.6,0.532,Arjuno-Welirang,28.0,0.1
-7.98,112.62,0.532,Arjuno-Welirang,28.3,0.1
-7.92,113.2,0.532,Lamongan,17.0,0.8
-7.88,113.46,0.532,Lamongan,16.8,0.9
-7.86,113.08,0.532,Bromo,17.0,0.8
-7.86,113.44,0.532,Lamongan,16.8,0.9
-7.84,113.28,0.532,Lamongan,16.7,0.9
-7.82,113.04,0.532,Bromo,16.8,0.9
-7.8,112.1,0.532,Kelud,27.1,0.1
-7.8,113.0,0.532,Bromo,16.7,0.9
-7.78,112.1,0.532,Kelud,28.3,0.1
-7.76,112.14,0.532,Kelud,26.5,0.1
-7.74,112.14,0.532,Kelud,28.1,0.1
-7.74,112.16,0.532,Kelud,26.7,0.1
-7.98,113.1,0.531,Bromo,17.1,0.8
-7.9,113.1,0.531,Bromo,17.2,0.8
-7.88,113.22,0.531,Lamongan,17.3,0.8
-7.86,113.24,0.531,Lamongan,17.3,0.8
-7.78,112.08,0.531,Kelud,30.1,0.1
-7.76,112.08,0.531,Kelud,31.4,0.0
-7.76,112.1,0.531,Kelud,29.7,0.1
-7.74,112.1,0.531,Kelud,31.2,0.0
-7.74,112.12,0.531,Kelud,29.6,0.1
-7.9,113.48,0.53,Lamongan,17.3,0.8
-7.84,113.42,0.53,Lamongan,17.4,0.8
-7.82,113.32,0.53,Lamongan,17.6,0.7
-7.82,113.34,0.53,Lamongan,17.5,0.8
-7.82,113.36,0.53,Lamongan,17.6,0.7
-7.8,113.02,0.53,Bromo,17.6,0.7
-7.98,113.18,0.529,Lamongan,18.0,0.7
-7.9,113.2,0.529,Lamongan,17.9,0.7
-7.88,113.1,0.529,Bromo,17.9,0.7
-7.84,113.26,0.529,Lamongan,17.8,0.7
-7.82,113.38,0.529,Lamongan,17.9,0.7
-7.96,113.18,0.528,Lamongan,18.0,0.7
-7.86,113.46,0.528,Lamongan,18.3,0.6
-7.84,113.08,0.528,Bromo,18.3,0.6
-7.82,113.06,0.528,Bromo,18.2,0.7
-7.82,113.3,0.528,Lamongan,18.1,0.7
-8.2,112.78,0.527,Semeru,18.7,0.6
-7.94,113.12,0.527,Bromo,18.7,0.6
-7.94,113.18,0.527,Lamongan,18.4,0.6
-7.88,113.48,0.527,Lamongan,18.5,0.6
-7.86,113.22,0.527,Lamongan,18.8,0.6
-7.84,113.44,0.527,Lamongan,18.6,0.6
-7.82,113.28,0.527,Lamongan,18.8,0.6
-7.82,113.4,0.527,Lamongan,18.6,0.6
-7.8,113.04,0.527,Bromo,18.6,0.6
-7.98,113.12,0.526,Bromo,19.2,0.5
-7.96,113.12,0.526,Bromo,18.8,0.6
-7.92,113.12,0.526,Bromo,18.9,0.6
-7.92,113.18,0.526,Lamongan,19.0,0.5
-7.88,113.2,0.526,Lamongan,19.1,0.5
-7.86,113.1,0.526,Bromo,18.9,0.6
-7.84,113.24,0.526,Lamongan,19.0,0.6
-7.78,113.0,0.526,Bromo,18.8,0.6
-7.9,113.12,0.525,Bromo,19.3,0.5
-7.82,113.08,0.525,Bromo,19.7,0.5
-7.82,113.26,0.525,Lamongan,19.7,0.5
-7.82,113.42,0.525,Lamongan,19.4,0.5
-7.8,113.34,0.525,Lamongan,19.7,0.5
-7.78,113.02,0.525,Bromo,19.6,0.5
-7.98,113.16,0.524,Lamongan,20.2,0.4
-7.96,113.16,0.524,Lamongan,20.2,0.4
-7.9,113.18,0.524,Lamongan,19.9,0.5
-7.88,113.12,0.524,Bromo,20.0,0.5
-7.86,113.48,0.524,Lamongan,19.9,0.5
-7.84,113.1,0.524,Bromo,20.0,0.4
-7.84,113.46,0.524,Lamongan,20.0,0.5
-7.8,113.06,0.524,Bromo,19.9,0.5
-7.8,113.3,0.524,Lamongan,20.2,0.4
-7.8,113.32,0.524,Lamongan,19.8,0.5
-7.8,113.36,0.524,Lamongan,19.8,0.5
-7.8,113.38,0.524,Lamongan,20.1,0.4
-8.2,112.76,0.523,Semeru,20.6,0.4
-7.94,113.14,0.523,Bromo,20.9,0.4
-7.94,113.16,0.523,Lamongan,20.6,0.4
-7.88,113.18,0.523,Lamongan,20.9,0.4
-7.86,113.12,0.523,Bromo,20.8,0.4
-7.86,113.2,0.523,Lamongan,20.4,0.4
-7.84,113.22,0.523,Lamongan,20.4,0.4
-7.82,113.24,0.523,Lamongan,20.8,0.4
-7.82,113.44,0.523,Lamongan,20.5,0.4
-7.8,113.28,0.523,Lamongan,20.9,0.4
-7.8,113.4,0.523,Lamongan,20.7,0.4
-7.78,113.04,0.523,Bromo,20.6,0.4
-7.98,113.14,0.522,Bromo,21.3,0.3
-7.96,113.14,0.522,Bromo,21.0,0.4
-7.92,113.14,0.522,Bromo,21.1,0.4
-7.92,113.16,0.522,Lamongan,21.1,0.4
-7.9,113.14,0.522,Bromo,21.4,0.3
-7.84,113.48,0.522,Lamongan,21.4,0.3
-7.82,113.1,0.522,Bromo,21.4,0.3
-7.8,113.08,0.522,Bromo,21.3,0.3
-7.8,113.42,0.522,Lamongan,21.4,0.3
-7.76,113.02,0.522,Bromo,21.7,0.3
-8.22,112.76,0.521,Semeru,21.7,0.3
-8.2,112.74,0.521,Semeru,22.5,0.3
-7.9,113.16,0.521,Lamongan,21.9,0.3
-7.88,113.14,0.521,Bromo,22.0,0.3
-7.86,113.18,0.521,Lamongan,22.2,0.3
-7.84,113.12,0.521,Bromo,21.9,0.3
-7.84,113.2,0.521,Lamongan,21.9,0.3
-7.82,113.22,0.521,Lamongan,22.1,0.3
-7.82,113.46,0.521,Lamongan,21.7,0.3
-7.8,113.26,0.521,Lamongan,21.7,0.3
-7.8,113.44,0.521,Lamongan,22.4,0.3
-7.78,113.06,0.521,Bromo,21.7,0.3
-7.78,113.3,0.521,Lamongan,22.4,0.3
-7.78,113.32,0.521,Lamongan,22.1,0.3
-7.78,113.34,0.521,Lamongan,21.9,0.3
-7.78,113.36,0.521,Lamongan,22.0,0.3
-7.78,113.38,0.521,Lamongan,22.3,0.3
-7.88,113.16,0.52,Lamongan,22.9,0.3
-7.86,113.14,0.52,Bromo,22.8,0.3
-7.82,113.12,0.52,Bromo,23.1,0.2
-7.82,113.48,0.52,Lamongan,23.1,0.2
-7.8,113.1,0.52,Bromo,22.9,0.3
-7.8,113.24,0.52,Lamongan,22.7,0.3
-7.78,113.08,0.52,Bromo,23.0,0.2
-7.78,113.28,0.52,Lamongan,23.0,0.2
-7.78,113.4,0.52,Lamongan,22.8,0.3
-7.78,113.42,0.52,Lamongan,23.5,0.2
-7.76,113.04,0.52,Bromo,22.5,0.3
-7.74,113.0,0.52,Bromo,23.1,0.2
-8.22,112.74,0.519,Semeru,23.6,0.2
-8.2,112.72,0.519,Semeru,24.5,0.2
-7.86,113.16,0.519,Lamongan,24.0,0.2
-7.84,113.14,0.519,Bromo,23.8,0.2
-7.84,113.18,0.519,Lamongan,23.5,0.2
-7.82,113.2,0.519,Lamongan,23.5,0.2
-7.8,113.12,0.519,Bromo,24.5,0.2
-7.8,113.22,0.519,Lamongan,23.9,0.2
-7.8,113.46,0.519,Lamongan,23.5,0.2
-7.78,113.1,0.519,Bromo,24.4,0.2
-7.78,113.24,0.519,Lamongan,24.7,0.2
-7.78,113.26,0.519,Lamongan,23.7,0.2
-7.78,113.44,0.519,Lamongan,24.4,0.2
-7.76,113.06,0.519,Bromo,23.6,0.2
-7.76,113.3,0.519,Lamongan,24.6,0.2
-7.76,113.32,0.519,Lamongan,24.3,0.2
-7.76,113.34,0.519,Lamongan,24.1,0.2
-7.76,113.36,0.519,Lamongan,24.2,0.2
-7.76,113.38,0.519,Lamongan,24.5,0.2
-7.74,113.02,0.519,Bromo,23.7,0.2
-7.74,113.04,0.519,Bromo,24.6,0.2
-8.24,112.74,0.518,Semeru,24.8,0.2
-7.98,112.54,0.518,Kelud,26.1,0.1
-7.96,112.54,0.518,Kelud,25.8,0.1
-7.94,112.66,0.518,Arjuno-Welirang,25.3,0.2
-7.94,112.68,0.518,Arjuno-Welirang,26.2,0.1
-7.94,112.72,0.518,Bromo,25.3,0.2
-7.92,112.7,0.518,Arjuno-Welirang,25.3,0.2
-7.92,112.72,0.518,Bromo,25.4,0.2
-7.84,112.1,0.518,Kelud,25.0,0.2
-7.82,112.1,0.518,Kelud,26.0,0.1
-7.82,113.14,0.518,Bromo,24.9,0.2
-7.8,113.48,0.518,Lamongan,24.8,0.2
-7.76,113.08,0.518,Bromo,24.8,0.2
-7.76,113.4,0.518,Lamongan,24.9,0.2
-7.74,112.18,0.518,Kelud,25.4,0.2
-7.72,112.2,0.518,Kelud,26.2,0.1
-7.72,112.22,0.518,Kelud,25.3,0.2
-7.6,112.38,0.518,Arjuno-Welirang,25.8,0.1
-7.98,112.56,0.517,Arjuno-Welirang,28.0,0.1
-7.98,112.64,0.517,Arjuno-Welirang,28.8,0.1
-7.96,112.64,0.517,Arjuno-Welirang,26.7,0.1
-7.96,112.66,0.517,Arjuno-Welirang,27.3,0.1
-7.96,112.68,0.517,Arjuno-Welirang,28.2,0.1
-7.96,112.7,0.517,Bromo,27.6,0.1
-7.94,112.7,0.517,Arjuno-Welirang,27.2,0.1
-7.84,112.08,0.517,Kelud,27.0,0.1
-7.82,112.08,0.517,Kelud,27.9,0.1
-7.8,112.08,0.517,Kelud,29.0,0.1
-7.72,112.16,0.517,Kelud,28.5,0.1
-7.72,112.18,0.517,Kelud,27.3,0.1
-7.62,112.34,0.517,Arjuno-Welirang,28.6,0.1
-7.62,112.36,0.517,Arjuno-Welirang,26.6,0.1
-7.6,112.36,0.517,Arjuno-Welirang,27.7,0.1
-7.98,112.66,0.516,Arjuno-Welirang,29.4,0.1
-7.84,112.06,0.516,Kelud,29.1,0.1
-7.82,112.06,0.516,Kelud,29.9,0.1
-7.8,112.04,0.516,Kelud,32.9,0.0
-7.8,112.06,0.516,Kelud,30.9,0.1
-7.78,112.04,0.516,Kelud,33.9,0.0
-7.78,112.06,0.516,Kelud,32.0,0.0
-7.76,112.06,0.516,Kelud,33.2,0.0
-7.74,112.08,0.516,Kelud,32.8,0.0
-7.72,112.08,0.516,Kelud,34.3,0.0
-7.72,112.1,0.516,Kelud,32.7,0.0
-7.72,112.12,0.516,Kelud,31.2,0.0
-7.72,112.14,0.516,Kelud,29.8,0.1
-7.7,112.1,0.516,Kelud,34.3,0.0
-7.7,112.12,0.516,Kelud,32.9,0.0
-7.7,112.14,0.516,Kelud,31.6,0.0
-7.7,112.16,0.516,Kelud,30.3,0.1
-7.7,112.18,0.516,Kelud,29.2,0.1
-7.6,112.32,0.516,Arjuno-Welirang,31.6,0.0
-7.6,112.34,0.516,Arjuno-Welirang,29.6,0.1
-7.76,112.04,0.515,Kelud,35.1,0.0
-7.74,112.04,0.515,Kelud,36.3,0.0
-7.74,112.06,0.515,Kelud,34.5,0.0
-7.72,112.06,0.515,Kelud,35.9,0.0
-7.7,112.08,0.515,Kelud,35.8,0.0
-8.1,113.06,0.509,Semeru,15.2,1.2
-8.1,113.4,0.509,Lamongan,15.0,1.2
-8.18,113.04,0.508,Semeru,15.3,1.2
-8.12,113.06,0.508,Semeru,15.2,1.2
-8.1,113.28,0.508,Lamongan,15.3,1.2
-8.04,113.22,0.508,Lamongan,15.2,1.2
-8.0,113.48,0.508,Lamongan,15.3,1.2
-7.48,112.66,0.508,Penanggungan,15.4,1.1
-8.14,113.06,0.507,Semeru,15.6,1.1
-8.08,113.06,0.507,Semeru,15.5,1.1
-8.08,113.44,0.507,Lamongan,15.7,1.1
-8.12,113.34,0.506,Lamongan,15.9,1.0
-8.06,113.46,0.506,Lamongan,15.8,1.0
-8.02,113.48,0.506,Lamongan,15.8,1.0
-8.0,113.08,0.506,Bromo,15.7,1.1
-8.12,113.32,0.505,Lamongan,16.1,1.0
-8.12,113.36,0.505,Lamongan,16.0,1.0
-8.1,113.42,0.505,Lamongan,16.1,1.0
-8.08,113.24,0.505,Lamongan,16.1,1.0
-8.06,113.06,0.505,Semeru,16.1,1.0
-8.0,113.2,0.505,Lamongan,16.0,1.0
-7.48,112.68,0.505,Penanggungan,16.0,1.0
-8.16,113.06,0.504,Semeru,16.3,1.0
-8.12,113.38,0.504,Lamongan,16.4,0.9
-8.06,113.22,0.504,Lamongan,16.4,0.9
-8.04,113.06,0.504,Bromo,16.3,1.0
-8.12,113.3,0.503,Lamongan,16.6,0.9
-8.1,113.26,0.503,Lamongan,16.4,0.9
-8.04,113.48,0.503,Lamongan,16.6,0.9
-8.02,113.2,0.503,Lamongan,16.5,0.9
-7.72,112.88,0.503,Bromo,25.9,0.1
-7.72,112.9,0.503,Bromo,25.3,0.2
-7.7,112.28,0.503,Kelud,25.8,0.1
-7.7,112.3,0.503,Kelud,25.6,0.1
-7.7,112.32,0.503,Kelud,25.6,0.1
-7.7,112.34,0.503,Kelud,25.8,0.1
-7.66,112.86,0.503,Penanggungan,25.9,0.1
-7.64,112.86,0.503,Penanggungan,25.6,0.1
-7.62,112.86,0.503,Penanggungan,25.5,0.2
-7.6,112.86,0.503,Penanggungan,25.5,0.2
-7.58,112.4,0.503,Arjuno-Welirang,25.4,0.2
-7.52,112.42,0.503,Penanggungan,25.3,0.2
-8.02,113.08,0.502,Bromo,16.7,0.9
-8.0,112.56,0.502,Kelud,28.8,0.1
-7.72,112.86,0.502,Bromo,26.6,0.1
-7.7,112.86,0.502,Penanggungan,27.2,0.1
-7.7,112.88,0.502,Bromo,28.0,0.1
-7.7,112.9,0.502,Bromo,27.5,0.1
-7.7,112.92,0.502,Bromo,27.1,0.1
-7.7,112.94,0.502,Bromo,26.9,0.1
-7.7,112.96,0.502,Bromo,26.9,0.1
-7.7,112.98,0.502,Bromo,27.1,0.1
-7.68,112.26,0.502,Kelud,28.3,0.1
-7.68,112.28,0.502,Kelud,28.0,0.1
-7.68,112.3,0.502,Kelud,27.8,0.1
-7.68,112.32,0.502,Kelud,27.8,0.1
-7.68,112.34,0.502,Arjuno-Welirang,26.5,0.1
-7.68,112.86,0.502,Penanggungan,26.5,0.1
-7.68,112.88,0.502,Penanggungan,28.6,0.1
-7.66,112.88,0.502,Penanggungan,28.1,0.1
-7.64,112.88,0.502,Penanggungan,27.8,0.1
-7.62,112.88,0.502,Penanggungan,27.7,0.1
-7.6,112.88,0.502,Penanggungan,27.7,0.1
-7.58,112.36,0.502,Arjuno-Welirang,28.9,0.1
-7.58,112.38,0.502,Arjuno-Welirang,27.1,0.1
-7.52,112.4,0.502,Penanggungan,27.4,0.1
-7.48,112.7,0.502,Penanggungan,16.9,0.8
-8.18,113.06,0.501,Semeru,17.2,0.8
-8.12,113.4,0.501,Lamongan,17.1,0.8
-8.08,113.46,0.501,Lamongan,17.2,0.8
-8.04,112.56,0.501,Kelud,30.3,0.1
-8.04,112.58,0.501,Kelud,32.4,0.0
-8.04,112.6,0.501,Kelud,34.4,0.0
-8.04,112.62,0.501,Semeru,34.1,0.0
-8.04,113.2,0.501,Lamongan,17.2,0.8
-8.02,112.56,0.501,Kelud,29.5,0.1
-8.02,112.62,0.501,Arjuno-Welirang,32.7,0.0
-8.0,112.58,0.501,Arjuno-Welirang,30.1,0.1
-8.0,112.62,0.501,Arjuno-Welirang,30.5,0.1
-7.98,112.0,0.501,Kelud,34.4,0.0
-7.98,112.02,0.501,Kelud,32.2,0.0
-7.98,112.04,0.501,Kelud,30.0,0.1
-7.96,112.0,0.501,Kelud,34.1,0.0
-7.96,112.02,0.501,Kelud,31.9,0.0
-7.96,112.04,0.501,Kelud,29.7,0.1
-7.94,112.0,0.501,Kelud,33.9,0.0
-7.94,112.02,0.501,Kelud,31.7,0.0
-7.94,112.04,0.501,Kelud,29.5,0.1
-7.92,112.0,0.501,Kelud,33.9,0.0
-7.92,112.02,0.501,Kelud,31.7,0.0
-7.92,112.04,0.501,Kelud,29.5,0.1
-7.9,112.0,0.501,Kelud,34.1,0.0
-7.9,112.02,0.501,Kelud,31.9,0.0
-7.9,112.04,0.501,Kelud,29.7,0.1
-7.88,112.0,0.501,Kelud,34.4,0.0
-7.88,112.02,0.501,Kelud,32.2,0.0
-7.68,112.9,0.501,Bromo,29.6,0.1
-7.68,112.92,0.501,Bromo,29.3,0.1
-7.68,112.94,0.501,Bromo,29.2,0.1
-7.68,112.96,0.501,Bromo,29.2,0.1
-7.68,112.98,0.501,Bromo,29.3,0.1
-7.66,112.22,0.501,Kelud,31.5,0.0
-7.66,112.24,0.501,Kelud,30.9,0.1
-7.66,112.26,0.501,Kelud,30.5,0.1
-7.66,112.28,0.501,Kelud,30.2,0.1
-7.66,112.3,0.501,Kelud,30.0,0.1
-7.66,112.9,0.501,Penanggungan,30.3,0.1
-7.66,112.92,0.501,Bromo,31.5,0.0
-7.66,112.94,0.501,Bromo,31.4,0.0
-7.66,112.96,0.501,Bromo,31.4,0.0
-7.66,112.98,0.501,Bromo,31.5,0.0
-7.64,112.2,0.501,Kelud,34.4,0.0
-7.64,112.22,0.501,Kelud,33.7,0.0
-7.64,112.24,0.501,Kelud,33.1,0.0
-7.64,112.26,0.501,Kelud,32.7,0.0
-7.64,112.9,0.501,Penanggungan,30.0,0.1
-7.64,112.92,0.501,Penanggungan,32.2,0.0
-7.64,112.94,0.501,Bromo,33.6,0.0
-7.64,112.96,0.501,Bromo,33.6,0.0
-7.62,112.9,0.501,Penanggungan,29.9,0.1
-7.62,112.92,0.501,Penanggungan,32.1,0.0
-7.62,112.94,0.501,Penanggungan,34.3,0.0
-7.6,112.9,0.501,Penanggungan,29.9,0.1
-7.6,112.92,0.501,Penanggungan,32.1,0.0
-7.6,112.94,0.501,Penanggungan,34.3,0.0
-7.56,112.34,0.501,Arjuno-Welirang,32.0,0.0
-7.56,112.36,0.501,Arjuno-Welirang,30.2,0.1
-7.54,112.34,0.501,Penanggungan,32.9,0.0
-7.54,112.36,0.501,Penanggungan,30.8,0.1
-7.52,112.36,0.501,Penanggungan,31.5,0.0
-7.52,112.38,0.501,Penanggungan,29.4,0.1
-8.12,113.08,0.5,Semeru,17.4,0.8
-8.12,113.28,0.5,Lamongan,17.3,0.8
-8.1,113.08,0.5,Semeru,17.4,0.8
-8.1,113.44,0.5,Lamongan,17.4,0.8
-8.06,112.6,0.5,Kelud,35.3,0.0
-7.98,111.96,0.5,Kelud,38.7,0.0
-7.98,111.98,0.5,Kelud,36.5,0.0
-7.96,111.96,0.5,Kelud,38.5,0.0
-7.96,111.98,0.5,Kelud,36.3,0.0
-7.94,111.96,0.5,Kelud,38.3,0.0
-7.94,111.98,0.5,Kelud,36.1,0.0
-7.92,111.96,0.5,Kelud,38.3,0.0
-7.92,111.98,0.5,Kelud,36.1,0.0
-7.9,111.96,0.5,Kelud,38.5,0.0
-7.9,111.98,0.5,Kelud,36.3,0.0
-7.88,111.96,0.5,Kelud,38.7,0.0
-7.88,111.98,0.5,Kelud,36.6,0.0
-7.86,111.96,0.5,Kelud,39.1,0.0
-7.86,111.98,0.5,Kelud,37.0,0.0
-7.86,112.0,0.5,Kelud,34.8,0.0
-7.84,111.96,0.5,Kelud,39.6,0.0
-7.84,111.98,0.5,Kelud,37.5,0.0
-7.84,112.0,0.5,Kelud,35.4,0.0
-7.82,111.98,0.5,Kelud,38.1,0.0
-7.8,111.98,0.5,Kelud,38.9,0.0
-7.78,111.98,0.5,Kelud,39.8,0.0
-7.64,112.16,0.5,Kelud,36.1,0.0
-7.64,112.18,0.5,Kelud,35.2,0.0
-7.62,112.14,0.5,Kelud,39.1,0.0
-7.62,112.16,0.5,Kelud,38.1,0.0
-7.62,112.18,0.5,Kelud,37.2,0.0
-7.62,112.2,0.5,Kelud,36.5,0.0
-7.62,112.22,0.5,Kelud,35.8,0.0
-7.62,112.24,0.5,Kelud,35.3,0.0
-7.62,112.26,0.5,Kelud,34.9,0.0
-7.6,112.18,0.5,Kelud,39.3,0.0
-7.6,112.2,0.5,Kelud,38.6,0.0
-7.6,112.22,0.5,Kelud,38.0,0.0
-7.6,112.24,0.5,Kelud,37.5,0.0
-7.46,112.66,0.5,Penanggungan,17.6,0.7
-8.14,113.08,0.499,Semeru,17.8,0.7
-8.1,113.24,0.499,Lamongan,17.8,0.7
-8.08,113.08,0.499,Semeru,17.7,0.7
-8.08,113.22,0.499,Lamongan,17.7,0.7
-8.06,113.48,0.499,Lamongan,17.7,0.7
-8.04,113.08,0.499,Bromo,18.0,0.7
-8.0,113.1,0.499,Bromo,17.7,0.7
-8.16,113.08,0.498,Semeru,18.3,0.6
-8.14,113.32,0.498,Lamongan,18.3,0.6
-8.14,113.34,0.498,Lamongan,18.1,0.7
-8.14,113.36,0.498,Lamongan,18.2,0.6
-8.12,113.26,0.498,Lamongan,18.3,0.6
-8.12,113.42,0.498,Lamongan,18.0,0.7
-8.06,113.08,0.498,Semeru,18.2,0.7
-8.06,113.2,0.498,Lamongan,18.3,0.6
-8.0,113.18,0.498,Lamongan,18.1,0.7
-7.48,112.72,0.498,Penanggungan,18.1,0.7
-7.46,112.68,0.498,Penanggungan,18.1,0.7
-8.14,113.3,0.497,Lamongan,18.7,0.6
-8.14,113.38,0.497,Lamongan,18.6,0.6
-8.1,113.46,0.497,Lamongan,18.8,0.6
-8.02,113.1,0.497,Bromo,18.7,0.6
-8.02,113.18,0.497,Lamongan,18.6,0.6
-8.18,113.08,0.496,Semeru,19.1,0.5
-8.14,113.4,0.496,Lamongan,19.2,0.5
-8.12,113.44,0.496,Lamongan,19.2,0.5
-8.1,113.22,0.496,Lamongan,19.2,0.5
-8.08,113.48,0.496,Lamongan,18.9,0.6
-7.46,112.7,0.496,Penanggungan,18.9,0.6
-8.14,113.28,0.495,Lamongan,19.4,0.5
-8.12,113.1,0.495,Semeru,19.6,0.5
-8.12,113.24,0.495,Lamongan,19.5,0.5
-8.1,113.1,0.495,Semeru,19.6,0.5
-8.08,113.2,0.495,Lamongan,19.5,0.5
-8.04,113.18,0.495,Lamongan,19.3,0.5
-7.98,112.94,0.495,Bromo,4.4,10.3
-7.98,112.96,0.495,Bromo,4.4,10.3
-7.98,113.3,0.495,Lamongan,4.7,9.6
-7.98,113.32,0.495,Lamongan,2.6,14.8
-7.98,113.34,0.495,Lamongan,0.5,22.5
-7.98,113.36,0.495,Lamongan,1.9,16.9
-7.98,113.38,0.495,Lamongan,4.1,10.9
-7.96,112.94,0.495,Bromo,2.3,15.7
-7.96,112.96,0.495,Bromo,2.3,15.7
-7.96,112.98,0.495,Bromo,3.9,11.4
-7.96,113.32,0.495,Lamongan,3.2,13.2
-7.96,113.34,0.495,Lamongan,1.9,16.9
-7.96,113.36,0.495,Lamongan,2.7,14.5
-7.96,113.38,0.495,Lamongan,4.5,10.1
-7.94,112.94,0.495,Bromo,1.1,19.8
-7.94,112.96,0.495,Bromo,1.1,19.8
-7.94,112.98,0.495,Bromo,3.3,12.8
-7.94,113.32,0.495,Lamongan,4.8,9.4
-7.94,113.34,0.495,Lamongan,4.1,10.8
-7.94,113.36,0.495,Lamongan,4.5,10.0
-7.92,112.96,0.495,Bromo,2.7,14.5
-7.92,112.98,0.495,Bromo,4.1,10.9
-7.48,112.74,0.495,Penanggungan,19.4,0.5
-7.44,112.66,0.495,Penanggungan,19.8,0.5
-8.14,113.1,0.494,Semeru,19.9,0.5
-8.14,113.26,0.494,Lamongan,20.3,0.4
-8.14,113.42,0.494,Lamongan,20.0,0.5
-8.08,113.1,0.494,Semeru,19.8,0.5
-8.06,113.1,0.494,Semeru,20.3,0.4
-8.06,113.18,0.494,Lamongan,20.2,0.4
-8.04,113.1,0.494,Bromo,19.8,0.5
-8.0,113.12,0.494,Bromo,19.8,0.5
-8.0,113.16,0.494,Lamongan,20.3,0.4
-7.46,112.72,0.494,Penanggungan,19.9,0.5
-7.44,112.68,0.494,Penanggungan,20.3,0.4
-8.16,113.1,0.493,Semeru,20.4,0.4
-8.16,113.3,0.493,Lamongan,20.9,0.4
-8.16,113.32,0.493,Lamongan,20.5,0.4
-8.16,113.34,0.493,Lamongan,20.4,0.4
-8.16,113.36,0.493,Lamongan,20.4,0.4
-8.16,113.38,0.493,Lamongan,20.8,0.4
-8.12,113.22,0.493,Lamongan,20.9,0.4
-8.12,113.46,0.493,Lamongan,20.5,0.4
-8.1,113.2,0.493,Lamongan,20.9,0.4
-8.1,113.48,0.493,Lamongan,20.4,0.4
-8.02,113.12,0.493,Bromo,20.6,0.4
-8.02,113.16,0.493,Lamongan,20.7,0.4
-7.48,112.76,0.493,Penanggungan,20.8,0.4
-8.18,113.1,0.492,Semeru,21.2,0.4
-8.16,113.28,0.492,Lamongan,21.5,0.3
-8.16,113.4,0.492,Lamongan,21.3,0.3
-8.14,113.24,0.492,Lamongan,21.4,0.3
-8.14,113.44,0.492,Lamongan,21.0,0.4
-8.08,113.18,0.492,Lamongan,21.3,0.4
-8.04,113.12,0.492,Bromo,21.7,0.3
-8.04,113.16,0.492,Lamongan,21.3,0.3
-7.46,112.74,0.492,Penanggungan,21.1,0.4
-7.44,112.7,0.492,Penanggungan,21.0,0.4
-8.16,113.26,0.491,Lamongan,22.3,0.3
-8.16,113.42,0.491,Lamongan,22.0,0.3
-8.14,113.12,0.491,Semeru,22.1,0.3
-8.14,113.46,0.491,Lamongan,22.2,0.3
-8.12,113.12,0.491,Semeru,21.8,0.3
-8.12,113.2,0.491,Lamongan,22.4,0.3
-8.12,113.48,0.491,Lamongan,21.9,0.3
-8.1,113.12,0.491,Semeru,21.8,0.3
-8.08,113.12,0.491,Semeru,22.0,0.3
-8.06,113.12,0.491,Semeru,22.4,0.3
-8.06,113.16,0.491,Lamongan,22.2,0.3
-8.0,113.14,0.491,Bromo,21.9,0.3
-7.48,112.78,0.491,Penanggungan,22.4,0.3
-7.46,112.76,0.491,Penanggungan,22.5,0.3
-7.44,112.72,0.491,Penanggungan,21.9,0.3
-7.42,112.64,0.491,Penanggungan,21.7,0.3
-7.42,112.66,0.491,Penanggungan,22.0,0.3
-7.42,112.68,0.491,Penanggungan,22.4,0.3
-8.18,113.12,0.49,Semeru,23.2,0.2
-8.18,113.3,0.49,Lamongan,23.1,0.2
-8.18,113.32,0.49,Lamongan,22.7,0.3
-8.18,113.34,0.49,Lamongan,22.6,0.3
-8.18,113.36,0.49,Lamongan,22.7,0.3
-8.18,113.38,0.49,Lamongan,22.9,0.3
-8.18,113.4,0.49,Lamongan,23.4,0.2
-8.16,113.12,0.49,Semeru,22.5,0.3
-8.16,113.24,0.49,Lamongan,23.3,0.2
-8.16,113.44,0.49,Lamongan,23.0,0.2
-8.14,113.22,0.49,Lamongan,22.6,0.3
-8.1,113.18,0.49,Lamongan,22.6,0.3
-8.08,113.16,0.49,Lamongan,23.2,0.2
-8.04,113.14,0.49,Lamongan,23.4,0.2
-8.02,113.14,0.49,Bromo,22.6,0.3
-7.5,112.8,0.49,Penanggungan,22.8,0.3
-7.44,112.74,0.49,Penanggungan,23.0,0.2
-7.42,112.7,0.49,Penanggungan,23.1,0.2
-8.18,113.26,0.489,Lamongan,24.4,0.2
-8.18,113.28,0.489,Lamongan,23.6,0.2
-8.18,113.42,0.489,Lamongan,24.1,0.2
-8.16,113.14,0.489,Semeru,24.7,0.2
-8.16,113.22,0.489,Lamongan,24.4,0.2
-8.16,113.46,0.489,Lamongan,24.1,0.2
-8.14,113.14,0.489,Semeru,24.3,0.2
-8.14,113.2,0.489,Lamongan,24.0,0.2
-8.14,113.48,0.489,Lamongan,23.6,0.2
-8.12,113.14,0.489,Semeru,24.0,0.2
-8.12,113.18,0.489,Lamongan,24.0,0.2
-8.1,113.14,0.489,Semeru,24.0,0.2
-8.1,113.16,0.489,Lamongan,24.4,0.2
-8.08,113.14,0.489,Semeru,24.2,0.2
-8.06,113.14,0.489,Lamongan,24.2,0.2
-7.5,112.82,0.489,Penanggungan,24.6,0.2
-7.48,112.8,0.489,Penanggungan,24.1,0.2
-7.46,112.78,0.489,Penanggungan,24.0,0.2
-7.44,112.76,0.489,Penanggungan,24.2,0.2
-7.42,112.72,0.489,Penanggungan,23.9,0.2
-7.4,112.64,0.489,Penanggungan,23.9,0.2
-7.4,112.66,0.489,Penanggungan,24.1,0.2
-7.4,112.68,0.489,Penanggungan,24.6,0.2
-8.18,113.44,0.488,Lamongan,25.0,0.2
-8.04,112.52,0.488,Kelud,26.4,0.1
-8.02,112.52,0.488,Kelud,25.4,0.2
-7.5,112.42,0.488,Penanggungan,26.3,0.1
-7.48,112.44,0.488,Penanggungan,25.7,0.1
-7.42,112.74,0.488,Penanggungan,24.9,0.2
-8.06,112.52,0.487,Kelud,27.5,0.1
-8.04,112.54,0.487,Kelud,28.3,0.1
-8.04,112.68,0.487,Semeru,27.7,0.1
-8.02,112.54,0.487,Kelud,27.4,0.1
-8.02,112.68,0.487,Semeru,28.4,0.1
-8.0,112.54,0.487,Kelud,26.7,0.1
-7.5,112.4,0.487,Penanggungan,28.3,0.1
-7.48,112.42,0.487,Penanggungan,27.5,0.1
-8.1,112.62,0.486,Semeru,33.3,0.0
-8.08,112.54,0.486,Kelud,30.5,0.1
-8.08,112.56,0.486,Kelud,32.4,0.0
-8.08,112.58,0.486,Kelud,34.3,0.0
-8.08,112.62,0.486,Semeru,33.4,0.0
-8.08,112.64,0.486,Semeru,31.2,0.0
-8.06,112.54,0.486,Kelud,29.4,0.1
-8.06,112.56,0.486,Kelud,31.3,0.0
-8.06,112.58,0.486,Kelud,33.3,0.0
-8.06,112.62,0.486,Semeru,33.7,0.0
-8.06,112.64,0.486,Semeru,31.5,0.0
-8.06,112.66,0.486,Semeru,29.3,0.1
-8.04,112.64,0.486,Semeru,32.0,0.0
-8.04,112.66,0.486,Semeru,29.8,0.1
-8.02,112.64,0.486,Semeru,32.6,0.0
-8.02,112.66,0.486,Semeru,30.5,0.1
-8.0,112.64,0.486,Arjuno-Welirang,31.0,0.1
-8.0,112.66,0.486,Semeru,31.2,0.0
-8.0,112.68,0.486,Semeru,29.2,0.1
-7.58,112.32,0.486,Arjuno-Welirang,32.6,0.0
-7.58,112.34,0.486,Arjuno-Welirang,30.7,0.1
-7.56,112.32,0.486,Arjuno-Welirang,33.8,0.0
-7.52,112.34,0.486,Penanggungan,33.6,0.0
-7.5,112.34,0.486,Penanggungan,34.3,0.0
-7.5,112.36,0.486,Penanggungan,32.3,0.0
-7.5,112.38,0.486,Penanggungan,30.3,0.1
-7.48,112.36,0.486,Penanggungan,33.2,0.0
-7.48,112.38,0.486,Penanggungan,31.3,0.0
-7.48,112.4,0.486,Penanggungan,29.4,0.1
-7.46,112.38,0.486,Penanggungan,32.4,0.0
-7.46,112.4,0.486,Penanggungan,30.6,0.1
-8.1,112.58,0.485,Kelud,35.4,0.0
-8.1,112.6,0.485,Semeru,35.5,0.0
-8.08,112.6,0.485,Semeru,35.6,0.0
-7.72,112.0,0.485,Kelud,41.2,0.0
-7.7,112.02,0.485,Kelud,40.8,0.0
-7.68,112.04,0.485,Kelud,40.6,0.0
-7.66,112.06,0.485,Kelud,40.6,0.0
-7.58,112.3,0.485,Arjuno-Welirang,34.5,0.0
-7.56,112.3,0.485,Arjuno-Welirang,35.7,0.0
-7.54,112.3,0.485,Arjuno-Welirang,36.9,0.0
-7.54,112.32,0.485,Penanggungan,35.1,0.0
-7.52,112.3,0.485,Penanggungan,37.8,0.0
-7.52,112.32,0.485,Penanggungan,35.7,0.0
-7.5,112.32,0.485,Penanggungan,36.4,0.0
-7.48,112.34,0.485,Penanggungan,35.2,0.0
-8.18,112.7,0.473,Semeru,25.7,0.1
-8.16,112.26,0.473,Kelud,26.1,0.1
-8.16,112.28,0.473,Kelud,25.8,0.1
-8.16,112.3,0.473,Kelud,25.6,0.1
-8.16,112.32,0.473,Kelud,25.6,0.1
-8.16,112.34,0.473,Kelud,25.8,0.1
-8.16,112.36,0.473,Kelud,26.2,0.1
-8.16,112.7,0.473,Semeru,25.1,0.2
-8.14,112.2,0.473,Kelud,26.2,0.1
-8.14,112.22,0.473,Kelud,25.3,0.2
-8.14,112.4,0.473,Kelud,25.5,0.2
-8.14,112.42,0.473,Kelud,26.4,0.1
-8.12,112.18,0.473,Kelud,25.4,0.2
-8.12,112.44,0.473,Kelud,25.6,0.1
-8.1,112.46,0.473,Kelud,25.2,0.2
-7.58,112.86,0.473,Penanggungan,25.8,0.1
-7.56,112.86,0.473,Penanggungan,26.2,0.1
-7.52,112.84,0.473,Penanggungan,25.5,0.1
-7.44,112.48,0.473,Penanggungan,25.5,0.2
-7.42,112.5,0.473,Penanggungan,25.9,0.1
-7.4,112.54,0.473,Penanggungan,25.8,0.1
-7.4,112.56,0.473,Penanggungan,25.1,0.2
-8.18,112.24,0.472,Kelud,28.8,0.1
-8.18,112.26,0.472,Kelud,28.3,0.1
-8.18,112.28,0.472,Kelud,28.0,0.1
-8.18,112.3,0.472,Kelud,27.8,0.1
-8.18,112.32,0.472,Kelud,27.8,0.1
-8.18,112.34,0.472,Kelud,28.0,0.1
-8.18,112.36,0.472,Kelud,28.4,0.1
-8.18,112.38,0.472,Kelud,28.9,0.1
-8.18,112.68,0.472,Semeru,27.8,0.1
-8.16,112.2,0.472,Kelud,28.2,0.1
-8.16,112.22,0.472,Kelud,27.3,0.1
-8.16,112.24,0.472,Kelud,26.6,0.1
-8.16,112.38,0.472,Kelud,26.8,0.1
-8.16,112.4,0.472,Kelud,27.5,0.1
-8.16,112.42,0.472,Kelud,28.4,0.1
-8.16,112.68,0.472,Semeru,27.3,0.1
-8.14,112.16,0.472,Kelud,28.5,0.1
-8.14,112.18,0.472,Kelud,27.3,0.1
-8.14,112.44,0.472,Kelud,27.5,0.1
-8.14,112.46,0.472,Kelud,28.7,0.1
-8.14,112.68,0.472,Semeru,26.9,0.1
-8.12,112.14,0.472,Kelud,28.1,0.1
-8.12,112.16,0.472,Kelud,26.7,0.1
-8.12,112.46,0.472,Kelud,27.0,0.1
-8.12,112.48,0.472,Kelud,28.4,0.1
-8.12,112.68,0.472,Semeru,26.7,0.1
-8.1,112.12,0.472,Kelud,28.0,0.1
-8.1,112.14,0.472,Kelud,26.4,0.1
-8.1,112.48,0.472,Kelud,26.8,0.1
-8.08,112.1,0.472,Kelud,28.3,0.1
-8.08,112.12,0.472,Kelud,26.6,0.1
-8.06,112.08,0.472,Kelud,29.0,0.1
-8.06,112.1,0.472,Kelud,27.1,0.1
-7.58,112.88,0.472,Penanggungan,27.9,0.1
-7.56,112.88,0.472,Penanggungan,28.3,0.1
-7.54,112.86,0.472,Penanggungan,26.8,0.1
-7.54,112.88,0.472,Penanggungan,28.9,0.1
-7.42,112.46,0.472,Penanggungan,28.6,0.1
-7.42,112.48,0.472,Penanggungan,27.2,0.1
-7.4,112.5,0.472,Penanggungan,27.8,0.1
-7.4,112.52,0.472,Penanggungan,26.8,0.1
-8.18,112.14,0.471,Kelud,33.4,0.0
-8.18,112.16,0.471,Kelud,32.2,0.0
-8.18,112.18,0.471,Kelud,31.2,0.0
-8.18,112.2,0.471,Kelud,30.2,0.1
-8.18,112.22,0.471,Kelud,29.4,0.1
-8.18,112.4,0.471,Kelud,29.6,0.1
-8.18,112.42,0.471,Kelud,30.4,0.1
-8.18,112.44,0.471,Kelud,31.4,0.0
-8.18,112.46,0.471,Kelud,32.4,0.0
-8.18,112.48,0.471,Kelud,33.6,0.0
-8.18,112.62,0.471,Semeru,34.2,0.0
-8.18,112.64,0.471,Semeru,32.1,0.0
-8.18,112.66,0.471,Semeru,29.9,0.1
-8.16,112.1,0.471,Kelud,34.3,0.0
-8.16,112.12,0.471,Kelud,32.9,0.0
-8.16,112.14,0.471,Kelud,31.6,0.0
-8.16,112.16,0.471,Kelud,30.3,0.1
-8.16,112.18,0.471,Kelud,29.2,0.1
-8.16,112.44,0.471,Kelud,29.4,0.1
-8.16,112.46,0.471,Kelud,30.6,0.1
-8.16,112.48,0.471,Kelud,31.8,0.0
-8.16,112.5,0.471,Kelud,33.2,0.0
-8.16,112.62,0.471,Semeru,33.7,0.0
-8.16,112.64,0.471,Semeru,31.6,0.0
-8.16,112.66,0.471,Semeru,29.4,0.1
-8.14,112.08,0.471,Kelud,34.3,0.0
-8.14,112.1,0.471,Kelud,32.7,0.0
-8.14,112.12,0.471,Kelud,31.2,0.0
-8.14,112.14,0.471,Kelud,29.8,0.1
-8.14,112.48,0.471,Kelud,30.1,0.1
-8.14,112.5,0.471,Kelud,31.5,0.0
-8.14,112.52,0.471,Kelud,33.0,0.0
-8.14,112.66,0.471,Semeru,29.1,0.1
-8.12,112.08,0.471,Kelud,32.8,0.0
-8.12,112.1,0.471,Kelud,31.2,0.0
-8.12,112.12,0.471,Kelud,29.6,0.1
-8.12,112.5,0.471,Kelud,29.9,0.1
-8.1,112.06,0.471,Kelud,33.2,0.0
-8.1,112.08,0.471,Kelud,31.4,0.0
-8.1,112.1,0.471,Kelud,29.7,0.1
-8.08,112.04,0.471,Kelud,33.9,0.0
-8.08,112.06,0.471,Kelud,32.0,0.0
-8.08,112.08,0.471,Kelud,30.1,0.1
-8.06,112.04,0.471,Kelud,32.9,0.0
-8.06,112.06,0.471,Kelud,30.9,0.1
-8.04,112.02,0.471,Kelud,34.0,0.0
-8.04,112.04,0.471,Kelud,31.9,0.0
-8.04,112.06,0.471,Kelud,29.9,0.1
-8.02,112.02,0.471,Kelud,33.3,0.0
-8.02,112.04,0.471,Kelud,31.2,0.0
-8.02,112.06,0.471,Kelud,29.1,0.1
-8.0,112.02,0.471,Kelud,32.7,0.0
-8.0,112.04,0.471,Kelud,30.5,0.1
-7.58,112.9,0.471,Penanggungan,30.1,0.1
-7.58,112.92,0.471,Penanggungan,32.3,0.0
-7.56,112.9,0.471,Penanggungan,30.5,0.1
-7.42,112.44,0.471,Penanggungan,30.1,0.1
-7.4,112.42,0.471,Penanggungan,33.2,0.0
-7.4,112.44,0.471,Penanggungan,31.7,0.0
-7.4,112.46,0.471,Penanggungan,30.3,0.1
-7.4,112.48,0.471,Penanggungan,29.0,0.1
-8.18,112.06,0.47,Kelud,39.0,0.0
-8.18,112.08,0.47,Kelud,37.5,0.0
-8.18,112.1,0.47,Kelud,36.0,0.0
-8.18,112.12,0.47,Kelud,34.7,0.0
-8.18,112.5,0.47,Kelud,34.9,0.0
-8.18,112.52,0.47,Kelud,36.3,0.0
-8.18,112.54,0.47,Kelud,37.8,0.0
-8.18,112.56,0.47,Kelud,39.3,0.0
-8.18,112.58,0.47,Semeru,38.5,0.0
-8.18,112.6,0.47,Semeru,36.3,0.0
-8.16,112.04,0.47,Kelud,39.0,0.0
-8.16,112.06,0.47,Kelud,37.4,0.0
-8.16,112.08,0.47,Kelud,35.8,0.0
-8.16,112.52,0.47,Kelud,34.6,0.0
-8.16,112.54,0.47,Kelud,36.1,0.0
-8.16,112.56,0.47,Kelud,37.7,0.0
-8.16,112.58,0.47,Semeru,38.1,0.0
-8.16,112.6,0.47,Semeru,35.9,0.0
-8.14,112.02,0.47,Kelud,39.4,0.0
-8.14,112.04,0.47,Kelud,37.6,0.0
-8.14,112.06,0.47,Kelud,35.9,0.0
-8.12,112.0,0.47,Kelud,40.0,0.0
-8.12,112.02,0.47,Kelud,38.1,0.0
-8.12,112.04,0.47,Kelud,36.3,0.0
-8.12,112.06,0.47,Kelud,34.5,0.0
-8.1,112.0,0.47,Kelud,38.8,0.0
-8.1,112.02,0.47,Kelud,36.9,0.0
-8.1,112.04,0.47,Kelud,35.0,0.0
-8.08,111.98,0.47,Kelud,39.8,0.0
-8.08,112.0,0.47,Kelud,37.8,0.0
-8.08,112.02,0.47,Kelud,35.8,0.0
-8.06,111.98,0.47,Kelud,38.9,0.0
-8.06,112.0,0.47,Kelud,36.9,0.0
-8.06,112.02,0.47,Kelud,34.9,0.0
-8.04,111.98,0.47,Kelud,38.1,0.0
-8.04,112.0,0.47,Kelud,36.1,0.0
-8.02,111.96,0.47,Kelud,39.6,0.0
-8.02,111.98,0.47,Kelud,37.5,0.0
-8.02,112.0,0.47,Kelud,35.4,0.0
-8.0,111.96,0.47,Kelud,39.1,0.0
-8.0,111.98,0.47,Kelud,36.9,0.0
-8.0,112.0,0.47,Kelud,34.8,0.0
-7.58,112.24,0.47,Kelud,39.6,0.0
-7.42,112.34,0.47,Penanggungan,38.5,0.0
-7.4,112.34,0.47,Penanggungan,39.8,0.0
-7.4,112.36,0.47,Penanggungan,38.1,0.0
-7.4,112.38,0.47,Penanggungan,36.4,0.0
-7.4,112.4,0.47,Penanggungan,34.8,0.0
-8.14,112.9,0.465,Semeru,4.3,10.5
-8.14,112.92,0.465,Semeru,3.6,12.1
-8.14,112.94,0.465,Semeru,4.1,11.0
-8.12,112.88,0.465,Semeru,4.8,9.5
-8.12,112.9,0.465,Semeru,2.8,14.2
-8.12,112.92,0.465,Semeru,1.4,18.9
-8.12,112.94,0.465,Semeru,2.4,15.3
-8.12,112.96,0.465,Semeru,4.4,10.3
-8.1,112.88,0.465,Semeru,4.7,9.7
-8.1,112.9,0.465,Semeru,2.6,14.8
-8.1,112.92,0.465,Semeru,0.9,20.6
-8.1,112.94,0.465,Semeru,2.2,16.0
-8.1,112.96,0.465,Semeru,4.3,10.5
-8.08,112.9,0.465,Semeru,3.9,11.2
-8.08,112.92,0.465,Semeru,3.1,13.3
-8.08,112.94,0.465,Semeru,3.7,11.8
-8.02,113.34,0.465,Lamongan,4.8,9.5
-8.0,113.32,0.465,Lamongan,3.6,12.0
-8.0,113.34,0.465,Lamongan,2.6,14.8
-8.0,113.36,0.465,Lamongan,3.2,13.1
-8.0,113.38,0.465,Lamongan,4.8,9.5
-8.22,113.0,0.464,Semeru,15.1,1.2
-8.2,112.82,0.464,Semeru,15.2,1.2
-7.76,112.72,0.464,Arjuno-Welirang,16.3,0.9
-8.24,112.88,0.463,Semeru,15.4,1.1
-8.24,112.96,0.463,Semeru,15.3,1.2
-8.22,112.84,0.463,Semeru,15.4,1.1
-7.86,112.5,0.462,Arjuno-Welirang,16.7,0.9
-8.24,112.98,0.46,Semeru,16.0,1.0
-8.24,112.86,0.459,Semeru,16.2,1.0
-7.86,112.48,0.459,Arjuno-Welirang,17.9,0.7
-8.22,113.02,0.458,Semeru,16.5,0.9
-8.2,113.04,0.458,Semeru,16.5,0.9
-8.26,112.92,0.457,Semeru,16.9,0.8
-8.24,113.0,0.457,Semeru,17.0,0.8
-8.22,112.82,0.457,Semeru,16.8,0.9
-8.2,112.8,0.457,Semeru,16.9,0.8
-7.88,112.5,0.457,Arjuno-Welirang,18.7,0.6
-7.76,112.74,0.457,Arjuno-Welirang,18.5,0.6
-8.26,112.9,0.456,Semeru,17.1,0.8
-8.26,112.94,0.456,Semeru,17.0,0.8
-8.24,112.84,0.456,Semeru,17.2,0.8
-7.88,112.66,0.456,Arjuno-Welirang,19.2,0.5
-8.26,112.88,0.455,Semeru,17.5,0.7
-8.26,112.96,0.455,Semeru,17.4,0.8
-7.88,112.48,0.455,Kelud,19.7,0.5
-7.54,112.26,0.455,Arjuno-Welirang,40.6,0.0
-7.52,112.26,0.455,Arjuno-Welirang,41.8,0.0
-7.5,112.26,0.455,Penanggungan,42.6,0.0
-7.5,112.28,0.455,Penanggungan,40.5,0.0
-7.48,112.28,0.455,Penanggungan,41.3,0.0
-7.46,112.28,0.455,Penanggungan,42.2,0.0
-7.46,112.3,0.455,Penanggungan,40.2,0.0
-8.22,113.04,0.454,Semeru,18.0,0.7
-8.26,112.86,0.453,Semeru,18.2,0.6
-8.26,112.98,0.453,Semeru,18.1,0.7
-8.24,113.02,0.453,Semeru,18.2,0.6
-8.22,112.8,0.453,Semeru,18.3,0.6
-8.2,113.06,0.453,Semeru,18.3,0.6
-8.24,112.82,0.452,Semeru,18.5,0.6
-7.9,112.66,0.452,Arjuno-Welirang,21.2,0.4
-8.28,112.92,0.451,Semeru,19.1,0.5
-8.28,112.94,0.451,Semeru,19.2,0.5
-8.26,112.84,0.451,Semeru,19.2,0.5
-8.26,113.0,0.451,Semeru,19.0,0.6
-8.28,112.88,0.45,Semeru,19.7,0.5
-8.28,112.9,0.45,Semeru,19.3,0.5
-8.28,112.96,0.45,Semeru,19.6,0.5
-8.24,113.04,0.45,Semeru,19.6,0.5
-8.22,113.06,0.45,Semeru,19.6,0.5
-7.94,112.58,0.45,Arjuno-Welirang,23.5,0.2
-7.78,112.16,0.45,Kelud,23.3,0.2
-8.28,112.86,0.449,Semeru,20.3,0.4
-8.28,112.98,0.449,Semeru,20.2,0.4
-8.26,112.82,0.449,Semeru,20.3,0.4
-8.26,113.02,0.449,Semeru,20.1,0.4
-8.24,112.8,0.449,Semeru,19.9,0.5
-8.22,112.78,0.449,Semeru,20.0,0.5
-8.2,113.08,0.449,Semeru,20.2,0.4
-7.94,112.6,0.449,Arjuno-Welirang,23.6,0.2
-7.78,112.14,0.448,Kelud,24.9,0.2
-8.3,112.9,0.447,Semeru,21.5,0.3
-8.3,112.92,0.447,Semeru,21.4,0.3
-8.3,112.94,0.447,Semeru,21.4,0.3
-8.28,112.84,0.447,Semeru,21.1,0.4
-8.28,113.0,0.447,Semeru,21.0,0.4
-8.26,112.8,0.447,Semeru,21.6,0.3
-8.26,113.04,0.447,Semeru,21.3,0.3
-8.24,112.78,0.447,Semeru,21.4,0.3
-8.24,113.06,0.447,Semeru,21.1,0.4
-8.22,113.08,0.447,Semeru,21.4,0.3
-8.3,112.86,0.446,Semeru,22.4,0.3
-8.3,112.88,0.446,Semeru,21.8,0.3
-8.3,112.96,0.446,Semeru,21.8,0.3
-8.3,112.98,0.446,Semeru,22.3,0.3
-8.28,112.82,0.446,Semeru,22.2,0.3
-8.28,113.02,0.446,Semeru,22.0,0.3
-8.2,113.1,0.446,Semeru,22.1,0.3
-8.3,112.84,0.445,Semeru,23.2,0.2
-8.3,113.0,0.445,Semeru,23.0,0.2
-8.28,112.8,0.445,Semeru,23.4,0.2
-8.28,113.04,0.445,Semeru,23.1,0.2
-8.26,112.78,0.445,Semeru,23.0,0.2
-8.26,113.06,0.445,Semeru,22.7,0.3
-8.24,112.76,0.445,Semeru,23.1,0.2
-8.24,113.08,0.445,Semeru,22.8,0.3
-8.22,113.1,0.445,Semeru,23.2,0.2
-8.3,112.82,0.444,Semeru,24.1,0.2
-8.3,113.02,0.444,Semeru,23.9,0.2
-8.28,112.78,0.444,Semeru,24.7,0.2
-8.28,113.06,0.444,Semeru,24.4,0.2
-8.26,112.76,0.444,Semeru,24.6,0.2
-8.26,113.08,0.444,Semeru,24.3,0.2
-8.24,113.1,0.444,Semeru,24.5,0.2
-8.2,113.12,0.444,Semeru,24.1,0.2
-8.3,113.04,0.443,Semeru,25.0,0.2
-8.2,113.32,0.443,Lamongan,24.9,0.2
-8.2,113.34,0.443,Lamongan,24.8,0.2
-8.2,113.36,0.443,Lamongan,24.9,0.2
-8.22,112.72,0.428,Semeru,25.5,0.2
-7.84,113.16,0.428,Lamongan,25.3,0.2
-7.82,113.18,0.428,Lamongan,25.0,0.2
-7.8,113.14,0.428,Bromo,26.2,0.1
-7.8,113.2,0.428,Lamongan,25.2,0.2
-7.78,113.12,0.428,Bromo,26.0,0.1
-7.78,113.22,0.428,Lamongan,25.8,0.1
-7.78,113.46,0.428,Lamongan,25.4,0.2
-7.76,113.1,0.428,Bromo,26.1,0.1
-7.76,113.26,0.428,Lamongan,25.8,0.1
-7.76,113.28,0.428,Lamongan,25.1,0.2
-7.76,113.42,0.428,Lamongan,25.6,0.1
-7.76,113.44,0.428,Lamongan,26.4,0.1
-7.74,113.06,0.428,Bromo,25.5,0.2
-7.74,113.34,0.428,Lamongan,26.4,0.1
-7.74,113.36,0.428,Lamongan,26.4,0.1
-7.72,113.0,0.428,Bromo,25.3,0.2
-7.72,113.02,0.428,Bromo,25.9,0.1
-8.24,112.7,0.427,Semeru,28.5,0.1
-8.24,112.72,0.427,Semeru,26.6,0.1
-8.22,112.7,0.427,Semeru,27.4,0.1
-8.2,112.68,0.427,Semeru,28.5,0.1
-8.2,112.7,0.427,Semeru,26.5,0.1
-7.82,113.16,0.427,Lamongan,26.7,0.1
-7.8,113.16,0.427,Bromo,28.0,0.1
-7.8,113.18,0.427,Lamongan,26.6,0.1
-7.78,113.14,0.427,Bromo,27.6,0.1
-7.78,113.18,0.427,Lamongan,28.3,0.1
-7.78,113.2,0.427,Lamongan,27.0,0.1
-7.78,113.48,0.427,Lamongan,26.6,0.1
-7.76,113.12,0.427,Bromo,27.6,0.1
-7.76,113.2,0.427,Lamongan,28.8,0.1
-7.76,113.22,0.427,Lamongan,27.7,0.1
-7.76,113.24,0.427,Lamongan,26.7,0.1
-7.76,113.46,0.427,Lamongan,27.4,0.1
-7.76,113.48,0.427,Lamongan,28.5,0.1
-7.74,113.08,0.427,Bromo,26.6,0.1
-7.74,113.1,0.427,Bromo,27.9,0.1
-7.74,113.24,0.427,Lamongan,28.7,0.1
-7.74,113.26,0.427,Lamongan,27.9,0.1
-7.74,113.28,0.427,Lamongan,27.3,0.1
-7.74,113.3,0.427,Lamongan,26.8,0.1
-7.74,113.32,0.427,Lamongan,26.5,0.1
-7.74,113.38,0.427,Lamongan,26.7,0.1
-7.74,113.4,0.427,Lamongan,27.1,0.1
-7.74,113.42,0.427,Lamongan,27.7,0.1
-7.74,113.44,0.427,Lamongan,28.4,0.1
-7.72,113.04,0.427,Bromo,26.6,0.1
-7.72,113.06,0.427,Bromo,27.5,0.1
-7.72,113.08,0.427,Bromo,28.5,0.1
-7.72,113.3,0.427,Lamongan,29.0,0.1
-7.72,113.32,0.427,Lamongan,28.7,0.1
-7.72,113.34,0.427,Lamongan,28.6,0.1
-7.72,113.36,0.427,Lamongan,28.6,0.1
-7.72,113.38,0.427,Lamongan,28.9,0.1
-7.7,113.0,0.427,Bromo,27.5,0.1
-7.7,113.02,0.427,Bromo,28.0,0.1
-7.7,113.04,0.427,Bromo,28.7,0.1
-8.26,112.66,0.426,Semeru,33.4,0.0
-8.26,112.68,0.426,Semeru,31.5,0.0
-8.26,112.7,0.426,Semeru,29.7,0.1
-8.24,112.3,0.426,Kelud,34.5,0.0
-8.24,112.64,0.426,Semeru,34.3,0.0
-8.24,112.66,0.426,Semeru,32.4,0.0
-8.24,112.68,0.426,Semeru,30.4,0.1
-8.22,112.2,0.426,Kelud,34.4,0.0
-8.22,112.22,0.426,Kelud,33.7,0.0
-8.22,112.24,0.426,Kelud,33.1,0.0
-8.22,112.26,0.426,Kelud,32.7,0.0
-8.22,112.28,0.426,Kelud,32.4,0.0
-8.22,112.3,0.426,Kelud,32.3,0.0
-8.22,112.32,0.426,Kelud,32.3,0.0
-8.22,112.34,0.426,Kelud,32.4,0.0
-8.22,112.36,0.426,Kelud,32.8,0.0
-8.22,112.64,0.426,Semeru,33.4,0.0
-8.22,112.66,0.426,Semeru,31.4,0.0
-8.22,112.68,0.426,Semeru,29.4,0.1
-8.2,112.16,0.426,Kelud,34.2,0.0
-8.2,112.18,0.426,Kelud,33.2,0.0
-8.2,112.2,0.426,Kelud,32.3,0.0
-8.2,112.22,0.426,Kelud,31.5,0.0
-8.2,112.24,0.426,Kelud,30.9,0.1
-8.2,112.26,0.426,Kelud,30.5,0.1
-8.2,112.28,0.426,Kelud,30.2,0.1
-8.2,112.3,0.426,Kelud,30.0,0.1
-8.2,112.32,0.426,Kelud,30.1,0.1
-8.2,112.34,0.426,Kelud,30.2,0.1
-8.2,112.36,0.426,Kelud,30.6,0.1
-8.2,112.38,0.426,Kelud,31.1,0.0
-8.2,112.4,0.426,Kelud,31.7,0.0
-8.2,112.42,0.426,Kelud,32.5,0.0
-8.2,112.44,0.426,Kelud,33.4,0.0
-8.2,112.46,0.426,Kelud,34.4,0.0
-8.2,112.64,0.426,Semeru,32.7,0.0
-8.2,112.66,0.426,Semeru,30.6,0.1
-7.78,113.16,0.426,Bromo,29.3,0.1
-7.76,113.14,0.426,Bromo,29.1,0.1
-7.76,113.16,0.426,Bromo,30.7,0.1
-7.76,113.18,0.426,Lamongan,30.1,0.1
-7.74,113.12,0.426,Bromo,29.2,0.1
-7.74,113.14,0.426,Bromo,30.7,0.1
-7.74,113.16,0.426,Bromo,32.2,0.0
-7.74,113.18,0.426,Lamongan,31.9,0.0
-7.74,113.2,0.426,Lamongan,30.7,0.1
-7.74,113.22,0.426,Lamongan,29.6,0.1
-7.74,113.46,0.426,Lamongan,29.3,0.1
-7.74,113.48,0.426,Lamongan,30.4,0.1
-7.72,113.1,0.426,Bromo,29.7,0.1
-7.72,113.12,0.426,Bromo,31.0,0.1
-7.72,113.14,0.426,Bromo,32.4,0.0
-7.72,113.16,0.426,Bromo,33.8,0.0
-7.72,113.18,0.426,Lamongan,33.7,0.0
-7.72,113.2,0.426,Lamongan,32.6,0.0
-7.72,113.22,0.426,Lamongan,31.6,0.0
-7.72,113.24,0.426,Lamongan,30.7,0.1
-7.72,113.26,0.426,Lamongan,30.0,0.1
-7.72,113.28,0.426,Lamongan,29.4,0.1
-7.72,113.4,0.426,Lamongan,29.3,0.1
-7.72,113.42,0.426,Lamongan,29.8,0.1
-7.72,113.44,0.426,Lamongan,30.5,0.1
-7.72,113.46,0.426,Lamongan,31.3,0.0
-7.72,113.48,0.426,Lamongan,32.3,0.0
-7.7,113.06,0.426,Bromo,29.5,0.1
-7.7,113.08,0.426,Bromo,30.5,0.1
-7.7,113.1,0.426,Bromo,31.6,0.0
-7.7,113.12,0.426,Bromo,32.8,0.0
-7.7,113.14,0.426,Bromo,34.1,0.0
-7.7,113.22,0.426,Lamongan,33.6,0.0
-7.7,113.24,0.426,Lamongan,32.8,0.0
-7.7,113.26,0.426,Lamongan,32.1,0.0
-7.7,113.28,0.426,Lamongan,31.6,0.0
-7.7,113.3,0.426,Lamongan,31.2,0.0
-7.7,113.32,0.426,Lamongan,30.9,0.1
-7.7,113.34,0.426,Lamongan,30.8,0.1
-7.7,113.36,0.426,Lamongan,30.9,0.1
-7.7,113.38,0.426,Lamongan,31.1,0.0
-7.7,113.4,0.426,Lamongan,31.4,0.0
-7.7,113.42,0.426,Lamongan,31.9,0.0
-7.7,113.44,0.426,Lamongan,32.6,0.0
-7.7,113.46,0.426,Lamongan,33.4,0.0
-7.7,113.48,0.426,Lamongan,34.3,0.0
-7.68,113.0,0.426,Bromo,29.6,0.1
-7.68,113.02,0.426,Bromo,30.1,0.1
-7.68,113.04,0.426,Bromo,30.8,0.1
-7.68,113.06,0.426,Bromo,31.6,0.0
-7.68,113.08,0.426,Bromo,32.5,0.0
-7.68,113.1,0.426,Bromo,33.5,0.0
-7.68,113.26,0.426,Lamongan,34.3,0.0
-7.68,113.28,0.426,Lamongan,33.7,0.0
-7.68,113.3,0.426,Lamongan,33.4,0.0
-7.68,113.32,0.426,Lamongan,33.1,0.0
-7.68,113.34,0.426,Lamongan,33.0,0.0
-7.68,113.36,0.426,Lamongan,33.1,0.0
-7.68,113.38,0.426,Lamongan,33.3,0.0
-7.68,113.4,0.426,Lamongan,33.6,0.0
-7.68,113.42,0.426,Lamongan,34.1,0.0
-7.66,113.0,0.426,Bromo,31.8,0.0
-7.66,113.02,0.426,Bromo,32.3,0.0
-7.66,113.04,0.426,Bromo,32.9,0.0
-7.66,113.06,0.426,Bromo,33.6,0.0
-7.66,113.08,0.426,Bromo,34.5,0.0
-7.64,112.98,0.426,Bromo,33.7,0.0
-7.64,113.0,0.426,Bromo,34.0,0.0
-7.64,113.02,0.426,Bromo,34.5,0.0
-8.28,112.62,0.425,Semeru,38.3,0.0
-8.28,112.64,0.425,Semeru,36.5,0.0
-8.26,112.6,0.425,Semeru,39.3,0.0
-8.26,112.62,0.425,Semeru,37.3,0.0
-8.26,112.64,0.425,Semeru,35.3,0.0
-8.24,112.2,0.425,Kelud,36.5,0.0
-8.24,112.22,0.425,Kelud,35.8,0.0
-8.24,112.24,0.425,Kelud,35.3,0.0
-8.24,112.26,0.425,Kelud,34.9,0.0
-8.24,112.28,0.425,Kelud,34.6,0.0
-8.24,112.32,0.425,Kelud,34.5,0.0
-8.24,112.46,0.425,Kelud,38.3,0.0
-8.24,112.48,0.425,Kelud,39.3,0.0
-8.24,112.6,0.425,Semeru,38.4,0.0
-8.24,112.62,0.425,Semeru,36.3,0.0
-8.22,112.16,0.425,Kelud,36.1,0.0
-8.22,112.18,0.425,Kelud,35.2,0.0
-8.22,112.42,0.425,Kelud,34.5,0.0
-8.22,112.44,0.425,Kelud,35.4,0.0
-8.22,112.46,0.425,Kelud,36.3,0.0
-8.22,112.48,0.425,Kelud,37.4,0.0
-8.22,112.5,0.425,Kelud,38.6,0.0
-8.22,112.52,0.425,Kelud,39.8,0.0
-8.22,112.58,0.425,Semeru,39.6,0.0
-8.22,112.6,0.425,Semeru,37.6,0.0
-8.22,112.62,0.425,Semeru,35.5,0.0
-8.2,112.08,0.425,Kelud,39.1,0.0
-8.2,112.1,0.425,Kelud,37.8,0.0
-8.2,112.12,0.425,Kelud,36.5,0.0
-8.2,112.14,0.425,Kelud,35.3,0.0
-8.2,112.48,0.425,Kelud,35.5,0.0
-8.2,112.5,0.425,Kelud,36.7,0.0
-8.2,112.52,0.425,Kelud,38.0,0.0
-8.2,112.54,0.425,Kelud,39.4,0.0
-8.2,112.58,0.425,Semeru,39.0,0.0
-8.2,112.6,0.425,Semeru,36.9,0.0
-8.2,112.62,0.425,Semeru,34.8,0.0
-7.7,113.16,0.425,Bromo,35.5,0.0
-7.7,113.18,0.425,Lamongan,35.7,0.0
-7.7,113.2,0.425,Lamongan,34.6,0.0
-7.68,113.12,0.425,Bromo,34.6,0.0
-7.68,113.14,0.425,Bromo,35.9,0.0
-7.68,113.16,0.425,Bromo,37.2,0.0
-7.68,113.18,0.425,Lamongan,37.6,0.0
-7.68,113.2,0.425,Lamongan,36.6,0.0
-7.68,113.22,0.425,Lamongan,35.7,0.0
-7.68,113.24,0.425,Lamongan,34.9,0.0
-7.68,113.44,0.425,Lamongan,34.7,0.0
-7.68,113.46,0.425,Lamongan,35.5,0.0
-7.68,113.48,0.425,Lamongan,36.3,0.0
-7.66,113.1,0.425,Bromo,35.4,0.0
-7.66,113.12,0.425,Bromo,36.5,0.0
-7.66,113.14,0.425,Bromo,37.7,0.0
-7.66,113.16,0.425,Bromo,39.0,0.0
-7.66,113.18,0.425,Lamongan,39.6,0.0
-7.66,113.2,0.425,Lamongan,38.6,0.0
-7.66,113.22,0.425,Lamongan,37.8,0.0
-7.66,113.24,0.425,Lamongan,37.0,0.0
-7.66,113.26,0.425,Lamongan,36.4,0.0
-7.66,113.28,0.425,Lamongan,35.9,0.0
-7.66,113.3,0.425,Lamongan,35.6,0.0
-7.66,113.32,0.425,Lamongan,35.3,0.0
-7.66,113.34,0.425,Lamongan,35.3,0.0
-7.66,113.36,0.425,Lamongan,35.3,0.0
-7.66,113.38,0.425,Lamongan,35.5,0.0
-7.66,113.4,0.425,Lamongan,35.8,0.0
-7.66,113.42,0.425,Lamongan,36.3,0.0
-7.66,113.44,0.425,Lamongan,36.8,0.0
-7.66,113.46,0.425,Lamongan,37.5,0.0
-7.66,113.48,0.425,Lamongan,38.3,0.0
-7.64,113.04,0.425,Bromo,35.0,0.0
-7.64,113.06,0.425,Bromo,35.7,0.0
-7.64,113.08,0.425,Bromo,36.5,0.0
-7.64,113.1,0.425,Bromo,37.4,0.0
-7.64,113.12,0.425,Bromo,38.5,0.0
-7.64,113.14,0.425,Bromo,39.6,0.0
-7.64,113.22,0.425,Lamongan,39.8,0.0
-7.64,113.24,0.425,Lamongan,39.2,0.0
-7.64,113.26,0.425,Lamongan,38.6,0.0
-7.64,113.28,0.425,Lamongan,38.1,0.0
-7.64,113.3,0.425,Lamongan,37.8,0.0
-7.64,113.32,0.425,Lamongan,37.6,0.0
-7.64,113.34,0.425,Lamongan,37.5,0.0
-7.64,113.36,0.425,Lamongan,37.5,0.0
-7.64,113.38,0.425,Lamongan,37.7,0.0
-7.64,113.4,0.425,Lamongan,38.0,0.0
-7.64,113.42,0.425,Lamongan,38.4,0.0
-7.64,113.44,0.425,Lamongan,39.0,0.0
-7.64,113.46,0.425,Lamongan,39.6,0.0
-7.62,112.96,0.425,Bromo,35.8,0.0
-7.62,112.98,0.425,Bromo,36.0,0.0
-7.62,113.0,0.425,Bromo,36.2,0.0
-7.62,113.02,0.425,Bromo,36.6,0.0
-7.62,113.04,0.425,Bromo,37.2,0.0
-7.62,113.06,0.425,Bromo,37.8,0.0
-7.62,113.08,0.425,Bromo,38.6,0.0
-7.62,113.1,0.425,Bromo,39.4,0.0
-7.62,113.3,0.425,Lamongan,40.0,0.0
-7.62,113.32,0.425,Lamongan,39.8,0.0
-7.62,113.34,0.425,Lamongan,39.7,0.0
-7.62,113.36,0.425,Lamongan,39.7,0.0
-7.62,113.38,0.425,Lamongan,39.9,0.0
-7.6,112.96,0.425,Penanggungan,36.5,0.0
-7.6,112.98,0.425,Bromo,38.2,0.0
-7.6,113.0,0.425,Bromo,38.4,0.0
-7.6,113.02,0.425,Bromo,38.8,0.0
-7.6,113.04,0.425,Bromo,39.3,0.0
-7.6,113.06,0.425,Bromo,39.9,0.0
-7.98,111.92,0.41,Kelud,43.1,0.0
-7.98,111.94,0.41,Kelud,40.9,0.0
-7.96,111.92,0.41,Kelud,42.9,0.0
-7.96,111.94,0.41,Kelud,40.7,0.0
-7.94,111.92,0.41,Kelud,42.7,0.0
-7.94,111.94,0.41,Kelud,40.5,0.0
-7.92,111.9,0.41,Kelud,44.9,0.0
-7.92,111.92,0.41,Kelud,42.7,0.0
-7.92,111.94,0.41,Kelud,40.5,0.0
-7.9,111.88,0.41,Kelud,47.3,0.0
-7.9,111.9,0.41,Kelud,45.1,0.0
-7.9,111.92,0.41,Kelud,42.9,0.0
-7.9,111.94,0.41,Kelud,40.7,0.0
-7.88,111.88,0.41,Kelud,47.5,0.0
-7.88,111.9,0.41,Kelud,45.3,0.0
-7.88,111.92,0.41,Kelud,43.1,0.0
-7.88,111.94,0.41,Kelud,40.9,0.0
-7.86,111.88,0.41,Kelud,47.8,0.0
-7.86,111.9,0.41,Kelud,45.6,0.0
-7.86,111.92,0.41,Kelud,43.4,0.0
-7.86,111.94,0.41,Kelud,41.3,0.0
-7.84,111.86,0.41,Kelud,50.3,0.0
-7.84,111.88,0.41,Kelud,48.2,0.0
-7.84,111.9,0.41,Kelud,46.0,0.0
-7.84,111.92,0.41,Kelud,43.9,0.0
-7.84,111.94,0.41,Kelud,41.8,0.0
-7.82,111.86,0.41,Kelud,50.8,0.0
-7.82,111.88,0.41,Kelud,48.7,0.0
-7.82,111.9,0.41,Kelud,46.6,0.0
-7.82,111.92,0.41,Kelud,44.5,0.0
-7.82,111.94,0.41,Kelud,42.3,0.0
-7.82,111.96,0.41,Kelud,40.2,0.0
-7.8,111.86,0.41,Kelud,51.4,0.0
-7.8,111.88,0.41,Kelud,49.3,0.0
-7.8,111.9,0.41,Kelud,47.2,0.0
-7.8,111.92,0.41,Kelud,45.1,0.0
-7.8,111.94,0.41,Kelud,43.0,0.0
-7.8,111.96,0.41,Kelud,41.0,0.0
-7.78,111.86,0.41,Kelud,52.1,0.0
-7.78,111.88,0.41,Kelud,50.0,0.0
-7.78,111.9,0.41,Kelud,47.9,0.0
-7.78,111.92,0.41,Kelud,45.9,0.0
-7.78,111.94,0.41,Kelud,43.8,0.0
-7.78,111.96,0.41,Kelud,41.8,0.0
-7.76,111.86,0.41,Kelud,52.8,0.0
-7.76,111.88,0.41,Kelud,50.8,0.0
-7.76,111.9,0.41,Kelud,48.8,0.0
-7.76,111.92,0.41,Kelud,46.7,0.0
-7.76,111.94,0.41,Kelud,44.7,0.0
-7.76,111.96,0.41,Kelud,42.7,0.0
-7.76,111.98,0.41,Kelud,40.8,0.0
-7.74,111.86,0.41,Kelud,53.7,0.0
-7.74,111.88,0.41,Kelud,51.7,0.0
-7.74,111.9,0.41,Kelud,49.7,0.0
-7.74,111.92,0.41,Kelud,47.7,0.0
-7.74,111.94,0.41,Kelud,45.7,0.0
-7.74,111.96,0.41,Kelud,43.8,0.0
-7.74,111.98,0.41,Kelud,41.9,0.0
-7.72,111.86,0.41,Kelud,54.6,0.0
-7.72,111.88,0.41,Kelud,52.6,0.0
-7.72,111.9,0.41,Kelud,50.6,0.0
-7.72,111.92,0.41,Kelud,48.7,0.0
-7.72,111.94,0.41,Kelud,46.8,0.0
-7.72,111.96,0.41,Kelud,44.9,0.0
-7.72,111.98,0.41,Kelud,43.0,0.0
-7.7,111.86,0.41,Kelud,55.6,0.0
-7.7,111.88,0.41,Kelud,53.6,0.0
-7.7,111.9,0.41,Kelud,51.7,0.0
-7.7,111.92,0.41,Kelud,49.8,0.0
-7.7,111.94,0.41,Kelud,47.9,0.0
-7.7,111.96,0.41,Kelud,46.1,0.0
-7.7,111.98,0.41,Kelud,44.3,0.0
-7.7,112.0,0.41,Kelud,42.5,0.0
-7.68,111.88,0.41,Kelud,54.7,0.0
-7.68,111.9,0.41,Kelud,52.8,0.0
-7.68,111.92,0.41,Kelud,51.0,0.0
-7.68,111.94,0.41,Kelud,49.2,0.0
-7.68,111.96,0.41,Kelud,47.4,0.0
-7.68,111.98,0.41,Kelud,45.6,0.0
-7.68,112.0,0.41,Kelud,43.9,0.0
-7.68,112.02,0.41,Kelud,42.2,0.0
-7.66,111.88,0.41,Kelud,55.9,0.0
-7.66,111.9,0.41,Kelud,54.1,0.0
-7.66,111.92,0.41,Kelud,52.2,0.0
-7.66,111.94,0.41,Kelud,50.4,0.0
-7.66,111.96,0.41,Kelud,48.7,0.0
-7.66,111.98,0.41,Kelud,47.0,0.0
-7.66,112.0,0.41,Kelud,45.3,0.0
-7.66,112.02,0.41,Kelud,43.7,0.0
-7.66,112.04,0.41,Kelud,42.1,0.0
-7.64,111.9,0.41,Kelud,55.3,0.0
-7.64,111.92,0.41,Kelud,53.5,0.0
-7.64,111.94,0.41,Kelud,51.8,0.0
-7.64,111.96,0.41,Kelud,50.1,0.0
-7.64,111.98,0.41,Kelud,48.4,0.0
-7.64,112.0,0.41,Kelud,46.8,0.0
-7.64,112.02,0.41,Kelud,45.2,0.0
-7.64,112.04,0.41,Kelud,43.7,0.0
-7.64,112.06,0.41,Kelud,42.3,0.0
-7.64,112.08,0.41,Kelud,40.9,0.0
-7.62,111.9,0.41,Kelud,56.6,0.0
-7.62,111.92,0.41,Kelud,54.9,0.0
-7.62,111.94,0.41,Kelud,53.2,0.0
-7.62,111.96,0.41,Kelud,51.6,0.0
-7.62,111.98,0.41,Kelud,49.9,0.0
-7.62,112.0,0.41,Kelud,48.4,0.0
-7.62,112.02,0.41,Kelud,46.9,0.0
-7.62,112.04,0.41,Kelud,45.4,0.0
-7.62,112.06,0.41,Kelud,44.0,0.0
-7.62,112.08,0.41,Kelud,42.7,0.0
-7.62,112.1,0.41,Kelud,41.4,0.0
-7.62,112.12,0.41,Kelud,40.2,0.0
-7.6,111.92,0.41,Kelud,56.3,0.0
-7.6,111.94,0.41,Kelud,54.7,0.0
-7.6,111.96,0.41,Kelud,53.1,0.0
-7.6,111.98,0.41,Kelud,51.5,0.0
-7.6,112.0,0.41,Kelud,50.0,0.0
-7.6,112.02,0.41,Kelud,48.5,0.0
-7.6,112.04,0.41,Kelud,47.1,0.0
-7.6,112.06,0.41,Kelud,45.7,0.0
-7.6,112.08,0.41,Kelud,44.5,0.0
-7.6,112.1,0.41,Kelud,43.3,0.0
-7.6,112.12,0.41,Kelud,42.1,0.0
-7.6,112.14,0.41,Kelud,41.1,0.0
-7.6,112.16,0.41,Kelud,40.2,0.0
-8.18,113.14,0.398,Semeru,25.3,0.2
-8.18,113.22,0.398,Lamongan,26.3,0.1
-8.18,113.24,0.398,Lamongan,25.3,0.2
-8.18,113.46,0.398,Lamongan,26.0,0.1
-8.16,113.2,0.398,Lamongan,25.7,0.1
-8.16,113.48,0.398,Lamongan,25.3,0.2
-8.14,113.16,0.398,Semeru,26.4,0.1
-8.14,113.18,0.398,Lamongan,25.5,0.2
-8.12,113.16,0.398,Lamongan,25.7,0.1
-7.48,112.82,0.398,Penanggungan,25.9,0.1
-7.46,112.8,0.398,Penanggungan,25.5,0.1
-7.44,112.78,0.398,Penanggungan,25.6,0.1
-7.42,112.76,0.398,Penanggungan,26.1,0.1
-7.4,112.7,0.398,Penanggungan,25.2,0.2
-7.4,112.72,0.398,Penanggungan,25.9,0.1
-8.18,113.16,0.397,Semeru,27.4,0.1
-8.18,113.18,0.397,Lamongan,28.8,0.1
-8.18,113.2,0.397,Lamongan,27.5,0.1
-8.18,113.48,0.397,Lamongan,27.1,0.1
-8.16,113.16,0.397,Semeru,26.8,0.1
-8.16,113.18,0.397,Lamongan,27.1,0.1
-7.52,112.86,0.397,Penanggungan,27.6,0.1
-7.5,112.84,0.397,Penanggungan,26.5,0.1
-7.5,112.86,0.397,Penanggungan,28.5,0.1
-7.48,112.84,0.397,Penanggungan,27.7,0.1
-7.46,112.82,0.397,Penanggungan,27.2,0.1
-7.46,112.84,0.397,Penanggungan,28.9,0.1
-7.44,112.8,0.397,Penanggungan,27.1,0.1
-7.44,112.82,0.397,Penanggungan,28.7,0.1
-7.42,112.78,0.397,Penanggungan,27.3,0.1
-7.42,112.8,0.397,Penanggungan,28.7,0.1
-7.4,112.74,0.397,Penanggungan,26.9,0.1
-7.4,112.76,0.397,Penanggungan,27.9,0.1
-7.56,112.92,0.396,Penanggungan,32.7,0.0
-7.54,112.9,0.396,Penanggungan,31.0,0.1
-7.54,112.92,0.396,Penanggungan,33.1,0.0
-7.52,112.88,0.396,Penanggungan,29.6,0.1
-7.52,112.9,0.396,Penanggungan,31.7,0.0
-7.52,112.92,0.396,Penanggungan,33.8,0.0
-7.5,112.88,0.396,Penanggungan,30.5,0.1
-7.5,112.9,0.396,Penanggungan,32.5,0.0
-7.48,112.86,0.396,Penanggungan,29.6,0.1
-7.48,112.88,0.396,Penanggungan,31.5,0.0
-7.48,112.9,0.396,Penanggungan,33.4,0.0
-7.46,112.86,0.396,Penanggungan,30.7,0.1
-7.46,112.88,0.396,Penanggungan,32.6,0.0
-7.44,112.84,0.396,Penanggungan,30.3,0.1
-7.44,112.86,0.396,Penanggungan,32.0,0.0
-7.44,112.88,0.396,Penanggungan,33.8,0.0
-7.42,112.82,0.396,Penanggungan,30.2,0.1
-7.42,112.84,0.396,Penanggungan,31.8,0.0
-7.42,112.86,0.396,Penanggungan,33.4,0.0
-7.4,112.78,0.396,Penanggungan,29.1,0.1
-7.4,112.8,0.396,Penanggungan,30.4,0.1
-7.4,112.82,0.396,Penanggungan,31.9,0.0
-7.4,112.84,0.396,Penanggungan,33.4,0.0
-7.58,112.94,0.395,Penanggungan,34.5,0.0
-7.58,112.96,0.395,Penanggungan,36.7,0.0
-7.58,112.98,0.395,Penanggungan,38.9,0.0
-7.56,112.94,0.395,Penanggungan,34.8,0.0
-7.56,112.96,0.395,Penanggungan,37.0,0.0
-7.56,112.98,0.395,Penanggungan,39.2,0.0
-7.54,112.94,0.395,Penanggungan,35.3,0.0
-7.54,112.96,0.395,Penanggungan,37.4,0.0
-7.54,112.98,0.395,Penanggungan,39.6,0.0
-7.52,112.94,0.395,Penanggungan,35.9,0.0
-7.52,112.96,0.395,Penanggungan,38.0,0.0
-7.5,112.92,0.395,Penanggungan,34.5,0.0
-7.5,112.94,0.395,Penanggungan,36.6,0.0
-7.5,112.96,0.395,Penanggungan,38.7,0.0
-7.48,112.92,0.395,Penanggungan,35.4,0.0
-7.48,112.94,0.395,Penanggungan,37.4,0.0
-7.48,112.96,0.395,Penanggungan,39.5,0.0
-7.46,112.9,0.395,Penanggungan,34.5,0.0
-7.46,112.92,0.395,Penanggungan,36.4,0.0
-7.46,112.94,0.395,Penanggungan,38.4,0.0
-7.44,112.9,0.395,Penanggungan,35.7,0.0
-7.44,112.92,0.395,Penanggungan,37.5,0.0
-7.44,112.94,0.395,Penanggungan,39.4,0.0
-7.42,112.88,0.395,Penanggungan,35.2,0.0
-7.42,112.9,0.395,Penanggungan,36.9,0.0
-7.42,112.92,0.395,Penanggungan,38.7,0.0
-7.4,112.86,0.395,Penanggungan,34.9,0.0
-7.4,112.88,0.395,Penanggungan,36.6,0.0
-7.4,112.9,0.395,Penanggungan,38.3,0.0
-8.18,112.04,0.38,Kelud,40.5,0.0
-8.16,112.02,0.38,Kelud,40.7,0.0
-8.14,112.0,0.38,Kelud,41.2,0.0
-8.12,111.98,0.38,Kelud,41.8,0.0
-8.1,111.96,0.38,Kelud,42.7,0.0
-8.1,111.98,0.38,Kelud,40.8,0.0
-8.08,111.96,0.38,Kelud,41.8,0.0
-8.06,111.94,0.38,Kelud,43.0,0.0
-8.06,111.96,0.38,Kelud,41.0,0.0
-8.04,111.94,0.38,Kelud,42.3,0.0
-8.04,111.96,0.38,Kelud,40.2,0.0
-8.02,111.92,0.38,Kelud,43.9,0.0
-8.02,111.94,0.38,Kelud,41.7,0.0
-8.0,111.92,0.38,Kelud,43.4,0.0
-8.0,111.94,0.38,Kelud,41.3,0.0
-7.58,111.94,0.38,Kelud,56.2,0.0
-7.58,111.96,0.38,Kelud,54.6,0.0
-7.58,111.98,0.38,Kelud,53.1,0.0
-7.58,112.0,0.38,Kelud,51.6,0.0
-7.58,112.02,0.38,Kelud,50.2,0.0
-7.58,112.04,0.38,Kelud,48.9,0.0
-7.58,112.06,0.38,Kelud,47.6,0.0
-7.58,112.08,0.38,Kelud,46.3,0.0
-7.58,112.1,0.38,Kelud,45.2,0.0
-7.58,112.12,0.38,Kelud,44.1,0.0
-7.58,112.14,0.38,Kelud,43.1,0.0
-7.58,112.16,0.38,Kelud,42.2,0.0
-7.58,112.18,0.38,Kelud,41.4,0.0
-7.58,112.2,0.38,Kelud,40.7,0.0
-7.58,112.22,0.38,Kelud,40.1,0.0
-7.56,111.96,0.38,Kelud,56.2,0.0
-7.56,111.98,0.38,Kelud,54.8,0.0
-7.56,112.0,0.38,Kelud,53.3,0.0
-7.56,112.02,0.38,Kelud,52.0,0.0
-7.56,112.04,0.38,Kelud,50.6,0.0
-7.56,112.06,0.38,Kelud,49.4,0.0
-7.56,112.08,0.38,Kelud,48.2,0.0
-7.56,112.1,0.38,Kelud,47.1,0.0
-7.56,112.12,0.38,Kelud,46.1,0.0
-7.56,112.14,0.38,Kelud,45.1,0.0
-7.56,112.16,0.38,Kelud,44.3,0.0
-7.56,112.18,0.38,Kelud,43.5,0.0
-7.56,112.2,0.38,Kelud,42.8,0.0
-7.56,112.22,0.38,Kelud,42.3,0.0
-7.56,112.24,0.38,Arjuno-Welirang,41.4,0.0
-7.54,112.0,0.38,Kelud,55.1,0.0
-7.54,112.02,0.38,Kelud,53.7,0.0
-7.54,112.04,0.38,Kelud,52.5,0.0
-7.54,112.06,0.38,Kelud,51.3,0.0
-7.54,112.08,0.38,Kelud,50.1,0.0
-7.54,112.1,0.38,Kelud,49.0,0.0
-7.54,112.12,0.38,Kelud,48.1,0.0
-7.54,112.14,0.38,Kelud,47.2,0.0
-7.54,112.16,0.38,Kelud,46.3,0.0
-7.54,112.18,0.38,Kelud,45.6,0.0
-7.54,112.2,0.38,Kelud,45.0,0.0
-7.54,112.22,0.38,Arjuno-Welirang,44.4,0.0
-7.54,112.24,0.38,Arjuno-Welirang,42.5,0.0
-7.52,112.04,0.38,Kelud,54.3,0.0
-7.52,112.06,0.38,Kelud,53.2,0.0
-7.52,112.08,0.38,Kelud,52.1,0.0
-7.52,112.1,0.38,Kelud,51.0,0.0
-7.52,112.12,0.38,Kelud,50.1,0.0
-7.52,112.14,0.38,Kelud,49.2,0.0
-7.52,112.16,0.38,Kelud,48.4,0.0
-7.52,112.18,0.38,Kelud,47.7,0.0
-7.52,112.2,0.38,Kelud,47.1,0.0
-7.52,112.22,0.38,Arjuno-Welirang,45.5,0.0
-7.52,112.24,0.38,Arjuno-Welirang,43.6,0.0
-7.5,112.12,0.38,Kelud,52.1,0.0
-7.5,112.14,0.38,Kelud,51.3,0.0
-7.5,112.16,0.38,Kelud,50.5,0.0
-7.5,112.18,0.38,Kelud,49.9,0.0
-7.5,112.2,0.38,Arjuno-Welirang,48.5,0.0
-7.5,112.22,0.38,Arjuno-Welirang,46.7,0.0
-7.5,112.24,0.38,Penanggungan,44.7,0.0
-7.48,112.12,0.38,Kelud,54.2,0.0
-7.48,112.14,0.38,Kelud,53.4,0.0
-7.48,112.16,0.38,Kelud,52.6,0.0
-7.48,112.18,0.38,Arjuno-Welirang,51.6,0.0
-7.48,112.2,0.38,Penanggungan,49.6,0.0
-7.48,112.22,0.38,Penanggungan,47.5,0.0
-7.48,112.24,0.38,Penanggungan,45.4,0.0
-7.48,112.26,0.38,Penanggungan,43.4,0.0
-7.46,112.14,0.38,Kelud,55.4,0.0
-7.46,112.16,0.38,Penanggungan,54.5,0.0
-7.46,112.18,0.38,Penanggungan,52.4,0.0
-7.46,112.2,0.38,Penanggungan,50.3,0.0
-7.46,112.22,0.38,Penanggungan,48.3,0.0
-7.46,112.24,0.38,Penanggungan,46.2,0.0
-7.46,112.26,0.38,Penanggungan,44.2,0.0
-7.44,112.14,0.38,Penanggungan,57.3,0.0
-7.44,112.16,0.38,Penanggungan,55.2,0.0
-7.44,112.18,0.38,Penanggungan,53.2,0.0
-7.44,112.2,0.38,Penanggungan,51.1,0.0
-7.44,112.22,0.38,Penanggungan,49.1,0.0
-7.44,112.24,0.38,Penanggungan,47.1,0.0
-7.44,112.26,0.38,Penanggungan,45.1,0.0
-7.44,112.28,0.38,Penanggungan,43.1,0.0
-7.44,112.3,0.38,Penanggungan,41.2,0.0
-7.42,112.16,0.38,Penanggungan,56.1,0.0
-7.42,112.18,0.38,Penanggungan,54.0,0.0
-7.42,112.2,0.38,Penanggungan,52.0,0.0
-7.42,112.22,0.38,Penanggungan,50.0,0.0
-7.42,112.24,0.38,Penanggungan,48.1,0.0
-7.42,112.26,0.38,Penanggungan,46.1,0.0
-7.42,112.28,0.38,Penanggungan,44.2,0.0
-7.42,112.3,0.38,Penanggungan,42.3,0.0
-7.42,112.32,0.38,Penanggungan,40.4,0.0
-7.4,112.16,0.38,Penanggungan,57.0,0.0
-7.4,112.18,0.38,Penanggungan,55.0,0.0
-7.4,112.2,0.38,Penanggungan,53.0,0.0
-7.4,112.22,0.38,Penanggungan,51.0,0.0
-7.4,112.24,0.38,Penanggungan,49.1,0.0
-7.4,112.26,0.38,Penanggungan,47.2,0.0
-7.4,112.28,0.38,Penanggungan,45.3,0.0
-7.4,112.3,0.38,Penanggungan,43.4,0.0
-7.4,112.32,0.38,Penanggungan,41.6,0.0
-7.96,112.6,0.358,Arjuno-Welirang,25.8,0.1
-7.78,112.12,0.357,Kelud,26.6,0.1
-7.76,112.12,0.357,Kelud,28.0,0.1
-8.3,112.8,0.353,Semeru,25.2,0.2
-8.3,113.06,0.353,Semeru,26.2,0.1
-8.28,112.76,0.353,Semeru,26.1,0.1
-8.28,113.08,0.353,Semeru,25.8,0.1
-8.26,112.74,0.353,Semeru,26.2,0.1
-8.26,113.1,0.353,Semeru,25.9,0.1
-8.24,113.12,0.353,Semeru,26.3,0.1
-8.22,113.12,0.353,Semeru,25.1,0.2
-8.2,113.14,0.353,Semeru,26.1,0.1
-8.2,113.26,0.353,Lamongan,26.4,0.1
-8.2,113.28,0.353,Lamongan,25.7,0.1
-8.2,113.3,0.353,Lamongan,25.2,0.2
-8.2,113.38,0.353,Lamongan,25.1,0.2
-8.2,113.4,0.353,Lamongan,25.6,0.1
-8.2,113.42,0.353,Lamongan,26.2,0.1
-8.3,112.76,0.352,Semeru,27.8,0.1
-8.3,112.78,0.352,Semeru,26.5,0.1
-8.3,113.08,0.352,Semeru,27.5,0.1
-8.3,113.1,0.352,Semeru,29.0,0.1
-8.28,112.74,0.352,Semeru,27.7,0.1
-8.28,113.1,0.352,Semeru,27.4,0.1
-8.28,113.12,0.352,Semeru,29.0,0.1
-8.26,112.72,0.352,Semeru,27.9,0.1
-8.26,113.12,0.352,Semeru,27.6,0.1
-8.24,113.14,0.352,Semeru,28.1,0.1
-8.22,113.14,0.352,Semeru,27.0,0.1
-8.22,113.26,0.352,Lamongan,28.5,0.1
-8.22,113.28,0.352,Lamongan,27.9,0.1
-8.22,113.3,0.352,Lamongan,27.4,0.1
-8.22,113.32,0.352,Lamongan,27.1,0.1
-8.22,113.34,0.352,Lamongan,27.0,0.1
-8.22,113.36,0.352,Lamongan,27.1,0.1
-8.22,113.38,0.352,Lamongan,27.3,0.1
-8.22,113.4,0.352,Lamongan,27.7,0.1
-8.22,113.42,0.352,Lamongan,28.3,0.1
-8.2,113.16,0.352,Semeru,28.1,0.1
-8.2,113.22,0.352,Lamongan,28.3,0.1
-8.2,113.24,0.352,Lamongan,27.3,0.1
-8.2,113.44,0.352,Lamongan,27.0,0.1
-8.2,113.46,0.352,Lamongan,27.9,0.1
-8.3,112.68,0.351,Semeru,34.1,0.0
-8.3,112.7,0.351,Semeru,32.4,0.0
-8.3,112.72,0.351,Semeru,30.8,0.1
-8.3,112.74,0.351,Semeru,29.3,0.1
-8.3,113.12,0.351,Semeru,30.5,0.1
-8.3,113.14,0.351,Semeru,32.1,0.0
-8.3,113.16,0.351,Semeru,33.8,0.0
-8.28,112.68,0.351,Semeru,32.8,0.0
-8.28,112.7,0.351,Semeru,31.0,0.0
-8.28,112.72,0.351,Semeru,29.3,0.1
-8.28,113.14,0.351,Semeru,30.7,0.1
-8.28,113.16,0.351,Semeru,32.4,0.0
-8.28,113.18,0.351,Semeru,34.2,0.0
-8.28,113.28,0.351,Lamongan,34.4,0.0
-8.28,113.3,0.351,Lamongan,34.0,0.0
-8.28,113.32,0.351,Lamongan,33.8,0.0
-8.28,113.34,0.351,Lamongan,33.7,0.0
-8.28,113.36,0.351,Lamongan,33.7,0.0
-8.28,113.38,0.351,Lamongan,33.9,0.0
-8.28,113.4,0.351,Lamongan,34.3,0.0
-8.26,113.14,0.351,Semeru,29.3,0.1
-8.26,113.16,0.351,Semeru,31.2,0.0
-8.26,113.18,0.351,Semeru,33.0,0.0
-8.26,113.22,0.351,Lamongan,34.3,0.0
-8.26,113.24,0.351,Lamongan,33.4,0.0
-8.26,113.26,0.351,Lamongan,32.8,0.0
-8.26,113.28,0.351,Lamongan,32.2,0.0
-8.26,113.3,0.351,Lamongan,31.8,0.0
-8.26,113.32,0.351,Lamongan,31.6,0.0
-8.26,113.34,0.351,Lamongan,31.5,0.0
-8.26,113.36,0.351,Lamongan,31.5,0.0
-8.26,113.38,0.351,Lamongan,31.7,0.0
-8.26,113.4,0.351,Lamongan,32.1,0.0
-8.26,113.42,0.351,Lamongan,32.6,0.0
-8.26,113.44,0.351,Lamongan,33.2,0.0
-8.26,113.46,0.351,Lamongan,34.0,0.0
-8.24,113.16,0.351,Semeru,30.0,0.1
-8.24,113.18,0.351,Semeru,32.0,0.0
-8.24,113.2,0.351,Lamongan,33.2,0.0
-8.24,113.22,0.351,Lamongan,32.2,0.0
-8.24,113.24,0.351,Lamongan,31.4,0.0
-8.24,113.26,0.351,Lamongan,30.6,0.1
-8.24,113.28,0.351,Lamongan,30.1,0.1
-8.24,113.3,0.351,Lamongan,29.6,0.1
-8.24,113.32,0.351,Lamongan,29.4,0.1
-8.24,113.34,0.351,Lamongan,29.2,0.1
-8.24,113.36,0.351,Lamongan,29.3,0.1
-8.24,113.38,0.351,Lamongan,29.5,0.1
-8.24,113.4,0.351,Lamongan,29.9,0.1
-8.24,113.42,0.351,Lamongan,30.4,0.1
-8.24,113.44,0.351,Lamongan,31.1,0.0
-8.24,113.46,0.351,Lamongan,32.0,0.0
-8.24,113.48,0.351,Lamongan,32.9,0.0
-8.22,112.38,0.351,Kelud,33.2,0.0
-8.22,112.4,0.351,Kelud,33.8,0.0
-8.22,113.16,0.351,Semeru,29.0,0.1
-8.22,113.18,0.351,Semeru,31.0,0.1
-8.22,113.2,0.351,Lamongan,31.3,0.0
-8.22,113.22,0.351,Lamongan,30.2,0.1
-8.22,113.24,0.351,Lamongan,29.3,0.1
-8.22,113.44,0.351,Lamongan,29.1,0.1
-8.22,113.46,0.351,Lamongan,29.9,0.1
-8.22,113.48,0.351,Lamongan,30.9,0.1
-8.2,113.18,0.351,Semeru,30.2,0.1
-8.2,113.2,0.351,Lamongan,29.4,0.1
-8.2,113.48,0.351,Lamongan,29.0,0.1
-8.3,112.62,0.35,Semeru,39.5,0.0
-8.3,112.64,0.35,Semeru,37.7,0.0
-8.3,112.66,0.35,Semeru,35.9,0.0
-8.3,113.18,0.35,Semeru,35.5,0.0
-8.3,113.2,0.35,Semeru,37.3,0.0
-8.3,113.22,0.35,Lamongan,38.4,0.0
-8.3,113.24,0.35,Lamongan,37.7,0.0
-8.3,113.26,0.35,Lamongan,37.1,0.0
-8.3,113.28,0.35,Lamongan,36.6,0.0
-8.3,113.3,0.35,Lamongan,36.2,0.0
-8.3,113.32,0.35,Lamongan,36.0,0.0
-8.3,113.34,0.35,Lamongan,35.9,0.0
-8.3,113.36,0.35,Lamongan,36.0,0.0
-8.3,113.38,0.35,Lamongan,36.1,0.0
-8.3,113.4,0.35,Lamongan,36.5,0.0
-8.3,113.42,0.35,Lamongan,36.9,0.0
-8.3,113.44,0.35,Lamongan,37.5,0.0
-8.3,113.46,0.35,Lamongan,38.2,0.0
-8.3,113.48,0.35,Lamongan,39.0,0.0
-8.28,112.24,0.35,Kelud,39.6,0.0
-8.28,112.26,0.35,Kelud,39.3,0.0
-8.28,112.28,0.35,Kelud,39.0,0.0
-8.28,112.3,0.35,Kelud,38.9,0.0
-8.28,112.32,0.35,Kelud,38.9,0.0
-8.28,112.34,0.35,Kelud,39.1,0.0
-8.28,112.36,0.35,Kelud,39.3,0.0
-8.28,112.38,0.35,Kelud,39.7,0.0
-8.28,112.66,0.35,Semeru,34.6,0.0
-8.28,113.2,0.35,Semeru,36.1,0.0
-8.28,113.22,0.35,Lamongan,36.3,0.0
-8.28,113.24,0.35,Lamongan,35.5,0.0
-8.28,113.26,0.35,Lamongan,34.9,0.0
-8.28,113.42,0.35,Lamongan,34.7,0.0
-8.28,113.44,0.35,Lamongan,35.3,0.0
-8.28,113.46,0.35,Lamongan,36.1,0.0
-8.28,113.48,0.35,Lamongan,36.9,0.0
-8.26,112.18,0.35,Kelud,39.3,0.0
-8.26,112.2,0.35,Kelud,38.6,0.0
-8.26,112.22,0.35,Kelud,38.0,0.0
-8.26,112.24,0.35,Kelud,37.5,0.0
-8.26,112.26,0.35,Kelud,37.1,0.0
-8.26,112.28,0.35,Kelud,36.8,0.0
-8.26,112.3,0.35,Kelud,36.7,0.0
-8.26,112.32,0.35,Kelud,36.7,0.0
-8.26,112.34,0.35,Kelud,36.9,0.0
-8.26,112.36,0.35,Kelud,37.1,0.0
-8.26,112.38,0.35,Kelud,37.5,0.0
-8.26,112.4,0.35,Kelud,38.1,0.0
-8.26,112.42,0.35,Kelud,38.7,0.0
-8.26,112.44,0.35,Kelud,39.5,0.0
-8.26,113.2,0.35,Semeru,35.0,0.0
-8.26,113.48,0.35,Lamongan,34.9,0.0
-8.24,112.14,0.35,Kelud,39.1,0.0
-8.24,112.16,0.35,Kelud,38.1,0.0
-8.24,112.18,0.35,Kelud,37.2,0.0
-8.24,112.34,0.35,Kelud,34.6,0.0
-8.24,112.36,0.35,Kelud,34.9,0.0
-8.24,112.38,0.35,Kelud,35.4,0.0
-8.24,112.4,0.35,Kelud,35.9,0.0
-8.24,112.42,0.35,Kelud,36.6,0.0
-8.24,112.44,0.35,Kelud,37.4,0.0
-8.22,112.1,0.35,Kelud,39.6,0.0
-8.22,112.12,0.35,Kelud,38.3,0.0
-8.22,112.14,0.35,Kelud,37.2,0.0
-8.28,112.54,0.335,Semeru,46.2,0.0
-8.28,112.56,0.335,Semeru,44.2,0.0
-8.28,112.58,0.335,Semeru,42.2,0.0
-8.28,112.6,0.335,Semeru,40.3,0.0
-8.26,112.48,0.335,Kelud,41.3,0.0
-8.26,112.5,0.335,Kelud,42.3,0.0
-8.26,112.52,0.335,Kelud,43.5,0.0
-8.26,112.54,0.335,Kelud,44.7,0.0
-8.26,112.56,0.335,Semeru,43.3,0.0
-8.26,112.58,0.335,Semeru,41.3,0.0
-8.24,112.5,0.335,Kelud,40.4,0.0
-8.24,112.52,0.335,Kelud,41.6,0.0
-8.24,112.54,0.335,Kelud,42.9,0.0
-8.24,112.56,0.335,Semeru,42.5,0.0
-8.24,112.58,0.335,Semeru,40.4,0.0
-8.22,112.54,0.335,Kelud,41.1,0.0
-8.22,112.56,0.335,Semeru,41.7,0.0
-8.2,112.56,0.335,Kelud,40.9,0.0
-7.98,111.5,0.335,Kelud,89.2,0.0
-7.98,111.52,0.335,Kelud,87.0,0.0
-7.98,111.54,0.335,Kelud,84.8,0.0
-7.98,111.56,0.335,Kelud,82.6,0.0
-7.98,111.58,0.335,Kelud,80.4,0.0
-7.98,111.6,0.335,Kelud,78.2,0.0
-7.98,111.62,0.335,Kelud,76.0,0.0
-7.98,111.64,0.335,Kelud,73.8,0.0
-7.98,111.66,0.335,Kelud,71.6,0.0
-7.98,111.68,0.335,Kelud,69.4,0.0
-7.98,111.7,0.335,Kelud,67.2,0.0
-7.98,111.72,0.335,Kelud,65.0,0.0
-7.98,111.74,0.335,Kelud,62.8,0.0
-7.98,111.76,0.335,Kelud,60.6,0.0
-7.98,111.78,0.335,Kelud,58.4,0.0
-7.98,111.8,0.335,Kelud,56.2,0.0
-7.98,111.82,0.335,Kelud,54.0,0.0
-7.98,111.84,0.335,Kelud,51.8,0.0
-7.98,111.86,0.335,Kelud,49.6,0.0
-7.98,111.88,0.335,Kelud,47.5,0.0
-7.98,111.9,0.335,Kelud,45.3,0.0
-7.96,111.5,0.335,Kelud,89.0,0.0
-7.96,111.52,0.335,Kelud,86.8,0.0
-7.96,111.54,0.335,Kelud,84.6,0.0
-7.96,111.56,0.335,Kelud,82.4,0.0
-7.96,111.58,0.335,Kelud,80.2,0.0
-7.96,111.6,0.335,Kelud,78.0,0.0
-7.96,111.62,0.335,Kelud,75.8,0.0
-7.96,111.64,0.335,Kelud,73.6,0.0
-7.96,111.66,0.335,Kelud,71.4,0.0
-7.96,111.68,0.335,Kelud,69.2,0.0
-7.96,111.7,0.335,Kelud,67.0,0.0
-7.96,111.72,0.335,Kelud,64.8,0.0
-7.96,111.74,0.335,Kelud,62.6,0.0
-7.96,111.76,0.335,Kelud,60.4,0.0
-7.96,111.78,0.335,Kelud,58.2,0.0
-7.96,111.8,0.335,Kelud,56.0,0.0
-7.96,111.82,0.335,Kelud,53.8,0.0
-7.96,111.84,0.335,Kelud,51.6,0.0
-7.96,111.86,0.335,Kelud,49.4,0.0
-7.96,111.88,0.335,Kelud,47.3,0.0
-7.96,111.9,0.335,Kelud,45.1,0.0
-7.94,111.5,0.335,Kelud,89.0,0.0
-7.94,111.52,0.335,Kelud,86.8,0.0
-7.94,111.54,0.335,Kelud,84.6,0.0
-7.94,111.56,0.335,Kelud,82.4,0.0
-7.94,111.58,0.335,Kelud,80.2,0.0
-7.94,111.6,0.335,Kelud,78.0,0.0
-7.94,111.62,0.335,Kelud,75.8,0.0
-7.94,111.64,0.335,Kelud,73.6,0.0
-7.94,111.66,0.335,Kelud,71.4,0.0
-7.94,111.68,0.335,Kelud,69.2,0.0
-7.94,111.7,0.335,Kelud,67.0,0.0
-7.94,111.72,0.335,Kelud,64.8,0.0
-7.94,111.74,0.335,Kelud,62.6,0.0
-7.94,111.76,0.335,Kelud,60.4,0.0
-7.94,111.78,0.335,Kelud,58.2,0.0
-7.94,111.8,0.335,Kelud,56.0,0.0
-7.94,111.82,0.335,Kelud,53.8,0.0
-7.94,111.84,0.335,Kelud,51.6,0.0
-7.94,111.86,0.335,Kelud,49.4,0.0
-7.94,111.88,0.335,Kelud,47.1,0.0
-7.94,111.9,0.335,Kelud,44.9,0.0
-7.92,111.5,0.335,Kelud,89.0,0.0
-7.92,111.52,0.335,Kelud,86.8,0.0
-7.92,111.54,0.335,Kelud,84.6,0.0
-7.92,111.56,0.335,Kelud,82.4,0.0
-7.92,111.58,0.335,Kelud,80.2,0.0
-7.92,111.6,0.335,Kelud,78.0,0.0
-7.92,111.62,0.335,Kelud,75.8,0.0
-7.92,111.64,0.335,Kelud,73.6,0.0
-7.92,111.66,0.335,Kelud,71.4,0.0
-7.92,111.68,0.335,Kelud,69.2,0.0
-7.92,111.7,0.335,Kelud,67.0,0.0
-7.92,111.72,0.335,Kelud,64.8,0.0
-7.92,111.74,0.335,Kelud,62.6,0.0
-7.92,111.76,0.335,Kelud,60.4,0.0
-7.92,111.78,0.335,Kelud,58.2,0.0
-7.92,111.8,0.335,Kelud,56.0,0.0
-7.92,111.82,0.335,Kelud,53.8,0.0
-7.92,111.84,0.335,Kelud,51.6,0.0
-7.92,111.86,0.335,Kelud,49.4,0.0
-7.92,111.88,0.335,Kelud,47.2,0.0
-7.9,111.5,0.335,Kelud,89.1,0.0
-7.9,111.52,0.335,Kelud,86.9,0.0
-7.9,111.54,0.335,Kelud,84.6,0.0
-7.9,111.56,0.335,Kelud,82.4,0.0
-7.9,111.58,0.335,Kelud,80.2,0.0
-7.9,111.6,0.335,Kelud,78.0,0.0
-7.9,111.62,0.335,Kelud,75.8,0.0
-7.9,111.64,0.335,Kelud,73.6,0.0
-7.9,111.66,0.335,Kelud,71.4,0.0
-7.9,111.68,0.335,Kelud,69.2,0.0
-7.9,111.7,0.335,Kelud,67.0,0.0
-7.9,111.72,0.335,Kelud,64.8,0.0
-7.9,111.74,0.335,Kelud,62.6,0.0
-7.9,111.76,0.335,Kelud,60.4,0.0
-7.9,111.78,0.335,Kelud,58.2,0.0
-7.9,111.8,0.335,Kelud,56.0,0.0
-7.9,111.82,0.335,Kelud,53.8,0.0
-7.9,111.84,0.335,Kelud,51.7,0.0
-7.9,111.86,0.335,Kelud,49.5,0.0
-7.88,111.5,0.335,Kelud,89.2,0.0
-7.88,111.52,0.335,Kelud,87.0,0.0
-7.88,111.54,0.335,Kelud,84.8,0.0
-7.88,111.56,0.335,Kelud,82.6,0.0
-7.88,111.58,0.335,Kelud,80.4,0.0
-7.88,111.6,0.335,Kelud,78.2,0.0
-7.88,111.62,0.335,Kelud,76.0,0.0
-7.88,111.64,0.335,Kelud,73.8,0.0
-7.88,111.66,0.335,Kelud,71.6,0.0
-7.88,111.68,0.335,Kelud,69.4,0.0
-7.88,111.7,0.335,Kelud,67.2,0.0
-7.88,111.72,0.335,Kelud,65.0,0.0
-7.88,111.74,0.335,Kelud,62.8,0.0
-7.88,111.76,0.335,Kelud,60.6,0.0
-7.88,111.78,0.335,Kelud,58.4,0.0
-7.88,111.8,0.335,Kelud,56.2,0.0
-7.88,111.82,0.335,Kelud,54.0,0.0
-7.88,111.84,0.335,Kelud,51.8,0.0
-7.88,111.86,0.335,Kelud,49.7,0.0
-7.86,111.5,0.335,Kelud,89.3,0.0
-7.86,111.52,0.335,Kelud,87.1,0.0
-7.86,111.54,0.335,Kelud,84.9,0.0
-7.86,111.56,0.335,Kelud,82.8,0.0
-7.86,111.58,0.335,Kelud,80.6,0.0
-7.86,111.6,0.335,Kelud,78.4,0.0
-7.86,111.62,0.335,Kelud,76.2,0.0
-7.86,111.64,0.335,Kelud,74.0,0.0
-7.86,111.66,0.335,Kelud,71.8,0.0
-7.86,111.68,0.335,Kelud,69.6,0.0
-7.86,111.7,0.335,Kelud,67.4,0.0
-7.86,111.72,0.335,Kelud,65.2,0.0
-7.86,111.74,0.335,Kelud,63.0,0.0
-7.86,111.76,0.335,Kelud,60.9,0.0
-7.86,111.78,0.335,Kelud,58.7,0.0
-7.86,111.8,0.335,Kelud,56.5,0.0
-7.86,111.82,0.335,Kelud,54.3,0.0
-7.86,111.84,0.335,Kelud,52.1,0.0
-7.86,111.86,0.335,Kelud,50.0,0.0
-7.84,111.5,0.335,Kelud,89.6,0.0
-7.84,111.52,0.335,Kelud,87.4,0.0
-7.84,111.54,0.335,Kelud,85.2,0.0
-7.84,111.56,0.335,Kelud,83.0,0.0
-7.84,111.58,0.335,Kelud,80.8,0.0
-7.84,111.6,0.335,Kelud,78.6,0.0
-7.84,111.62,0.335,Kelud,76.4,0.0
-7.84,111.64,0.335,Kelud,74.3,0.0
-7.84,111.66,0.335,Kelud,72.1,0.0
-7.84,111.68,0.335,Kelud,69.9,0.0
-7.84,111.7,0.335,Kelud,67.7,0.0
-7.84,111.72,0.335,Kelud,65.5,0.0
-7.84,111.74,0.335,Kelud,63.4,0.0
-7.84,111.76,0.335,Kelud,61.2,0.0
-7.84,111.78,0.335,Kelud,59.0,0.0
-7.84,111.8,0.335,Kelud,56.8,0.0
-7.84,111.82,0.335,Kelud,54.7,0.0
-7.84,111.84,0.335,Kelud,52.5,0.0
-7.82,111.5,0.335,Kelud,89.8,0.0
-7.82,111.52,0.335,Kelud,87.7,0.0
-7.82,111.54,0.335,Kelud,85.5,0.0
-7.82,111.56,0.335,Kelud,83.3,0.0
-7.82,111.58,0.335,Kelud,81.1,0.0
-7.82,111.6,0.335,Kelud,78.9,0.0
-7.82,111.62,0.335,Kelud,76.8,0.0
-7.82,111.64,0.335,Kelud,74.6,0.0
-7.82,111.66,0.335,Kelud,72.4,0.0
-7.82,111.68,0.335,Kelud,70.2,0.0
-7.82,111.7,0.335,Kelud,68.1,0.0
-7.82,111.72,0.335,Kelud,65.9,0.0
-7.82,111.74,0.335,Kelud,63.7,0.0
-7.82,111.76,0.335,Kelud,61.6,0.0
-7.82,111.78,0.335,Kelud,59.4,0.0
-7.82,111.8,0.335,Kelud,57.3,0.0
-7.82,111.82,0.335,Kelud,55.1,0.0
-7.82,111.84,0.335,Kelud,53.0,0.0
-7.8,111.5,0.335,Kelud,90.2,0.0
-7.8,111.52,0.335,Kelud,88.0,0.0
-7.8,111.54,0.335,Kelud,85.8,0.0
-7.8,111.56,0.335,Kelud,83.6,0.0
-7.8,111.58,0.335,Kelud,81.5,0.0
-7.8,111.6,0.335,Kelud,79.3,0.0
-7.8,111.62,0.335,Kelud,77.1,0.0
-7.8,111.64,0.335,Kelud,75.0,0.0
-7.8,111.66,0.335,Kelud,72.8,0.0
-7.8,111.68,0.335,Kelud,70.7,0.0
-7.8,111.7,0.335,Kelud,68.5,0.0
-7.8,111.72,0.335,Kelud,66.4,0.0
-7.8,111.74,0.335,Kelud,64.2,0.0
-7.8,111.76,0.335,Kelud,62.1,0.0
-7.8,111.78,0.335,Kelud,59.9,0.0
-7.8,111.8,0.335,Kelud,57.8,0.0
-7.8,111.82,0.335,Kelud,55.7,0.0
-7.8,111.84,0.335,Kelud,53.5,0.0
-7.78,111.5,0.335,Kelud,90.6,0.0
-7.78,111.52,0.335,Kelud,88.4,0.0
-7.78,111.54,0.335,Kelud,86.2,0.0
-7.78,111.56,0.335,Kelud,84.1,0.0
-7.78,111.58,0.335,Kelud,81.9,0.0
-7.78,111.6,0.335,Kelud,79.8,0.0
-7.78,111.62,0.335,Kelud,77.6,0.0
-7.78,111.64,0.335,Kelud,75.4,0.0
-7.78,111.66,0.335,Kelud,73.3,0.0
-7.78,111.68,0.335,Kelud,71.2,0.0
-7.78,111.7,0.335,Kelud,69.0,0.0
-7.78,111.72,0.335,Kelud,66.9,0.0
-7.78,111.74,0.335,Kelud,64.8,0.0
-7.78,111.76,0.335,Kelud,62.6,0.0
-7.78,111.78,0.335,Kelud,60.5,0.0
-7.78,111.8,0.335,Kelud,58.4,0.0
-7.78,111.82,0.335,Kelud,56.3,0.0
-7.78,111.84,0.335,Kelud,54.2,0.0
-7.76,111.5,0.335,Kelud,91.0,0.0
-7.76,111.52,0.335,Kelud,88.8,0.0
-7.76,111.54,0.335,Kelud,86.7,0.0
-7.76,111.56,0.335,Kelud,84.5,0.0
-7.76,111.58,0.335,Kelud,82.4,0.0
-7.76,111.6,0.335,Kelud,80.2,0.0
-7.76,111.62,0.335,Kelud,78.1,0.0
-7.76,111.64,0.335,Kelud,76.0,0.0
-7.76,111.66,0.335,Kelud,73.8,0.0
-7.76,111.68,0.335,Kelud,71.7,0.0
-7.76,111.7,0.335,Kelud,69.6,0.0
-7.76,111.72,0.335,Kelud,67.5,0.0
-7.76,111.74,0.335,Kelud,65.4,0.0
-7.76,111.76,0.335,Kelud,63.3,0.0
-7.76,111.78,0.335,Kelud,61.2,0.0
-7.76,111.8,0.335,Kelud,59.1,0.0
-7.76,111.82,0.335,Kelud,57.0,0.0
-7.76,111.84,0.335,Kelud,54.9,0.0
-7.74,111.5,0.335,Kelud,91.5,0.0
-7.74,111.52,0.335,Kelud,89.3,0.0
-7.74,111.54,0.335,Kelud,87.2,0.0
-7.74,111.56,0.335,Kelud,85.1,0.0
-7.74,111.58,0.335,Kelud,82.9,0.0
-7.74,111.6,0.335,Kelud,80.8,0.0
-7.74,111.62,0.335,Kelud,78.7,0.0
-7.74,111.64,0.335,Kelud,76.6,0.0
-7.74,111.66,0.335,Kelud,74.4,0.0
-7.74,111.68,0.335,Kelud,72.3,0.0
-7.74,111.7,0.335,Kelud,70.2,0.0
-7.74,111.72,0.335,Kelud,68.1,0.0
-7.74,111.74,0.335,Kelud,66.0,0.0
-7.74,111.76,0.335,Kelud,64.0,0.0
-7.74,111.78,0.335,Kelud,61.9,0.0
-7.74,111.8,0.335,Kelud,59.8,0.0
-7.74,111.82,0.335,Kelud,57.8,0.0
-7.74,111.84,0.335,Kelud,55.7,0.0
-7.72,111.5,0.335,Kelud,92.0,0.0
-7.72,111.52,0.335,Kelud,89.9,0.0
-7.72,111.54,0.335,Kelud,87.8,0.0
-7.72,111.56,0.335,Kelud,85.6,0.0
-7.72,111.58,0.335,Kelud,83.5,0.0
-7.72,111.6,0.335,Kelud,81.4,0.0
-7.72,111.62,0.335,Kelud,79.3,0.0
-7.72,111.64,0.335,Kelud,77.2,0.0
-7.72,111.66,0.335,Kelud,75.1,0.0
-7.72,111.68,0.335,Kelud,73.0,0.0
-7.72,111.7,0.335,Kelud,70.9,0.0
-7.72,111.72,0.335,Kelud,68.9,0.0
-7.72,111.74,0.335,Kelud,66.8,0.0
-7.72,111.76,0.335,Kelud,64.7,0.0
-7.72,111.78,0.335,Kelud,62.7,0.0
-7.72,111.8,0.335,Kelud,60.6,0.0
-7.72,111.82,0.335,Kelud,58.6,0.0
-7.72,111.84,0.335,Kelud,56.6,0.0
-7.7,111.5,0.335,Kelud,92.6,0.0
-7.7,111.52,0.335,Kelud,90.5,0.0
-7.7,111.54,0.335,Kelud,88.4,0.0
-7.7,111.56,0.335,Kelud,86.3,0.0
-7.7,111.58,0.335,Kelud,84.2,0.0
-7.7,111.6,0.335,Kelud,82.1,0.0
-7.7,111.62,0.335,Kelud,80.0,0.0
-7.7,111.64,0.335,Kelud,77.9,0.0
-7.7,111.66,0.335,Kelud,75.8,0.0
-7.7,111.68,0.335,Kelud,73.8,0.0
-7.7,111.7,0.335,Kelud,71.7,0.0
-7.7,111.72,0.335,Kelud,69.6,0.0
-7.7,111.74,0.335,Kelud,67.6,0.0
-7.7,111.76,0.335,Kelud,65.6,0.0
-7.7,111.78,0.335,Kelud,63.5,0.0
-7.7,111.8,0.335,Kelud,61.5,0.0
-7.7,111.82,0.335,Kelud,59.5,0.0
-7.7,111.84,0.335,Kelud,57.6,0.0
-7.68,111.5,0.335,Kelud,93.3,0.0
-7.68,111.52,0.335,Kelud,91.2,0.0
-7.68,111.54,0.335,Kelud,89.1,0.0
-7.68,111.56,0.335,Kelud,87.0,0.0
-7.68,111.58,0.335,Kelud,84.9,0.0
-7.68,111.6,0.335,Kelud,82.8,0.0
-7.68,111.62,0.335,Kelud,80.7,0.0
-7.68,111.64,0.335,Kelud,78.7,0.0
-7.68,111.66,0.335,Kelud,76.6,0.0
-7.68,111.68,0.335,Kelud,74.6,0.0
-7.68,111.7,0.335,Kelud,72.5,0.0
-7.68,111.72,0.335,Kelud,70.5,0.0
-7.68,111.74,0.335,Kelud,68.5,0.0
-7.68,111.76,0.335,Kelud,66.5,0.0
-7.68,111.78,0.335,Kelud,64.5,0.0
-7.68,111.8,0.335,Kelud,62.5,0.0
-7.68,111.82,0.335,Kelud,60.5,0.0
-7.68,111.84,0.335,Kelud,58.6,0.0
-7.68,111.86,0.335,Kelud,56.6,0.0
-7.66,111.5,0.335,Kelud,93.9,0.0
-7.66,111.52,0.335,Kelud,91.9,0.0
-7.66,111.54,0.335,Kelud,89.8,0.0
-7.66,111.56,0.335,Kelud,87.7,0.0
-7.66,111.58,0.335,Kelud,85.6,0.0
-7.66,111.6,0.335,Kelud,83.6,0.0
-7.66,111.62,0.335,Kelud,81.5,0.0
-7.66,111.64,0.335,Kelud,79.5,0.0
-7.66,111.66,0.335,Kelud,77.4,0.0
-7.66,111.68,0.335,Kelud,75.4,0.0
-7.66,111.7,0.335,Kelud,73.4,0.0
-7.66,111.72,0.335,Kelud,71.4,0.0
-7.66,111.74,0.335,Kelud,69.4,0.0
-7.66,111.76,0.335,Kelud,67.4,0.0
-7.66,111.78,0.335,Kelud,65.5,0.0
-7.66,111.8,0.335,Kelud,63.5,0.0
-7.66,111.82,0.335,Kelud,61.6,0.0
-7.66,111.84,0.335,Kelud,59.7,0.0
-7.66,111.86,0.335,Kelud,57.8,0.0
-7.64,111.5,0.335,Kelud,94.7,0.0
-7.64,111.52,0.335,Kelud,92.6,0.0
-7.64,111.54,0.335,Kelud,90.5,0.0
-7.64,111.56,0.335,Kelud,88.5,0.0
-7.64,111.58,0.335,Kelud,86.4,0.0
-7.64,111.6,0.335,Kelud,84.4,0.0
-7.64,111.62,0.335,Kelud,82.4,0.0
-7.64,111.64,0.335,Kelud,80.3,0.0
-7.64,111.66,0.335,Kelud,78.3,0.0
-7.64,111.68,0.335,Kelud,76.3,0.0
-7.64,111.7,0.335,Kelud,74.3,0.0
-7.64,111.72,0.335,Kelud,72.4,0.0
-7.64,111.74,0.335,Kelud,70.4,0.0
-7.64,111.76,0.335,Kelud,68.4,0.0
-7.64,111.78,0.335,Kelud,66.5,0.0
-7.64,111.8,0.335,Kelud,64.6,0.0
-7.64,111.82,0.335,Kelud,62.7,0.0
-7.64,111.84,0.335,Kelud,60.8,0.0
-7.64,111.86,0.335,Kelud,59.0,0.0
-7.64,111.88,0.335,Kelud,57.1,0.0
-7.64,113.16,0.335,Bromo,40.8,0.0
-7.64,113.18,0.335,Lamongan,41.6,0.0
-7.64,113.2,0.335,Lamongan,40.6,0.0
-7.64,113.48,0.335,Lamongan,40.4,0.0
-7.62,111.5,0.335,Kelud,95.5,0.0
-7.62,111.52,0.335,Kelud,93.4,0.0
-7.62,111.54,0.335,Kelud,91.4,0.0
-7.62,111.56,0.335,Kelud,89.3,0.0
-7.62,111.58,0.335,Kelud,87.3,0.0
-7.62,111.6,0.335,Kelud,85.3,0.0
-7.62,111.62,0.335,Kelud,83.3,0.0
-7.62,111.64,0.335,Kelud,81.3,0.0
-7.62,111.66,0.335,Kelud,79.3,0.0
-7.62,111.68,0.335,Kelud,77.3,0.0
-7.62,111.7,0.335,Kelud,75.3,0.0
-7.62,111.72,0.335,Kelud,73.4,0.0
-7.62,111.74,0.335,Kelud,71.4,0.0
-7.62,111.76,0.335,Kelud,69.5,0.0
-7.62,111.78,0.335,Kelud,67.6,0.0
-7.62,111.8,0.335,Kelud,65.7,0.0
-7.62,111.82,0.335,Kelud,63.9,0.0
-7.62,111.84,0.335,Kelud,62.0,0.0
-7.62,111.86,0.335,Kelud,60.2,0.0
-7.62,111.88,0.335,Kelud,58.4,0.0
-7.62,113.12,0.335,Bromo,40.4,0.0
-7.62,113.14,0.335,Bromo,41.5,0.0
-7.62,113.16,0.335,Bromo,42.6,0.0
-7.62,113.18,0.335,Lamongan,43.6,0.0
-7.62,113.2,0.335,Lamongan,42.7,0.0
-7.62,113.22,0.335,Lamongan,41.9,0.0
-7.62,113.24,0.335,Lamongan,41.3,0.0
-7.62,113.26,0.335,Lamongan,40.7,0.0
-7.62,113.28,0.335,Lamongan,40.3,0.0
-7.62,113.4,0.335,Lamongan,40.2,0.0
-7.62,113.42,0.335,Lamongan,40.6,0.0
-7.62,113.44,0.335,Lamongan,41.1,0.0
-7.62,113.46,0.335,Lamongan,41.7,0.0
-7.62,113.48,0.335,Lamongan,42.5,0.0
-7.6,111.5,0.335,Kelud,96.3,0.0
-7.6,111.52,0.335,Kelud,94.3,0.0
-7.6,111.54,0.335,Kelud,92.2,0.0
-7.6,111.56,0.335,Kelud,90.2,0.0
-7.6,111.58,0.335,Kelud,88.2,0.0
-7.6,111.6,0.335,Kelud,86.2,0.0
-7.6,111.62,0.335,Kelud,84.2,0.0
-7.6,111.64,0.335,Kelud,82.2,0.0
-7.6,111.66,0.335,Kelud,80.3,0.0
-7.6,111.68,0.335,Kelud,78.3,0.0
-7.6,111.7,0.335,Kelud,76.4,0.0
-7.6,111.72,0.335,Kelud,74.5,0.0
-7.6,111.74,0.335,Kelud,72.5,0.0
-7.6,111.76,0.335,Kelud,70.7,0.0
-7.6,111.78,0.335,Kelud,68.8,0.0
-7.6,111.8,0.335,Kelud,66.9,0.0
-7.6,111.82,0.335,Kelud,65.1,0.0
-7.6,111.84,0.335,Kelud,63.3,0.0
-7.6,111.86,0.335,Kelud,61.5,0.0
-7.6,111.88,0.335,Kelud,59.8,0.0
-7.6,111.9,0.335,Kelud,58.0,0.0
-7.6,113.08,0.335,Bromo,40.6,0.0
-7.6,113.1,0.335,Bromo,41.5,0.0
-7.6,113.12,0.335,Bromo,42.4,0.0
-7.6,113.14,0.335,Bromo,43.4,0.0
-7.6,113.16,0.335,Bromo,44.5,0.0
-7.6,113.18,0.335,Lamongan,45.6,0.0
-7.6,113.2,0.335,Lamongan,44.8,0.0
-7.6,113.22,0.335,Lamongan,44.1,0.0
-7.6,113.24,0.335,Lamongan,43.4,0.0
-7.6,113.26,0.335,Lamongan,42.9,0.0
-7.6,113.28,0.335,Lamongan,42.5,0.0
-7.6,113.3,0.335,Lamongan,42.2,0.0
-7.6,113.32,0.335,Lamongan,42.0,0.0
-7.6,113.34,0.335,Lamongan,41.9,0.0
-7.6,113.36,0.335,Lamongan,42.0,0.0
-7.6,113.38,0.335,Lamongan,42.1,0.0
-7.6,113.4,0.335,Lamongan,42.4,0.0
-7.6,113.42,0.335,Lamongan,42.8,0.0
-7.6,113.44,0.335,Lamongan,43.3,0.0
-7.6,113.46,0.335,Lamongan,43.9,0.0
-7.6,113.48,0.335,Lamongan,44.6,0.0
-7.56,112.4,0.328,Penanggungan,26.0,0.1
-7.56,112.38,0.327,Penanggungan,28.1,0.1
-7.54,112.38,0.327,Penanggungan,28.7,0.1
-7.54,112.4,0.327,Penanggungan,26.6,0.1
-8.02,112.58,0.326,Kelud,31.6,0.0
-8.02,112.6,0.326,Arjuno-Welirang,32.5,0.0
-8.0,112.6,0.326,Arjuno-Welirang,30.3,0.1
-8.18,111.5,0.305,Kelud,93.2,0.0
-8.18,111.52,0.305,Kelud,91.1,0.0
-8.18,111.54,0.305,Kelud,89.0,0.0
-8.18,111.56,0.305,Kelud,86.9,0.0
-8.18,111.58,0.305,Kelud,84.8,0.0
-8.18,111.6,0.305,Kelud,82.8,0.0
-8.18,111.62,0.305,Kelud,80.7,0.0
-8.18,111.64,0.305,Kelud,78.6,0.0
-8.18,111.66,0.305,Kelud,76.6,0.0
-8.18,111.68,0.305,Kelud,74.5,0.0
-8.18,111.7,0.305,Kelud,72.5,0.0
-8.18,111.72,0.305,Kelud,70.5,0.0
-8.18,111.74,0.305,Kelud,68.4,0.0
-8.18,111.76,0.305,Kelud,66.4,0.0
-8.18,111.78,0.305,Kelud,64.4,0.0
-8.18,111.8,0.305,Kelud,62.5,0.0
-8.18,111.82,0.305,Kelud,60.5,0.0
-8.18,111.84,0.305,Kelud,58.5,0.0
-8.18,111.86,0.305,Kelud,56.6,0.0
-8.18,111.88,0.305,Kelud,54.7,0.0
-8.18,111.9,0.305,Kelud,52.8,0.0
-8.18,111.92,0.305,Kelud,51.0,0.0
-8.18,111.94,0.305,Kelud,49.1,0.0
-8.18,111.96,0.305,Kelud,47.3,0.0
-8.18,111.98,0.305,Kelud,45.6,0.0
-8.18,112.0,0.305,Kelud,43.8,0.0
-8.18,112.02,0.305,Kelud,42.2,0.0
-8.16,111.5,0.305,Kelud,92.6,0.0
-8.16,111.52,0.305,Kelud,90.5,0.0
-8.16,111.54,0.305,Kelud,88.3,0.0
-8.16,111.56,0.305,Kelud,86.2,0.0
-8.16,111.58,0.305,Kelud,84.1,0.0
-8.16,111.6,0.305,Kelud,82.0,0.0
-8.16,111.62,0.305,Kelud,80.0,0.0
-8.16,111.64,0.305,Kelud,77.9,0.0
-8.16,111.66,0.305,Kelud,75.8,0.0
-8.16,111.68,0.305,Kelud,73.7,0.0
-8.16,111.7,0.305,Kelud,71.7,0.0
-8.16,111.72,0.305,Kelud,69.6,0.0
-8.16,111.74,0.305,Kelud,67.6,0.0
-8.16,111.76,0.305,Kelud,65.5,0.0
-8.16,111.78,0.305,Kelud,63.5,0.0
-8.16,111.8,0.305,Kelud,61.5,0.0
-8.16,111.82,0.305,Kelud,59.5,0.0
-8.16,111.84,0.305,Kelud,57.5,0.0
-8.16,111.86,0.305,Kelud,55.6,0.0
-8.16,111.88,0.305,Kelud,53.6,0.0
-8.16,111.9,0.305,Kelud,51.7,0.0
-8.16,111.92,0.305,Kelud,49.8,0.0
-8.16,111.94,0.305,Kelud,47.9,0.0
-8.16,111.96,0.305,Kelud,46.1,0.0
-8.16,111.98,0.305,Kelud,44.3,0.0
-8.16,112.0,0.305,Kelud,42.5,0.0
-8.14,111.5,0.305,Kelud,92.0,0.0
-8.14,111.52,0.305,Kelud,89.8,0.0
-8.14,111.54,0.305,Kelud,87.7,0.0
-8.14,111.56,0.305,Kelud,85.6,0.0
-8.14,111.58,0.305,Kelud,83.5,0.0
-8.14,111.6,0.305,Kelud,81.4,0.0
-8.14,111.62,0.305,Kelud,79.3,0.0
-8.14,111.64,0.305,Kelud,77.2,0.0
-8.14,111.66,0.305,Kelud,75.1,0.0
-8.14,111.68,0.305,Kelud,73.0,0.0
-8.14,111.7,0.305,Kelud,70.9,0.0
-8.14,111.72,0.305,Kelud,68.8,0.0
-8.14,111.74,0.305,Kelud,66.8,0.0
-8.14,111.76,0.305,Kelud,64.7,0.0
-8.14,111.78,0.305,Kelud,62.6,0.0
-8.14,111.8,0.305,Kelud,60.6,0.0
-8.14,111.82,0.305,Kelud,58.6,0.0
-8.14,111.84,0.305,Kelud,56.6,0.0
-8.14,111.86,0.305,Kelud,54.6,0.0
-8.14,111.88,0.305,Kelud,52.6,0.0
-8.14,111.9,0.305,Kelud,50.6,0.0
-8.14,111.92,0.305,Kelud,48.7,0.0
-8.14,111.94,0.305,Kelud,46.8,0.0
-8.14,111.96,0.305,Kelud,44.9,0.0
-8.14,111.98,0.305,Kelud,43.0,0.0
-8.12,111.5,0.305,Kelud,91.4,0.0
-8.12,111.52,0.305,Kelud,89.3,0.0
-8.12,111.54,0.305,Kelud,87.2,0.0
-8.12,111.56,0.305,Kelud,85.0,0.0
-8.12,111.58,0.305,Kelud,82.9,0.0
-8.12,111.6,0.305,Kelud,80.8,0.0
-8.12,111.62,0.305,Kelud,78.6,0.0
-8.12,111.64,0.305,Kelud,76.5,0.0
-8.12,111.66,0.305,Kelud,74.4,0.0
-8.12,111.68,0.305,Kelud,72.3,0.0
-8.12,111.7,0.305,Kelud,70.2,0.0
-8.12,111.72,0.305,Kelud,68.1,0.0
-8.12,111.74,0.305,Kelud,66.0,0.0
-8.12,111.76,0.305,Kelud,63.9,0.0
-8.12,111.78,0.305,Kelud,61.9,0.0
-8.12,111.8,0.305,Kelud,59.8,0.0
-8.12,111.82,0.305,Kelud,57.7,0.0
-8.12,111.84,0.305,Kelud,55.7,0.0
-8.12,111.86,0.305,Kelud,53.7,0.0
-8.12,111.88,0.305,Kelud,51.6,0.0
-8.12,111.9,0.305,Kelud,49.6,0.0
-8.12,111.92,0.305,Kelud,47.7,0.0
-8.12,111.94,0.305,Kelud,45.7,0.0
-8.12,111.96,0.305,Kelud,43.8,0.0
-8.1,111.5,0.305,Kelud,91.0,0.0
-8.1,111.52,0.305,Kelud,88.8,0.0
-8.1,111.54,0.305,Kelud,86.7,0.0
-8.1,111.56,0.305,Kelud,84.5,0.0
-8.1,111.58,0.305,Kelud,82.4,0.0
-8.1,111.6,0.305,Kelud,80.2,0.0
-8.1,111.62,0.305,Kelud,78.1,0.0
-8.1,111.64,0.305,Kelud,75.9,0.0
-8.1,111.66,0.305,Kelud,73.8,0.0
-8.1,111.68,0.305,Kelud,71.7,0.0
-8.1,111.7,0.305,Kelud,69.6,0.0
-8.1,111.72,0.305,Kelud,67.4,0.0
-8.1,111.74,0.305,Kelud,65.3,0.0
-8.1,111.76,0.305,Kelud,63.2,0.0
-8.1,111.78,0.305,Kelud,61.1,0.0
-8.1,111.8,0.305,Kelud,59.0,0.0
-8.1,111.82,0.305,Kelud,57.0,0.0
-8.1,111.84,0.305,Kelud,54.9,0.0
-8.1,111.86,0.305,Kelud,52.8,0.0
-8.1,111.88,0.305,Kelud,50.8,0.0
-8.1,111.9,0.305,Kelud,48.7,0.0
-8.1,111.92,0.305,Kelud,46.7,0.0
-8.1,111.94,0.305,Kelud,44.7,0.0
-8.08,111.5,0.305,Kelud,90.5,0.0
-8.08,111.52,0.305,Kelud,88.4,0.0
-8.08,111.54,0.305,Kelud,86.2,0.0
-8.08,111.56,0.305,Kelud,84.0,0.0
-8.08,111.58,0.305,Kelud,81.9,0.0
-8.08,111.6,0.305,Kelud,79.7,0.0
-8.08,111.62,0.305,Kelud,77.6,0.0
-8.08,111.64,0.305,Kelud,75.4,0.0
-8.08,111.66,0.305,Kelud,73.3,0.0
-8.08,111.68,0.305,Kelud,71.1,0.0
-8.08,111.7,0.305,Kelud,69.0,0.0
-8.08,111.72,0.305,Kelud,66.9,0.0
-8.08,111.74,0.305,Kelud,64.7,0.0
-8.08,111.76,0.305,Kelud,62.6,0.0
-8.08,111.78,0.305,Kelud,60.5,0.0
-8.08,111.8,0.305,Kelud,58.4,0.0
-8.08,111.82,0.305,Kelud,56.3,0.0
-8.08,111.84,0.305,Kelud,54.2,0.0
-8.08,111.86,0.305,Kelud,52.1,0.0
-8.08,111.88,0.305,Kelud,50.0,0.0
-8.08,111.9,0.305,Kelud,47.9,0.0
-8.08,111.92,0.305,Kelud,45.9,0.0
-8.08,111.94,0.305,Kelud,43.8,0.0
-8.06,111.5,0.305,Kelud,90.1,0.0
-8.06,111.52,0.305,Kelud,88.0,0.0
-8.06,111.54,0.305,Kelud,85.8,0.0
-8.06,111.56,0.305,Kelud,83.6,0.0
-8.06,111.58,0.305,Kelud,81.5,0.0
-8.06,111.6,0.305,Kelud,79.3,0.0
-8.06,111.62,0.305,Kelud,77.1,0.0
-8.06,111.64,0.305,Kelud,75.0,0.0
-8.06,111.66,0.305,Kelud,72.8,0.0
-8.06,111.68,0.305,Kelud,70.6,0.0
-8.06,111.7,0.305,Kelud,68.5,0.0
-8.06,111.72,0.305,Kelud,66.3,0.0
-8.06,111.74,0.305,Kelud,64.2,0.0
-8.06,111.76,0.305,Kelud,62.0,0.0
-8.06,111.78,0.305,Kelud,59.9,0.0
-8.06,111.8,0.305,Kelud,57.8,0.0
-8.06,111.82,0.305,Kelud,55.6,0.0
-8.06,111.84,0.305,Kelud,53.5,0.0
-8.06,111.86,0.305,Kelud,51.4,0.0
-8.06,111.88,0.305,Kelud,49.3,0.0
-8.06,111.9,0.305,Kelud,47.2,0.0
-8.06,111.92,0.305,Kelud,45.1,0.0
-8.04,111.5,0.305,Kelud,89.8,0.0
-8.04,111.52,0.305,Kelud,87.6,0.0
-8.04,111.54,0.305,Kelud,85.4,0.0
-8.04,111.56,0.305,Kelud,83.3,0.0
-8.04,111.58,0.305,Kelud,81.1,0.0
-8.04,111.6,0.305,Kelud,78.9,0.0
-8.04,111.62,0.305,Kelud,76.7,0.0
-8.04,111.64,0.305,Kelud,74.6,0.0
-8.04,111.66,0.305,Kelud,72.4,0.0
-8.04,111.68,0.305,Kelud,70.2,0.0
-8.04,111.7,0.305,Kelud,68.1,0.0
-8.04,111.72,0.305,Kelud,65.9,0.0
-8.04,111.74,0.305,Kelud,63.7,0.0
-8.04,111.76,0.305,Kelud,61.6,0.0
-8.04,111.78,0.305,Kelud,59.4,0.0
-8.04,111.8,0.305,Kelud,57.3,0.0
-8.04,111.82,0.305,Kelud,55.1,0.0
-8.04,111.84,0.305,Kelud,53.0,0.0
-8.04,111.86,0.305,Kelud,50.8,0.0
-8.04,111.88,0.305,Kelud,48.7,0.0
-8.04,111.9,0.305,Kelud,46.6,0.0
-8.04,111.92,0.305,Kelud,44.4,0.0
-8.02,111.5,0.305,Kelud,89.5,0.0
-8.02,111.52,0.305,Kelud,87.3,0.0
-8.02,111.54,0.305,Kelud,85.2,0.0
-8.02,111.56,0.305,Kelud,83.0,0.0
-8.02,111.58,0.305,Kelud,80.8,0.0
-8.02,111.6,0.305,Kelud,78.6,0.0
-8.02,111.62,0.305,Kelud,76.4,0.0
-8.02,111.64,0.305,Kelud,74.2,0.0
-8.02,111.66,0.305,Kelud,72.1,0.0
-8.02,111.68,0.305,Kelud,69.9,0.0
-8.02,111.7,0.305,Kelud,67.7,0.0
-8.02,111.72,0.305,Kelud,65.5,0.0
-8.02,111.74,0.305,Kelud,63.3,0.0
-8.02,111.76,0.305,Kelud,61.2,0.0
-8.02,111.78,0.305,Kelud,59.0,0.0
-8.02,111.8,0.305,Kelud,56.8,0.0
-8.02,111.82,0.305,Kelud,54.7,0.0
-8.02,111.84,0.305,Kelud,52.5,0.0
-8.02,111.86,0.305,Kelud,50.3,0.0
-8.02,111.88,0.305,Kelud,48.2,0.0
-8.02,111.9,0.305,Kelud,46.0,0.0
-8.0,111.5,0.305,Kelud,89.3,0.0
-8.0,111.52,0.305,Kelud,87.1,0.0
-8.0,111.54,0.305,Kelud,84.9,0.0
-8.0,111.56,0.305,Kelud,82.7,0.0
-8.0,111.58,0.305,Kelud,80.5,0.0
-8.0,111.6,0.305,Kelud,78.4,0.0
-8.0,111.62,0.305,Kelud,76.2,0.0
-8.0,111.64,0.305,Kelud,74.0,0.0
-8.0,111.66,0.305,Kelud,71.8,0.0
-8.0,111.68,0.305,Kelud,69.6,0.0
-8.0,111.7,0.305,Kelud,67.4,0.0
-8.0,111.72,0.305,Kelud,65.2,0.0
-8.0,111.74,0.305,Kelud,63.0,0.0
-8.0,111.76,0.305,Kelud,60.8,0.0
-8.0,111.78,0.305,Kelud,58.7,0.0
-8.0,111.8,0.305,Kelud,56.5,0.0
-8.0,111.82,0.305,Kelud,54.3,0.0
-8.0,111.84,0.305,Kelud,52.1,0.0
-8.0,111.86,0.305,Kelud,49.9,0.0
-8.0,111.88,0.305,Kelud,47.8,0.0
-8.0,111.9,0.305,Kelud,45.6,0.0
-7.58,111.5,0.305,Kelud,97.2,0.0
-7.58,111.52,0.305,Kelud,95.1,0.0
-7.58,111.54,0.305,Kelud,93.1,0.0
-7.58,111.56,0.305,Kelud,91.1,0.0
-7.58,111.58,0.305,Kelud,89.2,0.0
-7.58,111.6,0.305,Kelud,87.2,0.0
-7.58,111.62,0.305,Kelud,85.2,0.0
-7.58,111.64,0.305,Kelud,83.3,0.0
-7.58,111.66,0.305,Kelud,81.3,0.0
-7.58,111.68,0.305,Kelud,79.4,0.0
-7.58,111.7,0.305,Kelud,77.5,0.0
-7.58,111.72,0.305,Kelud,75.6,0.0
-7.58,111.74,0.305,Kelud,73.7,0.0
-7.58,111.76,0.305,Kelud,71.8,0.0
-7.58,111.78,0.305,Kelud,70.0,0.0
-7.58,111.8,0.305,Kelud,68.2,0.0
-7.58,111.82,0.305,Kelud,66.4,0.0
-7.58,111.84,0.305,Kelud,64.6,0.0
-7.58,111.86,0.305,Kelud,62.9,0.0
-7.58,111.88,0.305,Kelud,61.1,0.0
-7.58,111.9,0.305,Kelud,59.5,0.0
-7.58,111.92,0.305,Kelud,57.8,0.0
-7.58,113.0,0.305,Bromo,40.6,0.0
-7.58,113.02,0.305,Bromo,41.0,0.0
-7.58,113.04,0.305,Bromo,41.5,0.0
-7.58,113.06,0.305,Bromo,42.0,0.0
-7.58,113.08,0.305,Bromo,42.7,0.0
-7.58,113.1,0.305,Bromo,43.5,0.0
-7.58,113.12,0.305,Bromo,44.4,0.0
-7.58,113.14,0.305,Bromo,45.4,0.0
-7.58,113.16,0.305,Bromo,46.4,0.0
-7.58,113.18,0.305,Bromo,47.6,0.0
-7.58,113.2,0.305,Lamongan,46.9,0.0
-7.58,113.22,0.305,Lamongan,46.2,0.0
-7.58,113.24,0.305,Lamongan,45.6,0.0
-7.58,113.26,0.305,Lamongan,45.1,0.0
-7.58,113.28,0.305,Lamongan,44.7,0.0
-7.58,113.3,0.305,Lamongan,44.4,0.0
-7.58,113.32,0.305,Lamongan,44.2,0.0
-7.58,113.34,0.305,Lamongan,44.1,0.0
-7.58,113.36,0.305,Lamongan,44.2,0.0
-7.58,113.38,0.305,Lamongan,44.3,0.0
-7.58,113.4,0.305,Lamongan,44.6,0.0
-7.58,113.42,0.305,Lamongan,45.0,0.0
-7.58,113.44,0.305,Lamongan,45.4,0.0
-7.58,113.46,0.305,Lamongan,46.0,0.0
-7.58,113.48,0.305,Lamongan,46.7,0.0
-7.56,111.5,0.305,Kelud,98.1,0.0
-7.56,111.52,0.305,Kelud,96.1,0.0
-7.56,111.54,0.305,Kelud,94.1,0.0
-7.56,111.56,0.305,Kelud,92.1,0.0
-7.56,111.58,0.305,Kelud,90.1,0.0
-7.56,111.6,0.305,Kelud,88.2,0.0
-7.56,111.62,0.305,Kelud,86.2,0.0
-7.56,111.64,0.305,Kelud,84.3,0.0
-7.56,111.66,0.305,Kelud,82.4,0.0
-7.56,111.68,0.305,Kelud,80.5,0.0
-7.56,111.7,0.305,Kelud,78.6,0.0
-7.56,111.72,0.305,Kelud,76.7,0.0
-7.56,111.74,0.305,Kelud,74.9,0.0
-7.56,111.76,0.305,Kelud,73.1,0.0
-7.56,111.78,0.305,Kelud,71.3,0.0
-7.56,111.8,0.305,Kelud,69.5,0.0
-7.56,111.82,0.305,Kelud,67.7,0.0
-7.56,111.84,0.305,Kelud,66.0,0.0
-7.56,111.86,0.305,Kelud,64.3,0.0
-7.56,111.88,0.305,Kelud,62.6,0.0
-7.56,111.9,0.305,Kelud,60.9,0.0
-7.56,111.92,0.305,Kelud,59.3,0.0
-7.56,111.94,0.305,Kelud,57.8,0.0
-7.56,113.0,0.305,Penanggungan,41.3,0.0
-7.56,113.02,0.305,Bromo,43.2,0.0
-7.56,113.04,0.305,Bromo,43.6,0.0
-7.56,113.06,0.305,Bromo,44.2,0.0
-7.56,113.08,0.305,Bromo,44.8,0.0
-7.56,113.1,0.305,Bromo,45.6,0.0
-7.56,113.12,0.305,Bromo,46.4,0.0
-7.56,113.14,0.305,Bromo,47.4,0.0
-7.56,113.16,0.305,Bromo,48.4,0.0
-7.56,113.18,0.305,Bromo,49.5,0.0
-7.56,113.2,0.305,Lamongan,49.0,0.0
-7.56,113.22,0.305,Lamongan,48.3,0.0
-7.56,113.24,0.305,Lamongan,47.7,0.0
-7.56,113.26,0.305,Lamongan,47.3,0.0
-7.56,113.28,0.305,Lamongan,46.9,0.0
-7.56,113.3,0.305,Lamongan,46.6,0.0
-7.56,113.32,0.305,Lamongan,46.4,0.0
-7.56,113.34,0.305,Lamongan,46.4,0.0
-7.56,113.36,0.305,Lamongan,46.4,0.0
-7.56,113.38,0.305,Lamongan,46.5,0.0
-7.56,113.4,0.305,Lamongan,46.8,0.0
-7.56,113.42,0.305,Lamongan,47.1,0.0
-7.56,113.44,0.305,Lamongan,47.6,0.0
-7.56,113.46,0.305,Lamongan,48.1,0.0
-7.56,113.48,0.305,Lamongan,48.8,0.0
-7.54,111.5,0.305,Kelud,99.0,0.0
-7.54,111.52,0.305,Kelud,97.1,0.0
-7.54,111.54,0.305,Kelud,95.1,0.0
-7.54,111.56,0.305,Kelud,93.1,0.0
-7.54,111.58,0.305,Kelud,91.2,0.0
-7.54,111.6,0.305,Kelud,89.3,0.0
-7.54,111.62,0.305,Kelud,87.3,0.0
-7.54,111.64,0.305,Kelud,85.4,0.0
-7.54,111.66,0.305,Kelud,83.5,0.0
-7.54,111.68,0.305,Kelud,81.7,0.0
-7.54,111.7,0.305,Kelud,79.8,0.0
-7.54,111.72,0.305,Kelud,78.0,0.0
-7.54,111.74,0.305,Kelud,76.1,0.0
-7.54,111.76,0.305,Kelud,74.3,0.0
-7.54,111.78,0.305,Kelud,72.6,0.0
-7.54,111.8,0.305,Kelud,70.8,0.0
-7.54,111.82,0.305,Kelud,69.1,0.0
-7.54,111.84,0.305,Kelud,67.4,0.0
-7.54,111.86,0.305,Kelud,65.7,0.0
-7.54,111.88,0.305,Kelud,64.1,0.0
-7.54,111.9,0.305,Kelud,62.5,0.0
-7.54,111.92,0.305,Kelud,60.9,0.0
-7.54,111.94,0.305,Kelud,59.4,0.0
-7.54,111.96,0.305,Kelud,57.9,0.0
-7.54,111.98,0.305,Kelud,56.5,0.0
-7.54,113.0,0.305,Penanggungan,41.7,0.0
-7.54,113.02,0.305,Penanggungan,43.9,0.0
-7.54,113.04,0.305,Bromo,45.8,0.0
-7.54,113.06,0.305,Bromo,46.3,0.0
-7.54,113.08,0.305,Bromo,46.9,0.0
-7.54,113.1,0.305,Bromo,47.7,0.0
-7.54,113.12,0.305,Bromo,48.5,0.0
-7.54,113.14,0.305,Bromo,49.4,0.0
-7.54,113.16,0.305,Bromo,50.3,0.0
-7.54,113.18,0.305,Bromo,51.4,0.0
-7.54,113.2,0.305,Lamongan,51.1,0.0
-7.54,113.22,0.305,Lamongan,50.4,0.0
-7.54,113.24,0.305,Lamongan,49.9,0.0
-7.54,113.26,0.305,Lamongan,49.4,0.0
-7.54,113.28,0.305,Lamongan,49.1,0.0
-7.54,113.3,0.305,Lamongan,48.8,0.0
-7.54,113.32,0.305,Lamongan,48.7,0.0
-7.54,113.34,0.305,Lamongan,48.6,0.0
-7.54,113.36,0.305,Lamongan,48.6,0.0
-7.54,113.38,0.305,Lamongan,48.8,0.0
-7.54,113.4,0.305,Lamongan,49.0,0.0
-7.54,113.42,0.305,Lamongan,49.3,0.0
-7.54,113.44,0.305,Lamongan,49.8,0.0
-7.54,113.46,0.305,Lamongan,50.3,0.0
-7.54,113.48,0.305,Lamongan,50.9,0.0
-7.52,111.5,0.305,Kelud,100.0,0.0
-7.52,111.52,0.305,Kelud,98.1,0.0
-7.52,111.54,0.305,Kelud,96.1,0.0
-7.52,111.56,0.305,Kelud,94.2,0.0
-7.52,111.58,0.305,Kelud,92.3,0.0
-7.52,111.6,0.305,Kelud,90.4,0.0
-7.52,111.62,0.305,Kelud,88.5,0.0
-7.52,111.64,0.305,Kelud,86.6,0.0
-7.52,111.66,0.305,Kelud,84.7,0.0
-7.52,111.68,0.305,Kelud,82.9,0.0
-7.52,111.7,0.305,Kelud,81.0,0.0
-7.52,111.72,0.305,Kelud,79.2,0.0
-7.52,111.74,0.305,Kelud,77.4,0.0
-7.52,111.76,0.305,Kelud,75.7,0.0
-7.52,111.78,0.305,Kelud,73.9,0.0
-7.52,111.8,0.305,Kelud,72.2,0.0
-7.52,111.82,0.305,Kelud,70.5,0.0
-7.52,111.84,0.305,Kelud,68.8,0.0
-7.52,111.86,0.305,Kelud,67.2,0.0
-7.52,111.88,0.305,Kelud,65.6,0.0
-7.52,111.9,0.305,Kelud,64.0,0.0
-7.52,111.92,0.305,Kelud,62.5,0.0
-7.52,111.94,0.305,Kelud,61.0,0.0
-7.52,111.96,0.305,Kelud,59.6,0.0
-7.52,111.98,0.305,Kelud,58.2,0.0
-7.52,112.0,0.305,Kelud,56.8,0.0
-7.52,112.02,0.305,Kelud,55.5,0.0
-7.52,112.98,0.305,Penanggungan,40.1,0.0
-7.52,113.0,0.305,Penanggungan,42.2,0.0
-7.52,113.02,0.305,Penanggungan,44.4,0.0
-7.52,113.04,0.305,Penanggungan,46.5,0.0
-7.52,113.06,0.305,Bromo,48.5,0.0
-7.52,113.08,0.305,Bromo,49.1,0.0
-7.52,113.1,0.305,Bromo,49.7,0.0
-7.52,113.12,0.305,Bromo,50.5,0.0
-7.52,113.14,0.305,Bromo,51.4,0.0
-7.52,113.16,0.305,Bromo,52.3,0.0
-7.52,113.18,0.305,Bromo,53.3,0.0
-7.52,113.2,0.305,Lamongan,53.2,0.0
-7.52,113.22,0.305,Lamongan,52.6,0.0
-7.52,113.24,0.305,Lamongan,52.1,0.0
-7.52,113.26,0.305,Lamongan,51.6,0.0
-7.52,113.28,0.305,Lamongan,51.3,0.0
-7.52,113.3,0.305,Lamongan,51.0,0.0
-7.52,113.32,0.305,Lamongan,50.9,0.0
-7.52,113.34,0.305,Lamongan,50.8,0.0
-7.52,113.36,0.305,Lamongan,50.9,0.0
-7.52,113.38,0.305,Lamongan,51.0,0.0
-7.52,113.4,0.305,Lamongan,51.2,0.0
-7.52,113.42,0.305,Lamongan,51.5,0.0
-7.52,113.44,0.305,Lamongan,51.9,0.0
-7.52,113.46,0.305,Lamongan,52.4,0.0
-7.52,113.48,0.305,Lamongan,53.0,0.0
-7.5,111.5,0.305,Kelud,101.1,0.0
-7.5,111.52,0.305,Kelud,99.1,0.0
-7.5,111.54,0.305,Kelud,97.2,0.0
-7.5,111.56,0.305,Kelud,95.3,0.0
-7.5,111.58,0.305,Kelud,93.4,0.0
-7.5,111.6,0.305,Kelud,91.5,0.0
-7.5,111.62,0.305,Kelud,89.6,0.0
-7.5,111.64,0.305,Kelud,87.8,0.0
-7.5,111.66,0.305,Kelud,85.9,0.0
-7.5,111.68,0.305,Kelud,84.1,0.0
-7.5,111.7,0.305,Kelud,82.3,0.0
-7.5,111.72,0.305,Kelud,80.5,0.0
-7.5,111.74,0.305,Kelud,78.8,0.0
-7.5,111.76,0.305,Kelud,77.0,0.0
-7.5,111.78,0.305,Kelud,75.3,0.0
-7.5,111.8,0.305,Kelud,73.6,0.0
-7.5,111.82,0.305,Kelud,72.0,0.0
-7.5,111.84,0.305,Kelud,70.3,0.0
-7.5,111.86,0.305,Kelud,68.7,0.0
-7.5,111.88,0.305,Kelud,67.2,0.0
-7.5,111.9,0.305,Kelud,65.6,0.0
-7.5,111.92,0.305,Kelud,64.1,0.0
-7.5,111.94,0.305,Kelud,62.7,0.0
-7.5,111.96,0.305,Kelud,61.3,0.0
-7.5,111.98,0.305,Kelud,59.9,0.0
-7.5,112.0,0.305,Kelud,58.6,0.0
-7.5,112.02,0.305,Kelud,57.4,0.0
-7.5,112.04,0.305,Kelud,56.2,0.0
-7.5,112.06,0.305,Kelud,55.1,0.0
-7.5,112.08,0.305,Kelud,54.0,0.0
-7.5,112.1,0.305,Kelud,53.0,0.0
-7.5,112.98,0.305,Penanggungan,40.7,0.0
-7.5,113.0,0.305,Penanggungan,42.8,0.0
-7.5,113.02,0.305,Penanggungan,45.0,0.0
-7.5,113.04,0.305,Penanggungan,47.1,0.0
-7.5,113.06,0.305,Penanggungan,49.2,0.0
-7.5,113.08,0.305,Bromo,51.2,0.0
-7.5,113.1,0.305,Bromo,51.9,0.0
-7.5,113.12,0.305,Bromo,52.6,0.0
-7.5,113.14,0.305,Bromo,53.4,0.0
-7.5,113.16,0.305,Bromo,54.3,0.0
-7.5,113.18,0.305,Bromo,55.3,0.0
-7.5,113.2,0.305,Lamongan,55.3,0.0
-7.5,113.22,0.305,Lamongan,54.7,0.0
-7.5,113.24,0.305,Lamongan,54.2,0.0
-7.5,113.26,0.305,Lamongan,53.8,0.0
-7.5,113.28,0.305,Lamongan,53.5,0.0
-7.5,113.3,0.305,Lamongan,53.3,0.0
-7.5,113.32,0.305,Lamongan,53.1,0.0
-7.5,113.34,0.305,Lamongan,53.0,0.0
-7.5,113.36,0.305,Lamongan,53.1,0.0
-7.5,113.38,0.305,Lamongan,53.2,0.0
-7.5,113.4,0.305,Lamongan,53.4,0.0
-7.5,113.42,0.305,Lamongan,53.7,0.0
-7.5,113.44,0.305,Lamongan,54.1,0.0
-7.5,113.46,0.305,Lamongan,54.6,0.0
-7.5,113.48,0.305,Lamongan,55.1,0.0
-7.48,111.5,0.305,Kelud,102.1,0.0
-7.48,111.52,0.305,Kelud,100.2,0.0
-7.48,111.54,0.305,Kelud,98.3,0.0
-7.48,111.56,0.305,Kelud,96.4,0.0
-7.48,111.58,0.305,Kelud,94.5,0.0
-7.48,111.6,0.305,Kelud,92.7,0.0
-7.48,111.62,0.305,Kelud,90.8,0.0
-7.48,111.64,0.305,Kelud,89.0,0.0
-7.48,111.66,0.305,Kelud,87.2,0.0
-7.48,111.68,0.305,Kelud,85.4,0.0
-7.48,111.7,0.305,Kelud,83.6,0.0
-7.48,111.72,0.305,Kelud,81.9,0.0
-7.48,111.74,0.305,Kelud,80.1,0.0
-7.48,111.76,0.305,Kelud,78.4,0.0
-7.48,111.78,0.305,Kelud,76.7,0.0
-7.48,111.8,0.305,Kelud,75.1,0.0
-7.48,111.82,0.305,Kelud,73.5,0.0
-7.48,111.84,0.305,Kelud,71.9,0.0
-7.48,111.86,0.305,Kelud,70.3,0.0
-7.48,111.88,0.305,Kelud,68.8,0.0
-7.48,111.9,0.305,Kelud,67.3,0.0
-7.48,111.92,0.305,Kelud,65.8,0.0
-7.48,111.94,0.305,Kelud,64.4,0.0
-7.48,111.96,0.305,Kelud,63.0,0.0
-7.48,111.98,0.305,Kelud,61.7,0.0
-7.48,112.0,0.305,Kelud,60.5,0.0
-7.48,112.02,0.305,Kelud,59.3,0.0
-7.48,112.04,0.305,Kelud,58.1,0.0
-7.48,112.06,0.305,Kelud,57.0,0.0
-7.48,112.08,0.305,Kelud,56.0,0.0
-7.48,112.1,0.305,Kelud,55.0,0.0
-7.48,112.98,0.305,Penanggungan,41.5,0.0
-7.48,113.0,0.305,Penanggungan,43.6,0.0
-7.48,113.02,0.305,Penanggungan,45.6,0.0
-7.48,113.04,0.305,Penanggungan,47.7,0.0
-7.48,113.06,0.305,Penanggungan,49.8,0.0
-7.48,113.08,0.305,Penanggungan,51.9,0.0
-7.48,113.1,0.305,Bromo,54.0,0.0
-7.48,113.12,0.305,Bromo,54.7,0.0
-7.48,113.14,0.305,Bromo,55.5,0.0
-7.48,113.16,0.305,Bromo,56.3,0.0
-7.48,113.18,0.305,Bromo,57.3,0.0
-7.48,113.2,0.305,Lamongan,57.5,0.0
-7.48,113.22,0.305,Lamongan,56.9,0.0
-7.48,113.24,0.305,Lamongan,56.4,0.0
-7.48,113.26,0.305,Lamongan,56.0,0.0
-7.48,113.28,0.305,Lamongan,55.7,0.0
-7.48,113.3,0.305,Lamongan,55.5,0.0
-7.48,113.32,0.305,Lamongan,55.3,0.0
-7.48,113.34,0.305,Lamongan,55.3,0.0
-7.48,113.36,0.305,Lamongan,55.3,0.0
-7.48,113.38,0.305,Lamongan,55.4,0.0
-7.48,113.4,0.305,Lamongan,55.6,0.0
-7.48,113.42,0.305,Lamongan,55.9,0.0
-7.48,113.44,0.305,Lamongan,56.3,0.0
-7.48,113.46,0.305,Lamongan,56.7,0.0
-7.48,113.48,0.305,Lamongan,57.3,0.0
-7.46,111.5,0.305,Kelud,103.2,0.0
-7.46,111.52,0.305,Kelud,101.3,0.0
-7.46,111.54,0.305,Kelud,99.5,0.0
-7.46,111.56,0.305,Kelud,97.6,0.0
-7.46,111.58,0.305,Kelud,95.7,0.0
-7.46,111.6,0.305,Kelud,93.9,0.0
-7.46,111.62,0.305,Kelud,92.1,0.0
-7.46,111.64,0.305,Kelud,90.3,0.0
-7.46,111.66,0.305,Kelud,88.5,0.0
-7.46,111.68,0.305,Kelud,86.7,0.0
-7.46,111.7,0.305,Kelud,85.0,0.0
-7.46,111.72,0.305,Kelud,83.2,0.0
-7.46,111.74,0.305,Kelud,81.5,0.0
-7.46,111.76,0.305,Kelud,79.9,0.0
-7.46,111.78,0.305,Kelud,78.2,0.0
-7.46,111.8,0.305,Kelud,76.6,0.0
-7.46,111.82,0.305,Kelud,75.0,0.0
-7.46,111.84,0.305,Kelud,73.4,0.0
-7.46,111.86,0.305,Kelud,71.9,0.0
-7.46,111.88,0.305,Kelud,70.4,0.0
-7.46,111.9,0.305,Kelud,68.9,0.0
-7.46,111.92,0.305,Kelud,67.5,0.0
-7.46,111.94,0.305,Kelud,66.1,0.0
-7.46,111.96,0.305,Kelud,64.8,0.0
-7.46,111.98,0.305,Kelud,63.5,0.0
-7.46,112.0,0.305,Kelud,62.3,0.0
-7.46,112.02,0.305,Kelud,61.1,0.0
-7.46,112.04,0.305,Kelud,60.0,0.0
-7.46,112.06,0.305,Kelud,59.0,0.0
-7.46,112.08,0.305,Kelud,58.0,0.0
-7.46,112.1,0.305,Kelud,57.1,0.0
-7.46,112.12,0.305,Kelud,56.2,0.0
-7.46,112.96,0.305,Penanggungan,40.4,0.0
-7.46,112.98,0.305,Penanggungan,42.4,0.0
-7.46,113.0,0.305,Penanggungan,44.4,0.0
-7.46,113.02,0.305,Penanggungan,46.4,0.0
-7.46,113.04,0.305,Penanggungan,48.5,0.0
-7.46,113.06,0.305,Penanggungan,50.5,0.0
-7.46,113.08,0.305,Penanggungan,52.6,0.0
-7.46,113.1,0.305,Penanggungan,54.7,0.0
-7.46,113.12,0.305,Bromo,56.8,0.0
-7.46,113.14,0.305,Bromo,57.5,0.0
-7.46,113.16,0.305,Bromo,58.4,0.0
-7.46,113.18,0.305,Bromo,59.3,0.0
-7.46,113.2,0.305,Lamongan,59.6,0.0
-7.46,113.22,0.305,Lamongan,59.1,0.0
-7.46,113.24,0.305,Lamongan,58.6,0.0
-7.46,113.26,0.305,Lamongan,58.2,0.0
-7.46,113.28,0.305,Lamongan,57.9,0.0
-7.46,113.3,0.305,Lamongan,57.7,0.0
-7.46,113.32,0.305,Lamongan,57.5,0.0
-7.46,113.34,0.305,Lamongan,57.5,0.0
-7.46,113.36,0.305,Lamongan,57.5,0.0
-7.46,113.38,0.305,Lamongan,57.6,0.0
-7.46,113.4,0.305,Lamongan,57.8,0.0
-7.46,113.42,0.305,Lamongan,58.1,0.0
-7.46,113.44,0.305,Lamongan,58.5,0.0
-7.46,113.46,0.305,Lamongan,58.9,0.0
-7.46,113.48,0.305,Lamongan,59.4,0.0
-7.44,111.5,0.305,Kelud,104.4,0.0
-7.44,111.52,0.305,Kelud,102.5,0.0
-7.44,111.54,0.305,Kelud,100.7,0.0
-7.44,111.56,0.305,Kelud,98.8,0.0
-7.44,111.58,0.305,Kelud,97.0,0.0
-7.44,111.6,0.305,Kelud,95.2,0.0
-7.44,111.62,0.305,Kelud,93.4,0.0
-7.44,111.64,0.305,Kelud,91.6,0.0
-7.44,111.66,0.305,Kelud,89.8,0.0
-7.44,111.68,0.305,Kelud,88.1,0.0
-7.44,111.7,0.305,Kelud,86.4,0.0
-7.44,111.72,0.305,Kelud,84.7,0.0
-7.44,111.74,0.305,Kelud,83.0,0.0
-7.44,111.76,0.305,Kelud,81.3,0.0
-7.44,111.78,0.305,Kelud,79.7,0.0
-7.44,111.8,0.305,Kelud,78.1,0.0
-7.44,111.82,0.305,Kelud,76.6,0.0
-7.44,111.84,0.305,Kelud,75.0,0.0
-7.44,111.86,0.305,Kelud,73.5,0.0
-7.44,111.88,0.305,Kelud,72.1,0.0
-7.44,111.9,0.305,Kelud,70.6,0.0
-7.44,111.92,0.305,Kelud,69.3,0.0
-7.44,111.94,0.305,Kelud,67.9,0.0
-7.44,111.96,0.305,Kelud,66.6,0.0
-7.44,111.98,0.305,Kelud,65.4,0.0
-7.44,112.0,0.305,Kelud,64.2,0.0
-7.44,112.02,0.305,Kelud,63.1,0.0
-7.44,112.04,0.305,Kelud,62.0,0.0
-7.44,112.06,0.305,Kelud,61.0,0.0
-7.44,112.08,0.305,Kelud,60.0,0.0
-7.44,112.1,0.305,Kelud,59.1,0.0
-7.44,112.12,0.305,Kelud,58.3,0.0
-7.44,112.96,0.305,Penanggungan,41.4,0.0
-7.44,112.98,0.305,Penanggungan,43.3,0.0
-7.44,113.0,0.305,Penanggungan,45.3,0.0
-7.44,113.02,0.305,Penanggungan,47.3,0.0
-7.44,113.04,0.305,Penanggungan,49.3,0.0
-7.44,113.06,0.305,Penanggungan,51.3,0.0
-7.44,113.08,0.305,Penanggungan,53.4,0.0
-7.44,113.1,0.305,Penanggungan,55.4,0.0
-7.44,113.12,0.305,Penanggungan,57.5,0.0
-7.44,113.14,0.305,Penanggungan,59.6,0.0
-7.44,113.16,0.305,Bromo,60.4,0.0
-7.44,113.18,0.305,Bromo,61.3,0.0
-7.44,113.2,0.305,Lamongan,61.8,0.0
-7.44,113.22,0.305,Lamongan,61.2,0.0
-7.44,113.24,0.305,Lamongan,60.8,0.0
-7.44,113.26,0.305,Lamongan,60.4,0.0
-7.44,113.28,0.305,Lamongan,60.1,0.0
-7.44,113.3,0.305,Lamongan,59.9,0.0
-7.44,113.32,0.305,Lamongan,59.8,0.0
-7.44,113.34,0.305,Lamongan,59.7,0.0
-7.44,113.36,0.305,Lamongan,59.7,0.0
-7.44,113.38,0.305,Lamongan,59.9,0.0
-7.44,113.4,0.305,Lamongan,60.0,0.0
-7.44,113.42,0.305,Lamongan,60.3,0.0
-7.44,113.44,0.305,Lamongan,60.7,0.0
-7.44,113.46,0.305,Lamongan,61.1,0.0
-7.44,113.48,0.305,Lamongan,61.6,0.0
-7.42,111.5,0.305,Kelud,105.6,0.0
-7.42,111.52,0.305,Kelud,103.7,0.0
-7.42,111.54,0.305,Kelud,101.9,0.0
-7.42,111.56,0.305,Kelud,100.1,0.0
-7.42,111.58,0.305,Kelud,98.2,0.0
-7.42,111.6,0.305,Kelud,96.5,0.0
-7.42,111.62,0.305,Kelud,94.7,0.0
-7.42,111.64,0.305,Kelud,92.9,0.0
-7.42,111.66,0.305,Kelud,91.2,0.0
-7.42,111.68,0.305,Kelud,89.5,0.0
-7.42,111.7,0.305,Kelud,87.8,0.0
-7.42,111.72,0.305,Kelud,86.1,0.0
-7.42,111.74,0.305,Kelud,84.5,0.0
-7.42,111.76,0.305,Kelud,82.8,0.0
-7.42,111.78,0.305,Kelud,81.2,0.0
-7.42,111.8,0.305,Kelud,79.7,0.0
-7.42,111.82,0.305,Kelud,78.2,0.0
-7.42,111.84,0.305,Kelud,76.7,0.0
-7.42,111.86,0.305,Kelud,75.2,0.0
-7.42,111.88,0.305,Kelud,73.8,0.0
-7.42,111.9,0.305,Kelud,72.4,0.0
-7.42,111.92,0.305,Kelud,71.0,0.0
-7.42,111.94,0.305,Kelud,69.7,0.0
-7.42,111.96,0.305,Kelud,68.5,0.0
-7.42,111.98,0.305,Kelud,67.2,0.0
-7.42,112.0,0.305,Kelud,66.1,0.0
-7.42,112.02,0.305,Kelud,65.0,0.0
-7.42,112.04,0.305,Kelud,63.9,0.0
-7.42,112.06,0.305,Kelud,63.0,0.0
-7.42,112.08,0.305,Kelud,62.0,0.0
-7.42,112.1,0.305,Kelud,61.2,0.0
-7.42,112.12,0.305,Penanggungan,60.2,0.0
-7.42,112.14,0.305,Penanggungan,58.1,0.0
-7.42,112.94,0.305,Penanggungan,40.6,0.0
-7.42,112.96,0.305,Penanggungan,42.4,0.0
-7.42,112.98,0.305,Penanggungan,44.4,0.0
-7.42,113.0,0.305,Penanggungan,46.3,0.0
-7.42,113.02,0.305,Penanggungan,48.3,0.0
-7.42,113.04,0.305,Penanggungan,50.2,0.0
-7.42,113.06,0.305,Penanggungan,52.2,0.0
-7.42,113.08,0.305,Penanggungan,54.2,0.0
-7.42,113.1,0.305,Penanggungan,56.3,0.0
-7.42,113.12,0.305,Penanggungan,58.3,0.0
-7.42,113.14,0.305,Penanggungan,60.4,0.0
-7.42,113.16,0.305,Penanggungan,62.4,0.0
-7.42,113.18,0.305,Bromo,63.3,0.0
-7.42,113.2,0.305,Lamongan,63.9,0.0
-7.42,113.22,0.305,Lamongan,63.4,0.0
-7.42,113.24,0.305,Lamongan,63.0,0.0
-7.42,113.26,0.305,Lamongan,62.6,0.0
-7.42,113.28,0.305,Lamongan,62.3,0.0
-7.42,113.3,0.305,Lamongan,62.1,0.0
-7.42,113.32,0.305,Lamongan,62.0,0.0
-7.42,113.34,0.305,Lamongan,61.9,0.0
-7.42,113.36,0.305,Lamongan,62.0,0.0
-7.42,113.38,0.305,Lamongan,62.1,0.0
-7.42,113.4,0.305,Lamongan,62.3,0.0
-7.42,113.42,0.305,Lamongan,62.5,0.0
-7.42,113.44,0.305,Lamongan,62.9,0.0
-7.42,113.46,0.305,Lamongan,63.3,0.0
-7.42,113.48,0.305,Lamongan,63.7,0.0
-7.4,111.5,0.305,Kelud,106.8,0.0
-7.4,111.52,0.305,Kelud,104.9,0.0
-7.4,111.54,0.305,Kelud,103.1,0.0
-7.4,111.56,0.305,Kelud,101.3,0.0
-7.4,111.58,0.305,Kelud,99.5,0.0
-7.4,111.6,0.305,Kelud,97.8,0.0
-7.4,111.62,0.305,Kelud,96.0,0.0
-7.4,111.64,0.305,Kelud,94.3,0.0
-7.4,111.66,0.305,Kelud,92.6,0.0
-7.4,111.68,0.305,Kelud,90.9,0.0
-7.4,111.7,0.305,Kelud,89.2,0.0
-7.4,111.72,0.305,Kelud,87.6,0.0
-7.4,111.74,0.305,Kelud,86.0,0.0
-7.4,111.76,0.305,Kelud,84.4,0.0
-7.4,111.78,0.305,Kelud,82.8,0.0
-7.4,111.8,0.305,Kelud,81.3,0.0
-7.4,111.82,0.305,Kelud,79.8,0.0
-7.4,111.84,0.305,Kelud,78.3,0.0
-7.4,111.86,0.305,Kelud,76.9,0.0
-7.4,111.88,0.305,Kelud,75.5,0.0
-7.4,111.9,0.305,Kelud,74.1,0.0
-7.4,111.92,0.305,Kelud,72.8,0.0
-7.4,111.94,0.305,Kelud,71.5,0.0
-7.4,111.96,0.305,Kelud,70.3,0.0
-7.4,111.98,0.305,Kelud,69.1,0.0
-7.4,112.0,0.305,Kelud,68.0,0.0
-7.4,112.02,0.305,Kelud,66.9,0.0
-7.4,112.04,0.305,Kelud,65.9,0.0
-7.4,112.06,0.305,Kelud,65.0,0.0
-7.4,112.08,0.305,Kelud,64.1,0.0
-7.4,112.1,0.305,Penanggungan,63.0,0.0
-7.4,112.12,0.305,Penanggungan,61.0,0.0
-7.4,112.14,0.305,Penanggungan,59.0,0.0
-7.4,112.92,0.305,Penanggungan,40.0,0.0
-7.4,112.94,0.305,Penanggungan,41.8,0.0
-7.4,112.96,0.305,Penanggungan,43.6,0.0
-7.4,112.98,0.305,Penanggungan,45.5,0.0
-7.4,113.0,0.305,Penanggungan,47.4,0.0
-7.4,113.02,0.305,Penanggungan,49.3,0.0
-7.4,113.04,0.305,Penanggungan,51.2,0.0
-7.4,113.06,0.305,Penanggungan,53.2,0.0
-7.4,113.08,0.305,Penanggungan,55.2,0.0
-7.4,113.1,0.305,Penanggungan,57.2,0.0
-7.4,113.12,0.305,Penanggungan,59.2,0.0
-7.4,113.14,0.305,Penanggungan,61.2,0.0
-7.4,113.16,0.305,Penanggungan,63.2,0.0
-7.4,113.18,0.305,Penanggungan,65.3,0.0
-7.4,113.2,0.305,Lamongan,66.1,0.0
-7.4,113.22,0.305,Lamongan,65.6,0.0
-7.4,113.24,0.305,Lamongan,65.2,0.0
-7.4,113.26,0.305,Lamongan,64.8,0.0
-7.4,113.28,0.305,Lamongan,64.5,0.0
-7.4,113.3,0.305,Lamongan,64.3,0.0
-7.4,113.32,0.305,Lamongan,64.2,0.0
-7.4,113.34,0.305,Lamongan,64.2,0.0
-7.4,113.36,0.305,Lamongan,64.2,0.0
-7.4,113.38,0.305,Lamongan,64.3,0.0
-7.4,113.4,0.305,Lamongan,64.5,0.0
-7.4,113.42,0.305,Lamongan,64.7,0.0
-7.4,113.44,0.305,Lamongan,65.0,0.0
-7.4,113.46,0.305,Lamongan,65.4,0.0
-7.4,113.48,0.305,Lamongan,65.9,0.0
-8.3,111.5,0.26,Kelud,98.0,0.0
-8.3,111.52,0.26,Kelud,96.0,0.0
-8.3,111.54,0.26,Kelud,94.0,0.0
-8.3,111.56,0.26,Kelud,92.0,0.0
-8.3,111.58,0.26,Kelud,90.1,0.0
-8.3,111.6,0.26,Kelud,88.1,0.0
-8.3,111.62,0.26,Kelud,86.2,0.0
-8.3,111.64,0.26,Kelud,84.3,0.0
-8.3,111.66,0.26,Kelud,82.3,0.0
-8.3,111.68,0.26,Kelud,80.4,0.0
-8.3,111.7,0.26,Kelud,78.6,0.0
-8.3,111.72,0.26,Kelud,76.7,0.0
-8.3,111.74,0.26,Kelud,74.8,0.0
-8.3,111.76,0.26,Kelud,73.0,0.0
-8.3,111.78,0.26,Kelud,71.2,0.0
-8.3,111.8,0.26,Kelud,69.4,0.0
-8.3,111.82,0.26,Kelud,67.7,0.0
-8.3,111.84,0.26,Kelud,65.9,0.0
-8.3,111.86,0.26,Kelud,64.2,0.0
-8.3,111.88,0.26,Kelud,62.5,0.0
-8.3,111.9,0.26,Kelud,60.9,0.0
-8.3,111.92,0.26,Kelud,59.3,0.0
-8.3,111.94,0.26,Kelud,57.7,0.0
-8.3,111.96,0.26,Kelud,56.2,0.0
-8.3,111.98,0.26,Kelud,54.7,0.0
-8.3,112.0,0.26,Kelud,53.3,0.0
-8.3,112.02,0.26,Kelud,51.9,0.0
-8.3,112.04,0.26,Kelud,50.6,0.0
-8.3,112.06,0.26,Kelud,49.4,0.0
-8.3,112.08,0.26,Kelud,48.2,0.0
-8.3,112.1,0.26,Kelud,47.1,0.0
-8.3,112.12,0.26,Kelud,46.1,0.0
-8.3,112.14,0.26,Kelud,45.1,0.0
-8.3,112.16,0.26,Kelud,44.3,0.0
-8.3,112.18,0.26,Kelud,43.5,0.0
-8.3,112.2,0.26,Kelud,42.8,0.0
-8.3,112.22,0.26,Kelud,42.3,0.0
-8.3,112.24,0.26,Kelud,41.8,0.0
-8.3,112.26,0.26,Kelud,41.5,0.0
-8.3,112.28,0.26,Kelud,41.3,0.0
-8.3,112.3,0.26,Kelud,41.2,0.0
-8.3,112.32,0.26,Kelud,41.2,0.0
-8.3,112.34,0.26,Kelud,41.3,0.0
-8.3,112.36,0.26,Kelud,41.5,0.0
-8.3,112.38,0.26,Kelud,41.9,0.0
-8.3,112.4,0.26,Kelud,42.4,0.0
-8.3,112.42,0.26,Kelud,42.9,0.0
-8.3,112.44,0.26,Kelud,43.6,0.0
-8.3,112.46,0.26,Kelud,44.4,0.0
-8.3,112.48,0.26,Kelud,45.3,0.0
-8.3,112.5,0.26,Kelud,46.3,0.0
-8.3,112.52,0.26,Kelud,47.3,0.0
-8.3,112.54,0.26,Semeru,47.2,0.0
-8.3,112.56,0.26,Semeru,45.2,0.0
-8.3,112.58,0.26,Semeru,43.3,0.0
-8.3,112.6,0.26,Semeru,41.4,0.0
-8.28,111.5,0.26,Kelud,97.1,0.0
-8.28,111.52,0.26,Kelud,95.1,0.0
-8.28,111.54,0.26,Kelud,93.1,0.0
-8.28,111.56,0.26,Kelud,91.1,0.0
-8.28,111.58,0.26,Kelud,89.1,0.0
-8.28,111.6,0.26,Kelud,87.1,0.0
-8.28,111.62,0.26,Kelud,85.2,0.0
-8.28,111.64,0.26,Kelud,83.2,0.0
-8.28,111.66,0.26,Kelud,81.3,0.0
-8.28,111.68,0.26,Kelud,79.3,0.0
-8.28,111.7,0.26,Kelud,77.4,0.0
-8.28,111.72,0.26,Kelud,75.5,0.0
-8.28,111.74,0.26,Kelud,73.7,0.0
-8.28,111.76,0.26,Kelud,71.8,0.0
-8.28,111.78,0.26,Kelud,70.0,0.0
-8.28,111.8,0.26,Kelud,68.1,0.0
-8.28,111.82,0.26,Kelud,66.3,0.0
-8.28,111.84,0.26,Kelud,64.6,0.0
-8.28,111.86,0.26,Kelud,62.8,0.0
-8.28,111.88,0.26,Kelud,61.1,0.0
-8.28,111.9,0.26,Kelud,59.4,0.0
-8.28,111.92,0.26,Kelud,57.8,0.0
-8.28,111.94,0.26,Kelud,56.2,0.0
-8.28,111.96,0.26,Kelud,54.6,0.0
-8.28,111.98,0.26,Kelud,53.1,0.0
-8.28,112.0,0.26,Kelud,51.6,0.0
-8.28,112.02,0.26,Kelud,50.2,0.0
-8.28,112.04,0.26,Kelud,48.8,0.0
-8.28,112.06,0.26,Kelud,47.5,0.0
-8.28,112.08,0.26,Kelud,46.3,0.0
-8.28,112.1,0.26,Kelud,45.2,0.0
-8.28,112.12,0.26,Kelud,44.1,0.0
-8.28,112.14,0.26,Kelud,43.1,0.0
-8.28,112.16,0.26,Kelud,42.2,0.0
-8.28,112.18,0.26,Kelud,41.4,0.0
-8.28,112.2,0.26,Kelud,40.7,0.0
-8.28,112.22,0.26,Kelud,40.1,0.0
-8.28,112.4,0.26,Kelud,40.2,0.0
-8.28,112.42,0.26,Kelud,40.8,0.0
-8.28,112.44,0.26,Kelud,41.5,0.0
-8.28,112.46,0.26,Kelud,42.4,0.0
-8.28,112.48,0.26,Kelud,43.3,0.0
-8.28,112.5,0.26,Kelud,44.3,0.0
-8.28,112.52,0.26,Kelud,45.4,0.0
-8.26,111.5,0.26,Kelud,96.2,0.0
-8.26,111.52,0.26,Kelud,94.2,0.0
-8.26,111.54,0.26,Kelud,92.2,0.0
-8.26,111.56,0.26,Kelud,90.2,0.0
-8.26,111.58,0.26,Kelud,88.1,0.0
-8.26,111.6,0.26,Kelud,86.1,0.0
-8.26,111.62,0.26,Kelud,84.2,0.0
-8.26,111.64,0.26,Kelud,82.2,0.0
-8.26,111.66,0.26,Kelud,80.2,0.0
-8.26,111.68,0.26,Kelud,78.3,0.0
-8.26,111.7,0.26,Kelud,76.3,0.0
-8.26,111.72,0.26,Kelud,74.4,0.0
-8.26,111.74,0.26,Kelud,72.5,0.0
-8.26,111.76,0.26,Kelud,70.6,0.0
-8.26,111.78,0.26,Kelud,68.7,0.0
-8.26,111.8,0.26,Kelud,66.9,0.0
-8.26,111.82,0.26,Kelud,65.1,0.0
-8.26,111.84,0.26,Kelud,63.3,0.0
-8.26,111.86,0.26,Kelud,61.5,0.0
-8.26,111.88,0.26,Kelud,59.7,0.0
-8.26,111.9,0.26,Kelud,58.0,0.0
-8.26,111.92,0.26,Kelud,56.3,0.0
-8.26,111.94,0.26,Kelud,54.7,0.0
-8.26,111.96,0.26,Kelud,53.0,0.0
-8.26,111.98,0.26,Kelud,51.5,0.0
-8.26,112.0,0.26,Kelud,50.0,0.0
-8.26,112.02,0.26,Kelud,48.5,0.0
-8.26,112.04,0.26,Kelud,47.1,0.0
-8.26,112.06,0.26,Kelud,45.7,0.0
-8.26,112.08,0.26,Kelud,44.5,0.0
-8.26,112.1,0.26,Kelud,43.3,0.0
-8.26,112.12,0.26,Kelud,42.1,0.0
-8.26,112.14,0.26,Kelud,41.1,0.0
-8.26,112.16,0.26,Kelud,40.1,0.0
-8.26,112.46,0.26,Kelud,40.3,0.0
-8.24,111.5,0.26,Kelud,95.4,0.0
-8.24,111.52,0.26,Kelud,93.3,0.0
-8.24,111.54,0.26,Kelud,91.3,0.0
-8.24,111.56,0.26,Kelud,89.3,0.0
-8.24,111.58,0.26,Kelud,87.2,0.0
-8.24,111.6,0.26,Kelud,85.2,0.0
-8.24,111.62,0.26,Kelud,83.2,0.0
-8.24,111.64,0.26,Kelud,81.2,0.0
-8.24,111.66,0.26,Kelud,79.2,0.0
-8.24,111.68,0.26,Kelud,77.3,0.0
-8.24,111.7,0.26,Kelud,75.3,0.0
-8.24,111.72,0.26,Kelud,73.3,0.0
-8.24,111.74,0.26,Kelud,71.4,0.0
-8.24,111.76,0.26,Kelud,69.5,0.0
-8.24,111.78,0.26,Kelud,67.6,0.0
-8.24,111.8,0.26,Kelud,65.7,0.0
-8.24,111.82,0.26,Kelud,63.8,0.0
-8.24,111.84,0.26,Kelud,62.0,0.0
-8.24,111.86,0.26,Kelud,60.2,0.0
-8.24,111.88,0.26,Kelud,58.4,0.0
-8.24,111.9,0.26,Kelud,56.6,0.0
-8.24,111.92,0.26,Kelud,54.9,0.0
-8.24,111.94,0.26,Kelud,53.2,0.0
-8.24,111.96,0.26,Kelud,51.5,0.0
-8.24,111.98,0.26,Kelud,49.9,0.0
-8.24,112.0,0.26,Kelud,48.4,0.0
-8.24,112.02,0.26,Kelud,46.8,0.0
-8.24,112.04,0.26,Kelud,45.4,0.0
-8.24,112.06,0.26,Kelud,44.0,0.0
-8.24,112.08,0.26,Kelud,42.6,0.0
-8.24,112.1,0.26,Kelud,41.4,0.0
-8.24,112.12,0.26,Kelud,40.2,0.0
-8.22,111.5,0.26,Kelud,94.6,0.0
-8.22,111.52,0.26,Kelud,92.6,0.0
-8.22,111.54,0.26,Kelud,90.5,0.0
-8.22,111.56,0.26,Kelud,88.4,0.0
-8.22,111.58,0.26,Kelud,86.4,0.0
-8.22,111.6,0.26,Kelud,84.4,0.0
-8.22,111.62,0.26,Kelud,82.3,0.0
-8.22,111.64,0.26,Kelud,80.3,0.0
-8.22,111.66,0.26,Kelud,78.3,0.0
-8.22,111.68,0.26,Kelud,76.3,0.0
-8.22,111.7,0.26,Kelud,74.3,0.0
-8.22,111.72,0.26,Kelud,72.3,0.0
-8.22,111.74,0.26,Kelud,70.4,0.0
-8.22,111.76,0.26,Kelud,68.4,0.0
-8.22,111.78,0.26,Kelud,66.5,0.0
-8.22,111.8,0.26,Kelud,64.6,0.0
-8.22,111.82,0.26,Kelud,62.7,0.0
-8.22,111.84,0.26,Kelud,60.8,0.0
-8.22,111.86,0.26,Kelud,58.9,0.0
-8.22,111.88,0.26,Kelud,57.1,0.0
-8.22,111.9,0.26,Kelud,55.3,0.0
-8.22,111.92,0.26,Kelud,53.5,0.0
-8.22,111.94,0.26,Kelud,51.8,0.0
-8.22,111.96,0.26,Kelud,50.1,0.0
-8.22,111.98,0.26,Kelud,48.4,0.0
-8.22,112.0,0.26,Kelud,46.8,0.0
-8.22,112.02,0.26,Kelud,45.2,0.0
-8.22,112.04,0.26,Kelud,43.7,0.0
-8.22,112.06,0.26,Kelud,42.3,0.0
-8.22,112.08,0.26,Kelud,40.9,0.0
-8.2,111.5,0.26,Kelud,93.9,0.0
-8.2,111.52,0.26,Kelud,91.8,0.0
-8.2,111.54,0.26,Kelud,89.7,0.0
-8.2,111.56,0.26,Kelud,87.7,0.0
-8.2,111.58,0.26,Kelud,85.6,0.0
-8.2,111.6,0.26,Kelud,83.5,0.0
-8.2,111.62,0.26,Kelud,81.5,0.0
-8.2,111.64,0.26,Kelud,79.4,0.0
-8.2,111.66,0.26,Kelud,77.4,0.0
-8.2,111.68,0.26,Kelud,75.4,0.0
-8.2,111.7,0.26,Kelud,73.4,0.0
-8.2,111.72,0.26,Kelud,71.4,0.0
-8.2,111.74,0.26,Kelud,69.4,0.0
-8.2,111.76,0.26,Kelud,67.4,0.0
-8.2,111.78,0.26,Kelud,65.4,0.0
-8.2,111.8,0.26,Kelud,63.5,0.0
-8.2,111.82,0.26,Kelud,61.5,0.0
-8.2,111.84,0.26,Kelud,59.6,0.0
-8.2,111.86,0.26,Kelud,57.7,0.0
-8.2,111.88,0.26,Kelud,55.9,0.0
-8.2,111.9,0.26,Kelud,54.0,0.0
-8.2,111.92,0.26,Kelud,52.2,0.0
-8.2,111.94,0.26,Kelud,50.4,0.0
-8.2,111.96,0.26,Kelud,48.7,0.0
-8.2,111.98,0.26,Kelud,47.0,0.0
-8.2,112.0,0.26,Kelud,45.3,0.0
-8.2,112.02,0.26,Kelud,43.7,0.0
-8.2,112.04,0.26,Kelud,42.1,0.0
-8.2,112.06,0.26,Kelud,40.6,0.0
