form_id,language,concept,form,label,form_length,n_vowels,vowel_ratio,ends_in_vowel,initial_char,has_glottal,has_nasal_cluster,has_reduplication,n_consonant_clusters,has_prefix_like,semantic_domain,is_core_vocab,language_id_encoded,language_cognacy_coverage,init_a,init_b,init_k,init_m,init_other,init_p,init_s,init_t,sem_ACTION,sem_BODY,sem_GRAMMAR,sem_NATURE,sem_NUMBER,sem_OTHER,sem_QUALITY,max_cognate_set_size,n_cognate_sets,concept_residual_rate,concept_cross_lang_count,cand,n_nuclei,p_sub_insample,ml_sub,quadrant_insample,ipa
27-1_hand-1,Muna,hand,lima,1,4,2,0.5,1,other,0,0,0,0,0,BODY,1,2,0.718,0,0,0,0,1,0,0,0,0,1,0,0,0,0,0,1102.0,2.0,0.0,0.0,0,2,0.035850823,0,CA,lima
27-2_left-1,Muna,left,kema,1,4,2,0.5,1,k,0,0,0,0,0,OTHER,0,2,0.718,0,0,1,0,0,0,0,0,0,0,0,0,0,1,0,5.0,1.0,0.0,0.0,0,2,0.010595918,0,CA,kema
27-3_right-1,Muna,right,suana,1,5,3,0.6,1,s,0,0,0,0,0,OTHER,0,2,0.718,0,0,0,0,0,0,1,0,0,0,0,0,0,1,0,384.0,2.0,0.0,0.0,0,2,0.032417655,0,CA,suana
27-4_legfoot-1,Muna,leg/foot,ghaghe,1,6,2,0.3333,1,other,0,0,0,2,0,BODY,1,2,0.718,0,0,0,0,1,0,0,0,0,1,0,0,0,0,0,559.0,1.0,0.3333,2.0,0,2,0.16742784,0,CA,ɣaɣe
27-5_towalk-1,Muna,to walk,akala,1,5,3,0.6,1,a,0,0,0,0,0,ACTION,1,2,0.718,1,0,0,0,0,0,0,0,1,0,0,0,0,0,0,2.0,1.0,0.2857,1.0,0,3,0.30177045,0,CA,akala
27-6_roadpath-1,Muna,road/path,kangkaha,0,8,3,0.375,1,k,0,1,0,1,1,NATURE,1,2,0.718,0,0,1,0,0,0,0,0,0,0,0,1,0,0,0,0.0,0.0,0.3333,2.0,1,3,0.44947284,0,RO,kaŋkaha
27-7_tocome-1,Muna,to come,amai,1,4,3,0.75,1,a,0,0,0,0,0,ACTION,1,2,0.718,1,0,0,0,0,0,0,0,1,0,0,0,0,0,0,1125.0,1.0,0.625,4.0,0,2,0.43032628,0,CA,amai
27-8_toturn-1,Muna,to turn,apingka,0,7,3,0.4286,1,a,0,1,0,1,0,ACTION,1,2,0.718,1,0,0,0,0,0,0,0,1,0,0,0,0,0,0,0.0,0.0,0.5,3.0,1,3,0.20533496,0,RO,apiŋka
27-9_toswim-1,Muna,to swim,aleni,1,5,3,0.6,1,a,0,0,0,0,0,ACTION,1,2,0.718,1,0,0,0,0,0,0,0,1,0,0,0,0,0,0,388.0,1.0,0.1667,1.0,0,3,0.30177045,0,CA,aleni
27-10_dirty-1,Muna,dirty,noraku,1,6,3,0.5,1,other,0,0,0,0,0,NATURE,0,2,0.718,0,0,0,0,1,0,0,0,0,0,0,1,0,0,0,4.0,1.0,0.1667,1.0,0,3,0.06698847,0,CA,noraku
27-11_dust-1,Muna,dust,harabu,1,6,3,0.5,1,other,0,0,0,0,0,NATURE,0,2,0.718,0,0,0,0,1,0,0,0,0,0,0,1,0,0,0,11.0,1.0,0.1429,1.0,0,3,0.06698847,0,CA,harabu
27-12_skin-1,Muna,skin,kuli,1,4,2,0.5,1,k,0,0,0,0,0,BODY,1,2,0.718,0,0,1,0,0,0,0,0,0,1,0,0,0,0,0,720.0,1.0,0.1429,1.0,0,2,0.08161092,0,CA,kuli
27-13_back-1,Muna,back,towu,0,4,2,0.5,1,t,0,0,0,0,0,BODY,1,2,0.718,0,0,0,0,0,0,0,1,0,1,0,0,0,0,0,0.0,0.0,0.375,3.0,1,2,0.04282105,0,RO,towu
27-14_belly-1,Muna,belly,taghi,1,5,2,0.4,1,t,0,0,0,1,1,BODY,1,2,0.718,0,0,0,0,0,0,0,1,0,1,0,0,0,0,0,46.0,1.0,0.1667,1.0,0,2,0.06646025,0,CA,taɣi
27-15_bone-1,Muna,bone,buku,1,4,2,0.5,1,b,0,0,0,0,0,BODY,1,2,0.718,0,1,0,0,0,0,0,0,0,1,0,0,0,0,0,78.0,1.0,0.0,0.0,0,2,0.08838105,0,CA,buku
27-16_intestines-1,Muna,intestines,ghule-ghule,0,11,4,0.3636,1,other,0,0,1,2,0,BODY,1,2,0.718,0,0,0,0,1,0,0,0,0,1,0,0,0,0,0,0.0,0.0,0.5714,4.0,1,4,0.733165,1,CS,ɣule-ɣule
27-17_liver-1,Muna,liver,ghate,1,5,2,0.4,1,other,0,0,0,1,0,BODY,1,2,0.718,0,0,0,0,1,0,0,0,0,1,0,0,0,0,0,828.0,1.0,0.0,0.0,0,2,0.046328604,0,CA,ɣate
27-18_breast-1,Muna,breast,titi,1,4,2,0.5,1,t,0,0,1,0,0,BODY,1,2,0.718,0,0,0,0,0,0,0,1,0,1,0,0,0,0,0,27.0,1.0,0.0,0.0,0,2,0.03806168,0,CA,titi
27-19_shoulder-1,Muna,shoulder,ghowea,1,6,3,0.5,1,other,0,0,0,1,0,BODY,1,2,0.718,0,0,0,0,1,0,0,0,0,1,0,0,0,0,0,356.0,1.0,0.1429,1.0,0,2,0.0409168,0,CA,ɣowea
27-20_toknowbeknowledgeable-1,Muna,"to know, be knowledgeable",apandehaane,1,11,6,0.5455,1,a,0,1,0,1,0,ACTION,0,2,0.718,1,0,0,0,0,0,0,0,1,0,0,0,0,0,0,9.0,1.0,0.1667,1.0,0,5,0.23615777,0,CA,apandehaane
27-21_tothink-1,Muna,to think,aefekiri,0,8,5,0.625,1,a,0,0,0,0,0,ACTION,0,2,0.718,1,0,0,0,0,0,0,0,1,0,0,0,0,0,0,0.0,0.0,0.5,3.0,1,4,0.30279076,0,RO,aefekiri
27-22_tofear-1,Muna,to fear,aotehi,1,6,4,0.6667,1,a,0,0,0,0,0,ACTION,0,2,0.718,1,0,0,0,0,0,0,0,1,0,0,0,0,0,0,2.0,1.0,0.3333,2.0,0,3,0.2798065,0,CA,aotehi
27-23_blood-1,Muna,blood,rea,1,3,2,0.6667,1,other,0,0,0,0,0,BODY,1,2,0.718,0,0,0,0,1,0,0,0,0,1,0,0,0,0,0,929.0,1.0,0.1667,1.0,0,1,0.049853146,0,CA,rea
27-24_head-1,Muna,head,fotu,1,4,2,0.5,1,other,0,0,0,0,0,BODY,1,2,0.718,0,0,0,0,1,0,0,0,0,1,0,0,0,0,0,44.0,1.0,0.1667,1.0,0,2,0.035850823,0,CA,fotu
27-25_neck-1,Muna,neck,wughu,1,5,2,0.4,1,other,0,0,0,1,0,BODY,1,2,0.718,0,0,0,0,1,0,0,0,0,1,0,0,0,0,0,3.0,1.0,0.1667,1.0,0,2,0.046328604,0,CA,wuɣu
27-26_hair-1,Muna,hair,wulu no fotu,1,12,5,0.4167,1,other,0,0,0,0,0,BODY,1,2,0.718,0,0,0,0,1,0,0,0,0,1,0,0,0,0,0,44.0,1.0,0.1667,1.0,0,5,0.07171333,0,CA,wulu no fotu
27-27_nose-1,Muna,nose,nee,1,3,2,0.6667,1,other,0,0,0,0,0,BODY,1,2,0.718,0,0,0,0,1,0,0,0,0,1,0,0,0,0,0,4.0,1.0,0.1667,1.0,0,1,0.049853146,0,CA,nee
27-28_tobreathe-1,Muna,to breathe,afenei,1,6,4,0.6667,1,a,0,0,0,0,0,ACTION,0,2,0.718,1,0,0,0,0,0,0,0,1,0,0,0,0,0,0,2.0,1.0,0.5714,3.0,0,3,0.2798065,0,CA,afenei
27-29_tosniffsmell-1,Muna,"to sniff, smell",aefewono,1,8,5,0.625,1,a,0,0,0,0,0,ACTION,0,2,0.718,1,0,0,0,0,0,0,0,1,0,0,0,0,0,0,2.0,1.0,0.3333,2.0,0,4,0.30279076,0,CA,aefewono
27-30_mouth-1,Muna,mouth,wubha,1,5,2,0.4,1,other,0,0,0,1,0,BODY,1,2,0.718,0,0,0,0,1,0,0,0,0,1,0,0,0,0,0,275.0,1.0,0.3333,2.0,0,2,0.046328604,0,CA,wuβa
27-31_tooth-1,Muna,tooth,wangka,1,6,2,0.3333,1,other,0,1,0,1,0,BODY,1,2,0.718,0,0,0,0,1,0,0,0,0,1,0,0,0,0,0,4.0,1.0,0.0,0.0,0,2,0.18155468,0,CA,waŋka
27-32_tongue-1,Muna,tongue,lela,1,4,2,0.5,1,other,0,0,0,0,0,BODY,1,2,0.718,0,0,0,0,1,0,0,0,0,1,0,0,0,0,0,393.0,1.0,0.0,0.0,0,2,0.035850823,0,CA,lela
27-33_tolaugh-1,Muna,to laugh,afu|taa,1,7,4,0.5714,1,a,0,0,0,0,0,ACTION,1,2,0.718,1,0,0,0,0,0,0,0,1,0,0,0,0,0,0,118.0,1.0,0.3333,2.0,0,3,0.1729405,0,CA,afu|taa
27-34_tocry-1,Muna,to cry,aoghae,1,6,4,0.6667,1,a,0,0,0,1,0,ACTION,1,2,0.718,1,0,0,0,0,0,0,0,1,0,0,0,0,0,0,2.0,1.0,0.375,2.0,0,2,0.23181605,0,CA,aoɣae
27-35_tovomit-1,Muna,to vomit,atongka,1,7,3,0.4286,1,a,0,1,0,1,0,ACTION,1,2,0.718,1,0,0,0,0,0,0,0,1,0,0,0,0,0,0,592.0,1.0,0.4286,2.0,0,3,0.20533496,0,CA,atoŋka
27-36_tospit-1,Muna,to spit,afoghoniu,1,9,5,0.5556,1,a,0,0,0,1,0,ACTION,0,2,0.718,1,0,0,0,0,0,0,0,1,0,0,0,0,0,0,3.0,1.0,0.4286,3.0,0,4,0.20505887,0,CA,afoɣoniu
27-37_toeat-1,Muna,to eat,afumaa,1,6,4,0.6667,1,a,0,0,0,0,0,ACTION,1,2,0.718,1,0,0,0,0,0,0,0,1,0,0,0,0,0,0,2.0,1.0,0.1667,1.0,0,3,0.31180388,0,CA,afumaa
27-38_tochew-1,Muna,to chew,aemama,1,6,4,0.6667,1,a,0,0,1,0,0,ACTION,0,2,0.718,1,0,0,0,0,0,0,0,1,0,0,0,0,0,0,189.0,1.0,0.5,3.0,0,3,0.29412717,0,CA,aemama
27-39_tocook-1,Muna,to cook,aegau,0,5,4,0.8,1,a,0,0,0,0,0,ACTION,0,2,0.718,1,0,0,0,0,0,0,0,1,0,0,0,0,0,0,0.0,0.0,0.3333,2.0,1,2,0.53795207,1,CS,aegau
27-40_todrink-1,Muna,to drink,aforoghu,1,8,4,0.5,1,a,0,0,0,1,0,ACTION,1,2,0.718,1,0,0,0,0,0,0,0,1,0,0,0,0,0,0,2.0,1.0,0.2857,2.0,0,4,0.1651473,0,CA,aforoɣu
27-41_tobite-1,Muna,to bite,aesia,0,5,4,0.8,1,a,0,0,0,0,0,ACTION,1,2,0.718,1,0,0,0,0,0,0,0,1,0,0,0,0,0,0,0.0,0.0,0.625,3.0,1,2,0.5758656,1,CS,aesia
27-42_tosuck-1,Muna,to suck,aekomi,1,6,4,0.6667,1,a,0,0,0,0,0,OTHER,0,2,0.718,1,0,0,0,0,0,0,0,0,0,0,0,0,1,0,36.0,1.0,0.0,0.0,0,3,0.027873576,0,CA,aekomi
27-43_ear-1,Muna,ear,pongke,1,6,2,0.3333,1,p,0,1,0,1,1,BODY,0,2,0.718,0,0,0,0,0,1,0,0,0,1,0,0,0,0,0,2.0,1.0,0.1667,1.0,0,2,0.0844022,0,CA,poŋke
27-44_tohear-1,Muna,to hear,afetingke,1,9,4,0.4444,1,a,0,1,0,1,0,ACTION,1,2,0.718,1,0,0,0,0,0,0,0,1,0,0,0,0,0,0,2.0,1.0,0.1667,1.0,0,4,0.17204553,0,CA,afetiŋke
27-45_eye-1,Muna,eye,mata,1,4,2,0.5,1,m,0,0,0,0,1,BODY,0,2,0.718,0,0,0,1,0,0,0,0,0,1,0,0,0,0,0,1471.0,1.0,0.0,0.0,0,2,0.021328986,0,CA,mata
27-46_tosee-1,Muna,to see,aewura,0,6,4,0.6667,1,a,0,0,0,0,0,ACTION,1,2,0.718,1,0,0,0,0,0,0,0,1,0,0,0,0,0,0,0.0,0.0,0.875,5.0,1,3,0.31180388,0,RO,aewura
27-46_tosee-2,Muna,to see,aewora,0,6,4,0.6667,1,a,0,0,0,0,0,ACTION,1,2,0.718,1,0,0,0,0,0,0,0,1,0,0,0,0,0,0,0.0,0.0,0.875,5.0,1,3,0.31180388,0,RO,aewora
27-47_toyawn-1,Muna,to yawn,andiwawa,0,8,4,0.5,1,a,0,1,1,1,0,ACTION,0,2,0.718,1,0,0,0,0,0,0,0,1,0,0,0,0,0,0,0.0,0.0,1.0,4.0,1,4,0.27517623,0,RO,andiwawa
27-48_tosleep-1,Muna,to sleep,aolodo,1,6,4,0.6667,1,a,0,0,0,0,0,ACTION,1,2,0.718,1,0,0,0,0,0,0,0,1,0,0,0,0,0,0,2.0,1.0,0.5,3.0,0,3,0.31180388,0,CA,aolodo
27-49_toliedown-1,Muna,to lie down,aendole,1,7,4,0.5714,1,a,0,1,0,1,0,ACTION,1,2,0.718,1,0,0,0,0,0,0,0,1,0,0,0,0,0,0,2.0,1.0,0.5714,3.0,0,3,0.15060455,0,CA,aendole
27-50_todream-1,Muna,to dream,amonifi,1,7,4,0.5714,1,a,0,0,0,0,0,ACTION,0,2,0.718,1,0,0,0,0,0,0,0,1,0,0,0,0,0,0,356.0,2.0,0.3333,2.0,0,4,0.18192303,0,CA,amonifi
27-51_tosit-1,Muna,to sit,aengkora,1,8,4,0.5,1,a,0,1,0,1,0,ACTION,1,2,0.718,1,0,0,0,0,0,0,0,1,0,0,0,0,0,0,3.0,1.0,0.5714,4.0,0,3,0.1454432,0,CA,aeŋkora
27-52_tostand-1,Muna,to stand,aere,1,4,3,0.75,1,a,0,0,0,0,0,ACTION,1,2,0.718,1,0,0,0,0,0,0,0,1,0,0,0,0,0,0,2.0,1.0,0.8333,5.0,0,2,0.43032628,0,CA,aere
27-53_personhumanbeing-1,Muna,person/human being,mie,1,3,2,0.6667,1,m,0,0,0,0,0,OTHER,1,2,0.718,0,0,0,1,0,0,0,0,0,0,0,0,0,1,0,51.0,1.0,0.1667,1.0,0,1,0.031428814,0,CA,mie
27-54_manmale-1,Muna,man/male,moghane,1,7,3,0.4286,1,m,0,0,0,1,1,OTHER,1,2,0.718,0,0,0,1,0,0,0,0,0,0,0,0,0,1,0,703.0,1.0,0.1429,1.0,0,3,0.28851235,0,CA,moɣane
27-55_womanfemale-1,Muna,woman/female,robhine,1,7,3,0.4286,1,other,0,0,0,1,0,OTHER,1,2,0.718,0,0,0,0,1,0,0,0,0,0,0,0,0,1,0,744.0,2.0,0.1667,1.0,0,3,0.11341578,0,CA,roβine
27-56_child-1,Muna,child,ana,1,3,2,0.6667,1,a,0,0,0,0,0,OTHER,1,2,0.718,1,0,0,0,0,0,0,0,0,0,0,0,0,1,0,450.0,1.0,0.1667,1.0,0,2,0.008635163,0,CA,ana
27-57_husband-1,Muna,husband,mie no lambu,0,12,5,0.4167,1,m,0,1,0,1,0,OTHER,1,2,0.718,0,0,0,1,0,0,0,0,0,0,0,0,0,1,0,0.0,0.0,0.3333,2.0,1,4,0.6691557,1,CS,mie no lambu
27-58_wife-1,Muna,wife,mie no lambu,0,12,5,0.4167,1,m,0,1,0,1,0,OTHER,1,2,0.718,0,0,0,1,0,0,0,0,0,0,0,0,0,1,0,0.0,0.0,0.5714,3.0,1,4,0.6691557,1,CS,mie no lambu
27-58_wife-2,Muna,wife,anahi,0,5,3,0.6,1,a,0,0,0,0,0,OTHER,1,2,0.718,1,0,0,0,0,0,0,0,0,0,0,0,0,1,0,0.0,0.0,0.5714,3.0,1,3,0.15732145,0,RO,anahi
27-59_mother-1,Muna,mother,ina,1,3,2,0.6667,1,other,0,0,0,0,0,OTHER,1,2,0.718,0,0,0,0,1,0,0,0,0,0,0,0,0,1,0,921.0,1.0,0.0,0.0,0,2,0.03130579,0,CA,ina
27-60_father-1,Muna,father,ama,1,3,2,0.6667,1,a,0,0,0,0,0,OTHER,1,2,0.718,1,0,0,0,0,0,0,0,0,0,0,0,0,1,0,1014.0,1.0,0.1667,1.0,0,2,0.008635163,0,CA,ama
27-61_house-1,Muna,house,lambu,1,5,2,0.4,1,other,0,1,0,1,0,OTHER,1,2,0.718,0,0,0,0,1,0,0,0,0,0,0,0,0,1,0,4.0,1.0,0.1667,1.0,0,2,0.10602206,0,CA,lambu
27-62_thatchroof-1,Muna,thatch/roof,ghato,1,5,2,0.4,1,other,0,0,0,1,0,OTHER,0,2,0.718,0,0,0,0,1,0,0,0,0,0,0,0,0,1,0,489.0,2.0,0.5,3.0,0,2,0.007522762,0,CA,ɣato
27-63_name-1,Muna,name,nea,1,3,2,0.6667,1,other,0,0,0,0,0,OTHER,1,2,0.718,0,0,0,0,1,0,0,0,0,0,0,0,0,1,0,1151.0,1.0,0.3333,2.0,0,1,0.03130579,0,CA,nea
27-64_tosay-1,Muna,to say,abisara,1,7,4,0.5714,1,a,0,0,0,0,0,ACTION,1,2,0.718,1,0,0,0,0,0,0,0,1,0,0,0,0,0,0,23.0,1.0,0.6667,5.0,0,4,0.1729405,0,CA,abisara
27-64_tosay-2,Muna,to say,apogau,1,6,4,0.6667,1,a,0,0,0,0,0,ACTION,1,2,0.718,1,0,0,0,0,0,0,0,1,0,0,0,0,0,0,7.0,1.0,0.6667,5.0,0,3,0.31180388,0,CA,apogau
27-65_rope-1,Muna,rope,kakoo,0,5,3,0.6,1,k,0,0,0,0,1,OTHER,1,2,0.718,0,0,1,0,0,0,0,0,0,0,0,0,0,1,0,0.0,0.0,0.7143,5.0,1,2,0.43297786,0,RO,kakoo
27-66_totieupfasten-1,Muna,"to tie up, fasten",aekooli,0,7,5,0.7143,1,a,0,0,0,0,0,ACTION,0,2,0.718,1,0,0,0,0,0,0,0,1,0,0,0,0,0,0,0.0,0.0,0.8333,5.0,1,3,0.6009923,1,CS,aekooli
27-67_tosew-1,Muna,to sew,aetampoli,1,9,5,0.5556,1,a,0,1,0,1,0,ACTION,1,2,0.718,1,0,0,0,0,0,0,0,1,0,0,0,0,0,0,2.0,1.0,0.5,3.0,0,4,0.106862605,0,CA,aetampoli
27-68_needle-1,Muna,needle,deu,1,3,2,0.6667,1,other,0,0,0,0,0,OTHER,1,2,0.718,0,0,0,0,1,0,0,0,0,0,0,0,0,1,0,317.0,1.0,0.1667,1.0,0,1,0.03130579,0,CA,deu
27-69_tohunt-1,Muna,to hunt,ahulo,0,5,3,0.6,1,a,0,0,0,0,0,ACTION,1,2,0.718,1,0,0,0,0,0,0,0,1,0,0,0,0,0,0,0.0,0.0,1.0,4.0,1,3,0.30177045,0,RO,ahulo
27-70_toshoot-1,Muna,to shoot,aepana,1,6,4,0.6667,1,a,0,0,0,0,0,OTHER,0,2,0.718,1,0,0,0,0,0,0,0,0,0,0,0,0,1,0,389.0,1.0,0.0,0.0,0,3,0.027873576,0,CA,aepana
27-71_tostabpierce-1,Muna,"to stab, pierce",aetobo,1,6,4,0.6667,1,a,0,0,0,0,0,ACTION,0,2,0.718,1,0,0,0,0,0,0,0,1,0,0,0,0,0,0,25.0,1.0,0.375,2.0,0,3,0.2798065,0,CA,aetobo
27-72_tohit-1,Muna,to hit,aewogha,0,7,4,0.5714,1,a,0,0,0,1,0,ACTION,1,2,0.718,1,0,0,0,0,0,0,0,1,0,0,0,0,0,0,0.0,0.0,1.0,6.0,1,3,0.17086822,0,RO,aewoɣa
27-73_tosteal-1,Muna,to steal,ambolaku,1,8,4,0.5,1,a,0,1,0,1,0,ACTION,1,2,0.718,1,0,0,0,0,0,0,0,1,0,0,0,0,0,0,2.0,1.0,0.6667,4.0,0,4,0.1454432,0,CA,ambolaku
27-74_tokill-1,Muna,to kill,aepongko,1,8,4,0.5,1,a,0,1,0,1,0,ACTION,1,2,0.718,1,0,0,0,0,0,0,0,1,0,0,0,0,0,0,5.0,1.0,0.0,0.0,0,3,0.1454432,0,CA,aepoŋko
27-75_todiebedead-1,Muna,"to die, be dead",amate,1,5,3,0.6,1,a,0,0,0,0,0,ACTION,1,2,0.718,1,0,0,0,0,0,0,0,1,0,0,0,0,0,0,1291.0,1.0,0.0,0.0,0,3,0.30177045,0,CA,amate
27-76_tolivebealive-1,Muna,"to live, be alive",adadi,1,5,3,0.6,1,a,0,0,1,0,0,ACTION,1,2,0.718,1,0,0,0,0,0,0,0,1,0,0,0,0,0,0,7.0,1.0,0.3333,2.0,0,3,0.259026,0,CA,adadi
27-77_toscratch-1,Muna,to scratch,aekurumasi,1,10,6,0.6,1,a,0,0,0,0,0,ACTION,0,2,0.718,1,0,0,0,0,0,0,0,1,0,0,0,0,0,0,2.0,1.0,0.125,1.0,0,5,0.29847133,0,CA,aekurumasi
27-78_tocuthack-1,Muna,"to cut, hack",aebhera,0,7,4,0.5714,1,a,0,0,0,1,0,ACTION,1,2,0.718,1,0,0,0,0,0,0,0,1,0,0,0,0,0,0,0.0,0.0,0.625,3.0,1,3,0.17086822,0,RO,aeβera
27-79_stickwood-1,Muna,stick/wood,sau,1,3,2,0.6667,1,s,0,0,0,0,0,OTHER,1,2,0.718,0,0,0,0,0,0,1,0,0,0,0,0,0,1,0,1202.0,1.0,0.1667,1.0,0,1,0.056072652,0,CA,sau
27-80_tosplit-1,Muna,to split,aebhogha,1,8,4,0.5,1,a,0,0,0,2,0,ACTION,1,2,0.718,1,0,0,0,0,0,0,0,1,0,0,0,0,0,0,2.0,1.0,0.5,3.0,0,3,0.1488198,0,CA,aeβoɣa
27-81_sharp-1,Muna,sharp,noroko,1,6,3,0.5,1,other,0,0,0,0,0,QUALITY,1,2,0.718,0,0,0,0,1,0,0,0,0,0,0,0,0,0,1,2.0,1.0,0.1667,1.0,0,3,0.09672302,0,CA,noroko
27-82_dullblunt-1,Muna,"dull, blunt",noduko,1,6,3,0.5,1,other,0,0,0,0,0,QUALITY,1,2,0.718,0,0,0,0,1,0,0,0,0,0,0,0,0,0,1,2.0,1.0,0.8,4.0,0,3,0.09672302,0,CA,noduko
27-83_towork-1,Muna,to work,akaradhaa,1,9,5,0.5556,1,a,0,0,0,1,0,ACTION,1,2,0.718,1,0,0,0,0,0,0,0,1,0,0,0,0,0,0,38.0,1.0,0.1667,1.0,0,4,0.12208682,0,CA,akaraðaa
27-84_toplant-1,Muna,to plant,aetisa,1,6,4,0.6667,1,a,0,0,0,0,0,ACTION,1,2,0.718,1,0,0,0,0,0,0,0,1,0,0,0,0,0,0,2.0,1.0,0.2857,2.0,0,3,0.31180388,0,CA,aetisa
27-84_toplant-2,Muna,to plant,aeladu,0,6,4,0.6667,1,a,0,0,0,0,0,ACTION,1,2,0.718,1,0,0,0,0,0,0,0,1,0,0,0,0,0,0,0.0,0.0,0.2857,2.0,1,3,0.31180388,0,RO,aeladu
27-85_tochoose-1,Muna,to choose,aefe|pili,1,9,5,0.5556,1,a,0,0,0,0,0,ACTION,1,2,0.718,1,0,0,0,0,0,0,0,1,0,0,0,0,0,0,444.0,1.0,0.1667,1.0,0,4,0.12774211,0,CA,aefe|pili
27-86_togrow-1,Muna,to grow,notumbu,1,7,3,0.4286,1,other,0,1,0,1,0,ACTION,1,2,0.718,0,0,0,0,1,0,0,0,1,0,0,0,0,0,0,271.0,1.0,0.3333,2.0,0,3,0.19196838,0,CA,notumbu
27-87_toswell-1,Muna,to swell,notente,0,7,3,0.4286,1,other,0,1,0,1,0,ACTION,1,2,0.718,0,0,0,0,1,0,0,0,1,0,0,0,0,0,0,0.0,0.0,0.375,2.0,1,3,0.19196838,0,RO,notente
27-88_tosqueeze-1,Muna,to squeeze,ae|feo,1,6,4,0.6667,1,a,0,0,0,0,0,ACTION,1,2,0.718,1,0,0,0,0,0,0,0,1,0,0,0,0,0,0,110.0,1.0,0.3333,2.0,0,2,0.31180388,0,CA,ae|feo
27-89_tohold-1,Muna,to hold,aeintara,1,8,5,0.625,1,a,0,1,0,1,0,ACTION,1,2,0.718,1,0,0,0,0,0,0,0,1,0,0,0,0,0,0,2.0,1.0,0.75,5.0,0,3,0.18261248,0,CA,aeintara
27-90_todig-1,Muna,to dig,ae|seli,1,7,4,0.5714,1,a,0,0,0,0,0,ACTION,1,2,0.718,1,0,0,0,0,0,0,0,1,0,0,0,0,0,0,799.0,1.0,0.3333,2.0,0,3,0.1729405,0,CA,ae|seli
27-91_tobuy-1,Muna,to buy,aegholi,1,7,4,0.5714,1,a,0,0,0,1,0,ACTION,1,2,0.718,1,0,0,0,0,0,0,0,1,0,0,0,0,0,0,394.0,1.0,0.1667,1.0,0,3,0.17086822,0,CA,aeɣoli
27-92_toopenuncover-1,Muna,"to open, uncover",aelengha,1,8,4,0.5,1,a,0,1,0,1,0,ACTION,1,2,0.718,1,0,0,0,0,0,0,0,1,0,0,0,0,0,0,5.0,1.0,0.4286,3.0,0,3,0.1454432,0,CA,aelenɣa
27-93_topoundbeat-1,Muna,"to pound, beat",aetumbu,1,7,4,0.5714,1,a,0,1,0,1,0,ACTION,1,2,0.718,1,0,0,0,0,0,0,0,1,0,0,0,0,0,0,23.0,1.0,0.375,2.0,0,3,0.15060455,0,CA,aetumbu
27-94_tothrow-1,Muna,to throw,aeghompa,1,8,4,0.5,1,a,0,1,0,2,0,ACTION,1,2,0.718,1,0,0,0,0,0,0,0,1,0,0,0,0,0,0,2.0,1.0,0.7143,5.0,0,3,0.13075858,0,CA,aeɣompa
27-95_tofall-1,Muna,to fall,nondawu,1,7,3,0.4286,1,other,0,1,0,1,0,ACTION,1,2,0.718,0,0,0,0,1,0,0,0,1,0,0,0,0,0,0,89.0,1.0,0.8,4.0,0,3,0.19196838,0,CA,nondawu
27-96_dog-1,Muna,dog,d|ahu,1,5,2,0.4,1,other,0,0,0,0,0,OTHER,1,2,0.718,0,0,0,0,1,0,0,0,0,0,0,0,0,1,0,341.0,1.0,0.3333,2.0,0,2,0.05296713,0,CA,d|ahu
27-97_bird-1,Muna,bird,manu-manu,1,9,4,0.4444,1,m,0,0,1,0,1,OTHER,1,2,0.718,0,0,0,1,0,0,0,0,0,0,0,0,0,1,0,971.0,1.0,0.1667,1.0,0,4,0.20198423,0,CA,manu-manu
27-98_egg-1,Muna,egg,ghunteli,1,8,3,0.375,1,other,0,1,0,2,0,BODY,1,2,0.718,0,0,0,0,1,0,0,0,0,1,0,0,0,0,0,776.0,1.0,0.3333,2.0,0,3,0.13649255,0,CA,ɣunteli
27-99_feather-1,Muna,feather,wulu,1,4,2,0.5,1,other,0,0,0,0,0,BODY,1,2,0.718,0,0,0,0,1,0,0,0,0,1,0,0,0,0,0,647.0,1.0,0.1667,1.0,0,2,0.035850823,0,CA,wulu
27-100_wing-1,Muna,wing,pani,1,4,2,0.5,1,p,0,0,0,0,1,BODY,0,2,0.718,0,0,0,0,0,1,0,0,0,1,0,0,0,0,0,233.0,1.0,0.3333,2.0,0,2,0.019513488,0,CA,pani
27-101_tofly-1,Muna,to fly,ahoro,1,5,3,0.6,1,a,0,0,0,0,0,ACTION,1,2,0.718,1,0,0,0,0,0,0,0,1,0,0,0,0,0,0,2.0,1.0,0.5,3.0,0,3,0.30177045,0,CA,ahoro
27-102_rat-1,Muna,rat,wulawo,1,6,3,0.5,1,other,0,0,0,0,0,OTHER,1,2,0.718,0,0,0,0,1,0,0,0,0,0,0,0,0,1,0,363.0,1.0,0.1429,1.0,0,3,0.09657222,0,CA,wulawo
27-103_meatflesh-1,Muna,meat/flesh,ihi,1,3,2,0.6667,1,other,0,0,0,0,0,BODY,1,2,0.718,0,0,0,0,1,0,0,0,0,1,0,0,0,0,0,62.0,1.0,0.3333,2.0,0,2,0.049853146,0,CA,ihi
27-104_fatgrease-1,Muna,fat/grease,tabha,1,5,2,0.4,1,t,0,0,0,1,1,BODY,1,2,0.718,0,0,0,0,0,0,0,1,0,1,0,0,0,0,0,176.0,1.0,0.1667,1.0,0,2,0.06646025,0,CA,taβa
27-105_tail-1,Muna,tail,punda,1,5,2,0.4,1,p,0,1,0,1,0,BODY,1,2,0.718,0,0,0,0,0,1,0,0,0,1,0,0,0,0,0,2.0,1.0,0.3333,2.0,0,2,0.029795766,0,CA,punda
27-106_snake-1,Muna,snake,ghule,1,5,2,0.4,1,other,0,0,0,1,0,OTHER,1,2,0.718,0,0,0,0,1,0,0,0,0,0,0,0,0,1,0,229.0,1.0,0.0,0.0,0,2,0.079967976,0,CA,ɣule
27-107_wormearthworm-1,Muna,worm (earthworm),ghundeletu,0,10,4,0.4,1,other,0,1,0,2,0,OTHER,1,2,0.718,0,0,0,0,1,0,0,0,0,0,0,0,0,1,0,0.0,0.0,0.6,3.0,1,4,0.63763833,1,CS,ɣundeletu
27-108_louse-1,Muna,louse,otu,1,3,2,0.6667,1,other,0,0,0,0,0,OTHER,1,2,0.718,0,0,0,0,1,0,0,0,0,0,0,0,0,1,0,1230.0,1.0,0.0,0.0,0,2,0.03130579,0,CA,otu
27-109_mosquito-1,Muna,mosquito,buroto,1,6,3,0.5,1,b,0,0,0,0,0,OTHER,1,2,0.718,0,1,0,0,0,0,0,0,0,0,0,0,0,1,0,10.0,1.0,0.2857,2.0,0,3,0.08346534,0,CA,buroto
27-110_spider-1,Muna,spider,kabhamba,1,8,3,0.375,1,k,0,1,0,2,1,OTHER,0,2,0.718,0,0,1,0,0,0,0,0,0,0,0,0,0,1,0,3.0,1.0,0.0,0.0,0,3,0.07016033,0,CA,kaβamba
27-111_fish-1,Muna,fish,kenta,1,5,2,0.4,1,k,0,1,0,1,0,OTHER,1,2,0.718,0,0,1,0,0,0,0,0,0,0,0,0,0,1,0,7.0,1.0,0.1429,1.0,0,2,0.13452339,0,CA,kenta
27-112_rotten-1,Muna,rotten,noburu,1,6,3,0.5,1,other,0,0,0,0,0,QUALITY,0,2,0.718,0,0,0,0,1,0,0,0,0,0,0,0,0,0,1,140.0,1.0,0.5,3.0,0,3,0.061690807,0,CA,noburu
27-113_branch-1,Muna,branch,ragha,1,5,2,0.4,1,other,0,0,0,1,0,OTHER,0,2,0.718,0,0,0,0,1,0,0,0,0,0,0,0,0,1,0,440.0,1.0,0.0,0.0,0,2,0.007522762,0,CA,raɣa
27-114_leaf-1,Muna,leaf,roo,1,3,2,0.6667,1,other,0,0,0,0,0,NATURE,1,2,0.718,0,0,0,0,1,0,0,0,0,0,0,1,0,0,0,762.0,1.0,0.5,3.0,0,1,0.077266335,0,CA,roo
27-115_root-1,Muna,root,paraka,1,6,3,0.5,1,p,0,0,0,0,1,NATURE,1,2,0.718,0,0,0,0,0,1,0,0,0,0,0,1,0,0,0,608.0,1.0,0.3333,2.0,0,3,0.21332425,0,CA,paraka
27-116_flower-1,Muna,flower,kambea,1,6,3,0.5,1,k,0,1,0,1,1,NATURE,1,2,0.718,0,0,1,0,0,0,0,0,0,0,0,1,0,0,0,39.0,1.0,0.1429,1.0,0,2,0.30359828,0,CA,kambea
27-117_fruit-1,Muna,fruit,bhake,1,5,2,0.4,1,b,0,0,0,1,0,NATURE,1,2,0.718,0,1,0,0,0,0,0,0,0,0,0,1,0,0,0,15.0,1.0,0.1667,1.0,0,2,0.09354621,0,CA,βake
27-118_grass-1,Muna,grass,karuku,0,6,3,0.5,1,k,0,0,0,0,1,NATURE,1,2,0.718,0,0,1,0,0,0,0,0,0,0,0,1,0,0,0,0.0,0.0,0.7143,4.0,1,3,0.37711072,0,RO,karuku
27-119_earthsoil-1,Muna,earth/soil,wite,1,4,2,0.5,1,other,0,0,0,0,0,NATURE,1,2,0.718,0,0,0,0,1,0,0,0,0,0,0,1,0,0,0,33.0,1.0,0.0,0.0,0,2,0.060976565,0,CA,wite
27-120_stone-1,Muna,stone,kontu,1,5,2,0.4,1,k,0,1,0,1,0,NATURE,1,2,0.718,0,0,1,0,0,0,0,0,0,0,0,1,0,0,0,1145.0,1.0,0.0,0.0,0,2,0.11865121,0,CA,kontu
27-121_sand-1,Muna,sand,bhone,1,5,2,0.4,1,b,0,0,0,1,0,NATURE,1,2,0.718,0,1,0,0,0,0,0,0,0,0,0,1,0,0,0,35.0,1.0,0.0,0.0,0,2,0.09354621,0,CA,βone
27-122_water-1,Muna,water,oe,1,2,2,1.0,1,other,0,0,0,0,0,NATURE,1,2,0.718,0,0,0,0,1,0,0,0,0,0,0,1,0,0,0,673.0,1.0,0.3333,2.0,0,1,0.029277623,0,CA,oe
27-123_toflow-1,Muna,to flow,nosolo,0,6,3,0.5,1,other,0,0,0,0,0,ACTION,1,2,0.718,0,0,0,0,1,0,0,0,1,0,0,0,0,0,0,0.0,0.0,0.5,3.0,1,3,0.18046331,0,RO,nosolo
27-124_sea-1,Muna,sea,tehi,1,4,2,0.5,1,t,0,0,0,0,0,NATURE,1,2,0.718,0,0,0,0,0,0,0,1,0,0,0,1,0,0,0,705.0,1.0,0.2857,2.0,0,2,0.07375002,0,CA,tehi
27-125_salt-1,Muna,salt,ghohia,1,6,3,0.5,1,other,0,0,0,1,0,NATURE,1,2,0.718,0,0,0,0,1,0,0,0,0,0,0,1,0,0,0,117.0,1.0,0.5,3.0,0,2,0.08916861,0,CA,ɣohia
27-126_lake-1,Muna,lake,katebho,0,7,3,0.4286,1,k,0,0,0,1,1,NATURE,1,2,0.718,0,0,1,0,0,0,0,0,0,0,0,1,0,0,0,0.0,0.0,0.1667,1.0,1,3,0.33268493,0,RO,kateβo
27-127_woodsforest-1,Muna,woods/forest,karumbu,0,7,3,0.4286,1,k,0,1,0,1,1,NATURE,1,2,0.718,0,0,1,0,0,0,0,0,0,0,0,1,0,0,0,0.0,0.0,0.5,3.0,1,3,0.33783156,0,RO,karumbu
27-128_sky-1,Muna,sky,lani,1,4,2,0.5,1,other,0,0,0,0,0,NATURE,1,2,0.718,0,0,0,0,1,0,0,0,0,0,0,1,0,0,0,589.0,1.0,0.2857,2.0,0,2,0.060976565,0,CA,lani
27-129_moon-1,Muna,moon,wula,1,4,2,0.5,1,other,0,0,0,0,0,NATURE,1,2,0.718,0,0,0,0,1,0,0,0,0,0,0,1,0,0,0,764.0,1.0,0.0,0.0,0,2,0.060976565,0,CA,wula
27-130_star-1,Muna,star,ngkolipopo,1,10,4,0.4,1,other,0,1,1,1,0,NATURE,1,2,0.718,0,0,0,0,1,0,0,0,0,0,0,1,0,0,0,5.0,1.0,0.1429,1.0,0,4,0.28414696,0,CA,ŋkolipopo
27-131_cloud-1,Muna,cloud,olu,1,3,2,0.6667,1,other,0,0,0,0,0,NATURE,1,2,0.718,0,0,0,0,1,0,0,0,0,0,0,1,0,0,0,8.0,1.0,0.8333,5.0,0,2,0.077266335,0,CA,olu
27-132_fog-1,Muna,fog,gawu,1,4,2,0.5,1,other,0,0,0,0,0,NATURE,1,2,0.718,0,0,0,0,1,0,0,0,0,0,0,1,0,0,0,165.0,1.0,0.1667,1.0,0,2,0.060976565,0,CA,gawu
27-133_rain-1,Muna,rain,ghuse,1,5,2,0.4,1,other,0,0,0,1,0,NATURE,1,2,0.718,0,0,0,0,1,0,0,0,0,0,0,1,0,0,0,1247.0,1.0,0.1667,1.0,0,2,0.08022201,0,CA,ɣuse
27-134_thunder-1,Muna,thunder,tondu,1,5,2,0.4,1,t,0,1,0,1,0,NATURE,1,2,0.718,0,0,0,0,0,0,0,1,0,0,0,1,0,0,0,4.0,1.0,0.0,0.0,0,2,0.1151526,0,CA,tondu
27-135_lightning-1,Muna,lightning,bhibhito,1,8,3,0.375,1,b,0,0,1,2,0,NATURE,1,2,0.718,0,1,0,0,0,0,0,0,0,0,0,1,0,0,0,8.0,1.0,0.1429,1.0,0,3,0.20792007,0,CA,βiβito
27-136_wind-1,Muna,wind,kawea,1,5,3,0.6,1,k,0,0,0,0,1,NATURE,1,2,0.718,0,0,1,0,0,0,0,0,0,0,0,1,0,0,0,3.0,1.0,0.1667,1.0,0,2,0.48763484,0,CA,kawea
27-137_toblow-1,Muna,to blow,no|f|iu,1,7,3,0.4286,1,other,0,0,0,0,0,ACTION,1,2,0.718,0,0,0,0,1,0,0,0,1,0,0,0,0,0,0,196.0,1.0,0.6667,4.0,0,2,0.16900349,0,CA,no|f|iu
27-138_warm-1,Muna,warm,nopana,1,6,3,0.5,1,other,0,0,0,0,0,QUALITY,1,2,0.718,0,0,0,0,1,0,0,0,0,0,0,0,0,0,1,246.0,1.0,0.5714,4.0,0,3,0.09672302,0,CA,nopana
27-139_cold-1,Muna,cold,norindi,1,7,3,0.4286,1,other,0,1,0,1,0,QUALITY,1,2,0.718,0,0,0,0,1,0,0,0,0,0,0,0,0,0,1,273.0,1.0,0.3333,2.0,0,3,0.10811615,0,CA,norindi
27-140_dry-1,Muna,dry,nokele,1,6,3,0.5,1,other,0,0,0,0,0,QUALITY,1,2,0.718,0,0,0,0,1,0,0,0,0,0,0,0,0,0,1,2.0,1.0,0.5,3.0,0,3,0.09672302,0,CA,nokele
27-141_wet-1,Muna,wet,nomeme,0,6,3,0.5,1,other,0,0,1,0,0,QUALITY,1,2,0.718,0,0,0,0,1,0,0,0,0,0,0,0,0,0,1,0.0,0.0,0.5,3.0,1,3,0.08832055,0,RO,nomeme
27-142_heavy-1,Muna,heavy,nobhie,1,6,3,0.5,1,other,0,0,0,1,0,QUALITY,1,2,0.718,0,0,0,0,1,0,0,0,0,0,0,0,0,0,1,4.0,1.0,0.6667,4.0,0,2,0.07201016,0,CA,noβie
27-143_fire-1,Muna,fire,ifi,1,3,2,0.6667,1,other,0,0,0,0,0,NATURE,1,2,0.718,0,0,0,0,1,0,0,0,0,0,0,1,0,0,0,831.0,1.0,0.3333,2.0,0,2,0.077266335,0,CA,ifi
27-144_toburn-1,Muna,to burn,aetunu,1,6,4,0.6667,1,a,0,0,0,0,0,ACTION,1,2,0.718,1,0,0,0,0,0,0,0,1,0,0,0,0,0,0,261.0,1.0,0.3333,2.0,0,3,0.31180388,0,CA,aetunu
27-145_smoke-1,Muna,smoke,ghumbo,1,6,2,0.3333,1,other,0,1,0,2,0,NATURE,1,2,0.718,0,0,0,0,1,0,0,0,0,0,0,1,0,0,0,23.0,1.0,0.0,0.0,0,2,0.14659756,0,CA,ɣumbo
27-146_ashes-1,Muna,ashes,ghabu,1,5,2,0.4,1,other,0,0,0,1,0,NATURE,1,2,0.718,0,0,0,0,1,0,0,0,0,0,0,1,0,0,0,607.0,1.0,0.1429,1.0,0,2,0.08022201,0,CA,ɣabu
27-147_black-1,Muna,black,ghito,1,5,2,0.4,1,other,0,0,0,1,0,QUALITY,1,2,0.718,0,0,0,0,1,0,0,0,0,0,0,0,0,0,1,542.0,1.0,0.3333,2.0,0,2,0.10205954,0,CA,ɣito
27-148_white-1,Muna,white,pute,1,4,2,0.5,1,p,0,0,0,0,0,QUALITY,1,2,0.718,0,0,0,0,0,1,0,0,0,0,0,0,0,0,1,371.0,1.0,0.3333,2.0,0,2,0.20579535,0,CA,pute
27-149_red-1,Muna,red,dea,0,3,2,0.6667,1,other,0,0,0,0,0,QUALITY,1,2,0.718,0,0,0,0,1,0,0,0,0,0,0,0,0,0,1,0.0,0.0,0.6667,4.0,1,1,0.18973082,0,RO,dea
27-150_yellow-1,Muna,yellow,kuni,1,4,2,0.5,1,k,0,0,0,0,0,QUALITY,1,2,0.718,0,0,1,0,0,0,0,0,0,0,0,0,0,0,1,160.0,1.0,0.1667,1.0,0,2,0.23809433,0,CA,kuni
27-151_green-1,Muna,green,idho,1,4,2,0.5,1,other,0,0,0,1,0,QUALITY,1,2,0.718,0,0,0,0,1,0,0,0,0,0,0,0,0,0,1,84.0,1.0,0.5,3.0,0,2,0.09272957,0,CA,iðo
27-152_small-1,Muna,small,norubu,1,6,3,0.5,1,other,0,0,0,0,0,QUALITY,1,2,0.718,0,0,0,0,1,0,0,0,0,0,0,0,0,0,1,2.0,1.0,0.5,3.0,0,3,0.09672302,0,CA,norubu
27-153_big-1,Muna,big,nobhala,1,7,3,0.4286,1,other,0,0,0,1,0,QUALITY,1,2,0.718,0,0,0,0,1,0,0,0,0,0,0,0,0,0,1,2.0,1.0,0.7143,4.0,0,3,0.10218644,0,CA,noβala
27-154_short-1,Muna,short,nopanda,1,7,3,0.4286,1,other,0,1,0,1,0,QUALITY,1,2,0.718,0,0,0,0,1,0,0,0,0,0,0,0,0,0,1,55.0,1.0,0.4286,3.0,0,3,0.10811615,0,CA,nopanda
27-154_short-2,Muna,short,nongkubu,1,8,3,0.375,1,other,0,1,0,1,0,QUALITY,1,2,0.718,0,0,0,0,1,0,0,0,0,0,0,0,0,0,1,2.0,1.0,0.4286,3.0,0,3,0.27034098,0,CA,noŋkubu
27-155_long-1,Muna,long,newanta,1,7,3,0.4286,1,other,0,1,0,1,0,QUALITY,1,2,0.718,0,0,0,0,1,0,0,0,0,0,0,0,0,0,1,2.0,1.0,0.125,1.0,0,3,0.10811615,0,CA,newanta
27-156_thin-1,Muna,thin,nonifi,1,6,3,0.5,1,other,0,0,0,0,0,QUALITY,1,2,0.718,0,0,0,0,1,0,0,0,0,0,0,0,0,0,1,662.0,1.0,0.0,0.0,0,3,0.09672302,0,CA,nonifi
27-157_thick-1,Muna,thick,nokapa,1,6,3,0.5,1,other,0,0,0,0,0,QUALITY,1,2,0.718,0,0,0,0,1,0,0,0,0,0,0,0,0,0,1,129.0,1.0,0.1667,1.0,0,3,0.09672302,0,CA,nokapa
27-158_narrow-1,Muna,narrow,noseke,1,6,3,0.5,1,other,0,0,0,0,0,QUALITY,1,2,0.718,0,0,0,0,1,0,0,0,0,0,0,0,0,0,1,5.0,1.0,0.4286,3.0,0,3,0.09672302,0,CA,noseke
27-159_wide-1,Muna,wide,noware,1,6,3,0.5,1,other,0,0,0,0,0,QUALITY,1,2,0.718,0,0,0,0,1,0,0,0,0,0,0,0,0,0,1,2.0,1.0,0.3333,2.0,0,3,0.09672302,0,CA,noware
27-160_painfulsick-1,Muna,"painful, sick",nolea,1,5,3,0.6,1,other,0,0,0,0,0,QUALITY,1,2,0.718,0,0,0,0,1,0,0,0,0,0,0,0,0,0,1,2.0,1.0,0.3333,2.0,0,2,0.17282706,0,CA,nolea
27-161_shyashamed-1,Muna,"shy, ashamed",noambano,1,8,4,0.5,1,other,0,1,0,1,0,QUALITY,1,2,0.718,0,0,0,0,1,0,0,0,0,0,0,0,0,0,1,2.0,1.0,0.1667,1.0,0,3,0.092615426,0,CA,noambano
27-162_old-1,Muna,old,nokamokula,1,10,5,0.5,1,other,0,0,0,0,0,QUALITY,1,2,0.718,0,0,0,0,1,0,0,0,0,0,0,0,0,0,1,3.0,1.0,0.2857,2.0,0,5,0.1218155,0,CA,nokamokula
27-163_new-1,Muna,new,nobughou,1,8,4,0.5,1,other,0,0,0,1,0,QUALITY,1,2,0.718,0,0,0,0,1,0,0,0,0,0,0,0,0,0,1,796.0,1.0,0.1667,1.0,0,3,0.08469176,0,CA,nobuɣou
27-164_good-1,Muna,good,netaa,1,5,3,0.6,1,other,0,0,0,0,0,QUALITY,1,2,0.718,0,0,0,0,1,0,0,0,0,0,0,0,0,0,1,2.0,1.0,0.4286,3.0,0,2,0.17282706,0,CA,netaa
27-165_badevil-1,Muna,"bad, evil",nodaediu,1,8,5,0.625,1,other,0,0,0,0,0,QUALITY,1,2,0.718,0,0,0,0,1,0,0,0,0,0,0,0,0,0,1,829.0,1.0,0.3333,2.0,0,3,0.1531601,0,CA,nodaediu
27-166_correcttrue-1,Muna,"correct, true",kotughu,1,7,3,0.4286,1,k,0,0,0,1,0,QUALITY,1,2,0.718,0,0,1,0,0,0,0,0,0,0,0,0,0,0,1,78.0,1.0,0.1667,1.0,0,3,0.26245004,0,CA,kotuɣu
27-167_night-1,Muna,night,korondoha,1,9,4,0.4444,1,k,0,1,0,1,0,OTHER,1,2,0.718,0,0,1,0,0,0,0,0,0,0,0,0,0,1,0,2.0,1.0,0.1429,1.0,0,4,0.3769824,0,CA,korondoha
27-167_night-2,Muna,night,alo,1,3,2,0.6667,1,a,0,0,0,0,0,OTHER,1,2,0.718,1,0,0,0,0,0,0,0,0,0,0,0,0,1,0,21.0,1.0,0.1429,1.0,0,2,0.008635163,0,CA,alo
27-168_day-1,Muna,day,gholeo,1,6,3,0.5,1,other,0,0,0,1,0,OTHER,1,2,0.718,0,0,0,0,1,0,0,0,0,0,0,0,0,1,0,2.0,1.0,0.1667,1.0,0,2,0.077379346,0,CA,ɣoleo
27-169_year-1,Muna,year,taghu,1,5,2,0.4,1,t,0,0,0,1,1,OTHER,1,2,0.718,0,0,0,0,0,0,0,1,0,0,0,0,0,1,0,426.0,1.0,0.0,0.0,0,2,0.13733667,0,CA,taɣu
27-170_when-1,Muna,when?,indefie,1,7,4,0.5714,1,other,0,1,0,1,0,GRAMMAR,1,2,0.718,0,0,0,0,1,0,0,0,0,0,1,0,0,0,0,484.0,2.0,0.1429,1.0,0,3,0.07237923,0,CA,indefie
27-170_when-2,Muna,when?,ne|fie,1,6,3,0.5,1,other,0,0,0,0,0,GRAMMAR,1,2,0.718,0,0,0,0,1,0,0,0,0,0,1,0,0,0,0,484.0,2.0,0.1429,1.0,0,2,0.10349077,0,CA,ne|fie
27-171_tohide-1,Muna,to hide,aekope,0,6,4,0.6667,1,a,0,0,0,0,0,ACTION,1,2,0.718,1,0,0,0,0,0,0,0,1,0,0,0,0,0,0,0.0,0.0,0.5714,4.0,1,3,0.31180388,0,RO,aekope
27-172_toclimb-1,Muna,to climb,a|foni,1,6,3,0.5,1,a,0,0,0,0,0,ACTION,1,2,0.718,1,0,0,0,0,0,0,0,1,0,0,0,0,0,0,126.0,1.0,0.1667,1.0,0,3,0.19188815,0,CA,a|foni
27-173_at-1,Muna,at,we,1,2,1,0.5,1,other,0,0,0,0,0,GRAMMAR,1,2,0.718,0,0,0,0,1,0,0,0,0,0,1,0,0,0,0,461.0,1.0,0.0,0.0,0,1,0.03414899,0,CA,we
27-173_at-2,Muna,at,te,1,2,1,0.5,1,t,0,0,0,0,0,GRAMMAR,1,2,0.718,0,0,0,0,0,0,0,1,0,0,1,0,0,0,0,461.0,1.0,0.0,0.0,0,1,0.042941093,0,CA,te
27-173_at-3,Muna,at,ne,1,2,1,0.5,1,other,0,0,0,0,0,GRAMMAR,1,2,0.718,0,0,0,0,1,0,0,0,0,0,1,0,0,0,0,18.0,1.0,0.0,0.0,0,1,0.03414899,0,CA,ne
27-174_ininside-1,Muna,"in, inside",we lalo,1,7,3,0.4286,1,other,0,0,0,0,0,GRAMMAR,1,2,0.718,0,0,0,0,1,0,0,0,0,0,1,0,0,0,0,592.0,1.0,0.1429,1.0,0,3,0.09634429,0,CA,we lalo
27-174_ininside-2,Muna,"in, inside",welo,1,4,2,0.5,1,other,0,0,0,0,0,GRAMMAR,1,2,0.718,0,0,0,0,1,0,0,0,0,0,1,0,0,0,0,592.0,1.0,0.1429,1.0,0,2,0.20342296,0,CA,welo
27-175_above-1,Muna,above,te wawo,1,7,3,0.4286,1,t,0,0,0,0,0,GRAMMAR,1,2,0.718,0,0,0,0,0,0,0,1,0,0,1,0,0,0,0,200.0,1.0,0.1429,1.0,0,3,0.15598023,0,CA,te wawo
27-176_below-1,Muna,below,we panda,0,8,3,0.375,1,other,0,1,0,1,0,GRAMMAR,1,2,0.718,0,0,0,0,1,0,0,0,0,0,1,0,0,0,0,0.0,0.0,0.5714,4.0,1,3,0.31240422,0,RO,we panda
27-177_this-1,Muna,this,aini,1,4,3,0.75,1,a,0,0,0,0,0,GRAMMAR,1,2,0.718,1,0,0,0,0,0,0,0,0,0,1,0,0,0,0,500.0,1.0,0.3333,2.0,0,2,0.12249291,0,CA,aini
27-178_that-1,Muna,that,aitu,1,4,3,0.75,1,a,0,0,0,0,0,GRAMMAR,1,2,0.718,1,0,0,0,0,0,0,0,0,0,1,0,0,0,0,75.0,1.0,0.3333,3.0,0,2,0.12249291,0,CA,aitu
27-179_near-1,Muna,near,nomaho,1,6,3,0.5,1,other,0,0,0,0,0,GRAMMAR,1,2,0.718,0,0,0,0,1,0,0,0,0,0,1,0,0,0,0,2.0,1.0,0.4286,3.0,0,3,0.10349077,0,CA,nomaho
27-180_far-1,Muna,far,nokodoho,1,8,4,0.5,1,other,0,0,0,0,0,GRAMMAR,1,2,0.718,0,0,0,0,1,0,0,0,0,0,1,0,0,0,0,4.0,1.0,0.3333,2.0,0,4,0.10577941,0,CA,nokodoho
27-181_where-1,Muna,where?,nahamai,1,7,4,0.5714,1,other,0,0,0,0,1,GRAMMAR,1,2,0.718,0,0,0,0,1,0,0,0,0,0,1,0,0,0,0,3.0,1.0,0.5714,4.0,0,3,0.10737431,0,CA,nahamai
27-181_where-2,Muna,where?,nehamai,1,7,4,0.5714,1,other,0,0,0,0,0,GRAMMAR,1,2,0.718,0,0,0,0,1,0,0,0,0,0,1,0,0,0,0,3.0,1.0,0.5714,4.0,0,3,0.086790025,0,CA,nehamai
27-182_i-1,Muna,I,inodi,1,5,3,0.6,1,other,0,0,0,0,0,GRAMMAR,1,2,0.718,0,0,0,0,1,0,0,0,0,0,1,0,0,0,0,2.0,1.0,0.1667,1.0,0,3,0.100675166,0,CA,inodi
27-183_thou-1,Muna,thou,ihintu,1,6,3,0.5,1,other,0,1,0,1,0,GRAMMAR,1,2,0.718,0,0,0,0,1,0,0,0,0,0,1,0,0,0,0,2.0,1.0,0.1667,1.0,0,3,0.07893288,0,CA,ihintu
27-184_heshe-1,Muna,he/she,anoa,1,4,3,0.75,1,a,0,0,0,0,0,GRAMMAR,1,2,0.718,1,0,0,0,0,0,0,0,0,0,1,0,0,0,0,4.0,1.0,0.2857,1.0,0,2,0.12249291,0,CA,anoa
27-185_we-1,Muna,we,intaidi,1,7,4,0.5714,1,other,0,1,0,1,0,OTHER,0,2,0.718,0,0,0,0,1,0,0,0,0,0,0,0,0,1,0,4.0,1.0,0.0,0.0,0,3,0.01014775,0,CA,intaidi
27-185_we-2,Muna,we,insaidi,1,7,4,0.5714,1,other,0,0,0,1,0,OTHER,0,2,0.718,0,0,0,0,1,0,0,0,0,0,0,0,0,1,0,4.0,1.0,0.0,0.0,0,3,0.010048926,0,CA,insaidi
27-186_you-1,Muna,you,ihintuumu,1,9,5,0.5556,1,other,0,1,0,1,0,GRAMMAR,1,2,0.718,0,0,0,0,1,0,0,0,0,0,1,0,0,0,0,2.0,1.0,0.1667,1.0,0,4,0.071213245,0,CA,ihintuumu
27-187_they-1,Muna,they,andoa,1,5,3,0.6,1,a,0,1,0,1,0,GRAMMAR,1,2,0.718,1,0,0,0,0,0,0,0,0,0,1,0,0,0,0,5.0,1.0,0.7143,4.0,0,2,0.08198011,0,CA,andoa
27-188_what-1,Muna,what?,ohae,1,4,3,0.75,1,other,0,0,0,0,0,GRAMMAR,1,2,0.718,0,0,0,0,1,0,0,0,0,0,1,0,0,0,0,5.0,1.0,0.1667,1.0,0,2,0.08941102,0,CA,ohae
27-189_who-1,Muna,who?,la|hae,1,6,3,0.5,1,other,0,0,0,0,0,GRAMMAR,1,2,0.718,0,0,0,0,1,0,0,0,0,0,1,0,0,0,0,1036.0,1.0,0.5,3.0,0,2,0.10349077,0,CA,la|hae
27-190_other-1,Muna,other,sigaahano,1,9,5,0.5556,1,s,0,0,0,0,0,GRAMMAR,1,2,0.718,0,0,0,0,0,0,1,0,0,0,1,0,0,0,0,2.0,1.0,0.8,4.0,0,4,0.13841683,0,CA,sigaahano
27-191_all-1,Muna,all,kosibhari-bharihae,1,18,8,0.4444,1,k,0,0,1,2,0,GRAMMAR,1,2,0.718,0,0,1,0,0,0,0,0,0,0,1,0,0,0,0,3.0,1.0,0.4286,3.0,0,7,0.2356599,0,CA,kosiβari-βarihae
27-192_and-1,Muna,and,bhe,0,3,1,0.3333,1,b,0,0,0,1,0,GRAMMAR,1,2,0.718,0,1,0,0,0,0,0,0,0,0,1,0,0,0,0,0.0,0.0,0.375,3.0,1,1,0.34463447,0,RO,βe
27-193_if-1,Muna,if,ane,1,3,2,0.6667,1,a,0,0,0,0,0,GRAMMAR,1,2,0.718,1,0,0,0,0,0,0,0,0,0,1,0,0,0,0,10.0,1.0,0.75,5.0,0,2,0.020929992,0,CA,ane
27-194_how-1,Muna,how?,pedahai,0,7,4,0.5714,1,p,0,0,0,0,0,GRAMMAR,1,2,0.718,0,0,0,0,0,1,0,0,0,0,1,0,0,0,0,0.0,0.0,0.5714,3.0,1,3,0.65707767,1,CS,pedahai
27-194_how-2,Muna,how?,pedahamai,0,9,5,0.5556,1,p,0,0,0,0,0,GRAMMAR,1,2,0.718,0,0,0,0,0,1,0,0,0,0,1,0,0,0,0,0.0,0.0,0.5714,3.0,1,4,0.66693854,1,CS,pedahamai
27-195_nonot-1,Muna,"no, not",miina,1,5,3,0.6,1,m,0,0,0,0,0,GRAMMAR,1,2,0.718,0,0,0,1,0,0,0,0,0,0,1,0,0,0,0,2.0,1.0,0.5714,3.0,0,2,0.13082623,0,CA,miina
27-196_tocount-1,Muna,to count,aefeapi,0,7,5,0.7143,1,a,0,0,0,0,0,ACTION,1,2,0.718,1,0,0,0,0,0,0,0,1,0,0,0,0,0,0,0.0,0.0,0.3333,2.0,1,3,0.56760573,1,CS,aefeapi
27-197_one-1,Muna,One,ise,1,3,2,0.6667,1,other,0,0,0,0,0,NUMBER,1,2,0.718,0,0,0,0,1,0,0,0,0,0,0,0,1,0,0,643.0,1.0,0.1429,1.0,0,2,0.036085367,0,CA,ise
27-198_two-1,Muna,Two,dua,1,3,2,0.6667,1,other,0,0,0,0,0,NUMBER,1,2,0.718,0,0,0,0,1,0,0,0,0,0,0,0,1,0,0,1434.0,1.0,0.0,0.0,0,1,0.036085367,0,CA,dua
27-198_two-2,Muna,Two,rua pulo,1,8,4,0.5,1,other,0,0,0,0,0,NUMBER,1,2,0.718,0,0,0,0,1,0,0,0,0,0,0,0,1,0,0,1434.0,1.0,0.0,0.0,0,3,0.07772535,0,CA,rua pulo
27-199_three-1,Muna,Three,tolu,1,4,2,0.5,1,t,0,0,0,0,0,NUMBER,1,2,0.718,0,0,0,0,0,0,0,1,0,0,0,0,1,0,0,1402.0,1.0,0.0,0.0,0,2,0.03664261,0,CA,tolu
27-200_four-1,Muna,Four,paa,1,3,2,0.6667,1,p,0,0,0,0,1,NUMBER,1,2,0.718,0,0,0,0,0,1,0,0,0,0,0,0,1,0,0,1308.0,1.0,0.1429,1.0,0,1,0.17261916,0,CA,paa
27-201_five-1,Muna,Five,dima,1,4,2,0.5,1,other,0,0,0,0,0,NUMBER,1,2,0.718,0,0,0,0,1,0,0,0,0,0,0,0,1,0,0,1232.0,1.0,0.0,0.0,0,2,0.031483293,0,CA,dima
27-203_seven-1,Muna,Seven,pitu,1,4,2,0.5,1,p,0,0,0,0,0,NUMBER,0,2,0.718,0,0,0,0,0,1,0,0,0,0,0,0,1,0,0,702.0,1.0,0.0,0.0,0,2,0.09862429,0,CA,pitu
27-204_eight-1,Muna,Eight,walu,1,4,2,0.5,1,other,0,0,0,0,0,NUMBER,0,2,0.718,0,0,0,0,1,0,0,0,0,0,0,0,1,0,0,573.0,1.0,0.5,3.0,0,2,0.06397766,0,CA,walu
27-205_nine-1,Muna,Nine,siwa,1,4,2,0.5,1,s,0,0,0,0,0,NUMBER,0,2,0.718,0,0,0,0,0,0,1,0,0,0,0,0,1,0,0,505.0,1.0,0.0,0.0,0,2,0.07139534,0,CA,siwa
27-210_onethousand-1,Muna,One Thousand,riwu,0,4,2,0.5,1,other,0,0,0,0,0,NUMBER,0,2,0.718,0,0,0,0,1,0,0,0,0,0,0,0,1,0,0,0.0,0.0,0.8333,5.0,1,2,0.06397766,0,RO,riwu
48-1_hand-1,Bugis,hand,lima,1,4,2,0.5,1,other,0,0,0,0,0,BODY,1,0,0.777,0,0,0,0,1,0,0,0,0,1,0,0,0,0,0,1102.0,2.0,0.0,0.0,0,2,0.10447407,0,CA,lima
48-2_left-1,Bugis,left,abeo,1,4,3,0.75,1,a,0,0,0,0,0,OTHER,0,0,0.777,1,0,0,0,0,0,0,0,0,0,0,0,0,1,0,2.0,1.0,0.0,0.0,0,2,0.031588614,0,CA,abeo
48-2_left-2,Bugis,left,abio,1,4,3,0.75,1,a,0,0,0,0,0,OTHER,0,0,0.777,1,0,0,0,0,0,0,0,0,0,0,0,0,1,0,2.0,1.0,0.0,0.0,0,2,0.031588614,0,CA,abio
48-3_right-1,Bugis,right,atau,1,4,3,0.75,1,a,0,0,0,0,0,OTHER,0,0,0.777,1,0,0,0,0,0,0,0,0,0,0,0,0,1,0,452.0,2.0,0.0,0.0,0,2,0.031588614,0,CA,atau
48-4_legfoot-1,Bugis,leg/foot,aje,1,3,2,0.6667,1,a,0,0,0,0,0,BODY,1,0,0.777,1,0,0,0,0,0,0,0,0,1,0,0,0,0,0,559.0,1.0,0.3333,2.0,0,2,0.021342695,0,CA,aje
48-5_towalk-1,Bugis,to walk,joppa,0,5,2,0.4,1,other,0,0,0,1,0,ACTION,1,0,0.777,0,0,0,0,1,0,0,0,1,0,0,0,0,0,0,0.0,0.0,0.2857,1.0,1,2,0.5520025,1,CS,joppa
48-5_towalk-2,Bugis,to walk,jokka,0,5,2,0.4,1,other,0,0,0,1,0,ACTION,1,0,0.777,0,0,0,0,1,0,0,0,1,0,0,0,0,0,0,0.0,0.0,0.2857,1.0,1,2,0.5520025,1,CS,jokka
48-6_roadpath-1,Bugis,road/path,laləŋ,1,5,2,0.4,0,other,0,1,0,0,0,NATURE,1,0,0.777,0,0,0,0,1,0,0,0,0,0,0,1,0,0,0,991.0,1.0,0.3333,2.0,0,2,0.08125144,0,CA,laləŋ
48-7_tocome-1,Bugis,to come,lao komai,1,9,5,0.5556,1,other,0,0,0,0,0,ACTION,1,0,0.777,0,0,0,0,1,0,0,0,1,0,0,0,0,0,0,1125.0,1.0,0.625,4.0,0,3,0.15373921,0,CA,lao komai
48-8_toturn-1,Bugis,to turn,ləsu,1,4,2,0.5,1,other,0,0,0,0,0,ACTION,1,0,0.777,0,0,0,0,1,0,0,0,1,0,0,0,0,0,0,36.0,1.0,0.5,3.0,0,2,0.2630062,0,CA,ləsu
48-9_toswim-1,Bugis,to swim,naŋe,1,4,2,0.5,1,other,0,1,0,0,1,ACTION,1,0,0.777,0,0,0,0,1,0,0,0,1,0,0,0,0,0,0,388.0,1.0,0.1667,1.0,0,2,0.21516079,0,CA,naŋe
48-10_dirty-1,Bugis,dirty,ma-rotaʔ,1,8,3,0.375,0,m,1,0,1,0,1,NATURE,0,0,0.777,0,0,0,1,0,0,0,0,0,0,0,1,0,0,0,13.0,1.0,0.1667,1.0,0,3,0.34613293,0,CA,ma-rotaʔ
48-11_dust-1,Bugis,dust,awu,1,3,2,0.6667,1,a,0,0,0,0,0,NATURE,0,0,0.777,1,0,0,0,0,0,0,0,0,0,0,1,0,0,0,377.0,1.0,0.1429,1.0,0,2,0.030922294,0,CA,awu
48-12_skin-1,Bugis,skin,oli,1,3,2,0.6667,1,other,0,0,0,0,0,BODY,1,0,0.777,0,0,0,0,1,0,0,0,0,1,0,0,0,0,0,720.0,1.0,0.1429,1.0,0,2,0.08241671,0,CA,oli
48-12_skin-2,Bugis,skin,uli,1,3,2,0.6667,1,other,0,0,0,0,0,BODY,1,0,0.777,0,0,0,0,1,0,0,0,0,1,0,0,0,0,0,720.0,1.0,0.1429,1.0,0,2,0.08241671,0,CA,uli
48-13_back-1,Bugis,back,aləkkəʔ,1,7,3,0.4286,0,a,1,0,0,1,0,BODY,1,0,0.777,1,0,0,0,0,0,0,0,0,1,0,0,0,0,0,129.0,1.0,0.375,3.0,0,3,0.18688887,0,CA,aləkkəʔ
48-13_back-2,Bugis,back,monri,0,5,2,0.4,1,m,0,0,0,1,1,BODY,1,0,0.777,0,0,0,1,0,0,0,0,0,1,0,0,0,0,0,0.0,0.0,0.375,3.0,1,2,0.36538947,0,RO,monri
48-14_belly-1,Bugis,belly,baua,0,4,3,0.75,1,b,0,0,0,0,0,BODY,1,0,0.777,0,1,0,0,0,0,0,0,0,1,0,0,0,0,0,0.0,0.0,0.1667,1.0,1,1,0.2251811,0,RO,baua
48-15_bone-1,Bugis,bone,buku,1,4,2,0.5,1,b,0,0,0,0,0,BODY,1,0,0.777,0,1,0,0,0,0,0,0,0,1,0,0,0,0,0,78.0,1.0,0.0,0.0,0,2,0.080729306,0,CA,buku
48-16_intestines-1,Bugis,intestines,paruu,1,5,3,0.6,1,p,0,0,0,0,1,BODY,1,0,0.777,0,0,0,0,0,1,0,0,0,1,0,0,0,0,0,22.0,1.0,0.5714,4.0,0,2,0.117195785,0,CA,paruu
48-16_intestines-2,Bugis,intestines,pəruu,1,5,3,0.6,1,p,0,0,0,0,0,BODY,1,0,0.777,0,0,0,0,0,1,0,0,0,1,0,0,0,0,0,22.0,1.0,0.5714,4.0,0,2,0.13799363,0,CA,pəruu
48-17_liver-1,Bugis,liver,ate,1,3,2,0.6667,1,a,0,0,0,0,0,BODY,1,0,0.777,1,0,0,0,0,0,0,0,0,1,0,0,0,0,0,828.0,1.0,0.0,0.0,0,2,0.021342695,0,CA,ate
48-18_breast-1,Bugis,breast,susu,1,4,2,0.5,1,s,0,0,1,0,0,BODY,1,0,0.777,0,0,0,0,0,0,1,0,0,1,0,0,0,0,0,1122.0,1.0,0.0,0.0,0,2,0.09020966,0,CA,susu
48-19_shoulder-1,Bugis,shoulder,salaŋkaŋ,1,8,3,0.375,0,s,0,1,0,1,0,BODY,1,0,0.777,0,0,0,0,0,0,1,0,0,1,0,0,0,0,0,356.0,1.0,0.1429,1.0,0,3,0.37575006,0,CA,salaŋkaŋ
48-20_toknowbeknowledgeable-1,Bugis,"to know, be knowledgeable",issəŋ,1,5,2,0.4,0,other,0,1,0,1,0,ACTION,0,0,0.777,0,0,0,0,1,0,0,0,1,0,0,0,0,0,0,3.0,1.0,0.1667,1.0,0,2,0.28907955,0,CA,issəŋ
48-21_tothink-1,Bugis,to think,man-nawa nawa,1,13,5,0.3846,1,m,0,0,1,0,1,ACTION,0,0,0.777,0,0,0,1,0,0,0,0,1,0,0,0,0,0,0,2.0,1.0,0.5,3.0,0,5,0.24092811,0,CA,man-nawa nawa
48-22_tofear-1,Bugis,to fear,metauu,1,6,4,0.6667,1,m,0,0,0,0,1,ACTION,0,0,0.777,0,0,0,1,0,0,0,0,1,0,0,0,0,0,0,738.0,1.0,0.3333,2.0,0,2,0.219342,0,CA,metauu
48-23_blood-1,Bugis,blood,dara,1,4,2,0.5,1,other,0,0,0,0,0,BODY,1,0,0.777,0,0,0,0,1,0,0,0,0,1,0,0,0,0,0,929.0,1.0,0.1667,1.0,0,2,0.10447407,0,CA,dara
48-24_head-1,Bugis,head,ulu,1,3,2,0.6667,1,other,0,0,0,0,0,BODY,1,0,0.777,0,0,0,0,1,0,0,0,0,1,0,0,0,0,0,746.0,1.0,0.1667,1.0,0,2,0.08241671,0,CA,ulu
48-25_neck-1,Bugis,neck,əlloŋ,1,5,2,0.4,0,other,0,1,0,1,0,BODY,1,0,0.777,0,0,0,0,1,0,0,0,0,1,0,0,0,0,0,30.0,1.0,0.1667,1.0,0,2,0.23038161,0,CA,əlloŋ
48-26_hair-1,Bugis,hair,gəmməʔ,0,6,2,0.3333,0,other,1,0,0,1,0,BODY,1,0,0.777,0,0,0,0,1,0,0,0,0,1,0,0,0,0,0,0.0,0.0,0.1667,1.0,1,2,0.5352906,1,CS,gəmməʔ
48-27_nose-1,Bugis,nose,iŋəʔ,1,4,2,0.5,0,other,1,1,0,0,0,BODY,1,0,0.777,0,0,0,0,1,0,0,0,0,1,0,0,0,0,0,2.0,1.0,0.1667,1.0,0,2,0.12281132,0,CA,iŋəʔ
48-28_tobreathe-1,Bugis,to breathe,mañ-ñawa,1,8,3,0.375,1,m,0,0,1,0,1,ACTION,0,0,0.777,0,0,0,1,0,0,0,0,1,0,0,0,0,0,0,188.0,1.0,0.5714,3.0,0,3,0.1616646,0,CA,mañ-ñawa
48-29_tosniffsmell-1,Bugis,"to sniff, smell",maŋ-əmmau,1,9,4,0.4444,1,m,0,1,1,1,1,ACTION,0,0,0.777,0,0,0,1,0,0,0,0,1,0,0,0,0,0,0,15.0,1.0,0.3333,2.0,0,3,0.4869207,0,CA,maŋ-əmmau
48-30_mouth-1,Bugis,mouth,bawa,1,4,2,0.5,1,b,0,0,0,0,0,BODY,1,0,0.777,0,1,0,0,0,0,0,0,0,1,0,0,0,0,0,275.0,1.0,0.3333,2.0,0,2,0.080729306,0,CA,bawa
48-31_tooth-1,Bugis,tooth,isi,1,3,2,0.6667,1,other,0,0,0,0,0,BODY,1,0,0.777,0,0,0,0,1,0,0,0,0,1,0,0,0,0,0,118.0,2.0,0.0,0.0,0,2,0.08241671,0,CA,isi
48-32_tongue-1,Bugis,tongue,lila,1,4,2,0.5,1,other,0,0,0,0,0,BODY,1,0,0.777,0,0,0,0,1,0,0,0,0,1,0,0,0,0,0,393.0,1.0,0.0,0.0,0,2,0.10447407,0,CA,lila
48-33_tolaugh-1,Bugis,to laugh,macawa,1,6,3,0.5,1,m,0,0,0,0,1,ACTION,1,0,0.777,0,0,0,1,0,0,0,0,1,0,0,0,0,0,0,118.0,1.0,0.3333,2.0,0,3,0.27761525,0,CA,macawa
48-34_tocry-1,Bugis,to cry,tarii,1,5,3,0.6,1,t,0,0,0,0,1,ACTION,1,0,0.777,0,0,0,0,0,0,0,1,1,0,0,0,0,0,0,1046.0,1.0,0.375,2.0,0,2,0.25452453,0,CA,tarii
48-34_tocry-2,Bugis,to cry,tərii,1,5,3,0.6,1,t,0,0,0,0,0,ACTION,1,0,0.777,0,0,0,0,0,0,0,1,1,0,0,0,0,0,0,1046.0,1.0,0.375,2.0,0,2,0.26399118,0,CA,tərii
48-35_tovomit-1,Bugis,to vomit,tal-lua,1,7,3,0.4286,1,t,0,0,1,0,1,ACTION,1,0,0.777,0,0,0,0,0,0,0,1,1,0,0,0,0,0,0,592.0,1.0,0.4286,2.0,0,2,0.23874342,0,CA,tal-lua
48-36_tospit-1,Bugis,to spit,mam-meccu,1,9,3,0.3333,1,m,0,0,1,1,1,ACTION,0,0,0.777,0,0,0,1,0,0,0,0,1,0,0,0,0,0,0,2.0,1.0,0.4286,3.0,0,3,0.29062903,0,CA,mam-meccu
48-36_tospit-2,Bugis,to spit,mam-miccu,1,9,3,0.3333,1,m,0,0,1,1,1,ACTION,0,0,0.777,0,0,0,1,0,0,0,0,1,0,0,0,0,0,0,2.0,1.0,0.4286,3.0,0,3,0.29062903,0,CA,mam-miccu
48-37_toeat-1,Bugis,to eat,manre,0,5,2,0.4,1,m,0,0,0,1,1,ACTION,1,0,0.777,0,0,0,1,0,0,0,0,1,0,0,0,0,0,0,0.0,0.0,0.1667,1.0,1,2,0.59005487,1,CS,manre
48-38_tochew-1,Bugis,to chew,ota,1,3,2,0.6667,1,other,0,0,0,0,0,ACTION,0,0,0.777,0,0,0,0,1,0,0,0,1,0,0,0,0,0,0,3.0,1.0,0.5,3.0,0,2,0.0775851,0,CA,ota
48-39_tocook-1,Bugis,to cook,man-nasu,1,8,3,0.375,1,m,0,0,1,0,1,ACTION,0,0,0.777,0,0,0,1,0,0,0,0,1,0,0,0,0,0,0,65.0,1.0,0.3333,2.0,0,3,0.1616646,0,CA,man-nasu
48-40_todrink-1,Bugis,to drink,menuŋ,1,5,2,0.4,0,m,0,1,0,0,1,ACTION,1,0,0.777,0,0,0,1,0,0,0,0,1,0,0,0,0,0,0,1156.0,1.0,0.2857,2.0,0,2,0.19223875,0,CA,menuŋ
48-40_todrink-2,Bugis,to drink,minuŋ,1,5,2,0.4,0,m,0,1,0,0,0,ACTION,1,0,0.777,0,0,0,1,0,0,0,0,1,0,0,0,0,0,0,1156.0,1.0,0.2857,2.0,0,2,0.23567683,0,CA,minuŋ
48-41_tobite-1,Bugis,to bite,mak-kokko,1,9,3,0.3333,1,m,0,0,1,1,1,ACTION,1,0,0.777,0,0,0,1,0,0,0,0,1,0,0,0,0,0,0,656.0,2.0,0.625,3.0,0,3,0.29602456,0,CA,mak-kokko
48-42_tosuck-1,Bugis,to suck,maŋ-iso,1,7,3,0.4286,1,m,0,1,1,0,1,OTHER,0,0,0.777,0,0,0,1,0,0,0,0,0,0,0,0,0,1,0,333.0,1.0,0.0,0.0,0,3,0.017753065,0,CA,maŋ-iso
48-43_ear-1,Bugis,ear,doccili,0,7,3,0.4286,1,other,0,0,0,1,0,BODY,0,0,0.777,0,0,0,0,1,0,0,0,0,1,0,0,0,0,0,0.0,0.0,0.1667,1.0,1,3,0.31357032,0,RO,doccili
48-44_tohear-1,Bugis,to hear,mar-eŋkaliŋa,1,12,5,0.4167,1,m,0,1,1,1,1,ACTION,1,0,0.777,0,0,0,1,0,0,0,0,1,0,0,0,0,0,0,988.0,2.0,0.1667,1.0,0,5,0.37484157,0,CA,mar-eŋkaliŋa
48-45_eye-1,Bugis,eye,mata,1,4,2,0.5,1,m,0,0,0,0,1,BODY,0,0,0.777,0,0,0,1,0,0,0,0,0,1,0,0,0,0,0,1471.0,1.0,0.0,0.0,0,2,0.04694563,0,CA,mata
48-46_tosee-1,Bugis,to see,mak-kita,1,8,3,0.375,1,m,0,0,1,0,1,ACTION,1,0,0.777,0,0,0,1,0,0,0,0,1,0,0,0,0,0,0,370.0,1.0,0.875,5.0,0,3,0.16522354,0,CA,mak-kita
48-47_toyawn-1,Bugis,to yawn,maŋ-aleale,0,10,5,0.5,1,m,0,1,1,0,1,ACTION,0,0,0.777,0,0,0,1,0,0,0,0,1,0,0,0,0,0,0,0.0,0.0,1.0,4.0,1,4,0.48246127,0,RO,maŋ-aleale
48-48_tosleep-1,Bugis,to sleep,ma-tinro,1,8,3,0.375,1,m,0,0,1,1,1,ACTION,1,0,0.777,0,0,0,1,0,0,0,0,1,0,0,0,0,0,0,5.0,1.0,0.5,3.0,0,3,0.33889353,0,CA,ma-tinro
48-49_toliedown-1,Bugis,to lie down,lewuu,0,5,3,0.6,1,other,0,0,0,0,0,ACTION,1,0,0.777,0,0,0,0,1,0,0,0,1,0,0,0,0,0,0,0.0,0.0,0.5714,3.0,1,2,0.43310022,0,RO,lewuu
48-49_toliedown-2,Bugis,to lie down,liwuu,0,5,3,0.6,1,other,0,0,0,0,0,ACTION,1,0,0.777,0,0,0,0,1,0,0,0,1,0,0,0,0,0,0,0.0,0.0,0.5714,3.0,1,2,0.43310022,0,RO,liwuu
48-50_todream-1,Bugis,to dream,nipi,1,4,2,0.5,1,other,0,0,0,0,0,ACTION,0,0,0.777,0,0,0,0,1,0,0,0,1,0,0,0,0,0,0,356.0,1.0,0.3333,2.0,0,2,0.09015483,0,CA,nipi
48-51_tosit-1,Bugis,to sit,tudaŋ,1,5,2,0.4,0,t,0,1,0,0,0,ACTION,1,0,0.777,0,0,0,0,0,0,0,1,1,0,0,0,0,0,0,69.0,1.0,0.5714,4.0,0,2,0.18746555,0,CA,tudaŋ
48-52_tostand-1,Bugis,to stand,təttoŋ,0,6,2,0.3333,0,t,0,1,0,1,0,ACTION,1,0,0.777,0,0,0,0,0,0,0,1,1,0,0,0,0,0,0,0.0,0.0,0.8333,5.0,1,2,0.59736997,1,CS,təttoŋ
48-53_personhumanbeing-1,Bugis,person/human being,tau,1,3,2,0.6667,1,t,0,0,0,0,1,OTHER,1,0,0.777,0,0,0,0,0,0,0,1,0,0,0,0,0,1,0,618.0,1.0,0.1667,1.0,0,1,0.0188604,0,CA,tau
48-54_manmale-1,Bugis,man/male,orane,1,5,3,0.6,1,other,0,0,0,0,0,OTHER,1,0,0.777,0,0,0,0,1,0,0,0,0,0,0,0,0,1,0,703.0,1.0,0.1429,1.0,0,3,0.14956278,0,CA,orane
48-54_manmale-2,Bugis,man/male,burane,1,6,3,0.5,1,b,0,0,0,0,0,OTHER,1,0,0.777,0,1,0,0,0,0,0,0,0,0,0,0,0,1,0,703.0,1.0,0.1429,1.0,0,3,0.08633506,0,CA,burane
48-55_womanfemale-1,Bugis,woman/female,makunrai,0,8,4,0.5,1,m,0,0,0,1,1,OTHER,1,0,0.777,0,0,0,1,0,0,0,0,0,0,0,0,0,1,0,0.0,0.0,0.1667,1.0,1,3,0.5305377,1,CS,makunrai
48-56_child-1,Bugis,child,anaʔ,1,4,2,0.5,0,a,1,0,0,0,0,OTHER,1,0,0.777,1,0,0,0,0,0,0,0,0,0,0,0,0,1,0,450.0,1.0,0.1667,1.0,0,2,0.036145568,0,CA,anaʔ
48-57_husband-1,Bugis,husband,lakkai,1,6,3,0.5,1,other,0,0,0,1,0,OTHER,1,0,0.777,0,0,0,0,1,0,0,0,0,0,0,0,0,1,0,47.0,1.0,0.3333,2.0,0,2,0.1967814,0,CA,lakkai
48-58_wife-1,Bugis,wife,baine,1,5,3,0.6,1,b,0,0,0,0,0,OTHER,1,0,0.777,0,1,0,0,0,0,0,0,0,0,0,0,0,1,0,223.0,1.0,0.5714,3.0,0,2,0.07533175,0,CA,baine
48-59_mother-1,Bugis,mother,indoʔ,1,5,2,0.4,0,other,1,1,0,1,0,OTHER,1,0,0.777,0,0,0,0,1,0,0,0,0,0,0,0,0,1,0,27.0,1.0,0.0,0.0,0,2,0.20815986,0,CA,indoʔ
48-60_father-1,Bugis,father,amboʔ,1,5,2,0.4,0,a,1,1,0,1,0,OTHER,1,0,0.777,1,0,0,0,0,0,0,0,0,0,0,0,0,1,0,17.0,1.0,0.1667,1.0,0,2,0.09065819,0,CA,amboʔ
48-61_house-1,Bugis,house,bola,1,4,2,0.5,1,b,0,0,0,0,0,OTHER,1,0,0.777,0,1,0,0,0,0,0,0,0,0,0,0,0,1,0,581.0,1.0,0.1667,1.0,0,2,0.039917767,0,CA,bola
48-62_thatchroof-1,Bugis,thatch/roof,pabbiŋəŋ,0,8,3,0.375,0,p,0,1,0,1,1,OTHER,0,0,0.777,0,0,0,0,0,1,0,0,0,0,0,0,0,1,0,0.0,0.0,0.5,3.0,1,3,0.87454623,1,CS,pabbiŋəŋ
48-63_name-1,Bugis,name,asəŋ,1,4,2,0.5,0,a,0,1,0,0,0,OTHER,1,0,0.777,1,0,0,0,0,0,0,0,0,0,0,0,0,1,0,1151.0,2.0,0.3333,2.0,0,2,0.08401811,0,CA,asəŋ
48-64_tosay-1,Bugis,to say,mak-kədaa,0,9,4,0.4444,1,m,0,0,1,0,1,ACTION,1,0,0.777,0,0,0,1,0,0,0,0,1,0,0,0,0,0,0,0.0,0.0,0.6667,5.0,1,3,0.33471024,0,RO,mak-kədaa
48-64_tosay-2,Bugis,to say,pau,0,3,2,0.6667,1,p,0,0,0,0,1,ACTION,1,0,0.777,0,0,0,0,0,1,0,0,1,0,0,0,0,0,0,0.0,0.0,0.6667,5.0,1,1,0.7000883,1,CS,pau
48-65_rope-1,Bugis,rope,tulu,0,4,2,0.5,1,t,0,0,0,0,0,OTHER,1,0,0.777,0,0,0,0,0,0,0,1,0,0,0,0,0,1,0,0.0,0.0,0.7143,5.0,1,2,0.08864272,0,RO,tulu
48-66_totieupfasten-1,Bugis,"to tie up, fasten",mas-sio,0,7,3,0.4286,1,m,0,0,1,0,1,ACTION,0,0,0.777,0,0,0,1,0,0,0,0,1,0,0,0,0,0,0,0.0,0.0,0.8333,5.0,1,2,0.18889594,0,RO,mas-sio
48-67_tosew-1,Bugis,to sew,maʔ-jai,1,7,3,0.4286,1,m,1,0,1,0,1,ACTION,1,0,0.777,0,0,0,1,0,0,0,0,1,0,0,0,0,0,0,218.0,1.0,0.5,3.0,0,2,0.32155758,0,CA,maʔ-jai
48-68_needle-1,Bugis,needle,jaruŋ,1,5,2,0.4,0,other,0,1,0,0,0,OTHER,1,0,0.777,0,0,0,0,1,0,0,0,0,0,0,0,0,1,0,317.0,1.0,0.1667,1.0,0,2,0.091867685,0,CA,jaruŋ
48-69_tohunt-1,Bugis,to hunt,rəŋŋəŋ,0,6,2,0.3333,0,other,0,1,0,1,0,ACTION,1,0,0.777,0,0,0,0,1,0,0,0,1,0,0,0,0,0,0,0.0,0.0,1.0,4.0,1,2,0.5915811,1,CS,rəŋŋəŋ
48-70_toshoot-1,Bugis,to shoot,maʔ-balliliʔ,1,12,4,0.3333,0,m,1,0,1,1,1,OTHER,0,0,0.777,0,0,0,1,0,0,0,0,0,0,0,0,0,1,0,2.0,1.0,0.0,0.0,0,4,0.11410558,0,CA,maʔ-balliliʔ
48-71_tostabpierce-1,Bugis,"to stab, pierce",maʔ-gajaŋ,0,9,3,0.3333,0,m,1,1,1,0,1,ACTION,0,0,0.777,0,0,0,1,0,0,0,0,1,0,0,0,0,0,0,0.0,0.0,0.375,2.0,1,3,0.6056596,1,CS,maʔ-gajaŋ
48-71_tostabpierce-2,Bugis,"to stab, pierce",soppaʔ,0,6,2,0.3333,0,s,1,0,0,1,0,ACTION,0,0,0.777,0,0,0,0,0,0,1,0,1,0,0,0,0,0,0,0.0,0.0,0.375,2.0,1,2,0.7861295,1,CS,soppaʔ
48-72_tohit-1,Bugis,to hit,tətteʔ,0,6,2,0.3333,0,t,1,0,0,1,0,ACTION,1,0,0.777,0,0,0,0,0,0,0,1,1,0,0,0,0,0,0,0.0,0.0,1.0,6.0,1,2,0.63468623,1,CS,tətteʔ
48-73_tosteal-1,Bugis,to steal,mennau,0,6,3,0.5,1,m,0,0,0,1,1,ACTION,1,0,0.777,0,0,0,1,0,0,0,0,1,0,0,0,0,0,0,0.0,0.0,0.6667,4.0,1,2,0.65176475,1,CS,mennau
48-74_tokill-1,Bugis,to kill,maʔ-buno,1,8,3,0.375,1,m,1,0,1,0,1,ACTION,1,0,0.777,0,0,0,1,0,0,0,0,1,0,0,0,0,0,0,338.0,1.0,0.0,0.0,0,3,0.26925445,0,CA,maʔ-buno
48-75_todiebedead-1,Bugis,"to die, be dead",mate,1,4,2,0.5,1,m,0,0,0,0,1,ACTION,1,0,0.777,0,0,0,1,0,0,0,0,1,0,0,0,0,0,0,1291.0,1.0,0.0,0.0,0,2,0.16384435,0,CA,mate
48-76_tolivebealive-1,Bugis,"to live, be alive",tuo,1,3,2,0.6667,1,t,0,0,0,0,0,ACTION,1,0,0.777,0,0,0,0,0,0,0,1,1,0,0,0,0,0,0,3.0,1.0,0.3333,2.0,0,1,0.12703991,0,CA,tuo
48-77_toscratch-1,Bugis,to scratch,mak-kakkaŋ,1,10,3,0.3,0,m,0,1,1,1,1,ACTION,0,0,0.777,0,0,0,1,0,0,0,0,1,0,0,0,0,0,0,6.0,1.0,0.125,1.0,0,3,0.3319521,0,CA,mak-kakkaŋ
48-78_tocuthack-1,Bugis,"to cut, hack",təttaʔ,1,6,2,0.3333,0,t,1,0,0,1,0,ACTION,1,0,0.777,0,0,0,0,0,0,0,1,1,0,0,0,0,0,0,96.0,1.0,0.625,3.0,0,2,0.63468623,1,MO,təttaʔ
48-79_stickwood-1,Bugis,stick/wood,aju,1,3,2,0.6667,1,a,0,0,0,0,0,OTHER,1,0,0.777,1,0,0,0,0,0,0,0,0,0,0,0,0,1,0,1202.0,1.0,0.1667,1.0,0,2,0.006467223,0,CA,aju
48-80_tosplit-1,Bugis,to split,pueʔ,0,4,2,0.5,0,p,1,0,0,0,0,ACTION,1,0,0.777,0,0,0,0,0,1,0,0,1,0,0,0,0,0,0,0.0,0.0,0.5,3.0,1,1,0.64251214,1,CS,pueʔ
48-80_tosplit-2,Bugis,to split,pue,0,3,2,0.6667,1,p,0,0,0,0,0,ACTION,1,0,0.777,0,0,0,0,0,1,0,0,1,0,0,0,0,0,0,0.0,0.0,0.5,3.0,1,1,0.7792673,1,CS,pue
48-81_sharp-1,Bugis,sharp,ma-tarəŋ,1,8,3,0.375,0,m,0,1,1,0,1,QUALITY,1,0,0.777,0,0,0,1,0,0,0,0,0,0,0,0,0,0,1,244.0,1.0,0.1667,1.0,0,3,0.22615117,0,CA,ma-tarəŋ
48-82_dullblunt-1,Bugis,"dull, blunt",ma-kunru,0,8,3,0.375,1,m,0,0,1,1,1,QUALITY,1,0,0.777,0,0,0,1,0,0,0,0,0,0,0,0,0,0,1,0.0,0.0,0.8,4.0,1,3,0.40946108,0,RO,ma-kunru
48-83_towork-1,Bugis,to work,maʔ-jama,1,8,3,0.375,1,m,1,0,1,0,1,ACTION,1,0,0.777,0,0,0,1,0,0,0,0,1,0,0,0,0,0,0,5.0,1.0,0.1667,1.0,0,3,0.26925445,0,CA,maʔ-jama
48-84_toplant-1,Bugis,to plant,tanəŋ,1,5,2,0.4,0,t,0,1,0,0,1,ACTION,1,0,0.777,0,0,0,0,0,0,0,1,1,0,0,0,0,0,0,234.0,1.0,0.2857,2.0,0,2,0.15115613,0,CA,tanəŋ
48-85_tochoose-1,Bugis,to choose,mile,1,4,2,0.5,1,m,0,0,0,0,0,ACTION,1,0,0.777,0,0,0,1,0,0,0,0,1,0,0,0,0,0,0,444.0,1.0,0.1667,1.0,0,2,0.19875473,0,CA,mile
48-86_togrow-1,Bugis,to grow,tuo,1,3,2,0.6667,1,t,0,0,0,0,0,ACTION,1,0,0.777,0,0,0,0,0,0,0,1,1,0,0,0,0,0,0,271.0,1.0,0.3333,2.0,0,1,0.12703991,0,CA,tuo
48-87_toswell-1,Bugis,to swell,bəkkaʔ,1,6,2,0.3333,0,b,1,0,0,1,0,ACTION,1,0,0.777,0,1,0,0,0,0,0,0,1,0,0,0,0,0,0,31.0,1.0,0.375,2.0,0,2,0.28959185,0,CA,bəkkaʔ
48-88_tosqueeze-1,Bugis,to squeeze,tassipi,0,7,3,0.4286,1,t,0,0,0,1,1,ACTION,1,0,0.777,0,0,0,0,0,0,0,1,1,0,0,0,0,0,0,0.0,0.0,0.3333,2.0,1,3,0.45114017,0,RO,tassipi
48-89_tohold-1,Bugis,to hold,mak-katənni,0,11,4,0.3636,1,m,0,0,1,1,1,ACTION,1,0,0.777,0,0,0,1,0,0,0,0,1,0,0,0,0,0,0,0.0,0.0,0.75,5.0,1,4,0.7236757,1,CS,mak-katənni
48-89_tohold-2,Bugis,to hold,warəkkəŋ,0,8,3,0.375,0,other,0,1,0,1,0,ACTION,1,0,0.777,0,0,0,0,1,0,0,0,1,0,0,0,0,0,0,0.0,0.0,0.75,5.0,1,3,0.581144,1,CS,warəkkəŋ
48-89_tohold-3,Bugis,to hold,gəŋkəŋ,1,6,2,0.3333,0,other,0,1,0,1,0,ACTION,1,0,0.777,0,0,0,0,1,0,0,0,1,0,0,0,0,0,0,76.0,1.0,0.75,5.0,0,2,0.5915811,1,MO,gəŋkəŋ
48-90_todig-1,Bugis,to dig,mak-kae,1,7,3,0.4286,1,m,0,0,1,0,1,ACTION,1,0,0.777,0,0,0,1,0,0,0,0,1,0,0,0,0,0,0,799.0,1.0,0.3333,2.0,0,2,0.22047651,0,CA,mak-kae
48-91_tobuy-1,Bugis,to buy,əlli,1,4,2,0.5,1,other,0,0,0,1,0,ACTION,1,0,0.777,0,0,0,0,1,0,0,0,1,0,0,0,0,0,0,394.0,1.0,0.1667,1.0,0,2,0.36531955,0,CA,əlli
48-92_toopenuncover-1,Bugis,"to open, uncover",timpaʔ,0,6,2,0.3333,0,t,1,1,0,1,0,ACTION,1,0,0.777,0,0,0,0,0,0,0,1,1,0,0,0,0,0,0,0.0,0.0,0.4286,3.0,1,2,0.6755201,1,CS,timpaʔ
48-92_toopenuncover-2,Bugis,"to open, uncover",buka,1,4,2,0.5,1,b,0,0,0,0,0,ACTION,1,0,0.777,0,1,0,0,0,0,0,0,1,0,0,0,0,0,0,239.0,1.0,0.4286,3.0,0,2,0.1855492,0,CA,buka
48-93_topoundbeat-1,Bugis,"to pound, beat",man-nampuʔ,1,10,3,0.3,0,m,1,1,1,1,1,ACTION,1,0,0.777,0,0,0,1,0,0,0,0,1,0,0,0,0,0,0,5.0,1.0,0.375,2.0,0,3,0.5699661,1,MO,man-nampuʔ
48-93_topoundbeat-2,Bugis,"to pound, beat",təttuʔ,1,6,2,0.3333,0,t,1,0,0,1,0,ACTION,1,0,0.777,0,0,0,0,0,0,0,1,1,0,0,0,0,0,0,143.0,1.0,0.375,2.0,0,2,0.63468623,1,MO,təttuʔ
48-94_tothrow-1,Bugis,to throw,maʔ-dempəʔ,0,10,3,0.3,0,m,1,1,1,1,1,ACTION,1,0,0.777,0,0,0,1,0,0,0,0,1,0,0,0,0,0,0,0.0,0.0,0.7143,5.0,1,3,0.5699661,1,CS,maʔ-dempəʔ
48-95_tofall-1,Bugis,to fall,mabuəŋ,0,6,3,0.5,0,m,0,1,0,0,1,ACTION,1,0,0.777,0,0,0,1,0,0,0,0,1,0,0,0,0,0,0,0.0,0.0,0.8,4.0,1,2,0.33067828,0,RO,mabuəŋ
48-96_dog-1,Bugis,dog,asu,1,3,2,0.6667,1,a,0,0,0,0,0,OTHER,1,0,0.777,1,0,0,0,0,0,0,0,0,0,0,0,0,1,0,341.0,1.0,0.3333,2.0,0,2,0.006467223,0,CA,asu
48-97_bird-1,Bugis,bird,manuʔ manuʔ,1,11,4,0.3636,0,m,1,0,0,0,1,OTHER,1,0,0.777,0,0,0,1,0,0,0,0,0,0,0,0,0,1,0,971.0,1.0,0.1667,1.0,0,4,0.22952574,0,CA,manuʔ manuʔ
48-98_egg-1,Bugis,egg,təllo,1,5,2,0.4,1,t,0,0,0,1,0,BODY,1,0,0.777,0,0,0,0,0,0,0,1,0,1,0,0,0,0,0,776.0,1.0,0.3333,2.0,0,2,0.23476952,0,CA,təllo
48-99_feather-1,Bugis,feather,bulu,1,4,2,0.5,1,b,0,0,0,0,0,BODY,1,0,0.777,0,1,0,0,0,0,0,0,0,1,0,0,0,0,0,647.0,1.0,0.1667,1.0,0,2,0.080729306,0,CA,bulu
48-100_wing-1,Bugis,wing,panni,1,5,2,0.4,1,p,0,0,0,1,1,BODY,0,0,0.777,0,0,0,0,0,1,0,0,0,1,0,0,0,0,0,233.0,1.0,0.3333,2.0,0,2,0.0870834,0,CA,panni
48-101_tofly-1,Bugis,to fly,luttu,0,5,2,0.4,1,other,0,0,0,1,0,ACTION,1,0,0.777,0,0,0,0,1,0,0,0,1,0,0,0,0,0,0,0.0,0.0,0.5,3.0,1,2,0.5520025,1,CS,luttu
48-102_rat-1,Bugis,rat,balawo,1,6,3,0.5,1,b,0,0,0,0,0,OTHER,1,0,0.777,0,1,0,0,0,0,0,0,0,0,0,0,0,1,0,363.0,1.0,0.1429,1.0,0,3,0.08633506,0,CA,balawo
48-103_meatflesh-1,Bugis,meat/flesh,juku,0,4,2,0.5,1,other,0,0,0,0,0,BODY,1,0,0.777,0,0,0,0,1,0,0,0,0,1,0,0,0,0,0,0.0,0.0,0.3333,2.0,1,2,0.10447407,0,RO,juku
48-104_fatgrease-1,Bugis,fat/grease,lunraʔ,0,6,2,0.3333,0,other,1,0,0,1,0,BODY,1,0,0.777,0,0,0,0,1,0,0,0,0,1,0,0,0,0,0,0.0,0.0,0.1667,1.0,1,2,0.5352906,1,CS,lunraʔ
48-105_tail-1,Bugis,tail,ikkoʔ,1,5,2,0.4,0,other,1,0,0,1,0,BODY,1,0,0.777,0,0,0,0,1,0,0,0,0,1,0,0,0,0,0,454.0,1.0,0.3333,2.0,0,2,0.24960339,0,CA,ikkoʔ
48-106_snake-1,Bugis,snake,ula,1,3,2,0.6667,1,other,0,0,0,0,0,OTHER,1,0,0.777,0,0,0,0,1,0,0,0,0,0,0,0,0,1,0,229.0,1.0,0.0,0.0,0,2,0.023256958,0,CA,ula
48-107_wormearthworm-1,Bugis,worm (earthworm),lati,1,4,2,0.5,1,other,0,0,0,0,0,OTHER,1,0,0.777,0,0,0,0,1,0,0,0,0,0,0,0,0,1,0,131.0,1.0,0.6,3.0,0,2,0.069049895,0,CA,lati
48-108_louse-1,Bugis,louse,utu,1,3,2,0.6667,1,other,0,0,0,0,0,OTHER,1,0,0.777,0,0,0,0,1,0,0,0,0,0,0,0,0,1,0,1230.0,1.0,0.0,0.0,0,2,0.023256958,0,CA,utu
48-109_mosquito-1,Bugis,mosquito,namoʔ,1,5,2,0.4,0,other,1,0,0,0,1,OTHER,1,0,0.777,0,0,0,0,1,0,0,0,0,0,0,0,0,1,0,955.0,1.0,0.2857,2.0,0,2,0.107767105,0,CA,namoʔ
48-110_spider-1,Bugis,spider,garaŋkaŋ,1,8,3,0.375,0,other,0,1,0,1,0,OTHER,0,0,0.777,0,0,0,0,1,0,0,0,0,0,0,0,0,1,0,3.0,1.0,0.0,0.0,0,3,0.06650138,0,CA,garaŋkaŋ
48-110_spider-2,Bugis,spider,lawa-lawa,1,9,4,0.4444,1,other,0,0,1,0,0,OTHER,0,0,0.777,0,0,0,0,1,0,0,0,0,0,0,0,0,1,0,375.0,1.0,0.0,0.0,0,4,0.039798677,0,CA,lawa-lawa
48-111_fish-1,Bugis,fish,bale,1,4,2,0.5,1,b,0,0,0,0,0,OTHER,1,0,0.777,0,1,0,0,0,0,0,0,0,0,0,0,0,1,0,3.0,1.0,0.1429,1.0,0,2,0.039917767,0,CA,bale
48-112_rotten-1,Bugis,rotten,ma-kəbboŋ,0,9,3,0.3333,0,m,0,1,1,1,1,QUALITY,0,0,0.777,0,0,0,1,0,0,0,0,0,0,0,0,0,0,1,0.0,0.0,0.5,3.0,1,3,0.5092389,1,CS,ma-kəbboŋ
48-113_branch-1,Bugis,branch,takke,1,5,2,0.4,1,t,0,0,0,1,1,OTHER,0,0,0.777,0,0,0,0,0,0,0,1,0,0,0,0,0,1,0,4.0,1.0,0.0,0.0,0,2,0.022113025,0,CA,takke
48-114_leaf-1,Bugis,leaf,dauŋ,1,4,2,0.5,0,other,0,1,0,0,0,NATURE,1,0,0.777,0,0,0,0,1,0,0,0,0,0,0,1,0,0,0,762.0,1.0,0.5,3.0,0,1,0.0805915,0,CA,dauŋ
48-115_root-1,Bugis,root,urəʔ,1,4,2,0.5,0,other,1,0,0,0,0,NATURE,1,0,0.777,0,0,0,0,1,0,0,0,0,0,0,1,0,0,0,37.0,1.0,0.3333,2.0,0,2,0.09718931,0,CA,urəʔ
48-116_flower-1,Bugis,flower,buŋa,1,4,2,0.5,1,b,0,1,0,0,0,NATURE,1,0,0.777,0,1,0,0,0,0,0,0,0,0,0,1,0,0,0,322.0,1.0,0.1429,1.0,0,2,0.06286627,0,CA,buŋa
48-117_fruit-1,Bugis,fruit,bua,1,3,2,0.6667,1,b,0,0,0,0,0,NATURE,1,0,0.777,0,1,0,0,0,0,0,0,0,0,0,1,0,0,0,832.0,1.0,0.1667,1.0,0,1,0.09946293,0,CA,bua
48-118_grass-1,Bugis,grass,sarii,0,5,3,0.6,1,s,0,0,0,0,0,NATURE,1,0,0.777,0,0,0,0,0,0,1,0,0,0,0,1,0,0,0,0.0,0.0,0.7143,4.0,1,2,0.608326,1,CS,sarii
48-118_grass-2,Bugis,grass,sərii,0,5,3,0.6,1,s,0,0,0,0,0,NATURE,1,0,0.777,0,0,0,0,0,0,1,0,0,0,0,1,0,0,0,0.0,0.0,0.7143,4.0,1,2,0.608326,1,CS,sərii
48-119_earthsoil-1,Bugis,earth/soil,tana,1,4,2,0.5,1,t,0,0,0,0,1,NATURE,1,0,0.777,0,0,0,0,0,0,0,1,0,0,0,1,0,0,0,662.0,1.0,0.0,0.0,0,2,0.085623026,0,CA,tana
48-120_stone-1,Bugis,stone,batu,1,4,2,0.5,1,b,0,0,0,0,0,NATURE,1,0,0.777,0,1,0,0,0,0,0,0,0,0,0,1,0,0,0,1145.0,1.0,0.0,0.0,0,2,0.062677205,0,CA,batu
48-121_sand-1,Bugis,sand,kəssiʔ,1,6,2,0.3333,0,k,1,0,0,1,0,NATURE,1,0,0.777,0,0,1,0,0,0,0,0,0,0,0,1,0,0,0,13.0,1.0,0.0,0.0,0,2,0.14372402,0,CA,kəssiʔ
48-122_water-1,Bugis,water,uae,1,3,3,1.0,1,other,0,0,0,0,0,NATURE,1,0,0.777,0,0,0,0,1,0,0,0,0,0,0,1,0,0,0,673.0,1.0,0.3333,2.0,0,1,0.21003687,0,CA,uae
48-123_toflow-1,Bugis,to flow,mas-soloʔ,1,9,3,0.3333,0,m,1,0,1,0,1,ACTION,1,0,0.777,0,0,0,1,0,0,0,0,1,0,0,0,0,0,0,4.0,1.0,0.5,3.0,0,3,0.28761375,0,CA,mas-soloʔ
48-124_sea-1,Bugis,sea,tasiʔ,1,5,2,0.4,0,t,1,0,0,0,1,NATURE,1,0,0.777,0,0,0,0,0,0,0,1,0,0,0,1,0,0,0,705.0,1.0,0.2857,2.0,0,2,0.14289266,0,CA,tasiʔ
48-125_salt-1,Bugis,salt,pəjje,0,5,2,0.4,1,p,0,0,0,1,0,NATURE,1,0,0.777,0,0,0,0,0,1,0,0,0,0,0,1,0,0,0,0.0,0.0,0.5,3.0,1,2,0.4370615,0,RO,pəjje
48-126_lake-1,Bugis,lake,tappárəŋ,1,8,3,0.375,0,t,0,1,0,1,1,NATURE,1,0,0.777,0,0,0,0,0,0,0,1,0,0,0,1,0,0,0,2.0,1.0,0.1667,1.0,0,3,0.25905025,0,CA,tappárəŋ
48-127_woodsforest-1,Bugis,woods/forest,aləʔ,1,4,2,0.5,0,a,1,0,0,0,0,NATURE,1,0,0.777,1,0,0,0,0,0,0,0,0,0,0,1,0,0,0,60.0,1.0,0.5,3.0,0,2,0.05332923,0,CA,aləʔ
48-128_sky-1,Bugis,sky,laŋi,1,4,2,0.5,1,other,0,1,0,0,0,NATURE,1,0,0.777,0,0,0,0,1,0,0,0,0,0,0,1,0,0,0,589.0,1.0,0.2857,2.0,0,2,0.07917285,0,CA,laŋi
48-129_moon-1,Bugis,moon,wuləŋ,1,5,2,0.4,0,other,0,1,0,0,0,NATURE,1,0,0.777,0,0,0,0,1,0,0,0,0,0,0,1,0,0,0,764.0,1.0,0.0,0.0,0,2,0.08125144,0,CA,wuləŋ
48-129_moon-2,Bugis,moon,uləŋ,1,4,2,0.5,0,other,0,1,0,0,0,NATURE,1,0,0.777,0,0,0,0,1,0,0,0,0,0,0,1,0,0,0,764.0,1.0,0.0,0.0,0,2,0.0805915,0,CA,uləŋ
48-130_star-1,Bugis,star,wittaiŋ,1,7,3,0.4286,0,other,0,1,0,1,0,NATURE,1,0,0.777,0,0,0,0,1,0,0,0,0,0,0,1,0,0,0,648.0,1.0,0.1429,1.0,0,2,0.1353637,0,CA,wittaiŋ
48-130_star-2,Bugis,star,wittuiŋ,1,7,3,0.4286,0,other,0,1,0,1,0,NATURE,1,0,0.777,0,0,0,0,1,0,0,0,0,0,0,1,0,0,0,648.0,1.0,0.1429,1.0,0,2,0.1353637,0,CA,wittuiŋ
48-131_cloud-1,Bugis,cloud,əlluŋ,0,5,2,0.4,0,other,0,1,0,1,0,NATURE,1,0,0.777,0,0,0,0,1,0,0,0,0,0,0,1,0,0,0,0.0,0.0,0.8333,5.0,1,2,0.1773017,0,RO,əlluŋ
48-132_fog-1,Bugis,fog,salewu,1,6,3,0.5,1,s,0,0,0,0,0,NATURE,1,0,0.777,0,0,0,0,0,0,1,0,0,0,0,1,0,0,0,2.0,1.0,0.1667,1.0,0,3,0.1430698,0,CA,salewu
48-132_fog-2,Bugis,fog,saliwu,1,6,3,0.5,1,s,0,0,0,0,0,NATURE,1,0,0.777,0,0,0,0,0,0,1,0,0,0,0,1,0,0,0,2.0,1.0,0.1667,1.0,0,3,0.1430698,0,CA,saliwu
48-133_rain-1,Bugis,rain,bosi,1,4,2,0.5,1,b,0,0,0,0,0,NATURE,1,0,0.777,0,1,0,0,0,0,0,0,0,0,0,1,0,0,0,2.0,1.0,0.1667,1.0,0,2,0.062677205,0,CA,bosi
48-134_thunder-1,Bugis,thunder,guttu,1,5,2,0.4,1,other,0,0,0,1,0,NATURE,1,0,0.777,0,0,0,0,1,0,0,0,0,0,0,1,0,0,0,37.0,1.0,0.0,0.0,0,2,0.19434011,0,CA,guttu
48-134_thunder-2,Bugis,thunder,lətte,1,5,2,0.4,1,other,0,0,0,1,0,NATURE,1,0,0.777,0,0,0,0,1,0,0,0,0,0,0,1,0,0,0,2.0,1.0,0.0,0.0,0,2,0.19434011,0,CA,lətte
48-135_lightning-1,Bugis,lightning,billəʔ,1,6,2,0.3333,0,b,1,0,0,1,0,NATURE,1,0,0.777,0,1,0,0,0,0,0,0,0,0,0,1,0,0,0,257.0,1.0,0.1429,1.0,0,2,0.045311213,0,CA,billəʔ
48-136_wind-1,Bugis,wind,aŋiŋ,1,4,2,0.5,0,a,0,1,0,0,1,NATURE,1,0,0.777,1,0,0,0,0,0,0,0,0,0,0,1,0,0,0,724.0,1.0,0.1667,1.0,0,2,0.105266094,0,CA,aŋiŋ
48-137_toblow-1,Bugis,to blow,mat-tappoʔ,0,10,3,0.3,0,m,1,0,1,1,1,ACTION,1,0,0.777,0,0,0,1,0,0,0,0,1,0,0,0,0,0,0,0.0,0.0,0.6667,4.0,1,3,0.61623806,1,CS,mat-tappoʔ
48-138_warm-1,Bugis,warm,ma-pəlla,0,8,3,0.375,1,m,0,0,1,1,1,QUALITY,1,0,0.777,0,0,0,1,0,0,0,0,0,0,0,0,0,0,1,0.0,0.0,0.5714,4.0,1,3,0.40946108,0,RO,ma-pəlla
48-139_cold-1,Bugis,cold,ma-kəcceʔ,1,9,3,0.3333,0,m,1,0,1,1,1,QUALITY,1,0,0.777,0,0,0,1,0,0,0,0,0,0,0,0,0,0,1,3.0,1.0,0.3333,2.0,0,3,0.6542304,1,MO,ma-kəcceʔ
48-140_dry-1,Bugis,dry,ma-rakko,1,8,3,0.375,1,m,0,0,1,1,1,QUALITY,1,0,0.777,0,0,0,1,0,0,0,0,0,0,0,0,0,0,1,132.0,1.0,0.5,3.0,0,3,0.40946108,0,CA,ma-rakko
48-141_wet-1,Bugis,wet,ma-ricaʔ,0,8,3,0.375,0,m,1,0,1,0,1,QUALITY,1,0,0.777,0,0,0,1,0,0,0,0,0,0,0,0,0,0,1,0.0,0.0,0.5,3.0,1,3,0.3675174,0,RO,ma-ricaʔ
48-142_heavy-1,Bugis,heavy,ma-tanəʔ,0,8,3,0.375,0,m,1,0,1,0,1,QUALITY,1,0,0.777,0,0,0,1,0,0,0,0,0,0,0,0,0,0,1,0.0,0.0,0.6667,4.0,1,3,0.3675174,0,RO,ma-tanəʔ
48-143_fire-1,Bugis,fire,api,1,3,2,0.6667,1,a,0,0,0,0,0,NATURE,1,0,0.777,1,0,0,0,0,0,0,0,0,0,0,1,0,0,0,831.0,1.0,0.3333,2.0,0,2,0.036353767,0,CA,api
48-144_toburn-1,Bugis,to burn,mat-tunu,1,8,3,0.375,1,m,0,0,1,0,1,ACTION,1,0,0.777,0,0,0,1,0,0,0,0,1,0,0,0,0,0,0,261.0,1.0,0.3333,2.0,0,3,0.16522354,0,CA,mat-tunu
48-145_smoke-1,Bugis,smoke,rumpu,1,5,2,0.4,1,other,0,1,0,1,0,NATURE,1,0,0.777,0,0,0,0,1,0,0,0,0,0,0,1,0,0,0,12.0,1.0,0.0,0.0,0,2,0.19484395,0,CA,rumpu
48-146_ashes-1,Bugis,ashes,awu,1,3,2,0.6667,1,a,0,0,0,0,0,NATURE,1,0,0.777,1,0,0,0,0,0,0,0,0,0,0,1,0,0,0,607.0,1.0,0.1429,1.0,0,2,0.036353767,0,CA,awu
48-147_black-1,Bugis,black,ma-lotoŋ,1,8,3,0.375,0,m,0,1,1,0,1,QUALITY,1,0,0.777,0,0,0,1,0,0,0,0,0,0,0,0,0,0,1,3.0,1.0,0.3333,2.0,0,3,0.22615117,0,CA,ma-lotoŋ
48-148_white-1,Bugis,white,ma-pute,1,7,3,0.4286,1,m,0,0,1,0,1,QUALITY,1,0,0.777,0,0,0,1,0,0,0,0,0,0,0,0,0,0,1,371.0,1.0,0.3333,2.0,0,3,0.16501313,0,CA,ma-pute
48-149_red-1,Bugis,red,ma-cəllaʔ,0,9,3,0.3333,0,m,1,0,1,1,1,QUALITY,1,0,0.777,0,0,0,1,0,0,0,0,0,0,0,0,0,0,1,0.0,0.0,0.6667,4.0,1,3,0.6542304,1,CS,ma-cəllaʔ
48-150_yellow-1,Bugis,yellow,ma-ridi,1,7,3,0.4286,1,m,0,0,1,0,1,QUALITY,1,0,0.777,0,0,0,1,0,0,0,0,0,0,0,0,0,0,1,8.0,1.0,0.1667,1.0,0,3,0.16501313,0,CA,ma-ridi
48-151_green-1,Bugis,green,ma-kudaraʔ,0,10,4,0.4,0,m,1,0,1,0,1,QUALITY,1,0,0.777,0,0,0,1,0,0,0,0,0,0,0,0,0,0,1,0.0,0.0,0.5,3.0,1,4,0.6412651,1,CS,ma-kudaraʔ
48-152_small-1,Bugis,small,ma-biccuʔ,0,9,3,0.3333,0,m,1,0,1,1,1,QUALITY,1,0,0.777,0,0,0,1,0,0,0,0,0,0,0,0,0,0,1,0.0,0.0,0.5,3.0,1,3,0.6542304,1,CS,ma-biccuʔ
48-152_small-2,Bugis,small,ma-rənniʔ,0,9,3,0.3333,0,m,1,0,1,1,1,QUALITY,1,0,0.777,0,0,0,1,0,0,0,0,0,0,0,0,0,0,1,0.0,0.0,0.5,3.0,1,3,0.6542304,1,CS,ma-rənniʔ
48-153_big-1,Bugis,big,ma-raja,1,7,3,0.4286,1,m,0,0,1,0,1,QUALITY,1,0,0.777,0,0,0,1,0,0,0,0,0,0,0,0,0,0,1,45.0,1.0,0.7143,4.0,0,3,0.16501313,0,CA,ma-raja
48-154_short-1,Bugis,short,ma-poncoʔ,0,9,3,0.3333,0,m,1,1,1,1,1,QUALITY,1,0,0.777,0,0,0,1,0,0,0,0,0,0,0,0,0,0,1,0.0,0.0,0.4286,3.0,1,3,0.72782266,1,CS,ma-poncoʔ
48-155_long-1,Bugis,long,ma-lampe,1,8,3,0.375,1,m,0,1,1,1,1,QUALITY,1,0,0.777,0,0,0,1,0,0,0,0,0,0,0,0,0,0,1,3.0,1.0,0.125,1.0,0,3,0.43418026,0,CA,ma-lampe
48-156_thin-1,Bugis,thin,ma-nipi,1,7,3,0.4286,1,m,0,0,1,0,1,QUALITY,1,0,0.777,0,0,0,1,0,0,0,0,0,0,0,0,0,0,1,662.0,1.0,0.0,0.0,0,3,0.16501313,0,CA,ma-nipi
48-157_thick-1,Bugis,thick,ma-umpəʔ,0,8,3,0.375,0,m,1,1,1,1,1,QUALITY,1,0,0.777,0,0,0,1,0,0,0,0,0,0,0,0,0,0,1,0.0,0.0,0.1667,1.0,1,3,0.60493827,1,CS,ma-umpəʔ
48-158_narrow-1,Bugis,narrow,ma-cikkəʔ,1,9,3,0.3333,0,m,1,0,1,1,1,QUALITY,1,0,0.777,0,0,0,1,0,0,0,0,0,0,0,0,0,0,1,44.0,1.0,0.4286,3.0,0,3,0.6542304,1,MO,ma-cikkəʔ
48-158_narrow-2,Bugis,narrow,ma-cipi,0,7,3,0.4286,1,m,0,0,1,0,1,QUALITY,1,0,0.777,0,0,0,1,0,0,0,0,0,0,0,0,0,0,1,0.0,0.0,0.4286,3.0,1,3,0.16501313,0,RO,ma-cipi
48-159_wide-1,Bugis,wide,ma-sakka,1,8,3,0.375,1,m,0,0,1,1,1,QUALITY,1,0,0.777,0,0,0,1,0,0,0,0,0,0,0,0,0,0,1,2.0,1.0,0.3333,2.0,0,3,0.40946108,0,CA,ma-sakka
48-160_painfulsick-1,Bugis,"painful, sick",pəddi,1,5,2,0.4,1,p,0,0,0,1,0,QUALITY,1,0,0.777,0,0,0,0,0,1,0,0,0,0,0,0,0,0,1,14.0,1.0,0.3333,2.0,0,2,0.50641847,1,MO,pəddi
48-161_shyashamed-1,Bugis,"shy, ashamed",siriʔ,1,5,2,0.4,0,s,1,0,0,0,0,QUALITY,1,0,0.777,0,0,0,0,0,0,1,0,0,0,0,0,0,0,1,3.0,1.0,0.1667,1.0,0,2,0.24211335,0,CA,siriʔ
48-162_old-1,Bugis,old,ma-toa,1,6,3,0.5,1,m,0,0,1,0,1,QUALITY,1,0,0.777,0,0,0,1,0,0,0,0,0,0,0,0,0,0,1,392.0,1.0,0.2857,2.0,0,2,0.18944782,0,CA,ma-toa
48-162_old-2,Bugis,old,ma-tua,1,6,3,0.5,1,m,0,0,1,0,1,QUALITY,1,0,0.777,0,0,0,1,0,0,0,0,0,0,0,0,0,0,1,392.0,1.0,0.2857,2.0,0,2,0.18944782,0,CA,ma-tua
48-163_new-1,Bugis,new,ma-baru,1,7,3,0.4286,1,m,0,0,1,0,1,QUALITY,1,0,0.777,0,0,0,1,0,0,0,0,0,0,0,0,0,0,1,796.0,1.0,0.1667,1.0,0,3,0.16501313,0,CA,ma-baru
48-164_good-1,Bugis,good,ma-deceŋ,0,8,3,0.375,0,m,0,1,1,0,1,QUALITY,1,0,0.777,0,0,0,1,0,0,0,0,0,0,0,0,0,0,1,0.0,0.0,0.4286,3.0,1,3,0.22615117,0,RO,ma-deceŋ
48-165_badevil-1,Bugis,"bad, evil",ma-jaa,1,6,3,0.5,1,m,0,0,1,0,1,QUALITY,1,0,0.777,0,0,0,1,0,0,0,0,0,0,0,0,0,0,1,829.0,1.0,0.3333,2.0,0,2,0.18944782,0,CA,ma-jaa
48-166_correcttrue-1,Bugis,"correct, true",toŋəŋ,1,5,2,0.4,0,t,0,1,0,0,0,QUALITY,1,0,0.777,0,0,0,0,0,0,0,1,0,0,0,0,0,0,1,4.0,1.0,0.1667,1.0,0,2,0.1426118,0,CA,toŋəŋ
48-167_night-1,Bugis,night,wənni,1,5,2,0.4,1,other,0,0,0,1,0,OTHER,1,0,0.777,0,0,0,0,1,0,0,0,0,0,0,0,0,1,0,949.0,1.0,0.1429,1.0,0,2,0.17035484,0,CA,wənni
48-168_day-1,Bugis,day,əsso,1,4,2,0.5,1,other,0,0,0,1,0,OTHER,1,0,0.777,0,0,0,0,1,0,0,0,0,0,0,0,0,1,0,319.0,2.0,0.1667,1.0,0,2,0.09001535,0,CA,əsso
48-169_year-1,Bugis,year,tauŋ,1,4,2,0.5,0,t,0,1,0,0,1,OTHER,1,0,0.777,0,0,0,0,0,0,0,1,0,0,0,0,0,1,0,426.0,1.0,0.0,0.0,0,1,0.119350374,0,CA,tauŋ
48-170_when-1,Bugis,when?,uppanna,1,7,3,0.4286,1,other,0,0,0,2,0,GRAMMAR,1,0,0.777,0,0,0,0,1,0,0,0,0,0,1,0,0,0,0,484.0,1.0,0.1429,1.0,0,3,0.307963,0,CA,uppanna
48-171_tohide-1,Bugis,to hide,maʔkasubbu,0,10,4,0.4,1,m,1,0,0,2,1,ACTION,1,0,0.777,0,0,0,1,0,0,0,0,1,0,0,0,0,0,0,0.0,0.0,0.5714,4.0,1,4,0.92655843,1,CS,maʔkasubbu
48-172_toclimb-1,Bugis,to climb,tukaʔ,1,5,2,0.4,0,t,1,0,0,0,0,ACTION,1,0,0.777,0,0,0,0,0,0,0,1,1,0,0,0,0,0,0,5.0,1.0,0.1667,1.0,0,2,0.26033312,0,CA,tukaʔ
48-173_at-1,Bugis,at,ri,1,2,1,0.5,1,other,0,0,0,0,0,GRAMMAR,1,0,0.777,0,0,0,0,1,0,0,0,0,0,1,0,0,0,0,150.0,1.0,0.0,0.0,0,1,0.03806138,0,CA,ri
48-174_ininside-1,Bugis,"in, inside",ri laləŋ,1,8,3,0.375,0,other,0,1,0,0,0,GRAMMAR,1,0,0.777,0,0,0,0,1,0,0,0,0,0,1,0,0,0,0,592.0,1.0,0.1429,1.0,0,3,0.26503932,0,CA,ri laləŋ
48-175_above-1,Bugis,above,ri aseʔ,1,7,3,0.4286,0,other,1,0,0,0,0,GRAMMAR,1,0,0.777,0,0,0,0,1,0,0,0,0,0,1,0,0,0,0,3.0,1.0,0.1429,1.0,0,3,0.29369462,0,CA,ri aseʔ
48-175_above-2,Bugis,above,yaséʔ,1,5,2,0.4,0,other,1,0,0,0,0,GRAMMAR,1,0,0.777,0,0,0,0,1,0,0,0,0,0,1,0,0,0,0,3.0,1.0,0.1429,1.0,0,2,0.45954674,0,CA,yaséʔ
48-176_below-1,Bugis,below,ri awa,1,6,3,0.5,1,other,0,0,0,0,0,GRAMMAR,1,0,0.777,0,0,0,0,1,0,0,0,0,0,1,0,0,0,0,165.0,1.0,0.5714,4.0,0,3,0.25431347,0,CA,ri awa
48-176_below-2,Bugis,below,yawa,1,4,2,0.5,1,other,0,0,0,0,0,GRAMMAR,1,0,0.777,0,0,0,0,1,0,0,0,0,0,1,0,0,0,0,165.0,1.0,0.5714,4.0,0,2,0.34313923,0,CA,yawa
48-177_this-1,Bugis,this,ia-e,1,4,3,0.75,1,other,0,0,1,0,0,GRAMMAR,1,0,0.777,0,0,0,0,1,0,0,0,0,0,1,0,0,0,0,9.0,1.0,0.3333,2.0,0,2,0.12474322,0,CA,ia-e
48-178_that-1,Bugis,that,ia-tu,1,5,3,0.6,1,other,0,0,1,0,0,GRAMMAR,1,0,0.777,0,0,0,0,1,0,0,0,0,0,1,0,0,0,0,75.0,1.0,0.3333,3.0,0,2,0.16889161,0,CA,ia-tu
48-178_that-2,Bugis,that,ia-ro,1,5,3,0.6,1,other,0,0,1,0,0,GRAMMAR,1,0,0.777,0,0,0,0,1,0,0,0,0,0,1,0,0,0,0,294.0,1.0,0.3333,3.0,0,2,0.16889161,0,CA,ia-ro
48-179_near-1,Bugis,near,ma-caweʔ,0,8,3,0.375,0,m,1,0,1,0,1,GRAMMAR,1,0,0.777,0,0,0,1,0,0,0,0,0,0,1,0,0,0,0,0.0,0.0,0.4286,3.0,1,3,0.57297146,1,CS,ma-caweʔ
48-180_far-1,Bugis,far,ma-bela,1,7,3,0.4286,1,m,0,0,1,0,1,GRAMMAR,1,0,0.777,0,0,0,1,0,0,0,0,0,0,1,0,0,0,0,4.0,1.0,0.3333,2.0,0,3,0.3477291,0,CA,ma-bela
48-181_where-1,Bugis,where?,kegi,0,4,2,0.5,1,k,0,0,0,0,0,GRAMMAR,1,0,0.777,0,0,1,0,0,0,0,0,0,0,1,0,0,0,0,0.0,0.0,0.5714,4.0,1,2,0.49839258,0,RO,kegi
48-182_i-1,Bugis,I,iaʔ,1,3,2,0.6667,0,other,1,0,0,0,0,GRAMMAR,1,0,0.777,0,0,0,0,1,0,0,0,0,0,1,0,0,0,0,1573.0,2.0,0.1667,1.0,0,1,0.121264994,0,CA,iaʔ
48-183_thou-1,Bugis,thou,iko,1,3,2,0.6667,1,other,0,0,0,0,0,GRAMMAR,1,0,0.777,0,0,0,0,1,0,0,0,0,0,1,0,0,0,0,1534.0,1.0,0.1667,1.0,0,2,0.102684975,0,CA,iko
48-184_heshe-1,Bugis,he/she,ia,1,2,2,1.0,1,other,0,0,0,0,0,GRAMMAR,1,0,0.777,0,0,0,0,1,0,0,0,0,0,1,0,0,0,0,1440.0,1.0,0.2857,1.0,0,1,0.019777834,0,CA,ia
48-185_we-1,Bugis,we,idiʔ,1,4,2,0.5,0,other,1,0,0,0,0,OTHER,0,0,0.777,0,0,0,0,1,0,0,0,0,0,0,0,0,1,0,1009.0,1.0,0.0,0.0,0,2,0.0234977,0,CA,idiʔ
48-185_we-2,Bugis,we,ikkəŋ,1,5,2,0.4,0,other,0,1,0,1,0,OTHER,0,0,0.777,0,0,0,0,1,0,0,0,0,0,0,0,0,1,0,938.0,2.0,0.0,0.0,0,2,0.014349878,0,CA,ikkəŋ
48-186_you-1,Bugis,you,iko manəŋ,1,9,4,0.4444,0,other,0,1,0,0,0,GRAMMAR,1,0,0.777,0,0,0,0,1,0,0,0,0,0,1,0,0,0,0,7.0,1.0,0.1667,1.0,0,4,0.37777317,0,CA,iko manəŋ
48-187_they-1,Bugis,they,ia-manəŋ,0,8,4,0.5,0,other,0,1,1,0,0,GRAMMAR,1,0,0.777,0,0,0,0,1,0,0,0,0,0,1,0,0,0,0,0.0,0.0,0.7143,4.0,1,3,0.3416716,0,RO,ia-manəŋ
48-188_what-1,Bugis,what?,aga,1,3,2,0.6667,1,a,0,0,0,0,0,GRAMMAR,1,0,0.777,1,0,0,0,0,0,0,0,0,0,1,0,0,0,0,1132.0,1.0,0.1667,1.0,0,2,0.024450243,0,CA,aga
48-189_who-1,Bugis,who?,niga,0,4,2,0.5,1,other,0,0,0,0,0,GRAMMAR,1,0,0.777,0,0,0,0,1,0,0,0,0,0,1,0,0,0,0,0.0,0.0,0.5,3.0,1,2,0.34313923,0,RO,niga
48-190_other-1,Bugis,other,laiŋ,0,4,2,0.5,0,other,0,1,0,0,0,GRAMMAR,1,0,0.777,0,0,0,0,1,0,0,0,0,0,1,0,0,0,0,0.0,0.0,0.8,4.0,1,1,0.37387955,0,RO,laiŋ
48-191_all-1,Bugis,all,manəŋ,0,5,2,0.4,0,m,0,1,0,0,1,GRAMMAR,1,0,0.777,0,0,0,1,0,0,0,0,0,0,1,0,0,0,0,0.0,0.0,0.4286,3.0,1,2,0.6074203,1,CS,manəŋ
48-192_and-1,Bugis,and,sibawa,0,6,3,0.5,1,s,0,0,0,0,0,GRAMMAR,1,0,0.777,0,0,0,0,0,0,1,0,0,0,1,0,0,0,0,0.0,0.0,0.375,3.0,1,3,0.33990055,0,RO,sibawa
48-192_and-2,Bugis,and,na,1,2,1,0.5,1,other,0,0,0,0,1,GRAMMAR,1,0,0.777,0,0,0,0,1,0,0,0,0,0,1,0,0,0,0,330.0,1.0,0.375,3.0,0,1,0.04769218,0,CA,na
48-193_if-1,Bugis,if,nakko,0,5,2,0.4,1,other,0,0,0,1,1,GRAMMAR,1,0,0.777,0,0,0,0,1,0,0,0,0,0,1,0,0,0,0,0.0,0.0,0.75,5.0,1,2,0.6472995,1,CS,nakko
48-193_if-2,Bugis,if,rekko,0,5,2,0.4,1,other,0,0,0,1,0,GRAMMAR,1,0,0.777,0,0,0,0,1,0,0,0,0,0,1,0,0,0,0,0.0,0.0,0.75,5.0,1,2,0.59122884,1,CS,rekko
48-194_how-1,Bugis,how?,pekua,1,5,3,0.6,1,p,0,0,0,0,0,GRAMMAR,1,0,0.777,0,0,0,0,0,1,0,0,0,0,1,0,0,0,0,63.0,1.0,0.5714,3.0,0,2,0.456271,0,CA,pekua
48-195_nonot-1,Bugis,"no, not",de,1,2,1,0.5,1,other,0,0,0,0,0,GRAMMAR,1,0,0.777,0,0,0,0,1,0,0,0,0,0,1,0,0,0,0,38.0,1.0,0.5714,3.0,0,1,0.03806138,0,CA,de
48-196_tocount-1,Bugis,to count,bilaŋ,1,5,2,0.4,0,b,0,1,0,0,0,ACTION,1,0,0.777,0,1,0,0,0,0,0,0,1,0,0,0,0,0,0,276.0,1.0,0.3333,2.0,0,2,0.1496315,0,CA,bilaŋ
48-197_one-1,Bugis,One,seʔdi,1,5,2,0.4,1,s,1,0,0,1,0,NUMBER,1,0,0.777,0,0,0,0,0,0,1,0,0,0,0,0,1,0,0,643.0,1.0,0.1429,1.0,0,2,0.1519252,0,CA,seʔdi
48-198_two-1,Bugis,Two,dua,1,3,2,0.6667,1,other,0,0,0,0,0,NUMBER,1,0,0.777,0,0,0,0,1,0,0,0,0,0,0,0,1,0,0,1434.0,1.0,0.0,0.0,0,1,0.031336248,0,CA,dua
48-199_three-1,Bugis,Three,təllu,1,5,2,0.4,1,t,0,0,0,1,0,NUMBER,1,0,0.777,0,0,0,0,0,0,0,1,0,0,0,0,1,0,0,1402.0,1.0,0.0,0.0,0,2,0.08771366,0,CA,təllu
48-200_four-1,Bugis,Four,əppa,1,4,2,0.5,1,other,0,0,0,1,0,NUMBER,1,0,0.777,0,0,0,0,1,0,0,0,0,0,0,0,1,0,0,1308.0,1.0,0.1429,1.0,0,2,0.043454766,0,CA,əppa
48-201_five-1,Bugis,Five,lima,1,4,2,0.5,1,other,0,0,0,0,0,NUMBER,1,0,0.777,0,0,0,0,1,0,0,0,0,0,0,0,1,0,0,1232.0,1.0,0.0,0.0,0,2,0.035022974,0,CA,lima
48-202_six-1,Bugis,Six,ənnəŋ,1,5,2,0.4,0,other,0,1,0,1,0,NUMBER,0,0,0.777,0,0,0,0,1,0,0,0,0,0,0,0,1,0,0,699.0,1.0,0.5,2.0,0,2,0.13282335,0,CA,ənnəŋ
48-203_seven-1,Bugis,Seven,fitu,1,4,2,0.5,1,other,0,0,0,0,0,NUMBER,0,0,0.777,0,0,0,0,1,0,0,0,0,0,0,0,1,0,0,702.0,1.0,0.0,0.0,0,2,0.04867065,0,CA,fitu
48-204_eight-1,Bugis,Eight,arua,0,4,3,0.75,1,a,0,0,0,0,0,NUMBER,0,0,0.777,1,0,0,0,0,0,0,0,0,0,0,0,1,0,0,0.0,0.0,0.5,3.0,1,2,0.23662204,0,RO,arua
48-205_nine-1,Bugis,Nine,asera,1,5,3,0.6,1,a,0,0,0,0,0,NUMBER,0,0,0.777,1,0,0,0,0,0,0,0,0,0,0,0,1,0,0,3.0,1.0,0.0,0.0,0,3,0.20616502,0,CA,asera
48-206_ten-1,Bugis,Ten,səppulo,1,7,3,0.4286,1,s,0,0,0,1,0,NUMBER,0,0,0.777,0,0,0,0,0,0,1,0,0,0,0,0,1,0,0,782.0,1.0,0.4,2.0,0,3,0.1691457,0,CA,səppulo
48-207_twenty-1,Bugis,Twenty,duappulo,1,8,4,0.5,1,other,0,0,0,1,0,NUMBER,0,0,0.777,0,0,0,0,1,0,0,0,0,0,0,0,1,0,0,162.0,2.0,0.8,4.0,0,3,0.324924,0,CA,duappulo
48-208_fifty-1,Bugis,Fifty,limappulo,1,9,4,0.4444,1,other,0,0,0,1,0,NUMBER,0,0,0.777,0,0,0,0,1,0,0,0,0,0,0,0,1,0,0,132.0,2.0,0.8,4.0,0,4,0.4119267,0,CA,limappulo
48-209_onehundred-1,Bugis,One Hundred,səratuu,1,7,4,0.5714,1,s,0,0,0,0,0,NUMBER,0,0,0.777,0,0,0,0,0,0,1,0,0,0,0,0,1,0,0,260.0,1.0,0.8,4.0,0,3,0.096304476,0,CA,səratuu
48-210_onethousand-1,Bugis,One Thousand,sisəbbu,1,7,3,0.4286,1,s,0,0,0,1,0,NUMBER,0,0,0.777,0,0,0,0,0,0,1,0,0,0,0,0,1,0,0,189.0,1.0,0.8333,5.0,0,3,0.1691457,0,CA,sisəbbu
166-1_hand-1,Makassar,hand,lima,1,4,2,0.5,1,other,0,0,0,0,0,BODY,1,1,0.779,0,0,0,0,1,0,0,0,0,1,0,0,0,0,0,1102.0,2.0,0.0,0.0,0,2,0.057937562,0,CA,lima
166-2_left-1,Makassar,left,kairi,1,5,3,0.6,1,k,0,0,0,0,1,OTHER,0,1,0.779,0,0,1,0,0,0,0,0,0,0,0,0,0,1,0,651.0,2.0,0.0,0.0,0,2,0.036780894,0,CA,kairi
166-3_right-1,Makassar,right,kanaŋ,1,5,2,0.4,0,k,0,1,0,0,1,OTHER,0,1,0.779,0,0,1,0,0,0,0,0,0,0,0,0,0,1,0,384.0,2.0,0.0,0.0,0,2,0.010775149,0,CA,kanaŋ
166-4_legfoot-1,Makassar,leg/foot,baŋkeŋ,0,6,2,0.3333,0,b,0,1,0,1,0,BODY,1,1,0.779,0,1,0,0,0,0,0,0,0,1,0,0,0,0,0,0.0,0.0,0.3333,2.0,1,2,0.4808992,0,RO,baŋkeŋ
166-5_towalk-1,Makassar,to walk,aʔlampa,1,7,3,0.4286,1,a,1,1,0,2,0,ACTION,1,1,0.779,1,0,0,0,0,0,0,0,1,0,0,0,0,0,0,37.0,1.0,0.2857,1.0,0,3,0.37657404,0,CA,aʔlampa
166-6_roadpath-1,Makassar,road/path,agaŋ,0,4,2,0.5,0,a,0,1,0,0,0,NATURE,1,1,0.779,1,0,0,0,0,0,0,0,0,0,0,1,0,0,0,0.0,0.0,0.3333,2.0,1,2,0.13932675,0,RO,agaŋ
166-7_tocome-1,Makassar,to come,battu,0,5,2,0.4,1,b,0,0,0,1,0,ACTION,1,1,0.779,0,1,0,0,0,0,0,0,1,0,0,0,0,0,0,0.0,0.0,0.625,4.0,1,2,0.4655239,0,RO,battu
166-8_toturn-1,Makassar,to turn,biluʔ,1,5,2,0.4,0,b,1,0,0,0,0,ACTION,1,1,0.779,0,1,0,0,0,0,0,0,1,0,0,0,0,0,0,69.0,1.0,0.5,3.0,0,2,0.10302222,0,CA,biluʔ
166-9_toswim-1,Makassar,to swim,aʔlaŋɛ,1,6,3,0.5,1,a,1,1,0,1,0,ACTION,1,1,0.779,1,0,0,0,0,0,0,0,1,0,0,0,0,0,0,388.0,1.0,0.1667,1.0,0,3,0.33239138,0,CA,aʔlaŋɛ
166-10_dirty-1,Makassar,dirty,raʔmasaʔ,0,8,3,0.375,0,other,1,0,0,1,0,NATURE,0,1,0.779,0,0,0,0,1,0,0,0,0,0,0,1,0,0,0,0.0,0.0,0.1667,1.0,1,3,0.8832148,1,CS,raʔmasaʔ
166-11_dust-1,Makassar,dust,awu,1,3,2,0.6667,1,a,0,0,0,0,0,NATURE,0,1,0.779,1,0,0,0,0,0,0,0,0,0,0,1,0,0,0,377.0,1.0,0.1429,1.0,0,2,0.042578757,0,CA,awu
166-11_dust-2,Makassar,dust,alimbuʔbuʔ,0,10,4,0.4,0,a,1,1,1,2,0,NATURE,0,1,0.779,1,0,0,0,0,0,0,0,0,0,0,1,0,0,0,0.0,0.0,0.1429,1.0,1,4,0.93310314,1,CS,alimbuʔbuʔ
166-12_skin-1,Makassar,skin,bukku lɛŋ,0,9,3,0.3333,0,b,0,1,0,1,0,BODY,1,1,0.779,0,1,0,0,0,0,0,0,0,1,0,0,0,0,0,0.0,0.0,0.1429,1.0,1,3,0.69980776,1,CS,bukku lɛŋ
166-13_back-1,Makassar,back,doŋkoʔ,1,6,2,0.3333,0,other,1,1,0,1,0,BODY,1,1,0.779,0,0,0,0,1,0,0,0,0,1,0,0,0,0,0,3.0,1.0,0.375,3.0,0,2,0.439233,0,CA,doŋkoʔ
166-14_belly-1,Makassar,belly,battaŋ,1,6,2,0.3333,0,b,0,1,0,1,0,BODY,1,1,0.779,0,1,0,0,0,0,0,0,0,1,0,0,0,0,0,35.0,1.0,0.1667,1.0,0,2,0.4808992,0,CA,battaŋ
166-15_bone-1,Makassar,bone,buku,1,4,2,0.5,1,b,0,0,0,0,0,BODY,1,1,0.779,0,1,0,0,0,0,0,0,0,1,0,0,0,0,0,78.0,1.0,0.0,0.0,0,2,0.12160581,0,CA,buku
166-16_intestines-1,Makassar,intestines,parruʔ,1,6,2,0.3333,0,p,1,0,0,1,1,BODY,1,1,0.779,0,0,0,0,0,1,0,0,0,1,0,0,0,0,0,22.0,1.0,0.5714,4.0,0,2,0.2369231,0,CA,parruʔ
166-17_liver-1,Makassar,liver,atɛ,1,3,2,0.6667,1,a,0,0,0,0,0,BODY,1,1,0.779,1,0,0,0,0,0,0,0,0,1,0,0,0,0,0,828.0,1.0,0.0,0.0,0,2,0.017584503,0,CA,atɛ
166-18_breast-1,Makassar,breast,susu,1,4,2,0.5,1,s,0,0,1,0,0,BODY,1,1,0.779,0,0,0,0,0,0,1,0,0,1,0,0,0,0,0,1122.0,1.0,0.0,0.0,0,2,0.054242313,0,CA,susu
166-18_breast-2,Makassar,breast,barambaŋ,1,8,3,0.375,0,b,0,1,0,1,0,BODY,1,1,0.779,0,1,0,0,0,0,0,0,0,1,0,0,0,0,0,1122.0,1.0,0.0,0.0,0,3,0.45142865,0,CA,barambaŋ
166-19_shoulder-1,Makassar,shoulder,salaŋga,1,7,3,0.4286,1,s,0,1,0,1,0,BODY,1,1,0.779,0,0,0,0,0,0,1,0,0,1,0,0,0,0,0,356.0,1.0,0.1429,1.0,0,3,0.15795374,0,CA,salaŋga
166-20_toknowbeknowledgeable-1,Makassar,"to know, be knowledgeable",issɛŋ,1,5,2,0.4,0,other,0,1,0,1,0,ACTION,0,1,0.779,0,0,0,0,1,0,0,0,1,0,0,0,0,0,0,3.0,1.0,0.1667,1.0,0,2,0.31113058,0,CA,issɛŋ
166-21_tothink-1,Makassar,to think,ammikkiriʔ,0,10,4,0.4,0,a,1,0,0,2,0,ACTION,0,1,0.779,1,0,0,0,0,0,0,0,1,0,0,0,0,0,0,0.0,0.0,0.5,3.0,1,4,0.9396829,1,CS,ammikkiriʔ
166-22_tofear-1,Makassar,to fear,mallaʔ,0,6,2,0.3333,0,m,1,0,0,1,1,ACTION,0,1,0.779,0,0,0,1,0,0,0,0,1,0,0,0,0,0,0,0.0,0.0,0.3333,2.0,1,2,0.92637026,1,CS,mallaʔ
166-23_blood-1,Makassar,blood,cɛraʔ,1,5,2,0.4,0,other,1,0,0,0,0,BODY,1,1,0.779,0,0,0,0,1,0,0,0,0,1,0,0,0,0,0,929.0,1.0,0.1667,1.0,0,2,0.109737694,0,CA,cɛraʔ
166-24_head-1,Makassar,head,ulu,1,3,2,0.6667,1,other,0,0,0,0,0,BODY,1,1,0.779,0,0,0,0,1,0,0,0,0,1,0,0,0,0,0,746.0,1.0,0.1667,1.0,0,2,0.062938094,0,CA,ulu
166-25_neck-1,Makassar,neck,kalloŋ,1,6,2,0.3333,0,k,0,1,0,1,1,BODY,1,1,0.779,0,0,1,0,0,0,0,0,0,1,0,0,0,0,0,30.0,1.0,0.1667,1.0,0,2,0.31324995,0,CA,kalloŋ
166-26_hair-1,Makassar,hair,uʔ,1,2,1,0.5,0,other,1,0,0,0,0,BODY,1,1,0.779,0,0,0,0,1,0,0,0,0,1,0,0,0,0,0,297.0,1.0,0.1667,1.0,0,1,0.020798266,0,CA,uʔ
166-27_nose-1,Makassar,nose,kaʔmuru,0,7,3,0.4286,1,k,1,0,0,1,1,BODY,1,1,0.779,0,0,1,0,0,0,0,0,0,1,0,0,0,0,0,0.0,0.0,0.1667,1.0,1,3,0.3561774,0,RO,kaʔmuru
166-28_tobreathe-1,Makassar,to breathe,aʔmaiʔ,0,6,3,0.5,0,a,1,0,0,1,0,ACTION,0,1,0.779,1,0,0,0,0,0,0,0,1,0,0,0,0,0,0,0.0,0.0,0.5714,3.0,1,2,0.8602774,1,CS,aʔmaiʔ
166-29_tosniffsmell-1,Makassar,"to sniff, smell",aŋŋaraʔ,0,7,3,0.4286,0,a,1,1,0,1,1,ACTION,0,1,0.779,1,0,0,0,0,0,0,0,1,0,0,0,0,0,0,0.0,0.0,0.3333,2.0,1,3,0.82981867,1,CS,aŋŋaraʔ
166-30_mouth-1,Makassar,mouth,bawa,1,4,2,0.5,1,b,0,0,0,0,0,BODY,1,1,0.779,0,1,0,0,0,0,0,0,0,1,0,0,0,0,0,275.0,1.0,0.3333,2.0,0,2,0.12160581,0,CA,bawa
166-31_tooth-1,Makassar,tooth,gigi,1,4,2,0.5,1,other,0,0,1,0,0,BODY,1,1,0.779,0,0,0,0,1,0,0,0,0,1,0,0,0,0,0,50.0,1.0,0.0,0.0,0,2,0.049580157,0,CA,gigi
166-32_tongue-1,Makassar,tongue,lila,1,4,2,0.5,1,other,0,0,0,0,0,BODY,1,1,0.779,0,0,0,0,1,0,0,0,0,1,0,0,0,0,0,393.0,1.0,0.0,0.0,0,2,0.057937562,0,CA,lila
166-33_tolaugh-1,Makassar,to laugh,ammakkalaʔ,0,10,4,0.4,0,a,1,0,0,2,0,ACTION,1,1,0.779,1,0,0,0,0,0,0,0,1,0,0,0,0,0,0,0.0,0.0,0.3333,2.0,1,4,0.64169717,1,CS,ammakkalaʔ
166-34_tocry-1,Makassar,to cry,aŋŋarruʔ,0,8,3,0.375,0,a,1,1,0,2,1,ACTION,1,1,0.779,1,0,0,0,0,0,0,0,1,0,0,0,0,0,0,0.0,0.0,0.375,2.0,1,3,0.52019095,1,CS,aŋŋarruʔ
166-35_tovomit-1,Makassar,to vomit,laŋŋɛ,0,5,2,0.4,1,other,0,1,0,1,0,ACTION,1,1,0.779,0,0,0,0,1,0,0,0,1,0,0,0,0,0,0,0.0,0.0,0.4286,2.0,1,2,0.5605893,1,CS,laŋŋɛ
166-35_tovomit-2,Makassar,to vomit,taʔlaŋŋɛ,0,8,3,0.375,1,t,1,1,0,2,1,ACTION,1,1,0.779,0,0,0,0,0,0,0,1,1,0,0,0,0,0,0,0.0,0.0,0.4286,2.0,1,3,0.79147404,1,CS,taʔlaŋŋɛ
166-36_tospit-1,Makassar,to spit,appiʔru,0,7,3,0.4286,1,a,1,0,0,2,0,ACTION,0,1,0.779,1,0,0,0,0,0,0,0,1,0,0,0,0,0,0,0.0,0.0,0.4286,3.0,1,3,0.88811225,1,CS,appiʔru
166-37_toeat-1,Makassar,to eat,aŋŋanrɛ,1,7,3,0.4286,1,a,0,1,0,2,1,ACTION,1,1,0.779,1,0,0,0,0,0,0,0,1,0,0,0,0,0,0,1440.0,1.0,0.1667,1.0,0,3,0.45627582,0,CA,aŋŋanrɛ
166-38_tochew-1,Makassar,to chew,añcaʔma,0,7,3,0.4286,1,a,1,0,0,2,0,ACTION,0,1,0.779,1,0,0,0,0,0,0,0,1,0,0,0,0,0,0,0.0,0.0,0.5,3.0,1,3,0.88811225,1,CS,añcaʔma
166-39_tocook-1,Makassar,to cook,appallu,0,7,3,0.4286,1,a,0,0,0,2,0,ACTION,0,1,0.779,1,0,0,0,0,0,0,0,1,0,0,0,0,0,0,0.0,0.0,0.3333,2.0,1,3,0.6279022,1,CS,appallu
166-40_todrink-1,Makassar,to drink,aŋŋinuŋ,1,7,3,0.4286,0,a,0,1,0,1,1,ACTION,1,1,0.779,1,0,0,0,0,0,0,0,1,0,0,0,0,0,0,1156.0,1.0,0.2857,2.0,0,3,0.38073605,0,CA,aŋŋinuŋ
166-41_tobite-1,Makassar,to bite,aŋŋokkoʔ,1,8,3,0.375,0,a,1,1,0,2,1,ACTION,1,1,0.779,1,0,0,0,0,0,0,0,1,0,0,0,0,0,0,656.0,2.0,0.625,3.0,0,3,0.52019095,1,MO,aŋŋokkoʔ
166-42_tosuck-1,Makassar,to suck,aŋisoʔ,1,6,3,0.5,0,a,1,1,0,0,1,OTHER,0,1,0.779,1,0,0,0,0,0,0,0,0,0,0,0,0,1,0,333.0,1.0,0.0,0.0,0,3,0.066994786,0,CA,aŋisoʔ
166-43_ear-1,Makassar,ear,toli,1,4,2,0.5,1,t,0,0,0,0,0,BODY,0,1,0.779,0,0,0,0,0,0,0,1,0,1,0,0,0,0,0,13.0,1.0,0.1667,1.0,0,2,0.04361844,0,CA,toli
166-44_tohear-1,Makassar,to hear,allaŋŋɛrɛʔ,1,10,4,0.4,0,a,1,1,0,2,0,ACTION,1,1,0.779,1,0,0,0,0,0,0,0,1,0,0,0,0,0,0,988.0,1.0,0.1667,1.0,0,4,0.50085723,1,MO,allaŋŋɛrɛʔ
166-45_eye-1,Makassar,eye,mata,1,4,2,0.5,1,m,0,0,0,0,1,BODY,0,1,0.779,0,0,0,1,0,0,0,0,0,1,0,0,0,0,0,1471.0,1.0,0.0,0.0,0,2,0.030655563,0,CA,mata
166-46_tosee-1,Makassar,to see,acciniʔ,0,7,3,0.4286,0,a,1,0,0,1,0,ACTION,1,1,0.779,1,0,0,0,0,0,0,0,1,0,0,0,0,0,0,0.0,0.0,0.875,5.0,1,3,0.37146378,0,RO,acciniʔ
166-47_toyawn-1,Makassar,to yawn,aʔlaulau,0,8,5,0.625,1,a,1,0,1,1,0,ACTION,0,1,0.779,1,0,0,0,0,0,0,0,1,0,0,0,0,0,0,0.0,0.0,1.0,4.0,1,3,0.88493586,1,CS,aʔlaulau
166-48_tosleep-1,Makassar,to sleep,attinro,1,7,3,0.4286,1,a,0,0,0,2,0,ACTION,1,1,0.779,1,0,0,0,0,0,0,0,1,0,0,0,0,0,0,5.0,1.0,0.5,3.0,0,3,0.44539595,0,CA,attinro
166-49_toliedown-1,Makassar,to lie down,anraʔba,1,7,3,0.4286,1,a,1,0,0,2,0,ACTION,1,1,0.779,1,0,0,0,0,0,0,0,1,0,0,0,0,0,0,3.0,1.0,0.5714,3.0,0,3,0.40988576,0,CA,anraʔba
166-50_todream-1,Makassar,to dream,assoʔna,0,7,3,0.4286,1,a,1,0,0,2,0,ACTION,0,1,0.779,1,0,0,0,0,0,0,0,1,0,0,0,0,0,0,0.0,0.0,0.3333,2.0,1,3,0.88811225,1,CS,assoʔna
166-51_tosit-1,Makassar,to sit,ammempo,0,7,3,0.4286,1,a,0,1,0,2,0,ACTION,1,1,0.779,1,0,0,0,0,0,0,0,1,0,0,0,0,0,0,0.0,0.0,0.5714,4.0,1,3,0.42372543,0,RO,ammempo
166-52_tostand-1,Makassar,to stand,ammenteŋ,0,8,3,0.375,0,a,0,1,0,2,0,ACTION,1,1,0.779,1,0,0,0,0,0,0,0,1,0,0,0,0,0,0,0.0,0.0,0.8333,5.0,1,3,0.5553496,1,CS,ammenteŋ
166-53_personhumanbeing-1,Makassar,person/human being,tau,1,3,2,0.6667,1,t,0,0,0,0,1,OTHER,1,1,0.779,0,0,0,0,0,0,0,1,0,0,0,0,0,1,0,618.0,1.0,0.1667,1.0,0,1,0.04171908,0,CA,tau
166-54_manmale-1,Makassar,man/male,buraʔne,1,7,3,0.4286,1,b,1,0,0,1,0,OTHER,1,1,0.779,0,1,0,0,0,0,0,0,0,0,0,0,0,1,0,703.0,1.0,0.1429,1.0,0,3,0.07256365,0,CA,buraʔne
166-55_womanfemale-1,Makassar,woman/female,bainɛ,1,5,3,0.6,1,b,0,0,0,0,0,OTHER,1,1,0.779,0,1,0,0,0,0,0,0,0,0,0,0,0,1,0,744.0,2.0,0.1667,1.0,0,2,0.10988468,0,CA,bainɛ
166-56_child-1,Makassar,child,anaʔ,1,4,2,0.5,0,a,1,0,0,0,0,OTHER,1,1,0.779,1,0,0,0,0,0,0,0,0,0,0,0,0,1,0,450.0,1.0,0.1667,1.0,0,2,0.046286643,0,CA,anaʔ
166-57_husband-1,Makassar,husband,buraʔnɛ,1,7,3,0.4286,1,b,1,0,0,1,0,OTHER,1,1,0.779,0,1,0,0,0,0,0,0,0,0,0,0,0,1,0,1.0,1.0,0.3333,2.0,0,3,0.07256365,0,CA,buraʔnɛ
166-58_wife-1,Makassar,wife,baine,1,5,3,0.6,1,b,0,0,0,0,0,OTHER,1,1,0.779,0,1,0,0,0,0,0,0,0,0,0,0,0,1,0,223.0,1.0,0.5714,3.0,0,2,0.10988468,0,CA,baine
166-59_mother-1,Makassar,mother,ammaʔ,1,5,2,0.4,0,a,1,0,0,1,0,OTHER,1,1,0.779,1,0,0,0,0,0,0,0,0,0,0,0,0,1,0,51.0,1.0,0.0,0.0,0,2,0.1121788,0,CA,ammaʔ
166-60_father-1,Makassar,father,maŋgɛ,0,5,2,0.4,1,m,0,1,0,1,1,OTHER,1,1,0.779,0,0,0,1,0,0,0,0,0,0,0,0,0,1,0,0.0,0.0,0.1667,1.0,1,2,0.4131394,0,RO,maŋgɛ
166-61_house-1,Makassar,house,ballaʔ,1,6,2,0.3333,0,b,1,0,0,1,0,OTHER,1,1,0.779,0,1,0,0,0,0,0,0,0,0,0,0,0,1,0,581.0,1.0,0.1667,1.0,0,2,0.08627933,0,CA,ballaʔ
166-62_thatchroof-1,Makassar,thatch/roof,pattoŋkoʔ,0,9,3,0.3333,0,p,1,1,0,2,1,OTHER,0,1,0.779,0,0,0,0,0,1,0,0,0,0,0,0,0,1,0,0.0,0.0,0.5,3.0,1,3,0.9871143,1,CS,pattoŋkoʔ
166-63_name-1,Makassar,name,areŋ,1,4,2,0.5,0,a,0,1,0,0,0,OTHER,1,1,0.779,1,0,0,0,0,0,0,0,0,0,0,0,0,1,0,1151.0,1.0,0.3333,2.0,0,2,0.102537215,0,CA,areŋ
166-64_tosay-1,Makassar,to say,aŋkana,0,6,3,0.5,1,a,0,1,0,1,1,ACTION,1,1,0.779,1,0,0,0,0,0,0,0,1,0,0,0,0,0,0,0.0,0.0,0.6667,5.0,1,3,0.46435678,0,RO,aŋkana
166-65_rope-1,Makassar,rope,otɛrɛʔ,0,6,3,0.5,0,other,1,0,0,0,0,OTHER,1,1,0.779,0,0,0,0,1,0,0,0,0,0,0,0,0,1,0,0.0,0.0,0.7143,5.0,1,3,0.25046468,0,RO,otɛrɛʔ
166-66_totieupfasten-1,Makassar,"to tie up, fasten",aññikkoʔ,0,8,3,0.375,0,a,1,0,0,2,0,ACTION,0,1,0.779,1,0,0,0,0,0,0,0,1,0,0,0,0,0,0,0.0,0.0,0.8333,5.0,1,3,0.9221034,1,CS,aññikkoʔ
166-67_tosew-1,Makassar,to sew,anjaiʔ,1,6,3,0.5,0,a,1,1,0,1,0,ACTION,1,1,0.779,1,0,0,0,0,0,0,0,1,0,0,0,0,0,0,218.0,1.0,0.5,3.0,0,2,0.31242537,0,CA,anjaiʔ
166-68_needle-1,Makassar,needle,jaruŋ,1,5,2,0.4,0,other,0,1,0,0,0,OTHER,1,1,0.779,0,0,0,0,1,0,0,0,0,0,0,0,0,1,0,317.0,1.0,0.1667,1.0,0,2,0.1183247,0,CA,jaruŋ
166-69_tohunt-1,Makassar,to hunt,andoaŋ,0,6,3,0.5,0,a,0,1,0,1,0,ACTION,1,1,0.779,1,0,0,0,0,0,0,0,1,0,0,0,0,0,0,0.0,0.0,1.0,4.0,1,2,0.35026366,0,RO,andoaŋ
166-70_toshoot-1,Makassar,to shoot,annembaʔ,1,8,3,0.375,0,a,1,1,0,2,0,OTHER,0,1,0.779,1,0,0,0,0,0,0,0,0,0,0,0,0,1,0,78.0,1.0,0.0,0.0,0,3,0.17938602,0,CA,annembaʔ
166-71_tostabpierce-1,Makassar,"to stab, pierce",annoboʔ,0,7,3,0.4286,0,a,1,0,0,1,0,ACTION,0,1,0.779,1,0,0,0,0,0,0,0,1,0,0,0,0,0,0,0.0,0.0,0.375,2.0,1,3,0.8681483,1,CS,annoboʔ
166-72_tohit-1,Makassar,to hit,annunruŋ,0,8,3,0.375,0,a,0,1,0,2,0,ACTION,1,1,0.779,1,0,0,0,0,0,0,0,1,0,0,0,0,0,0,0.0,0.0,1.0,6.0,1,3,0.5553496,1,CS,annunruŋ
166-73_tosteal-1,Makassar,to steal,allukka,0,7,3,0.4286,1,a,0,0,0,2,0,ACTION,1,1,0.779,1,0,0,0,0,0,0,0,1,0,0,0,0,0,0,0.0,0.0,0.6667,4.0,1,3,0.44539595,0,RO,allukka
166-74_tokill-1,Makassar,to kill,ambuno,1,6,3,0.5,1,a,0,1,0,1,0,ACTION,1,1,0.779,1,0,0,0,0,0,0,0,1,0,0,0,0,0,0,338.0,1.0,0.0,0.0,0,3,0.3773592,0,CA,ambuno
166-75_todiebedead-1,Makassar,"to die, be dead",matɛ,1,4,2,0.5,1,m,0,0,0,0,1,ACTION,1,1,0.779,0,0,0,1,0,0,0,0,1,0,0,0,0,0,0,1291.0,1.0,0.0,0.0,0,2,0.17322433,0,CA,matɛ
166-76_tolivebealive-1,Makassar,"to live, be alive",tallasaʔ,0,8,3,0.375,0,t,1,0,0,1,1,ACTION,1,1,0.779,0,0,0,0,0,0,0,1,1,0,0,0,0,0,0,0.0,0.0,0.3333,2.0,1,3,0.7605413,1,CS,tallasaʔ
166-77_toscratch-1,Makassar,to scratch,aŋkaŋkaŋ,1,8,3,0.375,0,a,0,1,1,2,1,ACTION,0,1,0.779,1,0,0,0,0,0,0,0,1,0,0,0,0,0,0,6.0,1.0,0.125,1.0,0,3,0.56865036,1,MO,aŋkaŋkaŋ
166-78_tocuthack-1,Makassar,"to cut, hack",ammoloŋ,1,7,3,0.4286,0,a,0,1,0,1,0,ACTION,1,1,0.779,1,0,0,0,0,0,0,0,1,0,0,0,0,0,0,3.0,1.0,0.625,3.0,0,3,0.35010475,0,CA,ammoloŋ
166-79_stickwood-1,Makassar,stick/wood,kayu,1,4,2,0.5,1,k,0,0,0,0,1,OTHER,1,1,0.779,0,0,1,0,0,0,0,0,0,0,0,0,0,1,0,1202.0,1.0,0.1667,1.0,0,2,0.14221394,0,CA,kayu
166-80_tosplit-1,Makassar,to split,ammuɛ,0,5,3,0.6,1,a,0,0,0,1,0,ACTION,1,1,0.779,1,0,0,0,0,0,0,0,1,0,0,0,0,0,0,0.0,0.0,0.5,3.0,1,2,0.5173961,1,CS,ammuɛ
166-81_sharp-1,Makassar,sharp,taraŋ,1,5,2,0.4,0,t,0,1,0,0,1,QUALITY,1,1,0.779,0,0,0,0,0,0,0,1,0,0,0,0,0,0,1,244.0,1.0,0.1667,1.0,0,2,0.16994655,0,CA,taraŋ
166-82_dullblunt-1,Makassar,"dull, blunt",pokkoloʔ,0,8,3,0.375,0,p,1,0,0,1,1,QUALITY,1,1,0.779,0,0,0,0,0,1,0,0,0,0,0,0,0,0,1,0.0,0.0,0.8,4.0,1,3,0.9074208,1,CS,pokkoloʔ
166-83_towork-1,Makassar,to work,anjama,1,6,3,0.5,1,a,0,1,0,1,0,ACTION,1,1,0.779,1,0,0,0,0,0,0,0,1,0,0,0,0,0,0,5.0,1.0,0.1667,1.0,0,3,0.3773592,0,CA,anjama
166-84_toplant-1,Makassar,to plant,attanaŋ,1,7,3,0.4286,0,a,0,1,0,1,0,ACTION,1,1,0.779,1,0,0,0,0,0,0,0,1,0,0,0,0,0,0,234.0,1.0,0.2857,2.0,0,3,0.35010475,0,CA,attanaŋ
166-85_tochoose-1,Makassar,to choose,ammilɛ,1,6,3,0.5,1,a,0,0,0,1,0,ACTION,1,1,0.779,1,0,0,0,0,0,0,0,1,0,0,0,0,0,0,444.0,1.0,0.1667,1.0,0,3,0.3982973,0,CA,ammilɛ
166-86_togrow-1,Makassar,to grow,attimbo,0,7,3,0.4286,1,a,0,1,0,2,0,ACTION,1,1,0.779,1,0,0,0,0,0,0,0,1,0,0,0,0,0,0,0.0,0.0,0.3333,2.0,1,3,0.42372543,0,RO,attimbo
166-87_toswell-1,Makassar,to swell,kambaŋ,1,6,2,0.3333,0,k,0,1,0,1,1,ACTION,1,1,0.779,0,0,1,0,0,0,0,0,1,0,0,0,0,0,0,21.0,1.0,0.375,2.0,0,2,0.4596249,0,CA,kambaŋ
166-88_tosqueeze-1,Makassar,to squeeze,ammaccoʔ,0,8,3,0.375,0,a,1,0,0,2,0,ACTION,1,1,0.779,1,0,0,0,0,0,0,0,1,0,0,0,0,0,0,0.0,0.0,0.3333,2.0,1,3,0.5771949,1,CS,ammaccoʔ
166-89_tohold-1,Makassar,to hold,annaʔgalaʔ,0,10,4,0.4,0,a,1,0,0,2,0,ACTION,1,1,0.779,1,0,0,0,0,0,0,0,1,0,0,0,0,0,0,0.0,0.0,0.75,5.0,1,4,0.64169717,1,CS,annaʔgalaʔ
166-90_todig-1,Makassar,to dig,aŋŋɛkɛ,0,6,3,0.5,1,a,0,1,0,1,1,ACTION,1,1,0.779,1,0,0,0,0,0,0,0,1,0,0,0,0,0,0,0.0,0.0,0.3333,2.0,1,3,0.46435678,0,RO,aŋŋɛkɛ
166-91_tobuy-1,Makassar,to buy,ammalli,1,7,3,0.4286,1,a,0,0,0,2,0,ACTION,1,1,0.779,1,0,0,0,0,0,0,0,1,0,0,0,0,0,0,394.0,1.0,0.1667,1.0,0,3,0.44539595,0,CA,ammalli
166-92_toopenuncover-1,Makassar,"to open, uncover",aññuŋkɛ,0,7,3,0.4286,1,a,0,1,0,2,0,ACTION,1,1,0.779,1,0,0,0,0,0,0,0,1,0,0,0,0,0,0,0.0,0.0,0.4286,3.0,1,3,0.42372543,0,RO,aññuŋkɛ
166-93_topoundbeat-1,Makassar,"to pound, beat",annumbuʔ,1,8,3,0.375,0,a,1,1,0,2,0,ACTION,1,1,0.779,1,0,0,0,0,0,0,0,1,0,0,0,0,0,0,23.0,1.0,0.375,2.0,0,3,0.5234779,1,MO,annumbuʔ
166-94_tothrow-1,Makassar,to throw,aññambila,0,9,4,0.4444,1,a,0,1,0,2,0,ACTION,1,1,0.779,1,0,0,0,0,0,0,0,1,0,0,0,0,0,0,0.0,0.0,0.7143,5.0,1,4,0.5831845,1,CS,aññambila
166-95_tofall-1,Makassar,to fall,tuʔguruʔ,0,8,3,0.375,0,t,1,0,0,1,0,ACTION,1,1,0.779,0,0,0,0,0,0,0,1,1,0,0,0,0,0,0,0.0,0.0,0.8,4.0,1,3,0.7717345,1,CS,tuʔguruʔ
166-96_dog-1,Makassar,dog,koŋkoŋ,0,6,2,0.3333,0,k,0,1,1,1,0,OTHER,1,1,0.779,0,0,1,0,0,0,0,0,0,0,0,0,0,1,0,0.0,0.0,0.3333,2.0,1,2,0.3667161,0,RO,koŋkoŋ
166-97_bird-1,Makassar,bird,jaŋanɟaŋaŋ,0,10,4,0.4,0,other,0,1,1,1,0,OTHER,1,1,0.779,0,0,0,0,1,0,0,0,0,0,0,0,0,1,0,0.0,0.0,0.1667,1.0,1,4,0.7218199,1,CS,jaŋanɟaŋaŋ
166-98_egg-1,Makassar,egg,bayâo,0,6,3,0.5,1,b,0,0,0,0,0,BODY,1,1,0.779,0,1,0,0,0,0,0,0,0,1,0,0,0,0,0,0.0,0.0,0.3333,2.0,1,3,0.24373949,0,RO,bayâo
166-99_feather-1,Makassar,feather,bulu,1,4,2,0.5,1,b,0,0,0,0,0,BODY,1,1,0.779,0,1,0,0,0,0,0,0,0,1,0,0,0,0,0,647.0,1.0,0.1667,1.0,0,2,0.12160581,0,CA,bulu
166-100_wing-1,Makassar,wing,kaʔñiʔ,0,6,2,0.3333,0,k,1,0,0,1,1,BODY,0,1,0.779,0,0,1,0,0,0,0,0,0,1,0,0,0,0,0,0.0,0.0,0.3333,2.0,1,2,0.72440994,1,CS,kaʔñiʔ
166-101_tofly-1,Makassar,to fly,anriʔba,1,7,3,0.4286,1,a,1,0,0,2,0,ACTION,1,1,0.779,1,0,0,0,0,0,0,0,1,0,0,0,0,0,0,230.0,1.0,0.5,3.0,0,3,0.40988576,0,CA,anriʔba
166-102_rat-1,Makassar,rat,balao,1,5,3,0.6,1,b,0,0,0,0,0,OTHER,1,1,0.779,0,1,0,0,0,0,0,0,0,0,0,0,0,1,0,363.0,1.0,0.1429,1.0,0,2,0.10988468,0,CA,balao
166-103_meatflesh-1,Makassar,meat/flesh,assi,1,4,2,0.5,1,a,0,0,0,1,0,BODY,1,1,0.779,1,0,0,0,0,0,0,0,0,1,0,0,0,0,0,146.0,1.0,0.3333,2.0,0,2,0.069224894,0,CA,assi
166-104_fatgrease-1,Makassar,fat/grease,jamɛʔjamɛʔ,1,10,4,0.4,0,other,1,0,0,1,0,BODY,1,1,0.779,0,0,0,0,1,0,0,0,0,1,0,0,0,0,0,40.0,1.0,0.1667,1.0,0,4,0.5261717,1,MO,jamɛʔjamɛʔ
166-105_tail-1,Makassar,tail,iŋkoŋ,1,5,2,0.4,0,other,0,1,0,1,0,BODY,1,1,0.779,0,0,0,0,1,0,0,0,0,1,0,0,0,0,0,454.0,1.0,0.3333,2.0,0,2,0.13882673,0,CA,iŋkoŋ
166-106_snake-1,Makassar,snake,ularaʔ,1,6,3,0.5,0,other,1,0,0,0,0,OTHER,1,1,0.779,0,0,0,0,1,0,0,0,0,0,0,0,0,1,0,229.0,1.0,0.0,0.0,0,3,0.25046468,0,CA,ularaʔ
166-107_wormearthworm-1,Makassar,worm (earthworm),gallaŋgallaŋ,1,12,4,0.3333,0,other,0,1,0,3,0,OTHER,1,1,0.779,0,0,0,0,1,0,0,0,0,0,0,0,0,1,0,32.0,1.0,0.6,3.0,0,4,0.3627764,0,CA,gallaŋgallaŋ
166-108_louse-1,Makassar,louse,kutu,1,4,2,0.5,1,k,0,0,0,0,0,OTHER,1,1,0.779,0,0,1,0,0,0,0,0,0,0,0,0,0,1,0,1230.0,1.0,0.0,0.0,0,2,0.13960499,0,CA,kutu
166-109_mosquito-1,Makassar,mosquito,lamuʔ,1,5,2,0.4,0,other,1,0,0,0,0,OTHER,1,1,0.779,0,0,0,0,1,0,0,0,0,0,0,0,0,1,0,955.0,1.0,0.2857,2.0,0,2,0.15371919,0,CA,lamuʔ
166-110_spider-1,Makassar,spider,labalaba,1,8,4,0.5,1,other,0,0,0,0,0,OTHER,0,1,0.779,0,0,0,0,1,0,0,0,0,0,0,0,0,1,0,375.0,1.0,0.0,0.0,0,4,0.046117604,0,CA,labalaba
166-111_fish-1,Makassar,fish,jukuʔ,0,5,2,0.4,0,other,1,0,0,0,0,OTHER,1,1,0.779,0,0,0,0,1,0,0,0,0,0,0,0,0,1,0,0.0,0.0,0.1429,1.0,1,2,0.15371919,0,RO,jukuʔ
166-112_rotten-1,Makassar,rotten,bottoʔ,0,6,2,0.3333,0,b,1,0,0,1,0,QUALITY,0,1,0.779,0,1,0,0,0,0,0,0,0,0,0,0,0,0,1,0.0,0.0,0.5,3.0,1,2,0.5830178,1,CS,bottoʔ
166-113_branch-1,Makassar,branch,taŋkɛ,1,5,2,0.4,1,t,0,1,0,1,1,OTHER,0,1,0.779,0,0,0,0,0,0,0,1,0,0,0,0,0,1,0,4.0,1.0,0.0,0.0,0,2,0.031978726,0,CA,taŋkɛ
166-114_leaf-1,Makassar,leaf,lɛkoʔ,0,5,2,0.4,0,other,1,0,0,0,0,NATURE,1,1,0.779,0,0,0,0,1,0,0,0,0,0,0,1,0,0,0,0.0,0.0,0.5,3.0,1,2,0.21201211,0,RO,lɛkoʔ
166-115_root-1,Makassar,root,akaʔ,1,4,2,0.5,0,a,1,0,0,0,0,NATURE,1,1,0.779,1,0,0,0,0,0,0,0,0,0,0,1,0,0,0,608.0,1.0,0.3333,2.0,0,2,0.075100005,0,CA,akaʔ
166-116_flower-1,Makassar,flower,buŋa,1,4,2,0.5,1,b,0,1,0,0,0,NATURE,1,1,0.779,0,1,0,0,0,0,0,0,0,0,0,1,0,0,0,322.0,1.0,0.1429,1.0,0,2,0.08761543,0,CA,buŋa
166-117_fruit-1,Makassar,fruit,rapporappo,0,10,4,0.4,1,other,0,0,0,2,0,NATURE,1,1,0.779,0,0,0,0,1,0,0,0,0,0,0,1,0,0,0,0.0,0.0,0.1667,1.0,1,4,0.5488315,1,CS,rapporappo
166-118_grass-1,Makassar,grass,rukuʔ,1,5,2,0.4,0,other,1,0,0,0,0,NATURE,1,1,0.779,0,0,0,0,1,0,0,0,0,0,0,1,0,0,0,59.0,1.0,0.7143,4.0,0,2,0.21201211,0,CA,rukuʔ
166-119_earthsoil-1,Makassar,earth/soil,butta,1,5,2,0.4,1,b,0,0,0,1,0,NATURE,1,1,0.779,0,1,0,0,0,0,0,0,0,0,0,1,0,0,0,43.0,1.0,0.0,0.0,0,2,0.21380854,0,CA,butta
166-120_stone-1,Makassar,stone,batu,1,4,2,0.5,1,b,0,0,0,0,0,NATURE,1,1,0.779,0,1,0,0,0,0,0,0,0,0,0,1,0,0,0,1145.0,1.0,0.0,0.0,0,2,0.08578682,0,CA,batu
166-121_sand-1,Makassar,sand,kassiʔ,1,6,2,0.3333,0,k,1,0,0,1,1,NATURE,1,1,0.779,0,0,1,0,0,0,0,0,0,0,0,1,0,0,0,13.0,1.0,0.0,0.0,0,2,0.38305175,0,CA,kassiʔ
166-122_water-1,Makassar,water,jeʔneʔ,0,6,2,0.3333,0,other,1,0,0,1,0,NATURE,1,1,0.779,0,0,0,0,1,0,0,0,0,0,0,1,0,0,0,0.0,0.0,0.3333,2.0,1,2,0.43916488,0,RO,jeʔneʔ
166-123_toflow-1,Makassar,to flow,assoloŋ,1,7,3,0.4286,0,a,0,1,0,1,0,ACTION,1,1,0.779,1,0,0,0,0,0,0,0,1,0,0,0,0,0,0,4.0,1.0,0.5,3.0,0,3,0.35010475,0,CA,assoloŋ
166-124_sea-1,Makassar,sea,tamparaŋ,0,8,3,0.375,0,t,0,1,0,1,1,NATURE,1,1,0.779,0,0,0,0,0,0,0,1,0,0,0,1,0,0,0,0.0,0.0,0.2857,2.0,1,3,0.54863626,1,CS,tamparaŋ
166-125_salt-1,Makassar,salt,cɛʔla,0,5,2,0.4,1,other,1,0,0,1,0,NATURE,1,1,0.779,0,0,0,0,1,0,0,0,0,0,0,1,0,0,0,0.0,0.0,0.5,3.0,1,2,0.3286103,0,RO,cɛʔla
166-126_lake-1,Makassar,lake,balaŋ,1,5,2,0.4,0,b,0,1,0,0,0,NATURE,1,1,0.779,0,1,0,0,0,0,0,0,0,0,0,1,0,0,0,2.0,1.0,0.1667,1.0,0,2,0.09299576,0,CA,balaŋ
166-127_woodsforest-1,Makassar,woods/forest,romaŋ,1,5,2,0.4,0,other,0,1,0,0,0,NATURE,1,1,0.779,0,0,0,0,1,0,0,0,0,0,0,1,0,0,0,13.0,1.0,0.5,3.0,0,2,0.115567744,0,CA,romaŋ
166-128_sky-1,Makassar,sky,laŋiʔ,1,5,2,0.4,0,other,1,1,0,0,0,NATURE,1,1,0.779,0,0,0,0,1,0,0,0,0,0,0,1,0,0,0,589.0,1.0,0.2857,2.0,0,2,0.20731014,0,CA,laŋiʔ
166-129_moon-1,Makassar,moon,bulaŋ,1,5,2,0.4,0,b,0,1,0,0,0,NATURE,1,1,0.779,0,1,0,0,0,0,0,0,0,0,0,1,0,0,0,764.0,1.0,0.0,0.0,0,2,0.09299576,0,CA,bulaŋ
166-130_star-1,Makassar,star,bintoɛŋ,1,7,3,0.4286,0,b,0,1,0,1,0,NATURE,1,1,0.779,0,1,0,0,0,0,0,0,0,0,0,1,0,0,0,648.0,1.0,0.1429,1.0,0,2,0.25633407,0,CA,bintoɛŋ
166-131_cloud-1,Makassar,cloud,rammaŋ,0,6,2,0.3333,0,other,0,1,0,1,0,NATURE,1,1,0.779,0,0,0,0,1,0,0,0,0,0,0,1,0,0,0,0.0,0.0,0.8333,5.0,1,2,0.35580558,0,RO,rammaŋ
166-132_fog-1,Makassar,fog,saliu,0,5,3,0.6,1,s,0,0,0,0,0,NATURE,1,1,0.779,0,0,0,0,0,0,1,0,0,0,0,1,0,0,0,0.0,0.0,0.1667,1.0,1,2,0.6484219,1,CS,saliu
166-133_rain-1,Makassar,rain,bosi,1,4,2,0.5,1,b,0,0,0,0,0,NATURE,1,1,0.779,0,1,0,0,0,0,0,0,0,0,0,1,0,0,0,2.0,1.0,0.1667,1.0,0,2,0.08578682,0,CA,bosi
166-134_thunder-1,Makassar,thunder,gunturuʔ,1,8,3,0.375,0,other,1,1,0,1,0,NATURE,1,1,0.779,0,0,0,0,1,0,0,0,0,0,0,1,0,0,0,37.0,1.0,0.0,0.0,0,3,0.6062403,1,MO,gunturuʔ
166-135_lightning-1,Makassar,lightning,killaʔ,1,6,2,0.3333,0,k,1,0,0,1,0,NATURE,1,1,0.779,0,0,1,0,0,0,0,0,0,0,0,1,0,0,0,257.0,1.0,0.1429,1.0,0,2,0.37738085,0,CA,killaʔ
166-136_wind-1,Makassar,wind,aŋiŋ,1,4,2,0.5,0,a,0,1,0,0,1,NATURE,1,1,0.779,1,0,0,0,0,0,0,0,0,0,0,1,0,0,0,724.0,1.0,0.1667,1.0,0,2,0.14031345,0,CA,aŋiŋ
166-137_toblow-1,Makassar,to blow,annuiʔ,1,6,3,0.5,0,a,1,0,0,1,0,ACTION,1,1,0.779,1,0,0,0,0,0,0,0,1,0,0,0,0,0,0,196.0,1.0,0.6667,4.0,0,2,0.37162697,0,CA,annuiʔ
166-138_warm-1,Makassar,warm,bambaŋ,0,6,2,0.3333,0,b,0,1,0,1,0,QUALITY,1,1,0.779,0,1,0,0,0,0,0,0,0,0,0,0,0,0,1,0.0,0.0,0.5714,4.0,1,2,0.37497097,0,RO,bambaŋ
166-139_cold-1,Makassar,cold,diŋiŋ,1,5,2,0.4,0,other,0,1,1,0,0,QUALITY,1,1,0.779,0,0,0,0,1,0,0,0,0,0,0,0,0,0,1,273.0,1.0,0.3333,2.0,0,2,0.13060266,0,CA,diŋiŋ
166-140_dry-1,Makassar,dry,kalotoroʔ,0,9,4,0.4444,0,k,1,0,0,0,1,QUALITY,1,1,0.779,0,0,1,0,0,0,0,0,0,0,0,0,0,0,1,0.0,0.0,0.5,3.0,1,4,0.7226284,1,CS,kalotoroʔ
166-141_wet-1,Makassar,wet,basa,1,4,2,0.5,1,b,0,0,0,0,0,QUALITY,1,1,0.779,0,1,0,0,0,0,0,0,0,0,0,0,0,0,1,217.0,1.0,0.5,3.0,0,2,0.1629569,0,CA,basa
166-142_heavy-1,Makassar,heavy,battalaʔ,1,8,3,0.375,0,b,1,0,0,1,0,QUALITY,1,1,0.779,0,1,0,0,0,0,0,0,0,0,0,0,0,0,1,263.0,1.0,0.6667,4.0,0,3,0.28299308,0,CA,battalaʔ
166-143_fire-1,Makassar,fire,pɛpɛʔ,0,5,2,0.4,0,p,1,0,1,0,0,NATURE,1,1,0.779,0,0,0,0,0,1,0,0,0,0,0,1,0,0,0,0.0,0.0,0.3333,2.0,1,2,0.5113206,1,CS,pɛpɛʔ
166-144_toburn-1,Makassar,to burn,antunu,1,6,3,0.5,1,a,0,1,0,1,0,ACTION,1,1,0.779,1,0,0,0,0,0,0,0,1,0,0,0,0,0,0,261.0,1.0,0.3333,2.0,0,3,0.3773592,0,CA,antunu
166-145_smoke-1,Makassar,smoke,rumbu,1,5,2,0.4,1,other,0,1,0,1,0,NATURE,1,1,0.779,0,0,0,0,1,0,0,0,0,0,0,1,0,0,0,12.0,1.0,0.0,0.0,0,2,0.2618217,0,CA,rumbu
166-146_ashes-1,Makassar,ashes,awu,1,3,2,0.6667,1,a,0,0,0,0,0,NATURE,1,1,0.779,1,0,0,0,0,0,0,0,0,0,0,1,0,0,0,607.0,1.0,0.1429,1.0,0,2,0.0482347,0,CA,awu
166-147_black-1,Makassar,black,lɛʔlɛŋ,0,6,2,0.3333,0,other,1,1,0,1,0,QUALITY,1,1,0.779,0,0,0,0,1,0,0,0,0,0,0,0,0,0,1,0.0,0.0,0.3333,2.0,1,2,0.52339447,1,CS,lɛʔlɛŋ
166-148_white-1,Makassar,white,kɛboʔ,0,5,2,0.4,0,k,1,0,0,0,0,QUALITY,1,1,0.779,0,0,1,0,0,0,0,0,0,0,0,0,0,0,1,0.0,0.0,0.3333,2.0,1,2,0.31508017,0,RO,kɛboʔ
166-149_red-1,Makassar,red,ɛja,0,3,2,0.6667,1,other,0,0,0,0,0,QUALITY,1,1,0.779,0,0,0,0,1,0,0,0,0,0,0,0,0,0,1,0.0,0.0,0.6667,4.0,1,2,0.25587773,0,RO,ɛja
166-150_yellow-1,Makassar,yellow,kuŋ̃iʔ,1,6,2,0.3333,0,k,1,1,0,0,0,QUALITY,1,1,0.779,0,0,1,0,0,0,0,0,0,0,0,0,0,0,1,160.0,1.0,0.1667,1.0,0,2,0.37288654,0,CA,kuŋ̃iʔ
166-151_green-1,Makassar,green,moncoŋ bulo,0,11,4,0.3636,1,m,0,1,0,1,1,QUALITY,1,1,0.779,0,0,0,1,0,0,0,0,0,0,0,0,0,0,1,0.0,0.0,0.5,3.0,1,4,0.8920032,1,CS,moncoŋ bulo
166-152_small-1,Makassar,small,caʔdi,0,5,2,0.4,1,other,1,0,0,1,0,QUALITY,1,1,0.779,0,0,0,0,1,0,0,0,0,0,0,0,0,0,1,0.0,0.0,0.5,3.0,1,2,0.3839054,0,RO,caʔdi
166-153_big-1,Makassar,big,lompo,0,5,2,0.4,1,other,0,1,0,1,0,QUALITY,1,1,0.779,0,0,0,0,1,0,0,0,0,0,0,0,0,0,1,0.0,0.0,0.7143,4.0,1,2,0.31970918,0,RO,lompo
166-154_short-1,Makassar,short,bodo,1,4,2,0.5,1,b,0,0,0,0,0,QUALITY,1,1,0.779,0,1,0,0,0,0,0,0,0,0,0,0,0,0,1,80.0,1.0,0.4286,3.0,0,2,0.1629569,0,CA,bodo
166-155_long-1,Makassar,long,laʔbu,1,5,2,0.4,1,other,1,0,0,1,0,QUALITY,1,1,0.779,0,0,0,0,1,0,0,0,0,0,0,0,0,0,1,93.0,1.0,0.125,1.0,0,2,0.3839054,0,CA,laʔbu
166-156_thin-1,Makassar,thin,nipisiʔ,1,7,3,0.4286,0,other,1,0,0,0,0,QUALITY,1,1,0.779,0,0,0,0,1,0,0,0,0,0,0,0,0,0,1,662.0,1.0,0.0,0.0,0,3,0.30439925,0,CA,nipisiʔ
166-157_thick-1,Makassar,thick,kapalaʔ,1,7,3,0.4286,0,k,1,0,0,0,1,QUALITY,1,1,0.779,0,0,1,0,0,0,0,0,0,0,0,0,0,0,1,129.0,1.0,0.1667,1.0,0,3,0.48108864,0,CA,kapalaʔ
166-158_narrow-1,Makassar,narrow,ecereʔ,0,6,3,0.5,0,other,1,0,0,0,0,QUALITY,1,1,0.779,0,0,0,0,1,0,0,0,0,0,0,0,0,0,1,0.0,0.0,0.4286,3.0,1,3,0.35636425,0,RO,ecereʔ
166-159_wide-1,Makassar,wide,luaraʔ,1,6,3,0.5,0,other,1,0,0,0,0,QUALITY,1,1,0.779,0,0,0,0,1,0,0,0,0,0,0,0,0,0,1,84.0,1.0,0.3333,2.0,0,2,0.35636425,0,CA,luaraʔ
166-160_painfulsick-1,Makassar,"painful, sick",garriŋ,1,6,2,0.3333,0,other,0,1,0,1,0,QUALITY,1,1,0.779,0,0,0,0,1,0,0,0,0,0,0,0,0,0,1,4.0,1.0,0.3333,2.0,0,2,0.42976254,0,CA,garriŋ
166-161_shyashamed-1,Makassar,"shy, ashamed",siriʔ,1,5,2,0.4,0,s,1,0,0,0,0,QUALITY,1,1,0.779,0,0,0,0,0,0,1,0,0,0,0,0,0,0,1,3.0,1.0,0.1667,1.0,0,2,0.27196229,0,CA,siriʔ
166-162_old-1,Makassar,old,toa,1,3,2,0.6667,1,t,0,0,0,0,0,QUALITY,1,1,0.779,0,0,0,0,0,0,0,1,0,0,0,0,0,0,1,392.0,1.0,0.2857,2.0,0,1,0.20214719,0,CA,toa
166-163_new-1,Makassar,new,bɛru,1,4,2,0.5,1,b,0,0,0,0,0,QUALITY,1,1,0.779,0,1,0,0,0,0,0,0,0,0,0,0,0,0,1,796.0,1.0,0.1667,1.0,0,2,0.1629569,0,CA,bɛru
166-164_good-1,Makassar,good,bajiʔ,1,5,2,0.4,0,b,1,0,0,0,0,QUALITY,1,1,0.779,0,1,0,0,0,0,0,0,0,0,0,0,0,0,1,17.0,1.0,0.4286,3.0,0,2,0.08020508,0,CA,bajiʔ
166-165_badevil-1,Makassar,"bad, evil",kodi,0,4,2,0.5,1,k,0,0,0,0,0,QUALITY,1,1,0.779,0,0,1,0,0,0,0,0,0,0,0,0,0,0,1,0.0,0.0,0.3333,2.0,1,2,0.29485738,0,RO,kodi
166-166_correcttrue-1,Makassar,"correct, true",tojeŋ,1,5,2,0.4,0,t,0,1,0,0,0,QUALITY,1,1,0.779,0,0,0,0,0,0,0,1,0,0,0,0,0,0,1,4.0,1.0,0.1667,1.0,0,2,0.16692787,0,CA,tojeŋ
166-167_night-1,Makassar,night,baŋŋi,1,5,2,0.4,1,b,0,1,0,1,0,OTHER,1,1,0.779,0,1,0,0,0,0,0,0,0,0,0,0,0,1,0,949.0,1.0,0.1429,1.0,0,2,0.16927081,0,CA,baŋŋi
166-168_day-1,Makassar,day,allo,1,4,2,0.5,1,a,0,0,0,1,0,OTHER,1,1,0.779,1,0,0,0,0,0,0,0,0,0,0,0,0,1,0,319.0,2.0,0.1667,1.0,0,2,0.10579252,0,CA,allo
166-169_year-1,Makassar,year,tauŋ,1,4,2,0.5,0,t,0,1,0,0,1,OTHER,1,1,0.779,0,0,0,0,0,0,0,1,0,0,0,0,0,1,0,426.0,1.0,0.0,0.0,0,1,0.15842557,0,CA,tauŋ
166-170_when-1,Makassar,when?,siapanna,1,8,4,0.5,1,s,0,0,0,1,0,GRAMMAR,1,1,0.779,0,0,0,0,0,0,1,0,0,0,1,0,0,0,0,484.0,1.0,0.1429,1.0,0,3,0.3661729,0,CA,siapanna
166-170_when-2,Makassar,when?,riŋapanna,0,9,4,0.4444,1,other,0,1,0,1,0,GRAMMAR,1,1,0.779,0,0,0,0,1,0,0,0,0,0,1,0,0,0,0,0.0,0.0,0.1429,1.0,1,4,0.6136502,1,CS,riŋapanna
166-171_tohide-1,Makassar,to hide,accokko,1,7,3,0.4286,1,a,0,0,0,2,0,ACTION,1,1,0.779,1,0,0,0,0,0,0,0,1,0,0,0,0,0,0,4.0,1.0,0.5714,4.0,0,3,0.44539595,0,CA,accokko
166-172_toclimb-1,Makassar,to climb,naiʔ,1,4,2,0.5,0,other,1,0,0,0,1,ACTION,1,1,0.779,0,0,0,0,1,0,0,0,1,0,0,0,0,0,0,126.0,1.0,0.1667,1.0,0,1,0.3122769,0,CA,naiʔ
166-173_at-1,Makassar,at,ri,1,2,1,0.5,1,other,0,0,0,0,0,GRAMMAR,1,1,0.779,0,0,0,0,1,0,0,0,0,0,1,0,0,0,0,150.0,1.0,0.0,0.0,0,1,0.041778862,0,CA,ri
166-174_ininside-1,Makassar,"in, inside",ilalaŋ,1,6,3,0.5,0,other,0,1,1,0,0,GRAMMAR,1,1,0.779,0,0,0,0,1,0,0,0,0,0,1,0,0,0,0,592.0,1.0,0.1429,1.0,0,3,0.24251503,0,CA,ilalaŋ
166-175_above-1,Makassar,above,iratɛ,1,5,3,0.6,1,other,0,0,0,0,0,GRAMMAR,1,1,0.779,0,0,0,0,1,0,0,0,0,0,1,0,0,0,0,188.0,1.0,0.1429,1.0,0,3,0.24304175,0,CA,iratɛ
166-176_below-1,Makassar,below,irawa,1,5,3,0.6,1,other,0,0,0,0,0,GRAMMAR,1,1,0.779,0,0,0,0,1,0,0,0,0,0,1,0,0,0,0,165.0,1.0,0.5714,4.0,0,3,0.24304175,0,CA,irawa
166-177_this-1,Makassar,this,annɛ,1,4,2,0.5,1,a,0,0,0,1,0,GRAMMAR,1,1,0.779,1,0,0,0,0,0,0,0,0,0,1,0,0,0,0,500.0,1.0,0.3333,2.0,0,2,0.3511356,0,CA,annɛ
166-178_that-1,Makassar,that,antu,1,4,2,0.5,1,a,0,1,0,1,0,GRAMMAR,1,1,0.779,1,0,0,0,0,0,0,0,0,0,1,0,0,0,0,75.0,1.0,0.3333,3.0,0,2,0.35309494,0,CA,antu
166-178_that-2,Makassar,that,añjo,0,4,2,0.5,1,a,0,0,0,1,0,GRAMMAR,1,1,0.779,1,0,0,0,0,0,0,0,0,0,1,0,0,0,0,0.0,0.0,0.3333,3.0,1,2,0.3511356,0,RO,añjo
166-179_near-1,Makassar,near,ambani,1,6,3,0.5,1,a,0,1,0,1,0,GRAMMAR,1,1,0.779,1,0,0,0,0,0,0,0,0,0,1,0,0,0,0,160.0,1.0,0.4286,3.0,0,3,0.29684073,0,CA,ambani
166-180_far-1,Makassar,far,bɛlla,1,5,2,0.4,1,b,0,0,0,1,0,GRAMMAR,1,1,0.779,0,1,0,0,0,0,0,0,0,0,1,0,0,0,0,4.0,1.0,0.3333,2.0,0,2,0.54997885,1,MO,bɛlla
166-181_where-1,Makassar,where?,kɛmàɛ,0,5,3,0.6,1,k,0,0,0,0,0,GRAMMAR,1,1,0.779,0,0,1,0,0,0,0,0,0,0,1,0,0,0,0,0.0,0.0,0.5714,4.0,1,2,0.54194987,1,CS,kɛmàɛ
166-182_i-1,Makassar,I,inakkɛ,1,6,3,0.5,1,other,0,0,0,1,0,GRAMMAR,1,1,0.779,0,0,0,0,1,0,0,0,0,0,1,0,0,0,0,1573.0,1.0,0.1667,1.0,0,3,0.30588573,0,CA,inakkɛ
166-183_thou-1,Makassar,thou,ikau,1,4,3,0.75,1,other,0,0,0,0,0,GRAMMAR,1,1,0.779,0,0,0,0,1,0,0,0,0,0,1,0,0,0,0,1534.0,1.0,0.1667,1.0,0,2,0.15569293,0,CA,ikau
166-184_heshe-1,Makassar,he/she,iya,1,3,2,0.6667,1,other,0,0,0,0,0,GRAMMAR,1,1,0.779,0,0,0,0,1,0,0,0,0,0,1,0,0,0,0,1440.0,1.0,0.2857,1.0,0,2,0.13501471,0,CA,iya
166-185_we-1,Makassar,we,(i)kattɛ,1,8,3,0.375,1,other,0,0,0,1,0,OTHER,0,1,0.779,0,0,0,0,1,0,0,0,0,0,0,0,0,1,0,1009.0,1.0,0.0,0.0,0,3,0.09343451,0,CA,(i)kattɛ
166-185_we-2,Makassar,we,(i)kambe,1,8,3,0.375,1,other,0,1,0,1,0,OTHER,0,1,0.779,0,0,0,0,1,0,0,0,0,0,0,0,0,1,0,938.0,2.0,0.0,0.0,0,3,0.093984604,0,CA,(i)kambe
166-186_you-1,Makassar,you,ikau ŋasɛŋ,1,10,5,0.5,0,other,0,1,0,0,0,GRAMMAR,1,1,0.779,0,0,0,0,1,0,0,0,0,0,1,0,0,0,0,7.0,1.0,0.1667,1.0,0,4,0.26338065,0,CA,ikau ŋasɛŋ
166-187_they-1,Makassar,they,iya ŋasɛŋ,0,9,4,0.4444,0,other,0,1,0,0,0,GRAMMAR,1,1,0.779,0,0,0,0,1,0,0,0,0,0,1,0,0,0,0,0.0,0.0,0.7143,4.0,1,4,0.46042597,0,RO,iya ŋasɛŋ
166-188_what-1,Makassar,what?,apa,1,3,2,0.6667,1,a,0,0,0,0,0,GRAMMAR,1,1,0.779,1,0,0,0,0,0,0,0,0,0,1,0,0,0,0,1132.0,1.0,0.1667,1.0,0,2,0.032250345,0,CA,apa
166-189_who-1,Makassar,who?,inai,1,4,3,0.75,1,other,0,0,0,0,0,GRAMMAR,1,1,0.779,0,0,0,0,1,0,0,0,0,0,1,0,0,0,0,1036.0,1.0,0.5,3.0,0,2,0.15569293,0,CA,inai
166-190_other-1,Makassar,other,maraɛŋ,0,6,3,0.5,0,m,0,1,0,0,1,GRAMMAR,1,1,0.779,0,0,0,1,0,0,0,0,0,0,1,0,0,0,0,0.0,0.0,0.8,4.0,1,2,0.5027397,1,CS,maraɛŋ
166-191_all-1,Makassar,all,iya ŋasɛŋ,1,9,4,0.4444,0,other,0,1,0,0,0,GRAMMAR,1,1,0.779,0,0,0,0,1,0,0,0,0,0,1,0,0,0,0,2.0,1.0,0.4286,3.0,0,4,0.46042597,0,CA,iya ŋasɛŋ
166-192_and-1,Makassar,and,na,1,2,1,0.5,1,other,0,0,0,0,1,GRAMMAR,1,1,0.779,0,0,0,0,1,0,0,0,0,0,1,0,0,0,0,330.0,1.0,0.375,3.0,0,1,0.052299142,0,CA,na
166-193_if-1,Makassar,if,punna,0,5,2,0.4,1,p,0,0,0,1,0,GRAMMAR,1,1,0.779,0,0,0,0,0,1,0,0,0,0,1,0,0,0,0,0.0,0.0,0.75,5.0,1,2,0.79423416,1,CS,punna
166-194_how-1,Makassar,how?,antekamma,0,9,4,0.4444,1,a,0,1,0,2,0,GRAMMAR,1,1,0.779,1,0,0,0,0,0,0,0,0,0,1,0,0,0,0,0.0,0.0,0.5714,3.0,1,4,0.6357198,1,CS,antekamma
166-195_nonot-1,Makassar,"no, not",taɛna,0,5,3,0.6,1,t,0,0,0,0,1,GRAMMAR,1,1,0.779,0,0,0,0,0,0,0,1,0,0,1,0,0,0,0,0.0,0.0,0.5714,3.0,1,2,0.33410996,0,RO,taɛna
166-195_nonot-2,Makassar,"no, not",tɛna,0,4,2,0.5,1,t,0,0,0,0,0,GRAMMAR,1,1,0.779,0,0,0,0,0,0,0,1,0,0,1,0,0,0,0,0.0,0.0,0.5714,3.0,1,2,0.42369026,0,RO,tɛna
166-196_tocount-1,Makassar,to count,aŋŋituŋ,1,7,3,0.4286,0,a,0,1,0,1,1,ACTION,1,1,0.779,1,0,0,0,0,0,0,0,1,0,0,0,0,0,0,58.0,1.0,0.3333,2.0,0,3,0.38073605,0,CA,aŋŋituŋ
166-197_one-1,Makassar,One,sɛʔrɛ,1,5,2,0.4,1,s,1,0,0,1,0,NUMBER,1,1,0.779,0,0,0,0,0,0,1,0,0,0,0,0,1,0,0,643.0,2.0,0.1429,1.0,0,2,0.2617131,0,CA,sɛʔrɛ
166-198_two-1,Makassar,Two,rua,1,3,2,0.6667,1,other,0,0,0,0,0,NUMBER,1,1,0.779,0,0,0,0,1,0,0,0,0,0,0,0,1,0,0,1434.0,1.0,0.0,0.0,0,1,0.046758413,0,CA,rua
166-199_three-1,Makassar,Three,tallu,1,5,2,0.4,1,t,0,0,0,1,1,NUMBER,1,1,0.779,0,0,0,0,0,0,0,1,0,0,0,0,1,0,0,1402.0,1.0,0.0,0.0,0,2,0.15462506,0,CA,tallu
166-200_four-1,Makassar,Four,appaʔ,1,5,2,0.4,0,a,1,0,0,1,0,NUMBER,1,1,0.779,1,0,0,0,0,0,0,0,0,0,0,0,1,0,0,1308.0,1.0,0.1429,1.0,0,2,0.12017077,0,CA,appaʔ
166-201_five-1,Makassar,Five,lima,1,4,2,0.5,1,other,0,0,0,0,0,NUMBER,1,1,0.779,0,0,0,0,1,0,0,0,0,0,0,0,1,0,0,1232.0,1.0,0.0,0.0,0,2,0.05216199,0,CA,lima
166-202_six-1,Makassar,Six,annaŋ,1,5,2,0.4,0,a,0,1,0,1,0,NUMBER,0,1,0.779,1,0,0,0,0,0,0,0,0,0,0,0,1,0,0,699.0,1.0,0.5,2.0,0,2,0.3725446,0,CA,annaŋ
166-203_seven-1,Makassar,Seven,tuju,1,4,2,0.5,1,t,0,0,0,0,0,NUMBER,0,1,0.779,0,0,0,0,0,0,0,1,0,0,0,0,1,0,0,64.0,1.0,0.0,0.0,0,2,0.103545785,0,CA,tuju
166-204_eight-1,Makassar,Eight,sagantuju,0,9,4,0.4444,1,s,0,1,0,1,0,NUMBER,0,1,0.779,0,0,0,0,0,0,1,0,0,0,0,0,1,0,0,0.0,0.0,0.5,3.0,1,4,0.82535535,1,CS,sagantuju
166-205_nine-1,Makassar,Nine,salapaŋ,1,7,3,0.4286,0,s,0,1,0,0,0,NUMBER,0,1,0.779,0,0,0,0,0,0,1,0,0,0,0,0,1,0,0,7.0,1.0,0.0,0.0,0,3,0.2716282,0,CA,salapaŋ
166-206_ten-1,Makassar,Ten,sampulo,1,7,3,0.4286,1,s,0,1,0,1,0,NUMBER,0,1,0.779,0,0,0,0,0,0,1,0,0,0,0,0,1,0,0,782.0,1.0,0.4,2.0,0,3,0.4023422,0,CA,sampulo
166-207_twenty-1,Makassar,Twenty,ruampulo,0,8,4,0.5,1,other,0,1,0,1,0,NUMBER,0,1,0.779,0,0,0,0,1,0,0,0,0,0,0,0,1,0,0,0.0,0.0,0.8,4.0,1,3,0.66455173,1,CS,ruampulo
166-208_fifty-1,Makassar,Fifty,limampulo,0,9,4,0.4444,1,other,0,1,0,1,0,NUMBER,0,1,0.779,0,0,0,0,1,0,0,0,0,0,0,0,1,0,0,0.0,0.0,0.8,4.0,1,4,0.8242517,1,CS,limampulo
166-209_onehundred-1,Makassar,One Hundred,sibilaŋŋaŋ,0,10,4,0.4,0,s,0,1,0,1,0,NUMBER,0,1,0.779,0,0,0,0,0,0,1,0,0,0,0,0,1,0,0,0.0,0.0,0.8,4.0,1,4,0.7861585,1,CS,sibilaŋŋaŋ
166-210_onethousand-1,Makassar,One Thousand,sisaʔbu,0,7,3,0.4286,1,s,1,0,0,1,0,NUMBER,0,1,0.779,0,0,0,0,0,0,1,0,0,0,0,0,1,0,0,0.0,0.0,0.8333,5.0,1,3,0.8600726,1,CS,sisaʔbu
192-1_hand-1,Wolio,hand,lima,1,4,2,0.5,1,other,0,0,0,0,0,BODY,1,5,0.747,0,0,0,0,1,0,0,0,0,1,0,0,0,0,0,1102.0,2.0,0.0,0.0,0,2,0.08386338,0,CA,lima
192-2_left-1,Wolio,left,kuai,1,4,3,0.75,1,k,0,0,0,0,0,OTHER,0,5,0.747,0,0,1,0,0,0,0,0,0,0,0,0,0,1,0,651.0,2.0,0.0,0.0,0,1,0.019747496,0,CA,kuai
192-3_right-1,Wolio,right,kaana,1,5,3,0.6,1,k,0,0,0,0,1,OTHER,0,5,0.747,0,0,1,0,0,0,0,0,0,0,0,0,0,1,0,384.0,2.0,0.0,0.0,0,2,0.055766523,0,CA,kaana
192-4_legfoot-1,Wolio,leg/foot,ae,1,2,2,1.0,1,a,0,0,0,0,0,BODY,1,5,0.747,1,0,0,0,0,0,0,0,0,1,0,0,0,0,0,559.0,1.0,0.3333,2.0,0,1,0.0061961412,0,CA,ae
192-5_towalk-1,Wolio,to walk,liŋka,1,5,2,0.4,1,other,0,1,0,1,0,ACTION,1,5,0.747,0,0,0,0,1,0,0,0,1,0,0,0,0,0,0,6.0,1.0,0.2857,1.0,0,2,0.6660143,1,MO,liŋka
192-6_roadpath-1,Wolio,road/path,dala,1,4,2,0.5,1,other,0,0,0,0,0,NATURE,1,5,0.747,0,0,0,0,1,0,0,0,0,0,0,1,0,0,0,991.0,1.0,0.3333,2.0,0,2,0.1825074,0,CA,dala
192-7_tocome-1,Wolio,to come,mai,1,3,2,0.6667,1,m,0,0,0,0,1,ACTION,1,5,0.747,0,0,0,1,0,0,0,0,1,0,0,0,0,0,0,1125.0,1.0,0.625,4.0,0,1,0.2845453,0,CA,mai
192-7_tocome-2,Wolio,to come,kawa,0,4,2,0.5,1,k,0,0,0,0,1,ACTION,1,5,0.747,0,0,1,0,0,0,0,0,1,0,0,0,0,0,0,0.0,0.0,0.625,4.0,1,2,0.42049527,0,RO,kawa
192-7_tocome-3,Wolio,to come,umba,0,4,2,0.5,1,other,0,1,0,1,0,ACTION,1,5,0.747,0,0,0,0,1,0,0,0,1,0,0,0,0,0,0,0.0,0.0,0.625,4.0,1,2,0.4963429,0,RO,umba
192-8_toturn-1,Wolio,to turn,lari,0,4,2,0.5,1,other,0,0,0,0,0,ACTION,1,5,0.747,0,0,0,0,1,0,0,0,1,0,0,0,0,0,0,0.0,0.0,0.5,3.0,1,2,0.40197456,0,RO,lari
192-8_toturn-2,Wolio,to turn,gili,1,4,2,0.5,1,other,0,0,0,0,0,ACTION,1,5,0.747,0,0,0,0,1,0,0,0,1,0,0,0,0,0,0,14.0,1.0,0.5,3.0,0,2,0.40197456,0,CA,gili
192-8_toturn-3,Wolio,to turn,beŋku,0,5,2,0.4,1,b,0,1,0,1,0,ACTION,1,5,0.747,0,1,0,0,0,0,0,0,1,0,0,0,0,0,0,0.0,0.0,0.5,3.0,1,2,0.61452055,1,CS,beŋku
192-9_toswim-1,Wolio,to swim,poŋaŋo,1,6,3,0.5,1,p,0,1,0,0,1,ACTION,1,5,0.747,0,0,0,0,0,1,0,0,1,0,0,0,0,0,0,388.0,1.0,0.1667,1.0,0,3,0.3840235,0,CA,poŋaŋo
192-10_dirty-1,Wolio,dirty,marombu,1,7,3,0.4286,1,m,0,1,0,1,1,NATURE,0,5,0.747,0,0,0,1,0,0,0,0,0,0,0,1,0,0,0,4.0,1.0,0.1667,1.0,0,3,0.36467856,0,CA,marombu
192-10_dirty-2,Wolio,dirty,marewu,1,6,3,0.5,1,m,0,0,0,0,1,NATURE,0,5,0.747,0,0,0,1,0,0,0,0,0,0,0,1,0,0,0,4.0,1.0,0.1667,1.0,0,3,0.17006278,0,CA,marewu
192-11_dust-1,Wolio,dust,ŋawu,1,4,2,0.5,1,other,0,1,0,0,0,NATURE,0,5,0.747,0,0,0,0,1,0,0,0,0,0,0,1,0,0,0,377.0,1.0,0.1429,1.0,0,2,0.099508405,0,CA,ŋawu
192-12_skin-1,Wolio,skin,kuli,1,4,2,0.5,1,k,0,0,0,0,0,BODY,1,5,0.747,0,0,1,0,0,0,0,0,0,1,0,0,0,0,0,720.0,1.0,0.1429,1.0,0,2,0.13039547,0,CA,kuli
192-13_back-1,Wolio,back,taliku,1,6,3,0.5,1,t,0,0,0,0,1,BODY,1,5,0.747,0,0,0,0,0,0,0,1,0,1,0,0,0,0,0,129.0,1.0,0.375,3.0,0,3,0.16176939,0,CA,taliku
192-13_back-2,Wolio,back,toruku,1,6,3,0.5,1,t,0,0,0,0,0,BODY,1,5,0.747,0,0,0,0,0,0,0,1,0,1,0,0,0,0,0,129.0,1.0,0.375,3.0,0,3,0.16147059,0,CA,toruku
192-14_belly-1,Wolio,belly,kompo,1,5,2,0.4,1,k,0,1,0,1,0,BODY,1,5,0.747,0,0,1,0,0,0,0,0,0,1,0,0,0,0,0,116.0,1.0,0.1667,1.0,0,2,0.175987,0,CA,kompo
192-15_bone-1,Wolio,bone,buku,1,4,2,0.5,1,b,0,0,0,0,0,BODY,1,5,0.747,0,1,0,0,0,0,0,0,0,1,0,0,0,0,0,78.0,1.0,0.0,0.0,0,2,0.117224395,0,CA,buku
192-16_intestines-1,Wolio,intestines,ŋkaluŋkalu,0,10,4,0.4,1,other,0,1,0,2,0,BODY,1,5,0.747,0,0,0,0,1,0,0,0,0,1,0,0,0,0,0,0.0,0.0,0.5714,4.0,1,4,0.7431354,1,CS,ŋkaluŋkalu
192-17_liver-1,Wolio,liver,ate,1,3,2,0.6667,1,a,0,0,0,0,0,BODY,1,5,0.747,1,0,0,0,0,0,0,0,0,1,0,0,0,0,0,828.0,1.0,0.0,0.0,0,2,0.023380935,0,CA,ate
192-18_breast-1,Wolio,breast,dudu,1,4,2,0.5,1,other,0,0,1,0,0,BODY,1,5,0.747,0,0,0,0,1,0,0,0,0,1,0,0,0,0,0,22.0,1.0,0.0,0.0,0,2,0.07379818,0,CA,dudu
192-18_breast-2,Wolio,breast,susu,1,4,2,0.5,1,s,0,0,1,0,0,BODY,1,5,0.747,0,0,0,0,0,0,1,0,0,1,0,0,0,0,0,1122.0,1.0,0.0,0.0,0,2,0.111489415,0,CA,susu
192-19_shoulder-1,Wolio,shoulder,awaa,1,4,3,0.75,1,a,0,0,0,0,0,BODY,1,5,0.747,1,0,0,0,0,0,0,0,0,1,0,0,0,0,0,356.0,1.0,0.1429,1.0,0,2,0.08811587,0,CA,awaa
192-19_shoulder-2,Wolio,shoulder,salaŋga,1,7,3,0.4286,1,s,0,1,0,1,0,BODY,1,5,0.747,0,0,0,0,0,0,1,0,0,1,0,0,0,0,0,356.0,1.0,0.1429,1.0,0,3,0.2608027,0,CA,salaŋga
192-20_toknowbeknowledgeable-1,Wolio,"to know, be knowledgeable",matau,1,5,3,0.6,1,m,0,0,0,0,1,ACTION,0,5,0.747,0,0,0,1,0,0,0,0,1,0,0,0,0,0,0,103.0,1.0,0.1667,1.0,0,2,0.30559844,0,CA,matau
192-21_tothink-1,Wolio,to think,fikiri,1,6,3,0.5,1,other,0,0,0,0,0,ACTION,0,5,0.747,0,0,0,0,1,0,0,0,1,0,0,0,0,0,0,90.0,1.0,0.5,3.0,0,3,0.24343091,0,CA,fikiri
192-22_tofear-1,Wolio,to fear,maeka,1,5,3,0.6,1,m,0,0,0,0,1,ACTION,0,5,0.747,0,0,0,1,0,0,0,0,1,0,0,0,0,0,0,4.0,1.0,0.3333,2.0,0,2,0.30559844,0,CA,maeka
192-23_blood-1,Wolio,blood,raa,1,3,2,0.6667,1,other,0,0,0,0,0,BODY,1,5,0.747,0,0,0,0,1,0,0,0,0,1,0,0,0,0,0,929.0,1.0,0.1667,1.0,0,1,0.08830458,0,CA,raa
192-24_head-1,Wolio,head,baa,0,3,2,0.6667,1,b,0,0,0,0,0,BODY,1,5,0.747,0,1,0,0,0,0,0,0,0,1,0,0,0,0,0,0.0,0.0,0.1667,1.0,1,1,0.123194754,0,RO,baa
192-25_neck-1,Wolio,neck,boroko,1,6,3,0.5,1,b,0,0,0,0,0,BODY,1,5,0.747,0,1,0,0,0,0,0,0,0,1,0,0,0,0,0,13.0,1.0,0.1667,1.0,0,3,0.24336153,0,CA,boroko
192-26_hair-1,Wolio,hair,bulua,1,5,3,0.6,1,b,0,0,0,0,0,BODY,1,5,0.747,0,1,0,0,0,0,0,0,0,1,0,0,0,0,0,515.0,1.0,0.1667,1.0,0,2,0.26795572,0,CA,bulua
192-27_nose-1,Wolio,nose,aŋo,1,3,2,0.6667,1,a,0,1,0,0,1,BODY,1,5,0.747,1,0,0,0,0,0,0,0,0,1,0,0,0,0,0,42.0,1.0,0.1667,1.0,0,2,0.025131166,0,CA,aŋo
192-28_tobreathe-1,Wolio,to breathe,poinuñca,0,8,4,0.5,1,p,0,0,0,1,1,ACTION,0,5,0.747,0,0,0,0,0,1,0,0,1,0,0,0,0,0,0,0.0,0.0,0.5714,3.0,1,3,0.86037403,1,CS,poinuñca
192-29_tosniffsmell-1,Wolio,"to sniff, smell",bou,1,3,2,0.6667,1,b,0,0,0,0,0,ACTION,0,5,0.747,0,1,0,0,0,0,0,0,1,0,0,0,0,0,0,3.0,1.0,0.3333,2.0,0,1,0.184394,0,CA,bou
192-30_mouth-1,Wolio,mouth,muñcu,1,5,2,0.4,1,m,0,0,0,1,0,BODY,1,5,0.747,0,0,0,1,0,0,0,0,0,1,0,0,0,0,0,29.0,1.0,0.3333,2.0,0,2,0.19814193,0,CA,muñcu
192-31_tooth-1,Wolio,tooth,ŋiñci,1,5,2,0.4,1,other,0,1,0,1,0,BODY,1,5,0.747,0,0,0,0,1,0,0,0,0,1,0,0,0,0,0,118.0,1.0,0.0,0.0,0,2,0.22262752,0,CA,ŋiñci
192-32_tongue-1,Wolio,tongue,dela,1,4,2,0.5,1,other,0,0,0,0,0,BODY,1,5,0.747,0,0,0,0,1,0,0,0,0,1,0,0,0,0,0,393.0,1.0,0.0,0.0,0,2,0.08386338,0,CA,dela
192-33_tolaugh-1,Wolio,to laugh,potawa,1,6,3,0.5,1,p,0,0,0,0,1,ACTION,1,5,0.747,0,0,0,0,0,1,0,0,1,0,0,0,0,0,0,118.0,1.0,0.3333,2.0,0,3,0.44530755,0,CA,potawa
192-34_tocry-1,Wolio,to cry,taŋi,1,4,2,0.5,1,t,0,1,0,0,1,ACTION,1,5,0.747,0,0,0,0,0,0,0,1,1,0,0,0,0,0,0,1046.0,1.0,0.375,2.0,0,2,0.28770715,0,CA,taŋi
192-35_tovomit-1,Wolio,to vomit,tolua,1,5,3,0.6,1,t,0,0,0,0,0,ACTION,1,5,0.747,0,0,0,0,0,0,0,1,1,0,0,0,0,0,0,592.0,1.0,0.4286,2.0,0,2,0.38408017,0,CA,tolua
192-36_tospit-1,Wolio,to spit,pewilu,1,6,3,0.5,1,p,0,0,0,0,0,ACTION,0,5,0.747,0,0,0,0,0,1,0,0,1,0,0,0,0,0,0,4.0,1.0,0.4286,3.0,0,3,0.23694688,0,CA,pewilu
192-37_toeat-1,Wolio,to eat,kande,1,5,2,0.4,1,k,0,1,0,1,1,ACTION,1,5,0.747,0,0,1,0,0,0,0,0,1,0,0,0,0,0,0,1440.0,2.0,0.1667,1.0,0,2,0.49220806,0,CA,kande
192-38_tochew-1,Wolio,to chew,mama,1,4,2,0.5,1,m,0,0,1,0,1,ACTION,0,5,0.747,0,0,0,1,0,0,0,0,1,0,0,0,0,0,0,189.0,1.0,0.5,3.0,0,2,0.12123287,0,CA,mama
192-38_tochew-2,Wolio,to chew,naŋku,0,5,2,0.4,1,other,0,1,0,1,1,ACTION,0,5,0.747,0,0,0,0,1,0,0,0,1,0,0,0,0,0,0,0.0,0.0,0.5,3.0,1,2,0.48667902,0,RO,naŋku
192-38_tochew-3,Wolio,to chew,paŋa,0,4,2,0.5,1,p,0,1,0,0,1,ACTION,0,5,0.747,0,0,0,0,0,1,0,0,1,0,0,0,0,0,0,0.0,0.0,0.5,3.0,1,2,0.26174325,0,RO,paŋa
192-39_tocook-1,Wolio,to cook,nasu,1,4,2,0.5,1,other,0,0,0,0,1,ACTION,0,5,0.747,0,0,0,0,1,0,0,0,1,0,0,0,0,0,0,65.0,1.0,0.3333,2.0,0,2,0.17701799,0,CA,nasu
192-40_todrink-1,Wolio,to drink,sumpu,0,5,2,0.4,1,s,0,1,0,1,0,ACTION,1,5,0.747,0,0,0,0,0,0,1,0,1,0,0,0,0,0,0,0.0,0.0,0.2857,2.0,1,2,0.6854098,1,CS,sumpu
192-41_tobite-1,Wolio,to bite,bembaru,0,7,3,0.4286,1,b,0,1,0,1,0,ACTION,1,5,0.747,0,1,0,0,0,0,0,0,1,0,0,0,0,0,0,0.0,0.0,0.625,3.0,1,3,0.51000583,1,CS,bembaru
192-41_tobite-2,Wolio,to bite,papaki,0,6,3,0.5,1,p,0,0,1,0,1,ACTION,1,5,0.747,0,0,0,0,0,1,0,0,1,0,0,0,0,0,0,0.0,0.0,0.625,3.0,1,3,0.45235395,0,RO,papaki
192-41_tobite-3,Wolio,to bite,tompa,0,5,2,0.4,1,t,0,1,0,1,0,ACTION,1,5,0.747,0,0,0,0,0,0,0,1,1,0,0,0,0,0,0,0.0,0.0,0.625,3.0,1,2,0.6020914,1,CS,tompa
192-42_tosuck-1,Wolio,to suck,gomi,1,4,2,0.5,1,other,0,0,0,0,0,OTHER,0,5,0.747,0,0,0,0,1,0,0,0,0,0,0,0,0,1,0,36.0,1.0,0.0,0.0,0,2,0.014853179,0,CA,gomi
192-43_ear-1,Wolio,ear,taliŋa,1,6,3,0.5,1,t,0,1,0,0,1,BODY,0,5,0.747,0,0,0,0,0,0,0,1,0,1,0,0,0,0,0,1252.0,1.0,0.1667,1.0,0,3,0.10103214,0,CA,taliŋa
192-44_tohear-1,Wolio,to hear,raŋo,1,4,2,0.5,1,other,0,1,0,0,0,ACTION,1,5,0.747,0,0,0,0,1,0,0,0,1,0,0,0,0,0,0,988.0,1.0,0.1667,1.0,0,2,0.40005064,0,CA,raŋo
192-45_eye-1,Wolio,eye,mata,1,4,2,0.5,1,m,0,0,0,0,1,BODY,0,5,0.747,0,0,0,1,0,0,0,0,0,1,0,0,0,0,0,1471.0,1.0,0.0,0.0,0,2,0.033836305,0,CA,mata
192-46_tosee-1,Wolio,to see,kamata,0,6,3,0.5,1,k,0,0,0,0,1,ACTION,1,5,0.747,0,0,1,0,0,0,0,0,1,0,0,0,0,0,0,0.0,0.0,0.875,5.0,1,3,0.6381329,1,CS,kamata
192-47_toyawn-1,Wolio,to yawn,pomea,0,5,3,0.6,1,p,0,0,0,0,1,ACTION,0,5,0.747,0,0,0,0,0,1,0,0,1,0,0,0,0,0,0,0.0,0.0,1.0,4.0,1,2,0.49176395,0,RO,pomea
192-48_tosleep-1,Wolio,to sleep,kole,0,4,2,0.5,1,k,0,0,0,0,0,ACTION,1,5,0.747,0,0,1,0,0,0,0,0,1,0,0,0,0,0,0,0.0,0.0,0.5,3.0,1,2,0.48360837,0,RO,kole
192-49_toliedown-1,Wolio,to lie down,dole,1,4,2,0.5,1,other,0,0,0,0,0,ACTION,1,5,0.747,0,0,0,0,1,0,0,0,1,0,0,0,0,0,0,2.0,1.0,0.5714,3.0,0,2,0.40197456,0,CA,dole
192-50_todream-1,Wolio,to dream,poŋipi,1,6,3,0.5,1,p,0,1,0,0,1,ACTION,0,5,0.747,0,0,0,0,0,1,0,0,1,0,0,0,0,0,0,356.0,1.0,0.3333,2.0,0,3,0.29183084,0,CA,poŋipi
192-51_tosit-1,Wolio,to sit,uncura,0,6,3,0.5,1,other,0,1,0,1,0,ACTION,1,5,0.747,0,0,0,0,1,0,0,0,1,0,0,0,0,0,0,0.0,0.0,0.5714,4.0,1,3,0.569224,1,CS,uncura
192-51_tosit-2,Wolio,to sit,tootooro,1,8,5,0.625,1,t,0,0,1,0,0,ACTION,1,5,0.747,0,0,0,0,0,0,0,1,1,0,0,0,0,0,0,69.0,1.0,0.5714,4.0,0,3,0.28290766,0,CA,tootooro
192-52_tostand-1,Wolio,to stand,kabalebale,0,10,5,0.5,1,k,0,0,0,0,1,ACTION,1,5,0.747,0,0,1,0,0,0,0,0,1,0,0,0,0,0,0,0.0,0.0,0.8333,5.0,1,5,0.7114104,1,CS,kabalebale
192-53_personhumanbeing-1,Wolio,person/human being,mia,1,3,2,0.6667,1,m,0,0,0,0,0,OTHER,1,5,0.747,0,0,0,1,0,0,0,0,0,0,0,0,0,1,0,51.0,1.0,0.1667,1.0,0,1,0.04944253,0,CA,mia
192-54_manmale-1,Wolio,man/male,umane,1,5,3,0.6,1,other,0,0,0,0,0,OTHER,1,5,0.747,0,0,0,0,1,0,0,0,0,0,0,0,0,1,0,703.0,1.0,0.1429,1.0,0,3,0.2945631,0,CA,umane
192-55_womanfemale-1,Wolio,woman/female,bawine,1,6,3,0.5,1,b,0,0,0,0,0,OTHER,1,5,0.747,0,1,0,0,0,0,0,0,0,0,0,0,0,1,0,744.0,2.0,0.1667,1.0,0,3,0.18458444,0,CA,bawine
192-56_child-1,Wolio,child,ana,1,3,2,0.6667,1,a,0,0,0,0,0,OTHER,1,5,0.747,1,0,0,0,0,0,0,0,0,0,0,0,0,1,0,450.0,1.0,0.1667,1.0,0,2,0.016044557,0,CA,ana
192-57_husband-1,Wolio,husband,mañcuana,1,8,4,0.5,1,m,0,0,0,1,1,OTHER,1,5,0.747,0,0,0,1,0,0,0,0,0,0,0,0,0,1,0,30.0,1.0,0.3333,2.0,0,3,0.4874069,0,CA,mañcuana
192-58_wife-1,Wolio,wife,mañcuana,0,8,4,0.5,1,m,0,0,0,1,1,OTHER,1,5,0.747,0,0,0,1,0,0,0,0,0,0,0,0,0,1,0,0.0,0.0,0.5714,3.0,1,3,0.4874069,0,RO,mañcuana
192-59_mother-1,Wolio,mother,ina,1,3,2,0.6667,1,other,0,0,0,0,0,OTHER,1,5,0.747,0,0,0,0,1,0,0,0,0,0,0,0,0,1,0,921.0,1.0,0.0,0.0,0,2,0.06188774,0,CA,ina
192-60_father-1,Wolio,father,ama,1,3,2,0.6667,1,a,0,0,0,0,0,OTHER,1,5,0.747,1,0,0,0,0,0,0,0,0,0,0,0,0,1,0,1014.0,1.0,0.1667,1.0,0,2,0.016044557,0,CA,ama
192-61_house-1,Wolio,house,baaua,1,5,4,0.8,1,b,0,0,0,0,0,OTHER,1,5,0.747,0,1,0,0,0,0,0,0,0,0,0,0,0,1,0,40.0,1.0,0.1667,1.0,0,1,0.12143332,0,CA,baaua
192-62_thatchroof-1,Wolio,thatch/roof,pada,0,4,2,0.5,1,p,0,0,0,0,1,OTHER,0,5,0.747,0,0,0,0,0,1,0,0,0,0,0,0,0,1,0,0.0,0.0,0.5,3.0,1,2,0.36740267,0,RO,pada
192-63_name-1,Wolio,name,saro,0,4,2,0.5,1,s,0,0,0,0,0,OTHER,1,5,0.747,0,0,0,0,0,0,1,0,0,0,0,0,0,1,0,0.0,0.0,0.3333,2.0,1,2,0.20799524,0,RO,saro
192-64_tosay-1,Wolio,to say,pogau,1,5,3,0.6,1,p,0,0,0,0,1,ACTION,1,5,0.747,0,0,0,0,0,1,0,0,1,0,0,0,0,0,0,7.0,1.0,0.6667,5.0,0,2,0.62575316,1,MO,pogau
192-64_tosay-2,Wolio,to say,kooni,0,5,3,0.6,1,k,0,0,0,0,0,ACTION,1,5,0.747,0,0,1,0,0,0,0,0,1,0,0,0,0,0,0,0.0,0.0,0.6667,5.0,1,2,0.76374507,1,CS,kooni
192-65_rope-1,Wolio,rope,rabuta,1,6,3,0.5,1,other,0,0,0,0,0,OTHER,1,5,0.747,0,0,0,0,1,0,0,0,0,0,0,0,0,1,0,5.0,1.0,0.7143,5.0,0,3,0.26271504,0,CA,rabuta
192-65_rope-2,Wolio,rope,puloli,0,6,3,0.5,1,p,0,0,0,0,0,OTHER,1,5,0.747,0,0,0,0,0,1,0,0,0,0,0,0,0,1,0,0.0,0.0,0.7143,5.0,1,3,0.6379415,1,CS,puloli
192-66_totieupfasten-1,Wolio,"to tie up, fasten",boke,1,4,2,0.5,1,b,0,0,0,0,0,ACTION,0,5,0.747,0,1,0,0,0,0,0,0,1,0,0,0,0,0,0,6.0,1.0,0.8333,5.0,0,2,0.17407924,0,CA,boke
192-67_tosew-1,Wolio,to sew,posorumba,0,9,4,0.4444,1,p,0,1,0,1,1,ACTION,1,5,0.747,0,0,0,0,0,1,0,0,1,0,0,0,0,0,0,0.0,0.0,0.5,3.0,1,4,0.72588634,1,CS,posorumba
192-68_needle-1,Wolio,needle,sorumba,0,7,3,0.4286,1,s,0,1,0,1,0,OTHER,1,5,0.747,0,0,0,0,0,0,1,0,0,0,0,0,0,1,0,0.0,0.0,0.1667,1.0,1,3,0.45276755,0,RO,sorumba
192-70_toshoot-1,Wolio,to shoot,temba,1,5,2,0.4,1,t,0,1,0,1,0,OTHER,0,5,0.747,0,0,0,0,0,0,0,1,0,0,0,0,0,1,0,78.0,1.0,0.0,0.0,0,2,0.033766627,0,CA,temba
192-71_tostabpierce-1,Wolio,"to stab, pierce",toboki,1,6,3,0.5,1,t,0,0,0,0,0,ACTION,0,5,0.747,0,0,0,0,0,0,0,1,1,0,0,0,0,0,0,25.0,1.0,0.375,2.0,0,3,0.25222474,0,CA,toboki
192-71_tostabpierce-2,Wolio,"to stab, pierce",sula,1,4,2,0.5,1,s,0,0,0,0,0,ACTION,0,5,0.747,0,0,0,0,0,0,1,0,1,0,0,0,0,0,0,25.0,1.0,0.375,2.0,0,2,0.28118908,0,CA,sula
192-72_tohit-1,Wolio,to hit,bebe,0,4,2,0.5,1,b,0,0,1,0,0,ACTION,1,5,0.747,0,1,0,0,0,0,0,0,1,0,0,0,0,0,0,0.0,0.0,1.0,6.0,1,2,0.3041293,0,RO,bebe
192-72_tohit-2,Wolio,to hit,rambi,0,5,2,0.4,1,other,0,1,0,1,0,ACTION,1,5,0.747,0,0,0,0,1,0,0,0,1,0,0,0,0,0,0,0.0,0.0,1.0,6.0,1,2,0.6660143,1,CS,rambi
192-73_tosteal-1,Wolio,to steal,manako,1,6,3,0.5,1,m,0,0,0,0,1,ACTION,1,5,0.747,0,0,0,1,0,0,0,0,1,0,0,0,0,0,0,666.0,1.0,0.6667,4.0,0,3,0.35060996,0,CA,manako
192-74_tokill-1,Wolio,to kill,pekamate,1,8,4,0.5,1,p,0,0,0,0,0,ACTION,1,5,0.747,0,0,0,0,0,1,0,0,1,0,0,0,0,0,0,427.0,1.0,0.0,0.0,0,4,0.57544553,1,MO,pekamate
192-74_tokill-2,Wolio,to kill,poŋko,1,5,2,0.4,1,p,0,1,0,1,1,ACTION,1,5,0.747,0,0,0,0,0,1,0,0,1,0,0,0,0,0,0,5.0,1.0,0.0,0.0,0,2,0.4350872,0,CA,poŋko
192-75_todiebedead-1,Wolio,"to die, be dead",mate,1,4,2,0.5,1,m,0,0,0,0,1,ACTION,1,5,0.747,0,0,0,1,0,0,0,0,1,0,0,0,0,0,0,1291.0,1.0,0.0,0.0,0,2,0.2265923,0,CA,mate
192-76_tolivebealive-1,Wolio,"to live, be alive",dadi,1,4,2,0.5,1,other,0,0,0,0,0,ACTION,1,5,0.747,0,0,0,0,1,0,0,0,1,0,0,0,0,0,0,7.0,1.0,0.3333,2.0,0,2,0.40197456,0,CA,dadi
192-77_toscratch-1,Wolio,to scratch,kau,1,3,2,0.6667,1,k,0,0,0,0,1,ACTION,0,5,0.747,0,0,1,0,0,0,0,0,1,0,0,0,0,0,0,194.0,1.0,0.125,1.0,0,1,0.2683667,0,CA,kau
192-77_toscratch-2,Wolio,to scratch,kaŋkaru,0,7,3,0.4286,1,k,0,1,0,1,1,ACTION,0,5,0.747,0,0,1,0,0,0,0,0,1,0,0,0,0,0,0,0.0,0.0,0.125,1.0,1,3,0.60219914,1,CS,kaŋkaru
192-77_toscratch-3,Wolio,to scratch,karusi,1,6,3,0.5,1,k,0,0,0,0,1,ACTION,0,5,0.747,0,0,1,0,0,0,0,0,1,0,0,0,0,0,0,102.0,1.0,0.125,1.0,0,3,0.3526011,0,CA,karusi
192-78_tocuthack-1,Wolio,"to cut, hack",ndamu,0,5,2,0.4,1,other,0,1,0,1,0,ACTION,1,5,0.747,0,0,0,0,1,0,0,0,1,0,0,0,0,0,0,0.0,0.0,0.625,3.0,1,2,0.6660143,1,CS,ndamu
192-78_tocuthack-2,Wolio,"to cut, hack",laelae,0,6,4,0.6667,1,other,0,0,1,0,0,ACTION,1,5,0.747,0,0,0,0,1,0,0,0,1,0,0,0,0,0,0,0.0,0.0,0.625,3.0,1,2,0.62657183,1,CS,laelae
192-79_stickwood-1,Wolio,stick/wood,kau,1,3,2,0.6667,1,k,0,0,0,0,1,OTHER,1,5,0.747,0,0,1,0,0,0,0,0,0,0,0,0,0,1,0,1202.0,1.0,0.1667,1.0,0,1,0.11537099,0,CA,kau
192-80_tosplit-1,Wolio,to split,weta,0,4,2,0.5,1,other,0,0,0,0,0,ACTION,1,5,0.747,0,0,0,0,1,0,0,0,1,0,0,0,0,0,0,0.0,0.0,0.5,3.0,1,2,0.40197456,0,RO,weta
192-81_sharp-1,Wolio,sharp,matada,1,6,3,0.5,1,m,0,0,0,0,1,QUALITY,1,5,0.747,0,0,0,1,0,0,0,0,0,0,0,0,0,0,1,85.0,1.0,0.1667,1.0,0,3,0.28101695,0,CA,matada
192-82_dullblunt-1,Wolio,"dull, blunt",makundu,0,7,3,0.4286,1,m,0,1,0,1,1,QUALITY,1,5,0.747,0,0,0,1,0,0,0,0,0,0,0,0,0,0,1,0.0,0.0,0.8,4.0,1,3,0.42025262,0,RO,makundu
192-83_towork-1,Wolio,to work,karajaa,1,7,4,0.5714,1,k,0,0,0,0,1,ACTION,1,5,0.747,0,0,1,0,0,0,0,0,1,0,0,0,0,0,0,38.0,1.0,0.1667,1.0,0,3,0.41774666,0,CA,karajaa
192-84_toplant-1,Wolio,to plant,pombula,1,7,3,0.4286,1,p,0,1,0,1,1,ACTION,1,5,0.747,0,0,0,0,0,1,0,0,1,0,0,0,0,0,0,100.0,1.0,0.2857,2.0,0,3,0.5176939,1,MO,pombula
192-85_tochoose-1,Wolio,to choose,pili,1,4,2,0.5,1,p,0,0,0,0,0,ACTION,1,5,0.747,0,0,0,0,0,1,0,0,1,0,0,0,0,0,0,444.0,1.0,0.1667,1.0,0,2,0.29647577,0,CA,pili
192-86_togrow-1,Wolio,to grow,tuwu,1,4,2,0.5,1,t,0,0,0,0,0,ACTION,1,5,0.747,0,0,0,0,0,0,0,1,1,0,0,0,0,0,0,271.0,1.0,0.3333,2.0,0,2,0.3293305,0,CA,tuwu
192-87_toswell-1,Wolio,to swell,tente,0,5,2,0.4,1,t,0,1,0,1,0,ACTION,1,5,0.747,0,0,0,0,0,0,0,1,1,0,0,0,0,0,0,0.0,0.0,0.375,2.0,1,2,0.6020914,1,CS,tente
192-87_toswell-2,Wolio,to swell,gende,0,5,2,0.4,1,other,0,1,0,1,0,ACTION,1,5,0.747,0,0,0,0,1,0,0,0,1,0,0,0,0,0,0,0.0,0.0,0.375,2.0,1,2,0.6660143,1,CS,gende
192-87_toswell-3,Wolio,to swell,kamba,1,5,2,0.4,1,k,0,1,0,1,1,ACTION,1,5,0.747,0,0,1,0,0,0,0,0,1,0,0,0,0,0,0,21.0,1.0,0.375,2.0,0,2,0.49220806,0,CA,kamba
192-88_tosqueeze-1,Wolio,to squeeze,pisi,1,4,2,0.5,1,p,0,0,0,0,0,ACTION,1,5,0.747,0,0,0,0,0,1,0,0,1,0,0,0,0,0,0,23.0,1.0,0.3333,2.0,0,2,0.29647577,0,CA,pisi
192-88_tosqueeze-2,Wolio,to squeeze,pisiki,1,6,3,0.5,1,p,0,0,0,0,0,ACTION,1,5,0.747,0,0,0,0,0,1,0,0,1,0,0,0,0,0,0,23.0,1.0,0.3333,2.0,0,3,0.34046888,0,CA,pisiki
192-89_tohold-1,Wolio,to hold,keni,0,4,2,0.5,1,k,0,0,0,0,0,ACTION,1,5,0.747,0,0,1,0,0,0,0,0,1,0,0,0,0,0,0,0.0,0.0,0.75,5.0,1,2,0.48360837,0,RO,keni
192-90_todig-1,Wolio,to dig,seli,1,4,2,0.5,1,s,0,0,0,0,0,ACTION,1,5,0.747,0,0,0,0,0,0,1,0,1,0,0,0,0,0,0,799.0,1.0,0.3333,2.0,0,2,0.48237902,0,CA,seli
192-91_tobuy-1,Wolio,to buy,ali,1,3,2,0.6667,1,a,0,0,0,0,0,ACTION,1,5,0.747,1,0,0,0,0,0,0,0,1,0,0,0,0,0,0,394.0,1.0,0.1667,1.0,0,2,0.13118559,0,CA,ali
192-92_toopenuncover-1,Wolio,"to open, uncover",buŋkale,1,7,3,0.4286,1,b,0,1,0,1,0,ACTION,1,5,0.747,0,1,0,0,0,0,0,0,1,0,0,0,0,0,0,239.0,1.0,0.4286,3.0,0,3,0.51000583,1,MO,buŋkale
192-93_topoundbeat-1,Wolio,"to pound, beat",purokoti,0,8,4,0.5,1,p,0,0,0,0,0,ACTION,1,5,0.747,0,0,0,0,0,1,0,0,1,0,0,0,0,0,0,0.0,0.0,0.375,2.0,1,4,0.57544553,1,CS,purokoti
192-93_topoundbeat-2,Wolio,"to pound, beat",pasaki,0,6,3,0.5,1,p,0,0,0,0,1,ACTION,1,5,0.747,0,0,0,0,0,1,0,0,1,0,0,0,0,0,0,0.0,0.0,0.375,2.0,1,3,0.44530755,0,RO,pasaki
192-94_tothrow-1,Wolio,to throw,tuda,1,4,2,0.5,1,t,0,0,0,0,0,ACTION,1,5,0.747,0,0,0,0,0,0,0,1,1,0,0,0,0,0,0,19.0,1.0,0.7143,5.0,0,2,0.3293305,0,CA,tuda
192-94_tothrow-2,Wolio,to throw,banaka,0,6,3,0.5,1,b,0,0,0,0,0,ACTION,1,5,0.747,0,1,0,0,0,0,0,0,1,0,0,0,0,0,0,0.0,0.0,0.7143,5.0,1,3,0.4113692,0,RO,banaka
192-96_dog-1,Wolio,dog,mantoa,0,6,3,0.5,1,m,0,1,0,1,1,OTHER,1,5,0.747,0,0,0,1,0,0,0,0,0,0,0,0,0,1,0,0.0,0.0,0.3333,2.0,1,2,0.48812568,0,RO,mantoa
192-97_bird-1,Wolio,bird,manumanu,1,8,4,0.5,1,m,0,0,0,0,1,OTHER,1,5,0.747,0,0,0,1,0,0,0,0,0,0,0,0,0,1,0,971.0,1.0,0.1667,1.0,0,4,0.2561344,0,CA,manumanu
192-98_egg-1,Wolio,egg,ontolu,1,6,3,0.5,1,other,0,1,0,1,0,BODY,1,5,0.747,0,0,0,0,1,0,0,0,0,1,0,0,0,0,0,776.0,1.0,0.3333,2.0,0,3,0.2312854,0,CA,ontolu
192-99_feather-1,Wolio,feather,bulu,1,4,2,0.5,1,b,0,0,0,0,0,BODY,1,5,0.747,0,1,0,0,0,0,0,0,0,1,0,0,0,0,0,647.0,1.0,0.1667,1.0,0,2,0.117224395,0,CA,bulu
192-100_wing-1,Wolio,wing,pani,1,4,2,0.5,1,p,0,0,0,0,1,BODY,0,5,0.747,0,0,0,0,0,1,0,0,0,1,0,0,0,0,0,233.0,1.0,0.3333,2.0,0,2,0.02908945,0,CA,pani
192-101_tofly-1,Wolio,to fly,polaka,0,6,3,0.5,1,p,0,0,0,0,1,ACTION,1,5,0.747,0,0,0,0,0,1,0,0,1,0,0,0,0,0,0,0.0,0.0,0.5,3.0,1,3,0.44530755,0,RO,polaka
192-102_rat-1,Wolio,rat,bokoti,0,6,3,0.5,1,b,0,0,0,0,0,OTHER,1,5,0.747,0,1,0,0,0,0,0,0,0,0,0,0,0,1,0,0.0,0.0,0.1429,1.0,1,3,0.18458444,0,RO,bokoti
192-103_meatflesh-1,Wolio,meat/flesh,dagi,1,4,2,0.5,1,other,0,0,0,0,0,BODY,1,5,0.747,0,0,0,0,1,0,0,0,0,1,0,0,0,0,0,68.0,1.0,0.3333,2.0,0,2,0.08386338,0,CA,dagi
192-104_fatgrease-1,Wolio,fat/grease,taba,1,4,2,0.5,1,t,0,0,0,0,1,BODY,1,5,0.747,0,0,0,0,0,0,0,1,0,1,0,0,0,0,0,176.0,1.0,0.1667,1.0,0,2,0.07586646,0,CA,taba
192-105_tail-1,Wolio,tail,lenci,0,5,2,0.4,1,other,0,1,0,1,0,BODY,1,5,0.747,0,0,0,0,1,0,0,0,0,1,0,0,0,0,0,0.0,0.0,0.3333,2.0,1,2,0.22262752,0,RO,lenci
192-106_snake-1,Wolio,snake,ulo,1,3,2,0.6667,1,other,0,0,0,0,0,OTHER,1,5,0.747,0,0,0,0,1,0,0,0,0,0,0,0,0,1,0,229.0,1.0,0.0,0.0,0,2,0.06188774,0,CA,ulo
192-108_louse-1,Wolio,louse,kutu,1,4,2,0.5,1,k,0,0,0,0,0,OTHER,1,5,0.747,0,0,1,0,0,0,0,0,0,0,0,0,0,1,0,1230.0,1.0,0.0,0.0,0,2,0.21629232,0,CA,kutu
192-109_mosquito-1,Wolio,mosquito,buroto,1,6,3,0.5,1,b,0,0,0,0,0,OTHER,1,5,0.747,0,1,0,0,0,0,0,0,0,0,0,0,0,1,0,10.0,1.0,0.2857,2.0,0,3,0.18458444,0,CA,buroto
192-109_mosquito-2,Wolio,mosquito,kawaowaode,0,10,6,0.6,1,k,0,0,1,0,1,OTHER,1,5,0.747,0,0,1,0,0,0,0,0,0,0,0,0,0,1,0,0.0,0.0,0.2857,2.0,1,4,0.7726242,1,CS,kawaowaode
192-110_spider-1,Wolio,spider,lawalawa,1,8,4,0.5,1,other,0,0,0,0,0,OTHER,0,5,0.747,0,0,0,0,1,0,0,0,0,0,0,0,0,1,0,375.0,1.0,0.0,0.0,0,4,0.061664462,0,CA,lawalawa
192-111_fish-1,Wolio,fish,ikane,1,5,3,0.6,1,other,0,0,0,0,0,OTHER,1,5,0.747,0,0,0,0,1,0,0,0,0,0,0,0,0,1,0,836.0,1.0,0.1429,1.0,0,3,0.2945631,0,CA,ikane
192-111_fish-2,Wolio,fish,isa,1,3,2,0.6667,1,other,0,0,0,0,0,OTHER,1,5,0.747,0,0,0,0,1,0,0,0,0,0,0,0,0,1,0,836.0,1.0,0.1429,1.0,0,2,0.06188774,0,CA,isa
192-112_rotten-1,Wolio,rotten,mabuto,1,6,3,0.5,1,m,0,0,0,0,1,QUALITY,0,5,0.747,0,0,0,1,0,0,0,0,0,0,0,0,0,0,1,3.0,1.0,0.5,3.0,0,3,0.16116971,0,CA,mabuto
192-113_branch-1,Wolio,branch,raha,1,4,2,0.5,1,other,0,0,0,0,0,OTHER,0,5,0.747,0,0,0,0,1,0,0,0,0,0,0,0,0,1,0,440.0,1.0,0.0,0.0,0,2,0.014853179,0,CA,raha
192-113_branch-2,Wolio,branch,lae,1,3,2,0.6667,1,other,0,0,0,0,0,OTHER,0,5,0.747,0,0,0,0,1,0,0,0,0,0,0,0,0,1,0,440.0,1.0,0.0,0.0,0,1,0.011416078,0,CA,lae
192-114_leaf-1,Wolio,leaf,tawa,0,4,2,0.5,1,t,0,0,0,0,1,NATURE,1,5,0.747,0,0,0,0,0,0,0,1,0,0,0,1,0,0,0,0.0,0.0,0.5,3.0,1,2,0.16850936,0,RO,tawa
192-115_root-1,Wolio,root,kulese,0,6,3,0.5,1,k,0,0,0,0,0,NATURE,1,5,0.747,0,0,1,0,0,0,0,0,0,0,0,1,0,0,0,0.0,0.0,0.3333,2.0,1,3,0.6032141,1,CS,kulese
192-116_flower-1,Wolio,flower,kamba,1,5,2,0.4,1,k,0,1,0,1,1,NATURE,1,5,0.747,0,0,1,0,0,0,0,0,0,0,0,1,0,0,0,39.0,1.0,0.1429,1.0,0,2,0.24337852,0,CA,kamba
192-116_flower-2,Wolio,flower,buŋa,1,4,2,0.5,1,b,0,1,0,0,0,NATURE,1,5,0.747,0,1,0,0,0,0,0,0,0,0,0,1,0,0,0,322.0,1.0,0.1429,1.0,0,2,0.17258322,0,CA,buŋa
192-117_fruit-1,Wolio,fruit,bake,1,4,2,0.5,1,b,0,0,0,0,0,NATURE,1,5,0.747,0,1,0,0,0,0,0,0,0,0,0,1,0,0,0,15.0,1.0,0.1667,1.0,0,2,0.16931039,0,CA,bake
192-118_grass-1,Wolio,grass,rumpurumpu,1,10,4,0.4,1,other,0,1,0,2,0,NATURE,1,5,0.747,0,0,0,0,1,0,0,0,0,0,0,1,0,0,0,35.0,1.0,0.7143,4.0,0,4,0.5154246,1,MO,rumpurumpu
192-119_earthsoil-1,Wolio,earth/soil,tana,1,4,2,0.5,1,t,0,0,0,0,1,NATURE,1,5,0.747,0,0,0,0,0,0,0,1,0,0,0,1,0,0,0,662.0,1.0,0.0,0.0,0,2,0.16850936,0,CA,tana
192-120_stone-1,Wolio,stone,batu,1,4,2,0.5,1,b,0,0,0,0,0,NATURE,1,5,0.747,0,1,0,0,0,0,0,0,0,0,0,1,0,0,0,1145.0,1.0,0.0,0.0,0,2,0.16931039,0,CA,batu
192-121_sand-1,Wolio,sand,bone,1,4,2,0.5,1,b,0,0,0,0,0,NATURE,1,5,0.747,0,1,0,0,0,0,0,0,0,0,0,1,0,0,0,35.0,1.0,0.0,0.0,0,2,0.16931039,0,CA,bone
192-122_water-1,Wolio,water,uwe,1,3,2,0.6667,1,other,0,0,0,0,0,NATURE,1,5,0.747,0,0,0,0,1,0,0,0,0,0,0,1,0,0,0,673.0,1.0,0.3333,2.0,0,2,0.2589031,0,CA,uwe
192-123_toflow-1,Wolio,to flow,siwulu,0,6,3,0.5,1,s,0,0,0,0,0,ACTION,1,5,0.747,0,0,0,0,0,0,1,0,1,0,0,0,0,0,0,0.0,0.0,0.5,3.0,1,3,0.6011702,1,CS,siwulu
192-124_sea-1,Wolio,sea,tawo,1,4,2,0.5,1,t,0,0,0,0,1,NATURE,1,5,0.747,0,0,0,0,0,0,0,1,0,0,0,1,0,0,0,9.0,1.0,0.2857,2.0,0,2,0.16850936,0,CA,tawo
192-124_sea-2,Wolio,sea,andala,0,6,3,0.5,1,a,0,1,0,1,0,NATURE,1,5,0.747,1,0,0,0,0,0,0,0,0,0,0,1,0,0,0,0.0,0.0,0.2857,2.0,1,3,0.51701164,1,CS,andala
192-125_salt-1,Wolio,salt,gara,1,4,2,0.5,1,other,0,0,0,0,0,NATURE,1,5,0.747,0,0,0,0,1,0,0,0,0,0,0,1,0,0,0,49.0,1.0,0.5,3.0,0,2,0.1825074,0,CA,gara
192-126_lake-1,Wolio,lake,rano,1,4,2,0.5,1,other,0,0,0,0,0,NATURE,1,5,0.747,0,0,0,0,1,0,0,0,0,0,0,1,0,0,0,212.0,1.0,0.1667,1.0,0,2,0.1825074,0,CA,rano
192-127_woodsforest-1,Wolio,woods/forest,koo,0,3,2,0.6667,1,k,0,0,0,0,0,NATURE,1,5,0.747,0,0,1,0,0,0,0,0,0,0,0,1,0,0,0,0.0,0.0,0.5,3.0,1,1,0.37950236,0,RO,koo
192-128_sky-1,Wolio,sky,laiana,1,6,4,0.6667,1,other,0,0,0,0,0,NATURE,1,5,0.747,0,0,0,0,1,0,0,0,0,0,0,1,0,0,0,589.0,1.0,0.2857,2.0,0,2,0.51540375,1,MO,laiana
192-128_sky-2,Wolio,sky,bula,0,4,2,0.5,1,b,0,0,0,0,0,NATURE,1,5,0.747,0,1,0,0,0,0,0,0,0,0,0,1,0,0,0,0.0,0.0,0.2857,2.0,1,2,0.16931039,0,RO,bula
192-129_moon-1,Wolio,moon,bula,1,4,2,0.5,1,b,0,0,0,0,0,NATURE,1,5,0.747,0,1,0,0,0,0,0,0,0,0,0,1,0,0,0,764.0,1.0,0.0,0.0,0,2,0.16931039,0,CA,bula
192-130_star-1,Wolio,star,kalipopo,1,8,4,0.5,1,k,0,0,1,0,1,NATURE,1,5,0.747,0,0,1,0,0,0,0,0,0,0,0,1,0,0,0,5.0,1.0,0.1429,1.0,0,4,0.6195165,1,MO,kalipopo
192-131_cloud-1,Wolio,cloud,ta'ina ŋalu,0,11,5,0.4545,1,t,1,1,0,0,1,NATURE,1,5,0.747,0,0,0,0,0,0,0,1,0,0,0,1,0,0,0,0.0,0.0,0.8333,5.0,1,5,0.7161939,1,CS,ta'ina ŋalu
192-132_fog-1,Wolio,fog,gawu,1,4,2,0.5,1,other,0,0,0,0,0,NATURE,1,5,0.747,0,0,0,0,1,0,0,0,0,0,0,1,0,0,0,165.0,1.0,0.1667,1.0,0,2,0.1825074,0,CA,gawu
192-133_rain-1,Wolio,rain,wao,0,3,2,0.6667,1,other,0,0,0,0,0,NATURE,1,5,0.747,0,0,0,0,1,0,0,0,0,0,0,1,0,0,0,0.0,0.0,0.1667,1.0,1,1,0.2589031,0,RO,wao
192-134_thunder-1,Wolio,thunder,guntu,1,5,2,0.4,1,other,0,1,0,1,0,NATURE,1,5,0.747,0,0,0,0,1,0,0,0,0,0,0,1,0,0,0,37.0,1.0,0.0,0.0,0,2,0.27168453,0,CA,guntu
192-135_lightning-1,Wolio,lightning,berese,0,6,3,0.5,1,b,0,0,0,0,0,NATURE,1,5,0.747,0,1,0,0,0,0,0,0,0,0,0,1,0,0,0,0.0,0.0,0.1429,1.0,1,3,0.3694213,0,RO,berese
192-135_lightning-2,Wolio,lightning,kila,1,4,2,0.5,1,k,0,0,0,0,0,NATURE,1,5,0.747,0,0,1,0,0,0,0,0,0,0,0,1,0,0,0,257.0,1.0,0.1429,1.0,0,2,0.25530577,0,CA,kila
192-136_wind-1,Wolio,wind,ŋalu,1,4,2,0.5,1,other,0,1,0,0,0,NATURE,1,5,0.747,0,0,0,0,1,0,0,0,0,0,0,1,0,0,0,16.0,1.0,0.1667,1.0,0,2,0.18597823,0,CA,ŋalu
192-137_toblow-1,Wolio,to blow,towii,0,5,3,0.6,1,t,0,0,0,0,0,ACTION,1,5,0.747,0,0,0,0,0,0,0,1,1,0,0,0,0,0,0,0.0,0.0,0.6667,4.0,1,2,0.38408017,0,RO,towii
192-138_warm-1,Wolio,warm,mapane,1,6,3,0.5,1,m,0,0,0,0,1,QUALITY,1,5,0.747,0,0,0,1,0,0,0,0,0,0,0,0,0,0,1,246.0,2.0,0.5714,4.0,0,3,0.28101695,0,CA,mapane
192-138_warm-2,Wolio,warm,masodo,0,6,3,0.5,1,m,0,0,0,0,1,QUALITY,1,5,0.747,0,0,0,1,0,0,0,0,0,0,0,0,0,0,1,0.0,0.0,0.5714,4.0,1,3,0.28101695,0,RO,masodo
192-139_cold-1,Wolio,cold,magari,1,6,3,0.5,1,m,0,0,0,0,1,QUALITY,1,5,0.747,0,0,0,1,0,0,0,0,0,0,0,0,0,0,1,273.0,1.0,0.3333,2.0,0,3,0.28101695,0,CA,magari
192-140_dry-1,Wolio,dry,matuu,0,5,3,0.6,1,m,0,0,0,0,1,QUALITY,1,5,0.747,0,0,0,1,0,0,0,0,0,0,0,0,0,0,1,0.0,0.0,0.5,3.0,1,2,0.42651665,0,RO,matuu
192-141_wet-1,Wolio,wet,mabaho,1,6,3,0.5,1,m,0,0,0,0,1,QUALITY,1,5,0.747,0,0,0,1,0,0,0,0,0,0,0,0,0,0,1,217.0,1.0,0.5,3.0,0,3,0.28101695,0,CA,mabaho
192-142_heavy-1,Wolio,heavy,matamo,0,6,3,0.5,1,m,0,0,0,0,1,QUALITY,1,5,0.747,0,0,0,1,0,0,0,0,0,0,0,0,0,0,1,0.0,0.0,0.6667,4.0,1,3,0.28101695,0,RO,matamo
192-143_fire-1,Wolio,fire,waa,0,3,2,0.6667,1,other,0,0,0,0,0,NATURE,1,5,0.747,0,0,0,0,1,0,0,0,0,0,0,1,0,0,0,0.0,0.0,0.3333,2.0,1,1,0.2589031,0,RO,waa
192-144_toburn-1,Wolio,to burn,maŋau,0,5,3,0.6,1,m,0,1,0,0,1,ACTION,1,5,0.747,0,0,0,1,0,0,0,0,1,0,0,0,0,0,0,0.0,0.0,0.3333,2.0,1,2,0.5142977,1,CS,maŋau
192-145_smoke-1,Wolio,smoke,ombu,1,4,2,0.5,1,other,0,1,0,1,0,NATURE,1,5,0.747,0,0,0,0,1,0,0,0,0,0,0,1,0,0,0,23.0,1.0,0.0,0.0,0,2,0.21483064,0,CA,ombu
192-146_ashes-1,Wolio,ashes,walo,0,4,2,0.5,1,other,0,0,0,0,0,NATURE,1,5,0.747,0,0,0,0,1,0,0,0,0,0,0,1,0,0,0,0.0,0.0,0.1429,1.0,1,2,0.1825074,0,RO,walo
192-146_ashes-2,Wolio,ashes,rapu,1,4,2,0.5,1,other,0,0,0,0,0,NATURE,1,5,0.747,0,0,0,0,1,0,0,0,0,0,0,1,0,0,0,607.0,1.0,0.1429,1.0,0,2,0.1825074,0,CA,rapu
192-147_black-1,Wolio,black,maeta,1,5,3,0.6,1,m,0,0,0,0,1,QUALITY,1,5,0.747,0,0,0,1,0,0,0,0,0,0,0,0,0,0,1,542.0,1.0,0.3333,2.0,0,2,0.42651665,0,CA,maeta
192-148_white-1,Wolio,white,maputi,1,6,3,0.5,1,m,0,0,0,0,1,QUALITY,1,5,0.747,0,0,0,1,0,0,0,0,0,0,0,0,0,0,1,371.0,1.0,0.3333,2.0,0,3,0.28101695,0,CA,maputi
192-149_red-1,Wolio,red,male'i,1,6,3,0.5,1,m,1,0,0,0,1,QUALITY,1,5,0.747,0,0,0,1,0,0,0,0,0,0,0,0,0,0,1,426.0,1.0,0.6667,4.0,0,3,0.45098096,0,CA,male'i
192-150_yellow-1,Wolio,yellow,makuni,1,6,3,0.5,1,m,0,0,0,0,1,QUALITY,1,5,0.747,0,0,0,1,0,0,0,0,0,0,0,0,0,0,1,160.0,1.0,0.1667,1.0,0,3,0.28101695,0,CA,makuni
192-151_green-1,Wolio,green,maijo,1,5,3,0.6,1,m,0,0,0,0,1,QUALITY,1,5,0.747,0,0,0,1,0,0,0,0,0,0,0,0,0,0,1,84.0,1.0,0.5,3.0,0,2,0.42651665,0,CA,maijo
192-152_small-1,Wolio,small,maidiidii,1,9,6,0.6667,1,m,0,0,1,0,1,QUALITY,1,5,0.747,0,0,0,1,0,0,0,0,0,0,0,0,0,0,1,62.0,1.0,0.5,3.0,0,3,0.43742108,0,CA,maidiidii
192-152_small-2,Wolio,small,makidikidi,1,10,5,0.5,1,m,0,0,0,0,1,QUALITY,1,5,0.747,0,0,0,1,0,0,0,0,0,0,0,0,0,0,1,62.0,1.0,0.5,3.0,0,5,0.4594565,0,CA,makidikidi
192-153_big-1,Wolio,big,maoge,0,5,3,0.6,1,m,0,0,0,0,1,QUALITY,1,5,0.747,0,0,0,1,0,0,0,0,0,0,0,0,0,0,1,0.0,0.0,0.7143,4.0,1,2,0.42651665,0,RO,maoge
192-153_big-2,Wolio,big,lewa,0,4,2,0.5,1,other,0,0,0,0,0,QUALITY,1,5,0.747,0,0,0,0,1,0,0,0,0,0,0,0,0,0,1,0.0,0.0,0.7143,4.0,1,2,0.3108124,0,RO,lewa
192-154_short-1,Wolio,short,mampodo,1,7,3,0.4286,1,m,0,1,0,1,1,QUALITY,1,5,0.747,0,0,0,1,0,0,0,0,0,0,0,0,0,0,1,55.0,1.0,0.4286,3.0,0,3,0.42025262,0,CA,mampodo
192-155_long-1,Wolio,long,malaŋa,1,6,3,0.5,1,m,0,1,0,0,1,QUALITY,1,5,0.747,0,0,0,1,0,0,0,0,0,0,0,0,0,0,1,4.0,1.0,0.125,1.0,0,3,0.29392654,0,CA,malaŋa
192-155_long-2,Wolio,long,maarate,1,7,4,0.5714,1,m,0,0,0,0,1,QUALITY,1,5,0.747,0,0,0,1,0,0,0,0,0,0,0,0,0,0,1,2.0,1.0,0.125,1.0,0,3,0.18876141,0,CA,maarate
192-155_long-3,Wolio,long,marambe,1,7,3,0.4286,1,m,0,1,0,1,1,QUALITY,1,5,0.747,0,0,0,1,0,0,0,0,0,0,0,0,0,0,1,3.0,1.0,0.125,1.0,0,3,0.42025262,0,CA,marambe
192-156_thin-1,Wolio,thin,manipi,1,6,3,0.5,1,m,0,0,0,0,1,QUALITY,1,5,0.747,0,0,0,1,0,0,0,0,0,0,0,0,0,0,1,662.0,1.0,0.0,0.0,0,3,0.28101695,0,CA,manipi
192-157_thick-1,Wolio,thick,makapa,1,6,3,0.5,1,m,0,0,0,0,1,QUALITY,1,5,0.747,0,0,0,1,0,0,0,0,0,0,0,0,0,0,1,129.0,1.0,0.1667,1.0,0,3,0.28101695,0,CA,makapa
192-158_narrow-1,Wolio,narrow,maseke,1,6,3,0.5,1,m,0,0,0,0,1,QUALITY,1,5,0.747,0,0,0,1,0,0,0,0,0,0,0,0,0,0,1,5.0,1.0,0.4286,3.0,0,3,0.28101695,0,CA,maseke
192-159_wide-1,Wolio,wide,maewa,0,5,3,0.6,1,m,0,0,0,0,1,QUALITY,1,5,0.747,0,0,0,1,0,0,0,0,0,0,0,0,0,0,1,0.0,0.0,0.3333,2.0,1,2,0.42651665,0,RO,maewa
192-160_painfulsick-1,Wolio,"painful, sick",mapii,0,5,3,0.6,1,m,0,0,0,0,1,QUALITY,1,5,0.747,0,0,0,1,0,0,0,0,0,0,0,0,0,0,1,0.0,0.0,0.3333,2.0,1,2,0.42651665,0,RO,mapii
192-161_shyashamed-1,Wolio,"shy, ashamed",maea,1,4,3,0.75,1,m,0,0,0,0,1,QUALITY,1,5,0.747,0,0,0,1,0,0,0,0,0,0,0,0,0,0,1,242.0,1.0,0.1667,1.0,0,1,0.2500329,0,CA,maea
192-162_old-1,Wolio,old,mancuana,0,8,4,0.5,1,m,0,1,0,1,1,QUALITY,1,5,0.747,0,0,0,1,0,0,0,0,0,0,0,0,0,0,1,0.0,0.0,0.2857,2.0,1,3,0.56251335,1,CS,mancuana
192-163_new-1,Wolio,new,baau,1,4,3,0.75,1,b,0,0,0,0,0,QUALITY,1,5,0.747,0,1,0,0,0,0,0,0,0,0,0,0,0,0,1,796.0,1.0,0.1667,1.0,0,1,0.26961225,0,CA,baau
192-164_good-1,Wolio,good,malape,0,6,3,0.5,1,m,0,0,0,0,1,QUALITY,1,5,0.747,0,0,0,1,0,0,0,0,0,0,0,0,0,0,1,0.0,0.0,0.4286,3.0,1,3,0.28101695,0,RO,malape
192-165_badevil-1,Wolio,"bad, evil",madaki,1,6,3,0.5,1,m,0,0,0,0,1,QUALITY,1,5,0.747,0,0,0,1,0,0,0,0,0,0,0,0,0,0,1,829.0,1.0,0.3333,2.0,0,3,0.28101695,0,CA,madaki
192-166_correcttrue-1,Wolio,"correct, true",totuu,1,5,3,0.6,1,t,0,0,0,0,0,QUALITY,1,5,0.747,0,0,0,0,0,0,0,1,0,0,0,0,0,0,1,78.0,1.0,0.1667,1.0,0,2,0.30994654,0,CA,totuu
192-167_night-1,Wolio,night,malo,1,4,2,0.5,1,m,0,0,0,0,1,OTHER,1,5,0.747,0,0,0,1,0,0,0,0,0,0,0,0,0,1,0,21.0,1.0,0.1429,1.0,0,2,0.1057449,0,CA,malo
192-168_day-1,Wolio,day,eo,1,2,2,1.0,1,other,0,0,0,0,0,OTHER,1,5,0.747,0,0,0,0,1,0,0,0,0,0,0,0,0,1,0,3.0,1.0,0.1667,1.0,0,1,0.01220268,0,CA,eo
192-169_year-1,Wolio,year,tao,1,3,2,0.6667,1,t,0,0,0,0,1,OTHER,1,5,0.747,0,0,0,0,0,0,0,1,0,0,0,0,0,1,0,426.0,1.0,0.0,0.0,0,1,0.03899938,0,CA,tao
192-171_tohide-1,Wolio,to hide,opo,0,3,2,0.6667,1,other,0,0,0,0,0,ACTION,1,5,0.747,0,0,0,0,1,0,0,0,1,0,0,0,0,0,0,0.0,0.0,0.5714,4.0,1,2,0.45161957,0,RO,opo
192-171_tohide-2,Wolio,to hide,buniaka,1,7,4,0.5714,1,b,0,0,0,0,0,ACTION,1,5,0.747,0,1,0,0,0,0,0,0,1,0,0,0,0,0,0,188.0,1.0,0.5714,4.0,0,3,0.24901873,0,CA,buniaka
192-172_toclimb-1,Wolio,to climb,pene,1,4,2,0.5,1,p,0,0,0,0,0,ACTION,1,5,0.747,0,0,0,0,0,1,0,0,1,0,0,0,0,0,0,126.0,1.0,0.1667,1.0,0,2,0.29647577,0,CA,pene
192-173_at-1,Wolio,at,i,1,1,1,1.0,1,other,0,0,0,0,0,GRAMMAR,1,5,0.747,0,0,0,0,1,0,0,0,0,0,1,0,0,0,0,461.0,1.0,0.0,0.0,0,1,0.037573695,0,CA,i
192-174_ininside-1,Wolio,"in, inside",nuñca,0,5,2,0.4,1,other,0,0,0,1,0,GRAMMAR,1,5,0.747,0,0,0,0,1,0,0,0,0,0,1,0,0,0,0,0.0,0.0,0.1429,1.0,1,2,0.727646,1,CS,nuñca
192-175_above-1,Wolio,above,bawo,1,4,2,0.5,1,b,0,0,0,0,0,GRAMMAR,1,5,0.747,0,1,0,0,0,0,0,0,0,0,1,0,0,0,0,200.0,1.0,0.1429,1.0,0,2,0.52663565,1,MO,bawo
192-176_below-1,Wolio,below,i tambe,0,7,3,0.4286,1,other,0,1,0,1,0,GRAMMAR,1,5,0.747,0,0,0,0,1,0,0,0,0,0,1,0,0,0,0,0.0,0.0,0.5714,4.0,1,3,0.4686141,0,RO,i tambe
192-177_this-1,Wolio,this,sii,0,3,2,0.6667,1,s,0,0,0,0,0,GRAMMAR,1,5,0.747,0,0,0,0,0,0,1,0,0,0,1,0,0,0,0,0.0,0.0,0.3333,2.0,1,1,0.53641546,1,CS,sii
192-178_that-1,Wolio,that,humai,0,5,3,0.6,1,other,0,0,0,0,0,GRAMMAR,1,5,0.747,0,0,0,0,1,0,0,0,0,0,1,0,0,0,0,0.0,0.0,0.3333,3.0,1,2,0.4287241,0,RO,humai
192-179_near-1,Wolio,near,makasu,0,6,3,0.5,1,m,0,0,0,0,1,GRAMMAR,1,5,0.747,0,0,0,1,0,0,0,0,0,0,1,0,0,0,0,0.0,0.0,0.4286,3.0,1,3,0.5793058,1,CS,makasu
192-179_near-2,Wolio,near,marampi,1,7,3,0.4286,1,m,0,1,0,1,1,GRAMMAR,1,5,0.747,0,0,0,1,0,0,0,0,0,0,1,0,0,0,0,9.0,1.0,0.4286,3.0,0,3,0.63552654,1,MO,marampi
192-180_far-1,Wolio,far,marido,0,6,3,0.5,1,m,0,0,0,0,1,GRAMMAR,1,5,0.747,0,0,0,1,0,0,0,0,0,0,1,0,0,0,0,0.0,0.0,0.3333,2.0,1,3,0.5793058,1,CS,marido
192-181_where-1,Wolio,where?,i apai,0,6,4,0.6667,1,other,0,0,0,0,0,GRAMMAR,1,5,0.747,0,0,0,0,1,0,0,0,0,0,1,0,0,0,0,0.0,0.0,0.5714,4.0,1,3,0.43326092,0,RO,i apai
192-182_i-1,Wolio,I,iaku,1,4,3,0.75,1,other,0,0,0,0,0,GRAMMAR,1,5,0.747,0,0,0,0,1,0,0,0,0,0,1,0,0,0,0,1573.0,1.0,0.1667,1.0,0,2,0.20590633,0,CA,iaku
192-183_thou-1,Wolio,thou,iŋkoo,1,5,3,0.6,1,other,0,1,0,1,0,GRAMMAR,1,5,0.747,0,0,0,0,1,0,0,0,0,0,1,0,0,0,0,1534.0,1.0,0.1667,1.0,0,2,0.45740992,0,CA,iŋkoo
192-184_heshe-1,Wolio,he/she,iñcia,1,5,3,0.6,1,other,0,0,0,1,0,GRAMMAR,1,5,0.747,0,0,0,0,1,0,0,0,0,0,1,0,0,0,0,1440.0,1.0,0.2857,1.0,0,2,0.44181293,0,CA,iñcia
192-185_we-1,Wolio,we,iŋkita,1,6,3,0.5,1,other,0,1,0,1,0,OTHER,0,5,0.747,0,0,0,0,1,0,0,0,0,0,0,0,0,1,0,1009.0,1.0,0.0,0.0,0,3,0.03511721,0,CA,iŋkita
192-185_we-2,Wolio,we,iŋkami,1,6,3,0.5,1,other,0,1,0,1,0,OTHER,0,5,0.747,0,0,0,0,1,0,0,0,0,0,0,0,0,1,0,938.0,1.0,0.0,0.0,0,3,0.03511721,0,CA,iŋkami
192-186_you-1,Wolio,you,iŋkomiu,1,7,4,0.5714,1,other,0,1,0,1,0,GRAMMAR,1,5,0.747,0,0,0,0,1,0,0,0,0,0,1,0,0,0,0,1062.0,2.0,0.1667,1.0,0,3,0.31395376,0,CA,iŋkomiu
192-187_they-1,Wolio,they,incia,0,5,3,0.6,1,other,0,1,0,1,0,GRAMMAR,1,5,0.747,0,0,0,0,1,0,0,0,0,0,1,0,0,0,0,0.0,0.0,0.7143,4.0,1,2,0.45740992,0,RO,incia
192-188_what-1,Wolio,what?,opea,1,4,3,0.75,1,other,0,0,0,0,0,GRAMMAR,1,5,0.747,0,0,0,0,1,0,0,0,0,0,1,0,0,0,0,1132.0,2.0,0.1667,1.0,0,2,0.20590633,0,CA,opea
192-189_who-1,Wolio,who?,incema,1,6,3,0.5,1,other,0,1,0,1,0,GRAMMAR,1,5,0.747,0,0,0,0,1,0,0,0,0,0,1,0,0,0,0,5.0,1.0,0.5,3.0,0,3,0.46031648,0,CA,incema
192-190_other-1,Wolio,other,mosagaanana,0,11,6,0.5455,1,m,0,0,1,0,1,GRAMMAR,1,5,0.747,0,0,0,1,0,0,0,0,0,0,1,0,0,0,0,0.0,0.0,0.8,4.0,1,5,0.70598197,1,CS,mosagaanana
192-191_all-1,Wolio,all,baribaria,1,9,5,0.5556,1,b,0,0,0,0,0,GRAMMAR,1,5,0.747,0,1,0,0,0,0,0,0,0,0,1,0,0,0,0,3.0,1.0,0.4286,3.0,0,4,0.25456572,0,CA,baribaria
192-191_all-2,Wolio,all,maliŋu,0,6,3,0.5,1,m,0,1,0,0,1,GRAMMAR,1,5,0.747,0,0,0,1,0,0,0,0,0,0,1,0,0,0,0,0.0,0.0,0.4286,3.0,1,3,0.59458625,1,CS,maliŋu
192-192_and-1,Wolio,and,tee,1,3,2,0.6667,1,t,0,0,0,0,0,GRAMMAR,1,5,0.747,0,0,0,0,0,0,0,1,0,0,1,0,0,0,0,116.0,1.0,0.375,3.0,0,1,0.21068496,0,CA,tee
192-192_and-2,Wolio,and,ko,1,2,1,0.5,1,k,0,0,0,0,0,GRAMMAR,1,5,0.747,0,0,1,0,0,0,0,0,0,0,1,0,0,0,0,116.0,1.0,0.375,3.0,0,1,0.13494694,0,CA,ko
192-193_if-1,Wolio,if,ne,1,2,1,0.5,1,other,0,0,0,0,0,GRAMMAR,1,5,0.747,0,0,0,0,1,0,0,0,0,0,1,0,0,0,0,68.0,1.0,0.75,5.0,0,1,0.07781947,0,CA,ne
192-193_if-2,Wolio,if,ande,0,4,2,0.5,1,a,0,1,0,1,0,GRAMMAR,1,5,0.747,1,0,0,0,0,0,0,0,0,0,1,0,0,0,0,0.0,0.0,0.75,5.0,1,2,0.48911315,0,RO,ande
192-194_how-1,Wolio,how?,tua apa,1,7,4,0.5714,1,t,0,0,0,0,0,GRAMMAR,1,5,0.747,0,0,0,0,0,0,0,1,0,0,1,0,0,0,0,63.0,1.0,0.5714,3.0,0,3,0.2594505,0,CA,tua apa
192-195_nonot-1,Wolio,"no, not",indaa,1,5,3,0.6,1,other,0,1,0,1,0,GRAMMAR,1,5,0.747,0,0,0,0,1,0,0,0,0,0,1,0,0,0,0,13.0,1.0,0.5714,3.0,0,2,0.45740992,0,CA,indaa
192-196_tocount-1,Wolio,to count,lentu,1,5,2,0.4,1,other,0,1,0,1,0,ACTION,1,5,0.747,0,0,0,0,1,0,0,0,1,0,0,0,0,0,0,2.0,1.0,0.3333,2.0,0,2,0.6660143,1,MO,lentu
192-197_one-1,Wolio,One,ʔise,1,4,2,0.5,1,other,1,0,0,0,0,NUMBER,1,5,0.747,0,0,0,0,1,0,0,0,0,0,0,0,1,0,0,643.0,1.0,0.1429,1.0,0,2,0.22983092,0,CA,ʔise
192-198_two-1,Wolio,Two,jua,1,3,2,0.6667,1,other,0,0,0,0,0,NUMBER,1,5,0.747,0,0,0,0,1,0,0,0,0,0,0,0,1,0,0,1434.0,1.0,0.0,0.0,0,1,0.0902285,0,CA,jua
192-198_two-2,Wolio,Two,rua,1,3,2,0.6667,1,other,0,0,0,0,0,NUMBER,1,5,0.747,0,0,0,0,1,0,0,0,0,0,0,0,1,0,0,1434.0,1.0,0.0,0.0,0,1,0.0902285,0,CA,rua
192-199_three-1,Wolio,Three,talu,1,4,2,0.5,1,t,0,0,0,0,1,NUMBER,1,5,0.747,0,0,0,0,0,0,0,1,0,0,0,0,1,0,0,1402.0,1.0,0.0,0.0,0,2,0.09048498,0,CA,talu
192-200_four-1,Wolio,Four,apa,1,3,2,0.6667,1,a,0,0,0,0,0,NUMBER,1,5,0.747,1,0,0,0,0,0,0,0,0,0,0,0,1,0,0,1308.0,1.0,0.1429,1.0,0,2,0.0403831,0,CA,apa
192-200_four-2,Wolio,Four,pata,1,4,2,0.5,1,p,0,0,0,0,1,NUMBER,1,5,0.747,0,0,0,0,0,1,0,0,0,0,0,0,1,0,0,1308.0,1.0,0.1429,1.0,0,2,0.09282315,0,CA,pata
192-201_five-1,Wolio,Five,lima,1,4,2,0.5,1,other,0,0,0,0,0,NUMBER,1,5,0.747,0,0,0,0,1,0,0,0,0,0,0,0,1,0,0,1232.0,1.0,0.0,0.0,0,2,0.10301548,0,CA,lima
192-202_six-1,Wolio,Six,nama,0,4,2,0.5,1,other,0,0,0,0,1,NUMBER,0,5,0.747,0,0,0,0,1,0,0,0,0,0,0,0,1,0,0,0.0,0.0,0.5,2.0,1,2,0.17971045,0,RO,nama
192-202_six-2,Wolio,Six,ʔana,0,4,2,0.5,1,other,1,0,0,0,0,NUMBER,0,5,0.747,0,0,0,0,1,0,0,0,0,0,0,0,1,0,0,0.0,0.0,0.5,2.0,1,2,0.6271281,1,CS,ʔana
192-203_seven-1,Wolio,Seven,pitu,1,4,2,0.5,1,p,0,0,0,0,0,NUMBER,0,5,0.747,0,0,0,0,0,1,0,0,0,0,0,0,1,0,0,702.0,1.0,0.0,0.0,0,2,0.11097562,0,CA,pitu
192-204_eight-1,Wolio,Eight,walu,1,4,2,0.5,1,other,0,0,0,0,0,NUMBER,0,5,0.747,0,0,0,0,1,0,0,0,0,0,0,0,1,0,0,573.0,1.0,0.5,3.0,0,2,0.18170619,0,CA,walu
192-205_nine-1,Wolio,Nine,sio,1,3,2,0.6667,1,s,0,0,0,0,0,NUMBER,0,5,0.747,0,0,0,0,0,0,1,0,0,0,0,0,1,0,0,505.0,1.0,0.0,0.0,0,1,0.35132933,0,CA,sio
192-206_ten-1,Wolio,Ten,sapulu,1,6,3,0.5,1,s,0,0,0,0,0,NUMBER,0,5,0.747,0,0,0,0,0,0,1,0,0,0,0,0,1,0,0,782.0,1.0,0.4,2.0,0,3,0.49607003,0,CA,sapulu
192-207_twenty-1,Wolio,Twenty,rua pulu,0,8,4,0.5,1,other,0,0,0,0,0,NUMBER,0,5,0.747,0,0,0,0,1,0,0,0,0,0,0,0,1,0,0,0.0,0.0,0.8,4.0,1,3,0.5964891,1,CS,rua pulu
192-208_fifty-1,Wolio,Fifty,lima pulu,0,9,4,0.4444,1,other,0,0,0,0,0,NUMBER,0,5,0.747,0,0,0,0,1,0,0,0,0,0,0,0,1,0,0,0.0,0.0,0.8,4.0,1,4,0.6740746,1,CS,lima pulu
192-209_onehundred-1,Wolio,One Hundred,saatu,0,5,3,0.6,1,s,0,0,0,0,0,NUMBER,0,5,0.747,0,0,0,0,0,0,1,0,0,0,0,0,1,0,0,0.0,0.0,0.8,4.0,1,2,0.6983428,1,CS,saatu
192-210_onethousand-1,Wolio,One Thousand,sarewu,0,6,3,0.5,1,s,0,0,0,0,0,NUMBER,0,5,0.747,0,0,0,0,0,0,1,0,0,0,0,0,1,0,0,0.0,0.0,0.8333,5.0,1,3,0.49607003,0,RO,sarewu
226-1_hand-1,Toraja-Sadan,hand,lima,1,4,2,0.5,1,other,0,0,0,0,0,BODY,1,4,0.816,0,0,0,0,1,0,0,0,0,1,0,0,0,0,0,1102.0,2.0,0.0,0.0,0,2,0.053028584,0,CA,lima
226-2_left-1,Toraja-Sadan,left,kairi,1,5,3,0.6,1,k,0,0,0,0,1,OTHER,0,4,0.816,0,0,1,0,0,0,0,0,0,0,0,0,0,1,0,651.0,2.0,0.0,0.0,0,2,0.026403248,0,CA,kairi
226-3_right-1,Toraja-Sadan,right,kanan,1,5,2,0.4,0,k,0,0,1,0,1,OTHER,0,4,0.816,0,0,1,0,0,0,0,0,0,0,0,0,0,1,0,384.0,2.0,0.0,0.0,0,2,0.010526955,0,CA,kanan
226-4_legfoot-1,Toraja-Sadan,leg/foot,letteʔ,0,6,2,0.3333,0,other,1,0,0,1,0,BODY,1,4,0.816,0,0,0,0,1,0,0,0,0,1,0,0,0,0,0,0.0,0.0,0.3333,2.0,1,2,0.37605315,0,RO,letteʔ
226-5_towalk-1,Toraja-Sadan,to walk,liŋka,1,5,2,0.4,1,other,0,1,0,1,0,ACTION,1,4,0.816,0,0,0,0,1,0,0,0,1,0,0,0,0,0,0,6.0,1.0,0.2857,1.0,0,2,0.40741003,0,CA,liŋka
226-6_roadpath-1,Toraja-Sadan,road/path,lalan,1,5,2,0.4,0,other,0,0,1,0,0,NATURE,1,4,0.816,0,0,0,0,1,0,0,0,0,0,0,1,0,0,0,991.0,1.0,0.3333,2.0,0,2,0.03581488,0,CA,lalan
226-7_tocome-1,Toraja-Sadan,to come,sae,0,3,2,0.6667,1,s,0,0,0,0,0,ACTION,1,4,0.816,0,0,0,0,0,0,1,0,1,0,0,0,0,0,0,0.0,0.0,0.625,4.0,1,1,0.63264024,1,CS,sae
226-8_toturn-1,Toraja-Sadan,to turn,giliŋ,1,5,2,0.4,0,other,0,1,0,0,0,ACTION,1,4,0.816,0,0,0,0,1,0,0,0,1,0,0,0,0,0,0,14.0,1.0,0.5,3.0,0,2,0.19186777,0,CA,giliŋ
226-9_toswim-1,Toraja-Sadan,to swim,oroŋ,0,4,2,0.5,0,other,0,1,0,0,0,ACTION,1,4,0.816,0,0,0,0,1,0,0,0,1,0,0,0,0,0,0,0.0,0.0,0.1667,1.0,1,2,0.24332678,0,RO,oroŋ
226-10_dirty-1,Toraja-Sadan,dirty,koʔdoʔ,1,6,2,0.3333,0,k,1,0,0,1,0,NATURE,0,4,0.816,0,0,1,0,0,0,0,0,0,0,0,1,0,0,0,26.0,1.0,0.1667,1.0,0,2,0.22648895,0,CA,koʔdoʔ
226-11_dust-1,Toraja-Sadan,dust,au,1,2,2,1.0,1,a,0,0,0,0,0,NATURE,0,4,0.816,1,0,0,0,0,0,0,0,0,0,0,1,0,0,0,377.0,1.0,0.1429,1.0,0,1,0.017629266,0,CA,au
226-12_skin-1,Toraja-Sadan,skin,kuliʔ,1,5,2,0.4,0,k,1,0,0,0,0,BODY,1,4,0.816,0,0,1,0,0,0,0,0,0,1,0,0,0,0,0,720.0,1.0,0.1429,1.0,0,2,0.12558395,0,CA,kuliʔ
226-13_back-1,Toraja-Sadan,back,bokoʔ,1,5,2,0.4,0,b,1,0,0,0,0,BODY,1,4,0.816,0,1,0,0,0,0,0,0,0,1,0,0,0,0,0,3.0,1.0,0.375,3.0,0,2,0.03517413,0,CA,bokoʔ
226-14_belly-1,Toraja-Sadan,belly,baʔteŋ,1,6,2,0.3333,0,b,1,1,0,1,0,BODY,1,4,0.816,0,1,0,0,0,0,0,0,0,1,0,0,0,0,0,35.0,1.0,0.1667,1.0,0,2,0.116785765,0,CA,baʔteŋ
226-15_bone-1,Toraja-Sadan,bone,buku,1,4,2,0.5,1,b,0,0,0,0,0,BODY,1,4,0.816,0,1,0,0,0,0,0,0,0,1,0,0,0,0,0,78.0,1.0,0.0,0.0,0,2,0.059614122,0,CA,buku
226-16_intestines-1,Toraja-Sadan,intestines,tambuk,0,6,2,0.3333,0,t,0,1,0,1,1,BODY,1,4,0.816,0,0,0,0,0,0,0,1,0,1,0,0,0,0,0,0.0,0.0,0.5714,4.0,1,2,0.36337984,0,RO,tambuk
226-17_liver-1,Toraja-Sadan,liver,ate,1,3,2,0.6667,1,a,0,0,0,0,0,BODY,1,4,0.816,1,0,0,0,0,0,0,0,0,1,0,0,0,0,0,828.0,1.0,0.0,0.0,0,2,0.015901268,0,CA,ate
226-18_breast-1,Toraja-Sadan,breast,susu,1,4,2,0.5,1,s,0,0,1,0,0,BODY,1,4,0.816,0,0,0,0,0,0,1,0,0,1,0,0,0,0,0,1122.0,1.0,0.0,0.0,0,2,0.11232048,0,CA,susu
226-19_shoulder-1,Toraja-Sadan,shoulder,palempeŋ,1,8,3,0.375,0,p,0,1,0,1,1,BODY,1,4,0.816,0,0,0,0,0,1,0,0,0,1,0,0,0,0,0,356.0,1.0,0.1429,1.0,0,3,0.20527738,0,CA,palempeŋ
226-20_toknowbeknowledgeable-1,Toraja-Sadan,"to know, be knowledgeable",issan,1,5,2,0.4,0,other,0,0,0,1,0,ACTION,0,4,0.816,0,0,0,0,1,0,0,0,1,0,0,0,0,0,0,3.0,1.0,0.1667,1.0,0,2,0.20298642,0,CA,issan
226-21_tothink-1,Toraja-Sadan,to think,taŋaʔ,0,5,2,0.4,0,t,1,1,0,0,1,ACTION,0,4,0.816,0,0,0,0,0,0,0,1,1,0,0,0,0,0,0,0.0,0.0,0.5,3.0,1,2,0.40730643,0,RO,taŋaʔ
226-22_tofear-1,Toraja-Sadan,to fear,takuʔ,1,5,2,0.4,0,t,1,0,0,0,1,ACTION,0,4,0.816,0,0,0,0,0,0,0,1,1,0,0,0,0,0,0,738.0,1.0,0.3333,2.0,0,2,0.40529263,0,CA,takuʔ
226-23_blood-1,Toraja-Sadan,blood,rara,1,4,2,0.5,1,other,0,0,1,0,0,BODY,1,4,0.816,0,0,0,0,1,0,0,0,0,1,0,0,0,0,0,929.0,1.0,0.1667,1.0,0,2,0.045345306,0,CA,rara
226-24_head-1,Toraja-Sadan,head,ulu,1,3,2,0.6667,1,other,0,0,0,0,0,BODY,1,4,0.816,0,0,0,0,1,0,0,0,0,1,0,0,0,0,0,746.0,1.0,0.1667,1.0,0,2,0.061360717,0,CA,ulu
226-25_neck-1,Toraja-Sadan,neck,baroko,1,6,3,0.5,1,b,0,0,0,0,0,BODY,1,4,0.816,0,1,0,0,0,0,0,0,0,1,0,0,0,0,0,13.0,1.0,0.1667,1.0,0,3,0.118911564,0,CA,baroko
226-26_hair-1,Toraja-Sadan,hair,beluak,1,6,3,0.5,0,b,0,0,0,0,0,BODY,1,4,0.816,0,1,0,0,0,0,0,0,0,1,0,0,0,0,0,297.0,1.0,0.1667,1.0,0,2,0.09898299,0,CA,beluak
226-27_nose-1,Toraja-Sadan,nose,illoŋ,1,5,2,0.4,0,other,0,1,0,1,0,BODY,1,4,0.816,0,0,0,0,1,0,0,0,0,1,0,0,0,0,0,1315.0,1.0,0.1667,1.0,0,2,0.09256017,0,CA,illoŋ
226-28_tobreathe-1,Toraja-Sadan,to breathe,naa,1,3,2,0.6667,1,other,0,0,0,0,1,ACTION,0,4,0.816,0,0,0,0,1,0,0,0,1,0,0,0,0,0,0,188.0,1.0,0.5714,3.0,0,1,0.12987381,0,CA,naa
226-29_tosniffsmell-1,Toraja-Sadan,"to sniff, smell",uduk,1,4,2,0.5,0,other,0,0,0,0,0,ACTION,0,4,0.816,0,0,0,0,1,0,0,0,1,0,0,0,0,0,0,76.0,1.0,0.3333,2.0,0,2,0.096948564,0,CA,uduk
226-30_mouth-1,Toraja-Sadan,mouth,sadaŋ,0,5,2,0.4,0,s,0,1,0,0,0,BODY,1,4,0.816,0,0,0,0,0,0,1,0,0,1,0,0,0,0,0,0.0,0.0,0.3333,2.0,1,2,0.15941876,0,RO,sadaŋ
226-31_tooth-1,Toraja-Sadan,tooth,isi,1,3,2,0.6667,1,other,0,0,0,0,0,BODY,1,4,0.816,0,0,0,0,1,0,0,0,0,1,0,0,0,0,0,118.0,2.0,0.0,0.0,0,2,0.061360717,0,CA,isi
226-32_tongue-1,Toraja-Sadan,tongue,lila,1,4,2,0.5,1,other,0,0,0,0,0,BODY,1,4,0.816,0,0,0,0,1,0,0,0,0,1,0,0,0,0,0,393.0,1.0,0.0,0.0,0,2,0.053028584,0,CA,lila
226-33_tolaugh-1,Toraja-Sadan,to laugh,taa,1,3,2,0.6667,1,t,0,0,0,0,1,ACTION,1,4,0.816,0,0,0,0,0,0,0,1,1,0,0,0,0,0,0,118.0,1.0,0.3333,2.0,0,1,0.17225832,0,CA,taa
226-34_tocry-1,Toraja-Sadan,to cry,taŋiʔ,1,5,2,0.4,0,t,1,1,0,0,1,ACTION,1,4,0.816,0,0,0,0,0,0,0,1,1,0,0,0,0,0,0,1046.0,1.0,0.375,2.0,0,2,0.2900777,0,CA,taŋiʔ
226-35_tovomit-1,Toraja-Sadan,to vomit,lua,1,3,2,0.6667,1,other,0,0,0,0,0,ACTION,1,4,0.816,0,0,0,0,1,0,0,0,1,0,0,0,0,0,0,592.0,1.0,0.4286,2.0,0,1,0.30653214,0,CA,lua
226-36_tospit-1,Toraja-Sadan,to spit,met-tudu,0,8,3,0.375,1,m,0,0,1,0,1,ACTION,0,4,0.816,0,0,0,1,0,0,0,0,1,0,0,0,0,0,0,0.0,0.0,0.4286,3.0,1,3,0.22630566,0,RO,met-tudu
226-37_toeat-1,Toraja-Sadan,to eat,k-um-ande,1,9,3,0.3333,1,k,0,1,1,1,0,ACTION,1,4,0.816,0,0,1,0,0,0,0,0,1,0,0,0,0,0,0,1440.0,2.0,0.1667,1.0,0,3,0.3984986,0,CA,k-um-ande
226-38_tochew-1,Toraja-Sadan,to chew,kema,1,4,2,0.5,1,k,0,0,0,0,0,ACTION,0,4,0.816,0,0,1,0,0,0,0,0,1,0,0,0,0,0,0,2.0,1.0,0.5,3.0,0,2,0.13011438,0,CA,kema
226-39_tocook-1,Toraja-Sadan,to cook,nasu,1,4,2,0.5,1,other,0,0,0,0,1,ACTION,0,4,0.816,0,0,0,0,1,0,0,0,1,0,0,0,0,0,0,65.0,1.0,0.3333,2.0,0,2,0.12043834,0,CA,nasu
226-40_todrink-1,Toraja-Sadan,to drink,iruʔ,1,4,2,0.5,0,other,1,0,0,0,0,ACTION,1,4,0.816,0,0,0,0,1,0,0,0,1,0,0,0,0,0,0,8.0,1.0,0.2857,2.0,0,2,0.33287442,0,CA,iruʔ
226-41_tobite-1,Toraja-Sadan,to bite,kekeʔ,1,5,2,0.4,0,k,1,0,1,0,0,ACTION,1,4,0.816,0,0,1,0,0,0,0,0,1,0,0,0,0,0,0,656.0,1.0,0.625,3.0,0,2,0.2576663,0,CA,kekeʔ
226-42_tosuck-1,Toraja-Sadan,to suck,sussuʔ,1,6,2,0.3333,0,s,1,0,0,1,0,OTHER,0,4,0.816,0,0,0,0,0,0,1,0,0,0,0,0,0,1,0,333.0,1.0,0.0,0.0,0,2,0.05611223,0,CA,sussuʔ
226-43_ear-1,Toraja-Sadan,ear,taliŋa,1,6,3,0.5,1,t,0,1,0,0,1,BODY,0,4,0.816,0,0,0,0,0,0,0,1,0,1,0,0,0,0,0,1252.0,1.0,0.1667,1.0,0,3,0.09124386,0,CA,taliŋa
226-44_tohear-1,Toraja-Sadan,to hear,raŋi,1,4,2,0.5,1,other,0,1,0,0,0,ACTION,1,4,0.816,0,0,0,0,1,0,0,0,1,0,0,0,0,0,0,988.0,1.0,0.1667,1.0,0,2,0.2604586,0,CA,raŋi
226-45_eye-1,Toraja-Sadan,eye,mata,1,4,2,0.5,1,m,0,0,0,0,1,BODY,0,4,0.816,0,0,0,1,0,0,0,0,0,1,0,0,0,0,0,1471.0,1.0,0.0,0.0,0,2,0.03695196,0,CA,mata
226-46_tosee-1,Toraja-Sadan,to see,tiro,0,4,2,0.5,1,t,0,0,0,0,0,ACTION,1,4,0.816,0,0,0,0,0,0,0,1,1,0,0,0,0,0,0,0.0,0.0,0.875,5.0,1,2,0.25876933,0,RO,tiro
226-48_tosleep-1,Toraja-Sadan,to sleep,mammaʔ,0,6,2,0.3333,0,m,1,0,0,1,1,ACTION,1,4,0.816,0,0,0,1,0,0,0,0,1,0,0,0,0,0,0,0.0,0.0,0.5,3.0,1,2,0.6553366,1,CS,mammaʔ
226-49_toliedown-1,Toraja-Sadan,to lie down,mammaʔ,0,6,2,0.3333,0,m,1,0,0,1,1,ACTION,1,4,0.816,0,0,0,1,0,0,0,0,1,0,0,0,0,0,0,0.0,0.0,0.5714,3.0,1,2,0.6553366,1,CS,mammaʔ
226-50_todream-1,Toraja-Sadan,to dream,impi,1,4,2,0.5,1,other,0,1,0,1,0,ACTION,0,4,0.816,0,0,0,0,1,0,0,0,1,0,0,0,0,0,0,356.0,1.0,0.3333,2.0,0,2,0.18863773,0,CA,impi
226-51_tosit-1,Toraja-Sadan,to sit,noʔkoʔ,0,6,2,0.3333,0,other,1,0,0,1,0,ACTION,1,4,0.816,0,0,0,0,1,0,0,0,1,0,0,0,0,0,0,0.0,0.0,0.5714,4.0,1,2,0.6850588,1,CS,noʔkoʔ
226-52_tostand-1,Toraja-Sadan,to stand,bendan,0,6,2,0.3333,0,b,0,1,0,1,0,ACTION,1,4,0.816,0,1,0,0,0,0,0,0,1,0,0,0,0,0,0,0.0,0.0,0.8333,5.0,1,2,0.45404744,0,RO,bendan
226-53_personhumanbeing-1,Toraja-Sadan,person/human being,tau,1,3,2,0.6667,1,t,0,0,0,0,1,OTHER,1,4,0.816,0,0,0,0,0,0,0,1,0,0,0,0,0,1,0,618.0,1.0,0.1667,1.0,0,1,0.037134767,0,CA,tau
226-54_manmale-1,Toraja-Sadan,man/male,muane,1,5,3,0.6,1,m,0,0,0,0,0,OTHER,1,4,0.816,0,0,0,1,0,0,0,0,0,0,0,0,0,1,0,703.0,1.0,0.1429,1.0,0,2,0.1552822,0,CA,muane
226-55_womanfemale-1,Toraja-Sadan,woman/female,baine,1,5,3,0.6,1,b,0,0,0,0,0,OTHER,1,4,0.816,0,1,0,0,0,0,0,0,0,0,0,0,0,1,0,744.0,2.0,0.1667,1.0,0,2,0.0829255,0,CA,baine
226-56_child-1,Toraja-Sadan,child,pia,0,3,2,0.6667,1,p,0,0,0,0,0,OTHER,1,4,0.816,0,0,0,0,0,1,0,0,0,0,0,0,0,1,0,0.0,0.0,0.1667,1.0,1,1,0.6429889,1,CS,pia
226-57_husband-1,Toraja-Sadan,husband,muane,1,5,3,0.6,1,m,0,0,0,0,0,OTHER,1,4,0.816,0,0,0,1,0,0,0,0,0,0,0,0,0,1,0,33.0,1.0,0.3333,2.0,0,2,0.1552822,0,CA,muane
226-58_wife-1,Toraja-Sadan,wife,baine,1,5,3,0.6,1,b,0,0,0,0,0,OTHER,1,4,0.816,0,1,0,0,0,0,0,0,0,0,0,0,0,1,0,223.0,1.0,0.5714,3.0,0,2,0.0829255,0,CA,baine
226-59_mother-1,Toraja-Sadan,mother,indoʔ,1,5,2,0.4,0,other,1,1,0,1,0,OTHER,1,4,0.816,0,0,0,0,1,0,0,0,0,0,0,0,0,1,0,27.0,1.0,0.0,0.0,0,2,0.15974599,0,CA,indoʔ
226-60_father-1,Toraja-Sadan,father,ambeʔ,1,5,2,0.4,0,a,1,1,0,1,0,OTHER,1,4,0.816,1,0,0,0,0,0,0,0,0,0,0,0,0,1,0,17.0,1.0,0.1667,1.0,0,2,0.06074685,0,CA,ambeʔ
226-61_house-1,Toraja-Sadan,house,banua,1,5,3,0.6,1,b,0,0,0,0,0,OTHER,1,4,0.816,0,1,0,0,0,0,0,0,0,0,0,0,0,1,0,40.0,1.0,0.1667,1.0,0,2,0.0829255,0,CA,banua
226-62_thatchroof-1,Toraja-Sadan,thatch/roof,papa,1,4,2,0.5,1,p,0,0,1,0,1,OTHER,0,4,0.816,0,0,0,0,0,1,0,0,0,0,0,0,0,1,0,1.0,1.0,0.5,3.0,0,2,0.2829426,0,CA,papa
226-63_name-1,Toraja-Sadan,name,saŋa,1,4,2,0.5,1,s,0,1,0,0,0,OTHER,1,4,0.816,0,0,0,0,0,0,1,0,0,0,0,0,0,1,0,1151.0,1.0,0.3333,2.0,0,2,0.23133105,0,CA,saŋa
226-64_tosay-1,Toraja-Sadan,to say,po-kada,0,7,3,0.4286,1,p,0,0,1,0,1,ACTION,1,4,0.816,0,0,0,0,0,1,0,0,1,0,0,0,0,0,0,0.0,0.0,0.6667,5.0,1,3,0.49682945,0,RO,po-kada
226-65_rope-1,Toraja-Sadan,rope,ulaŋ,1,4,2,0.5,0,other,0,1,0,0,0,OTHER,1,4,0.816,0,0,0,0,1,0,0,0,0,0,0,0,0,1,0,3.0,1.0,0.7143,5.0,0,2,0.096650064,0,CA,ulaŋ
226-66_totieupfasten-1,Toraja-Sadan,"to tie up, fasten",pori,0,4,2,0.5,1,p,0,0,0,0,1,ACTION,0,4,0.816,0,0,0,0,0,1,0,0,1,0,0,0,0,0,0,0.0,0.0,0.8333,5.0,1,2,0.23731846,0,RO,pori
226-67_tosew-1,Toraja-Sadan,to sew,dasiʔ,0,5,2,0.4,0,other,1,0,0,0,0,ACTION,1,4,0.816,0,0,0,0,1,0,0,0,1,0,0,0,0,0,0,0.0,0.0,0.5,3.0,1,2,0.3219024,0,RO,dasiʔ
226-68_needle-1,Toraja-Sadan,needle,darun,1,5,2,0.4,0,other,0,0,0,0,0,OTHER,1,4,0.816,0,0,0,0,1,0,0,0,0,0,0,0,0,1,0,317.0,1.0,0.1667,1.0,0,2,0.06658208,0,CA,darun
226-69_tohunt-1,Toraja-Sadan,to hunt,lola,0,4,2,0.5,1,other,0,0,0,0,0,ACTION,1,4,0.816,0,0,0,0,1,0,0,0,1,0,0,0,0,0,0,0.0,0.0,1.0,4.0,1,2,0.26200444,0,RO,lola
226-70_toshoot-1,Toraja-Sadan,to shoot,maʔ-baliliʔ,1,11,4,0.3636,0,m,1,0,1,0,1,OTHER,0,4,0.816,0,0,0,1,0,0,0,0,0,0,0,0,0,1,0,2.0,1.0,0.0,0.0,0,4,0.10081428,0,CA,maʔ-baliliʔ
226-71_tostabpierce-1,Toraja-Sadan,"to stab, pierce",tobok,1,5,2,0.4,0,t,0,0,0,0,0,ACTION,0,4,0.816,0,0,0,0,0,0,0,1,1,0,0,0,0,0,0,25.0,1.0,0.375,2.0,0,2,0.10877842,0,CA,tobok
226-72_tohit-1,Toraja-Sadan,to hit,bamba,0,5,2,0.4,1,b,0,1,0,1,0,ACTION,1,4,0.816,0,1,0,0,0,0,0,0,1,0,0,0,0,0,0,0.0,0.0,1.0,6.0,1,2,0.3391626,0,RO,bamba
226-73_tosteal-1,Toraja-Sadan,to steal,boko,0,4,2,0.5,1,b,0,0,0,0,0,ACTION,1,4,0.816,0,1,0,0,0,0,0,0,1,0,0,0,0,0,0,0.0,0.0,0.6667,4.0,1,2,0.19849128,0,RO,boko
226-74_tokill-1,Toraja-Sadan,to kill,poŋko,1,5,2,0.4,1,p,0,1,0,1,1,ACTION,1,4,0.816,0,0,0,0,0,1,0,0,1,0,0,0,0,0,0,5.0,1.0,0.0,0.0,0,2,0.2288242,0,CA,poŋko
226-74_tokill-2,Toraja-Sadan,to kill,buno,1,4,2,0.5,1,b,0,0,0,0,0,ACTION,1,4,0.816,0,1,0,0,0,0,0,0,1,0,0,0,0,0,0,338.0,1.0,0.0,0.0,0,2,0.19849128,0,CA,buno
226-75_todiebedead-1,Toraja-Sadan,"to die, be dead",mate,1,4,2,0.5,1,m,0,0,0,0,1,ACTION,1,4,0.816,0,0,0,1,0,0,0,0,1,0,0,0,0,0,0,1291.0,1.0,0.0,0.0,0,2,0.17625886,0,CA,mate
226-76_tolivebealive-1,Toraja-Sadan,"to live, be alive",tuo,1,3,2,0.6667,1,t,0,0,0,0,0,ACTION,1,4,0.816,0,0,0,0,0,0,0,1,1,0,0,0,0,0,0,3.0,1.0,0.3333,2.0,0,1,0.20851445,0,CA,tuo
226-77_toscratch-1,Toraja-Sadan,to scratch,kayok,1,5,2,0.4,0,k,0,0,0,0,1,ACTION,0,4,0.816,0,0,1,0,0,0,0,0,1,0,0,0,0,0,0,194.0,1.0,0.125,1.0,0,2,0.11460179,0,CA,kayok
226-78_tocuthack-1,Toraja-Sadan,"to cut, hack",tara,1,4,2,0.5,1,t,0,0,0,0,1,ACTION,1,4,0.816,0,0,0,0,0,0,0,1,1,0,0,0,0,0,0,335.0,1.0,0.625,3.0,0,2,0.21616155,0,CA,tara
226-79_stickwood-1,Toraja-Sadan,stick/wood,kayu,1,4,2,0.5,1,k,0,0,0,0,1,OTHER,1,4,0.816,0,0,1,0,0,0,0,0,0,0,0,0,0,1,0,1202.0,1.0,0.1667,1.0,0,2,0.10382342,0,CA,kayu
226-80_tosplit-1,Toraja-Sadan,to split,piak,1,4,2,0.5,0,p,0,0,0,0,0,ACTION,1,4,0.816,0,0,0,0,0,1,0,0,1,0,0,0,0,0,0,269.0,1.0,0.5,3.0,0,1,0.20262653,0,CA,piak
226-80_tosplit-2,Toraja-Sadan,to split,bakka,1,5,2,0.4,1,b,0,0,0,1,0,ACTION,1,4,0.816,0,1,0,0,0,0,0,0,1,0,0,0,0,0,0,17.0,1.0,0.5,3.0,0,2,0.3327875,0,CA,bakka
226-81_sharp-1,Toraja-Sadan,sharp,ma-taran,1,8,3,0.375,0,m,0,0,1,0,1,QUALITY,1,4,0.816,0,0,0,1,0,0,0,0,0,0,0,0,0,0,1,244.0,1.0,0.1667,1.0,0,3,0.15582883,0,CA,ma-taran
226-82_dullblunt-1,Toraja-Sadan,"dull, blunt",ma-pumpu,0,8,3,0.375,1,m,0,1,1,1,1,QUALITY,1,4,0.816,0,0,0,1,0,0,0,0,0,0,0,0,0,0,1,0.0,0.0,0.8,4.0,1,3,0.3077091,0,RO,ma-pumpu
226-83_towork-1,Toraja-Sadan,to work,karaŋ,1,5,2,0.4,0,k,0,1,0,0,1,ACTION,1,4,0.816,0,0,1,0,0,0,0,0,1,0,0,0,0,0,0,38.0,1.0,0.1667,1.0,0,2,0.121038675,0,CA,karaŋ
226-84_toplant-1,Toraja-Sadan,to plant,tanan,1,5,2,0.4,0,t,0,0,1,0,1,ACTION,1,4,0.816,0,0,0,0,0,0,0,1,1,0,0,0,0,0,0,234.0,1.0,0.2857,2.0,0,2,0.13008606,0,CA,tanan
226-85_tochoose-1,Toraja-Sadan,to choose,pile,1,4,2,0.5,1,p,0,0,0,0,0,ACTION,1,4,0.816,0,0,0,0,0,1,0,0,1,0,0,0,0,0,0,444.0,1.0,0.1667,1.0,0,2,0.21771723,0,CA,pile
226-86_togrow-1,Toraja-Sadan,to grow,tuo,1,3,2,0.6667,1,t,0,0,0,0,0,ACTION,1,4,0.816,0,0,0,0,0,0,0,1,1,0,0,0,0,0,0,271.0,1.0,0.3333,2.0,0,1,0.20851445,0,CA,tuo
226-87_toswell-1,Toraja-Sadan,to swell,kambaŋ,1,6,2,0.3333,0,k,0,1,0,1,1,ACTION,1,4,0.816,0,0,1,0,0,0,0,0,1,0,0,0,0,0,0,21.0,1.0,0.375,2.0,0,2,0.37353885,0,CA,kambaŋ
226-88_tosqueeze-1,Toraja-Sadan,to squeeze,parra,1,5,2,0.4,1,p,0,0,0,1,1,ACTION,1,4,0.816,0,0,0,0,0,1,0,0,1,0,0,0,0,0,0,110.0,1.0,0.3333,2.0,0,2,0.24559295,0,CA,parra
226-89_tohold-1,Toraja-Sadan,to hold,tue,0,3,2,0.6667,1,t,0,0,0,0,0,ACTION,1,4,0.816,0,0,0,0,0,0,0,1,1,0,0,0,0,0,0,0.0,0.0,0.75,5.0,1,1,0.20851445,0,RO,tue
226-90_todig-1,Toraja-Sadan,to dig,kali,1,4,2,0.5,1,k,0,0,0,0,1,ACTION,1,4,0.816,0,0,1,0,0,0,0,0,1,0,0,0,0,0,0,799.0,1.0,0.3333,2.0,0,2,0.2292124,0,CA,kali
226-91_tobuy-1,Toraja-Sadan,to buy,alli,1,4,2,0.5,1,a,0,0,0,1,0,ACTION,1,4,0.816,1,0,0,0,0,0,0,0,1,0,0,0,0,0,0,394.0,1.0,0.1667,1.0,0,2,0.24092722,0,CA,alli
226-92_toopenuncover-1,Toraja-Sadan,"to open, uncover",buka,1,4,2,0.5,1,b,0,0,0,0,0,ACTION,1,4,0.816,0,1,0,0,0,0,0,0,1,0,0,0,0,0,0,239.0,1.0,0.4286,3.0,0,2,0.19849128,0,CA,buka
226-93_topoundbeat-1,Toraja-Sadan,"to pound, beat",lambuk,1,6,2,0.3333,0,other,0,1,0,1,0,ACTION,1,4,0.816,0,0,0,0,1,0,0,0,1,0,0,0,0,0,0,5.0,1.0,0.375,2.0,0,2,0.52697766,1,MO,lambuk
226-94_tothrow-1,Toraja-Sadan,to throw,tibe,0,4,2,0.5,1,t,0,0,0,0,0,ACTION,1,4,0.816,0,0,0,0,0,0,0,1,1,0,0,0,0,0,0,0.0,0.0,0.7143,5.0,1,2,0.25876933,0,RO,tibe
226-95_tofall-1,Toraja-Sadan,to fall,tobaŋ,0,5,2,0.4,0,t,0,1,0,0,0,ACTION,1,4,0.816,0,0,0,0,0,0,0,1,1,0,0,0,0,0,0,0.0,0.0,0.8,4.0,1,2,0.1951679,0,RO,tobaŋ
226-96_dog-1,Toraja-Sadan,dog,asu,1,3,2,0.6667,1,a,0,0,0,0,0,OTHER,1,4,0.816,1,0,0,0,0,0,0,0,0,0,0,0,0,1,0,341.0,1.0,0.3333,2.0,0,2,0.008447707,0,CA,asu
226-97_bird-1,Toraja-Sadan,bird,manuk manuk,1,11,4,0.3636,0,m,0,0,0,0,1,OTHER,1,4,0.816,0,0,0,1,0,0,0,0,0,0,0,0,0,1,0,971.0,1.0,0.1667,1.0,0,4,0.12882233,0,CA,manuk manuk
226-98_egg-1,Toraja-Sadan,egg,talloʔ,1,6,2,0.3333,0,t,1,0,0,1,1,BODY,1,4,0.816,0,0,0,0,0,0,0,1,0,1,0,0,0,0,0,776.0,1.0,0.3333,2.0,0,2,0.38656557,0,CA,talloʔ
226-99_feather-1,Toraja-Sadan,feather,bulu,1,4,2,0.5,1,b,0,0,0,0,0,BODY,1,4,0.816,0,1,0,0,0,0,0,0,0,1,0,0,0,0,0,647.0,1.0,0.1667,1.0,0,2,0.059614122,0,CA,bulu
226-100_wing-1,Toraja-Sadan,wing,paniʔ,1,5,2,0.4,0,p,1,0,0,0,1,BODY,0,4,0.816,0,0,0,0,0,1,0,0,0,1,0,0,0,0,0,233.0,1.0,0.3333,2.0,0,2,0.09520352,0,CA,paniʔ
226-101_tofly-1,Toraja-Sadan,to fly,tiaʔ,1,4,2,0.5,0,t,1,0,0,0,0,ACTION,1,4,0.816,0,0,0,0,0,0,0,1,1,0,0,0,0,0,0,6.0,1.0,0.5,3.0,0,1,0.32915443,0,CA,tiaʔ
226-102_rat-1,Toraja-Sadan,rat,balao,1,5,3,0.6,1,b,0,0,0,0,0,OTHER,1,4,0.816,0,1,0,0,0,0,0,0,0,0,0,0,0,1,0,363.0,1.0,0.1429,1.0,0,2,0.0829255,0,CA,balao
226-103_meatflesh-1,Toraja-Sadan,meat/flesh,issi,1,4,2,0.5,1,other,0,0,0,1,0,BODY,1,4,0.816,0,0,0,0,1,0,0,0,0,1,0,0,0,0,0,146.0,1.0,0.3333,2.0,0,2,0.054692805,0,CA,issi
226-104_fatgrease-1,Toraja-Sadan,fat/grease,lompo,1,5,2,0.4,1,other,0,1,0,1,0,BODY,1,4,0.816,0,0,0,0,1,0,0,0,0,1,0,0,0,0,0,167.0,1.0,0.1667,1.0,0,2,0.10276538,0,CA,lompo
226-105_tail-1,Toraja-Sadan,tail,ikkoʔ,1,5,2,0.4,0,other,1,0,0,1,0,BODY,1,4,0.816,0,0,0,0,1,0,0,0,0,1,0,0,0,0,0,454.0,1.0,0.3333,2.0,0,2,0.115342975,0,CA,ikkoʔ
226-106_snake-1,Toraja-Sadan,snake,ulaʔ,1,4,2,0.5,0,other,1,0,0,0,0,OTHER,1,4,0.816,0,0,0,0,1,0,0,0,0,0,0,0,0,1,0,229.0,1.0,0.0,0.0,0,2,0.090660155,0,CA,ulaʔ
226-107_wormearthworm-1,Toraja-Sadan,worm (earthworm),kalintiŋ,0,8,3,0.375,0,k,0,1,0,1,1,OTHER,1,4,0.816,0,0,1,0,0,0,0,0,0,0,0,0,0,1,0,0.0,0.0,0.6,3.0,1,3,0.45570105,0,RO,kalintiŋ
226-108_louse-1,Toraja-Sadan,louse,kutu,1,4,2,0.5,1,k,0,0,0,0,0,OTHER,1,4,0.816,0,0,1,0,0,0,0,0,0,0,0,0,0,1,0,1230.0,1.0,0.0,0.0,0,2,0.10183507,0,CA,kutu
226-109_mosquito-1,Toraja-Sadan,mosquito,kasisiʔ,0,7,3,0.4286,0,k,1,0,1,0,1,OTHER,1,4,0.816,0,0,1,0,0,0,0,0,0,0,0,0,0,1,0,0.0,0.0,0.2857,2.0,1,3,0.4683683,0,RO,kasisiʔ
226-110_spider-1,Toraja-Sadan,spider,laa,1,3,2,0.6667,1,other,0,0,0,0,0,OTHER,0,4,0.816,0,0,0,0,1,0,0,0,0,0,0,0,0,1,0,375.0,1.0,0.0,0.0,0,1,0.006698847,0,CA,laa
226-111_fish-1,Toraja-Sadan,fish,bale,1,4,2,0.5,1,b,0,0,0,0,0,OTHER,1,4,0.816,0,1,0,0,0,0,0,0,0,0,0,0,0,1,0,3.0,1.0,0.1429,1.0,0,2,0.044100404,0,CA,bale
226-112_rotten-1,Toraja-Sadan,rotten,bosi,0,4,2,0.5,1,b,0,0,0,0,0,QUALITY,0,4,0.816,0,1,0,0,0,0,0,0,0,0,0,0,0,0,1,0.0,0.0,0.5,3.0,1,2,0.10321784,0,RO,bosi
226-113_branch-1,Toraja-Sadan,branch,taŋke,1,5,2,0.4,1,t,0,1,0,1,1,OTHER,0,4,0.816,0,0,0,0,0,0,0,1,0,0,0,0,0,1,0,4.0,1.0,0.0,0.0,0,2,0.0190956,0,CA,taŋke
226-114_leaf-1,Toraja-Sadan,leaf,daun,1,4,2,0.5,0,other,0,0,0,0,0,NATURE,1,4,0.816,0,0,0,0,1,0,0,0,0,0,0,1,0,0,0,762.0,1.0,0.5,3.0,0,1,0.06921464,0,CA,daun
226-115_root-1,Toraja-Sadan,root,akaʔ,1,4,2,0.5,0,a,1,0,0,0,0,NATURE,1,4,0.816,1,0,0,0,0,0,0,0,0,0,0,1,0,0,0,608.0,1.0,0.3333,2.0,0,2,0.046527505,0,CA,akaʔ
226-116_flower-1,Toraja-Sadan,flower,buŋa,1,4,2,0.5,1,b,0,1,0,0,0,NATURE,1,4,0.816,0,1,0,0,0,0,0,0,0,0,0,1,0,0,0,322.0,1.0,0.1429,1.0,0,2,0.061418355,0,CA,buŋa
226-117_fruit-1,Toraja-Sadan,fruit,bua,1,3,2,0.6667,1,b,0,0,0,0,0,NATURE,1,4,0.816,0,1,0,0,0,0,0,0,0,0,0,1,0,0,0,832.0,1.0,0.1667,1.0,0,1,0.09725636,0,CA,bua
226-118_grass-1,Toraja-Sadan,grass,riu,0,3,2,0.6667,1,other,0,0,0,0,0,NATURE,1,4,0.816,0,0,0,0,1,0,0,0,0,0,0,1,0,0,0,0.0,0.0,0.7143,4.0,1,1,0.1144228,0,RO,riu
226-119_earthsoil-1,Toraja-Sadan,earth/soil,litak,1,5,2,0.4,0,other,0,0,0,0,0,NATURE,1,4,0.816,0,0,0,0,1,0,0,0,0,0,0,1,0,0,0,78.0,1.0,0.0,0.0,0,2,0.0419544,0,CA,litak
226-120_stone-1,Toraja-Sadan,stone,batu,1,4,2,0.5,1,b,0,0,0,0,0,NATURE,1,4,0.816,0,1,0,0,0,0,0,0,0,0,0,1,0,0,0,1145.0,1.0,0.0,0.0,0,2,0.058735847,0,CA,batu
226-121_sand-1,Toraja-Sadan,sand,buŋin,1,5,2,0.4,0,b,0,1,0,0,0,NATURE,1,4,0.816,0,1,0,0,0,0,0,0,0,0,0,1,0,0,0,4.0,1.0,0.0,0.0,0,2,0.036878526,0,CA,buŋin
226-122_water-1,Toraja-Sadan,water,wai,1,3,2,0.6667,1,other,0,0,0,0,0,NATURE,1,4,0.816,0,0,0,0,1,0,0,0,0,0,0,1,0,0,0,673.0,1.0,0.3333,2.0,0,1,0.1144228,0,CA,wai
226-123_toflow-1,Toraja-Sadan,to flow,loloŋ,1,5,2,0.4,0,other,0,1,1,0,0,ACTION,1,4,0.816,0,0,0,0,1,0,0,0,1,0,0,0,0,0,0,4.0,1.0,0.5,3.0,0,2,0.16762877,0,CA,loloŋ
226-124_sea-1,Toraja-Sadan,sea,tasik,1,5,2,0.4,0,t,0,0,0,0,1,NATURE,1,4,0.816,0,0,0,0,0,0,0,1,0,0,0,1,0,0,0,705.0,1.0,0.2857,2.0,0,2,0.04923588,0,CA,tasik
226-125_salt-1,Toraja-Sadan,salt,sia,1,3,2,0.6667,1,s,0,0,0,0,0,NATURE,1,4,0.816,0,0,0,0,0,0,1,0,0,0,0,1,0,0,0,117.0,1.0,0.5,3.0,0,1,0.41513538,0,CA,sia
226-126_lake-1,Toraja-Sadan,lake,tapparan,1,8,3,0.375,0,t,0,0,0,1,1,NATURE,1,4,0.816,0,0,0,0,0,0,0,1,0,0,0,1,0,0,0,2.0,1.0,0.1667,1.0,0,3,0.19165474,0,CA,tapparan
226-127_woodsforest-1,Toraja-Sadan,woods/forest,alaʔ,1,4,2,0.5,0,a,1,0,0,0,0,NATURE,1,4,0.816,1,0,0,0,0,0,0,0,0,0,0,1,0,0,0,60.0,1.0,0.5,3.0,0,2,0.046527505,0,CA,alaʔ
226-128_sky-1,Toraja-Sadan,sky,laŋiʔ,1,5,2,0.4,0,other,1,1,0,0,0,NATURE,1,4,0.816,0,0,0,0,1,0,0,0,0,0,0,1,0,0,0,589.0,1.0,0.2857,2.0,0,2,0.08689636,0,CA,laŋiʔ
226-129_moon-1,Toraja-Sadan,moon,bulan,1,5,2,0.4,0,b,0,0,0,0,0,NATURE,1,4,0.816,0,1,0,0,0,0,0,0,0,0,0,1,0,0,0,764.0,1.0,0.0,0.0,0,2,0.035227597,0,CA,bulan
226-130_star-1,Toraja-Sadan,star,bintoën,1,7,2,0.2857,0,b,0,1,0,2,0,NATURE,1,4,0.816,0,1,0,0,0,0,0,0,0,0,0,1,0,0,0,648.0,1.0,0.1429,1.0,0,2,0.07785553,0,CA,bintoën
226-131_cloud-1,Toraja-Sadan,cloud,salebuʔ,0,7,3,0.4286,0,s,1,0,0,0,0,NATURE,1,4,0.816,0,0,0,0,0,0,1,0,0,0,0,1,0,0,0,0.0,0.0,0.8333,5.0,1,3,0.63991153,1,CS,salebuʔ
226-132_fog-1,Toraja-Sadan,fog,rambu roya,1,10,4,0.4,1,other,0,1,0,1,0,NATURE,1,4,0.816,0,0,0,0,1,0,0,0,0,0,0,1,0,0,0,131.0,1.0,0.1667,1.0,0,4,0.16705984,0,CA,rambu roya
226-133_rain-1,Toraja-Sadan,rain,uran,1,4,2,0.5,0,other,0,0,0,0,0,NATURE,1,4,0.816,0,0,0,0,1,0,0,0,0,0,0,1,0,0,0,1247.0,1.0,0.1667,1.0,0,2,0.06921464,0,CA,uran
226-134_thunder-1,Toraja-Sadan,thunder,galugu,1,6,3,0.5,1,other,0,0,0,0,0,NATURE,1,4,0.816,0,0,0,0,1,0,0,0,0,0,0,1,0,0,0,42.0,1.0,0.0,0.0,0,3,0.15193886,0,CA,galugu
226-134_thunder-2,Toraja-Sadan,thunder,guntuʔ,1,6,2,0.3333,0,other,1,1,0,1,0,NATURE,1,4,0.816,0,0,0,0,1,0,0,0,0,0,0,1,0,0,0,37.0,1.0,0.0,0.0,0,2,0.15389442,0,CA,guntuʔ
226-135_lightning-1,Toraja-Sadan,lightning,kilaʔ,1,5,2,0.4,0,k,1,0,0,0,0,NATURE,1,4,0.816,0,0,1,0,0,0,0,0,0,0,0,1,0,0,0,257.0,1.0,0.1429,1.0,0,2,0.093770385,0,CA,kilaʔ
226-136_wind-1,Toraja-Sadan,wind,aŋin,1,4,2,0.5,0,a,0,1,0,0,1,NATURE,1,4,0.816,1,0,0,0,0,0,0,0,0,0,0,1,0,0,0,724.0,1.0,0.1667,1.0,0,2,0.08848566,0,CA,aŋin
226-137_toblow-1,Toraja-Sadan,to blow,pamurruʔ,0,8,3,0.375,0,p,1,0,0,1,1,ACTION,1,4,0.816,0,0,0,0,0,1,0,0,1,0,0,0,0,0,0,0.0,0.0,0.6667,4.0,1,3,0.8420832,1,CS,pamurruʔ
226-138_warm-1,Toraja-Sadan,warm,ma-lassu,1,8,3,0.375,1,m,0,0,1,1,1,QUALITY,1,4,0.816,0,0,0,1,0,0,0,0,0,0,0,0,0,0,1,13.0,1.0,0.5714,4.0,0,3,0.2729562,0,CA,ma-lassu
226-139_cold-1,Toraja-Sadan,cold,ma-sakkaʔ,0,9,3,0.3333,0,m,1,0,1,1,1,QUALITY,1,4,0.816,0,0,0,1,0,0,0,0,0,0,0,0,0,0,1,0.0,0.0,0.3333,2.0,1,3,0.5572027,1,CS,ma-sakkaʔ
226-140_dry-1,Toraja-Sadan,dry,ma-reŋko,1,8,3,0.375,1,m,0,1,1,1,1,QUALITY,1,4,0.816,0,0,0,1,0,0,0,0,0,0,0,0,0,0,1,132.0,1.0,0.5,3.0,0,3,0.3077091,0,CA,ma-reŋko
226-141_wet-1,Toraja-Sadan,wet,bonak,1,5,2,0.4,0,b,0,0,0,0,0,QUALITY,1,4,0.816,0,1,0,0,0,0,0,0,0,0,0,0,0,0,1,2.0,1.0,0.5,3.0,0,2,0.08623308,0,CA,bonak
226-142_heavy-1,Toraja-Sadan,heavy,ma-gasa,0,7,3,0.4286,1,m,0,0,1,0,1,QUALITY,1,4,0.816,0,0,0,1,0,0,0,0,0,0,0,0,0,0,1,0.0,0.0,0.6667,4.0,1,3,0.13080454,0,RO,ma-gasa
226-143_fire-1,Toraja-Sadan,fire,api,1,3,2,0.6667,1,a,0,0,0,0,0,NATURE,1,4,0.816,1,0,0,0,0,0,0,0,0,0,0,1,0,0,0,831.0,1.0,0.3333,2.0,0,2,0.030948162,0,CA,api
226-144_toburn-1,Toraja-Sadan,to burn,tunu,1,4,2,0.5,1,t,0,0,0,0,0,ACTION,1,4,0.816,0,0,0,0,0,0,0,1,1,0,0,0,0,0,0,261.0,1.0,0.3333,2.0,0,2,0.25876933,0,CA,tunu
226-145_smoke-1,Toraja-Sadan,smoke,rambu,1,5,2,0.4,1,other,0,1,0,1,0,NATURE,1,4,0.816,0,0,0,0,1,0,0,0,0,0,0,1,0,0,0,12.0,1.0,0.0,0.0,0,2,0.07466793,0,CA,rambu
226-146_ashes-1,Toraja-Sadan,ashes,au,1,2,2,1.0,1,a,0,0,0,0,0,NATURE,1,4,0.816,1,0,0,0,0,0,0,0,0,0,0,1,0,0,0,607.0,1.0,0.1429,1.0,0,1,0.016214192,0,CA,au
226-147_black-1,Toraja-Sadan,black,ma-lotoŋ,1,8,3,0.375,0,m,0,1,1,0,1,QUALITY,1,4,0.816,0,0,0,1,0,0,0,0,0,0,0,0,0,0,1,3.0,1.0,0.3333,2.0,0,3,0.1793477,0,CA,ma-lotoŋ
226-148_white-1,Toraja-Sadan,white,ma-busa,1,7,3,0.4286,1,m,0,0,1,0,1,QUALITY,1,4,0.816,0,0,0,1,0,0,0,0,0,0,0,0,0,0,1,371.0,1.0,0.3333,2.0,0,3,0.13080454,0,CA,ma-busa
226-149_red-1,Toraja-Sadan,red,ma-raraŋ,1,8,3,0.375,0,m,0,1,1,0,1,QUALITY,1,4,0.816,0,0,0,1,0,0,0,0,0,0,0,0,0,0,1,426.0,1.0,0.6667,4.0,0,3,0.1793477,0,CA,ma-raraŋ
226-150_yellow-1,Toraja-Sadan,yellow,ma-riri,1,7,3,0.4286,1,m,0,0,1,0,1,QUALITY,1,4,0.816,0,0,0,1,0,0,0,0,0,0,0,0,0,0,1,8.0,1.0,0.1667,1.0,0,3,0.13080454,0,CA,ma-riri
226-151_green-1,Toraja-Sadan,green,ma-ido,1,6,3,0.5,1,m,0,0,1,0,1,QUALITY,1,4,0.816,0,0,0,1,0,0,0,0,0,0,0,0,0,0,1,84.0,1.0,0.5,3.0,0,3,0.13246197,0,CA,ma-ido
226-152_small-1,Toraja-Sadan,small,bittiʔ,1,6,2,0.3333,0,b,1,0,0,1,0,QUALITY,1,4,0.816,0,1,0,0,0,0,0,0,0,0,0,0,0,0,1,5.0,1.0,0.5,3.0,0,2,0.1121245,0,CA,bittiʔ
226-153_big-1,Toraja-Sadan,big,kapua,0,5,3,0.6,1,k,0,0,0,0,1,QUALITY,1,4,0.816,0,0,1,0,0,0,0,0,0,0,0,0,0,0,1,0.0,0.0,0.7143,4.0,1,2,0.48047394,0,RO,kapua
226-154_short-1,Toraja-Sadan,short,kondiʔ,0,6,2,0.3333,0,k,1,1,0,1,0,QUALITY,1,4,0.816,0,0,1,0,0,0,0,0,0,0,0,0,0,0,1,0.0,0.0,0.4286,3.0,1,2,0.33372772,0,RO,kondiʔ
226-155_long-1,Toraja-Sadan,long,kalando,1,7,3,0.4286,1,k,0,1,0,1,1,QUALITY,1,4,0.816,0,0,1,0,0,0,0,0,0,0,0,0,0,0,1,93.0,1.0,0.125,1.0,0,3,0.24230975,0,CA,kalando
226-156_thin-1,Toraja-Sadan,thin,ma-nipiʔ,1,8,3,0.375,0,m,1,0,1,0,1,QUALITY,1,4,0.816,0,0,0,1,0,0,0,0,0,0,0,0,0,0,1,662.0,1.0,0.0,0.0,0,3,0.334337,0,CA,ma-nipiʔ
226-157_thick-1,Toraja-Sadan,thick,ma-kamban,1,9,3,0.3333,0,m,0,1,1,1,1,QUALITY,1,4,0.816,0,0,0,1,0,0,0,0,0,0,0,0,0,0,1,129.0,1.0,0.1667,1.0,0,3,0.37995762,0,CA,ma-kamban
226-158_narrow-1,Toraja-Sadan,narrow,siʔpiʔ,1,6,2,0.3333,0,s,1,0,0,1,0,QUALITY,1,4,0.816,0,0,0,0,0,0,1,0,0,0,0,0,0,0,1,35.0,1.0,0.4286,3.0,0,2,0.3860095,0,CA,siʔpiʔ
226-159_wide-1,Toraja-Sadan,wide,saŋkaʔ,1,6,2,0.3333,0,s,1,1,0,1,0,QUALITY,1,4,0.816,0,0,0,0,0,0,1,0,0,0,0,0,0,0,1,2.0,1.0,0.3333,2.0,0,2,0.40818745,0,CA,saŋkaʔ
226-160_painfulsick-1,Toraja-Sadan,"painful, sick",ma-saki,1,7,3,0.4286,1,m,0,0,1,0,1,QUALITY,1,4,0.816,0,0,0,1,0,0,0,0,0,0,0,0,0,0,1,484.0,1.0,0.3333,2.0,0,3,0.13080454,0,CA,ma-saki
226-161_shyashamed-1,Toraja-Sadan,"shy, ashamed",ma-siriʔ,1,8,3,0.375,0,m,1,0,1,0,1,QUALITY,1,4,0.816,0,0,0,1,0,0,0,0,0,0,0,0,0,0,1,3.0,1.0,0.1667,1.0,0,3,0.334337,0,CA,ma-siriʔ
226-162_old-1,Toraja-Sadan,old,ma-tua,1,6,3,0.5,1,m,0,0,1,0,1,QUALITY,1,4,0.816,0,0,0,1,0,0,0,0,0,0,0,0,0,0,1,392.0,1.0,0.2857,2.0,0,2,0.13246197,0,CA,ma-tua
226-163_new-1,Toraja-Sadan,new,baʔru,1,5,2,0.4,1,b,1,0,0,1,0,QUALITY,1,4,0.816,0,1,0,0,0,0,0,0,0,0,0,0,0,0,1,796.0,1.0,0.1667,1.0,0,2,0.07435858,0,CA,baʔru
226-164_good-1,Toraja-Sadan,good,melo,1,4,2,0.5,1,m,0,0,0,0,1,QUALITY,1,4,0.816,0,0,0,1,0,0,0,0,0,0,0,0,0,0,1,7.0,1.0,0.4286,3.0,0,2,0.14789397,0,CA,melo
226-164_good-2,Toraja-Sadan,good,ma-pia,1,6,3,0.5,1,m,0,0,1,0,1,QUALITY,1,4,0.816,0,0,0,1,0,0,0,0,0,0,0,0,0,0,1,200.0,1.0,0.4286,3.0,0,2,0.13246197,0,CA,ma-pia
226-165_badevil-1,Toraja-Sadan,"bad, evil",kadake,1,6,3,0.5,1,k,0,0,0,0,1,QUALITY,1,4,0.816,0,0,1,0,0,0,0,0,0,0,0,0,0,0,1,829.0,1.0,0.3333,2.0,0,3,0.29490733,0,CA,kadake
226-166_correcttrue-1,Toraja-Sadan,"correct, true",toŋan,1,5,2,0.4,0,t,0,1,0,0,0,QUALITY,1,4,0.816,0,0,0,0,0,0,0,1,0,0,0,0,0,0,1,4.0,1.0,0.1667,1.0,0,2,0.12507743,0,CA,toŋan
226-167_night-1,Toraja-Sadan,night,boŋi,1,4,2,0.5,1,b,0,1,0,0,0,OTHER,1,4,0.816,0,1,0,0,0,0,0,0,0,0,0,0,0,1,0,949.0,1.0,0.1429,1.0,0,2,0.06059611,0,CA,boŋi
226-168_day-1,Toraja-Sadan,day,allo,1,4,2,0.5,1,a,0,0,0,1,0,OTHER,1,4,0.816,1,0,0,0,0,0,0,0,0,0,0,0,0,1,0,319.0,2.0,0.1667,1.0,0,2,0.07129425,0,CA,allo
226-169_year-1,Toraja-Sadan,year,taun,1,4,2,0.5,0,t,0,0,0,0,1,OTHER,1,4,0.816,0,0,0,0,0,0,0,1,0,0,0,0,0,1,0,426.0,1.0,0.0,0.0,0,1,0.10260731,0,CA,taun
226-170_when-1,Toraja-Sadan,when?,piran,1,5,2,0.4,0,p,0,0,0,0,0,GRAMMAR,1,4,0.816,0,0,0,0,0,1,0,0,0,0,1,0,0,0,0,484.0,1.0,0.1429,1.0,0,2,0.19997668,0,CA,piran
226-171_tohide-1,Toraja-Sadan,to hide,buni,1,4,2,0.5,1,b,0,0,0,0,0,ACTION,1,4,0.816,0,1,0,0,0,0,0,0,1,0,0,0,0,0,0,188.0,1.0,0.5714,4.0,0,2,0.19849128,0,CA,buni
226-172_toclimb-1,Toraja-Sadan,to climb,tukaʔ,1,5,2,0.4,0,t,1,0,0,0,0,ACTION,1,4,0.816,0,0,0,0,0,0,0,1,1,0,0,0,0,0,0,5.0,1.0,0.1667,1.0,0,2,0.31179833,0,CA,tukaʔ
226-173_at-1,Toraja-Sadan,at,di,1,2,1,0.5,1,other,0,0,0,0,0,GRAMMAR,1,4,0.816,0,0,0,0,1,0,0,0,0,0,1,0,0,0,0,150.0,1.0,0.0,0.0,0,1,0.036424518,0,CA,di
226-174_ininside-1,Toraja-Sadan,"in, inside",lan,1,3,1,0.3333,0,other,0,0,0,0,0,GRAMMAR,1,4,0.816,0,0,0,0,1,0,0,0,0,0,1,0,0,0,0,592.0,1.0,0.1429,1.0,0,1,0.17040455,0,CA,lan
226-175_above-1,Toraja-Sadan,above,doa,1,3,2,0.6667,1,other,0,0,0,0,0,GRAMMAR,1,4,0.816,0,0,0,0,1,0,0,0,0,0,1,0,0,0,0,200.0,1.0,0.1429,1.0,0,1,0.14562356,0,CA,doa
226-176_below-1,Toraja-Sadan,below,dioŋ,0,4,2,0.5,0,other,0,1,0,0,0,GRAMMAR,1,4,0.816,0,0,0,0,1,0,0,0,0,0,1,0,0,0,0,0.0,0.0,0.5714,4.0,1,1,0.33243406,0,RO,dioŋ
226-177_this-1,Toraja-Sadan,this,ia-te,1,5,3,0.6,1,other,0,0,1,0,0,GRAMMAR,1,4,0.816,0,0,0,0,1,0,0,0,0,0,1,0,0,0,0,9.0,1.0,0.3333,2.0,0,2,0.17144698,0,CA,ia-te
226-178_that-1,Toraja-Sadan,that,ia-to,1,5,3,0.6,1,other,0,0,1,0,0,GRAMMAR,1,4,0.816,0,0,0,0,1,0,0,0,0,0,1,0,0,0,0,75.0,1.0,0.3333,3.0,0,2,0.17144698,0,CA,ia-to
226-178_that-2,Toraja-Sadan,that,ia-tu,1,5,3,0.6,1,other,0,0,1,0,0,GRAMMAR,1,4,0.816,0,0,0,0,1,0,0,0,0,0,1,0,0,0,0,75.0,1.0,0.3333,3.0,0,2,0.17144698,0,CA,ia-tu
226-179_near-1,Toraja-Sadan,near,dappiʔ,1,6,2,0.3333,0,other,1,0,0,1,0,GRAMMAR,1,4,0.816,0,0,0,0,1,0,0,0,0,0,1,0,0,0,0,9.0,1.0,0.4286,3.0,0,2,0.57073987,1,MO,dappiʔ
226-180_far-1,Toraja-Sadan,far,bela,1,4,2,0.5,1,b,0,0,0,0,0,GRAMMAR,1,4,0.816,0,1,0,0,0,0,0,0,0,0,1,0,0,0,0,4.0,1.0,0.3333,2.0,0,2,0.28692865,0,CA,bela
226-181_where-1,Toraja-Sadan,where?,umba nii,1,8,4,0.5,1,other,0,1,0,1,0,GRAMMAR,1,4,0.816,0,0,0,0,1,0,0,0,0,0,1,0,0,0,0,6.0,1.0,0.5714,4.0,0,3,0.27945548,0,CA,umba nii
226-182_i-1,Toraja-Sadan,I,aku,1,3,2,0.6667,1,a,0,0,0,0,0,GRAMMAR,1,4,0.816,1,0,0,0,0,0,0,0,0,0,1,0,0,0,0,1573.0,1.0,0.1667,1.0,0,2,0.032649636,0,CA,aku
226-183_thou-1,Toraja-Sadan,thou,iko,1,3,2,0.6667,1,other,0,0,0,0,0,GRAMMAR,1,4,0.816,0,0,0,0,1,0,0,0,0,0,1,0,0,0,0,1534.0,1.0,0.1667,1.0,0,2,0.14562356,0,CA,iko
226-184_heshe-1,Toraja-Sadan,he/she,ia,1,2,2,1.0,1,other,0,0,0,0,0,GRAMMAR,1,4,0.816,0,0,0,0,1,0,0,0,0,0,1,0,0,0,0,1440.0,1.0,0.2857,1.0,0,1,0.026970506,0,CA,ia
226-185_we-1,Toraja-Sadan,we,kita,1,4,2,0.5,1,k,0,0,0,0,0,OTHER,0,4,0.816,0,0,1,0,0,0,0,0,0,0,0,0,0,1,0,1009.0,1.0,0.0,0.0,0,2,0.009319723,0,CA,kita
226-185_we-2,Toraja-Sadan,we,kami,1,4,2,0.5,1,k,0,0,0,0,1,OTHER,0,4,0.816,0,0,1,0,0,0,0,0,0,0,0,0,0,1,0,938.0,1.0,0.0,0.0,0,2,0.009996235,0,CA,kami
226-186_you-1,Toraja-Sadan,you,kamu,1,4,2,0.5,1,k,0,0,0,0,1,GRAMMAR,1,4,0.816,0,0,1,0,0,0,0,0,0,0,1,0,0,0,0,1062.0,1.0,0.1667,1.0,0,2,0.46466607,0,CA,kamu
226-187_they-1,Toraja-Sadan,they,ia,1,2,2,1.0,1,other,0,0,0,0,0,GRAMMAR,1,4,0.816,0,0,0,0,1,0,0,0,0,0,1,0,0,0,0,1075.0,1.0,0.7143,4.0,0,1,0.026970506,0,CA,ia
226-188_what-1,Toraja-Sadan,what?,apa,1,3,2,0.6667,1,a,0,0,0,0,0,GRAMMAR,1,4,0.816,1,0,0,0,0,0,0,0,0,0,1,0,0,0,0,1132.0,1.0,0.1667,1.0,0,2,0.032649636,0,CA,apa
226-189_who-1,Toraja-Sadan,who?,inda,0,4,2,0.5,1,other,0,1,0,1,0,GRAMMAR,1,4,0.816,0,0,0,0,1,0,0,0,0,0,1,0,0,0,0,0.0,0.0,0.5,3.0,1,2,0.3461607,0,RO,inda
226-190_other-1,Toraja-Sadan,other,seŋaʔ,0,5,2,0.4,0,s,1,1,0,0,0,GRAMMAR,1,4,0.816,0,0,0,0,0,0,1,0,0,0,1,0,0,0,0,0.0,0.0,0.8,4.0,1,2,0.7337352,1,CS,seŋaʔ
226-191_all-1,Toraja-Sadan,all,nasaŋ,1,5,2,0.4,0,other,0,1,0,0,1,GRAMMAR,1,4,0.816,0,0,0,0,1,0,0,0,0,0,1,0,0,0,0,2.0,1.0,0.4286,3.0,0,2,0.35391712,0,CA,nasaŋ
226-192_and-1,Toraja-Sadan,and,na,1,2,1,0.5,1,other,0,0,0,0,1,GRAMMAR,1,4,0.816,0,0,0,0,1,0,0,0,0,0,1,0,0,0,0,330.0,1.0,0.375,3.0,0,1,0.045660794,0,CA,na
226-193_if-1,Toraja-Sadan,if,iake,0,4,3,0.75,1,other,0,0,0,0,0,GRAMMAR,1,4,0.816,0,0,0,0,1,0,0,0,0,0,1,0,0,0,0,0.0,0.0,0.75,5.0,1,2,0.17086339,0,RO,iake
226-194_how-1,Toraja-Sadan,how?,umba na-kua,1,11,5,0.4545,1,other,0,1,1,1,0,GRAMMAR,1,4,0.816,0,0,0,0,1,0,0,0,0,0,1,0,0,0,0,63.0,1.0,0.5714,3.0,0,4,0.22529656,0,CA,umba na-kua
226-195_nonot-1,Toraja-Sadan,"no, not",taeʔ,0,4,2,0.5,0,t,1,0,0,0,1,GRAMMAR,1,4,0.816,0,0,0,0,0,0,0,1,0,0,1,0,0,0,0,0.0,0.0,0.5714,3.0,1,1,0.5167879,1,CS,taeʔ
226-196_tocount-1,Toraja-Sadan,to count,bilaŋ,1,5,2,0.4,0,b,0,1,0,0,0,ACTION,1,4,0.816,0,1,0,0,0,0,0,0,1,0,0,0,0,0,0,276.0,1.0,0.3333,2.0,0,2,0.15055358,0,CA,bilaŋ
226-197_one-1,Toraja-Sadan,One,missaʔ,1,6,2,0.3333,0,m,1,0,0,1,0,NUMBER,1,4,0.816,0,0,0,1,0,0,0,0,0,0,0,0,1,0,0,643.0,1.0,0.1429,1.0,0,2,0.39549547,0,CA,missaʔ
226-197_one-2,Toraja-Sadan,One,misa',0,5,2,0.4,0,m,1,0,0,0,0,NUMBER,1,4,0.816,0,0,0,1,0,0,0,0,0,0,0,0,1,0,0,0.0,0.0,0.1429,1.0,1,2,0.19981837,0,RO,misa'
226-198_two-1,Toraja-Sadan,Two,dua,1,3,2,0.6667,1,other,0,0,0,0,0,NUMBER,1,4,0.816,0,0,0,0,1,0,0,0,0,0,0,0,1,0,0,1434.0,1.0,0.0,0.0,0,1,0.051054597,0,CA,dua
226-199_three-1,Toraja-Sadan,Three,tallu,1,5,2,0.4,1,t,0,0,0,1,1,NUMBER,1,4,0.816,0,0,0,0,0,0,0,1,0,0,0,0,1,0,0,1402.0,1.0,0.0,0.0,0,2,0.12382722,0,CA,tallu
226-200_four-1,Toraja-Sadan,Four,aʔpaʔ,1,5,2,0.4,0,a,1,0,0,1,0,NUMBER,1,4,0.816,1,0,0,0,0,0,0,0,0,0,0,0,1,0,0,1308.0,1.0,0.1429,1.0,0,2,0.10038763,0,CA,aʔpaʔ
226-201_five-1,Toraja-Sadan,Five,lima,1,4,2,0.5,1,other,0,0,0,0,0,NUMBER,1,4,0.816,0,0,0,0,1,0,0,0,0,0,0,0,1,0,0,1232.0,1.0,0.0,0.0,0,2,0.055177033,0,CA,lima
226-202_six-1,Toraja-Sadan,Six,annan,0,5,2,0.4,0,a,0,0,0,1,0,NUMBER,0,4,0.816,1,0,0,0,0,0,0,0,0,0,0,0,1,0,0,0.0,0.0,0.5,2.0,1,2,0.4699211,0,RO,annan
226-203_seven-1,Toraja-Sadan,Seven,pitu,1,4,2,0.5,1,p,0,0,0,0,0,NUMBER,0,4,0.816,0,0,0,0,0,1,0,0,0,0,0,0,1,0,0,702.0,1.0,0.0,0.0,0,2,0.08590329,0,CA,pitu
226-204_eight-1,Toraja-Sadan,Eight,karua,1,5,3,0.6,1,k,0,0,0,0,1,NUMBER,0,4,0.816,0,0,1,0,0,0,0,0,0,0,0,0,1,0,0,6.0,1.0,0.5,3.0,0,2,0.30015677,0,CA,karua
226-205_nine-1,Toraja-Sadan,Nine,kasera,1,6,3,0.5,1,k,0,0,0,0,1,NUMBER,0,4,0.816,0,0,1,0,0,0,0,0,0,0,0,0,1,0,0,3.0,1.0,0.0,0.0,0,3,0.23560512,0,CA,kasera
226-206_ten-1,Toraja-Sadan,Ten,sangpulo,0,8,3,0.375,1,s,0,1,0,1,0,NUMBER,0,4,0.816,0,0,0,0,0,0,1,0,0,0,0,0,1,0,0,0.0,0.0,0.4,2.0,1,3,0.7578216,1,CS,saŋpulo
226-207_twenty-1,Toraja-Sadan,Twenty,duaŋpulo,0,8,4,0.5,1,other,0,1,0,1,0,NUMBER,0,4,0.816,0,0,0,0,1,0,0,0,0,0,0,0,1,0,0,0.0,0.0,0.8,4.0,1,3,0.7254853,1,CS,duaŋpulo
226-208_fifty-1,Toraja-Sadan,Fifty,limaŋpulo,0,9,4,0.4444,1,other,0,1,0,1,0,NUMBER,0,4,0.816,0,0,0,0,1,0,0,0,0,0,0,0,1,0,0,0.0,0.0,0.8,4.0,1,4,0.83235055,1,CS,limaŋpulo
226-209_onehundred-1,Toraja-Sadan,One Hundred,saratuʔ,0,7,3,0.4286,0,s,1,0,0,0,0,NUMBER,0,4,0.816,0,0,0,0,0,0,1,0,0,0,0,0,1,0,0,0.0,0.0,0.8,4.0,1,3,0.8462945,1,CS,saratuʔ
226-210_onethousand-1,Toraja-Sadan,One Thousand,saŋsaʔbu,0,8,3,0.375,1,s,1,1,0,2,0,NUMBER,0,4,0.816,0,0,0,0,0,0,1,0,0,0,0,0,1,0,0,0.0,0.0,0.8333,5.0,1,3,0.9154554,1,CS,saŋsaʔbu
674-1_hand-1,Tolaki,hand,kae,1,3,2,0.6667,1,k,0,0,0,0,1,BODY,1,3,0.402,0,0,1,0,0,0,0,0,0,1,0,0,0,0,0,36.0,1.0,0.0,0.0,0,1,0.3789093,0,CA,kae
674-2_left-1,Tolaki,left,hiri,1,4,2,0.5,1,other,0,0,0,0,0,OTHER,0,3,0.402,0,0,0,0,1,0,0,0,0,0,0,0,0,1,0,651.0,2.0,0.0,0.0,0,2,0.013167977,0,CA,hiri
674-3_right-1,Tolaki,right,hana,1,4,2,0.5,1,other,0,0,0,0,0,OTHER,0,3,0.402,0,0,0,0,1,0,0,0,0,0,0,0,0,1,0,384.0,1.0,0.0,0.0,0,2,0.013167977,0,CA,hana
674-4_legfoot-1,Tolaki,leg/foot,kare,1,4,2,0.5,1,k,0,0,0,0,1,BODY,1,3,0.402,0,0,1,0,0,0,0,0,0,1,0,0,0,0,0,83.0,1.0,0.3333,2.0,0,2,0.24820364,0,CA,kare
674-5_towalk-1,Tolaki,to walk,molako,1,6,3,0.5,1,m,0,0,0,0,1,ACTION,1,3,0.402,0,0,0,1,0,0,0,0,1,0,0,0,0,0,0,373.0,1.0,0.2857,1.0,0,3,0.81568336,1,MO,molako
674-6_roadpath-1,Tolaki,road/path,sala,1,4,2,0.5,1,s,0,0,0,0,0,NATURE,1,3,0.402,0,0,0,0,0,0,1,0,0,0,0,1,0,0,0,991.0,1.0,0.3333,2.0,0,2,0.28769296,0,CA,sala
674-7_tocome-1,Tolaki,to come,leu,0,3,2,0.6667,1,other,0,0,0,0,0,ACTION,1,3,0.402,0,0,0,0,1,0,0,0,1,0,0,0,0,0,0,0.0,0.0,0.625,4.0,1,1,0.8080239,1,CS,leu
674-8_toturn-1,Tolaki,to turn,putara,0,6,3,0.5,1,p,0,0,0,0,0,ACTION,1,3,0.402,0,0,0,0,0,1,0,0,1,0,0,0,0,0,0,0.0,0.0,0.5,3.0,1,3,0.9296037,1,CS,putara
674-9_toswim-1,Tolaki,to swim,lumangu,1,7,3,0.4286,1,other,0,1,0,1,0,ACTION,1,3,0.402,0,0,0,0,1,0,0,0,1,0,0,0,0,0,0,388.0,1.0,0.1667,1.0,0,3,0.88345,1,MO,lumaŋu
674-11_dust-1,Tolaki,dust,awu,1,3,2,0.6667,1,a,0,0,0,0,0,NATURE,0,3,0.402,1,0,0,0,0,0,0,0,0,0,0,1,0,0,0,377.0,1.0,0.1429,1.0,0,2,0.044992626,0,CA,awu
674-12_skin-1,Tolaki,skin,kuli,1,4,2,0.5,1,k,0,0,0,0,0,BODY,1,3,0.402,0,0,1,0,0,0,0,0,0,1,0,0,0,0,0,720.0,1.0,0.1429,1.0,0,2,0.24420375,0,CA,kuli
674-13_back-1,Tolaki,back,bunggu,0,6,2,0.3333,1,b,0,1,0,1,0,BODY,1,3,0.402,0,1,0,0,0,0,0,0,0,1,0,0,0,0,0,0.0,0.0,0.375,3.0,1,2,0.89928555,1,CS,buŋgu
674-14_belly-1,Tolaki,belly,tia,1,3,2,0.6667,1,t,0,0,0,0,0,BODY,1,3,0.402,0,0,0,0,0,0,0,1,0,1,0,0,0,0,0,304.0,1.0,0.1667,1.0,0,1,0.16913265,0,CA,tia
674-15_bone-1,Tolaki,bone,tula,1,4,2,0.5,1,t,0,0,0,0,0,BODY,1,3,0.402,0,0,0,0,0,0,0,1,0,1,0,0,0,0,0,379.0,1.0,0.0,0.0,0,2,0.2281757,0,CA,tula
674-16_intestines-1,Tolaki,intestines,usu,0,3,2,0.6667,1,other,0,0,0,0,0,BODY,1,3,0.402,0,0,0,0,1,0,0,0,0,1,0,0,0,0,0,0.0,0.0,0.5714,4.0,1,2,0.2678814,0,RO,usu
674-17_liver-1,Tolaki,liver,ate,1,3,2,0.6667,1,a,0,0,0,0,0,BODY,1,3,0.402,1,0,0,0,0,0,0,0,0,1,0,0,0,0,0,828.0,1.0,0.0,0.0,0,2,0.046500444,0,CA,ate
674-18_breast-1,Tolaki,breast,susu,1,4,2,0.5,1,s,0,0,1,0,0,BODY,1,3,0.402,0,0,0,0,0,0,1,0,0,1,0,0,0,0,0,1122.0,1.0,0.0,0.0,0,2,0.269428,0,CA,susu
674-19_shoulder-1,Tolaki,shoulder,bohe,0,4,2,0.5,1,b,0,0,0,0,0,BODY,1,3,0.402,0,1,0,0,0,0,0,0,0,1,0,0,0,0,0,0.0,0.0,0.1429,1.0,1,2,0.42729223,0,RO,bohe
674-20_toknowbeknowledgeable-1,Tolaki,"to know, be knowledgeable",to'ori,0,6,3,0.5,1,t,1,0,0,0,0,ACTION,0,3,0.402,0,0,0,0,0,0,0,1,1,0,0,0,0,0,0,0.0,0.0,0.1667,1.0,1,3,0.98502225,1,CS,to'ori
674-21_tothink-1,Tolaki,to think,mepikiri,1,8,4,0.5,1,m,0,0,0,0,1,ACTION,0,3,0.402,0,0,0,1,0,0,0,0,1,0,0,0,0,0,0,90.0,1.0,0.5,3.0,0,4,0.55137753,1,MO,mepikiri
674-22_tofear-1,Tolaki,to fear,motaku,0,6,3,0.5,1,m,0,0,0,0,1,ACTION,0,3,0.402,0,0,0,1,0,0,0,0,1,0,0,0,0,0,0,0.0,0.0,0.3333,2.0,1,3,0.42413747,0,RO,motaku
674-23_blood-1,Tolaki,blood,beli,0,4,2,0.5,1,b,0,0,0,0,0,BODY,1,3,0.402,0,1,0,0,0,0,0,0,0,1,0,0,0,0,0,0.0,0.0,0.1667,1.0,1,2,0.42729223,0,RO,beli
674-24_head-1,Tolaki,head,ulu,1,3,2,0.6667,1,other,0,0,0,0,0,BODY,1,3,0.402,0,0,0,0,1,0,0,0,0,1,0,0,0,0,0,746.0,1.0,0.1667,1.0,0,2,0.2678814,0,CA,ulu
674-25_neck-1,Tolaki,neck,woroko,0,6,3,0.5,1,other,0,0,0,0,0,BODY,1,3,0.402,0,0,0,0,1,0,0,0,0,1,0,0,0,0,0,0.0,0.0,0.1667,1.0,1,3,0.7688456,1,CS,woroko
674-26_hair-1,Tolaki,hair,wuu,1,3,2,0.6667,1,other,0,0,0,0,0,BODY,1,3,0.402,0,0,0,0,1,0,0,0,0,1,0,0,0,0,0,297.0,1.0,0.1667,1.0,0,1,0.2678814,0,CA,wuu
674-27_nose-1,Tolaki,nose,enge,1,4,2,0.5,1,other,0,1,0,1,0,BODY,1,3,0.402,0,0,0,0,1,0,0,0,0,1,0,0,0,0,0,42.0,1.0,0.1667,1.0,0,2,0.35757142,0,CA,eŋe
674-28_tobreathe-1,Tolaki,to breathe,mehonahona,0,10,5,0.5,1,m,0,0,0,0,1,ACTION,0,3,0.402,0,0,0,1,0,0,0,0,1,0,0,0,0,0,0,0.0,0.0,0.5714,3.0,1,5,0.70228946,1,CS,mehonahona
674-28_tobreathe-2,Tolaki,to breathe,penao,0,5,3,0.6,1,p,0,0,0,0,0,ACTION,0,3,0.402,0,0,0,0,0,1,0,0,1,0,0,0,0,0,0,0.0,0.0,0.5714,3.0,1,2,0.92728627,1,CS,penao
674-29_tosniffsmell-1,Tolaki,"to sniff, smell",siusiu,0,6,4,0.6667,1,s,0,0,1,0,0,ACTION,0,3,0.402,0,0,0,0,0,0,1,0,1,0,0,0,0,0,0,0.0,0.0,0.3333,2.0,1,2,0.84569997,1,CS,siusiu
674-30_mouth-1,Tolaki,mouth,pondu,0,5,2,0.4,1,p,0,1,0,1,1,BODY,1,3,0.402,0,0,0,0,0,1,0,0,0,1,0,0,0,0,0,0.0,0.0,0.3333,2.0,1,2,0.5717603,1,CS,pondu
674-31_tooth-1,Tolaki,tooth,ngisi,1,5,2,0.4,1,other,0,1,0,1,0,BODY,1,3,0.402,0,0,0,0,1,0,0,0,0,1,0,0,0,0,0,118.0,1.0,0.0,0.0,0,2,0.6665518,1,MO,ŋisi
674-32_tongue-1,Tolaki,tongue,elo,1,3,2,0.6667,1,other,0,0,0,0,0,BODY,1,3,0.402,0,0,0,0,1,0,0,0,0,1,0,0,0,0,0,393.0,1.0,0.0,0.0,0,2,0.2678814,0,CA,elo
674-33_tolaugh-1,Tolaki,to laugh,mototao,0,7,4,0.5714,1,m,0,0,1,0,1,ACTION,1,3,0.402,0,0,0,1,0,0,0,0,1,0,0,0,0,0,0,0.0,0.0,0.3333,2.0,1,3,0.9180647,1,CS,mototao
674-34_tocry-1,Tolaki,to cry,umi'ia,0,6,4,0.6667,1,other,1,0,0,0,0,ACTION,1,3,0.402,0,0,0,0,1,0,0,0,1,0,0,0,0,0,0,0.0,0.0,0.375,2.0,1,3,0.98780495,1,CS,umi'ia
674-34_tocry-2,Tolaki,to cry,hono,0,4,2,0.5,1,other,0,0,0,0,0,ACTION,1,3,0.402,0,0,0,0,1,0,0,0,1,0,0,0,0,0,0,0.0,0.0,0.375,2.0,1,2,0.7508703,1,CS,hono
674-35_tovomit-1,Tolaki,to vomit,mo'ua,0,5,3,0.6,1,m,1,0,0,0,1,ACTION,1,3,0.402,0,0,0,1,0,0,0,0,1,0,0,0,0,0,0,0.0,0.0,0.4286,2.0,1,2,0.98355365,1,CS,mo'ua
674-36_tospit-1,Tolaki,to spit,mo'eni,0,6,3,0.5,1,m,1,0,0,0,1,ACTION,0,3,0.402,0,0,0,1,0,0,0,0,1,0,0,0,0,0,0,0.0,0.0,0.4286,3.0,1,3,0.9772479,1,CS,mo'eni
674-37_toeat-1,Tolaki,to eat,kaa,1,3,2,0.6667,1,k,0,0,0,0,1,ACTION,1,3,0.402,0,0,1,0,0,0,0,0,1,0,0,0,0,0,0,1440.0,1.0,0.1667,1.0,0,1,0.67740893,1,MO,kaa
674-38_tochew-1,Tolaki,to chew,kaa,0,3,2,0.6667,1,k,0,0,0,0,1,ACTION,0,3,0.402,0,0,1,0,0,0,0,0,1,0,0,0,0,0,0,0.0,0.0,0.5,3.0,1,1,0.43585932,0,RO,kaa
674-39_tocook-1,Tolaki,to cook,monahu,1,6,3,0.5,1,m,0,0,0,0,1,ACTION,0,3,0.402,0,0,0,1,0,0,0,0,1,0,0,0,0,0,0,65.0,1.0,0.3333,2.0,0,3,0.42413747,0,CA,monahu
674-40_todrink-1,Tolaki,to drink,mo'inu,0,6,3,0.5,1,m,1,0,0,0,1,ACTION,1,3,0.402,0,0,0,1,0,0,0,0,1,0,0,0,0,0,0,0.0,0.0,0.2857,2.0,1,3,0.9650973,1,CS,mo'inu
674-41_tobite-1,Tolaki,to bite,kaa,0,3,2,0.6667,1,k,0,0,0,0,1,ACTION,1,3,0.402,0,0,1,0,0,0,0,0,1,0,0,0,0,0,0,0.0,0.0,0.625,3.0,1,1,0.67740893,1,CS,kaa
674-43_ear-1,Tolaki,ear,biri,1,4,2,0.5,1,b,0,0,0,0,0,BODY,0,3,0.402,0,1,0,0,0,0,0,0,0,1,0,0,0,0,0,47.0,1.0,0.1667,1.0,0,2,0.17904925,0,CA,biri
674-44_tohear-1,Tolaki,to hear,podea,0,5,3,0.6,1,p,0,0,0,0,1,ACTION,1,3,0.402,0,0,0,0,0,1,0,0,1,0,0,0,0,0,0,0.0,0.0,0.1667,1.0,1,2,0.9804793,1,CS,podea
674-45_eye-1,Tolaki,eye,mata,1,4,2,0.5,1,m,0,0,0,0,1,BODY,0,3,0.402,0,0,0,1,0,0,0,0,0,1,0,0,0,0,0,1471.0,1.0,0.0,0.0,0,2,0.07208836,0,CA,mata
674-46_tosee-1,Tolaki,to see,ki'ii,0,5,3,0.6,1,k,1,0,0,0,0,ACTION,1,3,0.402,0,0,1,0,0,0,0,0,1,0,0,0,0,0,0,0.0,0.0,0.875,5.0,1,2,0.9927355,1,CS,ki'ii
674-46_tosee-2,Tolaki,to see,ki'i,0,4,2,0.5,1,k,1,0,0,0,0,ACTION,1,3,0.402,0,0,1,0,0,0,0,0,1,0,0,0,0,0,0,0.0,0.0,0.875,5.0,1,2,0.93921304,1,CS,ki'i
674-48_tosleep-1,Tolaki,to sleep,mo'iso,0,6,3,0.5,1,m,1,0,0,0,1,ACTION,1,3,0.402,0,0,0,1,0,0,0,0,1,0,0,0,0,0,0,0.0,0.0,0.5,3.0,1,3,0.9650973,1,CS,mo'iso
674-49_toliedown-1,Tolaki,to lie down,mo'iso'iso,0,10,5,0.5,1,m,1,0,0,0,1,ACTION,1,3,0.402,0,0,0,1,0,0,0,0,1,0,0,0,0,0,0,0.0,0.0,0.5714,3.0,1,5,0.9761667,1,CS,mo'iso'iso
674-50_todream-1,Tolaki,to dream,mo'ipi,0,6,3,0.5,1,m,1,0,0,0,1,ACTION,0,3,0.402,0,0,0,1,0,0,0,0,1,0,0,0,0,0,0,0.0,0.0,0.3333,2.0,1,3,0.9772479,1,CS,mo'ipi
674-51_tosit-1,Tolaki,to sit,mererehu,0,8,4,0.5,1,m,0,0,1,0,1,ACTION,1,3,0.402,0,0,0,1,0,0,0,0,1,0,0,0,0,0,0,0.0,0.0,0.5714,4.0,1,4,0.8881446,1,CS,mererehu
674-52_tostand-1,Tolaki,to stand,menggokora,0,10,4,0.4,1,m,0,1,0,1,1,ACTION,1,3,0.402,0,0,0,1,0,0,0,0,1,0,0,0,0,0,0,0.0,0.0,0.8333,5.0,1,4,0.9768253,1,CS,meŋgokora
674-53_personhumanbeing-1,Tolaki,person/human being,toono,0,5,3,0.6,1,t,0,0,0,0,0,OTHER,1,3,0.402,0,0,0,0,0,0,0,1,0,0,0,0,0,1,0,0.0,0.0,0.1667,1.0,1,2,0.81138724,1,CS,toono
674-54_manmale-1,Tolaki,man/male,langgai,0,7,3,0.4286,1,other,0,1,0,1,0,OTHER,1,3,0.402,0,0,0,0,1,0,0,0,0,0,0,0,0,1,0,0.0,0.0,0.1429,1.0,1,2,0.7812174,1,CS,laŋgai
674-55_womanfemale-1,Tolaki,woman/female,tina,1,4,2,0.5,1,t,0,0,0,0,0,OTHER,1,3,0.402,0,0,0,0,0,0,0,1,0,0,0,0,0,1,0,19.0,1.0,0.1667,1.0,0,2,0.2893114,0,CA,tina
674-56_child-1,Tolaki,child,ana,1,3,2,0.6667,1,a,0,0,0,0,0,OTHER,1,3,0.402,1,0,0,0,0,0,0,0,0,0,0,0,0,1,0,450.0,1.0,0.1667,1.0,0,2,0.019149065,0,CA,ana
674-57_husband-1,Tolaki,husband,langgai,0,7,3,0.4286,1,other,0,1,0,1,0,OTHER,1,3,0.402,0,0,0,0,1,0,0,0,0,0,0,0,0,1,0,0.0,0.0,0.3333,2.0,1,2,0.7812174,1,CS,laŋgai
674-58_wife-1,Tolaki,wife,tina,0,4,2,0.5,1,t,0,0,0,0,0,OTHER,1,3,0.402,0,0,0,0,0,0,0,1,0,0,0,0,0,1,0,0.0,0.0,0.5714,3.0,1,2,0.2893114,0,RO,tina
674-59_mother-1,Tolaki,mother,ina,1,3,2,0.6667,1,other,0,0,0,0,0,OTHER,1,3,0.402,0,0,0,0,1,0,0,0,0,0,0,0,0,1,0,921.0,1.0,0.0,0.0,0,2,0.11172068,0,CA,ina
674-60_father-1,Tolaki,father,ama,1,3,2,0.6667,1,a,0,0,0,0,0,OTHER,1,3,0.402,1,0,0,0,0,0,0,0,0,0,0,0,0,1,0,1014.0,1.0,0.1667,1.0,0,2,0.019149065,0,CA,ama
674-61_house-1,Tolaki,house,laika,0,5,3,0.6,1,other,0,0,0,0,0,OTHER,1,3,0.402,0,0,0,0,1,0,0,0,0,0,0,0,0,1,0,0.0,0.0,0.1667,1.0,1,2,0.8674525,1,CS,laika
674-62_thatchroof-1,Tolaki,thatch/roof,ato,1,3,2,0.6667,1,a,0,0,0,0,0,OTHER,0,3,0.402,1,0,0,0,0,0,0,0,0,0,0,0,0,1,0,489.0,1.0,0.5,3.0,0,2,0.005584359,0,CA,ato
674-63_name-1,Tolaki,name,tamo,0,4,2,0.5,1,t,0,0,0,0,1,OTHER,1,3,0.402,0,0,0,0,0,0,0,1,0,0,0,0,0,1,0,0.0,0.0,0.3333,2.0,1,2,0.29376286,0,RO,tamo
674-64_tosay-1,Tolaki,to say,te'eni,0,6,3,0.5,1,t,1,0,0,0,0,ACTION,1,3,0.402,0,0,0,0,0,0,0,1,1,0,0,0,0,0,0,0.0,0.0,0.6667,5.0,1,3,0.978199,1,CS,te'eni
674-65_rope-1,Tolaki,rope,oloo,0,4,3,0.75,1,other,0,0,0,0,0,OTHER,1,3,0.402,0,0,0,0,1,0,0,0,0,0,0,0,0,1,0,0.0,0.0,0.7143,5.0,1,2,0.59571874,1,CS,oloo
674-66_totieupfasten-1,Tolaki,"to tie up, fasten",onggo,0,5,2,0.4,1,other,0,1,0,1,0,ACTION,0,3,0.402,0,0,0,0,1,0,0,0,1,0,0,0,0,0,0,0.0,0.0,0.8333,5.0,1,2,0.62526643,1,CS,oŋgo
674-67_tosew-1,Tolaki,to sew,moseu,0,5,3,0.6,1,m,0,0,0,0,1,ACTION,1,3,0.402,0,0,0,1,0,0,0,0,1,0,0,0,0,0,0,0.0,0.0,0.5,3.0,1,2,0.9425329,1,CS,moseu
674-68_needle-1,Tolaki,needle,seu,1,3,2,0.6667,1,s,0,0,0,0,0,OTHER,1,3,0.402,0,0,0,0,0,0,1,0,0,0,0,0,0,1,0,317.0,1.0,0.1667,1.0,0,1,0.11604428,0,CA,seu
674-70_toshoot-1,Tolaki,to shoot,pana,1,4,2,0.5,1,p,0,0,0,0,1,OTHER,0,3,0.402,0,0,0,0,0,1,0,0,0,0,0,0,0,1,0,389.0,1.0,0.0,0.0,0,2,0.333094,0,CA,pana
674-71_tostabpierce-1,Tolaki,"to stab, pierce",tobo,1,4,2,0.5,1,t,0,0,0,0,0,ACTION,0,3,0.402,0,0,0,0,0,0,0,1,1,0,0,0,0,0,0,25.0,1.0,0.375,2.0,0,2,0.34050798,0,CA,tobo
674-72_tohit-1,Tolaki,to hit,toni,0,4,2,0.5,1,t,0,0,0,0,0,ACTION,1,3,0.402,0,0,0,0,0,0,0,1,1,0,0,0,0,0,0,0.0,0.0,1.0,6.0,1,2,0.71127605,1,CS,toni
674-73_tosteal-1,Tolaki,to steal,ponini,0,6,3,0.5,1,p,0,0,1,0,1,ACTION,1,3,0.402,0,0,0,0,0,1,0,0,1,0,0,0,0,0,0,0.0,0.0,0.6667,4.0,1,3,0.95557815,1,CS,ponini
674-74_tokill-1,Tolaki,to kill,pate,1,4,2,0.5,1,p,0,0,0,0,1,ACTION,1,3,0.402,0,0,0,0,0,1,0,0,1,0,0,0,0,0,0,38.0,1.0,0.0,0.0,0,2,0.64107066,1,MO,pate
674-75_todiebedead-1,Tolaki,"to die, be dead",mate,1,4,2,0.5,1,m,0,0,0,0,1,ACTION,1,3,0.402,0,0,0,1,0,0,0,0,1,0,0,0,0,0,0,1291.0,1.0,0.0,0.0,0,2,0.4487214,0,CA,mate
674-76_tolivebealive-1,Tolaki,"to live, be alive",laa,0,3,2,0.6667,1,other,0,0,0,0,0,ACTION,1,3,0.402,0,0,0,0,1,0,0,0,1,0,0,0,0,0,0,0.0,0.0,0.3333,2.0,1,1,0.8080239,1,CS,laa
674-77_toscratch-1,Tolaki,to scratch,karu,1,4,2,0.5,1,k,0,0,0,0,1,ACTION,0,3,0.402,0,0,1,0,0,0,0,0,1,0,0,0,0,0,0,102.0,1.0,0.125,1.0,0,2,0.22765058,0,CA,karu
674-78_tocuthack-1,Tolaki,"to cut, hack",pole'i,0,6,3,0.5,1,p,1,0,0,0,1,ACTION,1,3,0.402,0,0,0,0,0,1,0,0,1,0,0,0,0,0,0,0.0,0.0,0.625,3.0,1,3,0.98969436,1,CS,pole'i
674-78_tocuthack-2,Tolaki,"to cut, hack",pole,0,4,2,0.5,1,p,0,0,0,0,1,ACTION,1,3,0.402,0,0,0,0,0,1,0,0,1,0,0,0,0,0,0,0.0,0.0,0.625,3.0,1,2,0.64107066,1,CS,pole
674-79_stickwood-1,Tolaki,stick/wood,tangge,0,6,2,0.3333,1,t,0,1,0,1,1,OTHER,1,3,0.402,0,0,0,0,0,0,0,1,0,0,0,0,0,1,0,0.0,0.0,0.1667,1.0,1,2,0.788697,1,CS,taŋge
674-80_tosplit-1,Tolaki,to split,wota,1,4,2,0.5,1,other,0,0,0,0,0,ACTION,1,3,0.402,0,0,0,0,1,0,0,0,1,0,0,0,0,0,0,269.0,1.0,0.5,3.0,0,2,0.7508703,1,MO,wota
674-81_sharp-1,Tolaki,sharp,monggaso,0,8,3,0.375,1,m,0,1,0,1,1,QUALITY,1,3,0.402,0,0,0,1,0,0,0,0,0,0,0,0,0,0,1,0.0,0.0,0.1667,1.0,1,3,0.9447856,1,CS,moŋgaso
674-83_towork-1,Tolaki,to work,mombaho,0,7,3,0.4286,1,m,0,1,0,1,1,ACTION,1,3,0.402,0,0,0,1,0,0,0,0,1,0,0,0,0,0,0,0.0,0.0,0.1667,1.0,1,3,0.9337595,1,CS,mombaho
674-84_toplant-1,Tolaki,to plant,mombaho,0,7,3,0.4286,1,m,0,1,0,1,1,ACTION,1,3,0.402,0,0,0,1,0,0,0,0,1,0,0,0,0,0,0,0.0,0.0,0.2857,2.0,1,3,0.9337595,1,CS,mombaho
674-85_tochoose-1,Tolaki,to choose,mepili,0,6,3,0.5,1,m,0,0,0,0,1,ACTION,1,3,0.402,0,0,0,1,0,0,0,0,1,0,0,0,0,0,0,0.0,0.0,0.1667,1.0,1,3,0.81568336,1,CS,mepili
674-86_togrow-1,Tolaki,to grow,toro,0,4,2,0.5,1,t,0,0,0,0,0,ACTION,1,3,0.402,0,0,0,0,0,0,0,1,1,0,0,0,0,0,0,0.0,0.0,0.3333,2.0,1,2,0.71127605,1,CS,toro
674-87_toswell-1,Tolaki,to swell,kamba,1,5,2,0.4,1,k,0,1,0,1,1,ACTION,1,3,0.402,0,0,1,0,0,0,0,0,1,0,0,0,0,0,0,21.0,1.0,0.375,2.0,0,2,0.642341,1,MO,kamba
674-89_tohold-1,Tolaki,to hold,po'indi,0,7,3,0.4286,1,p,1,1,0,1,1,ACTION,1,3,0.402,0,0,0,0,0,1,0,0,1,0,0,0,0,0,0,0.0,0.0,0.75,5.0,1,3,0.99149406,1,CS,po'indi
674-90_todig-1,Tolaki,to dig,metanggali,0,10,4,0.4,1,m,0,1,0,1,1,ACTION,1,3,0.402,0,0,0,1,0,0,0,0,1,0,0,0,0,0,0,0.0,0.0,0.3333,2.0,1,4,0.9768253,1,CS,metaŋgali
674-91_tobuy-1,Tolaki,to buy,po'oli,0,6,3,0.5,1,p,1,0,0,0,1,ACTION,1,3,0.402,0,0,0,0,0,1,0,0,1,0,0,0,0,0,0,0.0,0.0,0.1667,1.0,1,3,0.98969436,1,CS,po'oli
674-92_toopenuncover-1,Tolaki,"to open, uncover",hungga,0,6,2,0.3333,1,other,0,1,0,1,0,ACTION,1,3,0.402,0,0,0,0,1,0,0,0,1,0,0,0,0,0,0,0.0,0.0,0.4286,3.0,1,2,0.8942047,1,CS,huŋga
674-93_topoundbeat-1,Tolaki,"to pound, beat",moaliali,0,8,5,0.625,1,m,0,0,1,0,1,ACTION,1,3,0.402,0,0,0,1,0,0,0,0,1,0,0,0,0,0,0,0.0,0.0,0.375,2.0,1,3,0.94862413,1,CS,moaliali
674-94_tothrow-1,Tolaki,to throw,kali,0,4,2,0.5,1,k,0,0,0,0,1,ACTION,1,3,0.402,0,0,1,0,0,0,0,0,1,0,0,0,0,0,0,0.0,0.0,0.7143,5.0,1,2,0.5215132,1,CS,kali
674-95_tofall-1,Tolaki,to fall,mo'isa,0,6,3,0.5,1,m,1,0,0,0,1,ACTION,1,3,0.402,0,0,0,1,0,0,0,0,1,0,0,0,0,0,0,0.0,0.0,0.8,4.0,1,3,0.9650973,1,CS,mo'isa
674-96_dog-1,Tolaki,dog,dahu,1,4,2,0.5,1,other,0,0,0,0,0,OTHER,1,3,0.402,0,0,0,0,1,0,0,0,0,0,0,0,0,1,0,341.0,1.0,0.3333,2.0,0,2,0.21384686,0,CA,dahu
674-97_bird-1,Tolaki,bird,manumanu,1,8,4,0.5,1,m,0,0,0,0,1,OTHER,1,3,0.402,0,0,0,1,0,0,0,0,0,0,0,0,0,1,0,971.0,1.0,0.1667,1.0,0,4,0.5046716,1,MO,manumanu
674-98_egg-1,Tolaki,egg,ti'olu,0,6,3,0.5,1,t,1,0,0,0,0,BODY,1,3,0.402,0,0,0,0,0,0,0,1,0,1,0,0,0,0,0,0.0,0.0,0.3333,2.0,1,3,0.9613377,1,CS,ti'olu
674-99_feather-1,Tolaki,feather,wulumanumanu,0,12,6,0.5,1,other,0,0,0,0,0,BODY,1,3,0.402,0,0,0,0,1,0,0,0,0,1,0,0,0,0,0,0.0,0.0,0.1667,1.0,1,6,0.7326293,1,CS,wulumanumanu
674-100_wing-1,Tolaki,wing,kae,0,3,2,0.6667,1,k,0,0,0,0,1,BODY,0,3,0.402,0,0,1,0,0,0,0,0,0,1,0,0,0,0,0,0.0,0.0,0.3333,2.0,1,1,0.19896054,0,RO,kae
674-101_tofly-1,Tolaki,to fly,lumaa,0,5,3,0.6,1,other,0,0,0,0,0,ACTION,1,3,0.402,0,0,0,0,1,0,0,0,1,0,0,0,0,0,0,0.0,0.0,0.5,3.0,1,2,0.9587886,1,CS,lumaa
674-102_rat-1,Tolaki,rat,tehu,1,4,2,0.5,1,t,0,0,0,0,0,OTHER,1,3,0.402,0,0,0,0,0,0,0,1,0,0,0,0,0,1,0,37.0,1.0,0.1429,1.0,0,2,0.2893114,0,CA,tehu
674-102_rat-2,Tolaki,rat,rate,1,4,2,0.5,1,other,0,0,0,0,0,OTHER,1,3,0.402,0,0,0,0,1,0,0,0,0,0,0,0,0,1,0,37.0,1.0,0.1429,1.0,0,2,0.21384686,0,CA,rate
674-103_meatflesh-1,Tolaki,meat/flesh,ramo,0,4,2,0.5,1,other,0,0,0,0,0,BODY,1,3,0.402,0,0,0,0,1,0,0,0,0,1,0,0,0,0,0,0.0,0.0,0.3333,2.0,1,2,0.23277509,0,RO,ramo
674-104_fatgrease-1,Tolaki,fat/grease,taba,1,4,2,0.5,1,t,0,0,0,0,1,BODY,1,3,0.402,0,0,0,0,0,0,0,1,0,1,0,0,0,0,0,176.0,1.0,0.1667,1.0,0,2,0.2319935,0,CA,taba
674-105_tail-1,Tolaki,tail,ekoro,0,5,3,0.6,1,other,0,0,0,0,0,BODY,1,3,0.402,0,0,0,0,1,0,0,0,0,1,0,0,0,0,0,0.0,0.0,0.3333,2.0,1,3,0.911906,1,CS,ekoro
674-106_snake-1,Tolaki,snake,ule,1,3,2,0.6667,1,other,0,0,0,0,0,OTHER,1,3,0.402,0,0,0,0,1,0,0,0,0,0,0,0,0,1,0,229.0,1.0,0.0,0.0,0,2,0.11172068,0,CA,ule
674-106_snake-2,Tolaki,snake,sao,1,3,2,0.6667,1,s,0,0,0,0,0,OTHER,1,3,0.402,0,0,0,0,0,0,1,0,0,0,0,0,0,1,0,229.0,1.0,0.0,0.0,0,1,0.11604428,0,CA,sao
674-107_wormearthworm-1,Tolaki,worm (earthworm),uleule,0,6,4,0.6667,1,other,0,0,1,0,0,OTHER,1,3,0.402,0,0,0,0,1,0,0,0,0,0,0,0,0,1,0,0.0,0.0,0.6,3.0,1,3,0.8974142,1,CS,uleule
674-108_louse-1,Tolaki,louse,kutu,1,4,2,0.5,1,k,0,0,0,0,0,OTHER,1,3,0.402,0,0,1,0,0,0,0,0,0,0,0,0,0,1,0,1230.0,1.0,0.0,0.0,0,2,0.23084241,0,CA,kutu
674-109_mosquito-1,Tolaki,mosquito,buroto,1,6,3,0.5,1,b,0,0,0,0,0,OTHER,1,3,0.402,0,1,0,0,0,0,0,0,0,0,0,0,0,1,0,10.0,1.0,0.2857,2.0,0,3,0.51942384,1,MO,buroto
674-110_spider-1,Tolaki,spider,kangga,1,6,2,0.3333,1,k,0,1,0,1,1,OTHER,0,3,0.402,0,0,1,0,0,0,0,0,0,0,0,0,0,1,0,3.0,1.0,0.0,0.0,0,2,0.044915676,0,CA,kaŋga
674-111_fish-1,Tolaki,fish,ika,1,3,2,0.6667,1,other,0,0,0,0,0,OTHER,1,3,0.402,0,0,0,0,1,0,0,0,0,0,0,0,0,1,0,836.0,1.0,0.1429,1.0,0,2,0.11172068,0,CA,ika
674-112_rotten-1,Tolaki,rotten,mowuho,1,6,3,0.5,1,m,0,0,0,0,1,QUALITY,0,3,0.402,0,0,0,1,0,0,0,0,0,0,0,0,0,0,1,4.0,1.0,0.5,3.0,0,3,0.3987586,0,CA,mowuho
674-114_leaf-1,Tolaki,leaf,tawa,0,4,2,0.5,1,t,0,0,0,0,1,NATURE,1,3,0.402,0,0,0,0,0,0,0,1,0,0,0,1,0,0,0,0.0,0.0,0.5,3.0,1,2,0.29077715,0,RO,tawa
674-115_root-1,Tolaki,root,akara,0,5,3,0.6,1,a,0,0,0,0,0,NATURE,1,3,0.402,1,0,0,0,0,0,0,0,0,0,0,1,0,0,0,0.0,0.0,0.3333,2.0,1,3,0.9512548,1,CS,akara
674-116_flower-1,Tolaki,flower,wulele,0,6,3,0.5,1,other,0,0,1,0,0,NATURE,1,3,0.402,0,0,0,0,1,0,0,0,0,0,0,1,0,0,0,0.0,0.0,0.1429,1.0,1,3,0.8995355,1,CS,wulele
674-117_fruit-1,Tolaki,fruit,wua,1,3,2,0.6667,1,other,0,0,0,0,0,NATURE,1,3,0.402,0,0,0,0,1,0,0,0,0,0,0,1,0,0,0,832.0,1.0,0.1667,1.0,0,1,0.3039508,0,CA,wua
674-118_grass-1,Tolaki,grass,rembu,0,5,2,0.4,1,other,0,1,0,1,0,NATURE,1,3,0.402,0,0,0,0,1,0,0,0,0,0,0,1,0,0,0,0.0,0.0,0.7143,4.0,1,2,0.7546903,1,CS,rembu
674-119_earthsoil-1,Tolaki,earth/soil,wuta,1,4,2,0.5,1,other,0,0,0,0,0,NATURE,1,3,0.402,0,0,0,0,1,0,0,0,0,0,0,1,0,0,0,43.0,1.0,0.0,0.0,0,2,0.28062725,0,CA,wuta
674-120_stone-1,Tolaki,stone,watu,1,4,2,0.5,1,other,0,0,0,0,0,NATURE,1,3,0.402,0,0,0,0,1,0,0,0,0,0,0,1,0,0,0,1145.0,1.0,0.0,0.0,0,2,0.28062725,0,CA,watu
674-121_sand-1,Tolaki,sand,one,1,3,2,0.6667,1,other,0,0,0,0,0,NATURE,1,3,0.402,0,0,0,0,1,0,0,0,0,0,0,1,0,0,0,658.0,1.0,0.0,0.0,0,2,0.3039508,0,CA,one
674-122_water-1,Tolaki,water,woi,0,3,2,0.6667,1,other,0,0,0,0,0,NATURE,1,3,0.402,0,0,0,0,1,0,0,0,0,0,0,1,0,0,0,0.0,0.0,0.3333,2.0,1,1,0.3039508,0,RO,woi
674-123_toflow-1,Tolaki,to flow,lumaa,0,5,3,0.6,1,other,0,0,0,0,0,ACTION,1,3,0.402,0,0,0,0,1,0,0,0,1,0,0,0,0,0,0,0.0,0.0,0.5,3.0,1,2,0.9587886,1,CS,lumaa
674-124_sea-1,Tolaki,sea,tahi,1,4,2,0.5,1,t,0,0,0,0,1,NATURE,1,3,0.402,0,0,0,0,0,0,0,1,0,0,0,1,0,0,0,705.0,1.0,0.2857,2.0,0,2,0.29077715,0,CA,tahi
674-125_salt-1,Tolaki,salt,peanihi,0,7,4,0.5714,1,p,0,0,0,0,0,NATURE,1,3,0.402,0,0,0,0,0,1,0,0,0,0,0,1,0,0,0,0.0,0.0,0.5,3.0,1,3,0.98751116,1,CS,peanihi
674-126_lake-1,Tolaki,lake,rano,1,4,2,0.5,1,other,0,0,0,0,0,NATURE,1,3,0.402,0,0,0,0,1,0,0,0,0,0,0,1,0,0,0,212.0,1.0,0.1667,1.0,0,2,0.28062725,0,CA,rano
674-127_woodsforest-1,Tolaki,woods/forest,ahoma,0,5,3,0.6,1,a,0,0,0,0,0,NATURE,1,3,0.402,1,0,0,0,0,0,0,0,0,0,0,1,0,0,0,0.0,0.0,0.5,3.0,1,3,0.9512548,1,CS,ahoma
674-128_sky-1,Tolaki,sky,lahuene,0,7,4,0.5714,1,other,0,0,0,0,0,NATURE,1,3,0.402,0,0,0,0,1,0,0,0,0,0,0,1,0,0,0,0.0,0.0,0.2857,2.0,1,3,0.8926983,1,CS,lahuene
674-129_moon-1,Tolaki,moon,wula,1,4,2,0.5,1,other,0,0,0,0,0,NATURE,1,3,0.402,0,0,0,0,1,0,0,0,0,0,0,1,0,0,0,764.0,1.0,0.0,0.0,0,2,0.28062725,0,CA,wula
674-130_star-1,Tolaki,star,wotiti,0,6,3,0.5,1,other,0,0,1,0,0,NATURE,1,3,0.402,0,0,0,0,1,0,0,0,0,0,0,1,0,0,0,0.0,0.0,0.1429,1.0,1,3,0.8995355,1,CS,wotiti
674-131_cloud-1,Tolaki,cloud,gowa,0,4,2,0.5,1,other,0,0,0,0,0,NATURE,1,3,0.402,0,0,0,0,1,0,0,0,0,0,0,1,0,0,0,0.0,0.0,0.8333,5.0,1,2,0.28062725,0,RO,gowa
674-133_rain-1,Tolaki,rain,usa,1,3,2,0.6667,1,other,0,0,0,0,0,NATURE,1,3,0.402,0,0,0,0,1,0,0,0,0,0,0,1,0,0,0,1247.0,1.0,0.1667,1.0,0,2,0.3039508,0,CA,usa
674-135_lightning-1,Tolaki,lightning,kila,1,4,2,0.5,1,k,0,0,0,0,0,NATURE,1,3,0.402,0,0,1,0,0,0,0,0,0,0,0,1,0,0,0,257.0,1.0,0.1429,1.0,0,2,0.2874434,0,CA,kila
674-136_wind-1,Tolaki,wind,pua,0,3,2,0.6667,1,p,0,0,0,0,0,NATURE,1,3,0.402,0,0,0,0,0,1,0,0,0,0,0,1,0,0,0,0.0,0.0,0.1667,1.0,1,1,0.7522323,1,CS,pua
674-137_toblow-1,Tolaki,to blow,mepua,0,5,3,0.6,1,m,0,0,0,0,1,ACTION,1,3,0.402,0,0,0,1,0,0,0,0,1,0,0,0,0,0,0,0.0,0.0,0.6667,4.0,1,2,0.9425329,1,CS,mepua
674-138_warm-1,Tolaki,warm,mokula,0,6,3,0.5,1,m,0,0,0,0,1,QUALITY,1,3,0.402,0,0,0,1,0,0,0,0,0,0,0,0,0,0,1,0.0,0.0,0.5714,4.0,1,3,0.8092731,1,CS,mokula
674-139_cold-1,Tolaki,cold,morini,0,6,3,0.5,1,m,0,0,0,0,1,QUALITY,1,3,0.402,0,0,0,1,0,0,0,0,0,0,0,0,0,0,1,0.0,0.0,0.3333,2.0,1,3,0.8092731,1,CS,morini
674-140_dry-1,Tolaki,dry,mowatu,0,6,3,0.5,1,m,0,0,0,0,1,QUALITY,1,3,0.402,0,0,0,1,0,0,0,0,0,0,0,0,0,0,1,0.0,0.0,0.5,3.0,1,3,0.8092731,1,CS,mowatu
674-141_wet-1,Tolaki,wet,meiwoi,0,6,4,0.6667,1,m,0,0,0,0,1,QUALITY,1,3,0.402,0,0,0,1,0,0,0,0,0,0,0,0,0,0,1,0.0,0.0,0.5,3.0,1,2,0.9104801,1,CS,meiwoi
674-142_heavy-1,Tolaki,heavy,mobea,0,5,3,0.6,1,m,0,0,0,0,1,QUALITY,1,3,0.402,0,0,0,1,0,0,0,0,0,0,0,0,0,0,1,0.0,0.0,0.6667,4.0,1,2,0.95114493,1,CS,mobea
674-143_fire-1,Tolaki,fire,api,1,3,2,0.6667,1,a,0,0,0,0,0,NATURE,1,3,0.402,1,0,0,0,0,0,0,0,0,0,0,1,0,0,0,831.0,1.0,0.3333,2.0,0,2,0.05685693,0,CA,api
674-144_toburn-1,Tolaki,to burn,hunu,0,4,2,0.5,1,other,0,0,0,0,0,ACTION,1,3,0.402,0,0,0,0,1,0,0,0,1,0,0,0,0,0,0,0.0,0.0,0.3333,2.0,1,2,0.7508703,1,CS,hunu
674-145_smoke-1,Tolaki,smoke,ahu,1,3,2,0.6667,1,a,0,0,0,0,0,NATURE,1,3,0.402,1,0,0,0,0,0,0,0,0,0,0,1,0,0,0,672.0,1.0,0.0,0.0,0,2,0.05685693,0,CA,ahu
674-146_ashes-1,Tolaki,ashes,awu,1,3,2,0.6667,1,a,0,0,0,0,0,NATURE,1,3,0.402,1,0,0,0,0,0,0,0,0,0,0,1,0,0,0,607.0,1.0,0.1429,1.0,0,2,0.05685693,0,CA,awu
674-147_black-1,Tolaki,black,me'eto,0,6,3,0.5,1,m,1,0,0,0,1,QUALITY,1,3,0.402,0,0,0,1,0,0,0,0,0,0,0,0,0,0,1,0.0,0.0,0.3333,2.0,1,3,0.95997727,1,CS,me'eto
674-148_white-1,Tolaki,white,mowila,0,6,3,0.5,1,m,0,0,0,0,1,QUALITY,1,3,0.402,0,0,0,1,0,0,0,0,0,0,0,0,0,0,1,0.0,0.0,0.3333,2.0,1,3,0.8092731,1,CS,mowila
674-149_red-1,Tolaki,red,momea,0,5,3,0.6,1,m,0,0,0,0,1,QUALITY,1,3,0.402,0,0,0,1,0,0,0,0,0,0,0,0,0,0,1,0.0,0.0,0.6667,4.0,1,2,0.95114493,1,CS,momea
674-150_yellow-1,Tolaki,yellow,mokuni,0,6,3,0.5,1,m,0,0,0,0,1,QUALITY,1,3,0.402,0,0,0,1,0,0,0,0,0,0,0,0,0,0,1,0.0,0.0,0.1667,1.0,1,3,0.8092731,1,CS,mokuni
674-151_green-1,Tolaki,green,mo'osu,0,6,3,0.5,1,m,1,0,0,0,1,QUALITY,1,3,0.402,0,0,0,1,0,0,0,0,0,0,0,0,0,0,1,0.0,0.0,0.5,3.0,1,3,0.95997727,1,CS,mo'osu
674-152_small-1,Tolaki,small,mohewu,0,6,3,0.5,1,m,0,0,0,0,1,QUALITY,1,3,0.402,0,0,0,1,0,0,0,0,0,0,0,0,0,0,1,0.0,0.0,0.5,3.0,1,3,0.8092731,1,CS,mohewu
674-153_big-1,Tolaki,big,wo'ose,0,6,3,0.5,1,other,1,0,0,0,0,QUALITY,1,3,0.402,0,0,0,0,1,0,0,0,0,0,0,0,0,0,1,0.0,0.0,0.7143,4.0,1,3,0.9724804,1,CS,wo'ose
674-154_short-1,Tolaki,short,putu,0,4,2,0.5,1,p,0,0,0,0,0,QUALITY,1,3,0.402,0,0,0,0,0,1,0,0,0,0,0,0,0,0,1,0.0,0.0,0.4286,3.0,1,2,0.54417753,1,CS,putu
674-155_long-1,Tolaki,long,mendaa,0,6,3,0.5,1,m,0,1,0,1,1,QUALITY,1,3,0.402,0,0,0,1,0,0,0,0,0,0,0,0,0,0,1,0.0,0.0,0.125,1.0,1,2,0.9589873,1,CS,mendaa
674-156_thin-1,Tolaki,thin,monipi,1,6,3,0.5,1,m,0,0,0,0,1,QUALITY,1,3,0.402,0,0,0,1,0,0,0,0,0,0,0,0,0,0,1,662.0,1.0,0.0,0.0,0,3,0.8092731,1,MO,monipi
674-157_thick-1,Tolaki,thick,mokapa,1,6,3,0.5,1,m,0,0,0,0,1,QUALITY,1,3,0.402,0,0,0,1,0,0,0,0,0,0,0,0,0,0,1,129.0,1.0,0.1667,1.0,0,3,0.8092731,1,MO,mokapa
674-158_narrow-1,Tolaki,narrow,mohewu,0,6,3,0.5,1,m,0,0,0,0,1,QUALITY,1,3,0.402,0,0,0,1,0,0,0,0,0,0,0,0,0,0,1,0.0,0.0,0.4286,3.0,1,3,0.8092731,1,CS,mohewu
674-159_wide-1,Tolaki,wide,molua,0,5,3,0.6,1,m,0,0,0,0,1,QUALITY,1,3,0.402,0,0,0,1,0,0,0,0,0,0,0,0,0,0,1,0.0,0.0,0.3333,2.0,1,2,0.95114493,1,CS,molua
674-160_painfulsick-1,Tolaki,"painful, sick",mohaki,0,6,3,0.5,1,m,0,0,0,0,1,QUALITY,1,3,0.402,0,0,0,1,0,0,0,0,0,0,0,0,0,0,1,0.0,0.0,0.3333,2.0,1,3,0.8092731,1,CS,mohaki
674-161_shyashamed-1,Tolaki,"shy, ashamed",kohanu,0,6,3,0.5,1,k,0,0,0,0,0,QUALITY,1,3,0.402,0,0,1,0,0,0,0,0,0,0,0,0,0,0,1,0.0,0.0,0.1667,1.0,1,3,0.86310756,1,CS,kohanu
674-162_old-1,Tolaki,old,motu'o,0,6,3,0.5,1,m,1,0,0,0,1,QUALITY,1,3,0.402,0,0,0,1,0,0,0,0,0,0,0,0,0,0,1,0.0,0.0,0.2857,2.0,1,3,0.95997727,1,CS,motu'o
674-163_new-1,Tolaki,new,wo'ohu,0,6,3,0.5,1,other,1,0,0,0,0,QUALITY,1,3,0.402,0,0,0,0,1,0,0,0,0,0,0,0,0,0,1,0.0,0.0,0.1667,1.0,1,3,0.9724804,1,CS,wo'ohu
674-164_good-1,Tolaki,good,meambo,0,6,3,0.5,1,m,0,1,0,1,1,QUALITY,1,3,0.402,0,0,0,1,0,0,0,0,0,0,0,0,0,0,1,0.0,0.0,0.4286,3.0,1,2,0.9589873,1,CS,meambo
674-165_badevil-1,Tolaki,"bad, evil",mosaa,0,5,3,0.6,1,m,0,0,0,0,1,QUALITY,1,3,0.402,0,0,0,1,0,0,0,0,0,0,0,0,0,0,1,0.0,0.0,0.3333,2.0,1,2,0.95114493,1,CS,mosaa
674-166_correcttrue-1,Tolaki,"correct, true",meara'i,0,7,4,0.5714,1,m,1,0,0,0,1,QUALITY,1,3,0.402,0,0,0,1,0,0,0,0,0,0,0,0,0,0,1,0.0,0.0,0.1667,1.0,1,3,0.96349144,1,CS,meara'i
674-167_night-1,Tolaki,night,wingi,0,5,2,0.4,1,other,0,1,0,1,0,OTHER,1,3,0.402,0,0,0,0,1,0,0,0,0,0,0,0,0,1,0,0.0,0.0,0.1429,1.0,1,2,0.6744698,1,CS,wiŋi
674-168_day-1,Tolaki,day,oleo,0,4,3,0.75,1,other,0,0,0,0,0,OTHER,1,3,0.402,0,0,0,0,1,0,0,0,0,0,0,0,0,1,0,0.0,0.0,0.1667,1.0,1,2,0.59571874,1,CS,oleo
674-169_year-1,Tolaki,year,tau,1,3,2,0.6667,1,t,0,0,0,0,1,OTHER,1,3,0.402,0,0,0,0,0,0,0,1,0,0,0,0,0,1,0,426.0,1.0,0.0,0.0,0,1,0.09442985,0,CA,tau
674-170_when-1,Tolaki,when?,teipia,1,6,4,0.6667,1,t,0,0,0,0,0,GRAMMAR,1,3,0.402,0,0,0,0,0,0,0,1,0,0,1,0,0,0,0,484.0,2.0,0.1429,1.0,0,2,0.8067915,1,MO,teipia
674-171_tohide-1,Tolaki,to hide,hi'i,0,4,2,0.5,1,other,1,0,0,0,0,ACTION,1,3,0.402,0,0,0,0,1,0,0,0,1,0,0,0,0,0,0,0.0,0.0,0.5714,4.0,1,2,0.9354957,1,CS,hi'i
674-172_toclimb-1,Tolaki,to climb,momone,0,6,3,0.5,1,m,0,0,1,0,1,ACTION,1,3,0.402,0,0,0,1,0,0,0,0,1,0,0,0,0,0,0,0.0,0.0,0.1667,1.0,1,3,0.87192136,1,CS,momone
674-173_at-1,Tolaki,at,i,1,1,1,1.0,1,other,0,0,0,0,0,GRAMMAR,1,3,0.402,0,0,0,0,1,0,0,0,0,0,1,0,0,0,0,461.0,1.0,0.0,0.0,0,1,0.19197923,0,CA,i
674-174_ininside-1,Tolaki,"in, inside",i lalo,1,6,3,0.5,1,other,0,0,0,0,0,GRAMMAR,1,3,0.402,0,0,0,0,1,0,0,0,0,0,1,0,0,0,0,592.0,1.0,0.1429,1.0,0,3,0.8501604,1,MO,i lalo
674-175_above-1,Tolaki,above,i wawo,0,6,3,0.5,1,other,0,0,0,0,0,GRAMMAR,1,3,0.402,0,0,0,0,1,0,0,0,0,0,1,0,0,0,0,0.0,0.0,0.1429,1.0,1,3,0.8501604,1,CS,i wawo
674-176_below-1,Tolaki,below,i lolu,0,6,3,0.5,1,other,0,0,0,0,0,GRAMMAR,1,3,0.402,0,0,0,0,1,0,0,0,0,0,1,0,0,0,0,0.0,0.0,0.5714,4.0,1,3,0.8501604,1,CS,i lolu
674-177_this-1,Tolaki,this,inono,0,5,3,0.6,1,other,0,0,1,0,0,GRAMMAR,1,3,0.402,0,0,0,0,1,0,0,0,0,0,1,0,0,0,0,0.0,0.0,0.3333,2.0,1,3,0.9404125,1,CS,inono
674-178_that-1,Tolaki,that,nggitu'o,0,8,3,0.375,1,other,1,1,0,1,0,GRAMMAR,1,3,0.402,0,0,0,0,1,0,0,0,0,0,1,0,0,0,0,0.0,0.0,0.3333,3.0,1,3,0.9861822,1,CS,ŋgitu'o
674-179_near-1,Tolaki,near,merambi,0,7,3,0.4286,1,m,0,1,0,1,1,GRAMMAR,1,3,0.402,0,0,0,1,0,0,0,0,0,0,1,0,0,0,0,0.0,0.0,0.4286,3.0,1,3,0.9609544,1,CS,merambi
674-180_far-1,Tolaki,far,mondae,0,6,3,0.5,1,m,0,1,0,1,1,GRAMMAR,1,3,0.402,0,0,0,1,0,0,0,0,0,0,1,0,0,0,0,0.0,0.0,0.3333,2.0,1,2,0.9759251,1,CS,mondae
674-181_where-1,Tolaki,where?,humbee,0,6,3,0.5,1,other,0,1,0,1,0,GRAMMAR,1,3,0.402,0,0,0,0,1,0,0,0,0,0,1,0,0,0,0,0.0,0.0,0.5714,4.0,1,2,0.9066197,1,CS,humbee
674-182_i-1,Tolaki,I,inaku,0,5,3,0.6,1,other,0,0,0,0,0,GRAMMAR,1,3,0.402,0,0,0,0,1,0,0,0,0,0,1,0,0,0,0,0.0,0.0,0.1667,1.0,1,3,0.9267242,1,CS,inaku
674-183_thou-1,Tolaki,thou,inggo'o,0,7,3,0.4286,1,other,1,1,0,1,0,GRAMMAR,1,3,0.402,0,0,0,0,1,0,0,0,0,0,1,0,0,0,0,0.0,0.0,0.1667,1.0,1,3,0.97937596,1,CS,iŋgo'o
674-184_heshe-1,Tolaki,he/she,i'ia,0,4,3,0.75,1,other,1,0,0,0,0,GRAMMAR,1,3,0.402,0,0,0,0,1,0,0,0,0,0,1,0,0,0,0,0.0,0.0,0.2857,1.0,1,2,0.9657366,1,CS,i'ia
674-184_heshe-2,Tolaki,he/she,ie'i,0,4,3,0.75,1,other,1,0,0,0,0,GRAMMAR,1,3,0.402,0,0,0,0,1,0,0,0,0,0,1,0,0,0,0,0.0,0.0,0.2857,1.0,1,2,0.9657366,1,CS,ie'i
674-185_we-1,Tolaki,we,inggito,1,7,3,0.4286,1,other,0,1,0,1,0,OTHER,0,3,0.402,0,0,0,0,1,0,0,0,0,0,0,0,0,1,0,6.0,1.0,0.0,0.0,0,3,0.095814526,0,CA,iŋgito
674-185_we-2,Tolaki,we,inggami,1,7,3,0.4286,1,other,0,1,0,1,0,OTHER,0,3,0.402,0,0,0,0,1,0,0,0,0,0,0,0,0,1,0,6.0,1.0,0.0,0.0,0,3,0.095814526,0,CA,iŋgami
674-186_you-1,Tolaki,you,inggomiu,0,8,4,0.5,1,other,0,1,0,1,0,GRAMMAR,1,3,0.402,0,0,0,0,1,0,0,0,0,0,1,0,0,0,0,0.0,0.0,0.1667,1.0,1,3,0.8963093,1,CS,iŋgomiu
674-187_they-1,Tolaki,they,mehira,0,6,3,0.5,1,m,0,0,0,0,1,GRAMMAR,1,3,0.402,0,0,0,1,0,0,0,0,0,0,1,0,0,0,0,0.0,0.0,0.7143,4.0,1,3,0.9150661,1,CS,mehira
674-187_they-2,Tolaki,they,mehiro,0,6,3,0.5,1,m,0,0,0,0,1,GRAMMAR,1,3,0.402,0,0,0,1,0,0,0,0,0,0,1,0,0,0,0,0.0,0.0,0.7143,4.0,1,3,0.9150661,1,CS,mehiro
674-188_what-1,Tolaki,what?,hawo,0,4,2,0.5,1,other,0,0,0,0,0,GRAMMAR,1,3,0.402,0,0,0,0,1,0,0,0,0,0,1,0,0,0,0,0.0,0.0,0.1667,1.0,1,2,0.8074529,1,CS,hawo
674-189_who-1,Tolaki,who?,inae,0,4,3,0.75,1,other,0,0,0,0,0,GRAMMAR,1,3,0.402,0,0,0,0,1,0,0,0,0,0,1,0,0,0,0,0.0,0.0,0.5,3.0,1,2,0.8184977,1,CS,inae
674-191_all-1,Tolaki,all,luwuako,0,7,4,0.5714,1,other,0,0,0,0,0,GRAMMAR,1,3,0.402,0,0,0,0,1,0,0,0,0,0,1,0,0,0,0,0.0,0.0,0.4286,3.0,1,3,0.89180154,1,CS,luwuako
674-192_and-1,Tolaki,and,ronga,0,5,2,0.4,1,other,0,1,0,1,0,GRAMMAR,1,3,0.402,0,0,0,0,1,0,0,0,0,0,1,0,0,0,0,0.0,0.0,0.375,3.0,1,2,0.93243194,1,CS,roŋa
674-193_if-1,Tolaki,if,mano,0,4,2,0.5,1,m,0,0,0,0,1,GRAMMAR,1,3,0.402,0,0,0,1,0,0,0,0,0,0,1,0,0,0,0,0.0,0.0,0.75,5.0,1,2,0.8757188,1,CS,mano
674-194_how-1,Tolaki,how?,mombake hawo,0,12,5,0.4167,1,m,0,1,0,1,1,GRAMMAR,1,3,0.402,0,0,0,1,0,0,0,0,0,0,1,0,0,0,0,0.0,0.0,0.5714,3.0,1,5,0.9627802,1,CS,mombake hawo
674-195_nonot-1,Tolaki,"no, not",oki,0,3,2,0.6667,1,other,0,0,0,0,0,GRAMMAR,1,3,0.402,0,0,0,0,1,0,0,0,0,0,1,0,0,0,0,0.0,0.0,0.5714,3.0,1,2,0.62704706,1,CS,oki
674-196_tocount-1,Tolaki,to count,do'a,0,4,2,0.5,1,other,1,0,0,0,0,ACTION,1,3,0.402,0,0,0,0,1,0,0,0,1,0,0,0,0,0,0,0.0,0.0,0.3333,2.0,1,2,0.9354957,1,CS,do'a
674-197_one-1,Tolaki,One,aso,1,3,2,0.6667,1,a,0,0,0,0,0,NUMBER,1,3,0.402,1,0,0,0,0,0,0,0,0,0,0,0,1,0,0,643.0,1.0,0.1429,1.0,0,2,0.03698021,0,CA,aso
674-198_two-1,Tolaki,Two,oruo,1,4,3,0.75,1,other,0,0,0,0,0,NUMBER,1,3,0.402,0,0,0,0,1,0,0,0,0,0,0,0,1,0,0,1434.0,1.0,0.0,0.0,0,2,0.4474089,0,CA,oruo
674-199_three-1,Tolaki,Three,tolu,1,4,2,0.5,1,t,0,0,0,0,0,NUMBER,1,3,0.402,0,0,0,0,0,0,0,1,0,0,0,0,1,0,0,1402.0,1.0,0.0,0.0,0,2,0.14646447,0,CA,tolu
674-200_four-1,Tolaki,Four,omba,0,4,2,0.5,1,other,0,1,0,1,0,NUMBER,1,3,0.402,0,0,0,0,1,0,0,0,0,0,0,0,1,0,0,0.0,0.0,0.1429,1.0,1,2,0.30017114,0,RO,omba
674-201_five-1,Tolaki,Five,limo,1,4,2,0.5,1,other,0,0,0,0,0,NUMBER,1,3,0.402,0,0,0,0,1,0,0,0,0,0,0,0,1,0,0,1232.0,1.0,0.0,0.0,0,2,0.1506443,0,CA,limo
674-202_six-1,Tolaki,Six,ono,1,3,2,0.6667,1,other,0,0,0,0,0,NUMBER,0,3,0.402,0,0,0,0,1,0,0,0,0,0,0,0,1,0,0,699.0,1.0,0.5,2.0,0,2,0.1985712,0,CA,ono
674-203_seven-1,Tolaki,Seven,pitu,1,4,2,0.5,1,p,0,0,0,0,0,NUMBER,0,3,0.402,0,0,0,0,0,1,0,0,0,0,0,0,1,0,0,702.0,1.0,0.0,0.0,0,2,0.22038001,0,CA,pitu
674-204_eight-1,Tolaki,Eight,hoalu,0,5,3,0.6,1,other,0,0,0,0,0,NUMBER,0,3,0.402,0,0,0,0,1,0,0,0,0,0,0,0,1,0,0,0.0,0.0,0.5,3.0,1,2,0.86408913,1,CS,hoalu
674-205_nine-1,Tolaki,Nine,osio,1,4,3,0.75,1,other,0,0,0,0,0,NUMBER,0,3,0.402,0,0,0,0,1,0,0,0,0,0,0,0,1,0,0,505.0,1.0,0.0,0.0,0,2,0.4118998,0,CA,osio
674-206_ten-1,Tolaki,Ten,hopulo,0,6,3,0.5,1,other,0,0,0,0,0,NUMBER,0,3,0.402,0,0,0,0,1,0,0,0,0,0,0,0,1,0,0,0.0,0.0,0.4,2.0,1,3,0.6532176,1,CS,hopulo
674-207_twenty-1,Tolaki,Twenty,ruambulo,0,8,4,0.5,1,other,0,1,0,1,0,NUMBER,0,3,0.402,0,0,0,0,1,0,0,0,0,0,0,0,1,0,0,0.0,0.0,0.8,4.0,1,3,0.904353,1,CS,ruambulo
674-208_fifty-1,Tolaki,Fifty,limambulo,0,9,4,0.4444,1,other,0,1,0,1,0,NUMBER,0,3,0.402,0,0,0,0,1,0,0,0,0,0,0,0,1,0,0,0.0,0.0,0.8,4.0,1,4,0.9295138,1,CS,limambulo
674-209_onehundred-1,Tolaki,One Hundred,aso'etu,0,7,4,0.5714,1,a,1,0,0,0,0,NUMBER,0,3,0.402,1,0,0,0,0,0,0,0,0,0,0,0,1,0,0,0.0,0.0,0.8,4.0,1,4,0.9856101,1,CS,aso'etu
674-210_onethousand-1,Tolaki,One Thousand,aso-sou,0,7,4,0.5714,1,a,0,0,1,0,0,NUMBER,0,3,0.402,1,0,0,0,0,0,0,0,0,0,0,0,1,0,0,0.0,0.0,0.8333,5.0,1,3,0.9305324,1,CS,aso-sou
