abvd_form_id,abvd_language_id,abvd_language_name,concept,form_as_in_abvd,abvd_cognacy,abvd_loan_flag,candidate_no_cognate_set,in_table1_set_of_submitted_version,concept_on_15_concept_list_of_submitted_version,numeral_concept,p_profile_out_of_fold_25feat,p_profile_out_of_fold_26feat,p_profile_language_held_out_25feat,cell,sulawesi_lookalike_distance,sulawesi_lookalike_list,sulawesi_lookalike_form,bungku_tolaki_lookalike_distance,bungku_tolaki_lookalike_list,bungku_tolaki_lookalike_form
27-1_hand-1,27,Muna (Katobu-Tongkuno Dialect),hand,lima,"1,64",0,0,0,0,0,0.107,0.036,0.116,coded & no profile,0.0,Banggai (W.dialect),lima,,,
27-2_left-1,27,Muna (Katobu-Tongkuno Dialect),left,kema,33,0,0,0,0,0,0.027,0.013,0.029,coded & no profile,0.0,Kambowa,kema,,,
27-3_right-1,27,Muna (Katobu-Tongkuno Dialect),right,suana,"1,74",0,0,0,0,0,0.168,0.045,0.094,coded & no profile,0.0,Mori,koana,,,
27-4_legfoot-1,27,Muna (Katobu-Tongkuno Dialect),leg/foot,ghaghe,1,0,0,0,0,0,0.301,0.212,0.696,coded & no profile,0.2,Kambowa,hahe,,,
27-5_towalk-1,27,Muna (Katobu-Tongkuno Dialect),to walk,akala,58,0,0,0,0,0,0.374,0.296,0.669,coded & no profile,0.25,Kambowa,nondala,,,
27-6_roadpath-1,27,Muna (Katobu-Tongkuno Dialect),road/path,kangkaha,,0,1,1,0,0,0.321,0.232,0.447,candidate & no profile,0.4,Wawonii,salaha,,,
27-7_tocome-1,27,Muna (Katobu-Tongkuno Dialect),to come,amai,1,0,0,0,1,0,0.403,0.382,0.55,coded & no profile,0.0,Kaidipang,mai,,,
27-8_toturn-1,27,Muna (Katobu-Tongkuno Dialect),to turn,apingka,,0,1,1,0,0,0.226,0.144,0.41,candidate & no profile,0.667,Mori,mekoana,,,
27-9_toswim-1,27,Muna (Katobu-Tongkuno Dialect),to swim,aleni,1,0,0,0,0,0,0.406,0.328,0.669,coded & no profile,0.0,Kambowa,noleni,,,
27-10_dirty-1,27,Muna (Katobu-Tongkuno Dialect),dirty,noraku,33,0,0,0,0,0,0.218,0.075,0.359,coded & no profile,0.4,Bolaang Mongondow,mo-romuʔ,,,
27-11_dust-1,27,Muna (Katobu-Tongkuno Dialect),dust,harabu,29,0,0,0,0,0,0.23,0.063,0.359,coded & no profile,0.0,Buol,abu,,,
27-12_skin-1,27,Muna (Katobu-Tongkuno Dialect),skin,kuli,1,0,0,0,0,0,0.15,0.085,0.116,coded & no profile,0.0,Mori,kuli,,,
27-13_back-1,27,Muna (Katobu-Tongkuno Dialect),back,towu,,0,1,1,0,0,0.083,0.023,0.13,candidate & no profile,0.5,Mori,torulu,,,
27-14_belly-1,27,Muna (Katobu-Tongkuno Dialect),belly,taghi,19,0,0,0,0,0,0.191,0.099,0.217,coded & no profile,0.4,Uma (Kantewu dialect),taʔi,,,
27-15_bone-1,27,Muna (Katobu-Tongkuno Dialect),bone,buku,16,0,0,0,0,0,0.16,0.082,0.162,coded & no profile,0.0,Banggai (W.dialect),buku,,,
27-16_intestines-1,27,Muna (Katobu-Tongkuno Dialect),intestines,ghule-ghule,,0,1,1,0,0,0.289,0.163,0.509,candidate & no profile,0.625,Mori,ulekompo,,,
27-17_liver-1,27,Muna (Katobu-Tongkuno Dialect),liver,ghate,1,0,0,0,0,0,0.158,0.062,0.305,coded & no profile,0.0,Banggai (W.dialect),ate,,,
27-18_breast-1,27,Muna (Katobu-Tongkuno Dialect),breast,titi,6,0,0,0,0,0,0.113,0.051,0.08,coded & no profile,0.0,Popalia,titi,,,
27-19_shoulder-1,27,Muna (Katobu-Tongkuno Dialect),shoulder,ghowea,1?,0,0,0,0,0,0.27,0.058,0.435,coded & no profile,0.0,Mori,owea,,,
27-20_toknowbeknowledgeable-1,27,Muna (Katobu-Tongkuno Dialect),"to know, be knowledgeable",apandehaane,23,0,0,0,0,0,0.379,0.3,0.75,coded & no profile,0.2,Kambowa,nopandeane,,,
27-21_tothink-1,27,Muna (Katobu-Tongkuno Dialect),to think,aefekiri,,1,1,0,0,0,0.196,0.134,0.552,candidate & no profile,0.0,Uma (Kantewu dialect),pekiri,,,
27-22_tofear-1,27,Muna (Katobu-Tongkuno Dialect),to fear,aotehi,20,0,0,0,0,0,0.276,0.288,0.725,coded & no profile,0.0,Kambowa,nomotehi,,,
27-23_blood-1,27,Muna (Katobu-Tongkuno Dialect),blood,rea,1,0,0,0,0,0,0.134,0.047,0.143,coded & no profile,0.0,Mori,rea,,,
27-24_head-1,27,Muna (Katobu-Tongkuno Dialect),head,fotu,14,0,0,0,0,0,0.105,0.04,0.116,coded & no profile,0.0,Kambowa,potu,,,
27-25_neck-1,27,Muna (Katobu-Tongkuno Dialect),neck,wughu,37,0,0,0,0,0,0.174,0.071,0.305,coded & no profile,0.25,Kaidipang,tigugu,,,
27-26_hair-1,27,Muna (Katobu-Tongkuno Dialect),hair,wulu no fotu,3,0,0,0,0,0,0.376,0.14,0.325,coded & no profile,0.222,Wakole dialect of Kumbewaha,βuluno poʧu,,,
27-27_nose-1,27,Muna (Katobu-Tongkuno Dialect),nose,nee,21,0,0,0,0,0,0.116,0.047,0.143,coded & no profile,0.0,Kambowa,nee,,,
27-28_tobreathe-1,27,Muna (Katobu-Tongkuno Dialect),to breathe,afenei,25,0,0,0,0,0,0.28,0.276,0.725,coded & no profile,0.167,Kioko,nofeinei,,,
27-29_tosniffsmell-1,27,Muna (Katobu-Tongkuno Dialect),"to sniff, smell",aefewono,24,0,0,0,0,0,0.38,0.385,0.552,coded & no profile,0.167,Kioko,nofeβono,,,
27-30_mouth-1,27,Muna (Katobu-Tongkuno Dialect),mouth,wubha,1,0,0,0,0,0,0.148,0.067,0.305,coded & no profile,0.4,Tontemboan,waʔbaʔ,,,
27-31_tooth-1,27,Muna (Katobu-Tongkuno Dialect),tooth,wangka,15,0,0,0,0,0,0.483,0.237,0.728,coded & no profile,0.4,Tonsea,wa'ang,,,
27-32_tongue-1,27,Muna (Katobu-Tongkuno Dialect),tongue,lela,4,0,0,0,0,0,0.097,0.039,0.116,coded & no profile,0.0,Wolio,dela,,,
27-33_tolaugh-1,27,Muna (Katobu-Tongkuno Dialect),to laugh,afu|taa,1?,0,0,0,0,0,0.225,0.172,0.535,coded & no profile,0.25,Mori,metotaa,,,
27-34_tocry-1,27,Muna (Katobu-Tongkuno Dialect),to cry,aoghae,13,0,0,0,0,0,0.444,0.362,0.752,coded & no profile,0.333,Kioko,noʔoʔae,,,
27-35_tovomit-1,27,Muna (Katobu-Tongkuno Dialect),to vomit,atongka,8,0,0,0,0,0,0.344,0.237,0.41,coded & no profile,0.333,Bolaang Mongondow,moto-tukaʔ,,,
27-36_tospit-1,27,Muna (Katobu-Tongkuno Dialect),to spit,afoghoniu,31,0,0,0,0,0,0.228,0.215,0.563,coded & no profile,0.333,Bungku,meʔoniu,,,
27-37_toeat-1,27,Muna (Katobu-Tongkuno Dialect),to eat,afumaa,10,0,0,0,0,0,0.389,0.359,0.771,coded & no profile,0.0,Kioko,nomaa,,,
27-38_tochew-1,27,Muna (Katobu-Tongkuno Dialect),to chew,aemama,1,0,0,0,0,0,0.422,0.442,0.814,coded & no profile,0.0,Bantik,mama,,,
27-39_tocook-1,27,Muna (Katobu-Tongkuno Dialect),to cook,aegau,,0,1,1,0,0,0.332,0.344,0.707,candidate & no profile,0.25,Tomini (Tialo),gabu,,,
27-40_todrink-1,27,Muna (Katobu-Tongkuno Dialect),to drink,aforoghu,14,0,0,0,0,0,0.218,0.184,0.72,coded & no profile,0.167,Kambowa,noporohu,,,
27-41_tobite-1,27,Muna (Katobu-Tongkuno Dialect),to bite,aesia,,0,1,1,0,0,0.454,0.427,0.759,candidate & no profile,0.5,Bungku (Landawe),mekea,,,
27-42_tosuck-1,27,Muna (Katobu-Tongkuno Dialect),to suck,aekomi,17,0,0,0,0,0,0.056,0.026,0.11,coded & no profile,0.0,Wolio,gomi,,,
27-43_ear-1,27,Muna (Katobu-Tongkuno Dialect),ear,pongke,14,0,0,0,0,0,0.347,0.281,0.493,coded & no profile,0.667,Tontemboan,luntəng,,,
27-44_tohear-1,27,Muna (Katobu-Tongkuno Dialect),to hear,afetingke,18,0,0,0,0,0,0.37,0.256,0.831,coded & no profile,0.5,Soboyo,mine,,,
27-45_eye-1,27,Muna (Katobu-Tongkuno Dialect),eye,mata,1,0,0,0,0,0,0.058,0.031,0.041,coded & no profile,0.0,Banggai (W.dialect),mata,,,
27-46_tosee-1,27,Muna (Katobu-Tongkuno Dialect),to see,aewura,,0,1,0,1,0,0.292,0.249,0.771,candidate & no profile,0.667,Banggai (W.dialect),kita,,,
27-46_tosee-2,27,Muna (Katobu-Tongkuno Dialect),to see,aewora,,0,1,0,1,0,0.335,0.297,0.771,candidate & no profile,0.5,Andio,momeaʔ,,,
27-47_toyawn-1,27,Muna (Katobu-Tongkuno Dialect),to yawn,andiwawa,,0,1,1,0,0,0.258,0.152,0.767,candidate & no profile,0.4,Wakole dialect of Kumbewaha,piŋaβa,,,
27-48_tosleep-1,27,Muna (Katobu-Tongkuno Dialect),to sleep,aolodo,23,0,0,0,0,0,0.371,0.323,0.771,coded & no profile,0.2,Kioko,nomoʔodo,,,
27-49_toliedown-1,27,Muna (Katobu-Tongkuno Dialect),to lie down,aendole,23,0,0,0,0,0,0.184,0.177,0.553,coded & no profile,0.0,Wolio,dole,,,
27-50_todream-1,27,Muna (Katobu-Tongkuno Dialect),to dream,amonifi,"25,1",0,0,0,0,0,0.349,0.23,0.718,coded & no profile,0.167,Popalia,homonihi,,,
27-51_tosit-1,27,Muna (Katobu-Tongkuno Dialect),to sit,aengkora,36,0,0,0,1,0,0.223,0.174,0.738,coded & no profile,0.2,Kambowa,neŋkora,,,
27-52_tostand-1,27,Muna (Katobu-Tongkuno Dialect),to stand,aere,35,0,0,0,1,0,0.439,0.419,0.55,coded & no profile,0.333,Bantik,teŋedeʔ,,,
27-53_personhumanbeing-1,27,Muna (Katobu-Tongkuno Dialect),person/human being,mie,19,0,0,0,0,0,0.071,0.025,0.052,coded & no profile,0.0,Kambowa,mie,,,
27-54_manmale-1,27,Muna (Katobu-Tongkuno Dialect),man/male,moghane,1,0,0,0,0,0,0.528,0.437,0.489,coded & profile,0.0,Kambowa,mohane,,,
27-55_womanfemale-1,27,Muna (Katobu-Tongkuno Dialect),woman/female,robhine,"1,41",0,0,0,0,0,0.245,0.094,0.494,coded & no profile,0.167,Andio,bobine,,,
27-56_child-1,27,Muna (Katobu-Tongkuno Dialect),child,ana,1,0,0,0,0,0,0.009,0.007,0.007,coded & no profile,0.0,Bantik,anaʔ,,,
27-57_husband-1,27,Muna (Katobu-Tongkuno Dialect),husband,mie no lambu,,0,1,1,0,0,0.614,0.518,0.409,candidate & profile,0.375,Tolaki (Asera),pekombu,,,
27-58_wife-1,27,Muna (Katobu-Tongkuno Dialect),wife,mie no lambu,,0,1,1,0,0,0.678,0.568,0.409,candidate & profile,0.375,Tolaki (Asera),pekombu,,,
27-58_wife-2,27,Muna (Katobu-Tongkuno Dialect),wife,anahi,,0,1,1,0,0,0.152,0.071,0.233,candidate & no profile,0.333,Tomini (Tialo),lapi,,,
27-59_mother-1,27,Muna (Katobu-Tongkuno Dialect),mother,ina,1,0,0,0,0,0,0.067,0.025,0.065,coded & no profile,0.0,Banggai (W.dialect),tina,,,
27-60_father-1,27,Muna (Katobu-Tongkuno Dialect),father,ama,1,0,0,0,0,0,0.008,0.007,0.007,coded & no profile,0.0,Banggai (W.dialect),tama,,,
27-61_house-1,27,Muna (Katobu-Tongkuno Dialect),house,lambu,19,0,0,0,0,0,0.307,0.132,0.402,coded & no profile,0.0,Kambowa,lambu,,,
27-62_thatchroof-1,27,Muna (Katobu-Tongkuno Dialect),thatch/roof,ghato,"1,26",0,0,0,0,0,0.048,0.013,0.045,coded & no profile,0.0,Mori,ato,,,
27-63_name-1,27,Muna (Katobu-Tongkuno Dialect),name,nea,1,0,0,0,0,0,0.07,0.028,0.065,coded & no profile,0.333,Mori,nee,,,
27-64_tosay-1,27,Muna (Katobu-Tongkuno Dialect),to say,abisara,19,0,0,0,1,0,0.228,0.181,0.535,coded & no profile,0.0,Kambowa,nobisara,,,
27-64_tosay-2,27,Muna (Katobu-Tongkuno Dialect),to say,apogau,24,0,0,0,1,0,0.34,0.324,0.771,coded & no profile,0.0,Wolio,pogau,,,
27-65_rope-1,27,Muna (Katobu-Tongkuno Dialect),rope,kakoo,,0,1,0,1,0,0.393,0.282,0.411,candidate & no profile,0.333,Tolaki,oloo,,,
27-66_totieupfasten-1,27,Muna (Katobu-Tongkuno Dialect),"to tie up, fasten",aekooli,,0,1,1,0,0,0.501,0.454,0.552,candidate & profile,0.4,Bare'e,kombi,,,
27-67_tosew-1,27,Muna (Katobu-Tongkuno Dialect),to sew,aetampoli,27,0,0,0,0,0,0.102,0.109,0.429,coded & no profile,0.667,Kaidipang,motéi,,,
27-68_needle-1,27,Muna (Katobu-Tongkuno Dialect),needle,deu,1,0,0,0,0,0,0.066,0.023,0.065,coded & no profile,0.25,Gorontalo (Hulondalo),dudetu,,,
27-69_tohunt-1,27,Muna (Katobu-Tongkuno Dialect),to hunt,ahulo,,0,1,1,0,0,0.281,0.204,0.669,candidate & no profile,0.4,Gorontalo (Hulondalo),mo-ŋalupo,,,
27-70_toshoot-1,27,Muna (Katobu-Tongkuno Dialect),to shoot,aepana,1,0,0,0,0,0,0.068,0.027,0.11,coded & no profile,0.0,Mori,mompana,,,
27-71_tostabpierce-1,27,Muna (Katobu-Tongkuno Dialect),"to stab, pierce",aetobo,24,0,0,0,0,0,0.265,0.259,0.725,coded & no profile,0.0,Mori,montobo,,,
27-72_tohit-1,27,Muna (Katobu-Tongkuno Dialect),to hit,aewogha,,0,1,0,1,0,0.162,0.121,0.531,candidate & no profile,0.5,Tomini (Tialo),lopaʔ,,,
27-73_tosteal-1,27,Muna (Katobu-Tongkuno Dialect),to steal,ambolaku,17,0,0,0,1,0,0.21,0.151,0.738,coded & no profile,0.0,Kambowa,nombolaku,,,
27-74_tokill-1,27,Muna (Katobu-Tongkuno Dialect),to kill,aepongko,27,0,0,0,0,0,0.212,0.181,0.738,coded & no profile,0.333,Wolio,poŋko,,,
27-75_todiebedead-1,27,Muna (Katobu-Tongkuno Dialect),"to die, be dead",amate,1,0,0,0,0,0,0.334,0.277,0.669,coded & no profile,0.0,Banggai (W.dialect),mate,,,
27-76_tolivebealive-1,27,Muna (Katobu-Tongkuno Dialect),"to live, be alive",adadi,18,0,0,0,0,0,0.377,0.339,0.652,coded & no profile,0.0,Soboyo,dadi,,,
27-77_toscratch-1,27,Muna (Katobu-Tongkuno Dialect),to scratch,aekurumasi,25,0,0,0,0,0,0.489,0.414,0.837,coded & no profile,0.375,Wolio,karusi,,,
27-78_tocuthack-1,27,Muna (Katobu-Tongkuno Dialect),"to cut, hack",aebhera,,0,1,1,0,0,0.126,0.099,0.531,candidate & no profile,0.5,Tae' (S.Toraja),tara,,,
27-79_stickwood-1,27,Muna (Katobu-Tongkuno Dialect),stick/wood,sau,1,0,0,0,0,0,0.105,0.031,0.113,coded & no profile,0.0,Kioko,sau,,,
27-80_tosplit-1,27,Muna (Katobu-Tongkuno Dialect),to split,aebhogha,35,0,0,0,0,0,0.342,0.229,0.743,coded & no profile,0.5,Bare'e,ma-boka,,,
27-81_sharp-1,27,Muna (Katobu-Tongkuno Dialect),sharp,noroko,32,0,0,0,0,0,0.2,0.086,0.684,coded & no profile,0.0,Kambowa,nomoroko,,,
27-82_dullblunt-1,27,Muna (Katobu-Tongkuno Dialect),"dull, blunt",noduko,28,0,0,0,0,0,0.207,0.082,0.684,coded & no profile,0.333,Wolowa dialect of Kumbewaha,ɓoko,,,
27-83_towork-1,27,Muna (Katobu-Tongkuno Dialect),to work,akaradhaa,23,1,0,0,0,0,0.093,0.088,0.408,coded & no profile,0.125,Kambowa,nokaradaa,,,
27-84_toplant-1,27,Muna (Katobu-Tongkuno Dialect),to plant,aetisa,21,0,0,0,0,0,0.353,0.316,0.771,coded & no profile,0.5,Uma (Kantewu dialect),tujaʔ,,,
27-84_toplant-2,27,Muna (Katobu-Tongkuno Dialect),to plant,aeladu,,0,1,1,0,0,0.293,0.258,0.771,candidate & no profile,0.333,Kambowa,netaɗu,,,
27-85_tochoose-1,27,Muna (Katobu-Tongkuno Dialect),to choose,aefe|pili,1,0,0,0,0,0,0.122,0.13,0.401,coded & no profile,0.167,Tolaki,mepili,,,
27-86_togrow-1,27,Muna (Katobu-Tongkuno Dialect),to grow,notumbu,1,0,0,0,0,0,0.525,0.319,0.606,coded & profile,0.0,Kulisusu,čumumbu,,,
27-87_toswell-1,27,Muna (Katobu-Tongkuno Dialect),to swell,notente,,0,1,1,0,0,0.442,0.144,0.606,candidate & no profile,0.0,Wolio,tente,,,
27-88_tosqueeze-1,27,Muna (Katobu-Tongkuno Dialect),to squeeze,ae|feo,1,0,0,0,0,0,0.369,0.331,0.771,coded & no profile,0.0,Kioko,nefeo,,,
27-89_tohold-1,27,Muna (Katobu-Tongkuno Dialect),to hold,aeintara,28,0,0,0,1,0,0.245,0.261,0.625,coded & no profile,0.4,Popalia,kɔntaʔ,,,
27-90_todig-1,27,Muna (Katobu-Tongkuno Dialect),to dig,ae|seli,1,0,0,0,0,0,0.269,0.201,0.535,coded & no profile,0.0,Wolio,seli,,,
27-91_tobuy-1,27,Muna (Katobu-Tongkuno Dialect),to buy,aegholi,1,0,0,0,0,0,0.268,0.212,0.531,coded & no profile,0.0,Kambowa,neholi,,,
27-92_toopenuncover-1,27,Muna (Katobu-Tongkuno Dialect),"to open, uncover",aelengha,21,0,0,0,0,0,0.224,0.171,0.738,coded & no profile,0.4,Tolaki,hungga,,,
27-93_topoundbeat-1,27,Muna (Katobu-Tongkuno Dialect),"to pound, beat",aetumbu,9,0,0,0,0,0,0.241,0.22,0.553,coded & no profile,0.0,Makassar,annumbuʔ,,,
27-94_tothrow-1,27,Muna (Katobu-Tongkuno Dialect),to throw,aeghompa,26,0,0,0,0,0,0.354,0.224,0.76,coded & no profile,0.429,Wasambua dialect of Cia-Cia,pehampasi,,,
27-95_tofall-1,27,Muna (Katobu-Tongkuno Dialect),to fall,nondawu,1,0,0,0,0,0,0.541,0.297,0.606,coded & profile,0.167,Kambowa,nomondaβu,,,
27-96_dog-1,27,Muna (Katobu-Tongkuno Dialect),dog,d|ahu,1,0,0,0,0,0,0.119,0.057,0.243,coded & no profile,0.0,Mori,d|ahu,,,
27-97_bird-1,27,Muna (Katobu-Tongkuno Dialect),bird,manu-manu,1,0,0,0,0,0,0.415,0.392,0.591,coded & no profile,0.0,Mori,manu-manu,,,
27-98_egg-1,27,Muna (Katobu-Tongkuno Dialect),egg,ghunteli,1,0,0,0,0,0,0.311,0.169,0.583,coded & no profile,0.143,Kambowa,huteli,,,
27-99_feather-1,27,Muna (Katobu-Tongkuno Dialect),feather,wulu,1,0,0,0,0,0,0.103,0.044,0.116,coded & no profile,0.0,Banggai (W.dialect),bulu,,,
27-100_wing-1,27,Muna (Katobu-Tongkuno Dialect),wing,pani,2,0,0,0,0,0,0.071,0.037,0.088,coded & no profile,0.0,Mori,paani,,,
27-101_tofly-1,27,Muna (Katobu-Tongkuno Dialect),to fly,ahoro,24,0,0,0,0,0,0.373,0.306,0.669,coded & no profile,0.0,Kambowa,nohoro,,,
27-102_rat-1,27,Muna (Katobu-Tongkuno Dialect),rat,wulawo,1,0,0,0,0,0,0.281,0.092,0.426,coded & no profile,0.0,Buginese (Soppeng Dialect),balawo,,,
27-103_meatflesh-1,27,Muna (Katobu-Tongkuno Dialect),meat/flesh,ihi,1,0,0,0,0,0,0.155,0.054,0.143,coded & no profile,0.0,Bahonsuai,ihi,,,
27-104_fatgrease-1,27,Muna (Katobu-Tongkuno Dialect),fat/grease,tabha,23,0,0,0,0,0,0.154,0.076,0.217,coded & no profile,0.2,Mori,taba,,,
27-105_tail-1,27,Muna (Katobu-Tongkuno Dialect),tail,punda,17,0,0,0,0,0,0.124,0.076,0.183,coded & no profile,0.5,Andio,kukudiʔ,,,
27-106_snake-1,27,Muna (Katobu-Tongkuno Dialect),snake,ghule,2,0,0,0,0,0,0.175,0.085,0.354,coded & no profile,0.0,Bantik,uleʔ,,,
27-107_wormearthworm-1,27,Muna (Katobu-Tongkuno Dialect),worm (earthworm),ghundeletu,,0,1,1,0,0,0.506,0.328,0.603,candidate & profile,0.0,Kambowa,hindeletu,,,
27-108_louse-1,27,Muna (Katobu-Tongkuno Dialect),louse,otu,1,0,0,0,0,0,0.058,0.022,0.065,coded & no profile,0.333,Bantik,kutu,,,
27-109_mosquito-1,27,Muna (Katobu-Tongkuno Dialect),mosquito,buroto,23,0,0,0,0,0,0.132,0.052,0.151,coded & no profile,0.0,Wolio,buroto,,,
27-110_spider-1,27,Muna (Katobu-Tongkuno Dialect),spider,kabhamba,19,0,0,0,0,0,0.189,0.178,0.154,coded & no profile,0.429,Makassar,labalaba,,,
27-111_fish-1,27,Muna (Katobu-Tongkuno Dialect),fish,kenta,22,0,0,0,0,0,0.245,0.187,0.312,coded & no profile,0.0,Popalia,kenta,,,
27-112_rotten-1,27,Muna (Katobu-Tongkuno Dialect),rotten,noburu,1,0,0,0,0,0,0.106,0.067,0.541,coded & no profile,0.0,Kambowa,noburu,,,
27-113_branch-1,27,Muna (Katobu-Tongkuno Dialect),branch,ragha,1,0,0,0,0,0,0.042,0.013,0.045,coded & no profile,0.2,Wolio,raha,,,
27-114_leaf-1,27,Muna (Katobu-Tongkuno Dialect),leaf,roo,1,0,0,0,0,0,0.221,0.061,0.305,coded & no profile,0.0,Popalia,roʔo,,,
27-115_root-1,27,Muna (Katobu-Tongkuno Dialect),root,paraka,2,0,0,0,0,0,0.616,0.345,0.516,coded & profile,0.0,Mori,haka,,,
27-116_flower-1,27,Muna (Katobu-Tongkuno Dialect),flower,kambea,21?,0,0,0,0,0,0.629,0.479,0.44,coded & profile,0.0,Kambowa,kambea,,,
27-117_fruit-1,27,Muna (Katobu-Tongkuno Dialect),fruit,bhake,11,0,0,0,0,0,0.131,0.079,0.132,coded & no profile,0.0,Wolio,bake,,,
27-118_grass-1,27,Muna (Katobu-Tongkuno Dialect),grass,karuku,,0,1,1,0,0,0.413,0.197,0.409,candidate & no profile,0.0,Bantik,dukuʔ,,,
27-119_earthsoil-1,27,Muna (Katobu-Tongkuno Dialect),earth/soil,wite,26,0,0,0,0,0,0.152,0.053,0.187,coded & no profile,0.0,Kioko,βite,,,
27-120_stone-1,27,Muna (Katobu-Tongkuno Dialect),stone,kontu,1,0,0,0,0,0,0.229,0.187,0.262,coded & no profile,0.25,Gorontalo (Hulondalo),botu,,,
27-121_sand-1,27,Muna (Katobu-Tongkuno Dialect),sand,bhone,2,0,0,0,0,0,0.138,0.086,0.132,coded & no profile,0.0,Banggai (W.dialect),bone,,,
27-122_water-1,27,Muna (Katobu-Tongkuno Dialect),water,oe,2?,0,0,0,0,0,0.059,0.029,0.065,coded & no profile,0.333,Kambowa,ioe,,,
27-123_toflow-1,27,Muna (Katobu-Tongkuno Dialect),to flow,nosolo,,0,1,1,0,0,0.491,0.138,0.605,candidate & no profile,0.0,Buginese (Soppeng Dialect),mas-soloʔ,,,
27-124_sea-1,27,Muna (Katobu-Tongkuno Dialect),sea,tehi,1,0,0,0,0,0,0.205,0.085,0.249,coded & no profile,0.25,Mori,tahi,,,
27-125_salt-1,27,Muna (Katobu-Tongkuno Dialect),salt,ghohia,1,0,0,0,0,0,0.315,0.094,0.476,coded & no profile,0.0,Mori,ohia,,,
27-126_lake-1,27,Muna (Katobu-Tongkuno Dialect),lake,katebho,,0,1,1,0,0,0.327,0.2,0.355,candidate & no profile,0.4,Kodeoha,βoiteobo,,,
27-127_woodsforest-1,27,Muna (Katobu-Tongkuno Dialect),woods/forest,karumbu,,0,1,1,0,0,0.288,0.214,0.357,candidate & no profile,0.25,Tolaki (Konawe),sambu,,,
27-128_sky-1,27,Muna (Katobu-Tongkuno Dialect),sky,lani,1,0,0,0,0,0,0.173,0.057,0.187,coded & no profile,0.25,Bantik,laŋiʔ,,,
27-129_moon-1,27,Muna (Katobu-Tongkuno Dialect),moon,wula,1,0,0,0,0,0,0.161,0.049,0.187,coded & no profile,0.0,Mori,wula,,,
27-130_star-1,27,Muna (Katobu-Tongkuno Dialect),star,ngkolipopo,20,0,0,0,0,0,0.495,0.488,0.311,coded & no profile,0.125,Wolio,kali[m]popo,,,
27-131_cloud-1,27,Muna (Katobu-Tongkuno Dialect),cloud,olu,29,0,0,0,1,0,0.228,0.07,0.305,coded & no profile,0.0,Taloki,kaolu,,,
27-132_fog-1,27,Muna (Katobu-Tongkuno Dialect),fog,gawu,1,0,0,0,0,0,0.171,0.058,0.187,coded & no profile,0.0,Wolio,gawu,,,
27-133_rain-1,27,Muna (Katobu-Tongkuno Dialect),rain,ghuse,1,0,0,0,0,0,0.219,0.089,0.372,coded & no profile,0.0,Mori Atas (Doule),use,,,
27-134_thunder-1,27,Muna (Katobu-Tongkuno Dialect),thunder,tondu,34,0,0,0,0,0,0.302,0.156,0.462,coded & no profile,0.0,Mori,rundu,,,
27-135_lightning-1,27,Muna (Katobu-Tongkuno Dialect),lightning,bhibhito,20,0,0,0,0,0,0.193,0.219,0.126,coded & no profile,0.333,Kioko,ɓiɓito,,,
27-136_wind-1,27,Muna (Katobu-Tongkuno Dialect),wind,kawea,30,0,0,0,0,0,0.789,0.665,0.632,coded & profile,0.2,Kambowa,kaβea,,,
27-137_toblow-1,27,Muna (Katobu-Tongkuno Dialect),to blow,no|f|iu,1?,0,0,0,1,0,0.319,0.172,0.483,coded & no profile,0.5,Soboyo,fuu,,,
27-138_warm-1,27,Muna (Katobu-Tongkuno Dialect),warm,nopana,1,0,0,0,0,0,0.175,0.073,0.684,coded & no profile,0.0,Kumbewaha,mompana,,,
27-139_cold-1,27,Muna (Katobu-Tongkuno Dialect),cold,norindi,1,0,0,0,0,0,0.206,0.112,0.684,coded & no profile,0.0,Wakole dialect of Kumbewaha,moɗindi,,,
27-140_dry-1,27,Muna (Katobu-Tongkuno Dialect),dry,nokele,28,0,0,0,0,0,0.224,0.089,0.684,coded & no profile,0.0,Kambowa,nomokele,,,
27-141_wet-1,27,Muna (Katobu-Tongkuno Dialect),wet,nomeme,,0,1,1,0,0,0.128,0.062,0.543,candidate & no profile,0.25,Soboyo,mete,,,
27-142_heavy-1,27,Muna (Katobu-Tongkuno Dialect),heavy,nobhie,24,0,0,0,1,0,0.19,0.097,0.657,coded & no profile,0.333,Kambowa,noɓie,,,
27-143_fire-1,27,Muna (Katobu-Tongkuno Dialect),fire,ifi,1,0,0,0,0,0,0.267,0.087,0.305,coded & no profile,0.667,Mori,api,,,
27-144_toburn-1,27,Muna (Katobu-Tongkuno Dialect),to burn,aetunu,1,0,0,0,0,0,0.376,0.344,0.771,coded & no profile,0.0,Kaidipang,motunu,,,
27-145_smoke-1,27,Muna (Katobu-Tongkuno Dialect),smoke,ghumbo,13,0,0,0,0,0,0.288,0.206,0.45,coded & no profile,0.0,Mori Atas (Doule),bombo,,,
27-146_ashes-1,27,Muna (Katobu-Tongkuno Dialect),ashes,ghabu,1,0,0,0,0,0,0.243,0.106,0.372,coded & no profile,0.0,Bolaang Mongondow,abu,,,
27-147_black-1,27,Muna (Katobu-Tongkuno Dialect),black,ghito,1,0,0,0,0,0,0.296,0.149,0.599,coded & no profile,0.0,Mori,mo'ito,,,
27-148_white-1,27,Muna (Katobu-Tongkuno Dialect),white,pute,1,0,0,0,0,0,0.409,0.348,0.564,coded & no profile,0.0,Banggai (W.dialect),ute,,,
27-149_red-1,27,Muna (Katobu-Tongkuno Dialect),red,dea,,0,1,0,1,0,0.249,0.086,0.461,candidate & no profile,0.25,Lasalimu,mondera,,,
27-150_yellow-1,27,Muna (Katobu-Tongkuno Dialect),yellow,kuni,1,0,0,0,0,0,0.421,0.281,0.47,coded & no profile,0.0,Banggai (W.dialect),uni[w],,,
27-151_green-1,27,Muna (Katobu-Tongkuno Dialect),green,idho,25,0,0,0,0,0,0.303,0.144,0.614,coded & no profile,0.25,Tae' (S.Toraja),ma-ido,,,
27-152_small-1,27,Muna (Katobu-Tongkuno Dialect),small,norubu,22,0,0,0,0,0,0.207,0.087,0.684,coded & no profile,0.333,Mori Atas (Tambee),motutu,,,
27-153_big-1,27,Muna (Katobu-Tongkuno Dialect),big,nobhala,25,0,0,0,0,0,0.142,0.11,0.634,coded & no profile,0.25,Soboyo,haya,,,
27-154_short-1,27,Muna (Katobu-Tongkuno Dialect),short,nopanda,1,0,0,0,0,0,0.191,0.127,0.684,coded & no profile,0.0,Wasambua dialect of Cia-Cia,mopanda,,,
27-154_short-2,27,Muna (Katobu-Tongkuno Dialect),short,nongkubu,25,0,0,0,0,0,0.322,0.304,0.776,coded & no profile,0.571,Totoli,podong,,,
27-155_long-1,27,Muna (Katobu-Tongkuno Dialect),long,newanta,32,0,0,0,0,0,0.182,0.116,0.684,coded & no profile,0.25,Tomini (Tialo),alentaʔ,,,
27-156_thin-1,27,Muna (Katobu-Tongkuno Dialect),thin,nonifi,1,0,0,0,0,0,0.226,0.088,0.684,coded & no profile,0.0,Kioko,nomonifi,,,
27-157_thick-1,27,Muna (Katobu-Tongkuno Dialect),thick,nokapa,1,0,0,0,0,0,0.175,0.076,0.684,coded & no profile,0.0,Mori,mokapa,,,
27-158_narrow-1,27,Muna (Katobu-Tongkuno Dialect),narrow,noseke,21,0,0,0,0,0,0.212,0.093,0.684,coded & no profile,0.0,Wolio,maseke,,,
27-159_wide-1,27,Muna (Katobu-Tongkuno Dialect),wide,noware,18,0,0,0,0,0,0.203,0.082,0.684,coded & no profile,0.0,Lasalimu,moβare,,,
27-160_painfulsick-1,27,Muna (Katobu-Tongkuno Dialect),"painful, sick",nolea,27,0,0,0,0,0,0.362,0.19,0.783,coded & no profile,0.0,Kambowa,nomolea,,,
27-161_shyashamed-1,27,Muna (Katobu-Tongkuno Dialect),"shy, ashamed",noambano,17,0,0,0,0,0,0.23,0.142,0.777,coded & no profile,0.167,Totoli,ambang,,,
27-162_old-1,27,Muna (Katobu-Tongkuno Dialect),old,nokamokula,24,0,0,0,0,0,0.219,0.166,0.649,coded & no profile,0.0,Kambowa,kamokula,,,
27-163_new-1,27,Muna (Katobu-Tongkuno Dialect),new,nobughou,1,0,0,0,0,0,0.145,0.107,0.736,coded & no profile,0.125,Kambowa,nobuhou,,,
27-164_good-1,27,Muna (Katobu-Tongkuno Dialect),good,netaa,30,0,0,0,0,0,0.365,0.197,0.783,coded & no profile,0.0,Kambowa,metaa,,,
27-165_badevil-1,27,Muna (Katobu-Tongkuno Dialect),"bad, evil",nodaediu,1?,0,0,0,0,0,0.33,0.255,0.416,coded & no profile,0.5,Bantik,dalaiʔ,,,
27-166_correcttrue-1,27,Muna (Katobu-Tongkuno Dialect),"correct, true",kotughu,6,0,0,0,0,0,0.329,0.368,0.492,coded & no profile,0.25,Wasambua dialect of Cia-Cia,koʧuhu,,,
27-167_night-1,27,Muna (Katobu-Tongkuno Dialect),night,korondoha,26,0,0,0,0,0,0.69,0.659,0.626,coded & profile,0.333,Kioko,xondo,,,
27-167_night-2,27,Muna (Katobu-Tongkuno Dialect),night,alo,25,0,0,0,0,0,0.01,0.007,0.007,coded & no profile,0.0,Wolio,malo,,,
27-168_day-1,27,Muna (Katobu-Tongkuno Dialect),day,gholeo,22,0,0,0,0,0,0.289,0.083,0.399,coded & no profile,0.0,Tolaki,oleo,,,
27-169_year-1,27,Muna (Katobu-Tongkuno Dialect),year,taghu,1,0,0,0,0,0,0.249,0.166,0.391,coded & no profile,0.2,Kambowa,tahu,,,
27-170_when-1,27,Muna (Katobu-Tongkuno Dialect),when?,indefie,"1,65",0,0,0,0,0,0.293,0.101,0.52,coded & no profile,0.25,Kioko,naifie,,,
27-170_when-2,27,Muna (Katobu-Tongkuno Dialect),when?,ne|fie,"1,65",0,0,0,0,0,0.386,0.105,0.532,coded & no profile,0.0,Kioko,naifie,,,
27-171_tohide-1,27,Muna (Katobu-Tongkuno Dialect),to hide,aekope,,0,1,1,0,0,0.297,0.272,0.771,candidate & no profile,0.333,Wolio,opo,,,
27-172_toclimb-1,27,Muna (Katobu-Tongkuno Dialect),to climb,a|foni,1,0,0,0,0,0,0.275,0.171,0.425,coded & no profile,0.0,Kioko,nofoni,,,
27-173_at-1,27,Muna (Katobu-Tongkuno Dialect),at,we,1?,0,0,0,0,0,0.053,0.04,0.059,coded & no profile,0.5,Wasambua dialect of Cia-Cia,ve,,,
27-173_at-2,27,Muna (Katobu-Tongkuno Dialect),at,te,1?,0,0,0,0,0,0.08,0.06,0.078,coded & no profile,0.5,Gorontalo (Hulondalo),to,,,
27-173_at-3,27,Muna (Katobu-Tongkuno Dialect),at,ne,18,0,0,0,0,0,0.059,0.034,0.059,coded & no profile,0.333,Kambowa,nde,,,
27-174_ininside-1,27,Muna (Katobu-Tongkuno Dialect),"in, inside",we lalo,1,0,0,0,0,0,0.212,0.079,0.41,coded & no profile,0.0,Tolaki,i lalo,,,
27-174_ininside-2,27,Muna (Katobu-Tongkuno Dialect),"in, inside",welo,1,0,0,0,0,0,0.457,0.238,0.484,coded & no profile,0.333,Tolaki,i lalo,,,
27-175_above-1,27,Muna (Katobu-Tongkuno Dialect),above,te wawo,2,0,0,0,0,0,0.216,0.156,0.3,coded & no profile,0.0,Mori,i wawo[no],,,
27-176_below-1,27,Muna (Katobu-Tongkuno Dialect),below,we panda,,0,1,0,1,0,0.418,0.135,0.657,candidate & no profile,0.0,Kambowa,βae panda,,,
27-177_this-1,27,Muna (Katobu-Tongkuno Dialect),this,aini,1,0,0,0,0,0,0.174,0.173,0.274,coded & no profile,0.0,Kaidipang,ini,,,
27-178_that-1,27,Muna (Katobu-Tongkuno Dialect),that,aitu,16,0,0,0,0,0,0.178,0.166,0.274,coded & no profile,0.0,Tontemboan,siitu,,,
27-179_near-1,27,Muna (Katobu-Tongkuno Dialect),near,nomaho,26,0,0,0,0,0,0.393,0.103,0.532,coded & no profile,0.2,Kambowa,nokamaho,,,
27-180_far-1,27,Muna (Katobu-Tongkuno Dialect),far,nokodoho,27,0,0,0,0,0,0.302,0.102,0.586,coded & no profile,0.0,Kambowa,nokodoho,,,
27-181_where-1,27,Muna (Katobu-Tongkuno Dialect),where?,nahamai,18,0,0,0,0,0,0.457,0.183,0.538,coded & no profile,0.0,Kambowa,ndehamai,,,
27-181_where-2,27,Muna (Katobu-Tongkuno Dialect),where?,nehamai,18,0,0,0,0,0,0.331,0.09,0.506,coded & no profile,0.0,Kambowa,ndehamai,,,
27-182_i-1,27,Muna (Katobu-Tongkuno Dialect),I,inodi,8,0,0,0,0,0,0.412,0.13,0.468,coded & no profile,0.2,Kambowa,inoi,,,
27-183_thou-1,27,Muna (Katobu-Tongkuno Dialect),thou,ihintu,11,0,0,0,0,0,0.479,0.14,0.557,coded & no profile,0.0,Kambowa,isuntu,,,
27-184_heshe-1,27,Muna (Katobu-Tongkuno Dialect),he/she,anoa,12,0,0,0,0,0,0.174,0.182,0.274,coded & no profile,0.0,Kambowa,anoa,,,
27-185_we-1,27,Muna (Katobu-Tongkuno Dialect),we,intaidi,3,0,0,0,0,0,0.079,0.021,0.064,coded & no profile,0.25,Buginese (Soppeng Dialect),idiʔ,,,
27-185_we-2,27,Muna (Katobu-Tongkuno Dialect),we,insaidi,3,0,0,0,0,0,0.066,0.017,0.054,coded & no profile,0.25,Buginese (Soppeng Dialect),idiʔ,,,
27-186_you-1,27,Muna (Katobu-Tongkuno Dialect),you,ihintuumu,4,0,0,0,0,0,0.251,0.144,0.218,coded & no profile,0.5,Tolaki,inggomiu,,,
27-187_they-1,27,Muna (Katobu-Tongkuno Dialect),they,andoa,12,0,0,0,0,0,0.317,0.196,0.358,coded & no profile,0.0,Kambowa,andoa,,,
27-188_what-1,27,Muna (Katobu-Tongkuno Dialect),what?,ohae,12,0,0,0,0,0,0.325,0.131,0.372,coded & no profile,0.0,Kambowa,ohae,,,
27-189_who-1,27,Muna (Katobu-Tongkuno Dialect),who?,la|hae,1?,0,0,0,0,0,0.391,0.096,0.532,coded & no profile,0.0,Kambowa,lahae,,,
27-190_other-1,27,Muna (Katobu-Tongkuno Dialect),other,sigaahano,15,0,0,0,0,0,0.334,0.255,0.186,coded & no profile,0.143,Kambowa,segahano,,,
27-191_all-1,27,Muna (Katobu-Tongkuno Dialect),all,kosibhari-bharihae,28,0,0,0,0,0,0.587,0.655,0.308,coded & profile,0.357,Wolio,baribaria,,,
27-192_and-1,27,Muna (Katobu-Tongkuno Dialect),and,bhe,,0,1,1,0,0,0.212,0.118,0.58,candidate & no profile,0.667,Bantik,bo,,,
27-193_if-1,27,Muna (Katobu-Tongkuno Dialect),if,ane,19,0,0,0,0,0,0.037,0.033,0.025,coded & no profile,0.0,Bare'e,ane,,,
27-194_how-1,27,Muna (Katobu-Tongkuno Dialect),how?,pedahai,,0,1,1,0,0,0.584,0.272,0.53,candidate & profile,0.25,Wasambua dialect of Cia-Cia,mbahae,,,
27-194_how-2,27,Muna (Katobu-Tongkuno Dialect),how?,pedahamai,,0,1,1,0,0,0.33,0.235,0.224,candidate & no profile,0.5,Makassar,antekamma,,,
27-195_nonot-1,27,Muna (Katobu-Tongkuno Dialect),"no, not",miina,29,0,0,0,0,0,0.568,0.258,0.489,coded & profile,0.0,Bahonsuai,ahina,,,
27-196_tocount-1,27,Muna (Katobu-Tongkuno Dialect),to count,aefeapi,,0,1,1,0,0,0.332,0.345,0.535,candidate & no profile,0.5,Bolaang Mongondow,moŋ-iap,,,
27-197_one-1,27,Muna (Katobu-Tongkuno Dialect),One,ise,1,0,0,0,0,1,0.085,0.026,0.089,coded & no profile,0.0,Wolio,ʔise,,,
27-198_two-1,27,Muna (Katobu-Tongkuno Dialect),Two,dua,1,0,0,0,0,1,0.079,0.028,0.089,coded & no profile,0.0,Bantik,dadua,,,
27-198_two-2,27,Muna (Katobu-Tongkuno Dialect),Two,rua pulo,1,0,0,0,0,1,0.365,0.152,0.437,coded & no profile,0.5,Gorontalo (Hulondalo),duluwo,,,
27-199_three-1,27,Muna (Katobu-Tongkuno Dialect),Three,tolu,1,0,0,0,0,1,0.08,0.04,0.064,coded & no profile,0.0,Banggai (W.dialect),tolu,,,
27-200_four-1,27,Muna (Katobu-Tongkuno Dialect),Four,paa,1,0,0,0,0,1,0.278,0.176,0.115,coded & no profile,0.0,Mori,opaa,,,
27-201_five-1,27,Muna (Katobu-Tongkuno Dialect),Five,dima,1,0,0,0,0,1,0.11,0.045,0.099,coded & no profile,0.0,Banggai (W.dialect),lima,,,
27-203_seven-1,27,Muna (Katobu-Tongkuno Dialect),Seven,pitu,1,0,0,0,0,1,0.177,0.202,0.095,coded & no profile,0.0,Banggai (W.dialect),pitu,,,
27-204_eight-1,27,Muna (Katobu-Tongkuno Dialect),Eight,walu,3,0,0,0,0,1,0.156,0.063,0.119,coded & no profile,0.0,Banggai (W.dialect),alu,,,
27-205_nine-1,27,Muna (Katobu-Tongkuno Dialect),Nine,siwa,5,0,0,0,0,1,0.118,0.055,0.048,coded & no profile,0.25,Popalia,kesia,,,
27-210_onethousand-1,27,Muna (Katobu-Tongkuno Dialect),One Thousand,riwu,,0,1,0,1,1,0.089,0.017,0.119,candidate & no profile,0.0,Tontemboan,mariwu,,,
48-1_hand-1,48,Buginese (Soppeng Dialect),hand,lima,"1,64",0,0,0,0,0,0.104,0.092,0.085,coded & no profile,0.0,Banggai (W.dialect),lima,,,
48-2_left-1,48,Buginese (Soppeng Dialect),left,abeo,58,0,0,0,0,0,0.062,0.066,0.01,coded & no profile,0.5,Banggai (W.dialect),bobo,,,
48-2_left-2,48,Buginese (Soppeng Dialect),left,abio,58,0,0,0,0,0,0.049,0.053,0.01,coded & no profile,0.4,Tontemboan,kaʔbiri,,,
48-3_right-1,48,Buginese (Soppeng Dialect),right,atau,"5, 40",0,0,0,0,0,0.071,0.075,0.01,coded & no profile,0.0,Kaidipang,kitau,,,
48-4_legfoot-1,48,Buginese (Soppeng Dialect),leg/foot,aje,1?,0,0,0,0,0,0.017,0.024,0.018,coded & no profile,0.333,Wolio,ae,,,
48-5_towalk-1,48,Buginese (Soppeng Dialect),to walk,joppa,,0,1,1,0,0,0.584,0.571,0.473,candidate & profile,0.333,Makassar,aʔlampa,,,
48-5_towalk-2,48,Buginese (Soppeng Dialect),to walk,jokka,,0,1,1,0,0,0.572,0.566,0.473,candidate & profile,0.333,Wolio,liŋka,,,
48-6_roadpath-1,48,Buginese (Soppeng Dialect),road/path,laləŋ,1,0,0,0,0,0,0.084,0.088,0.067,coded & no profile,0.25,Bantik,daleŋ,,,
48-7_tocome-1,48,Buginese (Soppeng Dialect),to come,lao komai,1,0,0,0,1,0,0.375,0.301,0.275,coded & no profile,0.286,Kodeoha,hakeromai,,,
48-8_toturn-1,48,Buginese (Soppeng Dialect),to turn,ləsu,21?,0,0,0,0,0,0.453,0.296,0.453,coded & no profile,0.5,Bolaang Mongondow,liu,,,
48-9_toswim-1,48,Buginese (Soppeng Dialect),to swim,naŋe,1,0,0,0,0,0,0.366,0.203,0.293,coded & no profile,0.25,Kaidipang,monaŋi,,,
48-10_dirty-1,48,Buginese (Soppeng Dialect),dirty,ma-rotaʔ,24,0,0,0,0,0,0.783,0.65,0.531,coded & profile,0.429,Wolio,marombu,,,
48-11_dust-1,48,Buginese (Soppeng Dialect),dust,awu,1,0,0,0,0,0,0.046,0.032,0.039,coded & no profile,0.0,Mori,awu,,,
48-12_skin-1,48,Buginese (Soppeng Dialect),skin,oli,1,0,0,0,0,0,0.139,0.08,0.153,coded & no profile,0.333,Muna (Katobu-Tongkuno Dialect),kuli,,,
48-12_skin-2,48,Buginese (Soppeng Dialect),skin,uli,1,0,0,0,0,0,0.137,0.087,0.153,coded & no profile,0.0,Muna (Katobu-Tongkuno Dialect),kuli,,,
48-13_back-1,48,Buginese (Soppeng Dialect),back,aləkkəʔ,1?,0,0,0,0,0,0.281,0.262,0.267,coded & no profile,0.5,Wolio,taliku,,,
48-13_back-2,48,Buginese (Soppeng Dialect),back,monri,,0,1,1,0,0,0.192,0.223,0.135,candidate & no profile,0.75,Muna (Katobu-Tongkuno Dialect),towu,,,
48-14_belly-1,48,Buginese (Soppeng Dialect),belly,baua,,0,1,1,0,0,0.157,0.058,0.275,candidate & no profile,0.333,Kumbewaha,haβa,,,
48-15_bone-1,48,Buginese (Soppeng Dialect),bone,buku,16,0,0,0,0,0,0.155,0.082,0.169,coded & no profile,0.0,Banggai (W.dialect),buku,,,
48-16_intestines-1,48,Buginese (Soppeng Dialect),intestines,paruu,23,0,0,0,0,0,0.416,0.331,0.727,coded & no profile,0.2,Makassar,parruʔ,,,
48-16_intestines-2,48,Buginese (Soppeng Dialect),intestines,pəruu,23,0,0,0,0,0,0.322,0.314,0.726,coded & no profile,0.333,Makassar,parruʔ,,,
48-17_liver-1,48,Buginese (Soppeng Dialect),liver,ate,1,0,0,0,0,0,0.018,0.022,0.018,coded & no profile,0.0,Banggai (W.dialect),ate,,,
48-18_breast-1,48,Buginese (Soppeng Dialect),breast,susu,1,0,0,0,0,0,0.096,0.072,0.097,coded & no profile,0.0,Banggai (W.dialect),susu,,,
48-19_shoulder-1,48,Buginese (Soppeng Dialect),shoulder,salaŋkaŋ,1,0,0,0,0,0,0.357,0.417,0.308,coded & no profile,0.25,Makassar,salaŋga,,,
48-20_toknowbeknowledgeable-1,48,Buginese (Soppeng Dialect),"to know, be knowledgeable",issəŋ,31,0,0,0,0,0,0.339,0.455,0.147,coded & no profile,0.2,Makassar,issɛŋ,,,
48-21_tothink-1,48,Buginese (Soppeng Dialect),to think,man-nawa nawa,81,0,0,0,0,0,0.441,0.35,0.809,coded & no profile,0.5,Bare'e,mo-nawa,,,
48-22_tofear-1,48,Buginese (Soppeng Dialect),to fear,metauu,1,0,0,0,0,0,0.53,0.39,0.491,coded & profile,0.25,Bantik,[ma]takuʔ,,,
48-23_blood-1,48,Buginese (Soppeng Dialect),blood,dara,1,0,0,0,0,0,0.104,0.097,0.085,coded & no profile,0.0,Tae' (S.Toraja),rara,,,
48-24_head-1,48,Buginese (Soppeng Dialect),head,ulu,1,0,0,0,0,0,0.135,0.084,0.153,coded & no profile,0.0,Banggai (W.dialect),ulu,,,
48-25_neck-1,48,Buginese (Soppeng Dialect),neck,əlloŋ,76,0,0,0,0,0,0.129,0.204,0.087,coded & no profile,0.0,Makassar,kalloŋ,,,
48-26_hair-1,48,Buginese (Soppeng Dialect),hair,gəmməʔ,,0,1,1,0,0,0.374,0.398,0.288,candidate & no profile,1.0,Banggai (W.dialect),buuk,,,
48-27_nose-1,48,Buginese (Soppeng Dialect),nose,iŋəʔ,76,0,0,0,0,0,0.108,0.133,0.128,coded & no profile,0.333,Gorontalo (Hulondalo),wuliŋo,,,
48-28_tobreathe-1,48,Buginese (Soppeng Dialect),to breathe,mañ-ñawa,1,0,0,0,0,0,0.24,0.169,0.639,coded & no profile,0.5,Mori,menaa,,,
48-29_tosniffsmell-1,48,Buginese (Soppeng Dialect),"to sniff, smell",maŋ-əmmau,25?,0,0,0,0,0,0.685,0.651,0.842,coded & profile,0.571,Makassar,aŋŋaraʔ,,,
48-30_mouth-1,48,Buginese (Soppeng Dialect),mouth,bawa,1,0,0,0,0,0,0.155,0.081,0.169,coded & no profile,0.0,Makassar,bawa,,,
48-31_tooth-1,48,Buginese (Soppeng Dialect),tooth,isi,"24,75",0,0,0,0,0,0.144,0.095,0.153,coded & no profile,0.0,Bantik,isi,,,
48-32_tongue-1,48,Buginese (Soppeng Dialect),tongue,lila,4,0,0,0,0,0,0.107,0.089,0.085,coded & no profile,0.0,Bantik,dila,,,
48-33_tolaugh-1,48,Buginese (Soppeng Dialect),to laugh,macawa,1,0,0,0,0,0,0.592,0.317,0.665,coded & profile,0.0,Wolio,potawa,,,
48-34_tocry-1,48,Buginese (Soppeng Dialect),to cry,tarii,1,0,0,0,0,0,0.535,0.362,0.716,coded & profile,0.4,Wolio,taŋi,,,
48-34_tocry-2,48,Buginese (Soppeng Dialect),to cry,tərii,1,0,0,0,0,0,0.527,0.364,0.645,coded & profile,0.5,Banggai (W.dialect),kokiil,,,
48-35_tovomit-1,48,Buginese (Soppeng Dialect),to vomit,tal-lua,8,0,0,0,0,0,0.333,0.242,0.629,coded & no profile,0.0,Soboyo,luaʔ,,,
48-36_tospit-1,48,Buginese (Soppeng Dialect),to spit,mam-meccu,51,0,0,0,0,0,0.228,0.273,0.777,coded & no profile,0.5,Bare'e,me-ʔuëlu,,,
48-36_tospit-2,48,Buginese (Soppeng Dialect),to spit,mam-miccu,51,0,0,0,0,0,0.25,0.305,0.777,coded & no profile,0.5,Bungku (Torete),meʔiniu,,,
48-37_toeat-1,48,Buginese (Soppeng Dialect),to eat,manre,,0,1,1,0,0,0.541,0.536,0.385,candidate & profile,0.2,Tae' (S.Toraja),k-um-ande,,,
48-38_tochew-1,48,Buginese (Soppeng Dialect),to chew,ota,20?,0,0,0,0,0,0.302,0.143,0.3,coded & no profile,0.333,Popalia,munta,,,
48-39_tocook-1,48,Buginese (Soppeng Dialect),to cook,man-nasu,3,0,0,0,0,0,0.211,0.148,0.639,coded & no profile,0.0,Wolio,nasu,,,
48-40_todrink-1,48,Buginese (Soppeng Dialect),to drink,menuŋ,1,0,0,0,0,0,0.215,0.166,0.179,coded & no profile,0.0,Bantik,inuŋ,,,
48-40_todrink-2,48,Buginese (Soppeng Dialect),to drink,minuŋ,1,0,0,0,0,0,0.286,0.255,0.374,coded & no profile,0.0,Bantik,inuŋ,,,
48-41_tobite-1,48,Buginese (Soppeng Dialect),to bite,mak-kokko,"1,32",0,0,0,0,0,0.296,0.383,0.798,coded & no profile,0.2,Makassar,aŋŋokkoʔ,,,
48-42_tosuck-1,48,Buginese (Soppeng Dialect),to suck,maŋ-iso,1,0,0,0,0,0,0.107,0.068,0.057,coded & no profile,0.0,Makassar,aŋisoʔ,,,
48-43_ear-1,48,Buginese (Soppeng Dialect),ear,doccili,,0,1,1,0,0,0.122,0.11,0.2,candidate & no profile,0.5,Mori,biri,,,
48-44_tohear-1,48,Buginese (Soppeng Dialect),to hear,mar-eŋkaliŋa,"1,81",0,0,0,0,0,0.821,0.697,0.908,coded & profile,0.625,Wuna,feteŋke,,,
48-45_eye-1,48,Buginese (Soppeng Dialect),eye,mata,1,0,0,0,0,0,0.053,0.059,0.054,coded & no profile,0.0,Banggai (W.dialect),mata,,,
48-46_tosee-1,48,Buginese (Soppeng Dialect),to see,mak-kita,1,0,0,0,1,0,0.177,0.157,0.652,coded & no profile,0.0,Banggai (W.dialect),kita,,,
48-47_toyawn-1,48,Buginese (Soppeng Dialect),to yawn,maŋ-aleale,,0,1,1,0,0,0.4,0.194,0.791,candidate & no profile,0.5,Mori,memaali,,,
48-48_tosleep-1,48,Buginese (Soppeng Dialect),to sleep,ma-tinro,25,0,0,0,0,0,0.375,0.377,0.781,coded & no profile,0.0,Makassar,attinro,,,
48-49_toliedown-1,48,Buginese (Soppeng Dialect),to lie down,lewuu,,0,1,1,0,0,0.646,0.364,0.665,candidate & profile,0.5,Uma (Kantewu dialect),turu,,,
48-49_toliedown-2,48,Buginese (Soppeng Dialect),to lie down,liwuu,,0,1,1,0,0,0.67,0.402,0.665,candidate & profile,0.5,Bolaang Mongondow,siug,,,
48-50_todream-1,48,Buginese (Soppeng Dialect),to dream,nipi,1,0,0,0,0,0,0.208,0.114,0.209,coded & no profile,0.0,Mori,moʔipi,,,
48-51_tosit-1,48,Buginese (Soppeng Dialect),to sit,tudaŋ,1,0,0,0,1,0,0.213,0.18,0.251,coded & no profile,0.4,Bare'e,tunda,,,
48-52_tostand-1,48,Buginese (Soppeng Dialect),to stand,təttoŋ,,0,1,0,1,0,0.5,0.475,0.743,candidate & profile,0.6,Banggai (W.dialect),kokondoŋ,,,
48-53_personhumanbeing-1,48,Buginese (Soppeng Dialect),person/human being,tau,1,0,0,0,0,0,0.058,0.03,0.062,coded & no profile,0.0,Makassar,tau,,,
48-54_manmale-1,48,Buginese (Soppeng Dialect),man/male,orane,1,0,0,0,0,0,0.369,0.199,0.379,coded & no profile,0.0,Banggai (W.dialect),malane,,,
48-54_manmale-2,48,Buginese (Soppeng Dialect),man/male,burane,1,0,0,0,0,0,0.141,0.059,0.172,coded & no profile,0.0,Banggai (W.dialect),malane,,,
48-55_womanfemale-1,48,Buginese (Soppeng Dialect),woman/female,makunrai,,0,1,1,0,0,0.331,0.24,0.293,candidate & no profile,0.4,Buol,tabuai,,,
48-56_child-1,48,Buginese (Soppeng Dialect),child,anaʔ,1,0,0,0,0,0,0.025,0.031,0.029,coded & no profile,0.0,Bantik,anaʔ,,,
48-57_husband-1,48,Buginese (Soppeng Dialect),husband,lakkai,28,0,0,0,0,0,0.264,0.18,0.228,coded & no profile,0.0,Bare'e,laŋkai,,,
48-58_wife-1,48,Buginese (Soppeng Dialect),wife,baine,5,0,0,0,0,0,0.119,0.068,0.088,coded & no profile,0.0,Mori,beine,,,
48-59_mother-1,48,Buginese (Soppeng Dialect),mother,indoʔ,10,0,0,0,0,0,0.256,0.215,0.243,coded & no profile,0.0,Bare'e,indo,,,
48-60_father-1,48,Buginese (Soppeng Dialect),father,amboʔ,13,0,0,0,0,0,0.098,0.112,0.091,coded & no profile,0.25,Tae' (S.Toraja),ambeʔ,,,
48-61_house-1,48,Buginese (Soppeng Dialect),house,bola,14?,0,0,0,0,0,0.069,0.033,0.084,coded & no profile,0.25,Buol,bole,,,
48-62_thatchroof-1,48,Buginese (Soppeng Dialect),thatch/roof,pabbiŋəŋ,,0,1,1,0,0,0.391,0.37,0.314,candidate & no profile,0.625,Makassar,pattoŋkoʔ,,,
48-63_name-1,48,Buginese (Soppeng Dialect),name,asəŋ,"1, 54",0,0,0,0,0,0.074,0.076,0.163,coded & no profile,0.5,Bantik,adeŋ,,,
48-64_tosay-1,48,Buginese (Soppeng Dialect),to say,mak-kədaa,,0,1,0,1,0,0.295,0.203,0.752,candidate & no profile,0.4,Tae' (S.Toraja),po-kada,,,
48-64_tosay-2,48,Buginese (Soppeng Dialect),to say,pau,,0,1,0,1,0,0.568,0.495,0.457,candidate & profile,0.0,Mori,mepau,,,
48-65_rope-1,48,Buginese (Soppeng Dialect),rope,tulu,,0,1,0,1,0,0.166,0.036,0.165,candidate & no profile,0.333,Mori,ula,,,
48-66_totieupfasten-1,48,Buginese (Soppeng Dialect),"to tie up, fasten",mas-sio,,0,1,1,0,0,0.132,0.081,0.582,candidate & no profile,0.333,Totoli,soo,,,
48-67_tosew-1,48,Buginese (Soppeng Dialect),to sew,maʔ-jai,2,0,0,0,0,0,0.675,0.424,0.973,coded & profile,0.0,Makassar,anjaiʔ,,,
48-68_needle-1,48,Buginese (Soppeng Dialect),needle,jaruŋ,1,0,0,0,0,0,0.09,0.092,0.121,coded & no profile,0.0,Makassar,jaruŋ,,,
48-69_tohunt-1,48,Buginese (Soppeng Dialect),to hunt,rəŋŋəŋ,,0,1,1,0,0,0.482,0.506,0.517,candidate & no profile,0.667,Makassar,andoaŋ,,,
48-70_toshoot-1,48,Buginese (Soppeng Dialect),to shoot,maʔ-balliliʔ,12,0,0,0,0,0,0.364,0.362,0.44,coded & no profile,0.111,Tae' (S.Toraja),maʔ-baliliʔ,,,
48-71_tostabpierce-1,48,Buginese (Soppeng Dialect),"to stab, pierce",maʔ-gajaŋ,,0,1,1,0,0,0.447,0.381,0.811,candidate & no profile,0.714,Bolaang Mongondow,tumbal,,,
48-71_tostabpierce-2,48,Buginese (Soppeng Dialect),"to stab, pierce",soppaʔ,,0,1,1,0,0,0.678,0.605,0.806,candidate & profile,0.5,Tontemboan,tumopok,,,
48-72_tohit-1,48,Buginese (Soppeng Dialect),to hit,tətteʔ,,0,1,0,1,0,0.527,0.515,0.81,candidate & profile,0.6,Tonsea,mapentek,,,
48-73_tosteal-1,48,Buginese (Soppeng Dialect),to steal,mennau,,0,1,0,1,0,0.665,0.487,0.681,candidate & profile,0.5,Kaidipang,monako,,,
48-74_tokill-1,48,Buginese (Soppeng Dialect),to kill,maʔ-buno,1,0,0,0,0,0,0.559,0.424,0.953,coded & profile,0.0,Bantik,buno,,,
48-75_todiebedead-1,48,Buginese (Soppeng Dialect),"to die, be dead",mate,1,0,0,0,0,0,0.226,0.156,0.215,coded & no profile,0.0,Banggai (W.dialect),mate,,,
48-76_tolivebealive-1,48,Buginese (Soppeng Dialect),"to live, be alive",tuo,20,0,0,0,0,0,0.258,0.182,0.314,coded & no profile,0.0,Tae' (S.Toraja),tuo,,,
48-77_toscratch-1,48,Buginese (Soppeng Dialect),to scratch,mak-kakkaŋ,26,0,0,0,0,0,0.437,0.479,0.6,coded & no profile,0.167,Makassar,aŋkaŋkaŋ,,,
48-78_tocuthack-1,48,Buginese (Soppeng Dialect),"to cut, hack",təttaʔ,3,0,0,0,0,0,0.671,0.658,0.81,coded & profile,0.333,Soboyo,putaʔ,,,
48-79_stickwood-1,48,Buginese (Soppeng Dialect),stick/wood,aju,1,0,0,0,0,0,0.012,0.01,0.011,coded & no profile,0.0,Bare'e,kaju,,,
48-80_tosplit-1,48,Buginese (Soppeng Dialect),to split,pueʔ,,0,1,1,0,0,0.23,0.224,0.274,candidate & no profile,0.333,Soboyo,kapuaʔ,,,
48-80_tosplit-2,48,Buginese (Soppeng Dialect),to split,pue,,0,1,1,0,0,0.604,0.509,0.604,candidate & profile,0.333,Soboyo,kapuaʔ,,,
48-81_sharp-1,48,Buginese (Soppeng Dialect),sharp,ma-tarəŋ,1,0,0,0,0,0,0.259,0.366,0.049,coded & no profile,0.2,Makassar,taraŋ,,,
48-82_dullblunt-1,48,Buginese (Soppeng Dialect),"dull, blunt",ma-kunru,,0,1,1,0,0,0.244,0.324,0.25,candidate & no profile,0.143,Wolio,makundu,,,
48-83_towork-1,48,Buginese (Soppeng Dialect),to work,maʔ-jama,24,0,0,0,0,0,0.481,0.3,0.953,coded & no profile,0.0,Makassar,anjama,,,
48-84_toplant-1,48,Buginese (Soppeng Dialect),to plant,tanəŋ,2,0,0,0,0,0,0.141,0.152,0.131,coded & no profile,0.2,Soboyo,tanoŋ,,,
48-85_tochoose-1,48,Buginese (Soppeng Dialect),to choose,mile,1,0,0,0,0,0,0.323,0.227,0.332,coded & no profile,0.0,Bantik,pile,,,
48-86_togrow-1,48,Buginese (Soppeng Dialect),to grow,tuo,1,0,0,0,0,0,0.269,0.183,0.314,coded & no profile,0.0,Tae' (S.Toraja),tuo,,,
48-87_toswell-1,48,Buginese (Soppeng Dialect),to swell,bəkkaʔ,19,0,0,0,0,0,0.508,0.529,0.633,coded & profile,0.333,Popalia,baŋka,,,
48-88_tosqueeze-1,48,Buginese (Soppeng Dialect),to squeeze,tassipi,,0,1,1,0,0,0.378,0.278,0.454,candidate & no profile,0.25,Wolio,pisiki,,,
48-89_tohold-1,48,Buginese (Soppeng Dialect),to hold,mak-katənni,,0,1,0,1,0,0.418,0.378,0.913,candidate & no profile,0.571,Banggai (W.dialect),kaŋgi,,,
48-89_tohold-2,48,Buginese (Soppeng Dialect),to hold,warəkkəŋ,,0,1,0,1,0,0.421,0.386,0.424,candidate & no profile,0.714,Soboyo,hako,,,
48-89_tohold-3,48,Buginese (Soppeng Dialect),to hold,gəŋkəŋ,1,0,0,0,1,0,0.612,0.653,0.517,coded & profile,0.6,Banggai (W.dialect),kaŋgi,,,
48-90_todig-1,48,Buginese (Soppeng Dialect),to dig,mak-kae,1,0,0,0,0,0,0.303,0.237,0.665,coded & no profile,0.0,Bare'e,moŋ-kae,,,
48-91_tobuy-1,48,Buginese (Soppeng Dialect),to buy,əlli,1,0,0,0,0,0,0.586,0.492,0.481,coded & profile,0.0,Tae' (S.Toraja),alli,,,
48-92_toopenuncover-1,48,Buginese (Soppeng Dialect),"to open, uncover",timpaʔ,,0,1,1,0,0,0.684,0.589,0.763,candidate & profile,0.5,Bantik,bika,,,
48-92_toopenuncover-2,48,Buginese (Soppeng Dialect),"to open, uncover",buka,1,0,0,0,0,0,0.275,0.165,0.389,coded & no profile,0.0,Banggai (W.dialect),buka,,,
48-93_topoundbeat-1,48,Buginese (Soppeng Dialect),"to pound, beat",man-nampuʔ,6,0,0,0,0,0,0.763,0.761,0.872,coded & profile,0.286,Makassar,annumbuʔ,,,
48-93_topoundbeat-2,48,Buginese (Soppeng Dialect),"to pound, beat",təttuʔ,2,0,0,0,0,0,0.697,0.688,0.81,coded & profile,0.25,Soboyo,tutuʔ,,,
48-94_tothrow-1,48,Buginese (Soppeng Dialect),to throw,maʔ-dempəʔ,,0,1,1,0,0,0.4,0.39,0.872,candidate & no profile,0.5,Wuna,ghompa,,,
48-95_tofall-1,48,Buginese (Soppeng Dialect),to fall,mabuəŋ,,0,1,1,0,0,0.534,0.217,0.651,candidate & profile,0.333,Banggai (W.dialect),tuoŋ,,,
48-96_dog-1,48,Buginese (Soppeng Dialect),dog,asu,1,0,0,0,0,0,0.011,0.008,0.011,coded & no profile,0.0,Banggai (W.dialect),asu,,,
48-97_bird-1,48,Buginese (Soppeng Dialect),bird,manuʔ manuʔ,1,0,0,0,0,0,0.489,0.539,0.248,coded & no profile,0.0,Muna (Katobu-Tongkuno Dialect),manu-manu,,,
48-98_egg-1,48,Buginese (Soppeng Dialect),egg,[it]təllo,1,0,0,0,0,0,0.135,0.186,0.088,coded & no profile,0.0,Tae' (S.Toraja),talloʔ,,,
48-99_feather-1,48,Buginese (Soppeng Dialect),feather,bulu,1,0,0,0,0,0,0.159,0.099,0.169,coded & no profile,0.0,Banggai (W.dialect),bulu,,,
48-100_wing-1,48,Buginese (Soppeng Dialect),wing,panni,2,0,0,0,0,0,0.123,0.219,0.107,coded & no profile,0.2,Muna (Katobu-Tongkuno Dialect),pani,,,
48-101_tofly-1,48,Buginese (Soppeng Dialect),to fly,luttu,,0,1,1,0,0,0.605,0.591,0.473,candidate & profile,0.4,Wiau,lumuu,,,
48-102_rat-1,48,Buginese (Soppeng Dialect),rat,balawo,1,0,0,0,0,0,0.144,0.056,0.172,coded & no profile,0.0,Muna (Katobu-Tongkuno Dialect),wulawo,,,
48-103_meatflesh-1,48,Buginese (Soppeng Dialect),meat/flesh,juku,,0,1,1,0,0,0.081,0.043,0.085,candidate & no profile,0.667,Gorontalo (Hulondalo),tapu,,,
48-104_fatgrease-1,48,Buginese (Soppeng Dialect),fat/grease,lunraʔ,,0,1,1,0,0,0.344,0.376,0.288,candidate & no profile,0.5,Soboyo,minaʔ,,,
48-105_tail-1,48,Buginese (Soppeng Dialect),tail,ikkoʔ,1,0,0,0,0,0,0.158,0.266,0.1,coded & no profile,0.0,Tae' (S.Toraja),ikkoʔ,,,
48-106_snake-1,48,Buginese (Soppeng Dialect),snake,ula,2,0,0,0,0,0,0.066,0.023,0.095,coded & no profile,0.0,Tontemboan,ulaʔ,,,
48-107_wormearthworm-1,48,Buginese (Soppeng Dialect),worm (earthworm),[a]lati,1,0,0,0,0,0,0.122,0.07,0.128,coded & no profile,0.0,Kaidipang,rʔuati,,,
48-108_louse-1,48,Buginese (Soppeng Dialect),louse,utu,1,0,0,0,0,0,0.058,0.028,0.095,coded & no profile,0.0,Bantik,kutu,,,
48-109_mosquito-1,48,Buginese (Soppeng Dialect),mosquito,namoʔ,1,0,0,0,0,0,0.131,0.093,0.254,coded & no profile,0.25,Gorontalo (Hulondalo),lamuʔo,,,
48-110_spider-1,48,Buginese (Soppeng Dialect),spider,garaŋkaŋ,20,0,0,0,0,0,0.193,0.085,0.075,coded & no profile,0.2,Lasalimu,kalaŋka,,,
48-110_spider-2,48,Buginese (Soppeng Dialect),spider,lawa-lawa,1,0,0,0,0,0,0.088,0.044,0.158,coded & no profile,0.0,Tontemboan,lawa-lawa,,,
48-111_fish-1,48,Buginese (Soppeng Dialect),fish,bale,23,0,0,0,0,0,0.062,0.034,0.084,coded & no profile,0.0,Tae' (S.Toraja),bale,,,
48-112_rotten-1,48,Buginese (Soppeng Dialect),rotten,ma-kəbboŋ,,0,1,1,0,0,0.262,0.404,0.339,candidate & no profile,0.6,Mori,moboo,,,
48-113_branch-1,48,Buginese (Soppeng Dialect),branch,takke,10,0,0,0,0,0,0.063,0.036,0.041,coded & no profile,0.2,Tae' (S.Toraja),taŋke,,,
48-114_leaf-1,48,Buginese (Soppeng Dialect),leaf,dauŋ,1,0,0,0,0,0,0.111,0.076,0.106,coded & no profile,0.0,Bantik,dauŋ,,,
48-115_root-1,48,Buginese (Soppeng Dialect),root,urəʔ,1,0,0,0,0,0,0.172,0.084,0.24,coded & no profile,0.667,Tolaki,akara,,,
48-116_flower-1,48,Buginese (Soppeng Dialect),flower,buŋa,1,0,0,0,0,0,0.089,0.051,0.074,coded & no profile,0.0,Banggai (W.dialect),buŋa,,,
48-117_fruit-1,48,Buginese (Soppeng Dialect),fruit,bua,1,0,0,0,0,0,0.149,0.056,0.135,coded & no profile,0.0,Bantik,bua,,,
48-118_grass-1,48,Buginese (Soppeng Dialect),grass,sarii,,0,1,1,0,0,0.668,0.336,0.637,candidate & profile,0.25,Soboyo,takii,,,
48-118_grass-2,48,Buginese (Soppeng Dialect),grass,sərii,,0,1,1,0,0,0.661,0.411,0.637,candidate & profile,0.333,Soboyo,takii,,,
48-119_earthsoil-1,48,Buginese (Soppeng Dialect),earth/soil,tana,1,0,0,0,0,0,0.195,0.091,0.215,coded & no profile,0.0,Bantik,tana,,,
48-120_stone-1,48,Buginese (Soppeng Dialect),stone,batu,1,0,0,0,0,0,0.085,0.04,0.129,coded & no profile,0.0,Banggai (W.dialect),batu,,,
48-121_sand-1,48,Buginese (Soppeng Dialect),sand,kəssiʔ,24,0,0,0,0,0,0.256,0.253,0.257,coded & no profile,0.0,Makassar,kassiʔ,,,
48-122_water-1,48,Buginese (Soppeng Dialect),water,uae,2?,0,0,0,0,0,0.405,0.148,0.367,coded & no profile,0.333,Wolio,uwe,,,
48-123_toflow-1,48,Buginese (Soppeng Dialect),to flow,mas-soloʔ,23,0,0,0,0,0,0.47,0.43,0.791,coded & no profile,0.0,Muna (Katobu-Tongkuno Dialect),nosolo,,,
48-124_sea-1,48,Buginese (Soppeng Dialect),sea,tasiʔ,1,0,0,0,0,0,0.163,0.114,0.284,coded & no profile,0.0,Bantik,tasiʔ,,,
48-125_salt-1,48,Buginese (Soppeng Dialect),salt,pəjje,,0,1,1,0,0,0.225,0.229,0.318,candidate & no profile,0.667,Bare'e,bure,,,
48-126_lake-1,48,Buginese (Soppeng Dialect),lake,tappárəŋ,14,0,0,0,0,0,0.447,0.482,0.586,coded & no profile,0.375,Tae' (S.Toraja),tapparan,,,
48-127_woodsforest-1,48,Buginese (Soppeng Dialect),woods/forest,aləʔ,1,0,0,0,0,0,0.094,0.06,0.072,coded & no profile,0.333,Tae' (S.Toraja),[paŋ]alaʔ,,,
48-128_sky-1,48,Buginese (Soppeng Dialect),sky,laŋi,1,0,0,0,0,0,0.123,0.068,0.107,coded & no profile,0.0,Bantik,laŋiʔ,,,
48-129_moon-1,48,Buginese (Soppeng Dialect),moon,wuləŋ,1,0,0,0,0,0,0.076,0.083,0.067,coded & no profile,0.25,Bantik,bulaŋ,,,
48-129_moon-2,48,Buginese (Soppeng Dialect),moon,uləŋ,1,0,0,0,0,0,0.114,0.075,0.106,coded & no profile,0.25,Bantik,bulaŋ,,,
48-130_star-1,48,Buginese (Soppeng Dialect),star,wittaiŋ,1,0,0,0,0,0,0.206,0.203,0.196,coded & no profile,0.5,Kaidipang,matiti,,,
48-130_star-2,48,Buginese (Soppeng Dialect),star,wittuiŋ,1,0,0,0,0,0,0.215,0.203,0.196,coded & no profile,0.5,Kaidipang,matiti,,,
48-131_cloud-1,48,Buginese (Soppeng Dialect),cloud,əlluŋ,,0,1,0,1,0,0.099,0.101,0.11,candidate & no profile,0.333,Tontemboan,kambuŋ,,,
48-132_fog-1,48,Buginese (Soppeng Dialect),fog,salewu,25,0,0,0,0,0,0.491,0.265,0.431,coded & no profile,0.333,Muna (Katobu-Tongkuno Dialect),gawu,,,
48-132_fog-2,48,Buginese (Soppeng Dialect),fog,saliwu,25,0,0,0,0,0,0.504,0.276,0.431,coded & profile,0.167,Makassar,saliu,,,
48-133_rain-1,48,Buginese (Soppeng Dialect),rain,bosi,15,0,0,0,0,0,0.106,0.046,0.129,coded & no profile,0.0,Makassar,bosi,,,
48-134_thunder-1,48,Buginese (Soppeng Dialect),thunder,guttu,30,0,0,0,0,0,0.233,0.223,0.159,coded & no profile,0.2,Wolio,guntu,,,
48-134_thunder-2,48,Buginese (Soppeng Dialect),thunder,lətte,49,0,0,0,0,0,0.236,0.237,0.159,coded & no profile,0.6,Banggai (W.dialect),selese,,,
48-135_lightning-1,48,Buginese (Soppeng Dialect),lightning,billəʔ,1?,0,0,0,0,0,0.145,0.128,0.162,coded & no profile,0.25,Makassar,killaʔ,,,
48-136_wind-1,48,Buginese (Soppeng Dialect),wind,aŋiŋ,1,0,0,0,0,0,0.123,0.087,0.185,coded & no profile,0.0,Makassar,aŋiŋ,,,
48-137_toblow-1,48,Buginese (Soppeng Dialect),to blow,mat-tappoʔ,,0,1,0,1,0,0.476,0.526,0.946,candidate & no profile,0.6,Gorontalo (Hulondalo),hii-hiipo,,,
48-138_warm-1,48,Buginese (Soppeng Dialect),warm,ma-pəlla,,0,1,1,0,0,0.243,0.314,0.25,candidate & no profile,0.429,Tolaki (Konawe),makula,,,
48-139_cold-1,48,Buginese (Soppeng Dialect),cold,ma-kəcceʔ,130,0,0,0,0,0,0.744,0.796,0.673,coded & profile,0.667,Tae' (S.Toraja),ma-sakkaʔ,,,
48-140_dry-1,48,Buginese (Soppeng Dialect),dry,ma-rakko,1,0,0,0,0,0,0.344,0.438,0.25,coded & no profile,0.286,Tae' (S.Toraja),ma-reŋko,,,
48-141_wet-1,48,Buginese (Soppeng Dialect),wet,ma-ricaʔ,,0,1,1,0,0,0.347,0.343,0.172,candidate & no profile,0.333,Kulisusu,mopita,,,
48-142_heavy-1,48,Buginese (Soppeng Dialect),heavy,ma-tanəʔ,,0,1,0,1,0,0.344,0.351,0.172,candidate & no profile,0.333,Wolio,matamo,,,
48-143_fire-1,48,Buginese (Soppeng Dialect),fire,api,1,0,0,0,0,0,0.055,0.026,0.059,coded & no profile,0.0,Mori,api,,,
48-144_toburn-1,48,Buginese (Soppeng Dialect),to burn,mat-tunu,1,0,0,0,0,0,0.187,0.145,0.652,coded & no profile,0.0,Muna (Katobu-Tongkuno Dialect),aetunu,,,
48-145_smoke-1,48,Buginese (Soppeng Dialect),smoke,rumpu,25,0,0,0,0,0,0.233,0.223,0.222,coded & no profile,0.2,Makassar,rumbu,,,
48-146_ashes-1,48,Buginese (Soppeng Dialect),ashes,awu,1,0,0,0,0,0,0.053,0.023,0.059,coded & no profile,0.0,Mori,awu,,,
48-147_black-1,48,Buginese (Soppeng Dialect),black,ma-lotoŋ,35,0,0,0,0,0,0.231,0.326,0.049,coded & no profile,0.0,Tae' (S.Toraja),ma-lotoŋ,,,
48-148_white-1,48,Buginese (Soppeng Dialect),white,ma-pute,1,0,0,0,0,0,0.173,0.175,0.189,coded & no profile,0.0,Banggai (W.dialect),ute,,,
48-149_red-1,48,Buginese (Soppeng Dialect),red,ma-cəllaʔ,,0,1,0,1,0,0.612,0.655,0.673,candidate & profile,0.5,Banggai (W.dialect),[me]mela,,,
48-150_yellow-1,48,Buginese (Soppeng Dialect),yellow,ma-ridi,29,0,0,0,0,0,0.171,0.191,0.189,coded & no profile,0.167,Tae' (S.Toraja),ma-riri,,,
48-151_green-1,48,Buginese (Soppeng Dialect),green,ma-kudaraʔ,,0,1,1,0,0,0.538,0.505,0.471,candidate & profile,0.5,Soboyo,mamaula,,,
48-152_small-1,48,Buginese (Soppeng Dialect),small,ma-biccuʔ,,0,1,1,0,0,0.594,0.631,0.673,candidate & profile,0.5,Koroni,mohiɸu,,,
48-152_small-2,48,Buginese (Soppeng Dialect),small,ma-rənniʔ,,0,1,1,0,0,0.592,0.635,0.673,candidate & profile,0.6,Bantik,kokónioʔ,,,
48-153_big-1,48,Buginese (Soppeng Dialect),big,ma-raja,1,0,0,0,0,0,0.188,0.169,0.189,coded & no profile,0.333,Soboyo,haya,,,
48-154_short-1,48,Buginese (Soppeng Dialect),short,ma-poncoʔ,,0,1,1,0,0,0.746,0.75,0.677,candidate & profile,0.4,Wolio,mampodo,,,
48-155_long-1,48,Buginese (Soppeng Dialect),long,ma-lampe,30,0,0,0,0,0,0.493,0.59,0.424,coded & no profile,0.25,Wolio,marambe,,,
48-156_thin-1,48,Buginese (Soppeng Dialect),thin,ma-nipi,1,0,0,0,0,0,0.168,0.169,0.189,coded & no profile,0.0,Banggai (W.dialect),nipi,,,
48-157_thick-1,48,Buginese (Soppeng Dialect),thick,ma-umpəʔ,,0,1,1,0,0,0.62,0.631,0.558,candidate & profile,0.25,Uma (Kantewu dialect),mo-kumpa,,,
48-158_narrow-1,48,Buginese (Soppeng Dialect),narrow,ma-cikkəʔ,1?,0,0,0,0,0,0.769,0.799,0.673,coded & profile,0.5,Soboyo,riki,,,
48-158_narrow-2,48,Buginese (Soppeng Dialect),narrow,ma-cipi,,0,1,1,0,0,0.129,0.123,0.189,candidate & no profile,0.0,Tae' (S.Toraja),siʔpiʔ,,,
48-159_wide-1,48,Buginese (Soppeng Dialect),wide,ma-sakka,20,0,0,0,0,0,0.398,0.519,0.25,coded & no profile,0.2,Tae' (S.Toraja),saŋkaʔ,,,
48-160_painfulsick-1,48,Buginese (Soppeng Dialect),"painful, sick",pəddi,23,0,0,0,0,0,0.4,0.657,0.361,coded & no profile,0.6,Wolio,mapii,,,
48-161_shyashamed-1,48,Buginese (Soppeng Dialect),"shy, ashamed",siriʔ,19,0,0,0,0,0,0.352,0.231,0.423,coded & no profile,0.0,Makassar,siriʔ,,,
48-162_old-1,48,Buginese (Soppeng Dialect),old,ma-toa,1,0,0,0,0,0,0.358,0.235,0.366,coded & no profile,0.0,Makassar,toa,,,
48-162_old-2,48,Buginese (Soppeng Dialect),old,ma-tua,1,0,0,0,0,0,0.362,0.221,0.366,coded & no profile,0.0,Mori,motuʔa,,,
48-163_new-1,48,Buginese (Soppeng Dialect),new,ma-baru,1,0,0,0,0,0,0.181,0.177,0.189,coded & no profile,0.0,Tae' (S.Toraja),baʔru,,,
48-164_good-1,48,Buginese (Soppeng Dialect),good,ma-deceŋ,,0,1,1,0,0,0.127,0.169,0.049,candidate & no profile,0.571,Wolio,malape,,,
48-165_badevil-1,48,Buginese (Soppeng Dialect),"bad, evil",ma-jaa,1,0,0,0,0,0,0.338,0.237,0.366,coded & no profile,0.0,Bare'e,ma-jaʔa,,,
48-166_correcttrue-1,48,Buginese (Soppeng Dialect),"correct, true",toŋəŋ,22,0,0,0,0,0,0.132,0.118,0.171,coded & no profile,0.4,Makassar,tojeŋ,,,
48-167_night-1,48,Buginese (Soppeng Dialect),night,wənni,1,0,0,0,0,0,0.169,0.146,0.12,coded & no profile,0.333,Tonsea,wengi,,,
48-168_day-1,48,Buginese (Soppeng Dialect),day,əsso,"1,59",0,0,0,0,0,0.115,0.093,0.111,coded & no profile,0.5,Tontemboan,əndo,,,
48-169_year-1,48,Buginese (Soppeng Dialect),year,tauŋ,1,0,0,0,0,0,0.157,0.103,0.174,coded & no profile,0.0,Makassar,tauŋ,,,
48-170_when-1,48,Buginese (Soppeng Dialect),when?,uppanna,1?,0,0,0,0,0,0.35,0.326,0.283,coded & no profile,0.0,Makassar,siapanna,,,
48-171_tohide-1,48,Buginese (Soppeng Dialect),to hide,maʔkasubbu,,0,1,1,0,0,0.877,0.826,0.977,candidate & profile,0.667,Wolio,buniaka,,,
48-172_toclimb-1,48,Buginese (Soppeng Dialect),to climb,tukaʔ,20,0,0,0,0,0,0.282,0.231,0.394,coded & no profile,0.0,Tae' (S.Toraja),tukaʔ,,,
48-173_at-1,48,Buginese (Soppeng Dialect),at,ri,20,0,0,0,0,0,0.054,0.05,0.063,coded & no profile,0.0,Makassar,ri,,,
48-174_ininside-1,48,Buginese (Soppeng Dialect),"in, inside",ri laləŋ,1,0,0,0,0,0,0.288,0.303,0.096,coded & no profile,0.167,Banggai (W.dialect),doi laloŋ,,,
48-175_above-1,48,Buginese (Soppeng Dialect),above,ri aseʔ,62,0,0,0,0,0,0.475,0.356,0.572,coded & no profile,0.5,Bare'e,ri wawo,,,
48-175_above-2,48,Buginese (Soppeng Dialect),above,yaséʔ,62,0,0,0,0,0,0.51,0.518,0.577,coded & profile,0.667,Muna (Katobu-Tongkuno Dialect),te wawo,,,
48-176_below-1,48,Buginese (Soppeng Dialect),below,ri awa,1,0,0,0,1,0,0.385,0.211,0.34,coded & no profile,0.0,Makassar,irawa,,,
48-176_below-2,48,Buginese (Soppeng Dialect),below,yawa,1,0,0,0,1,0,0.48,0.37,0.408,coded & no profile,0.0,Makassar,irawa,,,
48-177_this-1,48,Buginese (Soppeng Dialect),this,ia-e,11?,0,0,0,0,0,0.255,0.172,0.31,coded & no profile,0.25,Tae' (S.Toraja),ia-te,,,
48-178_that-1,48,Buginese (Soppeng Dialect),that,ia-tu,16,0,0,0,0,0,0.295,0.204,0.38,coded & no profile,0.0,Popalia,haʔatu,,,
48-178_that-2,48,Buginese (Soppeng Dialect),that,ia-ro,1,0,0,0,0,0,0.352,0.2,0.38,coded & no profile,0.25,Tae' (S.Toraja),ia-to,,,
48-179_near-1,48,Buginese (Soppeng Dialect),near,ma-caweʔ,,0,1,1,0,0,0.516,0.508,0.655,candidate & profile,0.333,Tontemboan,tawi,,,
48-180_far-1,48,Buginese (Soppeng Dialect),far,ma-bela,29,0,0,0,0,0,0.477,0.452,0.686,coded & no profile,0.0,Tae' (S.Toraja),bela,,,
48-181_where-1,48,Buginese (Soppeng Dialect),where?,kegi,,0,1,1,0,0,0.494,0.4,0.412,candidate & no profile,0.5,Mori Atas (Doule),inderio,,,
48-182_i-1,48,Buginese (Soppeng Dialect),I,iaʔ,"1,32",0,0,0,0,0,0.27,0.137,0.457,coded & no profile,0.0,Bantik,iaʔ,,,
48-183_thou-1,48,Buginese (Soppeng Dialect),thou,iko,1,0,0,0,0,0,0.206,0.116,0.354,coded & no profile,0.0,Bare'e,siko,,,
48-184_heshe-1,48,Buginese (Soppeng Dialect),he/she,ia,1,0,0,0,0,0,0.046,0.035,0.047,coded & no profile,0.0,Tae' (S.Toraja),ia,,,
48-185_we-1,48,Buginese (Soppeng Dialect),we,idiʔ,1,0,0,0,0,0,0.079,0.028,0.062,coded & no profile,0.25,Muna (Katobu-Tongkuno Dialect),intaidi,,,
48-185_we-2,48,Buginese (Soppeng Dialect),we,ikkəŋ,"2, 69",0,0,0,0,0,0.048,0.026,0.021,coded & no profile,0.6,Banggai (W.dialect),ikita,,,
48-186_you-1,48,Buginese (Soppeng Dialect),you,iko manəŋ,21,0,0,0,0,0,0.472,0.477,0.431,coded & no profile,0.5,Banggai (W.dialect),ikomuyu,,,
48-187_they-1,48,Buginese (Soppeng Dialect),they,ia-manəŋ,,0,1,1,0,0,0.309,0.189,0.235,candidate & no profile,0.5,Popalia,amai,,,
48-188_what-1,48,Buginese (Soppeng Dialect),what?,aga,1,0,0,0,0,0,0.038,0.038,0.037,coded & no profile,0.333,Bantik,apa,,,
48-189_who-1,48,Buginese (Soppeng Dialect),who?,niga,,0,1,1,0,0,0.394,0.236,0.408,candidate & no profile,0.25,Tomini (Tialo),sigau,,,
48-190_other-1,48,Buginese (Soppeng Dialect),other,laiŋ,,1,1,0,0,0,0.405,0.242,0.442,candidate & no profile,0.25,Soboyo,boliŋ,,,
48-191_all-1,48,Buginese (Soppeng Dialect),all,manəŋ,,0,1,1,0,0,0.53,0.451,0.554,candidate & profile,0.5,Popalia,baʔano,,,
48-192_and-1,48,Buginese (Soppeng Dialect),and,sibawa,,0,1,1,0,0,0.353,0.169,0.4,candidate & no profile,0.5,Tonsea,karia,,,
48-192_and-2,48,Buginese (Soppeng Dialect),and,na,2,0,0,0,0,0,0.061,0.05,0.073,coded & no profile,0.0,Makassar,na,,,
48-193_if-1,48,Buginese (Soppeng Dialect),if,nakko,,0,1,1,0,0,0.593,0.579,0.455,candidate & profile,0.5,Tae' (S.Toraja),iake,,,
48-193_if-2,48,Buginese (Soppeng Dialect),if,rekko,,0,1,1,0,0,0.573,0.519,0.415,candidate & profile,0.667,Banggai (W.dialect),sio,,,
48-194_how-1,48,Buginese (Soppeng Dialect),how?,pekua,1,0,0,0,0,0,0.635,0.645,0.793,coded & profile,0.25,Bantik,kakuda,,,
48-195_nonot-1,48,Buginese (Soppeng Dialect),"no, not",de,2,0,0,0,0,0,0.055,0.043,0.063,coded & no profile,0.5,Ponosakan,deya',,,
48-196_tocount-1,48,Buginese (Soppeng Dialect),to count,bilaŋ,1,0,0,0,0,0,0.141,0.133,0.166,coded & no profile,0.0,Tae' (S.Toraja),bilaŋ,,,
48-197_one-1,48,Buginese (Soppeng Dialect),One,seʔdi,1,0,0,0,0,1,0.282,0.105,0.334,coded & no profile,0.5,Bungku (Torete),asade,,,
48-198_two-1,48,Buginese (Soppeng Dialect),Two,dua,1,0,0,0,0,1,0.081,0.027,0.073,coded & no profile,0.0,Bantik,dadua,,,
48-199_three-1,48,Buginese (Soppeng Dialect),Three,təllu,1,0,0,0,0,1,0.119,0.079,0.085,coded & no profile,0.0,Makassar,tallu,,,
48-200_four-1,48,Buginese (Soppeng Dialect),Four,əppa,1,0,0,0,0,1,0.105,0.063,0.084,coded & no profile,0.0,Makassar,appaʔ,,,
48-201_five-1,48,Buginese (Soppeng Dialect),Five,lima,1,0,0,0,0,1,0.082,0.038,0.098,coded & no profile,0.0,Banggai (W.dialect),lima,,,
48-202_six-1,48,Buginese (Soppeng Dialect),Six,ənnəŋ,1,0,0,0,0,1,0.351,0.211,0.233,coded & no profile,0.25,Makassar,annaŋ,,,
48-203_seven-1,48,Buginese (Soppeng Dialect),Seven,fitu,1,0,0,0,0,1,0.179,0.054,0.184,coded & no profile,0.0,Banggai (W.dialect),pitu,,,
48-204_eight-1,48,Buginese (Soppeng Dialect),Eight,arua,,0,1,1,0,1,0.086,0.02,0.068,candidate & no profile,0.0,Tae' (S.Toraja),karua,,,
48-205_nine-1,48,Buginese (Soppeng Dialect),Nine,asera,14,0,0,0,0,1,0.499,0.244,0.642,coded & no profile,0.0,Tae' (S.Toraja),kasera,,,
48-206_ten-1,48,Buginese (Soppeng Dialect),Ten,səppulo,5,0,0,0,0,1,0.327,0.226,0.486,coded & no profile,0.0,Mori,hopulo,,,
48-207_twenty-1,48,Buginese (Soppeng Dialect),Twenty,duappulo,"3,6",0,0,0,0,1,0.649,0.372,0.709,coded & profile,0.125,Tae' (S.Toraja),duaŋpulo,,,
48-208_fifty-1,48,Buginese (Soppeng Dialect),Fifty,limappulo,"1,2",0,0,0,0,1,0.753,0.558,0.871,coded & profile,0.111,Makassar,limampulo,,,
48-209_onehundred-1,48,Buginese (Soppeng Dialect),One Hundred,səratuu,4,0,0,0,0,1,0.572,0.263,0.591,coded & profile,0.2,Bantik,mahatusu,,,
48-210_onethousand-1,48,Buginese (Soppeng Dialect),One Thousand,sisəbbu,5,0,0,0,1,1,0.355,0.197,0.486,coded & no profile,0.286,Makassar,sisaʔbu,,,
166-1_hand-1,166,Makassar,hand,lima,"1,64",0,0,0,0,0,0.099,0.057,0.124,coded & no profile,0.0,Banggai (W.dialect),lima,,,
166-2_left-1,166,Makassar,left,kairi,"1,42",0,0,0,0,0,0.104,0.123,0.107,coded & no profile,0.0,Tontemboan,kaʔbiri,,,
166-3_right-1,166,Makassar,right,kanaŋ,"1,73",0,0,0,0,0,0.016,0.026,0.026,coded & no profile,0.2,Tontemboan,kanan,,,
166-4_legfoot-1,166,Makassar,leg/foot,baŋkeŋ,,0,1,1,0,0,0.375,0.35,0.349,candidate & no profile,0.25,Andio,teŋker,,,
166-5_towalk-1,166,Makassar,to walk,aʔlampa,42,0,0,0,0,0,0.362,0.364,0.595,coded & no profile,0.0,Tomini (Tialo),lampa,,,
166-6_roadpath-1,166,Makassar,road/path,agaŋ,,0,1,1,0,0,0.02,0.024,0.028,candidate & no profile,0.5,Bantik,daleŋ,,,
166-7_tocome-1,166,Makassar,to come,battu,,0,1,0,1,0,0.385,0.362,0.446,candidate & no profile,0.4,Banggai (W.dialect),lubat,,,
166-8_toturn-1,166,Makassar,to turn,biluʔ,24,0,0,0,0,0,0.083,0.186,0.072,coded & no profile,0.333,Wolio,gili,,,
166-9_toswim-1,166,Makassar,to swim,aʔlaŋɛ,1,0,0,0,0,0,0.54,0.342,0.877,coded & profile,0.25,Andio,laŋu,,,
166-10_dirty-1,166,Makassar,dirty,raʔmasaʔ,,0,1,1,0,0,0.627,0.719,0.42,candidate & profile,0.333,Bare'e,sapa,,,
166-11_dust-1,166,Makassar,dust,awu,1,0,0,0,0,0,0.046,0.038,0.04,coded & no profile,0.0,Mori,awu,,,
166-11_dust-2,166,Makassar,dust,alimbuʔbuʔ,,0,1,1,0,0,0.833,0.866,0.366,candidate & profile,0.333,Andio,abuʔabu,,,
166-12_skin-1,166,Makassar,skin,bukku lɛŋ,,0,1,1,0,0,0.451,0.535,0.207,candidate & no profile,0.4,Banggai (W.dialect),kulit,,,
166-13_back-1,166,Makassar,back,doŋkoʔ,50,0,0,0,0,0,0.481,0.458,0.612,coded & no profile,0.25,Tae' (S.Toraja),bokoʔ,,,
166-14_belly-1,166,Makassar,belly,battaŋ,29,0,0,0,0,0,0.565,0.524,0.349,coded & profile,0.25,Bantik,tiaŋ,,,
166-15_bone-1,166,Makassar,bone,buku,16,0,0,0,0,0,0.13,0.073,0.186,coded & no profile,0.0,Banggai (W.dialect),buku,,,
166-16_intestines-1,166,Makassar,intestines,parruʔ,23,0,0,0,0,0,0.49,0.606,0.512,coded & no profile,0.2,Buginese (Soppeng Dialect),paruu,,,
166-17_liver-1,166,Makassar,liver,atɛ,1,0,0,0,0,0,0.02,0.027,0.021,coded & no profile,0.333,Banggai (W.dialect),ate,,,
166-18_breast-1,166,Makassar,breast,susu,1,0,0,0,0,0,0.069,0.055,0.083,coded & no profile,0.0,Banggai (W.dialect),susu,,,
166-18_breast-2,166,Makassar,breast,barambaŋ,1,0,0,0,0,0,0.381,0.504,0.189,coded & no profile,0.8,Buol,meme,,,
166-19_shoulder-1,166,Makassar,shoulder,salaŋga,1,0,0,0,0,0,0.288,0.246,0.262,coded & no profile,0.0,Wolio,salaŋga,,,
166-20_toknowbeknowledgeable-1,166,Makassar,"to know, be knowledgeable",issɛŋ,31,0,0,0,0,0,0.361,0.525,0.34,coded & no profile,0.2,Buginese (Soppeng Dialect),issəŋ,,,
166-21_tothink-1,166,Makassar,to think,ammikkiriʔ,,1,1,0,0,0,0.946,0.929,0.503,candidate & profile,0.167,Popalia,ɸikiri,,,
166-22_tofear-1,166,Makassar,to fear,mallaʔ,,0,1,1,0,0,0.805,0.821,0.784,candidate & profile,0.4,Popalia,maʔaka,,,
166-23_blood-1,166,Makassar,blood,cɛraʔ,1?,0,0,0,0,0,0.102,0.105,0.06,coded & no profile,0.333,Buginese (Soppeng Dialect),dara,,,
166-24_head-1,166,Makassar,head,ulu,1,0,0,0,0,0,0.134,0.085,0.137,coded & no profile,0.0,Banggai (W.dialect),ulu,,,
166-25_neck-1,166,Makassar,neck,kalloŋ,76,0,0,0,0,0,0.38,0.465,0.455,coded & no profile,0.0,Buginese (Soppeng Dialect),əlloŋ,,,
166-26_hair-1,166,Makassar,hair,uʔ,1,0,0,0,0,0,0.041,0.048,0.038,coded & no profile,,,,,,
166-27_nose-1,166,Makassar,nose,kaʔmuru,,0,1,1,0,0,0.505,0.388,0.796,candidate & profile,0.333,Kodeoha,ŋusu,,,
166-28_tobreathe-1,166,Makassar,to breathe,aʔmaiʔ,,0,1,1,0,0,0.674,0.795,0.493,candidate & profile,0.25,Soboyo,hamac,,,
166-29_tosniffsmell-1,166,Makassar,"to sniff, smell",aŋŋaraʔ,,0,1,1,0,0,0.771,0.782,0.701,candidate & profile,0.571,Buginese (Soppeng Dialect),maŋ-əmmau,,,
166-30_mouth-1,166,Makassar,mouth,bawa,1,0,0,0,0,0,0.14,0.082,0.186,coded & no profile,0.0,Buginese (Soppeng Dialect),bawa,,,
166-31_tooth-1,166,Makassar,tooth,gigi,17,0,0,0,0,0,0.08,0.051,0.122,coded & no profile,0.25,Tolaki,ngisi,,,
166-32_tongue-1,166,Makassar,tongue,lila,4,0,0,0,0,0,0.105,0.07,0.124,coded & no profile,0.0,Bantik,dila,,,
166-33_tolaugh-1,166,Makassar,to laugh,ammakkalaʔ,,0,1,1,0,0,0.636,0.691,0.381,candidate & profile,0.429,Buginese (Soppeng Dialect),macawa,,,
166-34_tocry-1,166,Makassar,to cry,aŋŋarruʔ,,0,1,1,0,0,0.335,0.353,0.276,candidate & no profile,0.5,Buginese (Soppeng Dialect),tarii,,,
166-35_tovomit-1,166,Makassar,to vomit,laŋŋɛ,,0,1,1,0,0,0.635,0.594,0.617,candidate & profile,0.667,Mori,kolua-lua,,,
166-35_tovomit-2,166,Makassar,to vomit,taʔlaŋŋɛ,,0,1,1,0,0,0.691,0.672,0.776,candidate & profile,0.571,Buginese (Soppeng Dialect),tal-lua,,,
166-36_tospit-1,166,Makassar,to spit,appiʔru,,0,1,1,0,0,0.854,0.817,0.662,candidate & profile,0.333,Soboyo,takilu,,,
166-37_toeat-1,166,Makassar,to eat,aŋŋanrɛ,1?,0,0,0,0,0,0.484,0.454,0.192,coded & no profile,0.25,Buginese (Soppeng Dialect),manre,,,
166-38_tochew-1,166,Makassar,to chew,añcaʔma,,0,1,1,0,0,0.866,0.854,0.662,candidate & profile,0.0,Bantik,mama,,,
166-39_tocook-1,166,Makassar,to cook,appallu,,0,1,1,0,0,0.494,0.472,0.144,candidate & no profile,0.5,Mori,monahu,,,
166-40_todrink-1,166,Makassar,to drink,aŋŋinuŋ,1,0,0,0,0,0,0.291,0.384,0.361,coded & no profile,0.0,Bantik,inuŋ,,,
166-41_tobite-1,166,Makassar,to bite,aŋŋokkoʔ,"1,32",0,0,0,0,0,0.613,0.629,0.276,coded & profile,0.2,Buginese (Soppeng Dialect),mak-kokko,,,
166-42_tosuck-1,166,Makassar,to suck,aŋisoʔ,1,0,0,0,0,0,0.23,0.175,0.262,coded & no profile,0.0,Buginese (Soppeng Dialect),maŋ-iso,,,
166-43_ear-1,166,Makassar,ear,toli,12,0,0,0,0,0,0.068,0.06,0.075,coded & no profile,0.25,Popalia,tuli,,,
166-44_tohear-1,166,Makassar,to hear,allaŋŋɛrɛʔ,1,0,0,0,0,0,0.767,0.815,0.395,coded & profile,0.667,Wolio,raŋo,,,
166-45_eye-1,166,Makassar,eye,mata,1,0,0,0,0,0,0.043,0.034,0.039,coded & no profile,0.0,Banggai (W.dialect),mata,,,
166-46_tosee-1,166,Makassar,to see,acciniʔ,,0,1,0,1,0,0.227,0.28,0.435,candidate & no profile,0.333,Tolaki,ki'ii,,,
166-47_toyawn-1,166,Makassar,to yawn,aʔlaulau,,0,1,1,0,0,0.773,0.831,0.811,candidate & profile,0.4,Gorontalo (Hulondalo),mo-huwabu,,,
166-48_tosleep-1,166,Makassar,to sleep,attinro,25,0,0,0,0,0,0.438,0.463,0.127,coded & no profile,0.0,Buginese (Soppeng Dialect),ma-tinro,,,
166-49_toliedown-1,166,Makassar,to lie down,anraʔba,107,0,0,0,0,0,0.507,0.501,0.539,coded & profile,0.5,Tae' (S.Toraja),mammaʔ,,,
166-50_todream-1,166,Makassar,to dream,assoʔna,,0,1,1,0,0,0.87,0.855,0.662,candidate & profile,0.5,Banggai (W.dialect),ulumon,,,
166-51_tosit-1,166,Makassar,to sit,ammempo,,0,1,0,1,0,0.383,0.387,0.144,candidate & no profile,0.0,Tonsea,mempo',,,
166-52_tostand-1,166,Makassar,to stand,ammenteŋ,,0,1,0,1,0,0.415,0.44,0.101,candidate & no profile,0.429,Mori,mentade,,,
166-53_personhumanbeing-1,166,Makassar,person/human being,tau,1,0,0,0,0,0,0.052,0.035,0.111,coded & no profile,0.0,Buginese (Soppeng Dialect),tau,,,
166-54_manmale-1,166,Makassar,man/male,buraʔne,1,0,0,0,0,0,0.131,0.092,0.568,coded & no profile,0.0,Banggai (W.dialect),malane,,,
166-55_womanfemale-1,166,Makassar,woman/female,bainɛ,"1,106",0,0,0,0,0,0.115,0.091,0.073,coded & no profile,0.2,Tae' (S.Toraja),baine,,,
166-56_child-1,166,Makassar,child,anaʔ,1,0,0,0,0,0,0.026,0.036,0.011,coded & no profile,0.0,Bantik,anaʔ,,,
166-57_husband-1,166,Makassar,husband,buraʔnɛ,44,0,0,0,0,0,0.15,0.11,0.568,coded & no profile,0.333,Tae' (S.Toraja),muane,,,
166-58_wife-1,166,Makassar,wife,baine,5,0,0,0,0,0,0.104,0.08,0.073,coded & no profile,0.0,Mori,beine,,,
166-59_mother-1,166,Makassar,mother,ammaʔ,35,0,0,0,0,0,0.072,0.134,0.041,coded & no profile,0.25,Kambowa,ama,,,
166-60_father-1,166,Makassar,father,maŋgɛ,,0,1,1,0,0,0.321,0.294,0.437,candidate & no profile,0.4,Totoli,amang,,,
166-61_house-1,166,Makassar,house,ballaʔ,14,0,0,0,0,0,0.133,0.187,0.076,coded & no profile,0.333,Buginese (Soppeng Dialect),bola,,,
166-62_thatchroof-1,166,Makassar,thatch/roof,pattoŋkoʔ,,0,1,1,0,0,0.628,0.75,0.527,candidate & profile,0.4,Gorontalo (Hulondalo),watopo,,,
166-63_name-1,166,Makassar,name,areŋ,1,0,0,0,0,0,0.074,0.084,0.025,coded & no profile,0.25,Bantik,adeŋ,,,
166-64_tosay-1,166,Makassar,to say,aŋkana,,0,1,0,1,0,0.333,0.318,0.37,candidate & no profile,0.25,Tae' (S.Toraja),po-kada,,,
166-65_rope-1,166,Makassar,rope,otɛrɛʔ,,0,1,0,1,0,0.214,0.176,0.428,candidate & no profile,0.6,Bungku (Routa),koloro,,,
166-66_totieupfasten-1,166,Makassar,"to tie up, fasten",aññikkoʔ,,0,1,1,0,0,0.869,0.844,0.346,candidate & profile,0.5,Bantik,ikiʔ,,,
166-67_tosew-1,166,Makassar,to sew,anjaiʔ,2,0,0,0,0,0,0.257,0.318,0.519,coded & no profile,0.0,Buginese (Soppeng Dialect),maʔ-jai,,,
166-68_needle-1,166,Makassar,needle,jaruŋ,1,0,0,0,0,0,0.09,0.126,0.086,coded & no profile,0.0,Buginese (Soppeng Dialect),jaruŋ,,,
166-69_tohunt-1,166,Makassar,to hunt,andoaŋ,,0,1,1,0,0,0.177,0.255,0.282,candidate & no profile,0.5,Kambowa,nopoasu,,,
166-70_toshoot-1,166,Makassar,to shoot,annembaʔ,49,0,0,0,0,0,0.39,0.25,0.105,coded & no profile,0.0,Wuna,netemba,,,
166-71_tostabpierce-1,166,Makassar,"to stab, pierce",annoboʔ,,0,1,1,0,0,0.827,0.823,0.567,candidate & profile,0.0,Muna (Katobu-Tongkuno Dialect),aetobo,,,
166-72_tohit-1,166,Makassar,to hit,annunruŋ,,0,1,0,1,0,0.422,0.445,0.101,candidate & no profile,0.5,Mori,montunduhi,,,
166-73_tosteal-1,166,Makassar,to steal,allukka,,0,1,0,1,0,0.308,0.325,0.127,candidate & no profile,0.6,Popalia,homonaka,,,
166-74_tokill-1,166,Makassar,to kill,ambuno,1,0,0,0,0,0,0.289,0.358,0.289,coded & no profile,0.0,Bantik,buno,,,
166-75_todiebedead-1,166,Makassar,"to die, be dead",matɛ,1,0,0,0,0,0,0.268,0.159,0.179,coded & no profile,0.25,Banggai (W.dialect),mate,,,
166-76_tolivebealive-1,166,Makassar,"to live, be alive",tallasaʔ,,0,1,1,0,0,0.698,0.723,0.589,candidate & profile,0.25,Tolaki,laa,,,
166-77_toscratch-1,166,Makassar,to scratch,aŋkaŋkaŋ,26,0,0,0,0,0,0.732,0.726,0.171,coded & profile,0.167,Buginese (Soppeng Dialect),mak-kakkaŋ,,,
166-78_tocuthack-1,166,Makassar,"to cut, hack",ammoloŋ,49,0,0,0,0,0,0.288,0.367,0.269,coded & no profile,0.0,Buol,moŋoloŋ,,,
166-79_stickwood-1,166,Makassar,stick/wood,kayu,1,0,0,0,0,0,0.156,0.2,0.146,coded & no profile,0.0,Bantik,kayu,,,
166-80_tosplit-1,166,Makassar,to split,ammuɛ,,0,1,1,0,0,0.293,0.396,0.332,candidate & no profile,0.571,Gorontalo (Hulondalo),mo-mutaʔe,,,
166-81_sharp-1,166,Makassar,sharp,taraŋ,1,0,0,0,0,0,0.1,0.161,0.083,coded & no profile,0.2,Buginese (Soppeng Dialect),ma-tarəŋ,,,
166-82_dullblunt-1,166,Makassar,"dull, blunt",pokkoloʔ,,0,1,1,0,0,0.797,0.854,0.735,candidate & profile,0.5,Bantik,tiŋkopeʔ,,,
166-83_towork-1,166,Makassar,to work,anjama,24,0,0,0,0,0,0.266,0.338,0.289,coded & no profile,0.0,Buginese (Soppeng Dialect),maʔ-jama,,,
166-84_toplant-1,166,Makassar,to plant,attanaŋ,2,0,0,0,0,0,0.268,0.318,0.269,coded & no profile,0.2,Buginese (Soppeng Dialect),tanəŋ,,,
166-85_tochoose-1,166,Makassar,to choose,ammilɛ,1,0,0,0,0,0,0.229,0.34,0.261,coded & no profile,0.25,Kaidipang,momili,,,
166-86_togrow-1,166,Makassar,to grow,attimbo,,0,1,1,0,0,0.35,0.359,0.144,candidate & no profile,0.25,Totoli,sumbo,,,
166-87_toswell-1,166,Makassar,to swell,kambaŋ,20,0,0,0,0,0,0.402,0.516,0.365,coded & no profile,0.0,Tae' (S.Toraja),kambaŋ,,,
166-88_tosqueeze-1,166,Makassar,to squeeze,ammaccoʔ,,0,1,1,0,0,0.447,0.492,0.185,candidate & no profile,0.4,Andio,momaoʔ,,,
166-89_tohold-1,166,Makassar,to hold,annaʔgalaʔ,,0,1,0,1,0,0.713,0.77,0.381,candidate & profile,0.5,Muna (Katobu-Tongkuno Dialect),aeintara,,,
166-90_todig-1,166,Makassar,to dig,aŋŋɛkɛ,,0,1,1,0,0,0.333,0.323,0.37,candidate & no profile,0.6,Kulisusu,moŋkeke,,,
166-91_tobuy-1,166,Makassar,to buy,ammalli,1,0,0,0,0,0,0.417,0.455,0.127,coded & no profile,0.0,Tae' (S.Toraja),alli,,,
166-92_toopenuncover-1,166,Makassar,"to open, uncover",aññuŋkɛ,,0,1,1,0,0,0.354,0.374,0.144,candidate & no profile,0.25,Uma (Kantewu dialect),huŋkaʔ,,,
166-93_topoundbeat-1,166,Makassar,"to pound, beat",annumbuʔ,9,0,0,0,0,0,0.608,0.584,0.246,coded & profile,0.0,Muna (Katobu-Tongkuno Dialect),aetumbu,,,
166-94_tothrow-1,166,Makassar,to throw,aññambila,,0,1,1,0,0,0.387,0.491,0.086,candidate & no profile,0.5,Tontemboan,maʔwankil,,,
166-95_tofall-1,166,Makassar,to fall,tuʔguruʔ,,0,1,1,0,0,0.656,0.674,0.542,candidate & profile,0.333,Bolaang Mongondow,duduʔ,,,
166-96_dog-1,166,Makassar,dog,koŋkoŋ,,0,1,1,0,0,0.208,0.311,0.324,candidate & no profile,0.5,Bolaang Mongondow,uŋkuʔ,,,
166-97_bird-1,166,Makassar,bird,jaŋanɟaŋaŋ,,0,1,1,0,0,0.432,0.475,0.348,candidate & no profile,0.571,Bolaang Mongondow,lagapan,,,
166-98_egg-1,166,Makassar,egg,bayâo,,0,1,1,0,0,0.165,0.09,0.185,candidate & no profile,0.5,Tae' (S.Toraja),talloʔ,,,
166-99_feather-1,166,Makassar,feather,bulu,1,0,0,0,0,0,0.133,0.097,0.186,coded & no profile,0.0,Banggai (W.dialect),bulu,,,
166-100_wing-1,166,Makassar,wing,kaʔñiʔ,,0,1,1,0,0,0.273,0.324,0.466,candidate & no profile,0.25,Popalia,kapi,,,
166-101_tofly-1,166,Makassar,to fly,anriʔba,1?,0,0,0,0,0,0.529,0.567,0.539,coded & profile,0.5,Tae' (S.Toraja),tiaʔ,,,
166-102_rat-1,166,Makassar,rat,balao,1,0,0,0,0,0,0.116,0.086,0.073,coded & no profile,0.0,Tae' (S.Toraja),balao,,,
166-103_meatflesh-1,166,Makassar,meat/flesh,assi,31,0,0,0,0,0,0.036,0.046,0.033,coded & no profile,0.0,Tae' (S.Toraja),issi,,,
166-104_fatgrease-1,166,Makassar,fat/grease,jamɛʔjamɛʔ,2,0,0,0,0,0,0.767,0.846,0.453,coded & profile,0.571,Buol,lamak,,,
166-105_tail-1,166,Makassar,tail,iŋkoŋ,1,0,0,0,0,0,0.145,0.168,0.117,coded & no profile,0.4,Buginese (Soppeng Dialect),ikkoʔ,,,
166-106_snake-1,166,Makassar,snake,ularaʔ,2,0,0,0,0,0,0.483,0.303,0.428,coded & no profile,0.333,Tonsea,sawa,,,
166-107_wormearthworm-1,166,Makassar,worm (earthworm),gallaŋgallaŋ,15,0,0,0,0,0,0.747,0.829,0.557,coded & profile,0.222,Lasalimu,ŋgalaŋgala,,,
166-108_louse-1,166,Makassar,louse,kutu,1,0,0,0,0,0,0.165,0.186,0.14,coded & no profile,0.0,Bantik,kutu,,,
166-109_mosquito-1,166,Makassar,mosquito,lamuʔ,1,0,0,0,0,0,0.126,0.162,0.029,coded & no profile,0.2,Gorontalo (Hulondalo),lamuʔo,,,
166-110_spider-1,166,Makassar,spider,labalaba,1,0,0,0,0,0,0.062,0.031,0.074,coded & no profile,0.2,Buginese (Soppeng Dialect),lawa-lawa,,,
166-111_fish-1,166,Makassar,fish,jukuʔ,,0,1,1,0,0,0.07,0.088,0.029,candidate & no profile,0.333,Uma (Kantewu dialect),uru,,,
166-112_rotten-1,166,Makassar,rotten,bottoʔ,,0,1,1,0,0,0.171,0.317,0.075,candidate & no profile,0.333,Wolio,mabuto,,,
166-113_branch-1,166,Makassar,branch,taŋkɛ,10,0,0,0,0,0,0.092,0.054,0.109,coded & no profile,0.2,Tae' (S.Toraja),taŋke,,,
166-114_leaf-1,166,Makassar,leaf,lɛkoʔ,,0,1,1,0,0,0.144,0.169,0.042,candidate & no profile,0.667,Gorontalo (Hulondalo),duuŋo,,,
166-115_root-1,166,Makassar,root,akaʔ,2,0,0,0,0,0,0.09,0.079,0.024,coded & no profile,0.0,Muna (Katobu-Tongkuno Dialect),paraka,,,
166-116_flower-1,166,Makassar,flower,buŋa,1,0,0,0,0,0,0.084,0.057,0.106,coded & no profile,0.0,Banggai (W.dialect),buŋa,,,
166-117_fruit-1,166,Makassar,fruit,rapporappo,,0,1,1,0,0,0.41,0.457,0.456,candidate & no profile,0.667,Kaidipang,bua-buahaŋo,,,
166-118_grass-1,166,Makassar,grass,rukuʔ,2,0,0,0,0,0,0.18,0.258,0.042,coded & no profile,0.0,Bantik,dukuʔ,,,
166-119_earthsoil-1,166,Makassar,earth/soil,butta,27,0,0,0,0,0,0.15,0.167,0.141,coded & no profile,0.2,Bolaang Mongondow,butaʔ,,,
166-120_stone-1,166,Makassar,stone,batu,1,0,0,0,0,0,0.094,0.064,0.134,coded & no profile,0.0,Banggai (W.dialect),batu,,,
166-121_sand-1,166,Makassar,sand,kassiʔ,24,0,0,0,0,0,0.323,0.536,0.18,coded & no profile,0.0,Buginese (Soppeng Dialect),kəssiʔ,,,
166-122_water-1,166,Makassar,water,jeʔneʔ,,0,1,1,0,0,0.282,0.355,0.121,candidate & no profile,0.5,Popalia,teʔe,,,
166-123_toflow-1,166,Makassar,to flow,assoloŋ,23,0,0,0,0,0,0.254,0.344,0.269,coded & no profile,0.0,Tae' (S.Toraja),loloŋ,,,
166-124_sea-1,166,Makassar,sea,tamparaŋ,,0,1,1,0,0,0.308,0.407,0.277,candidate & no profile,0.5,Kaidipang,borʔaŋo,,,
166-125_salt-1,166,Makassar,salt,cɛʔla,,0,1,1,0,0,0.345,0.272,0.157,candidate & no profile,0.667,Muna (Katobu-Tongkuno Dialect),ghohia,,,
166-126_lake-1,166,Makassar,lake,balaŋ,25,0,0,0,0,0,0.04,0.06,0.031,coded & no profile,0.4,Popalia,talaga,,,
166-127_woodsforest-1,166,Makassar,woods/forest,romaŋ,38,0,0,0,0,0,0.083,0.129,0.047,coded & no profile,0.25,Tolaki,ahoma,,,
166-128_sky-1,166,Makassar,sky,laŋiʔ,1,0,0,0,0,0,0.157,0.195,0.044,coded & no profile,0.0,Bantik,laŋiʔ,,,
166-129_moon-1,166,Makassar,moon,bulaŋ,1,0,0,0,0,0,0.034,0.057,0.031,coded & no profile,0.0,Bantik,bulaŋ,,,
166-130_star-1,166,Makassar,star,bintoɛŋ,1,0,0,0,0,0,0.146,0.174,0.121,coded & no profile,0.286,Tae' (S.Toraja),bintoën,,,
166-131_cloud-1,166,Makassar,cloud,rammaŋ,,0,1,0,1,0,0.169,0.263,0.153,candidate & no profile,0.4,Tontemboan,kambuŋ,,,
166-132_fog-1,166,Makassar,fog,saliu,,0,1,1,0,0,0.699,0.476,0.762,candidate & profile,0.167,Buginese (Soppeng Dialect),saliwu,,,
166-133_rain-1,166,Makassar,rain,bosi,15,0,0,0,0,0,0.09,0.065,0.134,coded & no profile,0.0,Buginese (Soppeng Dialect),bosi,,,
166-134_thunder-1,166,Makassar,thunder,gunturuʔ,30,0,0,0,0,0,0.618,0.653,0.396,coded & profile,0.143,Kaidipang,gunturʔo,,,
166-135_lightning-1,166,Makassar,lightning,killaʔ,1,0,0,0,0,0,0.287,0.473,0.148,coded & no profile,0.2,Bantik,kilaʔ,,,
166-136_wind-1,166,Makassar,wind,aŋiŋ,1,0,0,0,0,0,0.117,0.097,0.031,coded & no profile,0.0,Buginese (Soppeng Dialect),aŋiŋ,,,
166-137_toblow-1,166,Makassar,to blow,annuiʔ,1,0,0,0,1,0,0.42,0.503,0.424,coded & no profile,0.333,Bare'e,me-wui,,,
166-138_warm-1,166,Makassar,warm,bambaŋ,,0,1,1,0,0,0.332,0.268,0.22,candidate & no profile,0.6,Muna (Katobu-Tongkuno Dialect),nopana,,,
166-139_cold-1,166,Makassar,cold,diŋiŋ,1,0,0,0,0,0,0.125,0.163,0.057,coded & no profile,0.25,Bungku (Routa),moriŋi,,,
166-140_dry-1,166,Makassar,dry,kalotoroʔ,,0,1,1,0,0,0.531,0.642,0.658,candidate & profile,0.6,Banggai (W.dialect),moyon,,,
166-141_wet-1,166,Makassar,wet,basa,1,0,0,0,0,0,0.22,0.157,0.313,coded & no profile,0.0,Ponosakan,mowasa',,,
166-142_heavy-1,166,Makassar,heavy,battalaʔ,1?,0,0,0,1,0,0.287,0.46,0.245,coded & no profile,0.5,Buginese (Soppeng Dialect),ma-tanəʔ,,,
166-143_fire-1,166,Makassar,fire,pɛpɛʔ,,0,1,1,0,0,0.202,0.341,0.059,candidate & no profile,0.667,Mori,api,,,
166-144_toburn-1,166,Makassar,to burn,antunu,1,0,0,0,0,0,0.282,0.384,0.289,coded & no profile,0.0,Muna (Katobu-Tongkuno Dialect),aetunu,,,
166-145_smoke-1,166,Makassar,smoke,rumbu,25,0,0,0,0,0,0.232,0.278,0.161,coded & no profile,0.0,Wolio,ombu,,,
166-146_ashes-1,166,Makassar,ashes,awu,1,0,0,0,0,0,0.063,0.046,0.046,coded & no profile,0.0,Mori,awu,,,
166-147_black-1,166,Makassar,black,lɛʔlɛŋ,,0,1,1,0,0,0.326,0.416,0.287,candidate & no profile,0.6,Buginese (Soppeng Dialect),ma-lotoŋ,,,
166-148_white-1,166,Makassar,white,kɛboʔ,,0,1,1,0,0,0.108,0.17,0.111,candidate & no profile,0.5,Tontemboan,kuloʔ,,,
166-149_red-1,166,Makassar,red,ɛja,,0,1,0,1,0,0.232,0.12,0.386,candidate & no profile,0.667,Banggai (W.dialect),[me]mela,,,
166-150_yellow-1,166,Makassar,yellow,kuŋ̃iʔ,1,0,0,0,0,0,0.436,0.576,0.299,coded & no profile,0.4,Muna (Katobu-Tongkuno Dialect),kuni,,,
166-151_green-1,166,Makassar,green,moncoŋ bulo,,0,1,1,0,0,0.785,0.807,0.721,candidate & profile,0.5,Mori,molowula,,,
166-152_small-1,166,Makassar,small,caʔdi,,0,1,1,0,0,0.396,0.371,0.175,candidate & no profile,0.333,Bare'e,kodi,,,
166-153_big-1,166,Makassar,big,lompo,,0,1,1,0,0,0.246,0.268,0.149,candidate & no profile,0.5,Gorontalo (Hulondalo),damaŋo,,,
166-154_short-1,166,Makassar,short,bodo,9,0,0,0,0,0,0.2,0.133,0.313,coded & no profile,0.0,Tomini (Tialo),akodoʔ,,,
166-155_long-1,166,Makassar,long,laʔbu,1,0,0,0,0,0,0.648,0.476,0.175,coded & profile,0.333,Tonsea,dabo,,,
166-156_thin-1,166,Makassar,thin,nipisiʔ,1,0,0,0,0,0,0.368,0.417,0.309,coded & no profile,0.0,Bantik,nípisiʔ,,,
166-157_thick-1,166,Makassar,thick,kapalaʔ,1,0,0,0,0,0,0.563,0.714,0.602,coded & profile,0.0,Bantik,kapala,,,
166-158_narrow-1,166,Makassar,narrow,ecereʔ,,0,1,1,0,0,0.499,0.365,0.464,candidate & no profile,0.333,Muna (Katobu-Tongkuno Dialect),noseke,,,
166-159_wide-1,166,Makassar,wide,luaraʔ,1,0,0,0,0,0,0.649,0.509,0.464,coded & profile,0.333,Muna (Katobu-Tongkuno Dialect),noware,,,
166-160_painfulsick-1,166,Makassar,"painful, sick",garriŋ,29,0,0,0,0,0,0.436,0.517,0.19,coded & no profile,0.6,Banggai (W.dialect),ma-sakit,,,
166-161_shyashamed-1,166,Makassar,"shy, ashamed",siriʔ,19,0,0,0,0,0,0.374,0.341,0.27,coded & no profile,0.0,Buginese (Soppeng Dialect),siriʔ,,,
166-162_old-1,166,Makassar,old,toa,1,0,0,0,0,0,0.205,0.159,0.203,coded & no profile,0.0,Buginese (Soppeng Dialect),ma-toa,,,
166-163_new-1,166,Makassar,new,bɛru,1,0,0,0,0,0,0.182,0.129,0.313,coded & no profile,0.25,Buginese (Soppeng Dialect),ma-baru,,,
166-164_good-1,166,Makassar,good,bajiʔ,33,0,0,0,0,0,0.058,0.111,0.022,coded & no profile,0.5,Tae' (S.Toraja),ma-pia,,,
166-165_badevil-1,166,Makassar,"bad, evil",kodi,,0,1,1,0,0,0.286,0.216,0.392,candidate & no profile,0.5,Banggai (W.dialect),lokis,,,
166-166_correcttrue-1,166,Makassar,"correct, true",tojeŋ,22,0,0,0,0,0,0.127,0.154,0.076,coded & no profile,0.4,Buginese (Soppeng Dialect),toŋəŋ,,,
166-167_night-1,166,Makassar,night,baŋŋi,1,0,0,0,0,0,0.179,0.127,0.167,coded & no profile,0.25,Tontemboan,waŋi,,,
166-168_day-1,166,Makassar,day,allo,"1,34",0,0,0,0,0,0.06,0.057,0.036,coded & no profile,0.0,Tae' (S.Toraja),allo,,,
166-169_year-1,166,Makassar,year,tauŋ,1,0,0,0,0,0,0.171,0.151,0.246,coded & no profile,0.0,Buginese (Soppeng Dialect),tauŋ,,,
166-170_when-1,166,Makassar,when?,siapanna,1?,0,0,0,0,0,0.359,0.48,0.202,coded & no profile,0.0,Buginese (Soppeng Dialect),uppanna,,,
166-170_when-2,166,Makassar,when?,riŋapanna,,0,1,1,0,0,0.459,0.461,0.288,candidate & no profile,0.167,Buginese (Soppeng Dialect),uppanna,,,
166-171_tohide-1,166,Makassar,to hide,accokko,15,0,0,0,0,0,0.46,0.483,0.127,coded & no profile,0.0,Popalia,okko,,,
166-172_toclimb-1,166,Makassar,to climb,naiʔ,1,0,0,0,0,0,0.362,0.375,0.458,coded & no profile,0.25,Buol,monaik,,,
166-173_at-1,166,Makassar,at,ri,20,0,0,0,0,0,0.057,0.052,0.041,coded & no profile,0.0,Buginese (Soppeng Dialect),ri,,,
166-174_ininside-1,166,Makassar,"in, inside",ilalaŋ,1,0,0,0,0,0,0.566,0.407,0.501,coded & profile,0.167,Banggai (W.dialect),doi laloŋ,,,
166-175_above-1,166,Makassar,above,iratɛ,1?,0,0,0,0,0,0.387,0.267,0.398,coded & no profile,0.5,Gorontalo (Hulondalo),to titaato,,,
166-176_below-1,166,Makassar,below,irawa,1,0,0,0,1,0,0.426,0.25,0.398,coded & no profile,0.0,Buginese (Soppeng Dialect),ri awa,,,
166-177_this-1,166,Makassar,this,annɛ,1,0,0,0,0,0,0.43,0.487,0.335,coded & no profile,0.5,Muna (Katobu-Tongkuno Dialect),aini,,,
166-178_that-1,166,Makassar,that,antu,16,0,0,0,0,0,0.59,0.548,0.515,coded & profile,0.25,Muna (Katobu-Tongkuno Dialect),aitu,,,
166-178_that-2,166,Makassar,that,añjo,,0,1,1,0,0,0.107,0.17,0.335,candidate & no profile,0.5,Buginese (Soppeng Dialect),ia-ro,,,
166-179_near-1,166,Makassar,near,ambani,1,0,0,0,0,0,0.445,0.437,0.503,coded & no profile,0.0,Banggai (W.dialect),lolani,,,
166-180_far-1,166,Makassar,far,bɛlla,29,0,0,0,0,0,0.471,0.566,0.553,coded & no profile,0.2,Popalia,mɛllai,,,
166-181_where-1,166,Makassar,where?,kɛmàɛ,,0,1,1,0,0,0.42,0.394,0.464,candidate & no profile,0.667,Popalia,umpa,,,
166-182_i-1,166,Makassar,I,inakkɛ,1?,0,0,0,0,0,0.331,0.295,0.326,coded & no profile,0.333,Tolaki,inaku,,,
166-183_thou-1,166,Makassar,thou,ikau,1,0,0,0,0,0,0.334,0.21,0.39,coded & no profile,0.0,Totoli,kau,,,
166-184_heshe-1,166,Makassar,he/she,iya,1,0,0,0,0,0,0.207,0.151,0.224,coded & no profile,0.0,Ponosakan,siya,,,
166-185_we-1,166,Makassar,we,(i)kattɛ,1,0,0,0,0,0,0.103,0.092,0.078,coded & no profile,0.6,Banggai (W.dialect),ikita,,,
166-185_we-2,166,Makassar,we,(i)kambe,"2, 69",0,0,0,0,0,0.225,0.14,0.171,coded & no profile,0.4,Banggai (W.dialect),ikami,,,
166-186_you-1,166,Makassar,you,ikau ŋasɛŋ,21,0,0,0,0,0,0.381,0.464,0.416,coded & no profile,0.556,Buginese (Soppeng Dialect),iko manəŋ,,,
166-187_they-1,166,Makassar,they,iya ŋasɛŋ,,0,1,1,0,0,0.25,0.285,0.274,candidate & no profile,0.5,Buginese (Soppeng Dialect),ia-manəŋ,,,
166-188_what-1,166,Makassar,what?,apa,1,0,0,0,0,0,0.036,0.054,0.038,coded & no profile,0.0,Bantik,apa,,,
166-189_who-1,166,Makassar,who?,inai,1,0,0,0,0,0,0.308,0.194,0.39,coded & no profile,0.0,Bungku,inai,,,
166-190_other-1,166,Makassar,other,maraɛŋ,,0,1,1,0,0,0.79,0.49,0.822,candidate & profile,0.333,Buginese (Soppeng Dialect),laiŋ,,,
166-191_all-1,166,Makassar,all,iya ŋasɛŋ,30,0,0,0,0,0,0.512,0.553,0.274,coded & profile,0.4,Tae' (S.Toraja),nasaŋ,,,
166-192_and-1,166,Makassar,and,na,2,0,0,0,0,0,0.063,0.068,0.046,coded & no profile,0.0,Buginese (Soppeng Dialect),na,,,
166-193_if-1,166,Makassar,if,punna,,0,1,1,0,0,0.605,0.738,0.699,candidate & profile,0.333,Totoli,ana,,,
166-194_how-1,166,Makassar,how?,antekamma,,0,1,1,0,0,0.495,0.606,0.151,candidate & no profile,0.444,Bungku,kanansema,,,
166-195_nonot-1,166,Makassar,"no, not",taɛna,,0,1,1,0,0,0.291,0.167,0.296,candidate & no profile,0.333,Muna (Katobu-Tongkuno Dialect),miina,,,
166-195_nonot-2,166,Makassar,"no, not",tɛna,,0,1,1,0,0,0.431,0.29,0.516,candidate & no profile,0.333,Muna (Katobu-Tongkuno Dialect),miina,,,
166-196_tocount-1,166,Makassar,to count,aŋŋituŋ,31,0,0,0,0,0,0.334,0.405,0.361,coded & no profile,0.5,Buginese (Soppeng Dialect),bilaŋ,,,
166-197_one-1,166,Makassar,One,sɛʔrɛ,"1, 84?",0,0,0,0,1,0.278,0.251,0.122,coded & no profile,0.75,Bantik,insauʔ,,,
166-198_two-1,166,Makassar,Two,rua,1,0,0,0,0,1,0.087,0.055,0.063,coded & no profile,0.0,Mori,orua,,,
166-199_three-1,166,Makassar,Three,tallu,1,0,0,0,0,1,0.141,0.207,0.104,coded & no profile,0.0,Buginese (Soppeng Dialect),təllu,,,
166-200_four-1,166,Makassar,Four,appaʔ,1,0,0,0,0,1,0.125,0.126,0.181,coded & no profile,0.0,Buginese (Soppeng Dialect),əppa,,,
166-201_five-1,166,Makassar,Five,lima,1,0,0,0,0,1,0.088,0.052,0.072,coded & no profile,0.0,Banggai (W.dialect),lima,,,
166-202_six-1,166,Makassar,Six,annaŋ,1,0,0,0,0,1,0.421,0.393,0.527,coded & no profile,0.2,Tae' (S.Toraja),annan,,,
166-203_seven-1,166,Makassar,Seven,tuju,4,0,0,0,0,1,0.161,0.123,0.128,coded & no profile,0.667,Banggai (W.dialect),pitu,,,
166-204_eight-1,166,Makassar,Eight,sagantuju,,0,1,1,0,1,0.7,0.702,0.722,candidate & profile,0.667,Banggai (W.dialect),alu,,,
166-205_nine-1,166,Makassar,Nine,salapaŋ,41,0,0,0,0,1,0.565,0.33,0.897,coded & profile,0.667,Buginese (Soppeng Dialect),asera,,,
166-206_ten-1,166,Makassar,Ten,sampulo,5,0,0,0,0,1,0.662,0.486,0.801,coded & profile,0.0,Mori,hopulo,,,
166-207_twenty-1,166,Makassar,Twenty,ruampulo,,0,1,1,0,1,0.711,0.449,0.842,candidate & profile,0.125,Bantik,Dua mpulro,,,
166-208_fifty-1,166,Makassar,Fifty,limampulo,,0,1,1,0,1,0.801,0.685,0.81,candidate & profile,0.111,Bantik,Lrima mpulro,,,
166-209_onehundred-1,166,Makassar,One Hundred,sibilaŋŋaŋ,,0,1,1,0,1,0.638,0.665,0.658,candidate & profile,0.7,Banggai (W.dialect),sakat,,,
166-210_onethousand-1,166,Makassar,One Thousand,sisaʔbu,,0,1,0,1,1,0.807,0.618,0.752,candidate & profile,0.0,Tae' (S.Toraja),saŋsaʔbu,,,
192-1_hand-1,192,Wolio,hand,lima,"1,64",0,0,0,0,0,0.112,0.096,0.124,coded & no profile,0.0,Banggai (W.dialect),lima,,,
192-2_left-1,192,Wolio,left,kuai,"1,42",0,0,0,0,0,0.111,0.044,0.279,coded & no profile,0.4,Bantik,kuihi,,,
192-3_right-1,192,Wolio,right,kaana,"1,73",0,0,0,0,0,0.101,0.099,0.105,coded & no profile,0.0,Muna (Katobu-Tongkuno Dialect),suana,,,
192-4_legfoot-1,192,Wolio,leg/foot,ae,1,0,0,0,0,0,0.015,0.011,0.013,coded & no profile,0.0,Kioko,aʔe,,,
192-5_towalk-1,192,Wolio,to walk,liŋka,20,0,0,0,0,0,0.67,0.715,0.539,coded & profile,0.0,Tae' (S.Toraja),liŋka,,,
192-6_roadpath-1,192,Wolio,road/path,dala,1,0,0,0,0,0,0.156,0.173,0.148,coded & no profile,0.0,Mori,sala,,,
192-7_tocome-1,192,Wolio,to come,mai,1,0,0,0,1,0,0.387,0.319,0.449,coded & no profile,0.0,Muna (Katobu-Tongkuno Dialect),amai,,,
192-7_tocome-2,192,Wolio,to come,kawa,,0,1,0,1,0,0.368,0.262,0.308,candidate & no profile,0.333,Mori,hawe,,,
192-7_tocome-3,192,Wolio,to come,umba,,0,1,0,1,0,0.496,0.477,0.339,candidate & no profile,0.0,Wasambua dialect of Cia-Cia,umba,,,
192-8_toturn-1,192,Wolio,to turn,lari,,0,1,1,0,0,0.406,0.379,0.409,candidate & no profile,0.333,Tolaki,putara,,,
192-8_toturn-2,192,Wolio,to turn,gili,70,0,0,0,0,0,0.414,0.411,0.409,coded & no profile,0.0,Bare'e,gili,,,
192-8_toturn-3,192,Wolio,to turn,beŋku,,0,1,1,0,0,0.519,0.609,0.405,candidate & profile,0.4,Tontemboan,meŋkor,,,
192-9_toswim-1,192,Wolio,to swim,poŋaŋo,1,0,0,0,0,0,0.565,0.514,0.754,coded & profile,0.0,Kodeoha,numaŋo,,,
192-10_dirty-1,192,Wolio,dirty,marombu,32,0,0,0,0,0,0.575,0.473,0.84,coded & profile,0.2,Bolaang Mongondow,mo-romuʔ,,,
192-10_dirty-2,192,Wolio,dirty,marewu,32,0,0,0,0,0,0.306,0.254,0.467,coded & no profile,0.333,Buol,molevu,,,
192-11_dust-1,192,Wolio,dust,ŋawu,1,0,0,0,0,0,0.084,0.141,0.077,coded & no profile,0.0,Mori,awu,,,
192-12_skin-1,192,Wolio,skin,kuli,1,0,0,0,0,0,0.171,0.129,0.147,coded & no profile,0.0,Muna (Katobu-Tongkuno Dialect),kuli,,,
192-13_back-1,192,Wolio,back,taliku,1,0,0,0,0,0,0.32,0.156,0.356,coded & no profile,0.0,Bare'e,taliku,,,
192-13_back-2,192,Wolio,back,toruku,1,0,0,0,0,0,0.25,0.148,0.304,coded & no profile,0.0,Kambowa,toruku,,,
192-14_belly-1,192,Wolio,belly,kompo,2,0,0,0,0,0,0.165,0.155,0.207,coded & no profile,0.0,Mori,kompo,,,
192-15_bone-1,192,Wolio,bone,buku,16,0,0,0,0,0,0.143,0.115,0.146,coded & no profile,0.0,Banggai (W.dialect),buku,,,
192-16_intestines-1,192,Wolio,intestines,ŋkaluŋkalu,,0,1,1,0,0,0.359,0.234,0.492,candidate & no profile,0.0,Kumbewaha,ŋkaluŋkalu,,,
192-17_liver-1,192,Wolio,liver,ate,1,0,0,0,0,0,0.017,0.029,0.017,coded & no profile,0.0,Banggai (W.dialect),ate,,,
192-18_breast-1,192,Wolio,breast,dudu,15,0,0,0,0,0,0.091,0.08,0.105,coded & no profile,0.333,Banggai (W.dialect),susu,,,
192-18_breast-2,192,Wolio,breast,susu,1,0,0,0,0,0,0.082,0.161,0.07,coded & no profile,0.0,Banggai (W.dialect),susu,,,
192-19_shoulder-1,192,Wolio,shoulder,awaa,1,0,0,0,0,0,0.18,0.091,0.34,coded & no profile,0.0,Bare'e,awaa,,,
192-19_shoulder-2,192,Wolio,shoulder,salaŋga,1,0,0,0,0,0,0.244,0.471,0.163,coded & no profile,0.0,Makassar,salaŋga,,,
192-20_toknowbeknowledgeable-1,192,Wolio,"to know, be knowledgeable",matau,1,0,0,0,0,0,0.5,0.394,0.731,coded & no profile,0.0,Kaidipang,motau,,,
192-21_tothink-1,192,Wolio,to think,fikiri,22?,1,0,0,0,0,0.289,0.334,0.267,coded & no profile,0.0,Popalia,ɸikiri,,,
192-22_tofear-1,192,Wolio,to fear,maeka,33,0,0,0,0,0,0.524,0.403,0.731,coded & profile,0.0,Bare'e,ma-eka,,,
192-23_blood-1,192,Wolio,blood,raa,1,0,0,0,0,0,0.129,0.129,0.127,coded & no profile,0.0,Andio,raaʔ,,,
192-24_head-1,192,Wolio,head,baa,,0,1,1,0,0,0.117,0.073,0.148,candidate & no profile,0.333,Tomini (Tialo),baʔi,,,
192-25_neck-1,192,Wolio,neck,boroko,77,0,0,0,0,0,0.344,0.244,0.311,coded & no profile,0.0,Tae' (S.Toraja),baroko,,,
192-26_hair-1,192,Wolio,hair,bulua,31,0,0,0,0,0,0.406,0.29,0.473,coded & no profile,0.25,Soboyo,ulu,,,
192-27_nose-1,192,Wolio,nose,aŋo,20,0,0,0,0,0,0.03,0.048,0.013,coded & no profile,0.333,Gorontalo (Hulondalo),wuliŋo,,,
192-28_tobreathe-1,192,Wolio,to breathe,poinuñca,,0,1,1,0,0,0.593,0.63,0.924,candidate & profile,0.429,Uma (Kantewu dialect),mo-ʔinohaʔ,,,
192-29_tosniffsmell-1,192,Wolio,"to sniff, smell",bou,103,0,0,0,0,0,0.201,0.291,0.348,coded & no profile,0.25,Buol,mokobou,,,
192-30_mouth-1,192,Wolio,mouth,muñcu,27,0,0,0,0,0,0.332,0.266,0.416,coded & no profile,0.5,Popalia,ŋusu,,,
192-31_tooth-1,192,Wolio,tooth,ŋiñci,24,0,0,0,0,0,0.241,0.233,0.22,coded & no profile,0.4,Mori,ŋisi,,,
192-32_tongue-1,192,Wolio,tongue,dela,4,0,0,0,0,0,0.108,0.09,0.124,coded & no profile,0.0,Muna (Katobu-Tongkuno Dialect),lela,,,
192-33_tolaugh-1,192,Wolio,to laugh,potawa,1,0,0,0,0,0,0.646,0.554,0.743,coded & profile,0.0,Buginese (Soppeng Dialect),macawa,,,
192-34_tocry-1,192,Wolio,to cry,taŋi,1,0,0,0,0,0,0.398,0.352,0.394,coded & no profile,0.0,Soboyo,daŋi,,,
192-35_tovomit-1,192,Wolio,to vomit,tolua,8,0,0,0,0,0,0.45,0.463,0.415,coded & no profile,0.0,Buginese (Soppeng Dialect),tal-lua,,,
192-36_tospit-1,192,Wolio,to spit,pewilu,6,0,0,0,0,0,0.581,0.462,0.59,coded & profile,0.0,Soboyo,takilu,,,
192-37_toeat-1,192,Wolio,to eat,kande,"1?,20",0,0,0,0,0,0.408,0.412,0.374,coded & no profile,0.0,Tae' (S.Toraja),k-um-ande,,,
192-38_tochew-1,192,Wolio,to chew,mama,1,0,0,0,0,0,0.116,0.131,0.114,coded & no profile,0.0,Bantik,mama,,,
192-38_tochew-2,192,Wolio,to chew,naŋku,,0,1,1,0,0,0.339,0.421,0.394,candidate & no profile,0.0,Kioko,nenaŋku,,,
192-38_tochew-3,192,Wolio,to chew,paŋa,,0,1,1,0,0,0.174,0.155,0.276,candidate & no profile,0.25,Uma (Kantewu dialect),kaŋiaʔ,,,
192-39_tocook-1,192,Wolio,to cook,nasu,3,0,0,0,0,0,0.18,0.227,0.196,coded & no profile,0.0,Buginese (Soppeng Dialect),man-nasu,,,
192-40_todrink-1,192,Wolio,to drink,sumpu,,0,1,1,0,0,0.591,0.688,0.335,candidate & profile,0.0,Kumbewaha,sumpu,,,
192-41_tobite-1,192,Wolio,to bite,bembaru,,0,1,1,0,0,0.333,0.401,0.227,candidate & no profile,0.5,Kodeoha,mogara,,,
192-41_tobite-2,192,Wolio,to bite,papaki,,0,1,1,0,0,0.548,0.455,0.688,candidate & profile,0.0,Wasambua dialect of Cia-Cia,papaki,,,
192-41_tobite-3,192,Wolio,to bite,tompa,,0,1,1,0,0,0.604,0.542,0.573,candidate & profile,0.333,Lasalimu,kurapa,,,
192-42_tosuck-1,192,Wolio,to suck,gomi,17,0,0,0,0,0,0.021,0.019,0.016,coded & no profile,0.0,Muna (Katobu-Tongkuno Dialect),aekomi,,,
192-43_ear-1,192,Wolio,ear,taliŋa,1,0,0,0,0,0,0.209,0.13,0.284,coded & no profile,0.0,Soboyo,taliŋa,,,
192-44_tohear-1,192,Wolio,to hear,raŋo,1,0,0,0,0,0,0.416,0.454,0.397,coded & no profile,0.25,Tae' (S.Toraja),raŋi,,,
192-45_eye-1,192,Wolio,eye,mata,1,0,0,0,0,0,0.051,0.04,0.073,coded & no profile,0.0,Banggai (W.dialect),mata,,,
192-46_tosee-1,192,Wolio,to see,kamata,,0,1,0,1,0,0.521,0.475,0.464,candidate & profile,0.333,Banggai (W.dialect),kita,,,
192-47_toyawn-1,192,Wolio,to yawn,pomea,,0,1,1,0,0,0.503,0.366,0.734,candidate & profile,0.25,Popalia,momaʔa,,,
192-48_tosleep-1,192,Wolio,to sleep,kole,,0,1,1,0,0,0.42,0.373,0.408,candidate & no profile,0.333,Banggai (W.dialect),moolo,,,
192-49_toliedown-1,192,Wolio,to lie down,dole,23,0,0,0,0,0,0.403,0.38,0.409,coded & no profile,0.0,Muna (Katobu-Tongkuno Dialect),aendole,,,
192-50_todream-1,192,Wolio,to dream,poŋipi,1,0,0,0,0,0,0.541,0.5,0.64,coded & profile,0.0,Mori,moʔipi,,,
192-51_tosit-1,192,Wolio,to sit,uncura,,0,1,0,1,0,0.496,0.515,0.339,candidate & no profile,0.0,Uma (Kantewu dialect),mo-hura,,,
192-51_tosit-2,192,Wolio,to sit,tootooro,1?,0,0,0,1,0,0.511,0.5,0.4,coded & profile,0.143,Wiau,kototoro,,,
192-52_tostand-1,192,Wolio,to stand,kabalebale,,0,1,0,1,0,0.478,0.39,0.613,candidate & no profile,0.571,Muna (Katobu-Tongkuno Dialect),aere,,,
192-53_personhumanbeing-1,192,Wolio,person/human being,mia,19,0,0,0,0,0,0.067,0.065,0.036,coded & no profile,0.0,Mori,mia,,,
192-54_manmale-1,192,Wolio,man/male,umane,1,0,0,0,0,0,0.386,0.381,0.437,coded & no profile,0.0,Banggai (W.dialect),malane,,,
192-55_womanfemale-1,192,Wolio,woman/female,bawine,"1,106",0,0,0,0,0,0.135,0.205,0.031,coded & no profile,0.0,Banggai (W.dialect),boʔine,,,
192-56_child-1,192,Wolio,child,ana,1,0,0,0,0,0,0.012,0.022,0.009,coded & no profile,0.0,Bantik,anaʔ,,,
192-57_husband-1,192,Wolio,husband,mañcuana [umane],1?,0,0,0,0,0,0.491,0.471,0.571,coded & no profile,0.375,Kulisusu,tamano ana,,,
192-58_wife-1,192,Wolio,wife,mañcuana [bawine],,0,1,1,0,0,0.393,0.348,0.571,candidate & no profile,0.571,Soboyo,coa fine,,,
192-59_mother-1,192,Wolio,mother,ina,1,0,0,0,0,0,0.071,0.089,0.047,coded & no profile,0.0,Banggai (W.dialect),tina,,,
192-60_father-1,192,Wolio,father,ama,1,0,0,0,0,0,0.01,0.023,0.009,coded & no profile,0.0,Banggai (W.dialect),tama,,,
192-61_house-1,192,Wolio,house,baaua,7,0,0,0,0,0,0.139,0.141,0.221,coded & no profile,0.2,Bare'e,banua,,,
192-62_thatchroof-1,192,Wolio,thatch/roof,pada,,0,1,1,0,0,0.056,0.042,0.053,candidate & no profile,0.25,Tae' (S.Toraja),papa,,,
192-63_name-1,192,Wolio,name,saro,,0,1,1,0,0,0.074,0.099,0.066,candidate & no profile,0.333,Tolaki,tamo,,,
192-64_tosay-1,192,Wolio,to say,pogau,24,0,0,0,1,0,0.865,0.77,0.83,coded & profile,0.0,Muna (Katobu-Tongkuno Dialect),apogau,,,
192-64_tosay-2,192,Wolio,to say,kooni,,0,1,0,1,0,0.651,0.626,0.731,candidate & profile,0.0,Koroni,koʔoni,,,
192-65_rope-1,192,Wolio,rope,rabuta,24,0,0,0,1,0,0.282,0.315,0.254,coded & no profile,0.0,Wuna,rabuta,,,
192-65_rope-2,192,Wolio,rope,puloli,,0,1,0,1,0,0.365,0.266,0.602,candidate & no profile,0.333,Bantik,tali,,,
192-66_totieupfasten-1,192,Wolio,"to tie up, fasten",boke,29,0,0,0,0,0,0.155,0.237,0.176,coded & no profile,0.0,Popalia,ɓoke,,,
192-67_tosew-1,192,Wolio,to sew,posorumba,,0,1,1,0,0,0.678,0.624,0.949,candidate & profile,0.0,Kambowa,nesorumba,,,
192-68_needle-1,192,Wolio,needle,sorumba,,0,1,1,0,0,0.273,0.401,0.273,candidate & no profile,0.0,Kambowa,sorumba,,,
192-70_toshoot-1,192,Wolio,to shoot,temba,49,0,0,0,0,0,0.111,0.064,0.059,coded & no profile,0.0,Wuna,netemba,,,
192-71_tostabpierce-1,192,Wolio,"to stab, pierce",toboki,24,0,0,0,0,0,0.268,0.25,0.284,coded & no profile,0.0,Kumbewaha,toɓoki,,,
192-71_tostabpierce-2,192,Wolio,"to stab, pierce",sula,24,0,0,0,0,0,0.25,0.373,0.164,coded & no profile,0.6,Banggai (W.dialect),suduk,,,
192-72_tohit-1,192,Wolio,to hit,bebe,,0,1,0,1,0,0.203,0.254,0.213,candidate & no profile,0.333,Wuna,fopepe,,,
192-72_tohit-2,192,Wolio,to hit,rambi,,0,1,0,1,0,0.616,0.607,0.539,candidate & profile,0.25,Tae' (S.Toraja),bamba,,,
192-73_tosteal-1,192,Wolio,to steal,manako,1,0,0,0,1,0,0.586,0.396,0.687,coded & profile,0.0,Kaidipang,monako,,,
192-74_tokill-1,192,Wolio,to kill,pekamate,2,0,0,0,0,0,0.787,0.765,0.875,coded & profile,0.0,Soboyo,kamate,,,
192-74_tokill-2,192,Wolio,to kill,poŋko,27,0,0,0,0,0,0.576,0.527,0.509,coded & profile,0.0,Wuna,fopoŋko,,,
192-75_todiebedead-1,192,Wolio,"to die, be dead",mate,1,0,0,0,0,0,0.224,0.201,0.282,coded & no profile,0.0,Banggai (W.dialect),mate,,,
192-76_tolivebealive-1,192,Wolio,"to live, be alive",dadi,18,0,0,0,0,0,0.418,0.45,0.409,coded & no profile,0.0,Muna (Katobu-Tongkuno Dialect),adadi,,,
192-77_toscratch-1,192,Wolio,to scratch,[kalau gatal] kau,1,0,0,0,0,0,0.447,0.46,0.488,coded & no profile,0.25,Mori,mekaru,,,
192-77_toscratch-2,192,Wolio,to scratch,kaŋkaru,,0,1,1,0,0,0.298,0.366,0.542,candidate & no profile,0.0,Mori,mekaru,,,
192-77_toscratch-3,192,Wolio,to scratch,karusi,44,0,0,0,0,0,0.353,0.419,0.354,coded & no profile,0.25,Kumbewaha,kusai,,,
192-78_tocuthack-1,192,Wolio,"to cut, hack",[kayu] ndamu,,0,1,1,0,0,0.64,0.624,0.539,candidate & profile,0.4,Wasambua dialect of Cia-Cia,kanda,,,
192-78_tocuthack-2,192,Wolio,"to cut, hack",laelae,,0,1,1,0,0,0.743,0.513,0.733,candidate & profile,0.5,Tolaki,pole,,,
192-79_stickwood-1,192,Wolio,stick/wood,kau,1,0,0,0,0,0,0.156,0.127,0.081,coded & no profile,0.0,Banggai (W.dialect),kau,,,
192-80_tosplit-1,192,Wolio,to split,weta,,0,1,1,0,0,0.389,0.357,0.409,candidate & no profile,0.0,Kambowa,neβeta,,,
192-81_sharp-1,192,Wolio,sharp,matada,36,0,0,0,0,0,0.422,0.238,0.623,coded & no profile,0.167,Bare'e,ma-taja,,,
192-82_dullblunt-1,192,Wolio,"dull, blunt",makundu,,0,1,1,0,0,0.48,0.318,0.865,candidate & no profile,0.0,Kulisusu,mokundu,,,
192-83_towork-1,192,Wolio,to work,karajaa,23,0,0,0,0,0,0.649,0.585,0.732,coded & profile,0.143,Kambowa,nokaradaa,,,
192-84_toplant-1,192,Wolio,to plant,pombula,1,0,0,0,0,0,0.775,0.686,0.925,coded & profile,0.0,Kulisusu,mombula,,,
192-85_tochoose-1,192,Wolio,to choose,pili,1,0,0,0,0,0,0.474,0.362,0.592,coded & no profile,0.0,Kaidipang,momili,,,
192-86_togrow-1,192,Wolio,to grow,tuwu,1,0,0,0,0,0,0.427,0.36,0.495,coded & no profile,0.0,Mori,tuwu,,,
192-87_toswell-1,192,Wolio,to swell,tente,,0,1,1,0,0,0.596,0.536,0.573,candidate & profile,0.0,Muna (Katobu-Tongkuno Dialect),notente,,,
192-87_toswell-2,192,Wolio,to swell,gende,,0,1,1,0,0,0.623,0.637,0.539,candidate & profile,0.25,Muna (Katobu-Tongkuno Dialect),notente,,,
192-87_toswell-3,192,Wolio,to swell,kamba,20,0,0,0,0,0,0.422,0.432,0.374,coded & no profile,0.0,Mori,kamba,,,
192-88_tosqueeze-1,192,Wolio,to squeeze,pisi,29,0,0,0,0,0,0.497,0.368,0.592,coded & no profile,0.0,Soboyo,pisiʔ,,,
192-88_tosqueeze-2,192,Wolio,to squeeze,pisiki,29,0,0,0,0,0,0.57,0.479,0.749,coded & profile,0.25,Buginese (Soppeng Dialect),tassipi,,,
192-89_tohold-1,192,Wolio,to hold,keni,,0,1,0,1,0,0.403,0.329,0.408,candidate & no profile,0.0,Kulisusu,moŋkeni,,,
192-90_todig-1,192,Wolio,to dig,seli,1,0,0,0,0,0,0.468,0.58,0.305,coded & no profile,0.0,Muna (Katobu-Tongkuno Dialect),ae|seli,,,
192-91_tobuy-1,192,Wolio,to buy,ali,1,0,0,0,0,0,0.076,0.23,0.086,coded & no profile,0.0,Gorontalo (Hulondalo),mo-tali,,,
192-92_toopenuncover-1,192,Wolio,"to open, uncover",buŋkale,1?,0,0,0,0,0,0.502,0.607,0.227,coded & profile,0.0,Kumbewaha,buŋkale,,,
192-93_topoundbeat-1,192,Wolio,"to pound, beat",purokoti,,0,1,1,0,0,0.555,0.442,0.875,candidate & profile,0.333,Wawonii (Menui),morodoki,,,
192-93_topoundbeat-2,192,Wolio,"to pound, beat",pasaki,,0,1,1,0,0,0.575,0.443,0.743,candidate & profile,0.5,Tolaki,moaliali,,,
192-94_tothrow-1,192,Wolio,to throw,tuda,1,0,0,0,0,0,0.388,0.377,0.495,coded & no profile,0.25,Kambowa,netuɗa,,,
192-94_tothrow-2,192,Wolio,to throw,banaka,,0,1,1,0,0,0.344,0.374,0.204,candidate & no profile,0.333,Bantik,páhadaʔ,,,
192-96_dog-1,192,Wolio,dog,mantoa,,0,1,1,0,0,0.68,0.477,0.816,candidate & profile,0.0,Kambowa,mantoa,,,
192-97_bird-1,192,Wolio,bird,manumanu,1,0,0,0,0,0,0.374,0.3,0.319,coded & no profile,0.0,Muna (Katobu-Tongkuno Dialect),manu-manu,,,
192-98_egg-1,192,Wolio,egg,ontolu,1,0,0,0,0,0,0.275,0.218,0.236,coded & no profile,0.0,Soboyo,tolu,,,
192-99_feather-1,192,Wolio,feather,bulu,1,0,0,0,0,0,0.152,0.127,0.146,coded & no profile,0.0,Banggai (W.dialect),bulu,,,
192-100_wing-1,192,Wolio,wing,pani,2,0,0,0,0,0,0.066,0.039,0.035,coded & no profile,0.0,Muna (Katobu-Tongkuno Dialect),pani,,,
192-101_tofly-1,192,Wolio,to fly,polaka,,0,1,1,0,0,0.556,0.402,0.743,candidate & profile,0.333,Wawonii,dumapa,,,
192-102_rat-1,192,Wolio,rat,bokoti,,0,1,1,0,0,0.056,0.081,0.031,candidate & no profile,0.0,Banggai (W.dialect),bukoti,,,
192-103_meatflesh-1,192,Wolio,meat/flesh,dagi,26,0,0,0,0,0,0.117,0.094,0.124,coded & no profile,0.0,Wuna,dagi,,,
192-104_fatgrease-1,192,Wolio,fat/grease,taba,23,0,0,0,0,0,0.109,0.077,0.175,coded & no profile,0.0,Mori,taba,,,
192-105_tail-1,192,Wolio,tail,lenci,,0,1,1,0,0,0.165,0.106,0.22,candidate & no profile,0.2,Kambowa,lensi,,,
192-106_snake-1,192,Wolio,snake,ulo,2,0,0,0,0,0,0.068,0.08,0.047,coded & no profile,0.0,Andio,ulo,,,
192-108_louse-1,192,Wolio,louse,kutu,1,0,0,0,0,0,0.143,0.179,0.11,coded & no profile,0.0,Bantik,kutu,,,
192-109_mosquito-1,192,Wolio,mosquito,buroto,23,0,0,0,0,0,0.131,0.21,0.031,coded & no profile,0.0,Muna (Katobu-Tongkuno Dialect),buroto,,,
192-109_mosquito-2,192,Wolio,mosquito,kawaowaode,,0,1,1,0,0,0.461,0.472,0.716,candidate & no profile,0.571,Kambowa,kotandu,,,
192-110_spider-1,192,Wolio,spider,lawalawa,1,0,0,0,0,0,0.058,0.067,0.035,coded & no profile,0.0,Buginese (Soppeng Dialect),lawa-lawa,,,
192-111_fish-1,192,Wolio,fish,ikane,1,0,0,0,0,0,0.433,0.378,0.437,coded & no profile,0.333,Buginese (Soppeng Dialect),bale,,,
192-111_fish-2,192,Wolio,fish,isa,1,0,0,0,0,0,0.075,0.079,0.047,coded & no profile,0.0,Wasambua dialect of Cia-Cia,isa,,,
192-112_rotten-1,192,Wolio,rotten,mabuto,36,0,0,0,0,0,0.222,0.183,0.461,coded & no profile,0.0,Lasalimu,mobuto,,,
192-113_branch-1,192,Wolio,branch,raha,1,0,0,0,0,0,0.033,0.027,0.016,coded & no profile,0.0,Kambowa,karaha,,,
192-113_branch-2,192,Wolio,branch,lae,1,0,0,0,0,0,0.017,0.022,0.008,coded & no profile,0.6,Buginese (Soppeng Dialect),takke,,,
192-114_leaf-1,192,Wolio,leaf,tawa,,0,1,1,0,0,0.154,0.09,0.206,candidate & no profile,0.0,Tolaki,tawa,,,
192-115_root-1,192,Wolio,root,kulese,,0,1,1,0,0,0.398,0.341,0.359,candidate & no profile,0.0,Wasambua dialect of Cia-Cia,kulese,,,
192-116_flower-1,192,Wolio,flower,kamba,21,0,0,0,0,0,0.256,0.232,0.249,coded & no profile,0.0,Taloki,kamba,,,
192-116_flower-2,192,Wolio,flower,buŋa,1,0,0,0,0,0,0.099,0.214,0.037,coded & no profile,0.0,Banggai (W.dialect),buŋa,,,
192-117_fruit-1,192,Wolio,fruit,bake,11,0,0,0,0,0,0.105,0.174,0.043,coded & no profile,0.0,Muna (Katobu-Tongkuno Dialect),bhake,,,
192-118_grass-1,192,Wolio,grass,rumpurumpu,27,0,0,0,0,0,0.652,0.754,0.526,coded & profile,0.429,Tontemboan,rumput,,,
192-119_earthsoil-1,192,Wolio,earth/soil,tana,1,0,0,0,0,0,0.179,0.187,0.206,coded & no profile,0.0,Bantik,tana,,,
192-120_stone-1,192,Wolio,stone,batu,1,0,0,0,0,0,0.1,0.196,0.043,coded & no profile,0.0,Banggai (W.dialect),batu,,,
192-121_sand-1,192,Wolio,sand,bone,2,0,0,0,0,0,0.109,0.186,0.043,coded & no profile,0.0,Banggai (W.dialect),bone,,,
192-122_water-1,192,Wolio,water,uwe,2?,0,0,0,0,0,0.265,0.336,0.159,coded & no profile,0.333,Buginese (Soppeng Dialect),uae,,,
192-123_toflow-1,192,Wolio,to flow,siwulu,,0,1,1,0,0,0.515,0.605,0.323,candidate & profile,0.0,Kumbewaha,βinulu,,,
192-124_sea-1,192,Wolio,sea,tawo,27,0,0,0,0,0,0.187,0.172,0.206,coded & no profile,0.333,Kaidipang,borʔaŋo,,,
192-124_sea-2,192,Wolio,sea,andala,,0,1,1,0,0,0.265,0.251,0.31,candidate & no profile,0.2,Kambowa,kundalo,,,
192-125_salt-1,192,Wolio,salt,gara,18,1,0,0,0,0,0.167,0.193,0.148,coded & no profile,0.0,Bungku (Landawe),gara,,,
192-126_lake-1,192,Wolio,lake,rano,1,0,0,0,0,0,0.162,0.175,0.148,coded & no profile,0.0,Mori,rano,,,
192-127_woodsforest-1,192,Wolio,woods/forest,koo,,0,1,1,0,0,0.284,0.238,0.222,candidate & no profile,0.5,Popalia,hoɸo,,,
192-128_sky-1,192,Wolio,sky,laiana,1?,0,0,0,0,0,0.6,0.542,0.649,coded & profile,0.167,Kioko,laiano,,,
192-128_sky-2,192,Wolio,sky,bula,,0,1,1,0,0,0.066,0.115,0.043,candidate & no profile,0.5,Buol,guluŋ,,,
192-129_moon-1,192,Wolio,moon,bula,1,0,0,0,0,0,0.113,0.187,0.043,coded & no profile,0.0,Muna (Katobu-Tongkuno Dialect),wula,,,
192-130_star-1,192,Wolio,star,kali[m]popo,20,0,0,0,0,0,0.557,0.61,0.381,coded & profile,0.0,Wuna,kalipopo,,,
192-131_cloud-1,192,Wolio,cloud,ta'ina ŋalu,,0,1,0,1,0,0.833,0.483,0.934,candidate & profile,0.429,Bantik,binaba,,,
192-132_fog-1,192,Wolio,fog,gawu,1,0,0,0,0,0,0.164,0.19,0.148,coded & no profile,0.0,Muna (Katobu-Tongkuno Dialect),gawu,,,
192-133_rain-1,192,Wolio,rain,wao,,0,1,1,0,0,0.16,0.202,0.159,candidate & no profile,0.5,Koroni,ɸaho,,,
192-134_thunder-1,192,Wolio,thunder,guntu,30,0,0,0,0,0,0.248,0.274,0.238,coded & no profile,0.0,Tae' (S.Toraja),guntuʔ,,,
192-135_lightning-1,192,Wolio,lightning,berese,,0,1,1,0,0,0.155,0.223,0.067,candidate & no profile,0.0,Lasalimu,ɓerese,,,
192-135_lightning-2,192,Wolio,lightning,kila,1,0,0,0,0,0,0.239,0.268,0.164,coded & no profile,0.0,Bantik,kilaʔ,,,
192-136_wind-1,192,Wolio,wind,ŋalu,5,0,0,0,0,0,0.123,0.183,0.124,coded & no profile,0.0,Koroni,ŋalu,,,
192-137_toblow-1,192,Wolio,to blow,towii,,0,1,0,1,0,0.335,0.299,0.415,candidate & no profile,0.333,Bare'e,me-wui,,,
192-138_warm-1,192,Wolio,warm,mapane,"1, 72",0,0,0,0,0,0.44,0.281,0.623,coded & no profile,0.0,Koroni,mopane,,,
192-138_warm-2,192,Wolio,warm,masodo,,0,1,1,0,0,0.395,0.213,0.623,candidate & no profile,0.333,Bungku (Routa),moβolo,,,
192-139_cold-1,192,Wolio,cold,magari,1?,0,0,0,0,0,0.424,0.267,0.623,coded & no profile,0.0,Lasalimu,mogari,,,
192-140_dry-1,192,Wolio,dry,matuu,,0,1,1,0,0,0.587,0.383,0.849,candidate & profile,0.0,Bare'e,tuʔu,,,
192-141_wet-1,192,Wolio,wet,mabaho,1,0,0,0,0,0,0.437,0.257,0.623,coded & no profile,0.0,Mori,mobaho,,,
192-142_heavy-1,192,Wolio,heavy,matamo,,0,1,0,1,0,0.398,0.221,0.623,candidate & no profile,0.167,Bare'e,ma-tomo,,,
192-143_fire-1,192,Wolio,fire,waa,,0,1,1,0,0,0.188,0.234,0.159,candidate & no profile,0.6,Tonsea,layas,,,
192-144_toburn-1,192,Wolio,to burn,maŋau,,0,1,1,0,0,0.649,0.416,0.763,candidate & profile,0.25,Soboyo,sinaŋa,,,
192-145_smoke-1,192,Wolio,smoke,ombu,13,0,0,0,0,0,0.181,0.21,0.127,coded & no profile,0.0,Makassar,rumbu,,,
192-146_ashes-1,192,Wolio,ashes,walo,,0,1,1,0,0,0.15,0.148,0.148,candidate & no profile,0.5,Gorontalo (Hulondalo),wahu,,,
192-146_ashes-2,192,Wolio,ashes,rapu,1,0,0,0,0,0,0.158,0.188,0.148,coded & no profile,0.333,Gorontalo (Hulondalo),wahu,,,
192-147_black-1,192,Wolio,black,maeta,1,0,0,0,0,0,0.672,0.511,0.849,coded & profile,0.0,Bare'e,ma-eta,,,
192-148_white-1,192,Wolio,white,maputi,1,0,0,0,0,0,0.437,0.267,0.623,coded & no profile,0.0,Tonsea,puti',,,
192-149_red-1,192,Wolio,red,male'i,1,0,0,0,1,0,0.92,0.708,0.923,coded & profile,0.0,Uma (Kantewu dialect),mo-lei,,,
192-150_yellow-1,192,Wolio,yellow,makuni,1,0,0,0,0,0,0.418,0.265,0.623,coded & no profile,0.0,Banggai (W.dialect),uni[w],,,
192-151_green-1,192,Wolio,green,maijo,25,0,0,0,0,0,0.632,0.454,0.849,coded & profile,0.2,Tae' (S.Toraja),ma-ido,,,
192-152_small-1,192,Wolio,small,maidiidii,1,0,0,0,0,0,0.625,0.524,0.667,coded & profile,0.333,Banggai (W.dialect),didik,,,
192-152_small-2,192,Wolio,small,makidikidi,1,0,0,0,0,0,0.728,0.624,0.728,coded & profile,0.286,Taloki,ikidi,,,
192-153_big-1,192,Wolio,big,maoge,,0,1,1,0,0,0.617,0.414,0.849,candidate & profile,0.0,Kambowa,noge,,,
192-153_big-2,192,Wolio,big,lewa,,0,1,1,0,0,0.23,0.25,0.243,candidate & no profile,0.333,Tonsea,sela,,,
192-154_short-1,192,Wolio,short,mampodo,1,0,0,0,0,0,0.588,0.443,0.865,coded & profile,0.0,Bungku,ompodo,,,
192-155_long-1,192,Wolio,long,malaŋa,31,0,0,0,0,0,0.518,0.294,0.645,coded & profile,0.0,Uma (Kantewu dialect),mo-laŋa,,,
192-155_long-2,192,Wolio,long,maarate,29,0,0,0,0,0,0.47,0.288,0.805,coded & no profile,0.0,Bare'e,ma-rate,,,
192-155_long-3,192,Wolio,long,marambe,30,0,0,0,0,0,0.615,0.468,0.865,coded & profile,0.25,Kaidipang,mohambé,,,
192-156_thin-1,192,Wolio,thin,manipi,1,0,0,0,0,0,0.446,0.274,0.623,coded & no profile,0.0,Banggai (W.dialect),nipi,,,
192-157_thick-1,192,Wolio,thick,makapa,1,0,0,0,0,0,0.434,0.283,0.623,coded & no profile,0.0,Muna (Katobu-Tongkuno Dialect),nokapa,,,
192-158_narrow-1,192,Wolio,narrow,maseke,21,0,0,0,0,0,0.427,0.278,0.623,coded & no profile,0.0,Muna (Katobu-Tongkuno Dialect),noseke,,,
192-159_wide-1,192,Wolio,wide,maewa,,0,1,1,0,0,0.594,0.424,0.849,candidate & profile,0.2,Wasambua dialect of Cia-Cia,maeva,,,
192-160_painfulsick-1,192,Wolio,"painful, sick",mapii,,0,1,1,0,0,0.599,0.41,0.849,candidate & profile,0.0,Kulisusu,mopii,,,
192-161_shyashamed-1,192,Wolio,"shy, ashamed",maea,1,0,0,0,0,0,0.67,0.313,0.904,coded & profile,0.0,Bare'e,maea,,,
192-162_old-1,192,Wolio,old,mancuana,,0,1,1,0,0,0.569,0.357,0.862,candidate & profile,0.125,Taloki,mansuana,,,
192-163_new-1,192,Wolio,new,baau,1,0,0,0,0,0,0.306,0.379,0.546,coded & no profile,0.25,Buginese (Soppeng Dialect),ma-baru,,,
192-164_good-1,192,Wolio,good,malape,,0,1,1,0,0,0.385,0.239,0.623,candidate & no profile,0.333,Tolaki (Konawe),momahe,,,
192-165_badevil-1,192,Wolio,"bad, evil",madaki,1?,0,0,0,0,0,0.416,0.248,0.623,coded & no profile,0.2,Tae' (S.Toraja),kadake,,,
192-166_correcttrue-1,192,Wolio,"correct, true",totuu,6,0,0,0,0,0,0.373,0.386,0.326,coded & no profile,0.0,Banggai (W.dialect),tuu,,,
192-167_night-1,192,Wolio,night,malo,25,0,0,0,0,0,0.114,0.105,0.075,coded & no profile,0.0,Muna (Katobu-Tongkuno Dialect),alo,,,
192-168_day-1,192,Wolio,day,eo,20,0,0,0,0,0,0.032,0.027,0.034,coded & no profile,0.0,Bare'e,eo,,,
192-169_year-1,192,Wolio,year,tao,1,0,0,0,0,0,0.065,0.06,0.055,coded & no profile,0.25,Bantik,taoŋ,,,
192-171_tohide-1,192,Wolio,to hide,opo,,0,1,1,0,0,0.509,0.457,0.58,candidate & profile,0.333,Muna (Katobu-Tongkuno Dialect),aekope,,,
192-171_tohide-2,192,Wolio,to hide,buniaka,1,0,0,0,0,0,0.365,0.413,0.374,coded & no profile,0.429,Bantik,buni,,,
192-172_toclimb-1,192,Wolio,to climb,pene,1,0,0,0,0,0,0.44,0.365,0.592,coded & no profile,0.0,Tomini (Tialo),peneʔ,,,
192-173_at-1,192,Wolio,at,i,1,0,0,0,0,0,0.04,0.073,0.039,coded & no profile,,,,,,
192-174_ininside-1,192,Wolio,"in, inside",[i] nuñca,,0,1,1,0,0,0.589,0.585,0.616,candidate & profile,0.6,Bantik,su huaŋ,,,
192-175_above-1,192,Wolio,above,[i] bawo,2,0,0,0,0,0,0.382,0.528,0.261,coded & no profile,0.0,Muna (Katobu-Tongkuno Dialect),te wawo,,,
192-176_below-1,192,Wolio,below,i tambe,,0,1,0,1,0,0.391,0.356,0.514,candidate & no profile,0.667,Gorontalo (Hulondalo),to tibawa,,,
192-177_this-1,192,Wolio,this,sii,,0,1,1,0,0,0.175,0.303,0.148,candidate & no profile,0.333,Bare'e,seʔe/seʔi,,,
192-178_that-1,192,Wolio,that,humai,,0,1,1,0,0,0.314,0.316,0.321,candidate & no profile,0.0,Tomini (Tialo),mai,,,
192-179_near-1,192,Wolio,near,makasu,,0,1,1,0,0,0.707,0.496,0.799,candidate & profile,0.333,Bare'e,mosu,,,
192-179_near-2,192,Wolio,near,marampi,25,0,0,0,0,0,0.872,0.757,0.958,coded & profile,0.0,Kumbewaha,motampi,,,
192-180_far-1,192,Wolio,far,marido,,0,1,1,0,0,0.704,0.517,0.799,candidate & profile,0.333,Kodeoha,meilo,,,
192-181_where-1,192,Wolio,where?,i apai,,0,1,1,0,0,0.339,0.256,0.317,candidate & no profile,0.2,Bungku (Waia),diapa,,,
192-182_i-1,192,Wolio,I,iaku,1,0,0,0,0,0,0.334,0.314,0.313,coded & no profile,0.0,Banggai (W.dialect),iaku,,,
192-183_thou-1,192,Wolio,thou,iŋkoo,1,0,0,0,0,0,0.36,0.443,0.211,coded & no profile,0.0,Banggai (W.dialect),ikoo,,,
192-184_heshe-1,192,Wolio,he/she,iñcia,1,0,0,0,0,0,0.355,0.424,0.291,coded & no profile,0.333,Tontemboan,sia,,,
192-185_we-1,192,Wolio,we,iŋkita,1,0,0,0,0,0,0.075,0.057,0.041,coded & no profile,0.0,Banggai (W.dialect),ikita,,,
192-185_we-2,192,Wolio,we,iŋkami,2,0,0,0,0,0,0.072,0.067,0.041,coded & no profile,0.0,Banggai (W.dialect),ikami,,,
192-186_you-1,192,Wolio,you,iŋkomiu,"1,13",0,0,0,0,0,0.339,0.391,0.207,coded & no profile,0.0,Mori,omiu,,,
192-187_they-1,192,Wolio,they,[maŋa] incia,,0,1,1,0,0,0.265,0.299,0.211,candidate & no profile,0.333,Bolaang Mongondow,mosia,,,
192-188_what-1,192,Wolio,what?,opea,"12?,1?",0,0,0,0,0,0.341,0.29,0.313,coded & no profile,0.25,Totoli,sopa,,,
192-189_who-1,192,Wolio,who?,incema,16,0,0,0,0,0,0.473,0.514,0.416,coded & no profile,0.0,Mori,isema,,,
192-190_other-1,192,Wolio,other,mosagaanana,,0,1,1,0,0,0.528,0.439,0.494,candidate & profile,0.333,Muna (Katobu-Tongkuno Dialect),sigaahano,,,
192-191_all-1,192,Wolio,all,baribaria,28,0,0,0,0,0,0.146,0.354,0.038,coded & no profile,0.111,Wuna,baribarie,,,
192-191_all-2,192,Wolio,all,maliŋu,,0,1,1,0,0,0.76,0.564,0.862,candidate & profile,0.4,Bungku,saluɸu,,,
192-192_and-1,192,Wolio,and,tee,1?,0,0,0,0,0,0.192,0.203,0.118,coded & no profile,0.333,Kulisusu,te,,,
192-192_and-2,192,Wolio,and,ko,1,0,0,0,0,0,0.166,0.204,0.105,coded & no profile,0.5,Bantik,bo,,,
192-193_if-1,192,Wolio,if,ne,2?,0,0,0,0,0,0.059,0.104,0.063,coded & no profile,0.333,Muna (Katobu-Tongkuno Dialect),ane,,,
192-193_if-2,192,Wolio,if,ande,,0,1,1,0,0,0.221,0.279,0.368,candidate & no profile,0.25,Muna (Katobu-Tongkuno Dialect),ane,,,
192-194_how-1,192,Wolio,how?,tua apa,1,0,0,0,0,0,0.288,0.278,0.305,coded & no profile,0.4,Banggai (W.dialect),bulaa,,,
192-195_nonot-1,192,Wolio,"no, not",indaa,27,0,0,0,0,0,0.399,0.485,0.211,coded & no profile,0.0,Moronene,naidaʔa,,,
192-196_tocount-1,192,Wolio,to count,lentu,23,0,0,0,0,0,0.671,0.709,0.539,coded & profile,0.0,Wuna,nelentu,,,
192-197_one-1,192,Wolio,One,ʔise,1,0,0,0,0,1,0.535,0.429,0.422,coded & profile,0.0,Muna (Katobu-Tongkuno Dialect),ise,,,
192-198_two-1,192,Wolio,Two,jua,1,0,0,0,0,1,0.095,0.135,0.052,coded & no profile,0.333,Banggai (W.dialect),lua,,,
192-198_two-2,192,Wolio,Two,-rua,1,0,0,0,0,1,0.083,0.141,0.052,coded & no profile,0.0,Mori,orua,,,
192-199_three-1,192,Wolio,Three,talu,1,0,0,0,0,1,0.107,0.117,0.083,coded & no profile,0.2,Makassar,tallu,,,
192-200_four-1,192,Wolio,Four,apa,1,0,0,0,0,1,0.024,0.043,0.012,coded & no profile,0.0,Tae' (S.Toraja),aʔpaʔ,,,
192-200_four-2,192,Wolio,Four,pata,1,0,0,0,0,1,0.189,0.242,0.103,coded & no profile,0.0,Bare'e,pata,,,
192-201_five-1,192,Wolio,Five,lima,1,0,0,0,0,1,0.095,0.202,0.057,coded & no profile,0.0,Banggai (W.dialect),lima,,,
192-202_six-1,192,Wolio,Six,nama,,0,1,1,0,1,0.087,0.123,0.076,candidate & no profile,0.5,Tontemboan,enem,,,
192-202_six-2,192,Wolio,Six,ʔana,,0,1,1,0,1,0.495,0.303,0.65,candidate & no profile,0.4,Makassar,annaŋ,,,
192-203_seven-1,192,Wolio,Seven,pitu,1,0,0,0,0,1,0.193,0.283,0.132,coded & no profile,0.0,Banggai (W.dialect),pitu,,,
192-204_eight-1,192,Wolio,Eight,walu,3,0,0,0,0,1,0.166,0.271,0.076,coded & no profile,0.0,Banggai (W.dialect),alu,,,
192-205_nine-1,192,Wolio,Nine,sio,5,0,0,0,0,1,0.272,0.438,0.08,coded & no profile,0.0,Banggai (W.dialect),sio,,,
192-206_ten-1,192,Wolio,Ten,sapulu,5,0,0,0,0,1,0.471,0.78,0.131,coded & no profile,0.0,Gorontalo (Hulondalo),mopulu,,,
192-207_twenty-1,192,Wolio,Twenty,rua pulu,,0,1,1,0,1,0.416,0.458,0.26,candidate & no profile,0.0,Tomini (Tialo),doopulu,,,
192-208_fifty-1,192,Wolio,Fifty,lima pulu,,0,1,1,0,1,0.453,0.565,0.289,candidate & no profile,0.0,Tomini (Tialo),limapulu,,,
192-209_onehundred-1,192,Wolio,One Hundred,saatu,,0,1,1,0,1,0.44,0.658,0.331,candidate & no profile,0.0,Tae' (S.Toraja),saratuʔ,,,
192-210_onethousand-1,192,Wolio,One Thousand,sarewu,,0,1,0,1,1,0.245,0.462,0.131,candidate & no profile,0.167,Moronene,asareβu,,,
226-1_hand-1,226,Tae' (S.Toraja),hand,lima,"1,64",0,0,0,0,0,0.112,0.059,0.09,coded & no profile,0.0,Banggai (W.dialect),lima,,,
226-2_left-1,226,Tae' (S.Toraja),left,kairi,"1,42",0,0,0,0,0,0.099,0.038,0.096,coded & no profile,0.0,Tontemboan,kaʔbiri,,,
226-3_right-1,226,Tae' (S.Toraja),right,kanan,"1,73",0,0,0,0,0,0.026,0.018,0.029,coded & no profile,0.0,Tontemboan,kanan,,,
226-4_legfoot-1,226,Tae' (S.Toraja),leg/foot,letteʔ,,0,1,1,0,0,0.347,0.168,0.419,candidate & no profile,0.6,Andio,teŋker,,,
226-5_towalk-1,226,Tae' (S.Toraja),to walk,liŋka,20,0,0,0,0,0,0.675,0.517,0.691,coded & profile,0.0,Wolio,liŋka,,,
226-6_roadpath-1,226,Tae' (S.Toraja),road/path,lalan,1,0,0,0,0,0,0.116,0.057,0.183,coded & no profile,0.0,Tontemboan,lalan,,,
226-7_tocome-1,226,Tae' (S.Toraja),to come,sae,,0,1,0,1,0,0.573,0.48,0.669,candidate & profile,0.5,Mori,hawe,,,
226-8_toturn-1,226,Tae' (S.Toraja),to turn,giliŋ,70,0,0,0,0,0,0.163,0.167,0.101,coded & no profile,0.2,Wolio,gili,,,
226-9_toswim-1,226,Tae' (S.Toraja),to swim,oroŋ,,0,1,1,0,0,0.208,0.175,0.246,candidate & no profile,0.5,Bantik,moyou,,,
226-10_dirty-1,226,Tae' (S.Toraja),dirty,koʔdoʔ,31?,0,0,0,0,0,0.571,0.333,0.707,coded & profile,0.333,Bantik,suledo,,,
226-11_dust-1,226,Tae' (S.Toraja),dust,au,1?,0,0,0,0,0,0.024,0.021,0.019,coded & no profile,0.333,Mori,awu,,,
226-12_skin-1,226,Tae' (S.Toraja),skin,kuliʔ,1,0,0,0,0,0,0.204,0.099,0.117,coded & no profile,0.0,Muna (Katobu-Tongkuno Dialect),kuli,,,
226-13_back-1,226,Tae' (S.Toraja),back,bokoʔ,50,0,0,0,0,0,0.041,0.072,0.053,coded & no profile,0.25,Makassar,doŋkoʔ,,,
226-14_belly-1,226,Tae' (S.Toraja),belly,baʔteŋ,29,0,0,0,0,0,0.38,0.219,0.343,coded & no profile,0.333,Makassar,battaŋ,,,
226-15_bone-1,226,Tae' (S.Toraja),bone,buku,16,0,0,0,0,0,0.166,0.083,0.191,coded & no profile,0.0,Banggai (W.dialect),buku,,,
226-16_intestines-1,226,Tae' (S.Toraja),intestines,tambuk,,0,1,1,0,0,0.224,0.103,0.319,candidate & no profile,0.571,Tomini (Tialo),taaliko,,,
226-17_liver-1,226,Tae' (S.Toraja),liver,ate,1,0,0,0,0,0,0.018,0.017,0.014,coded & no profile,0.0,Banggai (W.dialect),ate,,,
226-18_breast-1,226,Tae' (S.Toraja),breast,susu,1,0,0,0,0,0,0.086,0.122,0.092,coded & no profile,0.0,Banggai (W.dialect),susu,,,
226-19_shoulder-1,226,Tae' (S.Toraja),shoulder,palempeŋ,1?,0,0,0,0,0,0.535,0.411,0.417,coded & profile,0.571,Bantik,bambáŋ,,,
226-20_toknowbeknowledgeable-1,226,Tae' (S.Toraja),"to know, be knowledgeable",issan,31,0,0,0,0,0,0.284,0.334,0.26,coded & no profile,0.4,Buginese (Soppeng Dialect),issəŋ,,,
226-21_tothink-1,226,Tae' (S.Toraja),to think,taŋaʔ,,0,1,1,0,0,0.19,0.235,0.381,candidate & no profile,0.333,Bare'e,mo-nawa,,,
226-22_tofear-1,226,Tae' (S.Toraja),to fear,takuʔ,1,0,0,0,0,0,0.464,0.516,0.445,coded & no profile,0.0,Bantik,[ma]takuʔ,,,
226-23_blood-1,226,Tae' (S.Toraja),blood,rara,1,0,0,0,0,0,0.092,0.053,0.113,coded & no profile,0.0,Buginese (Soppeng Dialect),dara,,,
226-24_head-1,226,Tae' (S.Toraja),head,ulu,1,0,0,0,0,0,0.131,0.073,0.148,coded & no profile,0.0,Banggai (W.dialect),ulu,,,
226-25_neck-1,226,Tae' (S.Toraja),neck,baroko,77,0,0,0,0,0,0.34,0.165,0.383,coded & no profile,0.0,Wolio,boroko,,,
226-26_hair-1,226,Tae' (S.Toraja),hair,beluak,1,0,0,0,0,0,0.266,0.158,0.326,coded & no profile,0.25,Wolio,bulua,,,
226-27_nose-1,226,Tae' (S.Toraja),nose,illoŋ,1,0,0,0,0,0,0.129,0.105,0.158,coded & no profile,0.0,Buol,iloŋ,,,
226-28_tobreathe-1,226,Tae' (S.Toraja),to breathe,naa,1,0,0,0,0,0,0.274,0.229,0.251,coded & no profile,0.0,Mori,menaa,,,
226-29_tosniffsmell-1,226,Tae' (S.Toraja),"to sniff, smell",uduk,1?,0,0,0,0,0,0.103,0.116,0.107,coded & no profile,0.5,Tomini (Tialo),kundu,,,
226-30_mouth-1,226,Tae' (S.Toraja),mouth,sadaŋ,,0,1,1,0,0,0.037,0.054,0.038,candidate & no profile,0.5,Banggai (W.dialect),baba,,,
226-31_tooth-1,226,Tae' (S.Toraja),tooth,isi,"24,75",0,0,0,0,0,0.133,0.083,0.148,coded & no profile,0.0,Bantik,isi,,,
226-32_tongue-1,226,Tae' (S.Toraja),tongue,lila,4,0,0,0,0,0,0.103,0.049,0.09,coded & no profile,0.0,Bantik,dila,,,
226-33_tolaugh-1,226,Tae' (S.Toraja),to laugh,taa,1,0,0,0,0,0,0.215,0.197,0.159,coded & no profile,0.0,Tomini (Tialo),tataa,,,
226-34_tocry-1,226,Tae' (S.Toraja),to cry,taŋiʔ,1,0,0,0,0,0,0.296,0.369,0.117,coded & no profile,0.0,Soboyo,daŋi,,,
226-35_tovomit-1,226,Tae' (S.Toraja),to vomit,lua,8,0,0,0,0,0,0.593,0.462,0.581,coded & profile,0.0,Buginese (Soppeng Dialect),tal-lua,,,
226-36_tospit-1,226,Tae' (S.Toraja),to spit,met-tudu,,0,1,1,0,0,0.103,0.069,0.059,candidate & no profile,0.429,Tolaki (Mekongga),metuhe,,,
226-37_toeat-1,226,Tae' (S.Toraja),to eat,k-um-ande,"1?,20",0,0,0,0,0,0.485,0.534,0.556,coded & no profile,0.0,Wolio,kande,,,
226-38_tochew-1,226,Tae' (S.Toraja),to chew,kema,68,0,0,0,0,0,0.244,0.183,0.321,coded & no profile,0.333,Bantik,mama,,,
226-39_tocook-1,226,Tae' (S.Toraja),to cook,nasu,3,0,0,0,0,0,0.195,0.136,0.156,coded & no profile,0.0,Buginese (Soppeng Dialect),man-nasu,,,
226-40_todrink-1,226,Tae' (S.Toraja),to drink,iruʔ,12,0,0,0,0,0,0.404,0.427,0.334,coded & no profile,0.333,Gorontalo (Hulondalo),mo-ŋilu,,,
226-41_tobite-1,226,Tae' (S.Toraja),to bite,kekeʔ,1,0,0,0,0,0,0.371,0.366,0.514,coded & no profile,0.2,Bungku (Waia),moŋkekea,,,
226-42_tosuck-1,226,Tae' (S.Toraja),to suck,sussuʔ,1,0,0,0,0,0,0.258,0.118,0.374,coded & no profile,0.4,Bare'e,man-cusu,,,
226-43_ear-1,226,Tae' (S.Toraja),ear,taliŋa,1,0,0,0,0,0,0.202,0.118,0.109,coded & no profile,0.0,Soboyo,taliŋa,,,
226-44_tohear-1,226,Tae' (S.Toraja),to hear,raŋi,1?,0,0,0,0,0,0.458,0.324,0.372,coded & no profile,0.25,Wolio,raŋo,,,
226-45_eye-1,226,Tae' (S.Toraja),eye,mata,1,0,0,0,0,0,0.055,0.028,0.061,coded & no profile,0.0,Banggai (W.dialect),mata,,,
226-46_tosee-1,226,Tae' (S.Toraja),to see,tiro,,0,1,0,1,0,0.358,0.227,0.462,candidate & no profile,0.333,Tomini (Tialo),ʔito,,,
226-48_tosleep-1,226,Tae' (S.Toraja),to sleep,mammaʔ,,0,1,1,0,0,0.712,0.612,0.594,candidate & profile,0.667,Popalia,maturu,,,
226-49_toliedown-1,226,Tae' (S.Toraja),to lie down,mammaʔ,,0,1,1,0,0,0.681,0.547,0.594,candidate & profile,0.5,Bantik,Lrumoka,,,
226-50_todream-1,226,Tae' (S.Toraja),to dream,impi,1,0,0,0,0,0,0.423,0.401,0.307,coded & no profile,0.25,Mori,moʔipi,,,
226-51_tosit-1,226,Tae' (S.Toraja),to sit,noʔkoʔ,,0,1,0,1,0,0.673,0.561,0.634,candidate & profile,0.25,Tomini (Tialo),dungkoʔ,,,
226-52_tostand-1,226,Tae' (S.Toraja),to stand,bendan,,0,1,0,1,0,0.542,0.34,0.684,candidate & profile,0.5,Mori,mentade,,,
226-53_personhumanbeing-1,226,Tae' (S.Toraja),person/human being,tau,1,0,0,0,0,0,0.061,0.037,0.03,coded & no profile,0.0,Buginese (Soppeng Dialect),tau,,,
226-54_manmale-1,226,Tae' (S.Toraja),man/male,muane,1,0,0,0,0,0,0.46,0.232,0.482,coded & no profile,0.0,Banggai (W.dialect),malane,,,
226-55_womanfemale-1,226,Tae' (S.Toraja),woman/female,baine,"1,106",0,0,0,0,0,0.102,0.085,0.13,coded & no profile,0.0,Banggai (W.dialect),boʔine,,,
226-56_child-1,226,Tae' (S.Toraja),child,pia,,0,1,1,0,0,0.189,0.059,0.387,candidate & no profile,0.667,Banggai (W.dialect),pau,,,
226-57_husband-1,226,Tae' (S.Toraja),husband,muane,26,0,0,0,0,0,0.445,0.208,0.482,coded & no profile,0.0,Buol,maane,,,
226-58_wife-1,226,Tae' (S.Toraja),wife,baine,5,0,0,0,0,0,0.098,0.089,0.13,coded & no profile,0.0,Mori,beine,,,
226-59_mother-1,226,Tae' (S.Toraja),mother,indoʔ,10,0,0,0,0,0,0.248,0.179,0.302,coded & no profile,0.0,Buginese (Soppeng Dialect),indoʔ,,,
226-60_father-1,226,Tae' (S.Toraja),father,ambeʔ,13,0,0,0,0,0,0.095,0.088,0.098,coded & no profile,0.25,Buginese (Soppeng Dialect),amboʔ,,,
226-61_house-1,226,Tae' (S.Toraja),house,banua,7,0,0,0,0,0,0.118,0.1,0.13,coded & no profile,0.0,Banggai (W.dialect),bonua,,,
226-62_thatchroof-1,226,Tae' (S.Toraja),thatch/roof,papa,27,0,0,0,0,0,0.252,0.203,0.22,coded & no profile,0.25,Wolio,pada,,,
226-63_name-1,226,Tae' (S.Toraja),name,saŋa,1?,0,0,0,0,0,0.2,0.267,0.153,coded & no profile,0.0,Uma (Kantewu dialect),haŋaʔ,,,
226-64_tosay-1,226,Tae' (S.Toraja),to say,po-kada,,0,1,0,1,0,0.306,0.255,0.312,candidate & no profile,0.25,Makassar,aŋkana,,,
226-65_rope-1,226,Tae' (S.Toraja),rope,ulaŋ,42,0,0,0,1,0,0.117,0.085,0.113,coded & no profile,0.0,Bolaang Mongondow,ulaŋ,,,
226-66_totieupfasten-1,226,Tae' (S.Toraja),"to tie up, fasten",pori,,0,1,1,0,0,0.188,0.111,0.209,candidate & no profile,0.5,Banggai (W.dialect),boboi,,,
226-67_tosew-1,226,Tae' (S.Toraja),to sew,dasiʔ,,0,1,1,0,0,0.245,0.259,0.185,candidate & no profile,0.5,Buginese (Soppeng Dialect),maʔ-jai,,,
226-68_needle-1,226,Tae' (S.Toraja),needle,darun,1,0,0,0,0,0,0.06,0.064,0.076,coded & no profile,0.25,Buginese (Soppeng Dialect),jaruŋ,,,
226-69_tohunt-1,226,Tae' (S.Toraja),to hunt,lola,,0,1,1,0,0,0.381,0.254,0.41,candidate & no profile,0.333,Wuna,nofula,,,
226-70_toshoot-1,226,Tae' (S.Toraja),to shoot,maʔ-baliliʔ,12,0,0,0,0,0,0.312,0.26,0.165,coded & no profile,0.111,Buginese (Soppeng Dialect),maʔ-balliliʔ,,,
226-71_tostabpierce-1,226,Tae' (S.Toraja),"to stab, pierce",tobok,24,0,0,0,0,0,0.085,0.142,0.053,coded & no profile,0.0,Banggai (W.dialect),tobok,,,
226-72_tohit-1,226,Tae' (S.Toraja),to hit,bamba,,0,1,0,1,0,0.489,0.29,0.647,candidate & no profile,0.2,Soboyo,baba,,,
226-73_tosteal-1,226,Tae' (S.Toraja),to steal,boko,,0,1,0,1,0,0.245,0.157,0.347,candidate & no profile,0.333,Bantik,tékosoʔ,,,
226-74_tokill-1,226,Tae' (S.Toraja),to kill,poŋko,27,0,0,0,0,0,0.557,0.403,0.653,coded & profile,0.0,Wuna,fopoŋko,,,
226-74_tokill-2,226,Tae' (S.Toraja),to kill,buno,1,0,0,0,0,0,0.332,0.27,0.347,coded & no profile,0.0,Bantik,buno,,,
226-75_todiebedead-1,226,Tae' (S.Toraja),"to die, be dead",mate,1,0,0,0,0,0,0.213,0.137,0.247,coded & no profile,0.0,Banggai (W.dialect),mate,,,
226-76_tolivebealive-1,226,Tae' (S.Toraja),"to live, be alive",tuo,20,0,0,0,0,0,0.291,0.288,0.175,coded & no profile,0.0,Buginese (Soppeng Dialect),tuo,,,
226-77_toscratch-1,226,Tae' (S.Toraja),to scratch,kayok,1?,0,0,0,0,0,0.088,0.125,0.087,coded & no profile,0.4,Popalia,kaho,,,
226-78_tocuthack-1,226,Tae' (S.Toraja),"to cut, hack",tara,1,0,0,0,0,0,0.369,0.215,0.439,coded & no profile,0.333,Bolaang Mongondow,mo-nagaʔ,,,
226-79_stickwood-1,226,Tae' (S.Toraja),stick/wood,kayu,1,0,0,0,0,0,0.142,0.079,0.213,coded & no profile,0.0,Bantik,kayu,,,
226-80_tosplit-1,226,Tae' (S.Toraja),to split,piak,1,0,0,0,0,0,0.387,0.257,0.476,coded & no profile,0.333,Bolaang Mongondow,botak,,,
226-80_tosplit-2,226,Tae' (S.Toraja),to split,bakka,36,0,0,0,0,0,0.515,0.446,0.614,coded & profile,0.333,Bare'e,ma-boka,,,
226-81_sharp-1,226,Tae' (S.Toraja),sharp,ma-taran,1,0,0,0,0,0,0.171,0.138,0.34,coded & no profile,0.2,Makassar,taraŋ,,,
226-82_dullblunt-1,226,Tae' (S.Toraja),"dull, blunt",ma-pumpu,,0,1,1,0,0,0.313,0.209,0.498,candidate & no profile,0.2,Tonsea,tumpul,,,
226-83_towork-1,226,Tae' (S.Toraja),to work,karaŋ,23?,0,0,0,0,0,0.137,0.154,0.103,coded & no profile,0.333,Wuna,karada,,,
226-84_toplant-1,226,Tae' (S.Toraja),to plant,tanan,2,0,0,0,0,0,0.092,0.14,0.152,coded & no profile,0.2,Makassar,attanaŋ,,,
226-85_tochoose-1,226,Tae' (S.Toraja),to choose,pile,1,0,0,0,0,0,0.469,0.294,0.491,coded & no profile,0.0,Bantik,pile,,,
226-86_togrow-1,226,Tae' (S.Toraja),to grow,tuo,1,0,0,0,0,0,0.286,0.284,0.175,coded & no profile,0.0,Buginese (Soppeng Dialect),tuo,,,
226-87_toswell-1,226,Tae' (S.Toraja),to swell,kambaŋ,20,0,0,0,0,0,0.379,0.305,0.302,coded & no profile,0.0,Makassar,kambaŋ,,,
226-88_tosqueeze-1,226,Tae' (S.Toraja),to squeeze,parra,1,0,0,0,0,0,0.554,0.395,0.631,coded & profile,0.6,Bantik,pahá,,,
226-89_tohold-1,226,Tae' (S.Toraja),to hold,tue,,0,1,0,1,0,0.159,0.126,0.175,candidate & no profile,0.75,Bantik,beleŋ,,,
226-90_todig-1,226,Tae' (S.Toraja),to dig,kali,1,0,0,0,0,0,0.503,0.294,0.613,coded & profile,0.0,Banggai (W.dialect),gali,,,
226-91_tobuy-1,226,Tae' (S.Toraja),to buy,alli,1,0,0,0,0,0,0.247,0.234,0.194,coded & no profile,0.0,Buginese (Soppeng Dialect),əlli,,,
226-92_toopenuncover-1,226,Tae' (S.Toraja),"to open, uncover",buka,1,0,0,0,0,0,0.329,0.245,0.347,coded & no profile,0.0,Banggai (W.dialect),buka,,,
226-93_topoundbeat-1,226,Tae' (S.Toraja),"to pound, beat",lambuk,6,0,0,0,0,0,0.663,0.603,0.65,coded & profile,0.25,Popalia,tumbuʔe,,,
226-94_tothrow-1,226,Tae' (S.Toraja),to throw,tibe,,0,1,1,0,0,0.365,0.249,0.462,candidate & no profile,0.25,Soboyo,tiba,,,
226-95_tofall-1,226,Tae' (S.Toraja),to fall,tobaŋ,,0,1,1,0,0,0.09,0.111,0.092,candidate & no profile,0.4,Mori Bawah (Watu),metoa,,,
226-96_dog-1,226,Tae' (S.Toraja),dog,asu,1,0,0,0,0,0,0.01,0.01,0.008,coded & no profile,0.0,Banggai (W.dialect),asu,,,
226-97_bird-1,226,Tae' (S.Toraja),bird,manuk manuk,1,0,0,0,0,0,0.43,0.276,0.525,coded & no profile,0.1,Banggai (W.dialect),manu-manuk,,,
226-98_egg-1,226,Tae' (S.Toraja),egg,talloʔ,1,0,0,0,0,0,0.488,0.365,0.416,coded & no profile,0.0,Buginese (Soppeng Dialect),[it]təllo,,,
226-99_feather-1,226,Tae' (S.Toraja),feather,bulu,1,0,0,0,0,0,0.138,0.06,0.191,coded & no profile,0.0,Banggai (W.dialect),bulu,,,
226-100_wing-1,226,Tae' (S.Toraja),wing,paniʔ,2,0,0,0,0,0,0.267,0.162,0.231,coded & no profile,0.0,Muna (Katobu-Tongkuno Dialect),pani,,,
226-101_tofly-1,226,Tae' (S.Toraja),to fly,tiaʔ,26,0,0,0,0,0,0.427,0.412,0.397,coded & no profile,0.5,Makassar,anriʔba,,,
226-102_rat-1,226,Tae' (S.Toraja),rat,balao,1,0,0,0,0,0,0.108,0.076,0.13,coded & no profile,0.0,Makassar,balao,,,
226-103_meatflesh-1,226,Tae' (S.Toraja),meat/flesh,issi,31,0,0,0,0,0,0.083,0.055,0.077,coded & no profile,0.0,Makassar,assi,,,
226-104_fatgrease-1,226,Tae' (S.Toraja),fat/grease,lompo,1,0,0,0,0,0,0.245,0.123,0.252,coded & no profile,0.0,Totoli,lompo,,,
226-105_tail-1,226,Tae' (S.Toraja),tail,ikkoʔ,1,0,0,0,0,0,0.166,0.122,0.139,coded & no profile,0.0,Buginese (Soppeng Dialect),ikkoʔ,,,
226-106_snake-1,226,Tae' (S.Toraja),snake,ulaʔ,2,0,0,0,0,0,0.105,0.092,0.143,coded & no profile,0.0,Buginese (Soppeng Dialect),ula,,,
226-107_wormearthworm-1,226,Tae' (S.Toraja),worm (earthworm),kalintiŋ,,0,1,1,0,0,0.395,0.285,0.535,candidate & no profile,0.5,Bantik,loloati,,,
226-108_louse-1,226,Tae' (S.Toraja),louse,kutu,1,0,0,0,0,0,0.134,0.079,0.203,coded & no profile,0.0,Bantik,kutu,,,
226-109_mosquito-1,226,Tae' (S.Toraja),mosquito,kasisiʔ,,0,1,1,0,0,0.207,0.217,0.224,candidate & no profile,0.2,Tomini (Tialo),sisioʔ,,,
226-110_spider-1,226,Tae' (S.Toraja),spider,laa,1,0,0,0,0,0,0.019,0.016,0.03,coded & no profile,0.25,Buol,borelaa,,,
226-111_fish-1,226,Tae' (S.Toraja),fish,bale,23,0,0,0,0,0,0.057,0.05,0.082,coded & no profile,0.0,Buginese (Soppeng Dialect),bale,,,
226-112_rotten-1,226,Tae' (S.Toraja),rotten,bosi,,0,1,1,0,0,0.061,0.04,0.068,candidate & no profile,0.0,Kulisusu,moɓosi,,,
226-113_branch-1,226,Tae' (S.Toraja),branch,taŋke,10,0,0,0,0,0,0.114,0.049,0.072,coded & no profile,0.2,Buginese (Soppeng Dialect),takke,,,
226-114_leaf-1,226,Tae' (S.Toraja),leaf,daun,1,0,0,0,0,0,0.105,0.083,0.124,coded & no profile,0.0,Bolaang Mongondow,daun,,,
226-115_root-1,226,Tae' (S.Toraja),root,akaʔ,2,0,0,0,0,0,0.059,0.046,0.143,coded & no profile,0.0,Muna (Katobu-Tongkuno Dialect),paraka,,,
226-116_flower-1,226,Tae' (S.Toraja),flower,buŋa,1,0,0,0,0,0,0.083,0.08,0.05,coded & no profile,0.0,Banggai (W.dialect),buŋa,,,
226-117_fruit-1,226,Tae' (S.Toraja),fruit,bua,1,0,0,0,0,0,0.167,0.151,0.113,coded & no profile,0.0,Bantik,bua,,,
226-118_grass-1,226,Tae' (S.Toraja),grass,riu,,0,1,1,0,0,0.169,0.086,0.241,candidate & no profile,0.333,Buginese (Soppeng Dialect),sarii,,,
226-119_earthsoil-1,226,Tae' (S.Toraja),earth/soil,litak,25,0,0,0,0,0,0.081,0.078,0.085,coded & no profile,0.25,Mori,wita,,,
226-120_stone-1,226,Tae' (S.Toraja),stone,batu,1,0,0,0,0,0,0.096,0.079,0.079,coded & no profile,0.0,Banggai (W.dialect),batu,,,
226-121_sand-1,226,Tae' (S.Toraja),sand,buŋin,25,0,0,0,0,0,0.046,0.056,0.031,coded & no profile,0.286,Bolaang Mongondow,buŋaion,,,
226-122_water-1,226,Tae' (S.Toraja),water,wai,2,0,0,0,0,0,0.251,0.17,0.241,coded & no profile,0.333,Mori,uwoi,,,
226-123_toflow-1,226,Tae' (S.Toraja),to flow,loloŋ,23?,0,0,0,0,0,0.19,0.227,0.184,coded & no profile,0.0,Makassar,assoloŋ,,,
226-124_sea-1,226,Tae' (S.Toraja),sea,tasik,1,0,0,0,0,0,0.053,0.068,0.078,coded & no profile,0.0,Tonsea,tasik,,,
226-125_salt-1,226,Tae' (S.Toraja),salt,sia,1,0,0,0,0,0,0.461,0.522,0.372,coded & no profile,0.333,Bantik,asiŋ,,,
226-126_lake-1,226,Tae' (S.Toraja),lake,tapparan,14,0,0,0,0,0,0.444,0.33,0.44,coded & no profile,0.375,Buginese (Soppeng Dialect),tappárəŋ,,,
226-127_woodsforest-1,226,Tae' (S.Toraja),woods/forest,[paŋ]alaʔ,1,0,0,0,0,0,0.083,0.061,0.143,coded & no profile,0.25,Totoli,alas,,,
226-128_sky-1,226,Tae' (S.Toraja),sky,laŋiʔ,1,0,0,0,0,0,0.137,0.113,0.102,coded & no profile,0.0,Bantik,laŋiʔ,,,
226-129_moon-1,226,Tae' (S.Toraja),moon,bulan,1,0,0,0,0,0,0.042,0.048,0.044,coded & no profile,0.0,Bolaang Mongondow,bulan,,,
226-130_star-1,226,Tae' (S.Toraja),star,bintoën,1,0,0,0,0,0,0.289,0.193,0.198,coded & no profile,0.286,Makassar,bintoɛŋ,,,
226-131_cloud-1,226,Tae' (S.Toraja),cloud,salebuʔ,,0,1,0,1,0,0.35,0.498,0.154,candidate & no profile,0.333,Mori,seru,,,
226-132_fog-1,226,Tae' (S.Toraja),fog,rambu roya,3,0,0,0,0,0,0.529,0.414,0.535,coded & profile,0.375,Gorontalo (Hulondalo),wambulo [embun],,,
226-133_rain-1,226,Tae' (S.Toraja),rain,uran,1,0,0,0,0,0,0.123,0.113,0.124,coded & no profile,0.0,Tontemboan,muran,,,
226-134_thunder-1,226,Tae' (S.Toraja),thunder,galugu,1,0,0,0,0,0,0.388,0.217,0.349,coded & no profile,0.333,Kumbewaha,ɓoxuxu,,,
226-134_thunder-2,226,Tae' (S.Toraja),thunder,guntuʔ,30,0,0,0,0,0,0.332,0.214,0.492,coded & no profile,0.0,Wolio,guntu,,,
226-135_lightning-1,226,Tae' (S.Toraja),lightning,kilaʔ,1,0,0,0,0,0,0.221,0.143,0.21,coded & no profile,0.0,Bantik,kilaʔ,,,
226-136_wind-1,226,Tae' (S.Toraja),wind,aŋin,1,0,0,0,0,0,0.153,0.095,0.216,coded & no profile,0.25,Buginese (Soppeng Dialect),aŋiŋ,,,
226-137_toblow-1,226,Tae' (S.Toraja),to blow,pamurruʔ,,0,1,0,1,0,0.863,0.75,0.905,candidate & profile,0.4,Andio,momuur,,,
226-138_warm-1,226,Tae' (S.Toraja),warm,ma-lassu,22,0,0,0,0,0,0.325,0.314,0.34,coded & no profile,0.25,Kaidipang,mopasu,,,
226-139_cold-1,226,Tae' (S.Toraja),cold,ma-sakkaʔ,,0,1,1,0,0,0.638,0.351,0.706,candidate & profile,0.5,Kodeoha,monapa,,,
226-140_dry-1,226,Tae' (S.Toraja),dry,ma-reŋko,1,0,0,0,0,0,0.425,0.316,0.498,coded & no profile,0.286,Buginese (Soppeng Dialect),ma-rakko,,,
226-141_wet-1,226,Tae' (S.Toraja),wet,bonak,32,0,0,0,0,0,0.048,0.057,0.052,coded & no profile,0.25,Andio,mentak,,,
226-142_heavy-1,226,Tae' (S.Toraja),heavy,ma-gasa,,0,1,0,1,0,0.128,0.101,0.138,candidate & no profile,0.5,Banggai (W.dialect),barat,,,
226-143_fire-1,226,Tae' (S.Toraja),fire,api,1,0,0,0,0,0,0.054,0.055,0.042,coded & no profile,0.0,Mori,api,,,
226-144_toburn-1,226,Tae' (S.Toraja),to burn,tunu,1,0,0,0,0,0,0.439,0.309,0.462,coded & no profile,0.0,Muna (Katobu-Tongkuno Dialect),aetunu,,,
226-145_smoke-1,226,Tae' (S.Toraja),smoke,rambu,25,0,0,0,0,0,0.233,0.131,0.261,coded & no profile,0.0,Makassar,rumbu,,,
226-146_ashes-1,226,Tae' (S.Toraja),ashes,au,1,0,0,0,0,0,0.039,0.027,0.024,coded & no profile,0.333,Kaidipang,avu,,,
226-147_black-1,226,Tae' (S.Toraja),black,ma-lotoŋ,35,0,0,0,0,0,0.248,0.178,0.363,coded & no profile,0.0,Buginese (Soppeng Dialect),ma-lotoŋ,,,
226-148_white-1,226,Tae' (S.Toraja),white,ma-busa,1?,0,0,0,0,0,0.179,0.161,0.138,coded & no profile,0.167,Bare'e,ma-buya,,,
226-149_red-1,226,Tae' (S.Toraja),red,ma-raraŋ,1?,0,0,0,1,0,0.233,0.177,0.363,coded & no profile,0.167,Soboyo,kabarara,,,
226-150_yellow-1,226,Tae' (S.Toraja),yellow,ma-riri,29,0,0,0,0,0,0.167,0.173,0.138,coded & no profile,0.0,Lasalimu,moriri,,,
226-151_green-1,226,Tae' (S.Toraja),green,ma-ido,25,0,0,0,0,0,0.307,0.146,0.437,coded & no profile,0.0,Tomini (Tialo),ido,,,
226-152_small-1,226,Tae' (S.Toraja),small,bittiʔ,31,0,0,0,0,0,0.161,0.153,0.232,coded & no profile,0.5,Bahonsuai,ontidi,,,
226-153_big-1,226,Tae' (S.Toraja),big,kapua,,0,1,1,0,0,0.567,0.329,0.682,candidate & profile,0.5,Buginese (Soppeng Dialect),ma-raja,,,
226-154_short-1,226,Tae' (S.Toraja),short,kondiʔ,,0,1,1,0,0,0.297,0.158,0.335,candidate & no profile,0.333,Banggai (W.dialect),pende,,,
226-155_long-1,226,Tae' (S.Toraja),long,kalando,1?,0,0,0,0,0,0.436,0.324,0.435,coded & no profile,0.333,Andio,malayoʔ,,,
226-156_thin-1,226,Tae' (S.Toraja),thin,ma-nipiʔ,1,0,0,0,0,0,0.576,0.457,0.535,coded & profile,0.0,Banggai (W.dialect),nipi,,,
226-157_thick-1,226,Tae' (S.Toraja),thick,ma-kamban,1,0,0,0,0,0,0.615,0.464,0.679,coded & profile,0.375,Wolio,makapa,,,
226-158_narrow-1,226,Tae' (S.Toraja),narrow,siʔpiʔ,68,0,0,0,0,0,0.35,0.511,0.479,coded & no profile,0.0,Buginese (Soppeng Dialect),ma-cipi,,,
226-159_wide-1,226,Tae' (S.Toraja),wide,saŋkaʔ,20,0,0,0,0,0,0.563,0.617,0.58,coded & profile,0.2,Buginese (Soppeng Dialect),ma-sakka,,,
226-160_painfulsick-1,226,Tae' (S.Toraja),"painful, sick",ma-saki,1,0,0,0,0,0,0.186,0.172,0.138,coded & no profile,0.0,Mori,mahaki,,,
226-161_shyashamed-1,226,Tae' (S.Toraja),"shy, ashamed",ma-siriʔ,19,0,0,0,0,0,0.548,0.406,0.535,coded & profile,0.0,Buginese (Soppeng Dialect),siriʔ,,,
226-162_old-1,226,Tae' (S.Toraja),old,ma-tua,1,0,0,0,0,0,0.346,0.181,0.437,coded & no profile,0.0,Mori,motuʔa,,,
226-163_new-1,226,Tae' (S.Toraja),new,baʔru,1,0,0,0,0,0,0.142,0.123,0.095,coded & no profile,0.0,Buginese (Soppeng Dialect),ma-baru,,,
226-164_good-1,226,Tae' (S.Toraja),good,melo,68,0,0,0,0,0,0.245,0.141,0.24,coded & no profile,0.0,Wasambua dialect of Cia-Cia,ɓelo,,,
226-164_good-2,226,Tae' (S.Toraja),good,ma-pia,1,0,0,0,0,0,0.332,0.186,0.437,coded & no profile,0.0,Bantik,pia,,,
226-165_badevil-1,226,Tae' (S.Toraja),"bad, evil",kadake,1?,0,0,0,0,0,0.46,0.276,0.52,coded & no profile,0.2,Wolio,madaki,,,
226-166_correcttrue-1,226,Tae' (S.Toraja),"correct, true",toŋan,22,0,0,0,0,0,0.146,0.15,0.071,coded & no profile,0.4,Buginese (Soppeng Dialect),toŋəŋ,,,
226-167_night-1,226,Tae' (S.Toraja),night,boŋi,1,0,0,0,0,0,0.08,0.058,0.078,coded & no profile,0.0,Padoe,βoŋi,,,
226-168_day-1,226,Tae' (S.Toraja),day,allo,"1,34",0,0,0,0,0,0.06,0.057,0.051,coded & no profile,0.0,Makassar,allo,,,
226-169_year-1,226,Tae' (S.Toraja),year,taun,1,0,0,0,0,0,0.114,0.088,0.237,coded & no profile,0.0,Tontemboan,taun,,,
226-170_when-1,226,Tae' (S.Toraja),when?,piran,1,0,0,0,0,0,0.453,0.437,0.559,coded & no profile,0.2,Totoli,pilan,,,
226-171_tohide-1,226,Tae' (S.Toraja),to hide,buni,1,0,0,0,0,0,0.335,0.242,0.347,coded & no profile,0.0,Bantik,buni,,,
226-172_toclimb-1,226,Tae' (S.Toraja),to climb,tukaʔ,20,0,0,0,0,0,0.288,0.407,0.201,coded & no profile,0.0,Buginese (Soppeng Dialect),tukaʔ,,,
226-173_at-1,226,Tae' (S.Toraja),at,di,20,0,0,0,0,0,0.058,0.053,0.059,coded & no profile,0.333,Banggai (W.dialect),doi,,,
226-174_ininside-1,226,Tae' (S.Toraja),"in, inside",lan,1,0,0,0,0,0,0.138,0.195,0.343,coded & no profile,0.333,Makassar,ilalaŋ,,,
226-175_above-1,226,Tae' (S.Toraja),above,doa,2?,0,0,0,0,0,0.226,0.217,0.247,coded & no profile,0.6,Tontemboan,andaŋka,,,
226-176_below-1,226,Tae' (S.Toraja),below,dioŋ,,0,1,0,1,0,0.382,0.252,0.45,candidate & no profile,0.5,Waru (Lalomerui),i kuaio,,,
226-177_this-1,226,Tae' (S.Toraja),this,ia-te,11?,0,0,0,0,0,0.305,0.201,0.432,coded & no profile,0.25,Buginese (Soppeng Dialect),ia-e,,,
226-178_that-1,226,Tae' (S.Toraja),that,ia-to,16,0,0,0,0,0,0.375,0.223,0.432,coded & no profile,0.0,Mori Bawah (Watu),raato,,,
226-178_that-2,226,Tae' (S.Toraja),that,ia-tu,16,0,0,0,0,0,0.334,0.208,0.432,coded & no profile,0.0,Buginese (Soppeng Dialect),ia-tu,,,
226-179_near-1,226,Tae' (S.Toraja),near,dappiʔ,25?,0,0,0,0,0,0.734,0.595,0.808,coded & profile,0.25,Wolio,marampi,,,
226-180_far-1,226,Tae' (S.Toraja),far,bela,29,0,0,0,0,0,0.379,0.359,0.37,coded & no profile,0.0,Buginese (Soppeng Dialect),ma-bela,,,
226-181_where-1,226,Tae' (S.Toraja),where?,umba nii,19,0,0,0,0,0,0.427,0.327,0.423,coded & no profile,0.25,Andio,arii,,,
226-182_i-1,226,Tae' (S.Toraja),I,aku,1,0,0,0,0,0,0.042,0.068,0.028,coded & no profile,0.0,Banggai (W.dialect),iaku,,,
226-183_thou-1,226,Tae' (S.Toraja),thou,iko,1,0,0,0,0,0,0.237,0.192,0.247,coded & no profile,0.0,Buginese (Soppeng Dialect),iko,,,
226-184_heshe-1,226,Tae' (S.Toraja),he/she,ia,1,0,0,0,0,0,0.04,0.037,0.036,coded & no profile,0.0,Buginese (Soppeng Dialect),ia,,,
226-185_we-1,226,Tae' (S.Toraja),we,kita,1,0,0,0,0,0,0.038,0.012,0.042,coded & no profile,0.0,Banggai (W.dialect),ikita,,,
226-185_we-2,226,Tae' (S.Toraja),we,kami,2,0,0,0,0,0,0.035,0.018,0.044,coded & no profile,0.0,Banggai (W.dialect),ikami,,,
226-186_you-1,226,Tae' (S.Toraja),you,kamu,1,0,0,0,0,0,0.7,0.562,0.721,coded & profile,0.0,Buol,kamu,,,
226-187_they-1,226,Tae' (S.Toraja),they,ia,1?,0,0,0,0,0,0.05,0.049,0.036,coded & no profile,0.333,Mori,ira,,,
226-188_what-1,226,Tae' (S.Toraja),what?,apa,1,0,0,0,0,0,0.037,0.068,0.028,coded & no profile,0.0,Bantik,apa,,,
226-189_who-1,226,Tae' (S.Toraja),who?,[m]inda,,0,1,1,0,0,0.616,0.331,0.671,candidate & profile,0.4,Andio,indee,,,
226-190_other-1,226,Tae' (S.Toraja),other,seŋaʔ,,0,1,1,0,0,0.53,0.571,0.449,candidate & profile,0.5,Banggai (W.dialect),meeŋ,,,
226-191_all-1,226,Tae' (S.Toraja),all,nasaŋ,30,0,0,0,0,0,0.431,0.453,0.419,coded & no profile,0.25,Tontemboan,pakasa,,,
226-192_and-1,226,Tae' (S.Toraja),and,na,2,0,0,0,0,0,0.065,0.069,0.075,coded & no profile,0.0,Buginese (Soppeng Dialect),na,,,
226-193_if-1,226,Tae' (S.Toraja),if,iake,,0,1,1,0,0,0.276,0.121,0.255,candidate & no profile,0.333,Muna (Katobu-Tongkuno Dialect),ane,,,
226-194_how-1,226,Tae' (S.Toraja),how?,umba na-kua,1,0,0,0,0,0,0.568,0.454,0.508,coded & profile,0.429,Popalia,ɸana umpa,,,
226-195_nonot-1,226,Tae' (S.Toraja),"no, not",taeʔ,,0,1,1,0,0,0.336,0.342,0.614,candidate & no profile,0.25,Tomini (Tialo),taje,,,
226-196_tocount-1,226,Tae' (S.Toraja),to count,bilaŋ,1,0,0,0,0,0,0.13,0.168,0.085,coded & no profile,0.0,Buginese (Soppeng Dialect),bilaŋ,,,
226-197_one-1,226,Tae' (S.Toraja),One,missaʔ,1,0,0,0,0,1,0.568,0.584,0.409,coded & profile,0.25,Bare'e,isa,,,
226-197_one-2,226,Tae' (S.Toraja),One,misa',,0,1,1,0,1,0.093,0.09,0.09,candidate & no profile,0.0,Bare'e,isa,,,
226-198_two-1,226,Tae' (S.Toraja),Two,dua,1,0,0,0,0,1,0.086,0.08,0.074,coded & no profile,0.0,Bantik,dadua,,,
226-199_three-1,226,Tae' (S.Toraja),Three,tallu,1,0,0,0,0,1,0.117,0.16,0.106,coded & no profile,0.0,Buginese (Soppeng Dialect),təllu,,,
226-200_four-1,226,Tae' (S.Toraja),Four,aʔpaʔ,1,0,0,0,0,1,0.097,0.163,0.058,coded & no profile,0.0,Wolio,apa,,,
226-201_five-1,226,Tae' (S.Toraja),Five,lima,1,0,0,0,0,1,0.103,0.113,0.064,coded & no profile,0.0,Banggai (W.dialect),lima,,,
226-202_six-1,226,Tae' (S.Toraja),Six,annan,,0,1,1,0,1,0.069,0.104,0.161,candidate & no profile,0.2,Makassar,annaŋ,,,
226-203_seven-1,226,Tae' (S.Toraja),Seven,pitu,1,0,0,0,0,1,0.209,0.196,0.206,coded & no profile,0.0,Banggai (W.dialect),pitu,,,
226-204_eight-1,226,Tae' (S.Toraja),Eight,karua,28,0,0,0,0,1,0.52,0.497,0.638,coded & profile,0.0,Buginese (Soppeng Dialect),arua,,,
226-205_nine-1,226,Tae' (S.Toraja),Nine,kasera,14,0,0,0,0,1,0.414,0.353,0.504,coded & no profile,0.0,Buginese (Soppeng Dialect),asera,,,
226-206_ten-1,226,Tae' (S.Toraja),Ten,sangpulo,,0,1,1,0,1,0.594,0.748,0.501,candidate & profile,0.2,Mori,hopulo,,,
226-207_twenty-1,226,Tae' (S.Toraja),Twenty,duaŋpulo,,0,1,1,0,1,0.671,0.554,0.759,candidate & profile,0.125,Buginese (Soppeng Dialect),duappulo,,,
226-208_fifty-1,226,Tae' (S.Toraja),Fifty,limaŋpulo,,0,1,1,0,1,0.816,0.79,0.824,candidate & profile,0.111,Buginese (Soppeng Dialect),limappulo,,,
226-209_onehundred-1,226,Tae' (S.Toraja),One Hundred,saratuʔ,,0,1,1,0,1,0.73,0.852,0.363,candidate & profile,0.0,Wolio,saatu,,,
226-210_onethousand-1,226,Tae' (S.Toraja),One Thousand,saŋsaʔbu,,0,1,0,1,1,0.791,0.89,0.893,candidate & profile,0.0,Makassar,sisaʔbu,,,
674-1_hand-1,674,Tolaki,hand,kae,36,0,0,0,0,0,0.295,0.438,0.186,coded & no profile,0.0,Mori,kae,0.0,Mori,kae
674-2_left-1,674,Tolaki,left,hiri,"1,42",0,0,0,0,0,0.028,0.025,0.036,coded & no profile,0.0,Tontemboan,kaʔbiri,0.0,Kulisusu,moiri
674-3_right-1,674,Tolaki,right,hana,1,0,0,0,0,0,0.03,0.028,0.036,coded & no profile,0.0,Muna (Katobu-Tongkuno Dialect),suana,0.0,Mori,koana
674-4_legfoot-1,674,Tolaki,leg/foot,kare,49,0,0,0,0,0,0.158,0.317,0.099,coded & no profile,0.0,Kodeoha,kare,0.0,Kodeoha,kare
674-5_towalk-1,674,Tolaki,to walk,molako,1,0,0,0,0,0,0.607,0.86,0.316,coded & profile,0.0,Kaidipang,morʔako,0.0,Bungku,lumolako
674-6_roadpath-1,674,Tolaki,road/path,sala,1,0,0,0,0,0,0.165,0.299,0.16,coded & no profile,0.0,Mori,sala,0.0,Mori,sala
674-7_tocome-1,674,Tolaki,to come,leu,,0,1,0,1,0,0.499,0.676,0.403,candidate & no profile,0.0,Bahonsuai,leu,0.0,Bahonsuai,leu
674-8_toturn-1,674,Tolaki,to turn,putara,,1,1,0,0,0,0.447,0.87,0.436,candidate & no profile,0.333,Wolio,lari,0.5,Mori,mekoana
674-9_toswim-1,674,Tolaki,to swim,lumangu,1,0,0,0,0,0,0.524,0.928,0.518,coded & profile,0.2,Ponosakan,(lo)languy,0.2,Proto-Bungku-Tolaki,"*(l,n)anguy"
674-11_dust-1,674,Tolaki,dust,awu,1,0,0,0,0,0,0.041,0.096,0.05,coded & no profile,0.0,Mori,awu,0.0,Mori,awu
674-12_skin-1,674,Tolaki,skin,kuli,1,0,0,0,0,0,0.162,0.301,0.102,coded & no profile,0.0,Muna (Katobu-Tongkuno Dialect),kuli,0.0,Mori,kuli
674-13_back-1,674,Tolaki,back,bunggu,,0,1,1,0,0,0.359,0.675,0.285,candidate & no profile,0.286,Tomini (Tialo),bungkut,0.286,Proto-Bungku-Tolaki,*bungku°
674-14_belly-1,674,Tolaki,belly,tia,1,0,0,0,0,0,0.078,0.209,0.052,coded & no profile,0.0,Banggai (W.dialect),tia,0.0,Bungku,tia
674-15_bone-1,674,Tolaki,bone,tula,1,0,0,0,0,0,0.109,0.251,0.06,coded & no profile,0.2,Bolaang Mongondow,tulan,0.333,Kodeoha,toʔola
674-16_intestines-1,674,Tolaki,intestines,usu,,1,1,0,0,0,0.098,0.202,0.074,candidate & no profile,0.667,Buginese (Soppeng Dialect),paruu,0.875,Mori,ulekompo
674-17_liver-1,674,Tolaki,liver,ate,1,0,0,0,0,0,0.021,0.074,0.025,coded & no profile,0.0,Banggai (W.dialect),ate,0.0,Mori,ate
674-18_breast-1,674,Tolaki,breast,susu,1,0,0,0,0,0,0.081,0.275,0.089,coded & no profile,0.0,Banggai (W.dialect),susu,0.0,Mori,susu
674-19_shoulder-1,674,Tolaki,shoulder,bohe,,0,1,1,0,0,0.098,0.245,0.072,candidate & no profile,0.5,Banggai (W.dialect),beŋe,0.5,Mori,owea
674-20_toknowbeknowledgeable-1,674,Tolaki,"to know, be knowledgeable",to'ori,,0,1,1,0,0,0.937,0.948,0.556,candidate & profile,0.0,Mori,toʔori,0.0,Mori,toʔori
674-21_tothink-1,674,Tolaki,to think,mepikiri,22,1,0,0,0,0,0.501,0.831,0.35,coded & profile,0.0,Popalia,ɸikiri,0.778,Mori,mompewowolo
674-22_tofear-1,674,Tolaki,to fear,motaku,,0,1,1,0,0,0.272,0.467,0.303,candidate & no profile,0.0,Bantik,[ma]takuʔ,0.8,Mori,doito
674-23_blood-1,674,Tolaki,blood,beli,,0,1,0,0,0,0.104,0.252,0.072,candidate & no profile,0.0,Kodeoha,beli,0.0,Kodeoha,beli
674-24_head-1,674,Tolaki,head,ulu,1,0,0,0,0,0,0.133,0.286,0.074,coded & no profile,0.0,Banggai (W.dialect),ulu,0.0,Mori,ulu [bagian tubuh]
674-25_neck-1,674,Tolaki,neck,woroko,,0,1,1,0,0,0.2,0.71,0.082,candidate & no profile,0.0,Wolio,boroko,0.0,Kodeoha,βoroko
674-26_hair-1,674,Tolaki,hair,wuu,1,0,0,0,0,0,0.134,0.302,0.074,coded & no profile,0.0,Mori,wuu,0.0,Mori,wuu
674-27_nose-1,674,Tolaki,nose,enge,20,0,0,0,0,0,0.155,0.327,0.069,coded & no profile,0.333,Muna (Katobu-Tongkuno Dialect),nee,0.2,Proto-Bungku-Tolaki,*enge°
674-28_tobreathe-1,674,Tolaki,to breathe,mehonahona,,0,1,1,0,0,0.408,0.545,0.42,candidate & no profile,0.5,Mori,menaa,0.5,Mori,menaa
674-28_tobreathe-2,674,Tolaki,to breathe,penao,,0,1,1,0,0,0.483,0.835,0.341,candidate & no profile,0.25,Mori,menaa,0.25,Mori,menaa
674-29_tosniffsmell-1,674,Tolaki,"to sniff, smell",siusiu,,0,1,1,0,0,0.532,0.816,0.58,candidate & profile,0.5,Tomini (Tialo),kundu,1.0,Mori,mowowoo
674-30_mouth-1,674,Tolaki,mouth,pondu,,0,1,1,0,0,0.084,0.286,0.068,candidate & no profile,0.0,Mori Atas (Doule),pindu,0.0,Mori Atas (Doule),pindu
674-31_tooth-1,674,Tolaki,tooth,ngisi,24,0,0,0,0,0,0.238,0.646,0.13,coded & no profile,0.0,Bantik,isi,0.0,Mori,ŋisi
674-32_tongue-1,674,Tolaki,tongue,elo,4,0,0,0,0,0,0.137,0.287,0.074,coded & no profile,0.0,Mori,elo,0.0,Mori,elo
674-33_tolaugh-1,674,Tolaki,to laugh,mototao,,0,1,1,0,0,0.468,0.828,0.094,candidate & no profile,0.0,Mori Atas (Doule),motao,0.0,Mori Atas (Doule),motao
674-34_tocry-1,674,Tolaki,to cry,umi'ia,,0,1,1,0,0,0.963,0.981,0.701,candidate & profile,0.0,Kodeoha,miʔia,0.0,Kodeoha,miʔia
674-34_tocry-2,674,Tolaki,to cry,hono,,0,1,1,0,0,0.402,0.66,0.338,candidate & no profile,0.333,Moronene,meβoβo,0.333,Moronene,meβoβo
674-35_tovomit-1,674,Tolaki,to vomit,mo'ua,,0,1,1,0,0,0.935,0.966,0.428,candidate & profile,0.2,Totoli,molua,0.2,Moronene,molua
674-36_tospit-1,674,Tolaki,to spit,mo'eni,,0,1,1,0,0,0.921,0.929,0.598,candidate & profile,0.0,Bungku (Tulambatu),meʔeni,0.0,Bungku (Tulambatu),meʔeni
674-37_toeat-1,674,Tolaki,to eat,kaa,1,0,0,0,0,0,0.729,0.811,0.522,coded & profile,0.0,Mori,moŋkaa,0.0,Mori,moŋkaa
674-38_tochew-1,674,Tolaki,to chew,kaa,,0,1,1,0,0,0.264,0.313,0.19,candidate & no profile,0.25,Uma (Kantewu dialect),kajaʔ,0.667,Mori,momamaki
674-39_tocook-1,674,Tolaki,to cook,monahu,3,0,0,0,0,0,0.377,0.691,0.303,coded & no profile,0.0,Mori,monahu,0.0,Mori,monahu
674-40_todrink-1,674,Tolaki,to drink,mo'inu,,0,1,1,0,0,0.895,0.947,0.391,candidate & profile,0.0,Mori,moinu,0.0,Mori,moinu
674-41_tobite-1,674,Tolaki,to bite,kaa,,0,1,1,0,0,0.579,0.629,0.522,candidate & profile,0.25,Popalia,kaha,0.25,Kodeoha,mekara
674-43_ear-1,674,Tolaki,ear,biri,26,0,0,0,0,0,0.097,0.222,0.07,coded & no profile,0.0,Mori,biri,0.0,Mori,biri
674-44_tohear-1,674,Tolaki,to hear,podea,,0,1,1,0,0,0.688,0.937,0.51,candidate & profile,0.0,Bungku,mompodea,0.0,Bungku,mompodea
674-45_eye-1,674,Tolaki,eye,mata,1,0,0,0,0,0,0.05,0.099,0.046,coded & no profile,0.0,Banggai (W.dialect),mata,0.0,Mori,mata
674-46_tosee-1,674,Tolaki,to see,ki'ii,,0,1,0,1,0,0.953,0.982,0.784,candidate & profile,0.25,Mori Bawah (Bahano),moŋkii,0.25,Mori Bawah (Bahano),moŋkii
674-46_tosee-2,674,Tolaki,to see,ki'i,,0,1,0,1,0,0.735,0.826,0.502,candidate & profile,0.0,Mori Bawah (Bahano),moŋkii,0.0,Mori Bawah (Bahano),moŋkii
674-48_tosleep-1,674,Tolaki,to sleep,mo'iso,,0,1,1,0,0,0.895,0.953,0.391,candidate & profile,0.0,Kodeoha,moʔiso,0.0,Kodeoha,moʔiso
674-49_toliedown-1,674,Tolaki,to lie down,mo'iso'iso,,0,1,1,0,0,0.934,0.964,0.543,candidate & profile,0.0,Kodeoha,moisoiso,0.0,Kodeoha,moisoiso
674-50_todream-1,674,Tolaki,to dream,mo'ipi,,0,1,1,0,0,0.935,0.941,0.598,candidate & profile,0.0,Mori,moʔipi,0.0,Mori,moʔipi
674-51_tosit-1,674,Tolaki,to sit,mererehu,,0,1,0,1,0,0.422,0.83,0.28,candidate & no profile,0.0,Wiau,korerehu,0.0,Wiau,korerehu
674-52_tostand-1,674,Tolaki,to stand,menggokora,,0,1,0,1,0,0.871,0.957,0.687,candidate & profile,0.429,Andio,kumokoro,0.6,Kodeoha,mepotusa
674-53_personhumanbeing-1,674,Tolaki,person/human being,toono,,0,1,1,0,0,0.248,0.68,0.103,candidate & no profile,0.0,Kodeoha,toʔono,0.0,Kodeoha,toʔono
674-54_manmale-1,674,Tolaki,man/male,langgai,,0,1,1,0,0,0.334,0.759,0.144,candidate & no profile,0.143,Tomini (Tialo),langkai,0.143,Proto-Bungku-Tolaki,*langkai
674-55_womanfemale-1,674,Tolaki,woman/female,tina,20,0,0,0,0,0,0.21,0.362,0.082,coded & no profile,0.0,Bungku,tina,0.0,Bungku,tina
674-56_child-1,674,Tolaki,child,ana,1,0,0,0,0,0,0.009,0.026,0.018,coded & no profile,0.0,Bantik,anaʔ,0.0,Mori,ana
674-57_husband-1,674,Tolaki,husband,langgai,,0,1,1,0,0,0.363,0.78,0.144,candidate & no profile,0.429,Buginese (Soppeng Dialect),lakkai,0.667,Mori,tama
674-58_wife-1,674,Tolaki,wife,tina,,0,1,1,0,0,0.146,0.228,0.082,candidate & no profile,0.0,Kodeoha,sagina,0.0,Kodeoha,sagina
674-59_mother-1,674,Tolaki,mother,ina,1,0,0,0,0,0,0.068,0.12,0.05,coded & no profile,0.0,Banggai (W.dialect),tina,0.0,Bahonsuai,ina
674-60_father-1,674,Tolaki,father,ama,1,0,0,0,0,0,0.009,0.026,0.018,coded & no profile,0.0,Banggai (W.dialect),tama,0.0,Mori,ama
674-61_house-1,674,Tolaki,house,laika,,0,1,1,0,0,0.281,0.705,0.083,candidate & no profile,0.5,Mori,raha,0.5,Mori,raha
674-62_thatchroof-1,674,Tolaki,thatch/roof,ato,1,0,0,0,0,0,0.007,0.01,0.01,coded & no profile,0.0,Muna (Katobu-Tongkuno Dialect),ghato,0.0,Mori,ato
674-63_name-1,674,Tolaki,name,tamo,,0,1,1,0,0,0.137,0.229,0.082,candidate & no profile,0.0,Kodeoha,tamo,0.0,Kodeoha,tamo
674-64_tosay-1,674,Tolaki,to say,te'eni,,0,1,0,1,0,0.893,0.954,0.391,candidate & profile,0.333,Wolio,kooni,0.333,Koroni,koʔoni
674-65_rope-1,674,Tolaki,rope,oloo,,0,1,0,1,0,0.248,0.524,0.055,candidate & no profile,0.0,Kodeoha,oloo,0.0,Kodeoha,oloo
674-66_totieupfasten-1,674,Tolaki,"to tie up, fasten",onggo,,0,1,1,0,0,0.391,0.567,0.325,candidate & no profile,0.6,Buol,mogikot,0.6,Kulisusu,moŋkoo
674-67_tosew-1,674,Tolaki,to sew,moseu,,0,1,1,0,0,0.66,0.896,0.354,candidate & profile,0.0,Mori,monseu,0.0,Mori,monseu
674-68_needle-1,674,Tolaki,needle,seu,1,0,0,0,0,0,0.142,0.211,0.196,coded & no profile,0.0,Mori,seu,0.0,Mori,seu
674-70_toshoot-1,674,Tolaki,to shoot,pana,1,0,0,0,0,0,0.31,0.382,0.352,coded & no profile,0.0,Muna (Katobu-Tongkuno Dialect),aepana,0.0,Mori,mompana
674-71_tostabpierce-1,674,Tolaki,"to stab, pierce",tobo,24,0,0,0,0,0,0.195,0.453,0.126,coded & no profile,0.0,Muna (Katobu-Tongkuno Dialect),aetobo,0.0,Mori,montobo
674-72_tohit-1,674,Tolaki,to hit,toni,,0,1,0,1,0,0.342,0.549,0.24,candidate & no profile,0.5,Kioko,nelolei,0.333,Proto-Bungku-Tolaki,*kona
674-73_tosteal-1,674,Tolaki,to steal,ponini,,0,1,0,1,0,0.548,0.917,0.388,candidate & profile,0.5,Banggai (W.dialect),bonikuk,0.571,Kulisusu,monseeβi
674-74_tokill-1,674,Tolaki,to kill,pate,22,0,0,0,0,0,0.45,0.809,0.39,coded & no profile,0.0,Gorontalo (Hulondalo),mo-mate,0.0,Taloki,pepate
674-75_todiebedead-1,674,Tolaki,"to die, be dead",mate,1,0,0,0,0,0,0.219,0.521,0.16,coded & no profile,0.0,Banggai (W.dialect),mate,0.0,Mori,mate
674-76_tolivebealive-1,674,Tolaki,"to live, be alive",laa,,0,1,1,0,0,0.513,0.695,0.403,candidate & profile,0.25,Makassar,tallasaʔ,0.667,Proto-Bungku-Tolaki,*tora
674-77_toscratch-1,674,Tolaki,to scratch,karu,44,0,0,0,0,0,0.239,0.472,0.196,coded & no profile,0.0,Mori,mekaru,0.0,Mori,mekaru
674-78_tocuthack-1,674,Tolaki,"to cut, hack",pole'i,,0,1,1,0,0,0.942,0.982,0.509,candidate & profile,0.2,Mori,mompole,0.2,Mori,mompole
674-78_tocuthack-2,674,Tolaki,"to cut, hack",pole,,0,1,1,0,0,0.295,0.582,0.39,candidate & no profile,0.0,Mori,mompole,0.0,Mori,mompole
674-79_stickwood-1,674,Tolaki,stick/wood,tangge,,0,1,1,0,0,0.413,0.658,0.257,candidate & no profile,0.75,Tonsea,teken,0.8,Proto-Bungku-Tolaki,*kayu
674-80_tosplit-1,674,Tolaki,to split,wota,1,0,0,0,0,0,0.435,0.739,0.338,coded & no profile,0.0,Bare'e,wota,0.2,Proto-Bungku-Tolaki,*wotaQ
674-81_sharp-1,674,Tolaki,sharp,monggaso,,0,1,1,0,0,0.573,0.926,0.58,candidate & profile,0.25,Mori,montaso,0.25,Mori,montaso
674-83_towork-1,674,Tolaki,to work,mombaho,,0,1,1,0,0,0.634,0.897,0.594,candidate & profile,0.25,Uma (Kantewu dialect),mo-bago,0.571,Mori,mo'ŋga
674-84_toplant-1,674,Tolaki,to plant,mombaho,,0,1,1,0,0,0.62,0.9,0.594,candidate & profile,0.143,Mori,mompaho,0.143,Mori,mompaho
674-85_tochoose-1,674,Tolaki,to choose,mepili,,0,1,1,0,0,0.533,0.808,0.316,candidate & profile,0.0,Kaidipang,momili,0.2,Kulisusu,mompileʔi
674-86_togrow-1,674,Tolaki,to grow,toro,,0,1,1,0,0,0.362,0.663,0.24,candidate & no profile,0.25,Popalia,mɛnsoro,0.75,Mori,tuwu
674-87_toswell-1,674,Tolaki,to swell,kamba,20,0,0,0,0,0,0.327,0.724,0.357,coded & no profile,0.0,Mori,kamba,0.0,Mori,kamba
674-89_tohold-1,674,Tolaki,to hold,po'indi,,0,1,0,1,0,0.757,0.968,0.774,candidate & profile,0.2,Mori,moʔini,0.2,Mori,moʔini
674-90_todig-1,674,Tolaki,to dig,metanggali,,0,1,1,0,0,0.808,0.959,0.687,candidate & profile,0.429,Banggai (W.dialect),gali,0.875,Mori,moŋkelee
674-91_tobuy-1,674,Tolaki,to buy,po'oli,,0,1,1,0,0,0.919,0.976,0.509,candidate & profile,0.0,Banggai (W.dialect),moŋ-oli,0.0,Mori,moʔoli
674-92_toopenuncover-1,674,Tolaki,"to open, uncover",hungga,,0,1,1,0,0,0.587,0.871,0.508,candidate & profile,0.4,Muna (Katobu-Tongkuno Dialect),aelengha,0.75,Proto-Bungku-Tolaki,*wawaq
674-93_topoundbeat-1,674,Tolaki,"to pound, beat",moaliali,,0,1,1,0,0,0.543,0.874,0.252,candidate & profile,0.5,Wolio,pasaki,0.625,Mori,moʔisa
674-94_tothrow-1,674,Tolaki,to throw,kali,,0,1,1,0,0,0.314,0.481,0.359,candidate & no profile,0.333,Buol,momaki,0.5,Mori,tumadio
674-95_tofall-1,674,Tolaki,to fall,mo'isa,,0,1,1,0,0,0.905,0.95,0.391,candidate & profile,0.4,Kodeoha,mosia,0.4,Kodeoha,mosia
674-96_dog-1,674,Tolaki,dog,dahu,1,0,0,0,0,0,0.124,0.267,0.073,coded & no profile,0.0,Muna (Katobu-Tongkuno Dialect),d|ahu,0.0,Mori,d|ahu
674-97_bird-1,674,Tolaki,bird,manumanu,1,0,0,0,0,0,0.342,0.737,0.218,coded & no profile,0.0,Muna (Katobu-Tongkuno Dialect),manu-manu,0.0,Mori,manu-manu
674-98_egg-1,674,Tolaki,egg,ti'olu,,0,1,1,0,0,0.721,0.896,0.169,candidate & profile,0.0,Soboyo,tolu,0.0,Waru,tiʔolu
674-99_feather-1,674,Tolaki,feather,wulumanumanu,,0,1,1,0,0,0.089,0.535,0.071,candidate & no profile,0.556,Bantik,bumbulu,0.667,Mori,wulu
674-100_wing-1,674,Tolaki,wing,kae,,0,1,1,0,0,0.061,0.083,0.059,candidate & no profile,0.25,Kulisusu,kaβe,0.25,Kulisusu,kaβe
674-101_tofly-1,674,Tolaki,to fly,lumaa,,0,1,1,0,0,0.666,0.941,0.572,candidate & profile,0.0,Bahonsuai,lumaa,0.0,Bahonsuai,lumaa
674-102_rat-1,674,Tolaki,rat,tehu,7,0,0,0,0,0,0.236,0.4,0.082,coded & no profile,0.0,Mori,tehu,0.0,Mori,tehu
674-102_rat-2,674,Tolaki,rat,rate,7,0,0,0,0,0,0.133,0.262,0.073,coded & no profile,0.5,Kaidipang,burʔabu,0.6,Waru (Lalomerui),tadike
674-103_meatflesh-1,674,Tolaki,meat/flesh,ramo,,0,1,1,0,0,0.085,0.205,0.054,candidate & no profile,0.0,Kodeoha,ramo,0.0,Kodeoha,ramo
674-104_fatgrease-1,674,Tolaki,fat/grease,taba,23,0,0,0,0,0,0.122,0.287,0.06,coded & no profile,0.0,Mori,taba,0.0,Mori,taba
674-105_tail-1,674,Tolaki,tail,ekoro,,1,1,0,0,0,0.272,0.776,0.115,candidate & no profile,0.5,Buginese (Soppeng Dialect),ikkoʔ,0.5,Proto-Bungku-Tolaki,*ikuR
674-106_snake-1,674,Tolaki,snake,ule,2,0,0,0,0,0,0.054,0.119,0.05,coded & no profile,0.0,Bantik,uleʔ,0.0,Mori,ule
674-106_snake-2,674,Tolaki,snake,sao,2,0,0,0,0,0,0.13,0.209,0.196,coded & no profile,0.0,Kodeoha,sao,0.0,Kodeoha,sao
674-107_wormearthworm-1,674,Tolaki,worm (earthworm),uleule,,0,1,1,0,0,0.429,0.816,0.08,candidate & no profile,0.0,Soboyo,ule,0.625,Mori,ulekonda
674-108_louse-1,674,Tolaki,louse,kutu,1,0,0,0,0,0,0.138,0.262,0.137,coded & no profile,0.0,Bantik,kutu,0.0,Mori,kutu
674-109_mosquito-1,674,Tolaki,mosquito,buroto,23,0,0,0,0,0,0.139,0.602,0.122,coded & no profile,0.0,Muna (Katobu-Tongkuno Dialect),buroto,0.0,Bungku (Torete),buroto
674-110_spider-1,674,Tolaki,spider,kangga,43,0,0,0,0,0,0.099,0.147,0.061,coded & no profile,0.333,Mori,kaaŋga,0.143,Proto-Bungku-Tolaki,*kangga°
674-111_fish-1,674,Tolaki,fish,ika,1,0,0,0,0,0,0.07,0.129,0.05,coded & no profile,0.0,Bungku,ika,0.0,Bungku,ika
674-112_rotten-1,674,Tolaki,rotten,mowuho,115,0,0,0,0,0,0.248,0.7,0.167,coded & no profile,0.333,Wolio,mabuto,0.5,Mori,moboo
674-114_leaf-1,674,Tolaki,leaf,tawa,,0,1,1,0,0,0.136,0.253,0.116,candidate & no profile,0.0,Wolio,tawa,0.25,Kodeoha,taβa
674-115_root-1,674,Tolaki,root,akara,,0,1,1,0,0,0.467,0.861,0.309,candidate & no profile,0.333,Muna (Katobu-Tongkuno Dialect),paraka,0.333,Mori,haka
674-116_flower-1,674,Tolaki,flower,wulele,,0,1,1,0,0,0.346,0.826,0.135,candidate & no profile,0.0,Bungku (Routa),βulele,0.0,Bungku (Routa),βulele
674-117_fruit-1,674,Tolaki,fruit,wua,1,0,0,0,0,0,0.245,0.403,0.199,coded & no profile,0.0,Mori,wua[ŋkeu],0.0,Mori,wua[ŋkeu]
674-118_grass-1,674,Tolaki,grass,rembu,,0,1,1,0,0,0.18,0.443,0.172,candidate & no profile,0.333,Wasambua dialect of Cia-Cia,χumpu,0.75,Mori,seko
674-119_earthsoil-1,674,Tolaki,earth/soil,wuta,27,0,0,0,0,0,0.148,0.317,0.103,coded & no profile,0.0,Gorontalo (Hulondalo),huta,0.0,Kodeoha,βuta
674-120_stone-1,674,Tolaki,stone,watu,1,0,0,0,0,0,0.17,0.374,0.103,coded & no profile,0.0,Banggai (W.dialect),batu,0.0,Mori,watu
674-121_sand-1,674,Tolaki,sand,one,1,0,0,0,0,0,0.282,0.441,0.199,coded & no profile,0.0,Banggai (W.dialect),bone,0.0,Mori,one
674-122_water-1,674,Tolaki,water,woi,,0,1,1,0,0,0.191,0.303,0.199,candidate & no profile,0.0,Mori,uwoi,0.0,Mori,uwoi
674-123_toflow-1,674,Tolaki,to flow,lumaa,,0,1,1,0,0,0.679,0.934,0.572,candidate & profile,0.333,Kulisusu,βaa,0.333,Kulisusu,βaa
674-124_sea-1,674,Tolaki,sea,tahi,1,0,0,0,0,0,0.176,0.355,0.116,coded & no profile,0.0,Mori,tahi,0.0,Mori,tahi
674-125_salt-1,674,Tolaki,salt,peanihi,,0,1,1,0,0,0.656,0.95,0.261,candidate & profile,0.4,Moronene,tahi,0.4,Moronene,tahi
674-126_lake-1,674,Tolaki,lake,rano,1,0,0,0,0,0,0.175,0.37,0.103,coded & no profile,0.0,Mori,rano,0.0,Mori,rano
674-127_woodsforest-1,674,Tolaki,woods/forest,ahoma,,0,1,1,0,0,0.495,0.886,0.309,candidate & no profile,0.0,Uma (Kantewu dialect),oma,0.5,Bungku,larombana
674-128_sky-1,674,Tolaki,sky,lahuene,,0,1,1,0,0,0.219,0.772,0.043,candidate & no profile,0.0,Bungku (Torete),lahuene,0.0,Bungku (Torete),lahuene
674-129_moon-1,674,Tolaki,moon,wula,1,0,0,0,0,0,0.161,0.332,0.103,coded & no profile,0.0,Muna (Katobu-Tongkuno Dialect),wula,0.0,Mori,wula
674-130_star-1,674,Tolaki,star,wotiti,,0,1,1,0,0,0.33,0.81,0.135,candidate & no profile,0.0,Kaidipang,matiti,0.0,Kodeoha,βotiti
674-131_cloud-1,674,Tolaki,cloud,gowa,,0,1,0,1,0,0.136,0.27,0.103,candidate & no profile,0.667,Bantik,binaba,0.667,Taloki,kaolu
674-133_rain-1,674,Tolaki,rain,usa,1,0,0,0,0,0,0.235,0.407,0.199,coded & no profile,0.0,Mori,usa,0.0,Mori,usa
674-135_lightning-1,674,Tolaki,lightning,kila,1,1,0,0,0,0,0.211,0.379,0.195,coded & no profile,0.0,Bantik,kilaʔ,0.0,Kulisusu,kila
674-136_wind-1,674,Tolaki,wind,pua,,0,1,1,0,0,0.369,0.469,0.341,candidate & no profile,0.333,Mori,pue,0.25,Proto-Bungku-Tolaki,*pua°
674-137_toblow-1,674,Tolaki,to blow,mepua,,0,1,0,1,0,0.665,0.89,0.354,candidate & profile,0.4,Bare'e,me-wui,0.429,Mori,mepuuri
674-138_warm-1,674,Tolaki,warm,mokula,,0,1,1,0,0,0.39,0.782,0.212,candidate & no profile,0.0,Mori,mokula,0.0,Mori,mokula
674-139_cold-1,674,Tolaki,cold,morini,,0,1,1,0,0,0.396,0.775,0.212,candidate & no profile,0.0,Mori,morini,0.0,Mori,morini
674-140_dry-1,674,Tolaki,dry,mowatu,,0,1,1,0,0,0.446,0.809,0.212,candidate & no profile,0.0,Kodeoha,moβatu,0.0,Kodeoha,moβatu
674-141_wet-1,674,Tolaki,wet,meiwoi,,0,1,1,0,0,0.549,0.861,0.397,candidate & profile,0.5,Bare'e,wota,0.667,Proto-Bungku-Tolaki,*bahoq
674-142_heavy-1,674,Tolaki,heavy,mobea,,0,1,0,1,0,0.608,0.907,0.429,candidate & profile,0.2,Kulisusu,moɓea,0.2,Kulisusu,moɓea
674-143_fire-1,674,Tolaki,fire,api,1,0,0,0,0,0,0.057,0.134,0.06,coded & no profile,0.0,Mori,api,0.0,Mori,api
674-144_toburn-1,674,Tolaki,to burn,hunu,,0,1,1,0,0,0.372,0.606,0.338,candidate & no profile,0.0,Muna (Katobu-Tongkuno Dialect),aetunu,0.0,Kodeoha,modunu
674-145_smoke-1,674,Tolaki,smoke,ahu,2,0,0,0,0,0,0.059,0.122,0.06,coded & no profile,0.0,Mori,ahu,0.0,Mori,ahu
674-146_ashes-1,674,Tolaki,ashes,awu,1,0,0,0,0,0,0.059,0.113,0.06,coded & no profile,0.0,Mori,awu,0.0,Mori,awu
674-147_black-1,674,Tolaki,black,me'eto,,0,1,1,0,0,0.837,0.931,0.34,candidate & profile,0.0,Kodeoha,meʔeto,0.0,Kodeoha,meʔeto
674-148_white-1,674,Tolaki,white,mowila,,0,1,1,0,0,0.4,0.781,0.212,candidate & no profile,0.0,Moronene,mopila,0.0,Moronene,mopila
674-149_red-1,674,Tolaki,red,momea,,0,1,0,1,0,0.597,0.903,0.429,candidate & profile,0.0,Bungku,momea,0.0,Bungku,momea
674-150_yellow-1,674,Tolaki,yellow,mokuni,,0,1,1,0,0,0.392,0.777,0.212,candidate & no profile,0.0,Banggai (W.dialect),uni[w],0.0,Mori,moŋkuni
674-151_green-1,674,Tolaki,green,mo'osu,,0,1,1,0,0,0.834,0.924,0.34,candidate & profile,0.4,Bahonsuai,moʔuso,0.4,Bahonsuai,moʔuso
674-152_small-1,674,Tolaki,small,mohewu,,0,1,1,0,0,0.41,0.795,0.212,candidate & no profile,0.167,Bungku,moheɸu,0.167,Bungku,moheɸu
674-153_big-1,674,Tolaki,big,wo'ose,,0,1,1,0,0,0.777,0.953,0.267,candidate & profile,0.0,Bungku,oɸose,0.0,Bungku,oɸose
674-154_short-1,674,Tolaki,short,putu,,0,1,1,0,0,0.259,0.519,0.261,candidate & no profile,0.0,Wiau,oputu,0.0,Wiau,oputu
674-155_long-1,674,Tolaki,long,mendaa,,0,1,1,0,0,0.658,0.927,0.599,candidate & profile,0.0,Kodeoha,medaa,0.0,Kodeoha,medaa
674-156_thin-1,674,Tolaki,thin,monipi,1,0,0,0,0,0,0.422,0.817,0.212,coded & no profile,0.0,Banggai (W.dialect),nipi,0.0,Mori,monipi
674-157_thick-1,674,Tolaki,thick,mokapa,1,0,0,0,0,0,0.445,0.818,0.212,coded & no profile,0.0,Muna (Katobu-Tongkuno Dialect),nokapa,0.0,Mori,mokapa
674-158_narrow-1,674,Tolaki,narrow,mohewu,,0,1,1,0,0,0.414,0.802,0.212,candidate & no profile,0.5,Kulisusu,mosuku,0.5,Kulisusu,mosuku
674-159_wide-1,674,Tolaki,wide,molua,,0,1,1,0,0,0.605,0.901,0.429,candidate & profile,0.0,Mori,malua,0.0,Mori,malua
674-160_painfulsick-1,674,Tolaki,"painful, sick",mohaki,,0,1,1,0,0,0.407,0.79,0.212,candidate & no profile,0.0,Mori,mahaki,0.0,Mori,mahaki
674-161_shyashamed-1,674,Tolaki,"shy, ashamed",kohanu,,0,1,1,0,0,0.229,0.791,0.349,candidate & no profile,0.333,Mori,mokoʔau,0.333,Mori,mokoʔau
674-162_old-1,674,Tolaki,old,motu'o,,0,1,1,0,0,0.849,0.944,0.34,candidate & profile,0.0,Kodeoha,motuo,0.0,Kodeoha,motuo
674-163_new-1,674,Tolaki,new,wo'ohu,,0,1,1,0,0,0.77,0.945,0.267,candidate & profile,0.0,Gorontalo (Hulondalo),bohu,0.0,Mori,woʔohu
674-164_good-1,674,Tolaki,good,meambo,,0,1,1,0,0,0.639,0.929,0.599,candidate & profile,0.0,Mori Atas (Doule),meambo,0.0,Mori Atas (Doule),meambo
674-165_badevil-1,674,Tolaki,"bad, evil",mosaa,,0,1,1,0,0,0.601,0.921,0.429,candidate & profile,0.2,Mori,mosa'o,0.2,Mori,mosa'o
674-166_correcttrue-1,674,Tolaki,"correct, true",meara'i,,0,1,1,0,0,0.796,0.924,0.153,candidate & profile,0.25,Lasalimu,banara,0.667,Mori,mentee
674-167_night-1,674,Tolaki,night,wingi,,0,1,1,0,0,0.224,0.402,0.16,candidate & no profile,0.0,Tonsea,wengi,0.25,Proto-Bungku-Tolaki,"*w(i,o)ngi°"
674-168_day-1,674,Tolaki,day,oleo,,0,1,1,0,0,0.205,0.441,0.055,candidate & no profile,0.0,Muna (Katobu-Tongkuno Dialect),gholeo,0.0,Proto-Bungku-Tolaki,*oleo
674-169_year-1,674,Tolaki,year,tau,1,0,0,0,0,0,0.061,0.125,0.034,coded & no profile,0.0,Mori,taʔu,0.0,Mori,taʔu
674-170_when-1,674,Tolaki,when?,teipia,"1,65",0,0,0,0,0,0.344,0.897,0.268,coded & no profile,0.0,Mori,teʔipia,0.0,Mori,teʔipia
674-171_tohide-1,674,Tolaki,to hide,hi'i,,0,1,1,0,0,0.721,0.831,0.418,candidate & profile,0.5,Andio,mimbini,0.667,Mori,mewuni
674-172_toclimb-1,674,Tolaki,to climb,momone,,0,1,1,0,0,0.439,0.815,0.263,candidate & no profile,0.0,Bare'e,pone,0.0,Kulisusu,moone
674-173_at-1,674,Tolaki,at,i,1,0,0,0,0,0,0.042,0.172,0.024,coded & no profile,,,,,,
674-174_ininside-1,674,Tolaki,"in, inside",i lalo,1,0,0,0,0,0,0.364,0.873,0.188,coded & no profile,0.0,Muna (Katobu-Tongkuno Dialect),we lalo,0.2,Kulisusu,i laro
674-175_above-1,674,Tolaki,above,i wawo,,0,1,1,0,0,0.339,0.827,0.188,candidate & no profile,0.0,Muna (Katobu-Tongkuno Dialect),te wawo,0.0,Mori,i wawo[no]
674-176_below-1,674,Tolaki,below,i lolu,,0,1,0,1,0,0.346,0.844,0.188,candidate & no profile,0.333,Popalia,[ka]ɸoru,0.6,Mori,i toto[no]
674-177_this-1,674,Tolaki,this,inono,,0,1,1,0,0,0.202,0.804,0.12,candidate & no profile,0.0,Bungku,riono,0.0,Bungku,riono
674-178_that-1,674,Tolaki,that,nggitu'o,,0,1,1,0,0,0.775,0.957,0.654,candidate & profile,0.25,Gorontalo (Hulondalo),ʔuyito,0.25,Kodeoha,ituu
674-179_near-1,674,Tolaki,near,merambi,,0,1,1,0,0,0.72,0.948,0.715,candidate & profile,0.0,Mori Atas (Doule),merambi,0.0,Mori Atas (Doule),merambi
674-180_far-1,674,Tolaki,far,mondae,,0,1,1,0,0,0.869,0.967,0.882,candidate & profile,0.333,Bantik,daw,0.333,Bungku,olae
674-181_where-1,674,Tolaki,where?,humbee,,0,1,1,0,0,0.42,0.865,0.242,candidate & no profile,0.0,Kodeoha,ubee,0.0,Kodeoha,ubee
674-182_i-1,674,Tolaki,I,inaku,,0,1,1,0,0,0.314,0.857,0.191,candidate & no profile,0.0,Banggai (W.dialect),iaku,0.0,Mori,aku [fut]
674-183_thou-1,674,Tolaki,thou,inggo'o,,0,1,1,0,0,0.757,0.945,0.425,candidate & profile,0.0,Kodeoha,igoo,0.0,Kodeoha,igoo
674-184_heshe-1,674,Tolaki,he/she,i'ia,,0,1,1,0,0,0.789,0.906,0.223,candidate & profile,0.0,Lasalimu,iʔia,0.333,Bungku (Landawe),iaa
674-184_heshe-2,674,Tolaki,he/she,ie'i,,0,1,1,0,0,0.797,0.913,0.223,candidate & profile,0.0,Waru (Lalomerui),ieʔi,0.0,Waru (Lalomerui),ieʔi
674-185_we-1,674,Tolaki,we,inggito,14,0,0,0,0,0,0.09,0.25,0.081,coded & no profile,0.0,Kodeoha,igito,0.0,Kodeoha,igito
674-185_we-2,674,Tolaki,we,inggami,14,0,0,0,0,0,0.114,0.299,0.081,coded & no profile,0.0,Waru,iŋgami,0.0,Waru,iŋgami
674-186_you-1,674,Tolaki,you,inggomiu,,0,1,1,0,0,0.333,0.858,0.304,candidate & no profile,0.2,Mori,omiu,0.2,Mori,omiu
674-187_they-1,674,Tolaki,they,mehira,,0,1,1,0,0,0.699,0.92,0.495,candidate & profile,0.0,Mori,ira,0.0,Mori,ira
674-187_they-2,674,Tolaki,they,mehiro,,0,1,1,0,0,0.697,0.912,0.495,candidate & profile,0.0,Kodeoha,ihiro,0.0,Kodeoha,ihiro
674-188_what-1,674,Tolaki,what?,hawo,,0,1,1,0,0,0.369,0.648,0.349,candidate & no profile,0.25,Kodeoha,hapo,0.25,Kodeoha,hapo
674-189_who-1,674,Tolaki,who?,inae,,0,1,1,0,0,0.269,0.708,0.146,candidate & no profile,0.0,Bungku (Landawe),inae,0.0,Bungku (Landawe),inae
674-191_all-1,674,Tolaki,all,luwuako-,,0,1,1,0,0,0.246,0.836,0.101,candidate & no profile,0.0,Bungku (Landawe),luβuako,0.0,Bungku (Landawe),luβuako
674-192_and-1,674,Tolaki,and,ronga,,0,1,1,0,0,0.698,0.904,0.632,candidate & profile,0.25,Totoli,lengan,0.8,Mori,ka
674-193_if-1,674,Tolaki,if,mano,,0,1,1,0,0,0.475,0.719,0.54,candidate & no profile,0.333,Muna (Katobu-Tongkuno Dialect),ane,0.667,Mori,tewala
674-194_how-1,674,Tolaki,how?,mombake hawo,,0,1,1,0,0,0.764,0.944,0.78,candidate & profile,0.444,Wasambua dialect of Cia-Cia,mbahae,0.5,Kodeoha,tebekeka
674-195_nonot-1,674,Tolaki,"no, not",oki,,0,1,1,0,0,0.136,0.314,0.14,candidate & no profile,0.333,Banggai (W.dialect),aki,0.667,Mori,nahi
674-196_tocount-1,674,Tolaki,to count,do'a,,0,1,1,0,0,0.742,0.847,0.418,candidate & profile,0.0,Mori,modoa,0.0,Mori,modoa
674-197_one-1,674,Tolaki,One,aso,1,0,0,0,0,1,0.016,0.073,0.042,coded & no profile,0.0,Kodeoha,oaso,0.0,Kodeoha,oaso
674-198_two-1,674,Tolaki,Two,oruo,1,0,0,0,0,1,0.331,0.671,0.149,coded & no profile,0.0,Kodeoha,oruo,0.0,Kodeoha,oruo
674-199_three-1,674,Tolaki,Three,tolu,1,0,0,0,0,1,0.09,0.261,0.101,coded & no profile,0.0,Banggai (W.dialect),tolu,0.0,Mori,otolu
674-200_four-1,674,Tolaki,Four,omba,,0,1,1,0,1,0.071,0.187,0.097,candidate & no profile,0.0,Mori Atas (Doule),oomba,0.0,Mori Atas (Doule),oomba
674-201_five-1,674,Tolaki,Five,limo,1,0,0,0,0,1,0.079,0.267,0.09,coded & no profile,0.0,Gorontalo (Hulondalo),limo,0.0,Mori,olimo
674-202_six-1,674,Tolaki,Six,ono,1,0,0,0,0,1,0.125,0.227,0.095,coded & no profile,0.0,Mori,ono,0.0,Mori,ono
674-203_seven-1,674,Tolaki,Seven,pitu,1,0,0,0,0,1,0.218,0.433,0.173,coded & no profile,0.0,Banggai (W.dialect),pitu,0.0,Proto-Bungku-Tolaki,*o-pitu
674-204_eight-1,674,Tolaki,Eight,hoalu,,0,1,1,0,1,0.412,0.748,0.256,candidate & no profile,0.0,Banggai (W.dialect),alu,0.0,Mori,hoalu
674-205_nine-1,674,Tolaki,Nine,osio,5,0,0,0,0,1,0.434,0.646,0.211,coded & no profile,0.0,Banggai (W.dialect),sio,0.0,Mori,osio
674-206_ten-1,674,Tolaki,Ten,hopulo,,0,1,1,0,1,0.293,0.642,0.258,candidate & no profile,0.0,Banggai (W.dialect),soŋulo,0.0,Mori,hopulo
674-207_twenty-1,674,Tolaki,Twenty,ruambulo,,0,1,1,0,1,0.711,0.888,0.64,candidate & profile,0.0,Tomadino,ruambulo,0.0,Tomadino,ruambulo
674-208_fifty-1,674,Tolaki,Fifty,limambulo,,0,1,1,0,1,0.837,0.932,0.778,candidate & profile,0.111,Makassar,limampulo,0.333,Kulisusu,limapulu
674-209_onehundred-1,674,Tolaki,One Hundred,aso'etu,,0,1,1,0,1,0.84,0.948,0.297,candidate & profile,0.0,Mori,asoetu,0.0,Mori,asoetu
674-210_onethousand-1,674,Tolaki,One Thousand,aso-sou,,0,1,0,1,1,0.315,0.756,0.088,candidate & no profile,0.143,Kodeoha,asosoβu,0.143,Kodeoha,asosoβu
