occ_id,inscription,title,date,date_src,region,noun,proposed_name,kwic_left,kwic_noun,kwic_right
INS12Gilikan#001,INS12Gilikan,Gilikan (date lost),901-1000,alias: xlsx Gilikan I 10th c.,Unlocated,vanuA,tlas,panapa- thai I haR̥pan saṁ vahuta patiḥ muAṁ I haR̥pan saṁ Anak,vanuA,tlas saṁ makudur manapathai Umaṅsə saṁ vahuta patiḥ mu- Aṁ rāmanta raiṇanta
INS12Gilikan#002,INS12Gilikan,Gilikan (date lost),901-1000,alias: xlsx Gilikan I 10th c.,Unlocated,banua,si,gusti i gilikan si kaṇḍuṅ sinrahan vḍihan yu 4 hlai 1 tuha,banua,si kamvul ramani balusuk parujar si mamvaṅ ramani raja muvah gusti si
INS12Gilikan#003,INS12Gilikan,Gilikan (date lost),901-1000,alias: xlsx Gilikan I 10th c.,Unlocated,banua,si,i paraṅ tuha kalaṅ si nava ramani ḍaṇu rāma i kasugihan tuha,banua,si dṛṣṭi ramani vlahan kapua vinaih pasək-pasək mas mā vḍihan ragi yu
INS12Gilikan#004,INS12Gilikan,Gilikan (date lost),901-1000,alias: xlsx Gilikan I 10th c.,Unlocated,vanua,tamviṅ,sovaṅ-sovaṅ madāṅ si goṇḍoṅ ramani sañjaya mavuai si sadyā ata ri piṭapuag,vanua,i tamviṅ vatək ta- Plate Y verso laṅ variga i ḍaṇu si
INS12Gilikan#005,INS12Gilikan,Gilikan (date lost),901-1000,alias: xlsx Gilikan I 10th c.,Unlocated,vanua,kasugihan,pamasaran vinaih vḍihan yu 1 tuha paḍahi si keñjur ramani baciṅ anak,vanua,i kasugihan muvah tuha paḍahi si vanua ramani bṛkut anak vanua i
INS12Gilikan#006,INS12Gilikan,Gilikan (date lost),901-1000,alias: xlsx Gilikan I 10th c.,Unlocated,vanua,ramani,si keñjur ramani baciṅ anak vanua i kasugihan muvah tuha paḍahi si,vanua,ramani bṛkut anak vanua i turu maṅamvil vidu si lakṣaṇa kapua vinaih
INS12Gilikan#007,INS12Gilikan,Gilikan (date lost),901-1000,alias: xlsx Gilikan I 10th c.,Unlocated,vanua,turu,anak vanua i kasugihan muvah tuha paḍahi si vanua ramani bṛkut anak,vanua,i turu maṅamvil vidu si lakṣaṇa kapua vinaih mas mā 4 vḍihan
INSIDENKAirKali#001,INSIDENKAirKali,Air Kali (849-850 Śaka),928,title,East Java,thani,yăvat,vanaprasthā bhikṣuta Athaca caturvarṇna brăhmāṇa kṣatriya veśya śūdra mvaṁ piṅhay akurug anak,thani,yăvat ya Umulah-ulaḥ sarasasany anugraha śrĭ mahărăja Irikaṅ suk ṣĭma I Air
INSIDENKAyamTeas_I#001,INSIDENKAyamTeas_I,Ayam Teas I (822 Śaka),900,title,Kedu,vanuA,sĭma,śivāstra maṁhuri pu cakra vadihati pu ḍapit makudur pu sāmvr̥da kumonnakan soĀraniṁ,vanuA,sĭma I Ayam təAs hiṁhiṁṅana Ikanaṁ masamvyavahāra hana ṁkāna Anuṁ tan knā
INSIDENKAyamTeas_II#001,INSIDENKAyamTeas_II,Charter of Ayam Teas II,901,xlsx CE,Other Central Java,vanuA,ṇyā,maṁhuri pu cakra vadihatī pu ḍapit makudur pu samvr̥da kumonnakan sovaraniṅ anak,vanuA,ṇyā śīma viṇ vadihatī kudur kanakbanuAn kavahutan I mvyā vatak ha k
INSIDENKAyamTeas_III#001,INSIDENKAyamTeas_III,"Charter of Ayam Teas III (822 Śaka, 901-01-01)",901,title,Other Central Java,vanuA,sĭma,ri pu cakra vadihati pu ḍapit makudur pu samvrida kumonakan Ikan niṁ,vanuA,sĭma Ayam təAs kabeḥ hiṁhiṅana Ikanaṁ masamvyavahara hana ṅkana Anuṁ tan katamana
INSIDENKBarahasrama#001,INSIDENKBarahasrama,"Barahasrama (837 Śaka, 915-12-14)",915,title,Central Java (unspecific),vanuA,poḥ,sirikan pu suparṇna rakai vka pu hanumān rakai bavaṁ pūttara kumonnakan Ikanaṁ,vanuA,I poḥ galuḥ muAṁ ri Er kuviṁ kapuA vatak layaṁ paṅguhannikanaṁ vanuA
INSIDENKBarahasrama#002,INSIDENKBarahasrama,"Barahasrama (837 Śaka, 915-12-14)",915,title,Central Java (unspecific),vanuA,poḥ,vanuA I poḥ galuḥ muAṁ ri Er kuviṁ kapuA vatak layaṁ paṅguhannikanaṁ,vanuA,I poḥ galuḥ pirak kā 1 Iṁ satahun -satahun hop Avur skar
INSIDENKBarahasrama#003,INSIDENKBarahasrama,"Barahasrama (837 Śaka, 915-12-14)",915,title,Central Java (unspecific),vanuA,Er,Iṁ satahun -satahun hop Avur skar tahun pjaḥ lek Arik-arik prakāra paṅguhannikanaṁ,vanuA,ri Er kuviṁ pirak kā 1 Iṁ satahun -satahun Alas nya tgal
INSIDENKBarahasrama#004,INSIDENKBarahasrama,"Barahasrama (837 Śaka, 915-12-14)",915,title,Central Java (unspecific),vanuA,poḥ,Alas nya tgal nya luAḥnya riṁ lbak riṁ hunur sapinasuk ni lmaḥnikanaṁ,vanuA,I poḥ galuḥ mvaṁ ri Er kuviṁ kasaṁsiptā tumamā ri bhaṭāra riṁ
INSIDENKBarahasrama#005,INSIDENKBarahasrama,"Barahasrama (837 Śaka, 915-12-14)",915,title,Central Java (unspecific),vanuA,poḥ,I dalam siṅgaḥ pamr̥ṣi hulun haji mahaliman L̥bə-L̥b Ityaivamādi tan tumamā rikanaṁ,vanuA,ri poḥ galuḥ muAṁ ri Er kuviṁ samaṅkana saprakārani sukha-duḥkhanya kabaiḥ mayaṁ
INSIDENKBarahasrama#006,INSIDENKBarahasrama,"Barahasrama (837 Śaka, 915-12-14)",915,title,Central Java (unspecific),vanuA,poḥ,tali ket tan luptā Ikana kabaiḥ denikanaṁ vka tūn I bhaṭārī paknānikanaṁ,vanuA,I poḥ galuḥ muAṁ ri Er kuviṁ dmaka pun punana ṅatərakna mareṁ
INSIDENKBarsahan#001,INSIDENKBarsahan,Barsahan charter (date lost),908,xlsx CE,Unlocated,thāni,viji,kalaṅkaṁ kutak taṅkil tr̥pan salyut vatu valaṁ pamaṇikan maṇika sikpan rumbān vilaṁ,thāni,viji kavaḥ tiṅkəs māvī manambaṅi sahiran tuha dagaṁ juru gośali maṁrumbe maṁguñjai
INSIDENKBhatari#001,INSIDENKBhatari,"Bhatari (829 Śaka, 907-10-07)",907,title,Central Java (unspecific),vanva,mantyāsiḥ,8 sovaṁ-sovaṁ dihati juru I mukudur 2 taṁkil sugiḥ pu mankai Anak,vanva,I mantyāsiḥ vatak makudur ma ṇḍamuhi san brahmīśana Anak vanva I gunuṅan
INSIDENKBhatari#002,INSIDENKBhatari,"Bhatari (829 Śaka, 907-10-07)",907,title,Central Java (unspecific),vanva,gunuṅan,mankai Anak vanva I mantyāsiḥ vatak makudur ma ṇḍamuhi san brahmīśana Anak,vanva,I gunuṅan vatak taṅkilan citralekha vuṅkal k vanva I turuvanban vatak tiru
INSIDENKBhatari#003,INSIDENKBhatari,"Bhatari (829 Śaka, 907-10-07)",907,title,Central Java (unspecific),vanva,turuvanban,ṇḍamuhi san brahmīśana Anak vanva I gunuṅan vatak taṅkilan citralekha vuṅkal k,vanva,I turuvanban vatak tiru raṇu citralekha dharmmasinta saṁ ra buAḥ Anak vanva
INSIDENKBhatari#004,INSIDENKBhatari,"Bhatari (829 Śaka, 907-10-07)",907,title,Central Java (unspecific),vanva,pās,vanva I turuvanban vatak tiru raṇu citralekha dharmmasinta saṁ ra buAḥ Anak,vanva,I pās vatak pās parujar i vka viriḍiḥ pu daṇu n ḍa
INSIDENKBhatari#005,INSIDENKBhatari,"Bhatari (829 Śaka, 907-10-07)",907,title,Central Java (unspecific),vanuA,vuṅkuḍu,pās parujar i vka viriḍiḥ pu daṇu n ḍa punta katimamaṁ Anak,vanuA,I vuṅkuḍu vatak kilipan kapuA vinaiḥ pasak -pasak vḍihan yu 1 mas
INSIDENKBhatari#006,INSIDENKBhatari,"Bhatari (829 Śaka, 907-10-07)",907,title,Central Java (unspecific),vanuA,tuṅgu,mā 4 sovaṁ-sovaṁ n parujar I palar hyaṁ tumapal saṁ baka Anak,vanuA,I tuṅgu manoṅan parujar i maṁhuri saṁ ra nuĪ pu gupura 8+
INSIDENKBhatari#007,INSIDENKBhatari,"Bhatari (829 Śaka, 907-10-07)",907,title,Central Java (unspecific),vanva,Iy,vatak vuru siki parujar I tirip saṁ ra paḍaṁ pu rāghu Anak,vanva,Iy ugiḥhan vatak dalinan kapva vinaiḥ pasak -pasak vḍihan masusū Anak vanuA
INSIDENKBhatari#008,INSIDENKBhatari,"Bhatari (829 Śaka, 907-10-07)",907,title,Central Java (unspecific),vanuA,muṅgi,vanva Iy ugiḥhan vatak dalinan kapva vinaiḥ pasak -pasak vḍihan masusū Anak,vanuA,I muṅgi sīma I tirip panuvuṅan si laṅkā Anak vanva I vatu
INSIDENKBhatari#009,INSIDENKBhatari,"Bhatari (829 Śaka, 907-10-07)",907,title,Central Java (unspecific),vanva,vatu,masusū Anak vanuA I muṅgi sīma I tirip panuvuṅan si laṅkā Anak,vanva,I vatu Antan vatak vatu Antan kapuA vinaiḥ pasak -pasak hati i
INSIDENKBhatari#010,INSIDENKBhatari,"Bhatari (829 Śaka, 907-10-07)",907,title,Central Java (unspecific),vanva,rahu,vatu Antan kapuA vinaiḥ pasak -pasak hati i makudur saṁ vaja Anak,vanva,I rahu vatak turu hayu vinaiḥ vḍihan yu 2 mas mā 8
INSIDENKDalinan#001,INSIDENKDalinan,"Charter for the demarcation of Wukajana, Tumpak & Wuru Telu villages for the monastery at Dalinan (825 Śaka, 5 March 904)",903,title,Central Java (unspecific),vanuA,patapān,mapatiḥ I hino pu dakṣottama-bāhubajra-pratipakṣakṣaya kumon samgat kalaṁ vuṅkal pu layaṁ Anak,vanuA,I patapān tutuganniṁ taṇḍa sumusuka Ikanaṁ vanuA I vukajana I tumpak I
INSIDENKDalinan#002,INSIDENKDalinan,"Charter for the demarcation of Wukajana, Tumpak & Wuru Telu villages for the monastery at Dalinan (825 Śaka, 5 March 904)",903,title,Central Java (unspecific),vanuA,vukajana,kalaṁ vuṅkal pu layaṁ Anak vanuA I patapān tutuganniṁ taṇḍa sumusuka Ikanaṁ,vanuA,I vukajana I tumpak I vuru tlu vatak kalaṁ vuṅkal gavai mā
INSIDENKDalinan#003,INSIDENKDalinan,"Charter for the demarcation of Wukajana, Tumpak & Wuru Telu villages for the monastery at Dalinan (825 Śaka, 5 March 904)",903,title,Central Java (unspecific),vanuA,vuAra,blaḥ 1 suku 1 kaṭik prāṇa Avurnya hinavu-havu samvandhānya kinon sumusuka Ikanaṁ,vanuA,vuAra kuṭi I dalinan vatak husaḍar ya ta pinuliḥ samgat kalaṁ vuṅkal
INSIDENKDalinan#004,INSIDENKDalinan,"Charter for the demarcation of Wukajana, Tumpak & Wuru Telu villages for the monastery at Dalinan (825 Śaka, 5 March 904)",903,title,Central Java (unspecific),vanuA,vukajana,kalaṁ vuṅkal pinahayunira jinaryyakan nira bihāra ya samvandhānyar Inanugrahān kinon sumusuka Ikanaṁ,vanuA,I vukajana I tumpak I vuru tlu sīmā pumpunananikanaṁ vihāra gavainira kunaṁ
INSIDENKDalinan#005,INSIDENKDalinan,"Charter for the demarcation of Wukajana, Tumpak & Wuru Telu villages for the monastery at Dalinan (825 Śaka, 5 March 904)",903,title,Central Java (unspecific),vanuA,parṇahani,sumvul vatək I dalam siṅgaḥ pamr̥ṣi hulun haji Ityaivamādi tan tumamā Irikanaṁ,vanuA,parṇahani parmasanya tumamā I bhaṭāra I vihāra I dalinan deyanya mavaiḥ manaṅahana
INSIDENKDalinan#006,INSIDENKDalinan,"Charter for the demarcation of Wukajana, Tumpak & Wuru Telu villages for the monastery at Dalinan (825 Śaka, 5 March 904)",903,title,Central Java (unspecific),vanuA,vukajana,mahārāja rakai vatu kura I samgat kalaṁ vuṅkal pu layaṁ sumusuka Ikanaṁ,vanuA,I vukajana I tumpak I vuru tlu sīmā punpunananikanaṁ bihāra I dalinnan
INSIDENKDinoyoIIa#001,INSIDENKDinoyoIIa,Two connected charters on a stone from Dinoyo (772 and 786 Śaka),864,title,East Java,vanva,l,patiḥ raman sr̥ṣṭi maṁhamvin rama tuha saṁ parujar kahyunnan saṁ suAl tuha,vanva,l brahma sākṣī vahuta vras Uval -Uval raman iḥ tuhān niṁ kalaṁ
INSIDENKDisunuh#001,INSIDENKDisunuh,Disunuh (709 Śaka),787,title,Unlocated,vanva,ḍisunuḥ,kr̥ṣṇa-pakṣa śukra-vāra vurukuṁ pon tatkāla ḍaṁ karayān śr̥ī senāpati mamulaṁṅakan sīma ḍi,vanva,I ḍisunuḥ ḍaṁ karayān humaṇḍiṁ ḍa punta tīs mahāla ḍisunuḥ ḍaṁ karayān
INSIDENKGandasuli#001,INSIDENKGandasuli,Gandasuli (early 8th century CE),701-800,title,Kedu,vaṅun,baharu,Ampa lattir vunu tlu lattir pavijaḥhan ḍuA lattir kayvara maṇḍar ḍuA lattir,vaṅun,baharu salattir muṇḍu ḍuA lattir kakalyan salattir tarukān salattir mātrāña viniḥ ḍi
INSIDENKGulungGulung#001,INSIDENKGulungGulung,Gulung-Gulung (851 Śaka),929,title,East Java,vanuA,viji,tu- hān nambi tuhān huñjamman vatu valaṁ pamaṇikan maṇiga sikpan rumban vilaṁ,vanuA,viji kavaḥ tiṅkəs māvi tuhāñ juḍi juru jalir miśra hino vli hapū
INSIDENKGulungGulung#002,INSIDENKGulungGulung,Gulung-Gulung (851 Śaka),929,title,East Java,vanuA,saṁ,saṁ balusyak vinaiḥ pasək mā 4 vḍihan ragi yu 1 sovaṁ-sovaṁ juru,vanuA,saṁ hīra panulisan prathama maṇiga vinaiḥ mā 2 vḍihan yu 1 sovaṁ-sovaṁ
INSIDENKGuntur#001,INSIDENKGuntur,Guntur,907,xlsx CE,Kedu,vanuA,guntur,śravaṇa-māsa tithi dvādaśi śukla ma po bu vāra tatkālani pu tabvəl Anag,vanuA,Iṁ guntur punpunaniṁ vihāre garuṁ pinariccheda guṇa-doṣanira de samaggat pinapan pu gavul
INSIDENKGuntur#002,INSIDENKGuntur,Guntur,907,xlsx CE,Kedu,vanuA,pulu,pinariccheda guṇa-doṣanira de samaggat pinapan pu gavul muAṁ saṁ Anakabvi pu gallam,vanuA,I pulu vatu samvandhanikaṁ guṇa-doṣa hana saṁ dharma ṅaranya bapani maṁhampig saṁkā
INSIDENKHarinjing#001,INSIDENKHarinjing,The Harinjing Charter,804-927,alias: xlsx Harinjing A/B/C 804/921/927 ambiguous,Unlocated,baṅun,variga,Apəkan ḍaman buhuṁ hulair ḍaman sampanna parvuvus saṁ majalu vsi lavan ḍaman,baṅun,variga ḍapu taji tuha vəR̥ḥ ḍaman daharanī tuha buru ḍaman kuñjaṁ tuhălas
INSIDENKHarinjing#002,INSIDENKHarinjing,The Harinjing Charter,804-927,alias: xlsx Harinjing A/B/C 804/921/927 ambiguous,Unlocated,vanuA,parvuvus,buru ḍaman kuñjaṁ tuhălas ḍaman vacaṇa lāvan ḍaman vikar tuha kalaṁ ḍaman,vanuA,parvuvus ḍaman lampuyaṁ vada huma ḍaman vaca tuha paḍahi si śurita lāvan
INSIDENKHarinjing#003,INSIDENKHarinjing,The Harinjing Charter,804-927,alias: xlsx Harinjing A/B/C 804/921/927 ambiguous,Unlocated,vanuA,kasamvahan,maṅalap ralan tpi siriṁnya vatək raṅga Aṅgəhan taṅkil sugiḥ paṇḍamvan nāhan sakveḥnikaṁ,vanuA,kasamvahan deni gavai bhagavanta dhărī svasti śaka-varṣātīta 843 Aśuji-māsa tithi pañcadaśī śukla-pakṣa
INSIDENKHering#001,INSIDENKHering,Charter of Hering (870 Śaka),948,title,East Java,vanva,viji,kalaṁkaṁ kutak taṅkil tr̥pan saluIt vatu valaṁ pamanikan maniga sikpan rumban vilaṁ,vanva,viji kavaḥ tiṁkas māvī manambaṅi tuha dagaṁ saṁhiran juru gosali maṁrumbe maṁguñje
INSIDENKHujungGaluh-Sangsang#001,INSIDENKHujungGaluh-Sangsang,Hujung Galuh / Sangsang (907-05-04),907,title,Unlocated,vanuA,saṁsaṁ,samgat lamva pu layaṁ Anak va_nuA I patapā_n tutuganniṁ taṇḍa sumusuka Ikanaṁ,vanuA,I saṁsaṁ vatak lamva gavai ku 2 dravya-hajinya mas su 6 mas
INSIDENKHujungGaluh-Sangsang#002,INSIDENKHujungGaluh-Sangsang,Hujung Galuh / Sangsang (907-05-04),907,title,Unlocated,vanuA,vuAra,6 mas kavahutān su 2 Avur hinavu-ha vu samvandhānya kinon sumusuka Ikanaṁ,vanuA,vuAra kuṭī I hujuṅ galuḥ vatak lamva ya ta pinuliḥ samgat lamva
INSIDENKHujungGaluh-Sangsang#003,INSIDENKHujungGaluh-Sangsang,Hujung Galuh / Sangsang (907-05-04),907,title,Unlocated,vanuA,saṁsaṁ,lamva pinahayunira jina- ryyakan nira vihāra ya samvandhānyar Inanūgrahān kinon sumusuka Ikanāṁ,vanuA,I saṁsaṁ sĭmā pun punnananikanaṁ vihāra gavai nira kunaṁ parṇnaḥhanyan sīmā tan
INSIDENKHujungGaluh-Sangsang#004,INSIDENKHujungGaluh-Sangsang,Hujung Galuh / Sangsang (907-05-04),907,title,Unlocated,vanuA,parṇnaḥni,vatak I dalam si ṅgaḥ pamr̥ṣi hulun haji Ityaivamādi tan tumamā Irikanaṁ,vanuA,parṇnaḥni parmmasanya tumamā I bhaṭāra I vihāra I hujuṅ galuḥ deyanya mavaiḥ
INSIDENKHujungGaluh-Sangsang#005,INSIDENKHujungGaluh-Sangsang,Hujung Galuh / Sangsang (907-05-04),907,title,Unlocated,vanuA,kilipan,vinaiḥ vḍihan yu 1 mas mā 2 soAṁ-sovaṁ ApuR̥vaṁ dyaḥ Udadis Anak,vanuA,I kilipan vinaiḥ vḍihan yu
INSIDENKHumanding#001,INSIDENKHumanding,The Polengan plates: Humanding charter (797 Śaka),875,title,Kedu/Prambanan (E082 area label),vanuA,tpi,Aṅsit yu 1 muvaḥ vahuta palumutan si kbo vḍihan Aṅsit yu 1,vanuA,I tpi siriṁ Iṅ guntur gusti si gajul I sraṅan gusti si
INSIDENKJamwi#001,INSIDENKJamwi,Jamwi (Sinaguha),901-1000,alias: xlsx Sinaguha 10th c.? uncertain,Unlocated,vanuA,masamakṣa,myāpāra Ikanaṁ dharmma pu svastī pu ḍukun pu katug nahan sira trīṇi,vanuA,masamakṣa Aniṁnajalukan Ikanaṅ anugraha I ḍa punta makara nahan Ikanaṁ samgat jamvi
INSIDENKJamwi#002,INSIDENKJamwi,Jamwi (Sinaguha),901-1000,alias: xlsx Sinaguha 10th c.? uncertain,Unlocated,vanuA,samalagi,nahan Ikanaṁ samgat jamvi rikaṁ kāla dyaḥ maliñju ḍaṅ ācāryya manobhava Anak,vanuA,I samalagi vatak hasam pañjaṁ pasək -pasək maparaḥ Iṁ rāmanta I muṅga
INSIDENKJeruJeru#001,INSIDENKJeruJeru,Jeru-Jeru (852 Śaka),930,title,East Java,vanuA,jru-jru,hujuṁ pu madhura manambaḥ I śrī mahārāja śrī Īśānavikrama dharmmotuṅgadeva Umalaku Ikaṁ,vanuA,I jru-jru Anak iṁ vanuA I liṅgasuntan vatək hujuṁ tapak mas su
INSIDENKJeruJeru#002,INSIDENKJeruJeru,Jeru-Jeru (852 Śaka),930,title,East Java,vanuA,liṅgasuntan,śrī mahārāja śrī Īśānavikrama dharmmotuṅgadeva Umalaku Ikaṁ vanuA I jru-jru Anak iṁ,vanuA,I liṅgasuntan vatək hujuṁ tapak mas su 3 paknanya dharmmakṣetra savahani kuśala
INSIDENKJeruJeru#003,INSIDENKJeruJeru,Jeru-Jeru (852 Śaka),930,title,East Java,banuA,viji,maṁrumbai maṁguñjai tuhanambi tuhān huñjaman vatu valaṁ pamaṇikan maṇiga sikpan rumban vilaṁ,banuA,viji kavaḥ tiṅkəs māvi tuhāñ juḍi juru jalir miśra hino vli hapū
INSIDENKJeruJeru#004,INSIDENKJeruJeru,Jeru-Jeru (852 Śaka),930,title,East Java,banuA,saṁ,pasək mā 4 vḍihan ragi yu 1 ⌈sovaṁ-sovaṁ gusti saṁ śaka juru,banuA,saṁ hira panulisan pr̥thama maṇiga L̥kər barsahan samə vineḥ mā 2 vḍihan
INSIDENKJurungan#001,INSIDENKJurungan,The Polengan plates: Jurungan charter (798 Śaka),876,title,Kedu/Prambanan (E082 area label),vanuA,2,mā 4 vḍihan Aṅsit yu 1 Anakbinya kain vlaḥ 1 paṅuraṁ Iṁ,vanuA,2 mas mā 2 vḍihan raṅga yu 2 kula kriṁ pirak mā
INSIDENKJurungan#002,INSIDENKJurungan,The Polengan plates: Jurungan charter (798 Śaka),876,title,Kedu/Prambanan (E082 area label),vanuA,juruṅan,tuhānniṁ lampuran si bămana pirak mā 8 vḍihan raṅga yu 1 Anak,vanuA,I juruṅan dinmakan ya mas su 5 muAṁ vinaihan pasak -pasak tuha
INSIDENKJurungan#003,INSIDENKJurungan,The Polengan plates: Jurungan charter (798 Śaka),876,title,Kedu/Prambanan (E082 area label),vanuA,2,I juruṅan dinmakan ya mas su 5 muAṁ vinaihan pasak -pasak tuha,vanuA,2 si knoḥ kaki panmuAn si ratā kaki vuliran vḍihan Aṅsit yu
INSIDENKJurungan#004,INSIDENKJurungan,The Polengan plates: Jurungan charter (798 Śaka),876,title,Kedu/Prambanan (E082 area label),vaṅun,ramani,2 Anakbinya kai n vlaḥ 2 tuha vəR̥ḥ 2 si tapal si,vaṅun,ramani sudhīnī vḍihan Aṅsit yu 2 Anakbinya kain vlaḥ 2 hulair 8
INSIDENKJurungan#005,INSIDENKJurungan,The Polengan plates: Jurungan charter (798 Śaka),876,title,Kedu/Prambanan (E082 area label),vaṅun,ramani,taramvuṅ ramani poṣya si knoḥ ramani moṭo si śagara ramani gupā si,vaṅun,ramani məməl si gnaṁ ramani vijaya si vatu ramani kavaṅyan vḍihan raṅga
INSIDENKJurungan#006,INSIDENKJurungan,The Polengan plates: Jurungan charter (798 Śaka),876,title,Kedu/Prambanan (E082 area label),vanuA,Anakbi,ramani sūryya vḍihan raṅga yu 2 Anakbinya kain vlaḥ 2 vuAra tuha,vanuA,Anakbi si śranā si puṇya si sraṅan si lmaḥ Iraḥ kain vlaḥ
INSIDENKJurungan#007,INSIDENKJurungan,The Polengan plates: Jurungan charter (798 Śaka),876,title,Kedu/Prambanan (E082 area label),baṅun,si,sḍaṁ ramani pravalā ramani haṅū ramani Uṇḍahagi si Agra ramani Uma si,baṅun,si moñoṁ si saṅgam ramani pahal ramani kaivala si tali si javil
INSIDENKJurungan#008,INSIDENKJurungan,The Polengan plates: Jurungan charter (798 Śaka),876,title,Kedu/Prambanan (E082 area label),vanuA,tpi,ramani ḍayaṁ ḍa punta gunuṁ ḍa punta gaḍa bhagavanta maṅgalī bhagavanta dhavalā,vanuA,I tpi siriṁ vinaihan vḍihan sadugala Iṁ savanuA I bitapura I hanyantan
INSIDENKKaladi#001,INSIDENKKaladi,Kaladi charter,909,xlsx CE,East Java,vanva,viji,maṁguñjai tuha nambi tuhan uñjaman vatu valaṁ pamaṇikan maṇiga sikəpan rumban vilaṁ,vanva,viji kavaḥ tiṅkəs māvī tuhan juḍi juru jalir mi śra hino vli
INSIDENKKaladi#002,INSIDENKKaladi,Kaladi charter,909,xlsx CE,East Java,banuA,kabaiḥ,upadrava kapaṅguha denya liputni śarira bhrāṣṭā tan tmvaṁ sāma mataṅyan deyanikāṅ anak,banuA,kabaiḥ prayatna ta ri soninikiṅ hujar haji pra ṣaṣṭi Anugraha śrī mahărāja
INSIDENKKandangan#001,INSIDENKKandangan,The Charter of Kandangan,906,xlsx CE,Prambanan-Mataram,vanuA,ka,da-māsa tithi pañcamī kr̥ṣṇa-pakṣa văs va gai vr̥haspati-văra svāti-nakṣatra byatipā da-yoga tatkālanikanaṁ,vanuA,I ka ṇḍaṅan muAṁ Anaknya ri vanuA I Er hijo vatak vuṅkal
INSIDENKKandangan#002,INSIDENKKandangan,The Charter of Kandangan,906,xlsx CE,Prambanan-Mataram,vanuA,Er,vr̥haspati-văra svāti-nakṣatra byatipā da-yoga tatkālanikanaṁ vanuA I ka ṇḍaṅan muAṁ Anaknya ri,vanuA,I Er hijo vatak vuṅkal tpat sīmāni parhyaṅan I prasāda vatak patapān
INSIDENKKandangan#003,INSIDENKKandangan,The Charter of Kandangan,906,xlsx CE,Prambanan-Mataram,vanuA,sīma,parānanya prastha nyan kinonnakan pagəḥhakna de rakryan saṅkā yan ruAṁ riṇḍaṁ parṇnaḥnikanaṁ,vanuA,sīma I kaṇḍaṅan muAṁ I Er hijo kapasakan de rāma vanuA I
INSIDENKKandangan#004,INSIDENKKandangan,The Charter of Kandangan,906,xlsx CE,Prambanan-Mataram,vanuA,vuṅkal,parṇnaḥnikanaṁ vanuA sīma I kaṇḍaṅan muAṁ I Er hijo kapasakan de rāma,vanuA,I vuṅkal tpat mavaiḥ pa rāma I puṅguhan katrIṇi I Er hijo
INSIDENKKasugihan#001,INSIDENKKasugihan,"Kasugihan (829 Śaka, 907-11-18)",907,title,Other Central Java,vanuA,kasugihan,bu vāra Aśvinī-nakṣatra varīyān -yoga tatkālanikanaṁ vahuta tuṅgu duruṁ makabaihan Inanugrahan Irikanaṁ,vanuA,I kasugihan de rakryan kalaṁ buṅkal dyaḥ manukū kavnaṅaknanyan sabuñcaṁ-haji maṅasəAkan Ikanaṁ
INSIDENKKasugihan#002,INSIDENKKasugihan,"Kasugihan (829 Śaka, 907-11-18)",907,title,Other Central Java,vanuA,vatu-vatu,pasək-pasək I rakryān mavanuA pirak dhā 1 juruniṅ kanayakan rake hni Anak,vanuA,I vatu-vatu vatak pagar vsi maṁraṁkpi saṁ jalu paṅan Anak vanuA I
INSIDENKKasugihan#003,INSIDENKKasugihan,"Kasugihan (829 Śaka, 907-11-18)",907,title,Other Central Java,vanuA,saninai,Anak vanuA I vatu-vatu vatak pagar vsi maṁraṁkpi saṁ jalu paṅan Anak,vanuA,I saninai vatak bunut -bunut mataṇḍa saṁ siddhatapa Anak vanuA I poḥ
INSIDENKKasugihan#004,INSIDENKKasugihan,"Kasugihan (829 Śaka, 907-11-18)",907,title,Other Central Java,vanuA,poḥ,paṅan Anak vanuA I saninai vatak bunut -bunut mataṇḍa saṁ siddhatapa Anak,vanuA,I poḥ kabikuAn I lḍaṁ juruniṁ lampuran saṁ paḍali Anak vanuA I
INSIDENKKasugihan#005,INSIDENKKasugihan,"Kasugihan (829 Śaka, 907-11-18)",907,title,Other Central Java,vanuA,valakay,Anak vanuA I poḥ kabikuAn I lḍaṁ juruniṁ lampuran saṁ paḍali Anak,vanuA,I valakay vatak valakas parujar saṁ valiṅi Anak vanuA I vurakuṁ vatak
INSIDENKKasugihan#006,INSIDENKKasugihan,"Kasugihan (829 Śaka, 907-11-18)",907,title,Other Central Java,vanuA,vurakuṁ,saṁ paḍali Anak vanuA I valakay vatak valakas parujar saṁ valiṅi Anak,vanuA,I vurakuṁ vatak limvayan juruniṁ vadva rarai saṁ tamvalaṁ Anak vanuA I
INSIDENKKasugihan#007,INSIDENKKasugihan,"Kasugihan (829 Śaka, 907-11-18)",907,title,Other Central Java,vanuA,taṅgalan,Anak vanuA I vurakuṁ vatak limvayan juruniṁ vadva rarai saṁ tamvalaṁ Anak,vanuA,I taṅgalan vatak jalinan juruniṁ kalula saṁ ḍaṇu Anak vanuA I sahiḍan
INSIDENKKasugihan#008,INSIDENKKasugihan,"Kasugihan (829 Śaka, 907-11-18)",907,title,Other Central Java,vanuA,sahiḍan,tamvalaṁ Anak vanuA I taṅgalan vatak jalinan juruniṁ kalula saṁ ḍaṇu Anak,vanuA,I sahiḍan vatak kilipan juruni maṁḍakat saṁ juna Anak vanuA I kuraṁ
INSIDENKKasugihan#009,INSIDENKKasugihan,"Kasugihan (829 Śaka, 907-11-18)",907,title,Other Central Java,vanuA,kuraṁ,ḍaṇu Anak vanuA I sahiḍan vatak kilipan juruni maṁḍakat saṁ juna Anak,vanuA,I kuraṁ pkan vatak sirikan maṁraṁkpi saṁ khadga Anak vanuA I haji
INSIDENKKasugihan#010,INSIDENKKasugihan,"Kasugihan (829 Śaka, 907-11-18)",907,title,Other Central Java,vanuA,haji,juna Anak vanuA I kuraṁ pkan vatak sirikan maṁraṁkpi saṁ khadga Anak,vanuA,I haji huma vatak patapān manuṅgū saṁ mamiḍaiyi Anak vanuA I karihuAn
INSIDENKKasugihan#011,INSIDENKKasugihan,"Kasugihan (829 Śaka, 907-11-18)",907,title,Other Central Java,vanuA,karihuAn,khadga Anak vanuA I haji huma vatak patapān manuṅgū saṁ mamiḍaiyi Anak,vanuA,I karihuAn Amasaṅakən saṁ ra kuvu Anak vanuA I vugaṁ vatak tilimpik
INSIDENKKasugihan#012,INSIDENKKasugihan,"Kasugihan (829 Śaka, 907-11-18)",907,title,Other Central Java,vanuA,vugaṁ,manuṅgū saṁ mamiḍaiyi Anak vanuA I karihuAn Amasaṅakən saṁ ra kuvu Anak,vanuA,I vugaṁ vatak tilimpik citralekha saṁ ra vuṅū Anak vanuA I vuru
INSIDENKKasugihan#013,INSIDENKKasugihan,"Kasugihan (829 Śaka, 907-11-18)",907,title,Other Central Java,vanuA,vuru,kuvu Anak vanuA I vugaṁ vatak tilimpik citralekha saṁ ra vuṅū Anak,vanuA,I vuru paṅguṁ vatak manimpiki InaṁsəAn pasək -pasək pirak dhā 5 kinabaihanira
INSIDENKKasugihan#014,INSIDENKKasugihan,"Kasugihan (829 Śaka, 907-11-18)",907,title,Other Central Java,vanuA,paṇḍamuAn,I rakryan kalaṁ buṅkal sākṣī saṁ pamgat Ayam təAs pu ḍapit Anak,vanuA,I paṇḍamuAn vatak Ayam təAs InaṁsəAn pasak-pasak pirak dhā 2 juru mira-miraḥ
INSIDENKKasugihan#015,INSIDENKKasugihan,"Kasugihan (829 Śaka, 907-11-18)",907,title,Other Central Java,vanuA,mira-miraḥ,Ayam təAs InaṁsəAn pasak-pasak pirak dhā 2 juru mira-miraḥ pu rayuṁ Anak,vanuA,I mira-miraḥ vatak Ayam təAs maṁraṁkpi saṁ halaran pu dhanada Anak banuA
INSIDENKKasugihan#016,INSIDENKKasugihan,"Kasugihan (829 Śaka, 907-11-18)",907,title,Other Central Java,banuA,paṇḍamuAn,vanuA I mira-miraḥ vatak Ayam təAs maṁraṁkpi saṁ halaran pu dhanada Anak,banuA,I paṇḍamuAn vatak Ayam təAs kapuA InaṁsəAn pasak-pasak pirak dhā 1 sovaṁ-sovaṁ
INSIDENKKasugihan#017,INSIDENKKasugihan,"Kasugihan (829 Śaka, 907-11-18)",907,title,Other Central Java,vanuA,kasugihan,hadyan vahuta hyaṁ makabaihan pirak ma 8 kinabaihanira nāhan nimittanyan mapagəḥ Ikanaṁ,vanuA,I kasugihan An sampun Inanugrahākən de rakryan kalaṁ buṅkal Irikanaṁ vahuta tuṅgu
INSIDENKKayuAraHiwang#001,INSIDENKKayuAraHiwang,Kayu Ara Hiwang (823 Śaka),901,title,Unlocated,vanuA,poḥ,pañcamī kr̥ ṣṇa-pakṣa vurukuṁ pahiṁ soma-vāra Aṅgāra-stha mārgaśĭra-ṇakṣatra śiva-yo ga tatkāla rake,vanuA,poḥ dyaḥ mala vka saṁ ratu bajra Anak vanuA I parivuta n
INSIDENKKayuAraHiwang#002,INSIDENKKayuAraHiwang,Kayu Ara Hiwang (823 Śaka),901,title,Unlocated,vanuA,parivuta,ga tatkāla rake vanuA poḥ dyaḥ mala vka saṁ ratu bajra Anak,vanuA,I parivuta n sumusuk I kanaṁ vanuA I kayu Āra hivaṁ vatak
INSIDENKKayuAraHiwang#003,INSIDENKKayuAraHiwang,Kayu Ara Hiwang (823 Śaka),901,title,Unlocated,vanuA,kayu,vka saṁ ratu bajra Anak vanuA I parivuta n sumusuk I kanaṁ,vanuA,I kayu Āra hivaṁ vatak vatu tihaṁ paṁ guhan kaṭiknya tataganya pala
INSIDENKKayuAraHiwang#004,INSIDENKKayuAraHiwang,Kayu Ara Hiwang (823 Śaka),901,title,Unlocated,vanuA,kayu,vatak vatu tihaṁ paṁ guhan kaṭiknya tataganya pala gagānya Ityevammādi sapinasu knikanaṁ,vanuA,I kayu Ara hivaṁ sinusuk rake vanuA poḥ sīmani pa rhyaṅan Iṁ
INSIDENKKayuAraHiwang#005,INSIDENKKayuAraHiwang,Kayu Ara Hiwang (823 Śaka),901,title,Unlocated,vanuA,poḥ,pala gagānya Ityevammādi sapinasu knikanaṁ vanuA I kayu Ara hivaṁ sinusuk rake,vanuA,poḥ sīmani pa rhyaṅan Iṁ parivu tan muAṁ gumavaya Ikanaṁ UAt I
INSIDENKKayuAraHiwang#006,INSIDENKKayuAraHiwang,Kayu Ara Hiwang (823 Śaka),901,title,Unlocated,vanuA,kayu,sakahalānya pa hayūn tan deyan pəgatakna sataka nāhan bu Athajyanika naṁ Anak,vanuA,I kayu Ara hivaṁ mataṅyan si nīma de rake va nuA poḥ
INSIDENKKayuAraHiwang#007,INSIDENKKayuAraHiwang,Kayu Ara Hiwang (823 Śaka),901,title,Unlocated,vanu,A,si nīma de rake va nuA poḥ dyaḥ mala Anuṁ pinusukan rake,vanu,A poḥ rikanaṁ ba nuA ri kayu Ara hivaṁ rakryan I vatu
INSIDENKKayuAraHiwang#008,INSIDENKKayuAraHiwang,Kayu Ara Hiwang (823 Śaka),901,title,Unlocated,vanuA,gulak,kayu Ara hivaṁ rakryan I vatu tihaṁ pu saṁ grāmadhurandhara A nak,vanuA,I gulak vatak mamali-deśa InaṁsəAn vḍiha n gañjar haji pātra sisi yu
INSIDENKKayuAraHiwang#009,INSIDENKKayuAraHiwang,Kayu Ara Hiwang (823 Śaka),901,title,Unlocated,banuA,paraṅgaṁ,siṁsiṁ* prasāda voḥ 1 brat su 1 rakryan patimpuḥ pu ramya Anak,banuA,I paraṅgaṁ vatak paraṅgaṁ InasəAn ken gañjar haji pātra sisi blaḥ 1
INSIDENKKayuAraHiwang#010,INSIDENKKayuAraHiwang,Kayu Ara Hiwang (823 Śaka),901,title,Unlocated,banva,paḍa,prāsāda voḥ 1 brat mā 8 sa magat vadihati pu ḍaṁpit Anak,banva,I paḍa muAn vatak vadihati vḍihan raṅga yu 1 mas su 1
INSIDENKKayuAraHiwang#011,INSIDENKKayuAraHiwang,Kayu Ara Hiwang (823 Śaka),901,title,Unlocated,vaṅun,sugiḥ,siṁsi ṁ* prāsāda voḥ 1 brat ma 6 tuhān Iṁ makudur saṁ,vaṅun,sugiḥ pu maṇikṣa Anak banva mantyasiḥ vatak makudur vḍihan raṅga yu 1
INSIDENKKayuAraHiwang#012,INSIDENKKayuAraHiwang,Kayu Ara Hiwang (823 Śaka),901,title,Unlocated,banva,mantyasiḥ,brat ma 6 tuhān Iṁ makudur saṁ vaṅun sugiḥ pu maṇikṣa Anak,banva,mantyasiḥ vatak makudur vḍihan raṅga yu 1 mas mā 1 siṁsiṁ prāsāda
INSIDENKKayuAraHiwang#013,INSIDENKKayuAraHiwang,Kayu Ara Hiwang (823 Śaka),901,title,Unlocated,banva,mḍaṁ,1 brat mā 6 maṁraṅkappi tuhān saṁ hasam pañjaṁ pu dharmmi Anak,banva,I mḍaṁ vatak makudur vḍihan raṅga yu 1 mas mā 1 siṁsiṁ
INSIDENKKayuAraHiwang#014,INSIDENKKayuAraHiwang,Kayu Ara Hiwang (823 Śaka),901,title,Unlocated,banuA,pupur,6 saṁ makalam bi manu suk saṁ tulumpu k pu naru Anak,banuA,I pupur vatak vadi hati vḍihan raṅga yu 1 mas mā 12
INSIDENKKayuAraHiwang#015,INSIDENKKayuAraHiwang,Kayu Ara Hiwang (823 Śaka),901,title,Unlocated,vanva,taji,ma kudur saṁ ḍalu k pu taṅak ramani lucīra kaki muḍiṁ Anak,vanva,I taji vatak taji vḍihan raṅga yu 1 mas mā 12 hop
INSIDENKKayuAraHiwang#016,INSIDENKKayuAraHiwang,Kayu Ara Hiwang (823 Śaka),901,title,Unlocated,vanva,ka,ka nayakānya I vatu tihaṁ rake vaskar tāl pu su draka Anak,vanva,Iṁ ka sugihan vatak Ugihan vḍihan raṅga yu 1 mas mā 6
INSIDENKKayuAraHiwang#017,INSIDENKKayuAraHiwang,Kayu Ara Hiwang (823 Śaka),901,title,Unlocated,vanva,paṅgumulan,mā 6 tuhānni lampu ran rake vava hyaṁ lampuran pu manu Anak,vanva,I paṅgumulan vata k manuṅkuli vḍihan raṅga yu 1 mas mā 6
INSIDENKKayuAraHiwang#018,INSIDENKKayuAraHiwang,Kayu Ara Hiwang (823 Śaka),901,title,Unlocated,vanva,kalaṁkyaṁ,1 mas mā 6 paruja r saṁ Alas galuḥ pu vĭryya Anak,vanva,I kalaṁkyaṁ vatak pagar vsi vḍihan raṅga yu 1 mas mā 4
INSIDENKKayuAraHiwang#019,INSIDENKKayuAraHiwang,Kayu Ara Hiwang (823 Śaka),901,title,Unlocated,vanva,sumu,1 mas mā 6 tuhanni ddhāraśa ra kai simvat hayu parvvata Anak,vanva,I sumu mila k vatak vka vḍihan raṅga yu 1 mas mā
INSIDENKKayuAraHiwang#020,INSIDENKKayuAraHiwang,Kayu Ara Hiwang (823 Śaka),901,title,Unlocated,vanva,poha,1 mas mā 4 tuhanni dva ḍmit sapalara san pu deva Anak,vanva,I poha vatak vka vḍihan raṅga yu 1 mas mā 6 tuhanni
INSIDENKKayuAraHiwang#021,INSIDENKKayuAraHiwang,Kayu Ara Hiwang (823 Śaka),901,title,Unlocated,vanva,koluṅan,1 mas mā 6 tuhanni mataṇḍākan samgat gunuṁ tanayan pu basu Anak,vanva,I koluṅan vatak vka vḍi han raṅga yu 1 mas mā 6
INSIDENKKayumwungan#001,INSIDENKKayumwungan,Kayumwungan charter of the Veṇuvanavihāra (746 Śaka),824,title,Unlocated,banva,ji,1 simsim 1 suhan -suhan 1 si maṇḍakṣa saṁ luA paṇḍak Anak,banva,I ji vinaiḥ takuraṁ yu 1 simsim 1 tasintanamu saṁ kaniryyan Anak
INSIDENKKayumwungan#002,INSIDENKKayumwungan,Kayumwungan charter of the Veṇuvanavihāra (746 Śaka),824,title,Unlocated,banva,valiṁbiṁ,I ji vinaiḥ takuraṁ yu 1 simsim 1 tasintanamu saṁ kaniryyan Anak,banva,I valiṁbiṁ vatak si C la 1 vadvā saṁ makudur kinaun Umadagga
INSIDENKKayumwungan#003,INSIDENKKayumwungan,Kayumwungan charter of the Veṇuvanavihāra (746 Śaka),824,title,Unlocated,banva,magavai,vatak si C la 1 vadvā saṁ makudur kinaun Umadagga saṅ anak,banva,magavai ri havuryyan ra pa lar hyaṁ vinaiḥ takuraṁ yu 1 si
INSIDENKKayumwungan#004,INSIDENKKayumwungan,Kayumwungan charter of the Veṇuvanavihāra (746 Śaka),824,title,Unlocated,banva,tyusan,1 patuk kr̥s 1 parvuvus saṁ kayumvuṅan si haras ramani vikramī Anak,banva,I tyusan vinaiḥ takuraṁ yu 1 parvuvus saṁ mantyāsih saṁ kīrti puntani
INSIDENKKayumwungan#005,INSIDENKKayumwungan,Kayumwungan charter of the Veṇuvanavihāra (746 Śaka),824,title,Unlocated,banva,tri,vinaiḥ takuraṁ yu 1 parvuvus saṁ mantyāsih saṁ kīrti puntani nabha Anak,banva,ri tri haji vinaiḥ takuraṁ yu 1 parvuvus saṁ lva paṇḍak si
INSIDENKKayumwungan#006,INSIDENKKayumwungan,Kayumwungan charter of the Veṇuvanavihāra (746 Śaka),824,title,Unlocated,banva,tri,takuraṁ yu 1 parvuvus saṁ lva paṇḍak si kbal ramani jamin Anak,banva,ri tri haji vinaiḥ takuraṁ yu 1 tuhalas ri hulu luvaṁ si
INSIDENKKiringan#001,INSIDENKKiringan,Kiringan (917-11-14),917,title,Unlocated,banuA,vuga,śaka-varṣatĭta 839 kărtika-māsa tithi dvādaśi kr̥ṣṇa-pakṣa tu U śu pu sāhitya Anak,banuA,I vuga vatək pəAr Umanugrahai Ikanaṁ vanuA I kiriṅan maṅkai mas mā
INSIDENKKiringan#002,INSIDENKKiringan,Kiringan (917-11-14),917,title,Unlocated,vanuA,kiriṅan,U śu pu sāhitya Anak banuA I vuga vatək pəAr Umanugrahai Ikanaṁ,vanuA,I kiriṅan maṅkai mas mā 4 muAṁ tan pārika muAṁ tan knā
INSIDENKKiringan#003,INSIDENKKiringan,Kiringan (917-11-14),917,title,Unlocated,vanuA,kiriṅan,tkap niṁ maṅilala drabya haji Āpan Umaḥ saṁ hadyan vahuta hyaṁ Ikanaṁ,vanuA,I kiriṅan maṅasəAkan Anak ba- nuA I taṅgalan vatak dalinan Araṅkəpi saṁ
INSIDENKKiringan#004,INSIDENKKiringan,Kiringan (917-11-14),917,title,Unlocated,banuA,joho,maṅasəAkan Anak ba- nuA I taṅgalan vatak dalinan Araṅkəpi saṁ rāghu Anak,banuA,I joho vadvā rarai saṁ L̥kuk Anak banuA I kavuṅ-kavuṁ vatək vatu
INSIDENKKiringan#005,INSIDENKKiringan,Kiringan (917-11-14),917,title,Unlocated,banuA,kavuṅ-kavuṁ,Araṅkəpi saṁ rāghu Anak banuA I joho vadvā rarai saṁ L̥kuk Anak,banuA,I kavuṅ-kavuṁ vatək vatu humalaṁ juru kalula taṅkil Ataṇḍa saṁ boṇḍoṁ Anak
INSIDENKKiringan#006,INSIDENKKiringan,Kiringan (917-11-14),917,title,Unlocated,banuA,vulakan,I kavuṅ-kavuṁ vatək vatu humalaṁ juru kalula taṅkil Ataṇḍa saṁ boṇḍoṁ Anak,banuA,I vulakan vatək taṅkilan A Anak banuA I bāku- l vatək lampyar
INSIDENKKiringan#007,INSIDENKKiringan,Kiringan (917-11-14),917,title,Unlocated,banuA,bāku-,taṅkil Ataṇḍa saṁ boṇḍoṁ Anak banuA I vulakan vatək taṅkilan A Anak,banuA,I bāku- l vatək lampyar maṁraṅkəpi saṁ maṅuṇḍuḥ Anak banuA I bākul
INSIDENKKiringan#008,INSIDENKKiringan,Kiringan (917-11-14),917,title,Unlocated,banuA,bākul,A Anak banuA I bāku- l vatək lampyar maṁraṅkəpi saṁ maṅuṇḍuḥ Anak,banuA,I bākul vatək lampyar eccentric_ductus n vatək vatu humalaṁ citralekha saṁ taṇjuṅan
INSIDENKKiringan#009,INSIDENKKiringan,Kiringan (917-11-14),917,title,Unlocated,banuA,lāḍahu,bākul vatək lampyar eccentric_ductus n vatək vatu humalaṁ citralekha saṁ taṇjuṅan Anak,banuA,I lāḍahu vatək Anak banva I paṇḍamuAn vatək vadihati InaṁsəAn pasək -pasək
INSIDENKKiringan#010,INSIDENKKiringan,Kiringan (917-11-14),917,title,Unlocated,banva,paṇḍamuAn,vatək vatu humalaṁ citralekha saṁ taṇjuṅan Anak banuA I lāḍahu vatək Anak,banva,I paṇḍamuAn vatək vadihati InaṁsəAn pasək -pasək mas maṁraṅkə- pi saṁ lbur
INSIDENKKiringan#011,INSIDENKKiringan,Kiringan (917-11-14),917,title,Unlocated,banuA,siṇaguha,vatək vadihati InaṁsəAn pasək -pasək mas maṁraṅkə- pi saṁ lbur poḥ Anak,banuA,I siṇaguha vatək siṇaguha InaṁsəAn pasək -pasək toman vahuta kasipakə si burayut
INSIDENKKiringan#012,INSIDENKKiringan,Kiringan (917-11-14),917,title,Unlocated,vanuA,kiriṅan,katamāna tkap niṁ maṅilala drabya haji Umaḥ saṁ hadyan vahuta hyaṁ Ikanaṁ,vanuA,I kiriṅan maṅasəAkan ya vanuA I taṅgalan vatək dalinan Araṅkəpi saṁ rāghu
INSIDENKKiringan#013,INSIDENKKiringan,Kiringan (917-11-14),917,title,Unlocated,vanuA,taṅgalan,haji Umaḥ saṁ hadyan vahuta hyaṁ Ikanaṁ vanuA I kiriṅan maṅasəAkan ya,vanuA,I taṅgalan vatək dalinan Araṅkəpi saṁ rāghu Anak banuA I joho vadvā
INSIDENKKiringan#014,INSIDENKKiringan,Kiringan (917-11-14),917,title,Unlocated,banuA,joho,kiriṅan maṅasəAkan ya vanuA I taṅgalan vatək dalinan Araṅkəpi saṁ rāghu Anak,banuA,I joho vadvā rarai saṁ L̥kuk Anak banuA I kavuṁ-kavuṁ vatək vatu
INSIDENKKiringan#015,INSIDENKKiringan,Kiringan (917-11-14),917,title,Unlocated,banuA,kavuṁ-kavuṁ,Araṅkəpi saṁ rāghu Anak banuA I joho vadvā rarai saṁ L̥kuk Anak,banuA,I kavuṁ-kavuṁ vatək vatu humalaṁ juru kalula
INSIDENKKubu-Kubu#001,INSIDENKKubu-Kubu,"Kubu-Kubu (827 Ś, 905-10-17)",905,title,Central Java (unspecific),banva,vinkas,saṁ dhipa ḍa pu hyaṁ rupin mvaṁ Ikanaṁ rāma I kubu-kubu sapasuk,banva,vinkas maṅaran buduṅuḥ rāma kabayan ḍa pu tapəl An pinakahavāniṅ vai ta
INSIDENKKubu-Kubu#002,INSIDENKKubu-Kubu,"Kubu-Kubu (827 Ś, 905-10-17)",905,title,Central Java (unspecific),banva,pakaraṇan,rāma kabayan ḍa pu tapəl An pinakahavāniṅ vai ta mā 2 juru,banva,Iṁ pakaraṇan ḍa pu śravaṇa vineḥ vḍihan 1 mā 1 vuniṁ turus
INSIDENKKubu-Kubu#003,INSIDENKKubu-Kubu,"Kubu-Kubu (827 Ś, 905-10-17)",905,title,Central Java (unspecific),banva,saṁ,1 ku 2 vinkas saṁ kuḍaṁ vinaiḥ vḍihan 1 ku 2 tuha,banva,saṁ visat vineḥ vḍihan 1 gusti saṁ sahan vineḥ vḍihan 1 vinkas
INSIDENKKubu-Kubu#004,INSIDENKKubu-Kubu,"Kubu-Kubu (827 Ś, 905-10-17)",905,title,Central Java (unspecific),banva,kabaiḥ,sinusuk kinabehan saṁ vahuta hyaṁ Akudur mvaṁ vadvā rakryăn patiḥ vahuta Anak,banva,kabaiḥ kadi lvirnikanaṁ han tlū n təḍas R̥mək R̥muk tan valuI I
INSIDENKKurungan#001,INSIDENKKurungan,Kurungan (Randusari II),885,alias: xlsx Randusari II 807 Saka (?),Prambanan-Mataram,vanva,parhyaṅan,pirak vyaya kāṭi 1 dhā 10 mā 4 parānnikā pirak panahur hutaṁniṁ,vanva,I parhyaṅan Anuṁ rāma rikāṁ kāla patiḥ saṁ parhyaṅan saṁ gola parujar
INSIDENKKurungan#002,INSIDENKKurungan,Kurungan (Randusari II),885,alias: xlsx Randusari II 807 Saka (?),Prambanan-Mataram,vanva,kavaṅyan,bāṁ saṁ parujar I kayu vaṅi saṁ hadyan Agasti saṁ vidyadeva saṅke,vanva,I kavaṅyan ḍa punta bhāṣa punta dhānyā saṁ ditiṁ pu lĭna saṅke
INSIDENKKurungan#003,INSIDENKKurungan,Kurungan (Randusari II),885,alias: xlsx Randusari II 807 Saka (?),Prambanan-Mataram,vanva,galuḥ,punta dhānyā saṁ ditiṁ pu lĭna saṅke kasugihan ḍaṅ ācāryya gandhara saṅke,vanva,galuḥ saṁ ratna saṅke vanva I vuru tuṅgal likhita saṁ jyotiḥ satetīsus
INSIDENKKurungan#004,INSIDENKKurungan,Kurungan (Randusari II),885,alias: xlsx Randusari II 807 Saka (?),Prambanan-Mataram,vanva,vuru,lĭna saṅke kasugihan ḍaṅ ācāryya gandhara saṅke vanva galuḥ saṁ ratna saṅke,vanva,I vuru tuṅgal likhita saṁ jyotiḥ satetīsus
INSIDENKLinggasuntan#001,INSIDENKLinggasuntan,Linggasuntan (851 Śaka),929,title,East Java,vanuA,liṅgasuntan,I samgat momaḥh-umaḥ kāliḥ maḍaṇḍər pu padma Aṅgəhān pu kuṇḍala kumonakan Ikaṁ,vanuA,I liṅgasuntan vatak hujuṁ gavay mā 2 kaṭik 2 paṅguhan tapak mas
INSIDENKLinggasuntan#002,INSIDENKLinggasuntan,Linggasuntan (851 Śaka),929,title,East Java,vanuA,liṅgasuntan,muAṁ paṅimbuha ri kapūjān bhaṭāra Aṅkan prativarṣa maṅkana Iṣṭaprayojana śrī mahārāja Irikaṁ,vanuA,I liṅgasuntan Inārpanākan I bhaṭāra I valaṇḍit māri vatak hujuṁ parṇnahanya svatantrā
INSIDENKLinggasuntan#003,INSIDENKLinggasuntan,Linggasuntan (851 Śaka),929,title,East Java,vanuA,tuhān,kalaṁkaṁ kutak taṁkil tr̥pan salvit vatu valaṁ pamaṇikan maṇiga sikpan rumbān vilaṁ,vanuA,tuhān dagaṁ juru gusali maṁrumbai maṁguñjai tuhān nambi tuhān huñjamman tuhān juḍi
INSIDENKLinggasuntan#004,INSIDENKLinggasuntan,Linggasuntan (851 Śaka),929,title,East Java,vanuA,sīma,sambal sumbul haji pamr̥ṣi vatak I jro Ityaivamādi tan tamā 18 Irikaṁ,vanuA,sīma I liṅgasuntan kevalā bhaṭāra I valaṇḍit Ataḥ pramānā ri sadrabya-hajinya kabaiḥ
INSIDENKLinggasuntan#005,INSIDENKLinggasuntan,Linggasuntan (851 Śaka),929,title,East Java,vanuA,sīma,matuha rarai laki-laki vadvan viku grahasta patiḥ vahuta rāma Asiṁ Umulah-ulaḥ Ikiṁ,vanuA,sīma I liṅgasuntan sinusuk kan śrī mahārāja rakai hino pu siṇḍok śrī
INSIDENKLinggasuntan#006,INSIDENKLinggasuntan,Linggasuntan (851 Śaka),929,title,East Java,vanuA,sīma,iṁ tuviran saṁhapniṁ vuhaya ṅkānaṁṅ mātya Ikanaṁṅ uvvaṁ Anyāya yan lbuna Ikiṁ,vanuA,sīma I liṅgasuntan Upadrava riṁ devatā bhraṣṭa liputniṁ phīra muliha riṁkanaṁraka tibākan
INSIDENKLinggasuntan#007,INSIDENKLinggasuntan,Linggasuntan (851 Śaka),929,title,East Java,vanuA,sīma,tan tammuAṁ sāma vkasakan havu kerir maṅkana tmahana rikanaṁṅ uvvaṁ lburna Ikiṁ,vanuA,sīma I liṅgasuntan I tlas saṁ makudur maṅuyut masalin sira kabaiḥ kapva
INSIDENKLintakan#001,INSIDENKLintakan,"Lintakan (841 Śaka, 919-07-12)",919,title,Prambanan-Mataram,banuA,mira-miraḥ,1 mas mā 8 tuhān I vadihati 2 mira-miraḥ pu sudanta Anak,banuA,I mira-miraḥ maṁraṅkapi saṁ lbur poḥ pu vikasita Anak banuA I ḍatar
INSIDENKLintakan#002,INSIDENKLintakan,"Lintakan (841 Śaka, 919-07-12)",919,title,Prambanan-Mataram,banuA,ḍatar,sudanta Anak banuA I mira-miraḥ maṁraṅkapi saṁ lbur poḥ pu vikasita Anak,banuA,I ḍatar vatak ḍatar tuhān I makudur 2 liṅo saṁ maṁhandul Anak
INSIDENKLintakan#003,INSIDENKLintakan,"Lintakan (841 Śaka, 919-07-12)",919,title,Prambanan-Mataram,banua,kinaliṁ,I ḍatar vatak ḍatar tuhān I makudur 2 liṅo saṁ maṁhandul Anak,banua,I kinaliṁ kabini-hajyan maṁraṅkapi saṁ maṁlage Anak banuA I puluṁ vatak makudur
INSIDENKLintakan#004,INSIDENKLintakan,"Lintakan (841 Śaka, 919-07-12)",919,title,Prambanan-Mataram,banuA,puluṁ,liṅo saṁ maṁhandul Anak banua I kinaliṁ kabini-hajyan maṁraṅkapi saṁ maṁlage Anak,banuA,I puluṁ vatak makudur vahuta hyaṁ kudur lumaku manusuk I vadihati saṁ
INSIDENKLintakan#005,INSIDENKLintakan,"Lintakan (841 Śaka, 919-07-12)",919,title,Prambanan-Mataram,banuA,sumbhāgi,vatak makudur vahuta hyaṁ kudur lumaku manusuk I vadihati saṁ vada Anak,banuA,I sumbhāgi vatak paṁhr̥mban I makudur saṁ maṅantas Anak banuA I juruṅan
INSIDENKLintakan#006,INSIDENKLintakan,"Lintakan (841 Śaka, 919-07-12)",919,title,Prambanan-Mataram,banuA,juruṅan,vada Anak banuA I sumbhāgi vatak paṁhr̥mban I makudur saṁ maṅantas Anak,banuA,I juruṅan vatak pagar vsi vinehan vḍihan raṅga yu 1 mas mā
INSIDENKLintakan#007,INSIDENKLintakan,"Lintakan (841 Śaka, 919-07-12)",919,title,Prambanan-Mataram,banuA,vuṅkuḍu,mas mā 4 Iṁ sovaṁ-sovaṁ parujar I hino kaṇḍamuhi saṁ bhasura Anak,banuA,I vuṅkuḍu vatak kilipan parujar I halu visāga saṁ vidyānidhi Anak banuA
INSIDENKLintakan#008,INSIDENKLintakan,"Lintakan (841 Śaka, 919-07-12)",919,title,Prambanan-Mataram,banuA,hilyan,banuA I vuṅkuḍu vatak kilipan parujar I halu visāga saṁ vidyānidhi Anak,banuA,I hilyan vatak padlagan Anurat I hino Iṁ paṅujaran vuṅkal varaṇi saṁ
INSIDENKLintakan#009,INSIDENKLintakan,"Lintakan (841 Śaka, 919-07-12)",919,title,Prambanan-Mataram,banuA,kabikuAn,vatak padlagan Anurat I hino Iṁ paṅujaran vuṅkal varaṇi saṁ śuddha Anak,banuA,Iṁ kabikuAn Iṁ tamyaṁ Iṁ jantur parujar Iṁ sirikan hujuṁ galuḥ saṁ
INSIDENKLintakan#010,INSIDENKLintakan,"Lintakan (841 Śaka, 919-07-12)",919,title,Prambanan-Mataram,banuA,srāṅan,Iṁ tamyaṁ Iṁ jantur parujar Iṁ sirikan hujuṁ galuḥ saṁ tatva Anak,banuA,I srāṅan vatak srāṅan parujar I vka viridiḥ saṁ kĭrtidhara Anak vanuA
INSIDENKLintakan#011,INSIDENKLintakan,"Lintakan (841 Śaka, 919-07-12)",919,title,Prambanan-Mataram,vanuA,huntu,banuA I srāṅan vatak srāṅan parujar I vka viridiḥ saṁ kĭrtidhara Anak,vanuA,I huntu vatək putad ḍaṇu parujar I tiruAn sumuḍan saṁ prājña Anak
INSIDENKLintakan#012,INSIDENKLintakan,"Lintakan (841 Śaka, 919-07-12)",919,title,Prambanan-Mataram,vanuA,kabikuAn,I huntu vatək putad ḍaṇu parujar I tiruAn sumuḍan saṁ prājña Anak,vanuA,Iṁ kabikuAn Iṁ siddhakāryya maṅasə I ḍihyaṁ pradeśani vuṅaṇ ḍaṇu parujar I
INSIDENKLintakan#013,INSIDENKLintakan,"Lintakan (841 Śaka, 919-07-12)",919,title,Prambanan-Mataram,banuA,jahayan,maṅasə I ḍihyaṁ pradeśani vuṅaṇ ḍaṇu parujar I halaran saṅ adigama Anak,banuA,I jahayan vatək halu parujar I palar hyaṁ saṁ mañca Anak banuA
INSIDENKLintakan#014,INSIDENKLintakan,"Lintakan (841 Śaka, 919-07-12)",919,title,Prambanan-Mataram,banuA,sumuḍaḥ,banuA I jahayan vatək halu parujar I palar hyaṁ saṁ mañca Anak,banuA,I sumuḍaḥ vatak əḍəṅan parujar I dalīnan saṁ trisaraṇa Anak banuA I
INSIDENKLintakan#015,INSIDENKLintakan,"Lintakan (841 Śaka, 919-07-12)",919,title,Prambanan-Mataram,banuA,muntaṁ,Anak banuA I sumuḍaḥ vatak əḍəṅan parujar I dalīnan saṁ trisaraṇa Anak,banuA,I muntaṁ vatak Upit parujar I paṅkur dədəlan saṅ adik Anak banuA
INSIDENKLintakan#016,INSIDENKLintakan,"Lintakan (841 Śaka, 919-07-12)",919,title,Prambanan-Mataram,banuA,ra,banuA I muntaṁ vatak Upit parujar I paṅkur dədəlan saṅ adik Anak,banuA,I ra kadut vatak ra nyu parujar I hañaṅan Aluk saṁ nirmmala
INSIDENKLintakan#017,INSIDENKLintakan,"Lintakan (841 Śaka, 919-07-12)",919,title,Prambanan-Mataram,banuA,maṅguluṅi,ra kadut vatak ra nyu parujar I hañaṅan Aluk saṁ nirmmala Anak,banuA,I maṅguluṅi vatak maṅguluṅi parujar I tirip saṁ ṣtaṅgīl Anak banuA I
INSIDENKLintakan#018,INSIDENKLintakan,"Lintakan (841 Śaka, 919-07-12)",919,title,Prambanan-Mataram,banuA,mataram,Anak banuA I maṅguluṅi vatak maṅguluṅi parujar I tirip saṁ ṣtaṅgīl Anak,banuA,I mataram Iṁ kamaṇikan vatak kahulunan parujar I mamrati turuhan havaṁ A◯nanta
INSIDENKLintakan#019,INSIDENKLintakan,"Lintakan (841 Śaka, 919-07-12)",919,title,Prambanan-Mataram,banuA,ṁ,mataram Iṁ kamaṇikan vatak kahulunan parujar I mamrati turuhan havaṁ A◯nanta Anak,banuA,I ṁ kabanyāgān Iṅ galuḥ⟨ ⟩ parujar I tilimpik vka-vka si pavana
INSIDENKLintakan#020,INSIDENKLintakan,"Lintakan (841 Śaka, 919-07-12)",919,title,Prambanan-Mataram,banuA,vuga,ṁ kabanyāgān Iṅ galuḥ⟨ ⟩ parujar I tilimpik vka-vka si pavana Anak,banuA,I vuga vatak pəAr vinehan vḍihan raṅga yu 1 mas mā 1
INSIDENKLintakan#021,INSIDENKLintakan,"Lintakan (841 Śaka, 919-07-12)",919,title,Prambanan-Mataram,banuA,mandahi,mas mā 1 Iṁ sovaṁ-sovaṁ Anurat I mamrati kr̥p saṁ ludra Anak,banuA,I mandahi vatak mandahi Anurat I tilimpik patilaman saṁ khaṭvāṅga Anak banuA
INSIDENKLintakan#022,INSIDENKLintakan,"Lintakan (841 Śaka, 919-07-12)",919,title,Prambanan-Mataram,banuA,kahuripan,banuA I mandahi vatak mandahi Anurat I tilimpik patilaman saṁ khaṭvāṅga Anak,banuA,I kahuripan vatak pagar vsi vinehan vḍihan raṅga yu 1 mas mā
INSIDENKLintakan#023,INSIDENKLintakan,"Lintakan (841 Śaka, 919-07-12)",919,title,Prambanan-Mataram,banuA,talaga,mas mā 1 Iṁ sovaṁ-sovaṁ vahuta I mamrati priḥ si godhā Anak,banuA,I talaga vatak mamrati vahuta I tilimpik jukut er si deva Anak
INSIDENKLintakan#024,INSIDENKLintakan,"Lintakan (841 Śaka, 919-07-12)",919,title,Prambanan-Mataram,banuA,vəR̥ḥnya,I talaga vatak mamrati vahuta I tilimpik jukut er si deva Anak,banuA,I vəR̥ḥnya vatak tilimpik vinehan vḍihan raṅga yu 1 mas mā 2
INSIDENKLintakan#025,INSIDENKLintakan,"Lintakan (841 Śaka, 919-07-12)",919,title,Prambanan-Mataram,banuA,luA,1 mas mā 2 Iṁ sovaṁ-sovaṁ pihujuṁ I paṅkur si nanda Anak,banuA,I luA vatak luA pihujuṁ I tavān luA sukun Anak banuA I
INSIDENKLintakan#026,INSIDENKLintakan,"Lintakan (841 Śaka, 919-07-12)",919,title,Prambanan-Mataram,banuA,luA,Anak banuA I luA vatak luA pihujuṁ I tavān luA sukun Anak,banuA,I luA vatak tañjuṁ pihujuṁ I tirip panavuṅan Anak banuA I panavuṅan
INSIDENKLintakan#027,INSIDENKLintakan,"Lintakan (841 Śaka, 919-07-12)",919,title,Prambanan-Mataram,banuA,panavuṅan,sukun Anak banuA I luA vatak tañjuṁ pihujuṁ I tirip panavuṅan Anak,banuA,I panavuṅan vatak tirip vinehan vḍihan raṅga hle 1 mas mā 1
INSIDENKLintakan#028,INSIDENKLintakan,"Lintakan (841 Śaka, 919-07-12)",919,title,Prambanan-Mataram,banuA,skar,mas mā 1 I sovaṁ-sovaṁ vahuta kahulunan dumliṁ turuy si bikr̥ma Anak,banuA,I skar amvay punpunan I taṅar patiḥ gilikan si muṇdi ramani vagad
INSIDENKLintakan#029,INSIDENKLintakan,"Lintakan (841 Śaka, 919-07-12)",919,title,Prambanan-Mataram,vanuA,si,Iṁ sovaṁ-sovaṁ rāma māgman I kasugihan kalaṁ si balavai ramani ravi tuha,vanuA,si jaluṁ ramani gunu gusti 6 si padma ramani vval si raṅgəl
INSIDENKLintakan#030,INSIDENKLintakan,"Lintakan (841 Śaka, 919-07-12)",919,title,Prambanan-Mataram,banuA,si,kpu si vgil ramani varaṅan si deva si bayatū ramani cabur tuha,banuA,si mahi ramani baśri vinkas si guvinda ramani jo vinehan vḍihan raṅga
INSIDENKLintakan#031,INSIDENKLintakan,"Lintakan (841 Śaka, 919-07-12)",919,title,Prambanan-Mataram,banuA,si,Añjiṁ ramani ndurukan si L̥ga ramani nandaka si pañjol ramani baśu tuha,banuA,si sarvva ramani prahana vinkas si gujil ramani yovana vinehan vḍihan raṅga
INSIDENKLintakan#032,INSIDENKLintakan,"Lintakan (841 Śaka, 919-07-12)",919,title,Prambanan-Mataram,banuA,si,kvaḥ ramani kpu si vaṅaḥ si garjita si pañjol ramani caṅkak tuha,banuA,si lakvan ramani kucyak vinkas si palaku vinehan vḍihan raṅga yu 1
INSIDENKLintakan#033,INSIDENKLintakan,"Lintakan (841 Śaka, 919-07-12)",919,title,Prambanan-Mataram,banuA,si,balam parujar si kḍaṅan kalaṁ I paraṁ si btaḥ ramani tarima tuha,banuA,si kantī kaki bhavita parujar si ḍataṁ ramani barubuḥ tuha banuA I
INSIDENKLintakan#034,INSIDENKLintakan,"Lintakan (841 Śaka, 919-07-12)",919,title,Prambanan-Mataram,banuA,gilikan,tuha banuA si kantī kaki bhavita parujar si ḍataṁ ramani barubuḥ tuha,banuA,I gilikan si kalamvuAy parujar 2 si hr̥ṁ ramani duṅas si knoḥ
INSIDENKLintakan#035,INSIDENKLintakan,"Lintakan (841 Śaka, 919-07-12)",919,title,Prambanan-Mataram,banuA,kabaiḥ,gusti si tarkha ramani godhi parujar si glo Ikanaṁ kalaṁ gusti tuha,banuA,kabaiḥ Iṁ tpi siriṁ vinehan vḍihan raṅga yu 1 mas ku 2
INSIDENKLintakan#036,INSIDENKLintakan,"Lintakan (841 Śaka, 919-07-12)",919,title,Prambanan-Mataram,banuA,paglutan,kāyānurūpa Atapukan milu rikanaṁ śuśukan sīma si ra hulu ramani maripa Anak,banuA,I paglutan vatak tiru ranu si marūm ramani tarima Anak vanuA I
INSIDENKLintakan#037,INSIDENKLintakan,"Lintakan (841 Śaka, 919-07-12)",919,title,Prambanan-Mataram,vanuA,kahutanan,Anak banuA I paglutan vatak tiru ranu si marūm ramani tarima Anak,vanuA,I kahutanan vatak mataram si piñjuṅan ramani namvi Anak banuA I maṅəvəl
INSIDENKLintakan#038,INSIDENKLintakan,"Lintakan (841 Śaka, 919-07-12)",919,title,Prambanan-Mataram,banuA,maṅəvəl,tarima Anak vanuA I kahutanan vatak mataram si piñjuṅan ramani namvi Anak,banuA,I maṅəvəl vatak Aṅgul si pataṅhuran Anak banuA I vəṅkal vatak dalinan
INSIDENKLintakan#039,INSIDENKLintakan,"Lintakan (841 Śaka, 919-07-12)",919,title,Prambanan-Mataram,banuA,vəṅkal,piñjuṅan ramani namvi Anak banuA I maṅəvəl vatak Aṅgul si pataṅhuran Anak,banuA,I vəṅkal vatak dalinan si balilu Anak banuA I paniruAn vatak paṅgil
INSIDENKLintakan#040,INSIDENKLintakan,"Lintakan (841 Śaka, 919-07-12)",919,title,Prambanan-Mataram,banuA,paniruAn,Aṅgul si pataṅhuran Anak banuA I vəṅkal vatak dalinan si balilu Anak,banuA,I paniruAn vatak paṅgil hyaṁ si bisama Anak banuA I pakalaṅkyaṅan vatak
INSIDENKLintakan#041,INSIDENKLintakan,"Lintakan (841 Śaka, 919-07-12)",919,title,Prambanan-Mataram,banuA,pakalaṅkyaṅan,si balilu Anak banuA I paniruAn vatak paṅgil hyaṁ si bisama Anak,banuA,I pakalaṅkyaṅan vatak pagar vsi si lamayuṁ Anak banuA I vatu-vatu vatak
INSIDENKLintakan#042,INSIDENKLintakan,"Lintakan (841 Śaka, 919-07-12)",919,title,Prambanan-Mataram,banuA,vatu-vatu,si bisama Anak banuA I pakalaṅkyaṅan vatak pagar vsi si lamayuṁ Anak,banuA,I vatu-vatu vatak vatu-vatu piṇḍa Atapukan prāṇa 30 hop rarai vinehan pirak
INSIDENKLintakan#043,INSIDENKLintakan,"Lintakan (841 Śaka, 919-07-12)",919,title,Prambanan-Mataram,banuA,kaṇḍaṁ,Anuṁ kinon mahārāja humaR̥pa Ikanaṁ gaṅan saṁ paku vaṅi pu bañjuA Anak,banuA,I kaṇḍaṁ vatak paku vaṅi muAṁ si ra taṅkil pu vuñjī Anak
INSIDENKLintakan#044,INSIDENKLintakan,"Lintakan (841 Śaka, 919-07-12)",919,title,Prambanan-Mataram,banuA,təR̥nəḥ,I kaṇḍaṁ vatak paku vaṅi muAṁ si ra taṅkil pu vuñjī Anak,banuA,I təR̥nəḥ vatak taṅkil luĪrnikanaṁ Ininum tuAk siddhu ciñca samaṅkanaṁ paḍahi tuvuṁ
INSIDENKLuitan#001,INSIDENKLuitan,Charter of Luitan I,901,xlsx CE,Other Central Java,vanuA,luĪtan,caitra-māsa tithi daśamĭ kr̥ṣṇa-pakṣa vā ka vr̥ vāra śatabhiṣa-nakṣatra Indra-yoga tatkāla Anak,vanuA,I luĪtan vatak kapuṁ manamvaḥ I ra kryān mapatiḥ I hino Umajarakan
INSIDENKLuitan#002,INSIDENKLuitan,Charter of Luitan I,901,xlsx CE,Other Central Java,banuA,kataṅgaran,vahuta hyaṁ vinaiḥ mas mā 4 kinabaihannira samgat mavanuA pu kuśala Anak,banuA,I kataṅgaran vatak kataṅgaran I nasəAn pasak-pasak mas su9 mā 8 tuhānniṁ
INSIDENKMamali#001,INSIDENKMamali,The Polengan plates: Mamali Charter (800 Śaka),878,title,Kedu/Prambanan (E082 area label),banuA,si,makabaihan kalaṁ si pundaṅin ramani kais kalaṁ si gatha ramani ḍaṅul tuha,banuA,si gajul ramani saṅkān tuha banuA si bari ramani tkik tuha banuA
INSIDENKMamali#002,INSIDENKMamali,The Polengan plates: Mamali Charter (800 Śaka),878,title,Kedu/Prambanan (E082 area label),banuA,si,kalaṁ si gatha ramani ḍaṅul tuha banuA si gajul ramani saṅkān tuha,banuA,si bari ramani tkik tuha banuA ramani kuṇḍū tuha banuA si Aṅgāra
INSIDENKMamali#003,INSIDENKMamali,The Polengan plates: Mamali Charter (800 Śaka),878,title,Kedu/Prambanan (E082 area label),banuA,ramani,banuA si gajul ramani saṅkān tuha banuA si bari ramani tkik tuha,banuA,ramani kuṇḍū tuha banuA si Aṅgāra ramani vatu hulu vras si byaṁ
INSIDENKMamali#004,INSIDENKMamali,The Polengan plates: Mamali Charter (800 Śaka),878,title,Kedu/Prambanan (E082 area label),banuA,si,saṅkān tuha banuA si bari ramani tkik tuha banuA ramani kuṇḍū tuha,banuA,si Aṅgāra ramani vatu hulu vras si byaṁ ramani vulir gusti si
INSIDENKMamali#005,INSIDENKMamali,The Polengan plates: Mamali Charter (800 Śaka),878,title,Kedu/Prambanan (E082 area label),vanva,ramani,ramani tarumbaṁ muAṁ tuha kalaṁ si basu vahuta I sirikan kulumpaṁ si,vanva,ramani Ārthi kapuA ya vinaihan pirak mā 1 sovaṁ-sovaṁ
INSIDENKMantyasihI#001,INSIDENKMantyasihI,The Charter of Mantyasih I,907,xlsx CE,Kedu,vanuA,mantyāsiḥ,halu sirikan vka halaran tiruAn palar hyaṁ maṁhūri vadihati makudur kumonakann ikanaṁ,vanuA,I mantyāsiḥ viniḥni savaḥnya satū muAṁ Alasnya I muṇḍuAn I kayu pañjaṁ
INSIDENKMantyasihI#002,INSIDENKMantyasihI,The Charter of Mantyasih I,907,xlsx CE,Kedu,vanuA,kagunturan,satū muAṁ Alasnya I muṇḍuAn I kayu pañjaṁ muAṁ pomahan Iṁ kuniṁ,vanuA,kagunturan pasavahanya ri vunut kvaiḥni viniḥnya satū hamat 18 hop savaḥ kanayakān
INSIDENKMantyasihI#003,INSIDENKMantyasihI,The Charter of Mantyasih I,907,xlsx CE,Kedu,vanuA,kuniṁ,I śilābhedeśvara I tuleśvara Iṁ prativarṣa muAṁ saṁkā yan Antarālika katakutan Ikanaṁ,vanuA,Iṁ kuniṁ sinărabhārān ta Ikanaṁ patiḥ rumakṣā Ikanaṁ havān nahan mataṅ yan
INSIDENKMantyasihI#004,INSIDENKMantyasihI,The Charter of Mantyasih I,907,xlsx CE,Kedu,vanuA,kāliḥ,sinărabhārān ta Ikanaṁ patiḥ rumakṣā Ikanaṁ havān nahan mataṅ yan Inanugrahākann ikanaṁ,vanuA,kāliḥ Irikanaṁ patiḥ kunaṁ parṇnaḥhanya tan katamāna de saṁ paṅkur tavān tirip
INSIDENKMantyasihI#005,INSIDENKMantyasihI,The Charter of Mantyasih I,907,xlsx CE,Kedu,vanuA,miraḥ-miraḥ,2 kain blaḥ 1 juru I Ayam təAs ruA miraḥ-miraḥ pu rayuṁ,vanuA,I miraḥ-miraḥ vatak Ayam təAs maṁraṅkapi halaran pu dhanada vanuA I paṇḍamuAn
INSIDENKMantyasihI#006,INSIDENKMantyasihI,The Charter of Mantyasih I,907,xlsx CE,Kedu,vanuA,paṇḍamuAn,pu rayuṁ vanuA I miraḥ-miraḥ vatak Ayam təAs maṁraṅkapi halaran pu dhanada,vanuA,I paṇḍamuAn sīma Ayam təAs juru I makudur ruA pataL̥san pu vīryya
INSIDENKMantyasihI#007,INSIDENKMantyasihI,The Charter of Mantyasih I,907,xlsx CE,Kedu,vanuA,vaduṁ,I paṇḍamuAn sīma Ayam təAs juru I makudur ruA pataL̥san pu vīryya,vanuA,I vaduṁ poḥ vatak paṅkur poḥ maṁraṅkapi vavaha pu jayanta vanuA I
INSIDENKMantyasihI#008,INSIDENKMantyasihI,The Charter of Mantyasih I,907,xlsx CE,Kedu,vanuA,kataṅguhan,vīryya vanuA I vaduṁ poḥ vatak paṅkur poḥ maṁraṅkapi vavaha pu jayanta,vanuA,I kataṅguhan vatək haməAs kapuA vinaiḥ mas mā 4 vḍihan raṅga yu
INSIDENKMantyasihI#009,INSIDENKMantyasihI,The Charter of Mantyasih I,907,xlsx CE,Kedu,vanuA,paṇḍamuan,4 vḍihan raṅga yu 1 sovaṁ-sovaṁ Ayam təAs lumaku manusuk pu vraiyan,vanuA,I paṇḍamuan sīma vadihati I makudur saṁ variṅin vanuA I sumaṅka vatak
INSIDENKMantyasihI#010,INSIDENKMantyasihI,The Charter of Mantyasih I,907,xlsx CE,Kedu,vanuA,sumaṅka,manusuk pu vraiyan vanuA I paṇḍamuan sīma vadihati I makudur saṁ variṅin,vanuA,I sumaṅka vatak kaluṁ barak I tiruAn saṁ patūṅan vanuA Iṁ kabikuAn
INSIDENKMantyasihI#011,INSIDENKMantyasihI,The Charter of Mantyasih I,907,xlsx CE,Kedu,vanuA,kabikuAn,saṁ variṅin vanuA I sumaṅka vatak kaluṁ barak I tiruAn saṁ patūṅan,vanuA,Iṁ kabikuAn Iṁ vḍi taḍaḥ haji puṅgul juruniṁ vadvā rarai I patapān
INSIDENKMantyasihI#012,INSIDENKMantyasihI,The Charter of Mantyasih I,907,xlsx CE,Kedu,vanuA,sumaṅka,Iṁ vḍi taḍaḥ haji puṅgul juruniṁ vadvā rarai I patapān pu kr̥ṣṇa,vanuA,I sumaṅka vatak taṅkil sugiḥ kapuA vinaiḥ mas mā 4 vḍihan raṅga
INSIDENKMantyasihI#013,INSIDENKMantyasihI,The Charter of Mantyasih I,907,xlsx CE,Kedu,banua,kḍu,sor vinkas si guta I ruhur si vahī I kalaṇḍiṅan vinkas si,banua,I kḍu kalima si dharmma I pamaṇḍyan vinkas si siga ramani vipula
INSIDENKMantyasihI#014,INSIDENKMantyasihI,The Charter of Mantyasih I,907,xlsx CE,Kedu,vanuA,saṁ,hulun si kiṇḍaṁ juAl si pakavakan tasak rahyaṁta rumuhun siraṁ bāsa Iṁ,vanuA,saṁ maṁdyun kahyaṅan saṁ magavai kaḍatvan saṁ magalagaḥ pomahan saṁ tumaṅgə ṁ
INSIDENKMantyasihI#015,INSIDENKMantyasihI,The Charter of Mantyasih I,907,xlsx CE,Kedu,vanuA,gaṇa,saṁ magavai kaḍatvan saṁ magalagaḥ pomahan saṁ tumaṅgə ṁ susuk saṁ tumkeṁ,vanuA,gaṇa kadi laṇḍap nyun pakaśapatha kamu rahyaṁta rumuhun ri mḍaṁ ri poḥ
INSIDENKMantyasihI#016,INSIDENKMantyasihI,The Charter of Mantyasih I,907,xlsx CE,Kedu,vanuA,mantyāsiḥ,kudur I sampunyan maṅkana Umuvaḥ ya I ronya nahan cihnanyan mapagəḥ Ikanaṁ,vanuA,I mantyāsiḥ muAṁ Iṁ kuniṁ kagunturan Inanugrāhākan rikanaṁ patiḥ mantyāsiḥ sīma kapatihana
INSIDENKMantyasihII#001,INSIDENKMantyasihII,"Mantyasih II (829 Śaka, 907-04-11)",907,title,Other Central Java,vanua,mantyasih,hino halu sirikan vka halaran tiruan palarhyang manghuri va dihati makudur kumonnakannikanang,vanua,i mantyasih vinih ni savahnya satū muang alasnya i muṇḍuan i kayu
INSIDENKMantyasihII#002,INSIDENKMantyasihII,"Mantyasih II (829 Śaka, 907-04-11)",907,title,Other Central Java,vanua,katungguan11,savahnya satū muang alasnya i muṇḍuan i kayu paṇḍa10 muang pomahan ikūni,vanua,katungguan11 pasavaḥhanya ri vunut kvaiḥ ni viniḥ nya salə maḍā tan pa
INSIDENKMantyasihIII#001,INSIDENKMantyasihIII,The Charter of Mantyasih III,907,xlsx CE,Kedu,vanuA,mira-miraḥ,2 kain blaḥ 1 juru I Ayam təAs ruA mira-miraḥ pu rayuṁ,vanuA,I mira-miraḥ vatak Ayam təAs maṁraṅkappi halaran pu dhanada vanuA I paṇḍamuAn
INSIDENKMantyasihIII#002,INSIDENKMantyasihIII,The Charter of Mantyasih III,907,xlsx CE,Kedu,vanuA,paṇḍamuAn,pu rayuṁ vanuA I mira-miraḥ vatak Ayam təAs maṁraṅkappi halaran pu dhanada,vanuA,I paṇḍamuAn śĭma Ayam təR̥b juru makudur ruA pataL̥san pu vĭryya vanuA
INSIDENKMantyasihIII#003,INSIDENKMantyasihIII,The Charter of Mantyasih III,907,xlsx CE,Kedu,vanuA,vaduṁ,vanuA I paṇḍamuAn śĭma Ayam təR̥b juru makudur ruA pataL̥san pu vĭryya,vanuA,I vaduṁ poḥ vatak paṅkur poḥ maṁraṅkappi vacaha pu danta vanuA I
INSIDENKMantyasihIII#004,INSIDENKMantyasihIII,The Charter of Mantyasih III,907,xlsx CE,Kedu,vanuA,katguhan,vĭryya vanuA I vaduṁ poḥ vatak paṅkur poḥ maṁraṅkappi vacaha pu danta,vanuA,I katguhan vatak haməAs kapuA vinaiḥ mas mā 4 vḍihan raṅga yu
INSIDENKMantyasihIII#005,INSIDENKMantyasihIII,The Charter of Mantyasih III,907,xlsx CE,Kedu,vanuA,paṇḍamuAn,4 vḍihan raṅga yu 1 sovaṁ-sovaṁ Ayam təAs lumaku manusuk pu vrayan,vanuA,I paṇḍamuAn sĭma vadihati I makudur saṁ variṅin vanuA I sumaṅka vatak
INSIDENKMantyasihIII#006,INSIDENKMantyasihIII,The Charter of Mantyasih III,907,xlsx CE,Kedu,vanuA,sumaṅka,manusuk pu vrayan vanuA I paṇḍamuAn sĭma vadihati I makudur saṁ variṅin,vanuA,I sumaṅka vatak kaluṁ varak I tiruAn pavatruṅan vanuA I kabikuAn Iṁ
INSIDENKMantyasihIII#007,INSIDENKMantyasihIII,The Charter of Mantyasih III,907,xlsx CE,Kedu,vanuA,kabikuAn,makudur saṁ variṅin vanuA I sumaṅka vatak kaluṁ varak I tiruAn pavatruṅan,vanuA,I kabikuAn Iṁ vḍi taḍaḥ haji puṁgul juruni vaduĀ rarai I pātapan
INSIDENKMantyasihIII#008,INSIDENKMantyasihIII,The Charter of Mantyasih III,907,xlsx CE,Kedu,banuA,sumaṅka,Iṁ vḍi taḍaḥ haji puṁgul juruni vaduĀ rarai I pātapan pu kumla,banuA,I sumaṅka vatak taṅkil sugiḥ kapuA vinaiḥ mas mā 4 vḍihan raṅga
INSIDENKMantyasihIII#009,INSIDENKMantyasihIII,The Charter of Mantyasih III,907,xlsx CE,Kedu,banuA,kḍu,vinkas si guta I ruhur vinkas si vahi I kalaṇḍiṅan vinkas si,banuA,I kḍu kalima si dharmī Ikā ta kabaiḥ kapuA vinaiḥ pasək-pasək kayānurūpa
INSIDENKMantyasihIII#010,INSIDENKMantyasihIII,The Charter of Mantyasih III,907,xlsx CE,Kedu,vanuA,magəṁ,kḍu kalima si dharmī Ikā ta kabaiḥ kapuA vinaiḥ pasək-pasək kayānurūpa Ikanaṁ,vanuA,magəṁ vinaiḥ pirak mā 2 vḍihan raṅga yu 1 sovaṁ Ikanaṁ vanuA
INSIDENKMantyasihIII#011,INSIDENKMantyasihIII,The Charter of Mantyasih III,907,xlsx CE,Kedu,vanuA,maḍmit,vanuA magəṁ vinaiḥ pirak mā 2 vḍihan raṅga yu 1 sovaṁ Ikanaṁ,vanuA,maḍmit vinaiḥ pirak mā 2 sovaṁ-sovaṁ vidu si majaṅut matapukan si barubuḥ
INSIDENKMantyasihIII#012,INSIDENKMantyasihIII,The Charter of Mantyasih III,907,xlsx CE,Kedu,vanuA,mantyāsiḥ,I tpi siriṁ Umuvaḥ ya I ronnya nahan cihnanyan sampun mapagəḥ Ikanaṁ,vanuA,I mantyāsiḥ muAṁ Ikanaṁ vanuA I kuniṁ kagunturan Inanugrahākan rikanaṁ patiḥ mantyāsiḥ
INSIDENKMantyasihIII#013,INSIDENKMantyasihIII,The Charter of Mantyasih III,907,xlsx CE,Kedu,vanuA,kuniṁ,I ronnya nahan cihnanyan sampun mapagəḥ Ikanaṁ vanuA I mantyāsiḥ muAṁ Ikanaṁ,vanuA,I kuniṁ kagunturan Inanugrahākan rikanaṁ patiḥ mantyāsiḥ sĭma kapatihana yāpuAn hana Umulah-ulaḥ
INSIDENKMarsemu#001,INSIDENKMarsemu,"Marsemu charter, ca. 875 CE",875,title,Unlocated,vanuA,marsmu,pavaraḥ Iṁ vahuta pata patiḥ muAṁ soĀraniṁ Anak,vanuA,I marsmu I vuĀ muAṁ jātaka Ikanaṁ kunaṁ paṅansəAnnanya I dharmma rakryān
INSIDENKMasahar#001,INSIDENKMasahar,Charter of Masahar (852 Śaka),930,title,East Java,banuA,si,vinkas matuha si vidu bapani balun gusti si sutyaṁ bapani maṇik tuha,banuA,si parujar si tuṇḍuṁ vinkas rarai si tyanta Avatəs si kusut huler
INSIDENKMasahar#002,INSIDENKMasahar,Charter of Masahar (852 Śaka),930,title,East Java,banuA,tumarima,rarai si tyanta Avatəs si kusut huler si kambar matūttakan vuvusnya sapasug,banuA,tumarima Ikanaṁ mas kā 3 su 5 rakai hañaṅan laki-bi rikanaṁ lmaḥ
INSIDENKMasahar#003,INSIDENKMasahar,Charter of Masahar (852 Śaka),930,title,East Java,vanuA,masahar,juru hulun Iṁ jayamukha kapuA vinaiḥ vḍihan hlai 1 sovaṁ nayaka rikanaṁ,vanuA,I masahar saṁ vigata vinaiḥ mā 4 vḍihan kāruka yu 2 partaya
INSIDENKMasahar#004,INSIDENKMasahar,Charter of Masahar (852 Śaka),930,title,East Java,vanuA,si,masahar saṁ vigata vinaiḥ mā 4 vḍihan kāruka yu 2 partaya Irikanaṁ,vanuA,si bhayī vinaiḥ mā 2 vḍihan hlai 1 bvatoḥ rakryān havaṁ dhanasuntan
INSIDENKMasahar#005,INSIDENKMasahar,Charter of Masahar (852 Śaka),930,title,East Java,vanuA,pinanumbasakan,vaṅkay kābunan kapaṅguha Irikanaṁ śīma mā 4 maparaha Irikanaṁ rāma I jro,vanuA,pinanumbasakan tekanaṁ śīma lmaḥ riṁ kabalan vluran havannani vuAinya tumbasanya de rakai
INSIDENKMasahar#006,INSIDENKMasahar,Charter of Masahar (852 Śaka),930,title,East Java,vanuA,viji,nambi tuhān hañjaman tuhān juḍi juru jalir pamaṇikan maṇiga sikpan rumbān vilaṁ,vanuA,viji kavaḥ tiṅkəs māvī miśra hino vli hapū vli tambaṁ vli pañjut
INSIDENKPalepangan#001,INSIDENKPalepangan,Palepangan charter (828 Śaka),906,title,Kedu,banuA,tatra,Umijil ri sasāṅan nāhan Anugraha rakryān mapatiḥ I rāmanta I paL̥paṅan sapasug,banuA,tatra sākṣī samgat priṁ ḍapunta Udāra Anak vanuA I srāṅan pumpunanni bihāra
INSIDENKPalepangan#002,INSIDENKPalepangan,Palepangan charter (828 Śaka),906,title,Kedu,vanuA,srāṅan,rāmanta I paL̥paṅan sapasug banuA tatra sākṣī samgat priṁ ḍapunta Udāra Anak,vanuA,I srāṅan pumpunanni bihāra Iṁ pahai Amasaṅakan I rakryān mapatiḥ dyaḥ vano
INSIDENKPalepangan#003,INSIDENKPalepangan,Palepangan charter (828 Śaka),906,title,Kedu,vanuA,syutan,srāṅan pumpunanni bihāra Iṁ pahai Amasaṅakan I rakryān mapatiḥ dyaḥ vano Anak,vanuA,I syutan vatək tiru raṇu tuha kalaṁ rikaṁ kāla pu baruṇa pu
INSIDENKPalepangan#004,INSIDENKPalepangan,Palepangan charter (828 Śaka),906,title,Kedu,banuA,pu,vatək tiru raṇu tuha kalaṁ rikaṁ kāla pu baruṇa pu palinī tuha,banuA,pu kmir pu gamana pu gambir gusti pu karṇa pu Aruṇa pu
INSIDENKPalepangan#005,INSIDENKPalepangan,Palepangan charter (828 Śaka),906,title,Kedu,banuA,lampahan,pu tarañjal parujar pu pradhāna maṁraṁkpi pu kuḍut vinkas pu sādha tuha,banuA,I lampahan pu gammar variga pu bur huler pu bay nāhan kvaiḥnira
INSIDENKPananggaran#001,INSIDENKPananggaran,Pananggaran (791 Śaka),869,title,Prambanan-Mataram,vanva,muṅgv,nikanaṁ parhyaṅan Iṁ tiga haryyan marhyaṁ Irikanaṁ kāla ḍaṁṅ ācāryya vimaleśvara Anak,vanva,I muṅgv antan vatak tira vinaiḥhan Ikanaṁ vanva I panaṅgaran vyavastha mas
INSIDENKPananggaran#002,INSIDENKPananggaran,Pananggaran (791 Śaka),869,title,Prambanan-Mataram,vanva,panaṅgaran,ḍaṁṅ ācāryya vimaleśvara Anak vanva I muṅgv antan vatak tira vinaiḥhan Ikanaṁ,vanva,I panaṅgaran vyavastha mas mā 4 kunaṁ yan halaṁ-halaṁṅanna Ikanaṁ vuAttan tan
INSIDENKPanggumulanA#001,INSIDENKPanggumulanA,The Charter of Panggumulan,902,alias: xlsx Panggumulan I/A 824 Saka,Prambanan-Mataram,vanuA,vuAtan,soma-vāra daksiṇa-stha jyaiṣṭha-nakṣatra mitra-devatā sukarmmā-yoga tatkāla rakryān I vantil pu pālaka Anak,vanuA,I vuAtan sugiḥ vatak vulakan muAṁṅ anakvinira dyaḥ prasāda muAṅ anaknira katiga
INSIDENKPanggumulanA#002,INSIDENKPanggumulanA,The Charter of Panggumulan,902,alias: xlsx Panggumulan I/A 824 Saka,Prambanan-Mataram,vanuA,paṅgumulan,muAṅ anaknira katiga pu palaku pu govinda pu vaṅi tamuy manusuk ṣīma,vanuA,I paṅgumulan vatak pulu vatu hop kabikuAnya gavai mā 4 savaḥ kanayakān
INSIDENKPanggumulanA#003,INSIDENKPanggumulanA,The Charter of Panggumulan,902,alias: xlsx Panggumulan I/A 824 Saka,Prambanan-Mataram,vanuA,dalam,manimpiki paranakan kriṁ paḍamm apuy maṅhuri Air haji tapa haji tuha dagaṁ,vanuA,I dalam kataṅgaran pinilai mapaḍahi maṅiduṁ hulun haji Ityevamādi kabaiḥ tan hana
INSIDENKPanggumulanA#004,INSIDENKPanggumulanA,The Charter of Panggumulan,902,alias: xlsx Panggumulan I/A 824 Saka,Prambanan-Mataram,vanuA,haji,Anuṁ kinon humarapa Ikanaṁ susukan śīma saṁ pamagat pikatan ḍapunta kośikī Anak,vanuA,Iṅ haji kabikuAn I paməhaṅan muAṁ saṁ pamagat manuṅkuli saṁ brahmāśakti maṅasəAkan
INSIDENKPanggumulanA#005,INSIDENKPanggumulanA,The Charter of Panggumulan,902,alias: xlsx Panggumulan I/A 824 Saka,Prambanan-Mataram,vanuA,cukulan,makavanuA Ikana sinusuk saṁ pamagat pulu vatu pu kunir saṁ vinīta Anak,vanuA,I cukulan vatak tilimpik kapuA sira InasəAn pasək-pasək vḍihan gañjar pātra sisi
INSIDENKPanggumulanA#006,INSIDENKPanggumulanA,The Charter of Panggumulan,902,alias: xlsx Panggumulan I/A 824 Saka,Prambanan-Mataram,vanuA,babahan,mas su 1 Iṁ sovaṁ-sovaṁ saṁ pulu vatu Anakbi pu babi Anak,vanuA,I babahan I pulu vatu InasəAn kain savlah simsim prasāda voḥ 1
INSIDENKPanggumulanA#007,INSIDENKPanggumulanA,The Charter of Panggumulan,902,alias: xlsx Panggumulan I/A 824 Saka,Prambanan-Mataram,vanua,paṁramuAn,vadihati 2 saṁ mira-miraḥ si rayuṁ maṁraṅkapi saṁ halaran si rahula Anak,vanua,I paṁramuAn vatak vadihati saṁ tuhānni makudur 2 saṁ Asam pañjaṁ si
INSIDENKPanggumulanA#008,INSIDENKPanggumulanA,The Charter of Panggumulan,902,alias: xlsx Panggumulan I/A 824 Saka,Prambanan-Mataram,vanuA,mantyāsiḥ,saṁ Asam pañjaṁ si dharmma muAṁ saṁ taṅkil sugiḥ si manikṣa Anak,vanuA,I mantyāsiḥ vatak makudur kapuA vineḥ pasək-pasək vḍihan yu 1 mas mā
INSIDENKPanggumulanA#009,INSIDENKPanggumulanA,The Charter of Panggumulan,902,alias: xlsx Panggumulan I/A 824 Saka,Prambanan-Mataram,vanuA,paṇḍamuAn,4 Iṁ sovaṁ-sovaṁ I vadihati lumaku manusuk saṁ vurukuy si maṅasū Anak,vanuA,I paṇḍamuAn vadihati muAṁ I makudur saṁ kamalagyan si lalita Anak vanuA
INSIDENKPanggumulanA#010,INSIDENKPanggumulanA,The Charter of Panggumulan,902,alias: xlsx Panggumulan I/A 824 Saka,Prambanan-Mataram,vanuA,palikət,vanuA I paṇḍamuAn vadihati muAṁ I makudur saṁ kamalagyan si lalita Anak,vanuA,I palikət vatak makudur kapuA vinaiḥ pasək-pasək vḍihan yu 2 mas mā
INSIDENKPanggumulanA#011,INSIDENKPanggumulanA,The Charter of Panggumulan,902,alias: xlsx Panggumulan I/A 824 Saka,Prambanan-Mataram,vanuA,gunuṅan,tuhān mamuAt Ujar kabaiḥ parujarr i hino saṁ kaṇḍamuhi si tuṅgaṁ Anak,vanuA,I gunuṅan vatak taṅkil citralekha saṁ vatu varani si manəsər Anak vanuA
INSIDENKPanggumulanA#012,INSIDENKPanggumulanA,The Charter of Panggumulan,902,alias: xlsx Panggumulan I/A 824 Saka,Prambanan-Mataram,vanuA,tamaliṅgaṁ,vanuA I gunuṅan vatak taṅkil citralekha saṁ vatu varani si manəsər Anak,vanuA,I tamaliṅgaṁ vatak sirikan parujar ri halu saṁ viṣaga si vīryya Anak
INSIDENKPanggumulanA#013,INSIDENKPanggumulanA,The Charter of Panggumulan,902,alias: xlsx Panggumulan I/A 824 Saka,Prambanan-Mataram,vanuA,pakalaṁkyaṅan,I tamaliṅgaṁ vatak sirikan parujar ri halu saṁ viṣaga si vīryya Anak,vanuA,I pakalaṁkyaṅan vatak pagar vsi parujar ri sirikan saṁ hujuṁ galuḥ si
INSIDENKPanggumulanA#014,INSIDENKPanggumulanA,The Charter of Panggumulan,902,alias: xlsx Panggumulan I/A 824 Saka,Prambanan-Mataram,vanuA,siṅha,vatak pagar vsi parujar ri sirikan saṁ hujuṁ galuḥ si Agra Anak,vanuA,I siṅha vatak hino citralekhā dharmmasinta si parbvata Anak vanuA I limus
INSIDENKPanggumulanA#015,INSIDENKPanggumulanA,The Charter of Panggumulan,902,alias: xlsx Panggumulan I/A 824 Saka,Prambanan-Mataram,vanuA,limus,Agra Anak vanuA I siṅha vatak hino citralekhā dharmmasinta si parbvata Anak,vanuA,I limus vatak pulu vatu parujar I vka viridiḥ si ḍaṇu vanva
INSIDENKPanggumulanA#016,INSIDENKPanggumulanA,The Charter of Panggumulan,902,alias: xlsx Panggumulan I/A 824 Saka,Prambanan-Mataram,vanva,skar,vanuA I limus vatak pulu vatu parujar I vka viridiḥ si ḍaṇu,vanva,I skar tān vatak layu vataṁ citralekhā halaṁ manuk si govinda vanva
INSIDENKPanggumulanA#017,INSIDENKPanggumulanA,The Charter of Panggumulan,902,alias: xlsx Panggumulan I/A 824 Saka,Prambanan-Mataram,vanva,vanuA,vanva I skar tān vatak layu vataṁ citralekhā halaṁ manuk si govinda,vanva,ri vanuA tṅaḥ vatak vuru tuṅgal parujar I tiruAn sumuḍan si bhāsura
INSIDENKPanggumulanA#018,INSIDENKPanggumulanA,The Charter of Panggumulan,902,alias: xlsx Panggumulan I/A 824 Saka,Prambanan-Mataram,vanuA,tṅaḥ,skar tān vatak layu vataṁ citralekhā halaṁ manuk si govinda vanva ri,vanuA,tṅaḥ vatak vuru tuṅgal parujar I tiruAn sumuḍan si bhāsura Anak vanuA
INSIDENKPanggumulanA#019,INSIDENKPanggumulanA,The Charter of Panggumulan,902,alias: xlsx Panggumulan I/A 824 Saka,Prambanan-Mataram,vanuA,vuṅkuḍu,vanuA tṅaḥ vatak vuru tuṅgal parujar I tiruAn sumuḍan si bhāsura Anak,vanuA,I vuṅkuḍu vatak kilipan kapuA vinaiḥ pasək-pasək vḍihan yu 1 mas mā
INSIDENKPanggumulanA#020,INSIDENKPanggumulanA,The Charter of Panggumulan,902,alias: xlsx Panggumulan I/A 824 Saka,Prambanan-Mataram,vanuA,tulumpuk,1 mas mā 4 Iṁ sovaṁ-sovaṁ parujar I halaran saṁ vijanta Anak,vanuA,I tulumpuk I sumiṅkar vatak kaṇḍuḥ tuhāniṁ kanayakān I pulu vatu si
INSIDENKPanggumulanA#021,INSIDENKPanggumulanA,The Charter of Panggumulan,902,alias: xlsx Panggumulan I/A 824 Saka,Prambanan-Mataram,vanva,paṅaruhan,tulumpuk I sumiṅkar vatak kaṇḍuḥ tuhāniṁ kanayakān I pulu vatu si samădhi,vanva,I paṅaruhan paṇḍai tamvagā muAṁ tuhāniṁ lampuran si dhaniti Anak vanuA I
INSIDENKPanggumulanA#022,INSIDENKPanggumulanA,The Charter of Panggumulan,902,alias: xlsx Panggumulan I/A 824 Saka,Prambanan-Mataram,vanuA,vukulan,samădhi vanva I paṅaruhan paṇḍai tamvagā muAṁ tuhāniṁ lampuran si dhaniti Anak,vanuA,I vukulan vatak tilimpik parujar I maṅhuri si ranuĪ si samodaya Anak
INSIDENKPanggumulanA#023,INSIDENKPanggumulanA,The Charter of Panggumulan,902,alias: xlsx Panggumulan I/A 824 Saka,Prambanan-Mataram,vanuA,siṅhapura,I vukulan vatak tilimpik parujar I maṅhuri si ranuĪ si samodaya Anak,vanuA,I siṅhapura vatak halu madāṁ parujar I paṅkur dadalan si dhyāna Anak
INSIDENKPanggumulanA#024,INSIDENKPanggumulanA,The Charter of Panggumulan,902,alias: xlsx Panggumulan I/A 824 Saka,Prambanan-Mataram,vanuA,rilam,I siṅhapura vatak halu madāṁ parujar I paṅkur dadalan si dhyāna Anak,vanuA,I rilam vatak Aluhur parujar I tavān saṁ ḍāluk si kr̥ṣṇa Anak
INSIDENKPanggumulanA#025,INSIDENKPanggumulanA,The Charter of Panggumulan,902,alias: xlsx Panggumulan I/A 824 Saka,Prambanan-Mataram,vanuA,srai,I rilam vatak Aluhur parujar I tavān saṁ ḍāluk si kr̥ṣṇa Anak,vanuA,I srai vatak hampuṅan parujar I tirip saṁ paṅadagan si siṅha Anak
INSIDENKPanggumulanA#026,INSIDENKPanggumulanA,The Charter of Panggumulan,902,alias: xlsx Panggumulan I/A 824 Saka,Prambanan-Mataram,vanuA,paraṁ,I srai vatak hampuṅan parujar I tirip saṁ paṅadagan si siṅha Anak,vanuA,I paraṁ maṁjahij-jahit kapuA vineḥ pasək-pasək vḍihan yu 1 mas mā 2
INSIDENKPanggumulanA#027,INSIDENKPanggumulanA,The Charter of Panggumulan,902,alias: xlsx Panggumulan I/A 824 Saka,Prambanan-Mataram,vanuA,ra,pituṁtuṁni parujar saṁ mānak luA si barubuḥ muAṁ si varu kapuA Anak,vanuA,I ra luA vatak vuru tuṅgal vuAtan pai si kbəl Anak vanua
INSIDENKPanggumulanA#028,INSIDENKPanggumulanA,The Charter of Panggumulan,902,alias: xlsx Panggumulan I/A 824 Saka,Prambanan-Mataram,vanua,vuAtan,vanuA I ra luA vatak vuru tuṅgal vuAtan pai si kbəl Anak,vanua,I vuAtan pai vatak vatu humalaṁ vinaiḥ pasək-pasək vḍihan yu 1 mā
INSIDENKPanggumulanA#029,INSIDENKPanggumulanA,The Charter of Panggumulan,902,alias: xlsx Panggumulan I/A 824 Saka,Prambanan-Mataram,vanuA,sinusuk,vinaiḥ pasək-pasək vḍihan sahle mas mā 1 Iṁ sovaṁ-sovaṁ rāma māgaman Irikanaṁ,vanuA,sinusuk I paṅgumulan prāṇa 6 kalaṁ maṅuvu si piṅul ramani Udā gusti
INSIDENKPanggumulanA#030,INSIDENKPanggumulanA,The Charter of Panggumulan,902,alias: xlsx Panggumulan I/A 824 Saka,Prambanan-Mataram,banuA,si,Udā gusti sy atag ramani raṅga vinkas si vudal ramani ḍemoḥ tuha,banuA,si guṇa ramani ḍayaṁ rāma matuha si vlaṁ ramani go magavai vatu
INSIDENKPanggumulanA#031,INSIDENKPanggumulanA,The Charter of Panggumulan,902,alias: xlsx Panggumulan I/A 824 Saka,Prambanan-Mataram,vanuA,milu,8 vineḥ pasək-pasək pirak mā 4 Iṁ sovaṁ-sovaṁ samaṁkana saṁ I siriṅaniṁ,vanuA,milu pinakasākṣi patiḥ I hino patiḥ kulumpaṁ si puñjaṁ ramani śrī patiḥ
INSIDENKPanggumulanA#032,INSIDENKPanggumulanA,The Charter of Panggumulan,902,alias: xlsx Panggumulan I/A 824 Saka,Prambanan-Mataram,vaṅun,amvək,kinavuhan vatak hino gusti si bandəṁ kaki Ajī parujarnya si tuḍu I,vaṅun,amvək vatak paṅuruhan paṇḍai rāma matuha si pyul ramani śuddhi parujarnya si
INSIDENKPanggumulanA#033,INSIDENKPanggumulanA,The Charter of Panggumulan,902,alias: xlsx Panggumulan I/A 824 Saka,Prambanan-Mataram,vanuA,siriṅan,muṅgu vuAtan vatak laṇḍa tamvir rāma matuha si vaduĀ ramani Impən piṇḍa,vanuA,siriṅan tumūt pinakasākṣi 9 hop saṁ patiḥ vuAṁnya prāṇa 9 kapuA vinaiḥ
INSIDENKPanggumulanA#034,INSIDENKPanggumulanA,The Charter of Panggumulan,902,alias: xlsx Panggumulan I/A 824 Saka,Prambanan-Mataram,vanuA,kabaiḥ,kuluAn humarap vaitan saṁ saṁ vahuta patiḥ muAṁ rāmanta muAṁ saṅ anak,vanuA,kabaiḥ tpi siriṁ muṅgu kidul humarap lor lumakas saṁ makudur mamaṁ-maṁ manumpaḥ
INSIDENKPanggumulanA#035,INSIDENKPanggumulanA,The Charter of Panggumulan,902,alias: xlsx Panggumulan I/A 824 Saka,Prambanan-Mataram,vanuA,paṅgumulan,gsəṁ tan pahambān havu kerir maṅkanā Ikanaṅ UAṁṅ anyāya Asiṁ umulaḥ-ulaḥ Ikiṁ,vanuA,I paṅgumulan sinīma rakai vantil sinūsukniṁ kudur muAṁ vaduĀ rakryān mapatiḥ maṅkana
INSIDENKPanggumulanA#036,INSIDENKPanggumulanA,The Charter of Panggumulan,902,alias: xlsx Panggumulan I/A 824 Saka,Prambanan-Mataram,vanuA,kabaiḥ,saṁ makudur Anuṁ kaR̥ṅə de saṁ vahuta patiḥ muAṁ saṁ rāma Anak,vanuA,kabaiḥ ṅunivaiḥ saṁ tpi siriṁ kabaih manamvaḥ ya I saṁ hyaṁ vatu
INSIDENKPanggumulanA#037,INSIDENKPanggumulanA,The Charter of Panggumulan,902,alias: xlsx Panggumulan I/A 824 Saka,Prambanan-Mataram,vanuA,kabaiḥ,Iṁ sovaṁ-sovaṁ mamaṅan maṅinuṁ saṁ patiḥ vahuta muAṁ rāmanta raiṇanta muAṁṅ anak,vanuA,kabaiḥ laki-laki vaduAn matuha rarai milu mahantyan tan hana kāntun kapuA mamaṅan
INSIDENKPanggumulanA#038,INSIDENKPanggumulanA,The Charter of Panggumulan,902,alias: xlsx Panggumulan I/A 824 Saka,Prambanan-Mataram,vanuA,paṅgumulan,maṅigal kapuA UmtuAkan Inakni Amvəknira nāhan byaktanyan sampun śuddha pariśuddha mapagəḥ Ikaṁ,vanuA,I paṅgumulan vatak pulu vatu sinusuk saṁ vahuta hyaṁ kudur muAṁ saṁ
INSIDENKPanggumulanA#039,INSIDENKPanggumulanA,The Charter of Panggumulan,902,alias: xlsx Panggumulan I/A 824 Saka,Prambanan-Mataram,vanuA,paṅgumulan,tkā I dlāhaniṁ dlāha yāpuAn hana vuAṁṅ anyāya Asiṁ Umulaḥ-Umulaḥ Ikiṁ śīma,vanuA,I paṅgumulan vatak pulu vatu ṅunivaiḥ yan puput ta ya kadi lavas
INSIDENKPanunggalan#001,INSIDENKPanunggalan,"Panunggalan charter (818 Śaka, 896-08-15 CE)",896,title,Other Central Java,vanva,priṁ,Iṁ raja rikaṁ kāla saṁ prajvalita tiruAn rikaṁ kāla saṁ sivāstra Anak,vanva,I priṁ suṅudan rikaṁ kāla saṁ bisusul Anak I tiruvan ban sair
INSIDENKPanunggalan#002,INSIDENKPanunggalan,"Panunggalan charter (818 Śaka, 896-08-15 CE)",896,title,Other Central Java,vanva,rayun,saṁ bisusul Anak I tiruvan ban sair rikaṁ kāla saṁ pamasaṁṅan Anak,vanva,I rayun haruAn rikaṁ kāla kaki Aṅgān Anak vanva riṁ Air pəluṁ
INSIDENKPanunggalan#003,INSIDENKPanunggalan,"Panunggalan charter (818 Śaka, 896-08-15 CE)",896,title,Other Central Java,vanva,Air,saṁ pamasaṁṅan Anak vanva I rayun haruAn rikaṁ kāla kaki Aṅgān Anak,vanva,riṁ Air pəluṁ ḍəṇḍa rikaṅ kāla saṁ vaṅal Anak vanva Iṁ brahmā
INSIDENKPanunggalan#004,INSIDENKPanunggalan,"Panunggalan charter (818 Śaka, 896-08-15 CE)",896,title,Other Central Java,vanva,brahmā,Aṅgān Anak vanva riṁ Air pəluṁ ḍəṇḍa rikaṅ kāla saṁ vaṅal Anak,vanva,Iṁ brahmā marhyaṁ rikaṁ kāla saṁ sañja kalima rikaṁ kāla saṁ săvitrĭ
INSIDENKPasanggrahan#001,INSIDENKPasanggrahan,Pasanggrahan (ca. 900-910),900-910,alias: title ca. 900-910,Unlocated,vanuA,ṇḍar,Anak,vanuA,I ṇḍar vajak°ja nu tiruAn sumuḍan saṁ katimamaṁ Anakg vanuA I vuṅkuḍu
INSIDENKPasanggrahan#002,INSIDENKPasanggrahan,Pasanggrahan (ca. 900-910),900-910,alias: title ca. 900-910,Unlocated,vanuA,vuṅkuḍu,Anak vanuA I ṇḍar vajak°ja nu tiruAn sumuḍan saṁ katimamaṁ Anakg,vanuA,I vuṅkuḍu vatak kilipan parujar I maṁ huri ranuĪ bhasaṁ gupura sanakh
INSIDENKPasanggrahan#003,INSIDENKPasanggrahan,Pasanggrahan (ca. 900-910),900-910,alias: title ca. 900-910,Unlocated,vanuA,hinapit,I vuṅkuḍu vatak kilipan parujar I maṁ huri ranuĪ bhasaṁ gupura sanakh,vanuA,I hinapit vata k vka n natoda A I siṅhapura vatak mamrati
INSIDENKPasanggrahan#004,INSIDENKPasanggrahan,Pasanggrahan (ca. 900-910),900-910,alias: title ca. 900-910,Unlocated,vanuA,ra,rā A I Uvagihan vatak dalihaCV piha luṅgaC paru- si sanāñjaya Anak,vanuA,I ra luA vatak vuru siki 2 I n muṅi parujar Anak
INSIDENKPasanggrahan#005,INSIDENKPasanggrahan,Pasanggrahan (ca. 900-910),900-910,alias: title ca. 900-910,Unlocated,vanuA,nuAtan,I ra luA vatak vuru siki 2 I n muṅi parujar Anak,vanuA,nuAtan pe si laṅka Anak vanuA I vuAtan pe vatak vatu humalaṁ
INSIDENKPasanggrahan#006,INSIDENKPasanggrahan,Pasanggrahan (ca. 900-910),900-910,alias: title ca. 900-910,Unlocated,vanuA,vuAtan,2 I n muṅi parujar Anak vanuA nuAtan pe si laṅka Anak,vanuA,I vuAtan pe vatak vatu humalaṁ ta Ci ra panvuṅan vatak vakv
INSIDENKPasanggrahan#007,INSIDENKPasanggrahan,Pasanggrahan (ca. 900-910),900-910,alias: title ca. 900-910,Unlocated,vanuA,gilikan,kapuA vinaiḥ pasak -pasak pirak kinabaihanya nayakān 2 samgat vuAtan lampu Anak,vanuA,I gilikan vatak mamrati maṁraṅkəpi n Anak vanuA I vuluyu vatak tiruAn
INSIDENKPasanggrahan#008,INSIDENKPasanggrahan,Pasanggrahan (ca. 900-910),900-910,alias: title ca. 900-910,Unlocated,vanuA,vuluyu,samgat vuAtan lampu Anak vanuA I gilikan vatak mamrati maṁraṅkəpi n Anak,vanuA,I vuluyu vatak tiruAn rake paḍa sasir Anak vanuA I paṅunṅan tvaḍa
INSIDENKPasanggrahan#009,INSIDENKPasanggrahan,Pasanggrahan (ca. 900-910),900-910,alias: title ca. 900-910,Unlocated,vanuA,paṅunṅan,maṁraṅkəpi n Anak vanuA I vuluyu vatak tiruAn rake paḍa sasir Anak,vanuA,I paṅunṅan tvaḍa saṁ jambhala Anag vanuA I laṅkavan pagar vsi parujar
INSIDENKPasanggrahan#010,INSIDENKPasanggrahan,Pasanggrahan (ca. 900-910),900-910,alias: title ca. 900-910,Unlocated,vanuA,laṅkavan,tiruAn rake paḍa sasir Anak vanuA I paṅunṅan tvaḍa saṁ jambhala Anag,vanuA,I laṅkavan pagar vsi parujar haji I taran Anak vanuA I vinaiḥ
INSIDENKPasanggrahan#011,INSIDENKPasanggrahan,Pasanggrahan (ca. 900-910),900-910,alias: title ca. 900-910,Unlocated,vanuA,vinaiḥ,jambhala Anag vanuA I laṅkavan pagar vsi parujar haji I taran Anak,vanuA,I vinaiḥ pasak pasak rak vḍihan raṅga yu n I kadar para
INSIDENKPasanggrahan#012,INSIDENKPasanggrahan,Pasanggrahan (ca. 900-910),900-910,alias: title ca. 900-910,Unlocated,vanuA,paraAn,naC si nā ma rma vatak vadihati ṅka nan pu dhanada Anak,vanuA,I paraAn vatak vadihati satuhān I makudur 2 savaṅan Anak vanuA I
INSIDENKPasanggrahan#013,INSIDENKPasanggrahan,Pasanggrahan (ca. 900-910),900-910,alias: title ca. 900-910,Unlocated,vanuA,ma,Anak vanuA I paraAn vatak vadihati satuhān I makudur 2 savaṅan Anak,vanuA,I ma ma nar maṅkipisa vagu lai Anak vanuA I makur kapuA
INSIDENKPasanggrahan#014,INSIDENKPasanggrahan,Pasanggrahan (ca. 900-910),900-910,alias: title ca. 900-910,Unlocated,vanuA,makur,2 savaṅan Anak vanuA I ma ma nar maṅkipisa vagu lai Anak,vanuA,I makur kapuA vinaiḥ pasak-pasak vḍihan ra I soAṁ-soAṁ samakajar lumaku manusuk
INSIDENKPasanggrahan#015,INSIDENKPasanggrahan,Pasanggrahan (ca. 900-910),900-910,alias: title ca. 900-910,Unlocated,vanuA,kahaṅitan,pasak-pasak vḍihan ra I soAṁ-soAṁ samakajar lumaku manusuk lma suti sutasoma Anak,vanuA,I kahaṅitan vatak məAn malu manusuk satisāma pu nandaka Anak vanuA I
INSIDENKPasanggrahan#016,INSIDENKPasanggrahan,Pasanggrahan (ca. 900-910),900-910,alias: title ca. 900-910,Unlocated,vanuA,matgal,Anak vanuA I kahaṅitan vatak məAn malu manusuk satisāma pu nandaka Anak,vanuA,I matgal si ravadi vinaiḥ pasak pasak dinan ḍhā 2 vḍihan kahāsaṅkat
INSIDENKPasanggrahan#017,INSIDENKPasanggrahan,Pasanggrahan (ca. 900-910),900-910,alias: title ca. 900-910,Unlocated,vanuA,turai,para I soAṁ soAṁ mohumahatan rakryān I sirikan samgat Umaṅgil parbata Anak,vanuA,I turai vatak turai vinaiḥ pasak-pasak pirak ḍhā 1 vḍihan lvir -lviran
INSIDENKPasanggrahan#018,INSIDENKPasanggrahan,Pasanggrahan (ca. 900-910),900-910,alias: title ca. 900-910,Unlocated,vanuA,gunuṅan,samaṅkana satuhān kabaiḥ sakvaiḥnira mamuAt Ujar parujar I hino saṁ brahmĭśāna Anak,vanuA,I gunuṅan vatak taṅkilan citralekha vatu varaṇi I halu visaga saṁ dāmodāra
INSIDENKPasanggrahan#019,INSIDENKPasanggrahan,Pasanggrahan (ca. 900-910),900-910,alias: title ca. 900-910,Unlocated,vanuA,paravutan,gunuṅan vatak taṅkilan citralekha vatu varaṇi I halu visaga saṁ dāmodāra Anak,vanuA,I paravutan vatak tiru raṇu tunu vandhan vatak tiru raṇu citralekha dharmmasinta
INSIDENKPoh#001,INSIDENKPoh,Charter of Poh (Randusari I),905,alias: xlsx Poh/Randusari I 827 Saka,Prambanan-Mataram,vanuA,poḥ,misor I rakryān mapatiḥ I hino muAṁ I rakai vvatan kumonnakan Ikanaṁ,vanuA,I poḥ muAṁṅ anaknya vanuA ri rumasan riṁ nyū kapva vatak kinivaṁ
INSIDENKPoh#002,INSIDENKPoh,Charter of Poh (Randusari I),905,alias: xlsx Poh/Randusari I 827 Saka,Prambanan-Mataram,vanuA,rumasan,hino muAṁ I rakai vvatan kumonnakan Ikanaṁ vanuA I poḥ muAṁṅ anaknya,vanuA,ri rumasan riṁ nyū kapva vatak kinivaṁ śuśukan paṅguhanya mamulus mas su
INSIDENKPoh#003,INSIDENKPoh,Charter of Poh (Randusari I),905,alias: xlsx Poh/Randusari I 827 Saka,Prambanan-Mataram,vanvanya,sāmas,vatak kinivaṁ śuśukan paṅguhanya mamulus mas su 4 tan ya vadvāyun gavaini,vanvanya,sāmas paknānyan sinuśuk muAṁ kalaṁnya sīmā saṁ hyaṁ caitya mahayva siluṁluṁ saṁ
INSIDENKPoh#004,INSIDENKPoh,Charter of Poh (Randusari I),905,alias: xlsx Poh/Randusari I 827 Saka,Prambanan-Mataram,vanva,dalam,tapa haji tuha dagaṁ manimpiki makalaṅkaṁ limus galuḥ taji paṅaruhan kataṅgaran pinilai,vanva,I dalam hulun haji pamr̥ṣi mapaḍahi maṅiduṁ mahaliman Ityevamādi saprakāra kabaiḥ tan
INSIDENKPoh#005,INSIDENKPoh,Charter of Poh (Randusari I),905,alias: xlsx Poh/Randusari I 827 Saka,Prambanan-Mataram,vanva,kavu,sovaṁ-sovaṁ samagat kinivaṁ makavanva Ikanaṁ I poḥ sinuśuk kinivaṁ pu bnat Anak,vanva,Iṁ kavu sīma kapatihan Inaṁsəan pasak-pasak vḍihan kalyāga yu 1 mas su
INSIDENKPoh#006,INSIDENKPoh,Charter of Poh (Randusari I),905,alias: xlsx Poh/Randusari I 827 Saka,Prambanan-Mataram,vanuA,mira-miraḥ,4 saṁ juru I Ayam təAs 2 saṁ mira-miraḥ pu rayuṁ Anak,vanuA,I mira-miraḥ vatak vadihati maṁraṅkappi saṁ halaran pu dhanada Anak vanuA I
INSIDENKPoh#007,INSIDENKPoh,Charter of Poh (Randusari I),905,alias: xlsx Poh/Randusari I 827 Saka,Prambanan-Mataram,vanuA,paṁramvan,Anak vanuA I mira-miraḥ vatak vadihati maṁraṅkappi saṁ halaran pu dhanada Anak,vanuA,I paṁramvan sīma vadihati saṁ juru I makudur 2 saṁ taṅkil sugiḥ
INSIDENKPoh#008,INSIDENKPoh,Charter of Poh (Randusari I),905,alias: xlsx Poh/Randusari I 827 Saka,Prambanan-Mataram,vanuA,mantyāsiḥ,vadihati saṁ juru I makudur 2 saṁ taṅkil sugiḥ pu mankai Anak,vanuA,I mantyāsiḥ vatak makudur maṁraṅkappi saṁ maṇḍyāṅin Anak vanuA I kahaṅatan vatak
INSIDENKPoh#009,INSIDENKPoh,Charter of Poh (Randusari I),905,alias: xlsx Poh/Randusari I 827 Saka,Prambanan-Mataram,vanuA,kahaṅatan,pu mankai Anak vanuA I mantyāsiḥ vatak makudur maṁraṅkappi saṁ maṇḍyāṅin Anak,vanuA,I kahaṅatan vatak hamyas kapuA vinaiḥ pasak-pasak vḍihan yu 1 mas mā
INSIDENKPoh#010,INSIDENKPoh,Charter of Poh (Randusari I),905,alias: xlsx Poh/Randusari I 827 Saka,Prambanan-Mataram,vanuA,gunuṅan,tuhān mamuAt vuvus kabaiḥ parujar I hino saṁ kaṇḍamuhi pu tuṅgaṁ Anak,vanuA,I gunuṅan vatak taṅkilan citralaikhā saṁ vatu varani pu manəsə r Anak
INSIDENKPoh#011,INSIDENKPoh,Charter of Poh (Randusari I),905,alias: xlsx Poh/Randusari I 827 Saka,Prambanan-Mataram,vanuA,tutuganniṁ,I gunuṅan vatak taṅkilan citralaikhā saṁ vatu varani pu manəsə r Anak,vanuA,I tutuganniṁ taṇḍa I taṅkilan parujarr i halu saṁ viṣaga pu damodara
INSIDENKPoh#012,INSIDENKPoh,Charter of Poh (Randusari I),905,alias: xlsx Poh/Randusari I 827 Saka,Prambanan-Mataram,vanuA,paṇḍavutan,tutuganniṁ taṇḍa I taṅkilan parujarr i halu saṁ viṣaga pu damodara Anak,vanuA,I paṇḍavutan vatak tiru rāṇu parujarr i sirikan saṁ hujuṁ galuḥ pu
INSIDENKPoh#013,INSIDENKPoh,Charter of Poh (Randusari I),905,alias: xlsx Poh/Randusari I 827 Saka,Prambanan-Mataram,vanuA,truvanban,vatak tiru rāṇu parujarr i sirikan saṁ hujuṁ galuḥ pu Ayuddha Anak,vanuA,I truvanban vatak tiru rāṇu citralekhā saṁ dharmmasinta pu samudra Anak vanuA
INSIDENKPoh#014,INSIDENKPoh,Charter of Poh (Randusari I),905,alias: xlsx Poh/Randusari I 827 Saka,Prambanan-Mataram,vanuA,pās,vanuA I truvanban vatak tiru rāṇu citralekhā saṁ dharmmasinta pu samudra Anak,vanuA,I pās tamvir parujarr i vka saṁ viridiḥ pu ḍaṇu Anak vanuA
INSIDENKPoh#015,INSIDENKPoh,Charter of Poh (Randusari I),905,alias: xlsx Poh/Randusari I 827 Saka,Prambanan-Mataram,vanuA,skar,vanuA I pās tamvir parujarr i vka saṁ viridiḥ pu ḍaṇu Anak,vanuA,I skar ttān vatak layu vataṁ citralekhā saṁ halaṁ manuk pu govinda
INSIDENKPoh#016,INSIDENKPoh,Charter of Poh (Randusari I),905,alias: xlsx Poh/Randusari I 827 Saka,Prambanan-Mataram,vanuA,vanuA,skar ttān vatak layu vataṁ citralekhā saṁ halaṁ manuk pu govinda Anak,vanuA,I vanuA tṅaḥ vatak vuru siki parujar I tiruAn saṁ sumuḍan ḍapunta
INSIDENKPoh#017,INSIDENKPoh,Charter of Poh (Randusari I),905,alias: xlsx Poh/Randusari I 827 Saka,Prambanan-Mataram,vanuA,tṅaḥ,vatak layu vataṁ citralekhā saṁ halaṁ manuk pu govinda Anak vanuA I,vanuA,tṅaḥ vatak vuru siki parujar I tiruAn saṁ sumuḍan ḍapunta katimamaṁ Anak
INSIDENKPoh#018,INSIDENKPoh,Charter of Poh (Randusari I),905,alias: xlsx Poh/Randusari I 827 Saka,Prambanan-Mataram,vanuA,vuṅkuḍu,tṅaḥ vatak vuru siki parujar I tiruAn saṁ sumuḍan ḍapunta katimamaṁ Anak,vanuA,I vuṅkuḍu vatak kilipan kapuA vinaihan pasak-pasak vḍihan yu 1 mas mā
INSIDENKPoh#019,INSIDENKPoh,Charter of Poh (Randusari I),905,alias: xlsx Poh/Randusari I 827 Saka,Prambanan-Mataram,vanu,pu,yu 1 mas mā 4 Iṁ soAṁ-soAṁ parujarr i halaran saṁ ra,vanu,pu batu Anak vanuA I hinapit vatak vka parujarr i dalinan saṁ
INSIDENKPoh#020,INSIDENKPoh,Charter of Poh (Randusari I),905,alias: xlsx Poh/Randusari I 827 Saka,Prambanan-Mataram,vanuA,hinapit,4 Iṁ soAṁ-soAṁ parujarr i halaran saṁ ra vanu pu batu Anak,vanuA,I hinapit vatak vka parujarr i dalinan saṁ varyyaṁ pu lakṣaṇa Anak
INSIDENKPoh#021,INSIDENKPoh,Charter of Poh (Randusari I),905,alias: xlsx Poh/Randusari I 827 Saka,Prambanan-Mataram,vanuA,vvatan,I hinapit vatak vka parujarr i dalinan saṁ varyyaṁ pu lakṣaṇa Anak,vanuA,I vvatan vatak dalinan parujarr i palar hyaṁ saṁ tumapal pu baka
INSIDENKPoh#022,INSIDENKPoh,Charter of Poh (Randusari I),905,alias: xlsx Poh/Randusari I 827 Saka,Prambanan-Mataram,vanuA,tuṅgu,vvatan vatak dalinan parujarr i palar hyaṁ saṁ tumapal pu baka Anak,vanuA,I tuṅgu manoṅan parujarr i maṅhuri saṁ ranuĪ pu gupura Anak vanuA
INSIDENKPoh#023,INSIDENKPoh,Charter of Poh (Randusari I),905,alias: xlsx Poh/Randusari I 827 Saka,Prambanan-Mataram,vanuA,hinapit,vanuA I tuṅgu manoṅan parujarr i maṅhuri saṁ ranuĪ pu gupura Anak,vanuA,I hinapit vatak vka parujarr i vka saṁ dadalan pu samodaya Anak
INSIDENKPoh#024,INSIDENKPoh,Charter of Poh (Randusari I),905,alias: xlsx Poh/Randusari I 827 Saka,Prambanan-Mataram,vanuA,siṁhapura,I hinapit vatak vka parujarr i vka saṁ dadalan pu samodaya Anak,vanuA,I siṁhapura vatak halu madāṁ maṅasə I mamrati parujarr i tavān saṁ
INSIDENKPoh#025,INSIDENKPoh,Charter of Poh (Randusari I),905,alias: xlsx Poh/Randusari I 827 Saka,Prambanan-Mataram,vanuA,raluA,madāṁ maṅasə I mamrati parujarr i tavān saṁ ḍāluk pu turuy Anak,vanuA,I raluA vatak vuru siki parujarr i tirip saṁ ra paḍaṁ pu
INSIDENKPoh#026,INSIDENKPoh,Charter of Poh (Randusari I),905,alias: xlsx Poh/Randusari I 827 Saka,Prambanan-Mataram,vanuA,Iy,vatak vuru siki parujarr i tirip saṁ ra paḍaṁ pu rāghū Anak,vanuA,Iy ugihan vatak dalinan kapuA vinaiḥ pasak-pasak vḍihan yu 1 mas mā
INSIDENKPoh#027,INSIDENKPoh,Charter of Poh (Randusari I),905,alias: xlsx Poh/Randusari I 827 Saka,Prambanan-Mataram,vanuA,taṅkilan,mas mā 1 Iṁ sovaṁ-sovaṁ I vadihati lumaku manuśuk saṁ pārthava Anak,vanuA,I taṅkilan vatak mamrati I makudu r lumaku manuśuk saṁṅ uttara Anak
INSIDENKPoh#028,INSIDENKPoh,Charter of Poh (Randusari I),905,alias: xlsx Poh/Randusari I 827 Saka,Prambanan-Mataram,vanuA,varak-varak,I taṅkilan vatak mamrati I makudu r lumaku manuśuk saṁṅ uttara Anak,vanuA,I varak-varak vatak hino kapuA vinaiḥ pasak-pasak vḍihan yu 2 mas mā
INSIDENKPoh#029,INSIDENKPoh,Charter of Poh (Randusari I),905,alias: xlsx Poh/Randusari I 827 Saka,Prambanan-Mataram,vanuA,marumvi,rakryān mapatiḥ I hino paṅuraṁ milu manuśuk saṁ marumvi pu mana Anak,vanuA,I marumvi vatak hino paṅuraṁ I halu saṁ naitra Anak vanuA I
INSIDENKPoh#030,INSIDENKPoh,Charter of Poh (Randusari I),905,alias: xlsx Poh/Randusari I 827 Saka,Prambanan-Mataram,vanuA,paməhaṅan,Anak vanuA I marumvi vatak hino paṅuraṁ I halu saṁ naitra Anak,vanuA,I paməhaṅan vatak manimpiki paṅuraṁ I sirikan rakai paṅgaṁ Anak vanuA I
INSIDENKPoh#031,INSIDENKPoh,Charter of Poh (Randusari I),905,alias: xlsx Poh/Randusari I 827 Saka,Prambanan-Mataram,vanuA,siṅhapura,Anak vanuA I paməhaṅan vatak manimpiki paṅuraṁ I sirikan rakai paṅgaṁ Anak,vanuA,I siṅhapura vatak halu paṅuraṁ I vka rakai sañjat Anak vanuA I
INSIDENKPoh#032,INSIDENKPoh,Charter of Poh (Randusari I),905,alias: xlsx Poh/Randusari I 827 Saka,Prambanan-Mataram,vanuA,samalagi,Anak vanuA I siṅhapura vatak halu paṅuraṁ I vka rakai sañjat Anak,vanuA,I samalagi vatak Asam pañjaṁ paṅuraṁ I paṅkur saṁ dhyāna Anak vanuA
INSIDENKPoh#033,INSIDENKPoh,Charter of Poh (Randusari I),905,alias: xlsx Poh/Randusari I 827 Saka,Prambanan-Mataram,vanuA,glaṁ-glaṁ,vanuA I samalagi vatak Asam pañjaṁ paṅuraṁ I paṅkur saṁ dhyāna Anak,vanuA,I glaṁ-glaṁ vatak kalum varak kapuA vinaiḥ pasak-pasak vḍihan yu 1 mas
INSIDENKPoh#034,INSIDENKPoh,Charter of Poh (Randusari I),905,alias: xlsx Poh/Randusari I 827 Saka,Prambanan-Mataram,vanuA,tarum,sovaṁ-sovaṁ kinon rakai vvatan humarappa Ikaṁ śuśukan parujarnira saṁ ra pilaṁ Anak,vanuA,I tarum vajaṁ vatak hino vinaiḥ pasak-pasak vḍihan yu 1 mas su
INSIDENKPoh#035,INSIDENKPoh,Charter of Poh (Randusari I),905,alias: xlsx Poh/Randusari I 827 Saka,Prambanan-Mataram,vanuA,matṅər,mas su 1 mā 4 juruniṁ maṁrakat I vvatan pu kaiśava Anak,vanuA,I matṅər patīrthān muAṁ saṁ vluran pu dumva kapuA vinaiḥ pasak-pasak vḍihan
INSIDENKPoh#036,INSIDENKPoh,Charter of Poh (Randusari I),905,alias: xlsx Poh/Randusari I 827 Saka,Prambanan-Mataram,vanuA,kahuripan,sovaṁ-sovaṁ saṁ ra taji maṅilala spukad bā I poḥ saṁ paṅadaggan Anak,vanuA,I kahuripan vatak lunturan vinaiḥ pasak-pasak vḍihan yu 1 mas mā 8
INSIDENKPoh#037,INSIDENKPoh,Charter of Poh (Randusari I),905,alias: xlsx Poh/Randusari I 827 Saka,Prambanan-Mataram,vanuA,kavu,yu 1 mas mā 8 juruniṁ kanayakān I kinivaṁ saṁ lagai Anak,vanuA,I kavu kapatihan vinaiḥ pasak-pasak vḍihan yu 1 mas mā 4 paṅuraṁ
INSIDENKPoh#038,INSIDENKPoh,Charter of Poh (Randusari I),905,alias: xlsx Poh/Randusari I 827 Saka,Prambanan-Mataram,vanuA,vuAṁ,kinivaṁ vadvānira miluA Irikaṁ śuśukan prāṇa 5 saṁ śala ramani barubuḥ Anak,vanuA,ri vuAṁ kalaṁ vatak kinivaṁ muAṁ saṁ gasyak ramani gavaṁ Anak vanuA
INSIDENKPoh#039,INSIDENKPoh,Charter of Poh (Randusari I),905,alias: xlsx Poh/Randusari I 827 Saka,Prambanan-Mataram,vanuA,vvaraṁ,vanuA ri vuAṁ kalaṁ vatak kinivaṁ muAṁ saṁ gasyak ramani gavaṁ Anak,vanuA,I vvaraṁ vatak talaṁ muAṁ saṁ saṁkhara ramani vidyū Anak vanuA I
INSIDENKPoh#040,INSIDENKPoh,Charter of Poh (Randusari I),905,alias: xlsx Poh/Randusari I 827 Saka,Prambanan-Mataram,vanuA,kilipan,Anak vanuA I vvaraṁ vatak talaṁ muAṁ saṁ saṁkhara ramani vidyū Anak,vanuA,I kilipan vatak kilipan muAṁ daladap Anak vanuA I kaṇḍaṁ vatak valakas
INSIDENKPoh#041,INSIDENKPoh,Charter of Poh (Randusari I),905,alias: xlsx Poh/Randusari I 827 Saka,Prambanan-Mataram,vanuA,kaṇḍaṁ,saṁkhara ramani vidyū Anak vanuA I kilipan vatak kilipan muAṁ daladap Anak,vanuA,I kaṇḍaṁ vatak valakas muAṁ saṁ prajña Anak vanuA I tamyaṁ vatak
INSIDENKPoh#042,INSIDENKPoh,Charter of Poh (Randusari I),905,alias: xlsx Poh/Randusari I 827 Saka,Prambanan-Mataram,vanuA,tamyaṁ,muAṁ daladap Anak vanuA I kaṇḍaṁ vatak valakas muAṁ saṁ prajña Anak,vanuA,I tamyaṁ vatak paku vaṅi kapuA vinaihan pasak-pasak vḍihan yu 1 mas
INSIDENKPoh#043,INSIDENKPoh,Charter of Poh (Randusari I),905,alias: xlsx Poh/Randusari I 827 Saka,Prambanan-Mataram,vanuA,tuṅguyuṁ,Iṁ sovaṁ-sovaṁ paṅuraṁ saṁ ra kriṁ 2 saṁ purul ramani vudyaṁ Anak,vanuA,I tuṅguyuṁ vatak kinivaṁ muAṁ saṁ gunuṁ ramani pakudān kapuA vinaiḥ pasak-pasak
INSIDENKPoh#044,INSIDENKPoh,Charter of Poh (Randusari I),905,alias: xlsx Poh/Randusari I 827 Saka,Prambanan-Mataram,vanuA,tarum,mā 2 Iṁ sovaṁ-sovaṁ paṅuraṁ saṁ manimpiki pu mamvi ramani manojña Anak,vanuA,I tarum bajaṁ vinaiḥ pasak vḍihan sahlai mas ku 2 patiḥ I
INSIDENKPoh#045,INSIDENKPoh,Charter of Poh (Randusari I),905,alias: xlsx Poh/Randusari I 827 Saka,Prambanan-Mataram,vanuA,kilipan,mas mā 2 Iṁ sovaṁ-sovaṁ parujarniṁ patiḥ 2 saṁ ra vakan Anak,vanuA,I kilipan vatak kinivaṁ muAṁ si vahugyan ramani purul Anak vanuA I
INSIDENKPoh#046,INSIDENKPoh,Charter of Poh (Randusari I),905,alias: xlsx Poh/Randusari I 827 Saka,Prambanan-Mataram,vanuA,vinaṅun,Anak vanuA I kilipan vatak kinivaṁ muAṁ si vahugyan ramani purul Anak,vanuA,I vinaṅun vatak kinivaṁ kapuA vinaiḥ pasak-pasak vḍihan yu 1 mas mā
INSIDENKPoh#047,INSIDENKPoh,Charter of Poh (Randusari I),905,alias: xlsx Poh/Randusari I 827 Saka,Prambanan-Mataram,vanuA,səAṁ,sovaṁ-sovaṁ vahuta I kinivaṁ saṁ ra səAṁ saṁ barut ramani lucir Anak,vanuA,I səAṁ kavahutān I kinivaṁ vinaiḥ pasak-pasak vḍihan yu 1 mas mā
INSIDENKPoh#048,INSIDENKPoh,Charter of Poh (Randusari I),905,alias: xlsx Poh/Randusari I 827 Saka,Prambanan-Mataram,vanuA,səAṁ,lampuran vinaiḥ pasak-pasak mā 6 kinabaihanya pihujuṁniṁ vahuta 2 si caṅkir Anak,vanuA,I səAṁ vinaiḥ vḍihan yu 1 mas mā 4 muvaḥ pihujuṁniṁ vahuta
INSIDENKPoh#049,INSIDENKPoh,Charter of Poh (Randusari I),905,alias: xlsx Poh/Randusari I 827 Saka,Prambanan-Mataram,vanuA,vinaṅun,vḍihan yu 1 mas mā 4 muvaḥ pihujuṁniṁ vahuta saṁ purul Anak,vanuA,I vinaṅun vatak kinivaṁ vinaiḥ pasak vḍihan yu 1 mas mā 2
INSIDENKPoh#050,INSIDENKPoh,Charter of Poh (Randusari I),905,alias: xlsx Poh/Randusari I 827 Saka,Prambanan-Mataram,vanuA,sinuśuk,pasak vḍihan yu 1 mas mā 2 rāma māgman I poḥ Irikanaṁ,vanuA,sinuśuk Anuṁ kabayan pratiśāra I kahayvaknanikaṁ vanuA I poḥ saṁ tuha banuA
INSIDENKPoh#051,INSIDENKPoh,Charter of Poh (Randusari I),905,alias: xlsx Poh/Randusari I 827 Saka,Prambanan-Mataram,vanuA,poḥ,rāma māgman I poḥ Irikanaṁ vanuA sinuśuk Anuṁ kabayan pratiśāra I kahayvaknanikaṁ,vanuA,I poḥ saṁ tuha banuA si gupi ramani javil kalima si rəmma
INSIDENKPoh#052,INSIDENKPoh,Charter of Poh (Randusari I),905,alias: xlsx Poh/Randusari I 827 Saka,Prambanan-Mataram,banuA,si,vanuA sinuśuk Anuṁ kabayan pratiśāra I kahayvaknanikaṁ vanuA I poḥ saṁ tuha,banuA,si gupi ramani javil kalima si rəmma ramani gaṇṭiḥ juru si saṇḍak
INSIDENKPoh#053,INSIDENKPoh,Charter of Poh (Randusari I),905,alias: xlsx Poh/Randusari I 827 Saka,Prambanan-Mataram,vanuA,pulai,siriṁ milu sākṣī riṁ manuśuk sĭma kalaṁ si brita ramani taram Anak,vanuA,Iṁ pulai vatak galaṁ tuha banva si palvak ramani turubut Anak vanuA
INSIDENKPoh#054,INSIDENKPoh,Charter of Poh (Randusari I),905,alias: xlsx Poh/Randusari I 827 Saka,Prambanan-Mataram,banva,si,kalaṁ si brita ramani taram Anak vanuA Iṁ pulai vatak galaṁ tuha,banva,si palvak ramani turubut Anak vanuA ri vtuAn vatak kinivaṁ juru si
INSIDENKPoh#055,INSIDENKPoh,Charter of Poh (Randusari I),905,alias: xlsx Poh/Randusari I 827 Saka,Prambanan-Mataram,vanuA,vtuAn,vanuA Iṁ pulai vatak galaṁ tuha banva si palvak ramani turubut Anak,vanuA,ri vtuAn vatak kinivaṁ juru si vaṅun ramani vīra Anak vanuA ri
INSIDENKPoh#056,INSIDENKPoh,Charter of Poh (Randusari I),905,alias: xlsx Poh/Randusari I 827 Saka,Prambanan-Mataram,vaṅun,ramani,si palvak ramani turubut Anak vanuA ri vtuAn vatak kinivaṁ juru si,vaṅun,ramani vīra Anak vanuA ri dadam sīma kudur tuha banua si vapra
INSIDENKPoh#057,INSIDENKPoh,Charter of Poh (Randusari I),905,alias: xlsx Poh/Randusari I 827 Saka,Prambanan-Mataram,vanuA,dadam,Anak vanuA ri vtuAn vatak kinivaṁ juru si vaṅun ramani vīra Anak,vanuA,ri dadam sīma kudur tuha banua si vapra ramani gampvar Anak vanuA
INSIDENKPoh#058,INSIDENKPoh,Charter of Poh (Randusari I),905,alias: xlsx Poh/Randusari I 827 Saka,Prambanan-Mataram,banua,si,juru si vaṅun ramani vīra Anak vanuA ri dadam sīma kudur tuha,banua,si vapra ramani gampvar Anak vanuA I vuAṁṅ hijo vatak luvakan juru
INSIDENKPoh#059,INSIDENKPoh,Charter of Poh (Randusari I),905,alias: xlsx Poh/Randusari I 827 Saka,Prambanan-Mataram,vanuA,vuAṁṅ,vanuA ri dadam sīma kudur tuha banua si vapra ramani gampvar Anak,vanuA,I vuAṁṅ hijo vatak luvakan juru si pyaṁ ramani muṇḍu Anak vanuA
INSIDENKPoh#060,INSIDENKPoh,Charter of Poh (Randusari I),905,alias: xlsx Poh/Randusari I 827 Saka,Prambanan-Mataram,vanuA,sukup,vanuA I vuAṁṅ hijo vatak luvakan juru si pyaṁ ramani muṇḍu Anak,vanuA,I sukup sīma kudur tuha banuA si dhanyā ramani vava Anak vanuA
INSIDENKPoh#061,INSIDENKPoh,Charter of Poh (Randusari I),905,alias: xlsx Poh/Randusari I 827 Saka,Prambanan-Mataram,banuA,si,juru si pyaṁ ramani muṇḍu Anak vanuA I sukup sīma kudur tuha,banuA,si dhanyā ramani vava Anak vanuA ri kasisap vatak kayo tuha kalaṁ
INSIDENKPoh#062,INSIDENKPoh,Charter of Poh (Randusari I),905,alias: xlsx Poh/Randusari I 827 Saka,Prambanan-Mataram,vanuA,kasisap,vanuA I sukup sīma kudur tuha banuA si dhanyā ramani vava Anak,vanuA,ri kasisap vatak kayo tuha kalaṁ si niti ramani vḍuṁ Anak vanuA
INSIDENKPoh#063,INSIDENKPoh,Charter of Poh (Randusari I),905,alias: xlsx Poh/Randusari I 827 Saka,Prambanan-Mataram,vanuA,paskaran,vanuA ri kasisap vatak kayo tuha kalaṁ si niti ramani vḍuṁ Anak,vanuA,I paskaran vatak laṅitan tuha kalaṁ si saṁkhara Anak vanuA I sampū
INSIDENKPoh#064,INSIDENKPoh,Charter of Poh (Randusari I),905,alias: xlsx Poh/Randusari I 827 Saka,Prambanan-Mataram,vanuA,sampū,vḍuṁ Anak vanuA I paskaran vatak laṅitan tuha kalaṁ si saṁkhara Anak,vanuA,I sampū sīma haji maṅmit savaḥ haji iy aluhur 2 si ndandok
INSIDENKPoh#065,INSIDENKPoh,Charter of Poh (Randusari I),905,alias: xlsx Poh/Randusari I 827 Saka,Prambanan-Mataram,vanuA,səAṁ,haji maṅmit savaḥ haji iy aluhur 2 si ndandok ramani hasin Anak,vanuA,I səAṁ vahuta ri kinivaṁ muAṁ īni Anak vanuA I buṅur vatak
INSIDENKPoh#066,INSIDENKPoh,Charter of Poh (Randusari I),905,alias: xlsx Poh/Randusari I 827 Saka,Prambanan-Mataram,vanuA,buṅur,ramani hasin Anak vanuA I səAṁ vahuta ri kinivaṁ muAṁ īni Anak,vanuA,I buṅur vatak kinivaṁ piṇḍa vanuA tpi siriṁ sapuluḥ vanuA piṇḍa rāma
INSIDENKPoh#067,INSIDENKPoh,Charter of Poh (Randusari I),905,alias: xlsx Poh/Randusari I 827 Saka,Prambanan-Mataram,vanuA,tpi,vahuta ri kinivaṁ muAṁ īni Anak vanuA I buṅur vatak kinivaṁ piṇḍa,vanuA,tpi siriṁ sapuluḥ vanuA piṇḍa rāma Umilu sākṣiniṁ sīma prāṇa 10 kapuA
INSIDENKPoh#068,INSIDENKPoh,Charter of Poh (Randusari I),905,alias: xlsx Poh/Randusari I 827 Saka,Prambanan-Mataram,vanuA,piṇḍa,īni Anak vanuA I buṅur vatak kinivaṁ piṇḍa vanuA tpi siriṁ sapuluḥ,vanuA,piṇḍa rāma Umilu sākṣiniṁ sīma prāṇa 10 kapuA vinaiḥhan pasak-pasak vḍihan yu
INSIDENKPoh#069,INSIDENKPoh,Charter of Poh (Randusari I),905,alias: xlsx Poh/Randusari I 827 Saka,Prambanan-Mataram,vanuA,vaduri,rakryān saṁ paṅuraṁ kabaiḥ muAṁ rāmanta kabaiḥ manulup si rapə ṁ Anak,vanuA,I vaduri vatak rumviga vinaiḥ vḍihan yu 1 mas mā 2 maṅkana
INSIDENKPoh#070,INSIDENKPoh,Charter of Poh (Randusari I),905,alias: xlsx Poh/Randusari I 827 Saka,Prambanan-Mataram,vanuA,vraṁ,2 maṅkana saṁ madāṁ muAṁ saṁ maṅla prāṇa 3 pu vilut Anak,vanuA,I vraṁ sĭmaniṁ vihāra vaitanniṁ havān muAṁ saṁ janar Anak vanuA Iṁ
INSIDENKPoh#071,INSIDENKPoh,Charter of Poh (Randusari I),905,alias: xlsx Poh/Randusari I 827 Saka,Prambanan-Mataram,vanuA,maho,Anak vanuA I vraṁ sĭmaniṁ vihāra vaitanniṁ havān muAṁ saṁ janar Anak,vanuA,Iṁ maho vatak vka muAṁ saṁ bayur Anak vanuA I marhyaṁ I
INSIDENKPoh#072,INSIDENKPoh,Charter of Poh (Randusari I),905,alias: xlsx Poh/Randusari I 827 Saka,Prambanan-Mataram,vanuA,marhyaṁ,saṁ janar Anak vanuA Iṁ maho vatak vka muAṁ saṁ bayur Anak,vanuA,I marhyaṁ I sīma śrī mahārāja lumāḥ Iṁ śataśr̥ṅga kapuA vinaiḥ pasak-pasak
INSIDENKPoh#073,INSIDENKPoh,Charter of Poh (Randusari I),905,alias: xlsx Poh/Randusari I 827 Saka,Prambanan-Mataram,vanuA,ra,2 Iṁ sovaṁ-sovaṁ saṁ mūla vuddha 2 hulu vras ḍapunta pivvi Anak,vanuA,I ra vuAṁ vatak kinivaṁ muAṁ si lañot ramani mulat Anak vanuA
INSIDENKPoh#074,INSIDENKPoh,Charter of Poh (Randusari I),905,alias: xlsx Poh/Randusari I 827 Saka,Prambanan-Mataram,vanuA,vuAṁ,vanuA I ra vuAṁ vatak kinivaṁ muAṁ si lañot ramani mulat Anak,vanuA,I vuAṁ vulu vatak luvakan kapuA vinaiḥ vḍihan yu 1 mas ku
INSIDENKPoh#075,INSIDENKPoh,Charter of Poh (Randusari I),905,alias: xlsx Poh/Randusari I 827 Saka,Prambanan-Mataram,vanuA,ra,mas ku 2 Iṁ sovaṁ-sovaṁ mapaḍahi matuvuṁ si pataṁ ramani turavus Anak,vanuA,I ra poḥ vinaiḥ vḍihan yu 1 mas mā 1 ku 1
INSIDENKPoh#076,INSIDENKPoh,Charter of Poh (Randusari I),905,alias: xlsx Poh/Randusari I 827 Saka,Prambanan-Mataram,vanuA,hināṅan,mas mā 1 ku 1 muvaḥ mapaḍahi sy usā ramani vakul Anak,vanuA,I hināṅan vatak luvakan vinaiḥ mas ku 2 maR̥gaṁ si bicar ramani
INSIDENKPoh#077,INSIDENKPoh,Charter of Poh (Randusari I),905,alias: xlsx Poh/Randusari I 827 Saka,Prambanan-Mataram,vanuA,hijo,vatak luvakan vinaiḥ mas ku 2 maR̥gaṁ si bicar ramani viṣama Anak,vanuA,I hijo vatak luvakan vinaiḥ vḍihan yu 1 mas mā 1 matapukan
INSIDENKPoh#078,INSIDENKPoh,Charter of Poh (Randusari I),905,alias: xlsx Poh/Randusari I 827 Saka,Prambanan-Mataram,vanuA,savyan,vinaiḥ vḍihan yu 1 mas mā 1 matapukan 2 si mala Anak,vanuA,I savyan vatak kinivaṁ muAṁ si parasi Anak vanuA I tira vatak
INSIDENKPoh#079,INSIDENKPoh,Charter of Poh (Randusari I),905,alias: xlsx Poh/Randusari I 827 Saka,Prambanan-Mataram,vanuA,tira,si mala Anak vanuA I savyan vatak kinivaṁ muAṁ si parasi Anak,vanuA,I tira vatak mḍaṁ kapuA vinaiḥ mas mā 1 Iṁ sovaṁ-sovaṁ mabañol
INSIDENKPoh#080,INSIDENKPoh,Charter of Poh (Randusari I),905,alias: xlsx Poh/Randusari I 827 Saka,Prambanan-Mataram,vanuA,rasuk,vinaiḥ mas mā 1 Iṁ sovaṁ-sovaṁ mabañol jurunya 2 si lugunduṁ Anak,vanuA,I rasuk vatak luvakan muAṁ si kulika Anak vanuA I luṁlaṁ vatak
INSIDENKPoh#081,INSIDENKPoh,Charter of Poh (Randusari I),905,alias: xlsx Poh/Randusari I 827 Saka,Prambanan-Mataram,vanuA,luṁlaṁ,si lugunduṁ Anak vanuA I rasuk vatak luvakan muAṁ si kulika Anak,vanuA,I luṁlaṁ vatak tnəp vinaiḥ vḍihan yu 1 mas mā 6 kinabaihannya
INSIDENKRampal#001,INSIDENKRampal,Rampal (ca. 875 CE),875,title,Unlocated,vanuA,hulunnyan,ikāṅ alas ḍuA ri maṅgus mas ka 1 su 1 manahurniṁ hutaṁniṁ,vanuA,hulunnyan kavuntu riṁ partaya haji rikaṁ kāla saṁ kulumpaṁ vanvaA ri skar
INSIDENKRampal#002,INSIDENKRampal,Rampal (ca. 875 CE),875,title,Unlocated,vanvaA,skar,manahurniṁ hutaṁniṁ vanuA hulunnyan kavuntu riṁ partaya haji rikaṁ kāla saṁ kulumpaṁ,vanvaA,ri skar rava piliḥ mas ḍapunta siddha mihitika laṅṅ umi kalimusan saṁ
INSIDENKRukam#001,INSIDENKRukam,Charter of Rukam (829 Śaka),907,title,Kedu,vanuA,rukam,kura dyaḥ balituṁ śrī dharmmodaya-mahāśambhu miṁsor I mahā-mantrī śrī dakṣottama-bāhubajra-pratipakṣakṣaya kumonnakan Ikanaṁ,vanuA,I rukam vanuA I jro saṁkā yan hilaṁ deniṁ guntur sīmān rakryān
INSIDENKRukam#002,INSIDENKRukam,Charter of Rukam (829 Śaka),907,title,Kedu,vanuA,jro,śrī dharmmodaya-mahāśambhu miṁsor I mahā-mantrī śrī dakṣottama-bāhubajra-pratipakṣakṣaya kumonnakan Ikanaṁ vanuA I rukam,vanuA,I jro saṁkā yan hilaṁ deniṁ guntur sīmān rakryān sañjīvana nini haji
INSIDENKRukam#003,INSIDENKRukam,Charter of Rukam (829 Śaka),907,title,Kedu,banuA,mira-miraḥ,mas mā 4 saṁ juru I vadihati 2 mira-miraḥ pu rayuṁ Anak,banuA,I mira-miraḥ vatak vadihati maṁraṅkapi saṁ halaran pu dhanada Anak banuA I
INSIDENKRukam#004,INSIDENKRukam,Charter of Rukam (829 Śaka),907,title,Kedu,banuA,paṇḍamuAn,Anak banuA I mira-miraḥ vatak vadihati maṁraṅkapi saṁ halaran pu dhanada Anak,banuA,I paṇḍamuAn sīma vadihati juru I makudur 2 taṅkil sugiḥ pu manīke
INSIDENKRukam#005,INSIDENKRukam,Charter of Rukam (829 Śaka),907,title,Kedu,banuA,mantyāsiḥ,paṇḍamuAn sīma vadihati juru I makudur 2 taṅkil sugiḥ pu manīke Anak,banuA,I mantyāsiḥ vatak makudur maṁraṁkappi saṁ maṇḍyāṅin Anak banuA I kahaṅattan vatak
INSIDENKRukam#006,INSIDENKRukam,Charter of Rukam (829 Śaka),907,title,Kedu,banuA,kahaṅattan,pu manīke Anak banuA I mantyāsiḥ vatak makudur maṁraṁkappi saṁ maṇḍyāṅin Anak,banuA,I kahaṅattan vatak haməAs kapuA vinaiḥ pasak -pasak vḍihan yu 1 mas
INSIDENKRukam#007,INSIDENKRukam,Charter of Rukam (829 Śaka),907,title,Kedu,banuA,gunuṁṅan,juru Iṁ paṅujaran kabaiḥ parujar I hino saṁ kaṇḍamuhi saṁ brahmīśāna Anak,banuA,I gunuṁṅan vatak taṁkilan citralekha vatu varaṇi pu manisar Anak banuA I
INSIDENKRukam#008,INSIDENKRukam,Charter of Rukam (829 Śaka),907,title,Kedu,banuA,tamaliṅgaṁ,Anak banuA I gunuṁṅan vatak taṁkilan citralekha vatu varaṇi pu manisar Anak,banuA,I tamaliṅgaṁ vatak sirikan parujar I halu saṁ viṣaga pu dāmodara Anak
INSIDENKRukam#009,INSIDENKRukam,Charter of Rukam (829 Śaka),907,title,Kedu,banuA,paṇḍavuttan,I tamaliṅgaṁ vatak sirikan parujar I halu saṁ viṣaga pu dāmodara Anak,banuA,I paṇḍavuttan vatak tiru raṇu parujar I sirikan hujuṅ galuḥ pu Ayuddha
INSIDENKRukam#010,INSIDENKRukam,Charter of Rukam (829 Śaka),907,title,Kedu,banuA,turuvanban,paṇḍavuttan vatak tiru raṇu parujar I sirikan hujuṅ galuḥ pu Ayuddha Anak,banuA,I turuvanban vatak tiru raṇu citralekha saṁ dharmmasinta saṁ rabuAḥ Anak banuA
INSIDENKRukam#011,INSIDENKRukam,Charter of Rukam (829 Śaka),907,title,Kedu,banuA,pās,banuA I turuvanban vatak tiru raṇu citralekha saṁ dharmmasinta saṁ rabuAḥ Anak,banuA,I pās vatak pās parujar I vka saṁ vidiḥ pu ḍaṇu Anak
INSIDENKRukam#012,INSIDENKRukam,Charter of Rukam (829 Śaka),907,title,Kedu,banuA,skar,I pās vatak pās parujar I vka saṁ vidiḥ pu ḍaṇu Anak,banuA,I skar tāl vatak layu vataṁ citralekha saṁ halaṁ manuk pu govinda
INSIDENKRukam#013,INSIDENKRukam,Charter of Rukam (829 Śaka),907,title,Kedu,banuA,vanuA,skar tāl vatak layu vataṁ citralekha saṁ halaṁ manuk pu govinda Anak,banuA,I vanuA tṅaḥ vatak vuru siki parujar I tiruAn saṁ sumuḍan ḍa
INSIDENKRukam#014,INSIDENKRukam,Charter of Rukam (829 Śaka),907,title,Kedu,vanuA,tṅaḥ,vatak layu vataṁ citralekha saṁ halaṁ manuk pu govinda Anak banuA I,vanuA,tṅaḥ vatak vuru siki parujar I tiruAn saṁ sumuḍan ḍa punta katimamaṁ
INSIDENKRukam#015,INSIDENKRukam,Charter of Rukam (829 Śaka),907,title,Kedu,banuA,vuṅkuḍu,vatak vuru siki parujar I tiruAn saṁ sumuḍan ḍa punta katimamaṁ Anak,banuA,I vuṅkuḍu vatak kilipan kapuA vinaiḥ pasak -pasak vḍihan yu 1 mas
INSIDENKRukam#016,INSIDENKRukam,Charter of Rukam (829 Śaka),907,title,Kedu,vanu,pu,vḍihan yu 1 mas mā 4 sovaṁ-sovaṁ parujar I halaran saṁ ra,vanu,pu vatu Anak banuA I hinapit vatak vka parujar I dalinan saṁ
INSIDENKRukam#017,INSIDENKRukam,Charter of Rukam (829 Śaka),907,title,Kedu,banuA,hinapit,mā 4 sovaṁ-sovaṁ parujar I halaran saṁ ra vanu pu vatu Anak,banuA,I hinapit vatak vka parujar I dalinan saṁ varyya pu lakṣaṇa Anak
INSIDENKRukam#018,INSIDENKRukam,Charter of Rukam (829 Śaka),907,title,Kedu,banuA,vuAtan,I hinapit vatak vka parujar I dalinan saṁ varyya pu lakṣaṇa Anak,banuA,I vuAtan vatak dalinan parujar I palar hyaṁ saṁ tumapal pu baka
INSIDENKRukam#019,INSIDENKRukam,Charter of Rukam (829 Śaka),907,title,Kedu,banuA,tuṅgu,vuAtan vatak dalinan parujar I palar hyaṁ saṁ tumapal pu baka Anak,banuA,I tuṅgu manoṅan parujar I maṅhuri saṁ ranuĪ pu gupura Anak banuA
INSIDENKRukam#020,INSIDENKRukam,Charter of Rukam (829 Śaka),907,title,Kedu,banuA,hihapit,banuA I tuṅgu manoṅan parujar I maṅhuri saṁ ranuĪ pu gupura Anak,banuA,I hihapit vatak vka parujar I paṅkur saṁ dadalan pu samodaya Anak
INSIDENKRukam#021,INSIDENKRukam,Charter of Rukam (829 Śaka),907,title,Kedu,banuA,siṅhapura,I hihapit vatak vka parujar I paṅkur saṁ dadalan pu samodaya Anak,banuA,I siṅhapura vatak mamrati parujar I hañaṅan saṁ rāluk pu turuy Anak
INSIDENKRukam#022,INSIDENKRukam,Charter of Rukam (829 Śaka),907,title,Kedu,banuA,ra,I siṅhapura vatak mamrati parujar I hañaṅan saṁ rāluk pu turuy Anak,banuA,I ra luA vatak vuru sisiki parujar I tirip saṁ ra paḍaṁ
INSIDENKRukam#023,INSIDENKRukam,Charter of Rukam (829 Śaka),907,title,Kedu,banuA,Iy,vatak vuru sisiki parujar I tirip saṁ ra paḍaṁ pu rāghū Anak,banuA,Iy ugihan vatak dalinan kapuA vinaiḥ pasak -pasak vḍihan yu 1 mas
INSIDENKRukam#024,INSIDENKRukam,Charter of Rukam (829 Śaka),907,title,Kedu,banuA,ra,2 Iṁ sovaṁ-sovaṁ pihujuṁ saṁ mānak I paṅkur luA si raṅhal Anak,banuA,I ra luA vatak vuru siki I hañaṅan muṅgi si masusū Anak
INSIDENKRukam#025,INSIDENKRukam,Charter of Rukam (829 Śaka),907,title,Kedu,banuA,muṅgi,I ra luA vatak vuru siki I hañaṅan muṅgi si masusū Anak,banuA,I muṅgi sīma I tirip panavuṅan si laṅkā Anak banuA I vatu
INSIDENKRukam#026,INSIDENKRukam,Charter of Rukam (829 Śaka),907,title,Kedu,banuA,vatu,masusū Anak banuA I muṅgi sīma I tirip panavuṅan si laṅkā Anak,banuA,I vatu Antan vatak vatu Antan kapuA vinaiḥ pasak -pasak vḍihan yu
INSIDENKRukam#027,INSIDENKRukam,Charter of Rukam (829 Śaka),907,title,Kedu,banuA,mira-miraḥ,mā 1 Iṁ sovaṁ-sovaṁ saṁ lumaku manusuk I vadihati pu gutay Anak,banuA,I mira-miraḥ vatak vadihati I makudur saṁ relam pu phālguṇa Anak banuA
INSIDENKRukam#028,INSIDENKRukam,Charter of Rukam (829 Śaka),907,title,Kedu,banuA,hopra,banuA I mira-miraḥ vatak vadihati I makudur saṁ relam pu phālguṇa Anak,banuA,I hopra vatak pikatan vinaiḥ vḍihan yu 2 mas mā 8 sovaṁ
INSIDENKRukam#029,INSIDENKRukam,Charter of Rukam (829 Śaka),907,title,Kedu,vaṅun,ramani,yu 1 pirak mā 4 sovaṁ I vunut vatak patapān kalima si,vaṅun,ramani panimuAn muAṁ vinkas si mamvaṁ ramani dhanañjaya vinaiḥ pasak -pasak vḍihan
INSIDENKRukam#030,INSIDENKRukam,Charter of Rukam (829 Śaka),907,title,Kedu,vanuA,rukam,sira maṅigal mabata-bata kapuA mahyun nāhan cihnanyan sampun mapagəḥ suddha parisuddha Ikanaṁ,vanuA,I rukam sinusuk de rakryān sañjīvana nini haji maṅasəA I dharmma nira
INSIDENKRukam#031,INSIDENKRukam,Charter of Rukam (829 Śaka),907,title,Kedu,banuA,kənər,rukam kinon rakryān humarappa Ikanaṁ susukan juruniṁ kanayakān I sañjīvana ḍapuntamvrī Anak,banuA,I kənər vatak kənər samgat matəṅər daṅ ācaryya Uttamāṅga Anak banuA I
INSIDENKRukam#032,INSIDENKRukam,Charter of Rukam (829 Śaka),907,title,Kedu,banuA,mataram,Anak banuA I kənər vatak kənər samgat matəṅər daṅ ācaryya Uttamāṅga Anak,banuA,I mataram Iṁ parhyaṅan haji
INSIDENKRumwigaI#001,INSIDENKRumwigaI,"Rumwiga I (826 Śaka, 904-12-28)",904,title,Prambanan-Mataram,vanuAnira,māri,kr̥ṣṇa-pakṣa tu pa śu vāra tatkāla rāmanta I rumviga Umaṇḍəḥ paṅguḥha- nni,vanuAnira,māri ta yan hinanyan mamuAt Avaknya riṁ māgha saṁsaṅan vtuAni pamuAtnya piṇḍa
INSIDENKRumwigaI#002,INSIDENKRumwigaI,"Rumwiga I (826 Śaka, 904-12-28)",904,title,Prambanan-Mataram,vanva,viru-viru,vuAtan pu devīśvara pu kayatīnī pamgat rumviga rikaṁ kāla saṁ parasi Anak,vanva,I viru-viru vatak sigaran juru kanayakān I rumviga rikaṁ kāla saṁ krama
INSIDENKRumwigaI#003,INSIDENKRumwigaI,"Rumwiga I (826 Śaka, 904-12-28)",904,title,Prambanan-Mataram,vanva,rumviga,vadvā rarai saṁ dival juru kalula saṁ pagut rasikā katrīṇi kapva Anak,vanva,I rumviga juru lampuran saṁ bala Anak banuA I viru-viru vatak sigaran
INSIDENKRumwigaI#004,INSIDENKRumwigaI,"Rumwiga I (826 Śaka, 904-12-28)",904,title,Prambanan-Mataram,banuA,viru-viru,rasikā katrīṇi kapva Anak vanva I rumviga juru lampuran saṁ bala Anak,banuA,I viru-viru vatak sigaran juru maṁrakat saṁ platā Anak vanuA I kaḍotan
INSIDENKRumwigaI#005,INSIDENKRumwigaI,"Rumwiga I (826 Śaka, 904-12-28)",904,title,Prambanan-Mataram,vanuA,kaḍotan,bala Anak banuA I viru-viru vatak sigaran juru maṁrakat saṁ platā Anak,vanuA,I kaḍotan vatak taṅunan mamasaṅakan saṁ Ananta Anak vanuA I pakudākan vatak
INSIDENKRumwigaI#006,INSIDENKRumwigaI,"Rumwiga I (826 Śaka, 904-12-28)",904,title,Prambanan-Mataram,vanuA,pakudākan,saṁ platā Anak vanuA I kaḍotan vatak taṅunan mamasaṅakan saṁ Ananta Anak,vanuA,I pakudākan vatak hino hulu kuvu si piṅul ramani Utaṁ Anak vanuA
INSIDENKRumwigaI#007,INSIDENKRumwigaI,"Rumwiga I (826 Śaka, 904-12-28)",904,title,Prambanan-Mataram,vanuA,tumapal,vanuA I pakudākan vatak hino hulu kuvu si piṅul ramani Utaṁ Anak,vanuA,I tumapal vatak vin trəṁ vyāya- niṁ maṅaṇḍəḥ ri saṁ pamgat mavanuA
INSIDENKRumwigaI#008,INSIDENKRumwigaI,"Rumwiga I (826 Śaka, 904-12-28)",904,title,Prambanan-Mataram,vanuA,rumviga,10 pasak -pasak ri saṁ juru makabaihan mas su 1 māgaman rikāṁ,vanuA,I rumviga rikaṁ kāla kalaṁ pu baṁsi ramani Añjak gusti pu kumāra
INSIDENKRumwigaI#009,INSIDENKRumwigaI,"Rumwiga I (826 Śaka, 904-12-28)",904,title,Prambanan-Mataram,vanva,huler,vudal ramani cemya parujar vanaiḥ si Udā ramani kara rāma miśra rikāṁ,vanva,huler ri juvuṁ pu bogik Verso lo ramani Aṅgirā huler rikāṁ vanuA
INSIDENKRumwigaI#010,INSIDENKRumwigaI,"Rumwiga I (826 Śaka, 904-12-28)",904,title,Prambanan-Mataram,vanuA,rumviga,vanva huler ri juvuṁ pu bogik Verso lo ramani Aṅgirā huler rikāṁ,vanuA,I rumviga saṁ malavi hulair vvanaiḥ si janar ramani plī hulair riṁ
INSIDENKRumwigaI#011,INSIDENKRumwigaI,"Rumwiga I (826 Śaka, 904-12-28)",904,title,Prambanan-Mataram,vanva,turu,pu karan ramani cumvu si vrut ramani Uñjaṁ likhita saṁ karumvyan Anak,vanva,I turu haji vatak hino tatra săkṣi saṁ pamgat Ayaṁ* təAs pu
INSIDENKRumwigaI#012,INSIDENKRumwigaI,"Rumwiga I (826 Śaka, 904-12-28)",904,title,Prambanan-Mataram,vanva,paṁḍamuAn,haji vatak hino tatra săkṣi saṁ pamgat Ayaṁ* təAs pu ḍapət Anak,vanva,I paṁḍamuAn vatək Ayaṁ* təAs InaṁsəAn pasək -pasək mas su 1 juru
INSIDENKRumwigaI#013,INSIDENKRumwigaI,"Rumwiga I (826 Śaka, 904-12-28)",904,title,Prambanan-Mataram,vanva,mira-miraḥ,-pasək mas su 1 juru ri Ayaṁ* təAs miraḥ-miraḥ pu rayuṁ Anak,vanva,I mira-miraḥ juru maṁraṁkəpi saṁ halaran pu dhanada Anak vanuA I paṇḍa-
INSIDENKRumwigaI#014,INSIDENKRumwigaI,"Rumwiga I (826 Śaka, 904-12-28)",904,title,Prambanan-Mataram,vanuA,paṇḍa-,rayuṁ Anak vanva I mira-miraḥ juru maṁraṁkəpi saṁ halaran pu dhanada Anak,vanuA,I paṇḍa- muAn kapva vatək Ayaṁ* təAs InaṁsəAn pasək -pasək mas mā
INSIDENKRumwigaI#015,INSIDENKRumwigaI,"Rumwiga I (826 Śaka, 904-12-28)",904,title,Prambanan-Mataram,vanuA,turu,-pasək mas mā 8 sovaṁ-sovaṁ Anuṁ tumūt maguṇa- doṣa saṁ havūn Anak,vanuA,I turu Ayun vatək sigaran muAṁ saṁ ra pə ṁ Anak vanuA
INSIDENKRumwigaI#016,INSIDENKRumwigaI,"Rumwiga I (826 Śaka, 904-12-28)",904,title,Prambanan-Mataram,vanuA,maṁgīgī,vanuA I turu Ayun vatək sigaran muAṁ saṁ ra pə ṁ Anak,vanuA,I maṁgīgī vatak hamyas muAṁ saṁṅ aṅin-aṅin pu tuṅgəṁ Anak vanva I
INSIDENKRumwigaI#017,INSIDENKRumwigaI,"Rumwiga I (826 Śaka, 904-12-28)",904,title,Prambanan-Mataram,vanva,vaduri,Anak vanuA I maṁgīgī vatak hamyas muAṁ saṁṅ aṅin-aṅin pu tuṅgəṁ Anak,vanva,I vaduri vatak rumviga muAṁ saṁ ra garaṁ pu dīval Anak saṁṅ
INSIDENKRumwigaI#018,INSIDENKRumwigaI,"Rumwiga I (826 Śaka, 904-12-28)",904,title,Prambanan-Mataram,vanva,paṁgumulan,mapatiḥ ri hanuṁnaṁ pu krīta muAṁ vahuta ri paṁgumulan sī maṅai_l Anak,vanva,I paṁgumulan vatak paṁgumulan kapva Ina- səAn pasək -pasək mas mā 2
INSIDENKRumwigaI#019,INSIDENKRumwigaI,"Rumwiga I (826 Śaka, 904-12-28)",904,title,Prambanan-Mataram,vanva,rumviga,saṁ hadyan vahuta hyaṁ makabe_han mas mā 4 sa- mpun mapagəḥ Ikanaṁ,vanva,I rumviga mamasaṁ-gunuṁ pirak kā 4 riṁ satahun -satahun panṅaḥ pirak kā
INSIDENKRumwigaII#001,INSIDENKRumwigaII,"Rumwiga II (827 Śaka, 905-07-05)",905,title,Prambanan-Mataram,vanva,rumviga,pajuru Iṁ saṁ-sāṅan kaṭik prāṇa 3 Avuran hinavu-havu Aṅkan tahun maṁkana parṇahhanikanaṁ,vanva,I rumviga sinamvahakanya I rakryā n mahāmatrī jari samvaḥnikanaṁ rāma sinanmata saṁkā
INSIDENKRumwigaII#002,INSIDENKRumwigaII,"Rumwiga II (827 Śaka, 905-07-05)",905,title,Prambanan-Mataram,vanuA,taṅkilan,mā 8 vḍihan virā yu 1 sovaṁ-sovaṁ rumviga rikaṁ kāla pu tka,vanuA,I taṅkilan vatak taṅkilan InaṁsəAn pa sək -pasək mas su 1 mā
INSIDENKRumwigaII#003,INSIDENKRumwigaII,"Rumwiga II (827 Śaka, 905-07-05)",905,title,Prambanan-Mataram,vanva,Ampukan,raṅga yu 1 sovaṁ-sovaṁ juru I rumviga juru vadvā rarai pu candra,vanva,I Ampukan vatak dalinan juru kalula pu sojara juru maṁrakat pu L̥vyan
INSIDENKRumwigaII#004,INSIDENKRumwigaII,"Rumwiga II (827 Śaka, 905-07-05)",905,title,Prambanan-Mataram,vanva,tumapəl,han raṅga yu 1 sovaṁ-sovaṁ juruniṁ mavuAt haji si piṅul ramani Utaṁ,vanva,I tumapəl vatak bintr̥ṁ vinaiḥ mas mā 4 vḍihan raṅga yu 1
INSIDENKSalingsinganII#001,INSIDENKSalingsinganII,Donation Record of Salingsingan II (802 Śaka) and Kikil Batu Addendum (827 Śaka),880,title,Unlocated,bānuA,sahananiṅ,vujuk manurat citralekha Iṁṅ umaḥ mas punta Uṅgaḥ vaṅi mataṅya daiyaniṅ anak,bānuA,sahananiṅ ataggan saṁ paṅaruhan kabaiḥ prayatnā riṅ ujar haji tan vihaṅa saprakāraniṁ
INSIDENKSamalagi#001,INSIDENKSamalagi,"Samalagi ([824 Ś], 902-10-29)",902,title,Unlocated,vanuA,haji,kinon humaR̥pa Ikanaṁ susukan sīma de rakryān samgat pikatan ḍapunta kośiki Anak,vanuA,Iṁ haji kabiku An I paməhaṅan punpunan I paṁlihatan makon rakryān maṅasəAkna
INSIDENKSamalagi#002,INSIDENKSamalagi,"Samalagi ([824 Ś], 902-10-29)",902,title,Unlocated,vanuA,vadihati,mas mā 4 Iṁ sovaṁ-sovaṁ saṁ vahuta hyaṁ kinon UmiluA sumusuk Ikāṁ,vanuA,I vadihati saṁ tiga śrĭ si manamvī I makudur saṁ pataL̥san si
INSIDENKSamalagi#003,INSIDENKSamalagi,"Samalagi ([824 Ś], 902-10-29)",902,title,Unlocated,vanuA,gunuṅan,maṅkana saṁ tuhān mamuAt Ujar kabaiḥ parujar I hino kaṇḍamuhi si tuṅgaṁ,vanuA,I gunuṅan vatak ta_ṅkilan citralekha vuṅkal varaṇi si manəsər vanuA I tamaliṅgaṁ
INSIDENKSamalagi#004,INSIDENKSamalagi,"Samalagi ([824 Ś], 902-10-29)",902,title,Unlocated,vanuA,tamaliṅgaṁ,si tuṅgaṁ vanuA I gunuṅan vatak ta_ṅkilan citralekha vuṅkal varaṇi si manəsər,vanuA,I tamaliṅgaṁ vatak sirikan parujar I halu viṣaga si viryya Anak vanuA
INSIDENKSamalagi#005,INSIDENKSamalagi,"Samalagi ([824 Ś], 902-10-29)",902,title,Unlocated,vanuA,pakalaṁkyaṅan,vanuA I tamaliṅgaṁ vatak sirikan parujar I halu viṣaga si viryya Anak,vanuA,I pakalaṁkyaṅan vatak pagə_r vsi paruja r I sirikan hujuṁ galuḥ si
INSIDENKSamalagi#006,INSIDENKSamalagi,"Samalagi ([824 Ś], 902-10-29)",902,title,Unlocated,vanuA,siṁha,vatak pagə_r vsi paruja r I sirikan hujuṁ galuḥ si Agra Anak,vanuA,I siṁha vatak hino citralekha dharmmasinta si parbvata Anak banuA I limus
INSIDENKSamalagi#007,INSIDENKSamalagi,"Samalagi ([824 Ś], 902-10-29)",902,title,Unlocated,banuA,limus,Agra Anak vanuA I siṁha vatak hino citralekha dharmmasinta si parbvata Anak,banuA,I limus vatak pulu vuṅkal parujar
INSIDENKSangguran#001,INSIDENKSangguran,Sangguran Charter (928-08-02),928,title,East Java,vanuA,saṁguran,I samgat momah-umaḥ kāliḥ maḍaṇḍər pu padma Aṅgəhan pu kuṇḍala kumonakan Ikanaṁ,vanuA,I saṁguran vatak vaharu gavai mā 2 paṅguhan tapak mas su 6
INSIDENKSangguran#002,INSIDENKSangguran,Sangguran Charter (928-08-02),928,title,East Java,vanuA,saṅguran,śiva-caru-nivedya I bhaṭāra prātidina maṅkana Iṣṭa-prayojana śrī mahārāja muAṁ rakryān mapatiḥ rikanaṁ,vanuA,I saṅguran Inarpaṇnākan I bhaṭāra I saṁ hyaṁ prāsāda kabhaktyan Iṁ sīma
INSIDENKSangguran#003,INSIDENKSangguran,Sangguran Charter (928-08-02),928,title,East Java,vanuA,śīma,sambal sumbul hulun haji pamr̥ṣi vatak I jro Ityaivamādi tan tamā Irikanaṁ,vanuA,śīma I saṁguran kevalā bhaṭāra I saṁ hyaṁ prāsāda kabhaktyān Iṁ sīma
INSIDENKSangguran#004,INSIDENKSangguran,Sangguran Charter (928-08-02),928,title,East Java,vanuA,saṅguran,rarai laki-laki vadvan viku grahastha muAṁ patiḥ vahuta rāma Asiṁ Umulah-ulaḥ Ikeṁ,vanuA,I saṅguran sīma Inarpaṇākan nikanaṁ punta I manañjuṁ I bhaṭāra I saṁ
INSIDENKSangguran#005,INSIDENKSangguran,Sangguran Charter (928-08-02),928,title,East Java,vanuA,sĭma,er dudutanniṁ tuviran saṁhapanniṁ vuhaya ṅkānan matya Ikanaṁṅ vaṁ Anyāya lumbur Ikeṁ,vanuA,sĭma I saṁguran Upadravā riṁ devatā bhrāṣṭa liputanniṁ ḍira muliha rikaṁ naraka
INSIDENKSangguran#006,INSIDENKSangguran,Sangguran Charter (928-08-02),928,title,East Java,vanuA,saṁguran,top of B vinaiḥ pirak pasak-pasak vḍihan yu 1 sovaṁ-sovaṁ ri sthiranya,vanuA,I saṁguran prayatnakna lava Atavakadusīrahi kvaiḥ Aṅuṅguṅ i vka paṅura lunavuhak t
INSIDENKSangsang#001,INSIDENKSangsang,Sangsang,907,xlsx CE,Other Central Java,vanuA,patapān,rakryān mapatiḥ I hino pu dakṣottama-bāhu-bajra-pratipakṣa-kṣaya kumon samgat lamva pu layaṁ Anak,vanuA,I patapān tutuganniṁ taṇḍa sumusuka Ikanaṁ vanuA I saṁsaṁ vatak lamva gavai
INSIDENKSangsang#002,INSIDENKSangsang,Sangsang,907,xlsx CE,Other Central Java,vanuA,saṁsaṁ,samgat lamva pu layaṁ Anak vanuA I patapān tutuganniṁ taṇḍa sumusuka Ikanaṁ,vanuA,I saṁsaṁ vatak lamva gavai ku 2 dravya-hajinya mas su 6 mas
INSIDENKSangsang#003,INSIDENKSangsang,Sangsang,907,xlsx CE,Other Central Java,vanuA,vuAra,mas su 6 mas kavahutān su 2 Avur hinavu-havusamvandhānya kinon sumusuka Ikanaṁ,vanuA,vuAra kuṭī I hujuṅ galuḥ vatak lamva ya ta pinuliḥ samgat lamva
INSIDENKSangsang#004,INSIDENKSangsang,Sangsang,907,xlsx CE,Other Central Java,vanuA,saṁsaṁ,samgat lamva pinahayunira *jinaryyakan nira vihāra ya samvandhānyar Inanūgrahān kinon sumusuka Ikanāṁ,vanuA,I saṁsaṁ sĭmā pun punnananikanaṁ vihāra gavainira kunaṁ parṇnaḥhanyan sīmā tan katamāna
INSIDENKSangsang#005,INSIDENKSangsang,Sangsang,907,xlsx CE,Other Central Java,vanuA,parṇnaḥni,sumvul vatak I dalam siṅgaḥ pamr̥ṣi hulun haji Ityaivamādi tan tumamā Irikanaṁ,vanuA,parṇnaḥni parmmasanya tumamā I bhaṭāra I vihāra I hujuṅ galuḥ deyanya mavaiḥ
INSIDENKSangsang#006,INSIDENKSangsang,Sangsang,907,xlsx CE,Other Central Java,vanuA,kilipan,vinaiḥ vḍihan yu 1 mas mā 2 soAṁ-sovaṁ ApuR̥vaṁ dyaḥ Udadis Anak,vanuA,I kilipan vinaiḥ vḍihan yu
INSIDENKSindoro-PuBahut#001,INSIDENKSindoro-PuBahut,Pu Bahut (828 Śaka),906,title,Other Central Java,vanuA,ḍanu,tlu juru Anuṁ tumaṅgap ikanaṁ mas rovaṁ rakryān vuru tali pu visat,vanuA,I ḍanu vuAḥ vatək ḍanu vuAḥ muAṁ Inaṁ dyaḥ sabhā pu satya
INSIDENKSindoro-PuBahut#002,INSIDENKSindoro-PuBahut,Pu Bahut (828 Śaka),906,title,Other Central Java,vanuA,vayur,I ḍanu vuAḥ vatək ḍanu vuAḥ muAṁ Inaṁ dyaḥ sabhā pu satya,vanuA,I vayur vatək halu muAṁ rovaṁ rakryān riṅga pu vagaṁ vanuA I
INSIDENKSindoro-PuBahut#003,INSIDENKSindoro-PuBahut,Pu Bahut (828 Śaka),906,title,Other Central Java,vanuA,kamalagyan,satya vanuA I vayur vatək halu muAṁ rovaṁ rakryān riṅga pu vagaṁ,vanuA,I kamalagyan vatək Uṅgaḥ karas muAṁ pu katimahā vanuA I vuṅkal hujuṁ
INSIDENKSindoro-PuBahut#004,INSIDENKSindoro-PuBahut,Pu Bahut (828 Śaka),906,title,Other Central Java,vanuA,vuṅkal,riṅga pu vagaṁ vanuA I kamalagyan vatək Uṅgaḥ karas muAṁ pu katimahā,vanuA,I vuṅkal hujuṁ vinavaniṁ patiḥ vuṅkal liman muAṁ Inaṁ rakyrān riṅga pu
INSIDENKSindoro-PuBahut#005,INSIDENKSindoro-PuBahut,Pu Bahut (828 Śaka),906,title,Other Central Java,vanuA,hujuṁ,vuṅkal hujuṁ vinavaniṁ patiḥ vuṅkal liman muAṁ Inaṁ rakyrān riṅga pu satā,vanuA,I hujuṁ vatək pikatan tatra sākṣī samgat maṅguluṅi pu baisava vanuA I
INSIDENKSindoro-PuBahut#006,INSIDENKSindoro-PuBahut,Pu Bahut (828 Śaka),906,title,Other Central Java,vanuA,pucaṅ,satā vanuA I hujuṁ vatək pikatan tatra sākṣī samgat maṅguluṅi pu baisava,vanuA,I pucaṅ anak vatək pulu vatu juru I maṅguluṅi juru vadvā rarai
INSIDENKSindoro-PuBahut#007,INSIDENKSindoro-PuBahut,Pu Bahut (828 Śaka),906,title,Other Central Java,vanuA,lalar,anak vatək pulu vatu juru I maṅguluṅi juru vadvā rarai saṁ tumapəl,vanuA,I lalar vatək tilimpik muAṁ Amaṁ dyaḥ bay pu manvurā vanuA I
INSIDENKSindoro-PuBahut#008,INSIDENKSindoro-PuBahut,Pu Bahut (828 Śaka),906,title,Other Central Java,vanuA,karumvyan,tumapəl vanuA I lalar vatək tilimpik muAṁ Amaṁ dyaḥ bay pu manvurā,vanuA,I karumvyan vatək halu muAṁ pu vulyan vanuA I galagākan vatək vuṅkal
INSIDENKSindoro-PuBahut#009,INSIDENKSindoro-PuBahut,Pu Bahut (828 Śaka),906,title,Other Central Java,vanuA,galagākan,dyaḥ bay pu manvurā vanuA I karumvyan vatək halu muAṁ pu vulyan,vanuA,I galagākan vatək vuṅkal humalaṁ muAṁ pu padma vanuA I tamyaṁ kapatihan
INSIDENKSindoro-PuBahut#010,INSIDENKSindoro-PuBahut,Pu Bahut (828 Śaka),906,title,Other Central Java,vanuA,tamyaṁ,muAṁ pu vulyan vanuA I galagākan vatək vuṅkal humalaṁ muAṁ pu padma,vanuA,I tamyaṁ kapatihan muAṁ rāmanta I maṅhuḍipi makabaihan kalaṁ kidul pu hurip
INSIDENKSindoro-PuBahut#011,INSIDENKSindoro-PuBahut,Pu Bahut (828 Śaka),906,title,Other Central Java,vanuA,hulu,ramani dharmmī rāma maratā pu ganal pu bhajñāna pu gutul pu prya,vanuA,I hulu vanuA vatək pagar vsi likhita juruniṁ maṁrakat I maṅguluṅi pu
INSIDENKSindoro-PuBahut#012,INSIDENKSindoro-PuBahut,Pu Bahut (828 Śaka),906,title,Other Central Java,vanuA,vatək,maratā pu ganal pu bhajñāna pu gutul pu prya vanuA I hulu,vanuA,vatək pagar vsi likhita juruniṁ maṁrakat I maṅguluṅi pu tatva vanuA I
INSIDENKSindoro-PuBahut#013,INSIDENKSindoro-PuBahut,Pu Bahut (828 Śaka),906,title,Other Central Java,vanuA,sirikan,hulu vanuA vatək pagar vsi likhita juruniṁ maṁrakat I maṅguluṅi pu tatva,vanuA,I sirikan vatək sirikan
INSIDENKSindoro-PuMamruk#001,INSIDENKSindoro-PuMamruk,Pu Mamruk (828 Śaka),906,title,Other Central Java,vanuA,vugaṁ,hananikanaṁ gavayan dinūm Anuṁ tumaṅgap ikanaṁ mas dūman pu mamruk pu kavəl,vanuA,I vugaṁ vatək tilimpik muAṁ pu lava vanuA I pəAr vatək alum
INSIDENKSindoro-PuMamruk#002,INSIDENKSindoro-PuMamruk,Pu Mamruk (828 Śaka),906,title,Other Central Java,vanuA,pəAr,pu mamruk pu kavəl vanuA I vugaṁ vatək tilimpik muAṁ pu lava,vanuA,I pəAr vatək alum varak muAṁ pu luvak vanuA I saliṅsiṅan vetan
INSIDENKSindoro-PuMamruk#003,INSIDENKSindoro-PuMamruk,Pu Mamruk (828 Śaka),906,title,Other Central Java,vanuA,saliṅsiṅan,muAṁ pu lava vanuA I pəAr vatək alum varak muAṁ pu luvak,vanuA,I saliṅsiṅan vetan iṁ parhyaṅan tatra sākṣī saṁ pamgat maṅguluṅi pu baisava
INSIDENKSindoro-PuMamruk#004,INSIDENKSindoro-PuMamruk,Pu Mamruk (828 Śaka),906,title,Other Central Java,vanuA,pucaṅ,I saliṅsiṅan vetan iṁ parhyaṅan tatra sākṣī saṁ pamgat maṅguluṅi pu baisava,vanuA,I pucaṅ anak vatək pulu vatu muAṁ juru I maṅguluṅi juru vadvā
INSIDENKSindoro-PuMamruk#005,INSIDENKSindoro-PuMamruk,Pu Mamruk (828 Śaka),906,title,Other Central Java,vanuA,lalar,vatək pulu vatu muAṁ juru I maṅguluṅi juru vadvā rarai saṁ rumakət,vanuA,I lalar vatək tilimpik juruniṁ kanayakān pu baṭinī vanuA I vvāhan vatək
INSIDENKSindoro-PuMamruk#006,INSIDENKSindoro-PuMamruk,Pu Mamruk (828 Śaka),906,title,Other Central Java,vanuA,vvāhan,rarai saṁ rumakət vanuA I lalar vatək tilimpik juruniṁ kanayakān pu baṭinī,vanuA,I vvāhan vatək muntiṁ muAṁ rāmanta I maṅhuḍipi makabaihan kalaṁ kidul pu
INSIDENKSindoro-PuMamruk#007,INSIDENKSindoro-PuMamruk,Pu Mamruk (828 Śaka),906,title,Other Central Java,vanuA,sirikan,sādhu pu bhajñāna pu gutul pu radin likhita juruniṁ maṇḍakat pu tatva,vanuA,I sirikan vatək sirikan
INSIDENKSriManggalaII#001,INSIDENKSriManggalaII,Sri Manggala II (796 Śaka),874,title,Kedu,vanuA,9,rāmmanta I sali- 8 ṅśiṅan patiḥ kalaṁ gusti variga vinkas parujar tuha,vanuA,9 muAṁ rāma jātaka marhiyaṁ sthāpaka Upakalpa kāyasthā devakarmma 10 muAṁ rāma
INSIDENKSriManggalaII#002,INSIDENKSriManggalaII,Sri Manggala II (796 Śaka),874,title,Kedu,vanuA,poḥ,marhiyaṁ sthāpaka Upakalpa kāyasthā devakarmma 10 muAṁ rāma I śrī maṅgala I,vanuA,poḥ kapuA sira vineḥ manaḍaḥha muAṁ 11 vḍihan mataṁṅya yāpvaAn hanna Umulaḥ-Ulaḥha
INSIDENKSriManggalaIII#001,INSIDENKSriManggalaIII,Sri Manggala III (796 Śaka),874,title,Unlocated,banuA,marhyaṁ,kavaduĀ-humān I saliṁsiṅan sākṣī rāmanta patiḥ kalaṁ gusti vinkas variga parujar tuha,banuA,marhyaṁ sthāpaka Upakalpa kăyastha saṁ daivakarmma I vanuA poḥ kapuA vinaiḥ vḍihan
INSIDENKSriManggalaIII#002,INSIDENKSriManggalaIII,Sri Manggala III (796 Śaka),874,title,Unlocated,vanuA,poḥ,vinkas variga parujar tuha banuA marhyaṁ sthāpaka Upakalpa kăyastha saṁ daivakarmma I,vanuA,poḥ kapuA vinaiḥ vḍihan Amaṅan Asiṁ Umulaḥ-Ulaha Ikaṁ dharmma mahāpāpa duḥkha lara
INSIDENKSugihManek#001,INSIDENKSugihManek,"Sugih Manek Charter (837 Śaka, 915-09-13)",915,title,Central Java (unspecific),vanva,limus,Anugraha śrī mahārāja śrī dakṣottama-bāhubajra-pratipakṣa-kṣaya I rakai kanuruhan dyaḥ mumpuṁ sumusuk Ikanaṁ,vanva,I limus vatək kanuruhan gavai mā 1 mvaṁ Anaknya I tampuran paṅguhan
INSIDENKSugihManek#002,INSIDENKSugihManek,"Sugih Manek Charter (837 Śaka, 915-09-13)",915,title,Central Java (unspecific),banva,saṁ,patiḥ kavaṅyan saṁ pārtha pinakāsthavira I pakaraṇān saṁ parujar vuṅkal kiluṁ juru,banva,saṁ kya saṁ saṅgamaṁ gusti saṁ rumput maṇiga saṁ loka panulisan saṁ
INSIDENKSumundul#001,INSIDENKSumundul,Sumundul (791 Śaka),869,title,Prambanan-Mataram,vanva,muṅgv,nikanaṁ parhyaṅan I tiga haryyan marhyaṁ Irikanaṁ kāla ḍaṁṅ ācāryya vimaleśvara Anak,vanva,I muṅgv antan vatak tira vinaihan Ikanaṁ vanva I parhyaṁṅan vyavastha mas
INSIDENKSumundul#002,INSIDENKSumundul,Sumundul (791 Śaka),869,title,Prambanan-Mataram,vanva,parhyaṁṅan,ḍaṁṅ ācāryya vimaleśvara Anak vanva I muṅgv antan vatak tira vinaihan Ikanaṁ,vanva,I parhyaṁṅan vyavastha mas mā 4 kunaṁ yan halaṁ-halaṁṅanna Ikanaṁ vuAttan tan
INSIDENKTaji#001,INSIDENKTaji,"The Charter of Taji (823 Śaka, 8 April 901)",901,title,Central Java (unspecific),vanuA,taji,sihuĀ 93 lor paṅavetanya ḍpa sihuĀ 112 Anuṁ makalmaḥ Ikanaṁ lmaḥ Anak,vanuA,I taji ṅarannikanaṁ malmaḥ si tukai ramani tihaṁ muAṁ si padas Ibuni
INSIDENKTaji#002,INSIDENKTaji,"The Charter of Taji (823 Śaka, 8 April 901)",901,title,Central Java (unspecific),vanuA,gurantiṁ,paṅin-aṅin 1 kampil 1 sr̥nti 1 dmuṁ Irikāṁ kāla pu cintyā Anak,vanuA,I gurantiṁ vatak ra nyū InaṁsəAn vḍihan raṅga yu 1 simsim prāsāda
INSIDENKTaji#003,INSIDENKTaji,"The Charter of Taji (823 Śaka, 8 April 901)",901,title,Central Java (unspecific),vanuA,7,vahuta parujarniṁ patiḥ ron 20 humarap kidul -lor niṁ kalaṅan tpi siriṁniṁ,vanuA,7 ruAṁṅ uAṁ Iṁ sasiriṁ ronya 14 humarap kabarat -vetanniṁ kalaṅan tuha
INSIDENKTaji#004,INSIDENKTaji,"The Charter of Taji (823 Śaka, 8 April 901)",901,title,Central Java (unspecific),banuA,muAṁ,saṁ caturvarṇna vuluḥ panavī patiḥ vahuta kalaṁ gusti variga vinkas parujar tuha,banuA,muAṁ sovāraniṁ rāma maratā Anak vanuA kabaiḥ katguhaknantā Ikiṁ sīmā I taji
INSIDENKTaji#005,INSIDENKTaji,"The Charter of Taji (823 Śaka, 8 April 901)",901,title,Central Java (unspecific),vanuA,kabaiḥ,kalaṁ gusti variga vinkas parujar tuha banuA muAṁ sovāraniṁ rāma maratā Anak,vanuA,kabaiḥ katguhaknantā Ikiṁ sīmā I taji kabikuAn Iṁ devasabhā sīmā rakryan I
INSIDENKTajiGunung#001,INSIDENKTajiGunung,"Taji Gunung (Sañjaya 194, 910-12-21)",910,title,Prambanan-Mataram,banuA,pu,gurum vaṅi muAṁ samgət luA Anuṁ Ayam təhas ṅūni An sinīmma Ikai,banuA,pu ḍapit Anak banuA I paṇḍamuAn vatak vadihati Anuṁ juru-juru I sira
INSIDENKTajiGunung#002,INSIDENKTajiGunung,"Taji Gunung (Sañjaya 194, 910-12-21)",910,title,Prambanan-Mataram,banuA,paṇḍamuAn,luA Anuṁ Ayam təhas ṅūni An sinīmma Ikai banuA pu ḍapit Anak,banuA,I paṇḍamuAn vatak vadihati Anuṁ juru-juru I sira saṁ hadyan mira-miraḥ Ataḥ
INSIDENKTajiGunung#003,INSIDENKTajiGunung,"Taji Gunung (Sañjaya 194, 910-12-21)",910,title,Prambanan-Mataram,banuA,paṇḍamuAn,mira-miraḥ Ataḥ vatak vadihati muAṁ saṁ hadyan halar ran pu dhanada Anak,banuA,I paṇḍamuAn vatak vadihati makalambi haji paṅuraṁnira ry āyām təhas saṁ hadyan
INSIDENKTajiGunung#004,INSIDENKTajiGunung,"Taji Gunung (Sañjaya 194, 910-12-21)",910,title,Prambanan-Mataram,banuA,gunuṅan,vatak vadihati makalambi haji paṅuraṁnira ry āyām təhas saṁ hadyan buAṅən Anak,banuA,I gunuṅan vatak taṁkillan saṁ Ilu Umayutti saṁ hyaṅ buṁkal sīma susuk
INSIDENKTajiGunung#005,INSIDENKTajiGunung,"Taji Gunung (Sañjaya 194, 910-12-21)",910,title,Prambanan-Mataram,banuA,vaduṁ,saṁ hyaṅ buṁkal sīma susuk kulumpaṁ ṅūni muvaḥ samgat makudur brada Anak,banuA,I vaduṁ poḥ vatak makudur Anuṁ sira juru-juru I sira saṁ hadyan
INSIDENKTajiGunung#006,INSIDENKTajiGunung,"Taji Gunung (Sañjaya 194, 910-12-21)",910,title,Prambanan-Mataram,banuA,ra,poḥ vatak makudur Anuṁ sira juru-juru I sira saṁ hadyan davaha Anak,banuA,I ra təguḥ vatak khaməhas maAṁ dyaḥ maṇḍyāṅin Anak banuA I kahaṅat
INSIDENKTajiGunung#007,INSIDENKTajiGunung,"Taji Gunung (Sañjaya 194, 910-12-21)",910,title,Prambanan-Mataram,banuA,kahaṅat,davaha Anak banuA I ra təguḥ vatak khaməhas maAṁ dyaḥ maṇḍyāṅin Anak,banuA,I kahaṅat tan vatak khaməhas Ataḥ paṅuraṁ I saməgat makudur saṁ Umilu
INSIDENKTajiGunung#008,INSIDENKTajiGunung,"Taji Gunung (Sañjaya 194, 910-12-21)",910,title,Prambanan-Mataram,banuA,liṅai,saṁ Umilu Umuyutti saṁ hyaṁ buṅkal sĭma susuk kulumpaṁ dyaḥ raṇḍə Anak,banuA,I liṅai vatak makudur vuṅkal tpat ṅūni duvəg nikai banuA An sinĭma
INSIDENKTajiGunung#009,INSIDENKTajiGunung,"Taji Gunung (Sañjaya 194, 910-12-21)",910,title,Prambanan-Mataram,banuA,An,raṇḍə Anak banuA I liṅai vatak makudur vuṅkal tpat ṅūni duvəg nikai,banuA,An sinĭma pu saranna Anak banuA Iṅ ulu kabikuAn ri taṁkillan vatak
INSIDENKTajiGunung#010,INSIDENKTajiGunung,"Taji Gunung (Sañjaya 194, 910-12-21)",910,title,Prambanan-Mataram,banuA,ulu,makudur vuṅkal tpat ṅūni duvəg nikai banuA An sinĭma pu saranna Anak,banuA,Iṅ ulu kabikuAn ri taṁkillan vatak taṁkillan Ataḥ yāpuAn hana drohaka Umulaḥh-ulaḥha
INSIDENKTajiGunung#011,INSIDENKTajiGunung,"Taji Gunung (Sañjaya 194, 910-12-21)",910,title,Prambanan-Mataram,banuA,poḥ,naranāttha haji balituṁ Aśrī yovanna mūvaḥjuruni kanayakan I sira pu givaṁ Anak,banuA,I poḥ vatak pagar vsi mūvaḥ juruni lam puran pu jaya Anak
INSIDENKTajiGunung#012,INSIDENKTajiGunung,"Taji Gunung (Sañjaya 194, 910-12-21)",910,title,Prambanan-Mataram,banuA,galagaḥ,I poḥ vatak pagar vsi mūvaḥ juruni lam puran pu jaya Anak,banuA,I galagaḥ vatak khino mūvaḥ juru vaduA raray saṁ bulibak Anak banuA
INSIDENKTajiGunung#013,INSIDENKTajiGunung,"Taji Gunung (Sañjaya 194, 910-12-21)",910,title,Prambanan-Mataram,banuA,guva,banuA I galagaḥ vatak khino mūvaḥ juru vaduA raray saṁ bulibak Anak,banuA,I guva vatak khīno mūvaḥ piṁhay mānak saṁ hadyan Ayuḥ Anak banuA
INSIDENKTajiGunung#014,INSIDENKTajiGunung,"Taji Gunung (Sañjaya 194, 910-12-21)",910,title,Prambanan-Mataram,banuA,trirava,banuA I guva vatak khīno mūvaḥ piṁhay mānak saṁ hadyan Ayuḥ Anak,banuA,I trirava mūvaḥ parujar nira pu līkaṁ mūvaḥ piṁhay I jro turus
INSIDENKTajiGunung#015,INSIDENKTajiGunung,"Taji Gunung (Sañjaya 194, 910-12-21)",910,title,Prambanan-Mataram,banuA,trirava,piṁhay I jro turus saṁ hadyan mali mūvaḥ saṁ hadyan galuṁ Anak,banuA,I trirava mūvaḥ I trirava pu madhya mūvaḥ piṁhay I jro turus
INSIDENKTajiGunung#016,INSIDENKTajiGunung,"Taji Gunung (Sañjaya 194, 910-12-21)",910,title,Prambanan-Mataram,banuA,vuAtan,pu madhya mūvaḥ piṁhay I jro turus saṁ hadyan lvaḥ vatu Anak,banuA,I vuAtan n əmmas parujar nira pu rinu mūvaḥ rāma kabayan I
INSIDENKTajiGunung#017,INSIDENKTajiGunung,"Taji Gunung (Sañjaya 194, 910-12-21)",910,title,Prambanan-Mataram,banuA,bakal,rāmanta pu Am loḥ mūvaḥ piluṅgaḥ pu mala mūvaḥ pu codya Anak,banuA,I bakal mūvaḥ pu Asiki vatak khino mūvaḥ tuha paḍahi pu dreṅo
INSIDENKTajiGunung#018,INSIDENKTajiGunung,"Taji Gunung (Sañjaya 194, 910-12-21)",910,title,Prambanan-Mataram,banuA,hulu,bakal mūvaḥ pu Asiki vatak khino mūvaḥ tuha paḍahi pu dreṅo Anak,banuA,I hulu vanuA mūvaḥ Aravanas ta Anak banuA I bhavantan maṅla pu
INSIDENKTajiGunung#019,INSIDENKTajiGunung,"Taji Gunung (Sañjaya 194, 910-12-21)",910,title,Prambanan-Mataram,vanuA,mūvaḥ,Asiki vatak khino mūvaḥ tuha paḍahi pu dreṅo Anak banuA I hulu,vanuA,mūvaḥ Aravanas ta Anak banuA I bhavantan maṅla pu kinaṁ Anak banuA
INSIDENKTajiGunung#020,INSIDENKTajiGunung,"Taji Gunung (Sañjaya 194, 910-12-21)",910,title,Prambanan-Mataram,banuA,bhavantan,paḍahi pu dreṅo Anak banuA I hulu vanuA mūvaḥ Aravanas ta Anak,banuA,I bhavantan maṅla pu kinaṁ Anak banuA I vuattan śrĭ sĭma Aṅasə
INSIDENKTajiGunung#021,INSIDENKTajiGunung,"Taji Gunung (Sañjaya 194, 910-12-21)",910,title,Prambanan-Mataram,banuA,vuattan,vanuA mūvaḥ Aravanas ta Anak banuA I bhavantan maṅla pu kinaṁ Anak,banuA,I vuattan śrĭ sĭma Aṅasə I ḍihyaṁ mūvaḥ pu tiṇḍi Anak banuA
INSIDENKTajiGunung#022,INSIDENKTajiGunung,"Taji Gunung (Sañjaya 194, 910-12-21)",910,title,Prambanan-Mataram,banuA,hijo,banuA I vuattan śrĭ sĭma Aṅasə I ḍihyaṁ mūvaḥ pu tiṇḍi Anak,banuA,I hijo sī- ma Aṅasə I talun Atari si kutil jajamāna pu
INSIDENKTajiGunung#023,INSIDENKTajiGunung,"Taji Gunung (Sañjaya 194, 910-12-21)",910,title,Prambanan-Mataram,banuA,muṅgu,sī- ma Aṅasə I talun Atari si kutil jajamāna pu nătha Anak,banuA,I muṅgu vatak taṅkillan mūvaḥ pu sukha Anak banuA I tumurun mūvaḥ
INSIDENKTajiGunung#024,INSIDENKTajiGunung,"Taji Gunung (Sañjaya 194, 910-12-21)",910,title,Prambanan-Mataram,banuA,tumurun,pu nătha Anak banuA I muṅgu vatak taṅkillan mūvaḥ pu sukha Anak,banuA,I tumurun mūvaḥ saṁ ha dyan bisañja paḍamm apuy saṁ hadyan dumma
INSIDENKTajiGunung#025,INSIDENKTajiGunung,"Taji Gunung (Sañjaya 194, 910-12-21)",910,title,Prambanan-Mataram,banuA,parahita,tumurun mūvaḥ saṁ ha dyan bisañja paḍamm apuy saṁ hadyan dumma Anak,banuA,I parahita Ataḥ vatak halu mūvaḥ saṁ hadyan mahintu I susuḥhan pu
INSIDENKTajiGunung#026,INSIDENKTajiGunung,"Taji Gunung (Sañjaya 194, 910-12-21)",910,title,Prambanan-Mataram,banuA,layaṁ,pu siga mūvaḥ kaki Udiḥ pr̥ttaya I vuṅkal tpat saṁ saraṅgaṁ Anak,banuA,I layaṁ vatak layaṁ mūvaḥ pr̥ttaya maḍaṁkappi saṁ hijo mūvaḥ kalaṁ I
INSIDENKTajiGunung#027,INSIDENKTajiGunung,"Taji Gunung (Sañjaya 194, 910-12-21)",910,title,Prambanan-Mataram,vanuA,pu,layaṁ vatak layaṁ mūvaḥ pr̥ttaya maḍaṁkappi saṁ hijo mūvaḥ kalaṁ I hulu,vanuA,pu bhūmi mūvaḥ pu tolai Anak banuA I bakal mūvaḥ I pigi
INSIDENKTajiGunung#028,INSIDENKTajiGunung,"Taji Gunung (Sañjaya 194, 910-12-21)",910,title,Prambanan-Mataram,banuA,bakal,hijo mūvaḥ kalaṁ I hulu vanuA pu bhūmi mūvaḥ pu tolai Anak,banuA,I bakal mūvaḥ I pigi pu galinī I sukun pu susū kalaṁ
INSIDENKTajiGunung#029,INSIDENKTajiGunung,"Taji Gunung (Sañjaya 194, 910-12-21)",910,title,Prambanan-Mataram,banuA,vuAttan,pu Aṁkan juruni Alivat pu rati I susuḥhan mūvaḥ pu Ele Anak,banuA,I vuAttan śrī Ujar samgat luA sakveḥniṁ maṅilala drabya haji kabaiḥ tapa
INSIDENKTajiGunung#030,INSIDENKTajiGunung,"Taji Gunung (Sañjaya 194, 910-12-21)",910,title,Prambanan-Mataram,banuA,taji,kapūr Etyevam mādi saprakāra saṁ maṅilala drabya haji kabaiḥ tan tumamā Irikaiṁ,banuA,I taji gunuṁ muAṁ rămanta kabaiḥ Āpan sampun ya Inanugrahān dai rakryan
INSIDENKTajiGunung#031,INSIDENKTajiGunung,"Taji Gunung (Sañjaya 194, 910-12-21)",910,title,Prambanan-Mataram,banuA,vuAttan,vuAluṁ kati mahisa 2 pāja 2 vḍus 1 citralekha saṁ rudra Anak,banuA,I vuAttan śrĭ pasaji ri sira pirak dha 1 mā 4 bras
INSIDENKTaragal#001,INSIDENKTaragal,The Polengan plates: Taragal Charter (802 Śaka),880,title,Kedu/Prambanan (E082 area label),vanuA,ruhutan,133 hasta 3 piṇḍa pakuliliṅanya ḍpa 450 hasta 2 maminta Ikanaṁ Anak,vanuA,I ruhutan mas pamlya Ikanaṁ savaḥ muAṁ Ikanaṁ lmaḥniṁ sukət vinaiḥ ya
INSIDENKTelangI-WanagiriI#001,INSIDENKTelangI-WanagiriI,"Grant of the villages of Telang, Mahe and Paparuhan",904,xlsx CE,Other Central Java,vanuA,manṅahi,Iṁ jar ya tan vuAra paṅguhan Inujaran saṁ huvusan pu valuḥ Anak,vanuA,I manṅahi de rakryān mapatiḥ kinon Umarpaṇākna Ikanaṁ vanuA I tlaṁ muAṁ
INSIDENKTelangI-WanagiriI#002,INSIDENKTelangI-WanagiriI,"Grant of the villages of Telang, Mahe and Paparuhan",904,xlsx CE,Other Central Java,vanuA,tlaṁ,pu valuḥ Anak vanuA I manṅahi de rakryān mapatiḥ kinon Umarpaṇākna Ikanaṁ,vanuA,I tlaṁ muAṁ Iṁ mahe saṁ huvusan makakmitana Ikanaṁ kamulān muAṁ parahu
INSIDENKTelangI-WanagiriI#003,INSIDENKTelangI-WanagiriI,"Grant of the villages of Telang, Mahe and Paparuhan",904,xlsx CE,Other Central Java,vanuA,tpi,maṅayubhāgya sira kabaiḥ ta kinon rake vlar Umarahaṁ vahuta patiḥ muAṁ Anak,vanuA,I tpi siriṁnikanaṁ vanuA I tlaṁ Iṁ mahe Iṁ paparahuAn maṅayubhāgya Ikanaṁ
INSIDENKTelangI-WanagiriI#004,INSIDENKTelangI-WanagiriI,"Grant of the villages of Telang, Mahe and Paparuhan",904,xlsx CE,Other Central Java,vanuA,tlaṁ,kinon rake vlar Umarahaṁ vahuta patiḥ muAṁ Anak vanuA I tpi siriṁnikanaṁ,vanuA,I tlaṁ Iṁ mahe Iṁ paparahuAn maṅayubhāgya Ikanaṁ rāma makabaihan manaḍaha maṅinum
INSIDENKTelangI-WanagiriI#005,INSIDENKTelangI-WanagiriI,"Grant of the villages of Telang, Mahe and Paparuhan",904,xlsx CE,Other Central Java,vanva,kalimvayan,patiḥ varaṁ-varaṁ si priṁ pirak mā 8 vḍihan yu 1 kalaṁ rikaṁ,vanva,I kalimvayan pirak mā 2 kalaṁ I poḥ mas ku 2 kalaṁ
INSIDENKTelangI-WanagiriI#006,INSIDENKTelangI-WanagiriI,"Grant of the villages of Telang, Mahe and Paparuhan",904,xlsx CE,Other Central Java,vanuA,tlaṁ,si gaṇḍal ramani nabha maveḥ kamvaṁ si timvul ramani dayī nahan cihnānikanaṁ,vanuA,I tlaṁ I mahe Iṁ paparahuAn An pakabuAt-thajya Ikanaṁ kamulān muAṁ parahu
INSIDENKTelangI-WanagiriI#007,INSIDENKTelangI-WanagiriI,"Grant of the villages of Telang, Mahe and Paparuhan",904,xlsx CE,Other Central Java,vanuA,tlaṁ,sumbul vatak I dalam siṅgaḥ pamr̥ṣi hulun haji Ityevamāḍi tan tamā Irikanaṁ,vanuA,ri tlaṁ Iṁ mahe Iṁ paparahuAn Ikanaṁ dharma Ataḥ parānani saprakārani sukha-duḥkhanya
INSIDENKTelangI-WanagiriI#008,INSIDENKTelangI-WanagiriI,"Grant of the villages of Telang, Mahe and Paparuhan",904,xlsx CE,Other Central Java,vanuA,tlaṁ,Ataḥ Upahan yāpvan paminta Ataḥ saUpahan saluIrni mahāpātaka paṅguhanya mataṅya deyanikanaṁ Anak,vanuA,I tlaṁ Iṁ mahe Iṁ paparahuAn kabaiḥ prayatnā ya ri soninikeṁ praśasti
INSIDENKTelangII-WanagiriII#001,INSIDENKTelangII-WanagiriII,"Telang II / Wanagiri II (825 Ś, 904-01-11)",904,title,Unlocated,vanuA,tlaṁ,3 paṁlivtanya 1 tkan pasək 1 giliran 2 parahu 2 dadi Ikanaṁ,vanuA,I tlaṁ muAṁ I mahai I paparahuAn kapuA vatak huvusan Inalap śīmānīkanaṁ
INSIDENKTigaRon-TluRon#001,INSIDENKTigaRon-TluRon,Charter of Tiga Ron also called Təlu Ron (822 Śaka – 900-03-30),900,title,Central Java (unspecific),vanuA,pinakahavān,bāhubajrapratipakṣakṣaya kinonakan Ikana ṁ patiḥ muAṁ vahuta I vuru tuṅgal muAṁ Anak,vanuA,pinakahavān lmaḥnya de nikanaṁ vluran kapva petan maluṅgu-luṅguha I tlu ron mamaṅguha
INSIDENKTihang#001,INSIDENKTihang,"Tihang charter (Sañjaya 198, 836 Śaka, 914-11-08 CE)",914,title,Kedu,vanuA,tihaṁ,divasani Ājñā śrī mahārāja rake hino śrī dakṣottama-bāhubajra-pratipakṣa-kṣaya śrī mahottuṅgavijaya kumonnakan Ikanaṁ,vanuA,ri tihaṁ vatak tiru raṇu susukan sīmāni dharmma śrī parameśvarī I saliṅsiṅan
INSIDENKTihang#002,INSIDENKTihang,"Tihang charter (Sañjaya 198, 836 Śaka, 914-11-08 CE)",914,title,Kedu,vanuA,tihaṁ,riṁ salek kaṭik 1 kapuA maparaha rikana dharmma śrī parameśvarī māryya Ikanaṁ,vanuA,ri tihaṁ An pabuAt-thaji riṁ kataṇḍān kalaṁnya māryya mabuAt-thaji riṁ patiḥ limpar
INSIDENKTihang#003,INSIDENKTihang,"Tihang charter (Sañjaya 198, 836 Śaka, 914-11-08 CE)",914,title,Kedu,vanuA,tihaṁ,mavuAḥ ḍaṇḍa-kuḍaṇḍa bhaṇḍihālādi tumamā ri saṁ hyaṅ dharmma Ataḥ Ikana kabeḥ parṇnahanikanaṁ,vanuA,ri tihaṁ tan katamāna de saṁ mānak katrīṇi paṅkur tavān tirip muAṁ
INSIDENKTihang#004,INSIDENKTihang,"Tihang charter (Sañjaya 198, 836 Śaka, 914-11-08 CE)",914,title,Kedu,vanuA,tihaṁ,sumbul vatak i dalam siṅgaḥ pamr̥rṣi hulun haji Ityaivamādi tan tumamā rikanaṁ,vanuA,ri tihaṁ Ājñă haji kinonnakan Ikanaṁ masambyavahāra hana ṅkāna hīṅ-hīṅana kvehanya paṇḍai
INSIDENKTihang#005,INSIDENKTihang,"Tihang charter (Sañjaya 198, 836 Śaka, 914-11-08 CE)",914,title,Kedu,vanuA,tihaṁ,saṁ hyaṁ dharmma sadūman marā ri saṁ maṅilala drabya haji nāhan parṇnaḥnikanaṁ,vanuA,ri tihaṁ An sinusuk punpunanani dharmma śri parameśvarī I saliṅsiṅan kinon humarappa
INSIDENKTulangEr#001,INSIDENKTulangEr,Tulang Er III (914-12-30),914,title,Prambanan-Mataram,vanuA,pirak,śrī parameśvari dyaḥ buntir śrī prakasatasatya-brati maṅasəĀk na- nya pagəḥ-pagəḥ ri saṁ,vanuA,pirak Uṇḍi kā 1 tilimpik rikāṁ kāla pu rahula Anak vanuA ri
INSIDENKTulangEr#002,INSIDENKTulangEr,Tulang Er III (914-12-30),914,title,Prambanan-Mataram,vanuA,karamas,saṁ vanuA pirak Uṇḍi kā 1 tilimpik rikāṁ kāla pu rahula Anak,vanuA,ri karamas līkta n muAṁ maṅasəĀknanya pagəḥ-pagəḥ I samgat baleṁ ḍāṅ ācāryya
INSIDENKTulangEr#003,INSIDENKTulangEr,Tulang Er III (914-12-30),914,title,Prambanan-Mataram,vanuA,vrik-vrik,divasa juru kanayakān saṁmgat vuṅkal antan juruni la- mpuran saṁ bāma Anak,vanuA,I vrik-vrik vatək vrik-vrik juruniṁ vadvā rare saṁ kusuma Anak vanuA I
INSIDENKTulangEr#004,INSIDENKTulangEr,Tulang Er III (914-12-30),914,title,Prambanan-Mataram,vanuA,karāmas,Anak vanuA I vrik-vrik vatək vrik-vrik juruniṁ vadvā rare saṁ kusuma Anak,vanuA,I karāmas va- təkk aṅinn-aṅin juruniṁ kalula saṁ nāgara Anak vanuA Iy
INSIDENKTulangEr#005,INSIDENKTulangEr,Tulang Er III (914-12-30),914,title,Prambanan-Mataram,vanuA,Iy,Anak vanuA I karāmas va- təkk aṅinn-aṅin juruniṁ kalula saṁ nāgara Anak,vanuA,Iy amvilan vatik paku vaṅi juruniṁṅ aṇḍakat dyaḥ da- mok Anak vanuA
INSIDENKTulangEr#006,INSIDENKTulangEr,Tulang Er III (914-12-30),914,title,Prambanan-Mataram,vanuA,hayan,vanuA Iy amvilan vatik paku vaṅi juruniṁṅ aṇḍakat dyaḥ da- mok Anak,vanuA,I hayan səma I taṅkil amvak Ataṇḍa saṁ lituḥ Anak vanuA I
INSIDENKTulangEr#007,INSIDENKTulangEr,Tulang Er III (914-12-30),914,title,Prambanan-Mataram,vanuA,karamas,Anak vanuA I hayan səma I taṅkil amvak Ataṇḍa saṁ lituḥ Anak,vanuA,I karamas vatəkk aṅinn-aṅin Abalu- n saṁ dmuṁ Anak vanuA I vuga
INSIDENKTulangEr#008,INSIDENKTulangEr,Tulang Er III (914-12-30),914,title,Prambanan-Mataram,vanuA,vuga,lituḥ Anak vanuA I karamas vatəkk aṅinn-aṅin Abalu- n saṁ dmuṁ Anak,vanuA,I vuga vatik tilimpik parujar saṁ patuñjūṅan Anak vanuA I palihattan sima
INSIDENKTulangEr#009,INSIDENKTulangEr,Tulang Er III (914-12-30),914,title,Prambanan-Mataram,vanuA,palihattan,saṁ dmuṁ Anak vanuA I vuga vatik tilimpik parujar saṁ patuñjūṅan Anak,vanuA,I palihattan sima kalaṁ ri ḍaha- n Amasaṁṅakan saṁ suthi Anak vanuA
INSIDENKTulangEr#010,INSIDENKTulangEr,Tulang Er III (914-12-30),914,title,Prambanan-Mataram,vanuA,tasikk,vanuA I palihattan sima kalaṁ ri ḍaha- n Amasaṁṅakan saṁ suthi Anak,vanuA,I tasikk anak vatək tilimpik InasəAn pagə̣h-pagəḥ pirak U- ṇḍi dhā 5
INSIDENKTulangEr#011,INSIDENKTulangEr,Tulang Er III (914-12-30),914,title,Prambanan-Mataram,vanuA,viR̥ḥnya,ikāṁ divasa saṁ tavuk muAṁ kuṇḍival muAṁ saṁ jaṅga saṁ kulup Anak,vanuA,I viR̥ḥnya vatik tilimpik jukut er pu taluAṁ Anak vanuA I viR̥ḥnya
INSIDENKTulangEr#012,INSIDENKTulangEr,Tulang Er III (914-12-30),914,title,Prambanan-Mataram,vanuA,viR̥ḥnya,kulup Anak vanuA I viR̥ḥnya vatik tilimpik jukut er pu taluAṁ Anak,vanuA,I viR̥ḥnya vatək tilimpik tutuganniṁ taṇḍa kapuA vinaiḥ pirak uṇḍi dhā 1
INSIDENKTulangEr#013,INSIDENKTulangEr,Tulang Er III (914-12-30),914,title,Prambanan-Mataram,banuA,pu,tula rāmani deva pu haryyā rāmani samok pu dyu rāmani cadi tuha,banuA,pu laṇḍayan kaki valā pu śunuṁ rāmani mantal pu kopos rāmani prāsan
INSIDENKWangkud#001,INSIDENKWangkud,Demarcation of Asam Panjang (874 CE),874,title,Kedu,vanuA,,I Asam pañjaṁ vatak pikatan saṁ pamagat mavanuA Irikanaṁ kāla manukū Anak,vanuA,I
INSIDENKWanuaTengahIII#001,INSIDENKWanuaTengahIII,Wanua Tengah III,908,xlsx CE,Kedu,vanuA,tṅaḥ,Aṁ Aḍiri rakai panaṅkaran sira ta Umarpaṇākan Ikanaṁ savaḥ haji lān I,vanuA,tṅaḥ vatak pikatan rikanaṁ bihāra I pikatan luĀnikanaṁ savaḥ paṅavaitanya lambyan ⌈lor
INSIDENKWanuaTengahIII#002,INSIDENKWanuaTengahIII,Wanua Tengah III,908,xlsx CE,Kedu,vanuA,tṅaḥ,ka śa vāra Aṁḍiri rake panaraban tann inulah-ulaḥ Ikanaṁ savaḥ lān I,vanuA,tṅaḥ An tama rikanaṁ bihāra I pikatan Iṁ śaka 725 cetra-māsa śaṣṭi
INSIDENKWanuaTengahIII#003,INSIDENKWanuaTengahIII,Wanua Tengah III,908,xlsx CE,Kedu,vanuA,tṅaḥ,vāra tatkāla śrī mahārāja rakai garuṁ Umaluyakan Ikanaṁ savaḥ haji lān I,vanuA,tṅaḥ sīmani bihāra I pikatan Ikana binabak śrī mahārāja saṁ lumāḥ Iṁ
INSIDENKWanuaTengahIII#004,INSIDENKWanuaTengahIII,Wanua Tengah III,908,xlsx CE,Kedu,vanuA,tṅaḥ,I mamrati I tilimpik I tiruAn I maṁhuri patiḥ I pikatan saṁ,vanuA,tṅaḥ pu culiṁ saṁ tuṅgal aṅin pu ra mvat lekan pu glam
INSIDENKWanuaTengahIII#005,INSIDENKWanuaTengahIII,Wanua Tengah III,908,xlsx CE,Kedu,vanua,tṅaḥ,vāra maṁḍiri rake vuṅkal humalaṁ dyaḥ jbaṁ tamolaḥ Ataḥ Ikanaṁ savaḥ I,vanua,tṅaḥ I śrī mahārāja pinakakmitannira I luA tan uvaḥ rikanaṁ bihāra I
INSIDENKWanuaTengahIII#006,INSIDENKWanuaTengahIII,Wanua Tengah III,908,xlsx CE,Kedu,vanuA,tṅaḥ,8 kinonakan rakryān kabaiḥ varahan An maṅkanā parṇnahanikanaṁ savaḥ haji lān I,vanuA,tṅaḥ rakryān I halu pu vīravikrama rakryān sirikan pu variga samaravikrănta vka
INSIDENKWanuaTengahIII#007,INSIDENKWanuaTengahIII,Wanua Tengah III,908,xlsx CE,Kedu,vanuA,tṅaḥ,ramani kesara kapuA vineḥ vḍihan R̥ṅga yu 1 mās mā 1 sovaṁ-sovaṁ,vanuA,tṅaḥ prāṇa 3 si maṅhuri ramani kanaka si Ananta ramani kaṇṭara muAṁ
INSIDENKWanuaTengahIII#008,INSIDENKWanuaTengahIII,Wanua Tengah III,908,xlsx CE,Kedu,vanuA,n,mā 1 muvaḥ piṁhai I pikatan Anuṁ lampuran si găyatrī muAṁ si,vanuA,n lampuran Anak kapuA vinaiḥ mās ku 2 sovaṁ-sovaṁ rāma māgman I
INSIDENKWanuaTengahIII#009,INSIDENKWanuaTengahIII,Wanua Tengah III,908,xlsx CE,Kedu,vanuA,tṅaḥ,n lampuran Anak kapuA vinaiḥ mās ku 2 sovaṁ-sovaṁ rāma māgman I,vanuA,tṅaḥ gusti prāṇa 2 si sodai ramani basu muAṁ si kusalā ramani
INSIDENKWanuaTengahIII#010,INSIDENKWanuaTengahIII,Wanua Tengah III,908,xlsx CE,Kedu,vaṅun,ramani,sodai ramani basu muAṁ si kusalā ramani ratha vinkas prāṇa 2 si,vaṅun,ramani sarini muAṁ si ḍakat ramani laṅgaṇa kalima prāṇa 2 si govana
INSIDENKWanuaTengahIII#011,INSIDENKWanuaTengahIII,Wanua Tengah III,908,xlsx CE,Kedu,vanuA,si,anak si baskara ramani devī vinaiḥ mas mā 1 kalima I hulu,vanuA,si ruAṁ galuḥ ramani vaṅi vinkas si vujil kapuA vinaiḥ vḍihan R̥ṅga
INSIDENKWanuaTengahIII#012,INSIDENKWanuaTengahIII,Wanua Tengah III,908,xlsx CE,Kedu,vaṅun,vineḥ,marhyaṁ si sukhla ramani basi parujar si sutə ramani vidyā variga si,vaṅun,vineḥ mas mā 1 kinabaiḥhanya Anuṁ mavay Irikāṁ kāla si hriṁ ramani
INSIDENKWanuaTengahIII#013,INSIDENKWanuaTengahIII,Wanua Tengah III,908,xlsx CE,Kedu,vanuA,luA,kāla si hriṁ ramani cakra hulu vras si Ama ramani cele Anag,vanuA,I luA I kabikvan vinaiḥ vḍihan R̥ṅga yu 1 mas mā 1
INSIDENKWanuaTengahIII#014,INSIDENKWanuaTengahIII,Wanua Tengah III,908,xlsx CE,Kedu,vanuA,titiḥ,1 mas mā 1 AR̥ggaṁ rikaṁ kāla si kesava ramani agam Anag,vanuA,I titiḥ vatak pikatan vinaiḥ vḍihan R̥ṅga hlai 1 mas ku 2
INSIDENKWanuaTengahIII#015,INSIDENKWanuaTengahIII,Wanua Tengah III,908,xlsx CE,Kedu,vanuA,varuk,R̥ṅga hlai 1 mas ku 2 Abr̥kuk si gḍil ramani mundil Anag,vanuA,I varuk vineḥ mas ku 2 Avayaṁ Irikaṁ kāla si kliṁ ramani
INSIDENKWanuaTengahIII#016,INSIDENKWanuaTengahIII,Wanua Tengah III,908,xlsx CE,Kedu,vanuA,vanuA,vineḥ mas ku 2 Avayaṁ Irikaṁ kāla si kliṁ ramani sḍaṁ Anag,vanuA,I vanuA tṅaḥ vinaiḥ vḍihan hlai 1 mas ku 2 Atapukan si
INSIDENKWanuaTengahIII#017,INSIDENKWanuaTengahIII,Wanua Tengah III,908,xlsx CE,Kedu,vanuA,tṅaḥ,ku 2 Avayaṁ Irikaṁ kāla si kliṁ ramani sḍaṁ Anag vanuA I,vanuA,tṅaḥ vinaiḥ vḍihan hlai 1 mas ku 2 Atapukan si rasuk Anag
INSIDENKWanuaTengahIII#018,INSIDENKWanuaTengahIII,Wanua Tengah III,908,xlsx CE,Kedu,vanuA,hinor,tṅaḥ vinaiḥ vḍihan hlai 1 mas ku 2 Atapukan si rasuk Anag,vanuA,I hinor vinaiḥ mas ku 2 muvaḥ tapukan prăṇa 2 vineḥ mas
INSIDENKWanuaTengahIII#019,INSIDENKWanuaTengahIII,Wanua Tengah III,908,xlsx CE,Kedu,vanuA,paṅsur,2 sovaṁ-sovaṁ Ayam təAs milu manusuk sīma si bilāsa ramani tatha Anag,vanuA,I paṅsur vatak Ayam təAs vineḥ vḍihan R̥ṅga yu 1 mas mā
INSIDENKWanuaTengahIII#020,INSIDENKWanuaTengahIII,Wanua Tengah III,908,xlsx CE,Kedu,vanuA,kahaṅatan,vḍihan R̥ṅga yu 1 mas mā 6 makudur maṅuyup si dayanna Anag,vanuA,I kahaṅatan vatak hamməAs vineḥ vḍihan R̥ṅga yu 1 mas mā 2
INSIDENKWanuaTengahIII#021,INSIDENKWanuaTengahIII,Wanua Tengah III,908,xlsx CE,Kedu,vanuA,vaduṁ,1 mas mā 2 makudur tan paṅuyup si jaṅgi ramani vulakan Anag,vanuA,I vaduṁ poḥ vatak paṅkur poḥ vinaiḥ vḍihan R̥ṅga yu 1 mas
INSIDENKWintangMasI#001,INSIDENKWintangMasI,Wintang Mas I (800 Śaka),878,title,Unlocated,banuA,saṁ,tatkāla dyaḥ puṭu dinulur deni rāmanira I kapuhunan juru pu go tuha,banuA,saṁ Ādikā muAṁ saṁ surā muAṁ saṁ tarā saṁ garyya ḍaṇḍa si
INSIDENKWukiran#001,INSIDENKWukiran,"Stela of Pereng, also known as Wukiran inscription (784 Śaka, 863-1-25 CE)",862,title,Unlocated,vanvaniraṁ,dhīmān,śruti-bhakti-dāna-dharmmā bhavantu nārāti-rogerṣyāḥ tuṅgaṁ davət laṅka səR̥ḥ vulakann i valā valaiṁ lodvāṁ,vanvaniraṁ,dhīmān kumbhayoni ṅarannira
INSIDENKWunganDaik#001,INSIDENKWunganDaik,Wungan Daik,901-1000,alias: xlsx Wunandaik 10th c.,Unlocated,vanuA,pamilihan,1 mas ma 8 ta banana n I gunuṁ pu ḍiluk Anak,vanuA,I pamilihan vatak kalum varak mataṇḍa pu dhanuka Anak vanuA I gammaḥ
INSIDENKWunganDaik#002,INSIDENKWunganDaik,Wungan Daik,901-1000,alias: xlsx Wunandaik 10th c.,Unlocated,vanuA,gammaḥ,ḍiluk Anak vanuA I pamilihan vatak kalum varak mataṇḍa pu dhanuka Anak,vanuA,I gammaḥ vatak vatu humalaṁ juru kalula saṁ katr̥ban Anak vanuA I
INSIDENKWunganDaik#003,INSIDENKWunganDaik,Wungan Daik,901-1000,alias: xlsx Wunandaik 10th c.,Unlocated,vanuA,sabokan,Anak vanuA I gammaḥ vatak vatu humalaṁ juru kalula saṁ katr̥ban Anak,vanuA,I sabokan vatak Amviran vineḥ mas mā 12 ki nabehannira kabayan ri
INSIDENKWunganDaik#004,INSIDENKWunganDaik,Wungan Daik,901-1000,alias: xlsx Wunandaik 10th c.,Unlocated,vanuA,mira-miraḥ,12 ki nabehannira kabayan ri Ayam təAs 2 mira-miraḥ pu rayuṁ Anak,vanuA,I mira-miraḥ vatak vadihati maṁraṅkappi halaran pu dhanada Anak vanuA I paṇḍamuAn
INSIDENKWunganDaik#005,INSIDENKWunganDaik,Wungan Daik,901-1000,alias: xlsx Wunandaik 10th c.,Unlocated,vanuA,paṇḍamuAn,rayuṁ Anak vanuA I mira-miraḥ vatak vadihati maṁraṅkappi halaran pu dhanada Anak,vanuA,I paṇḍamuAn vatak vadihati kabayan I makudur 2 halantaṅan pu da nta
INSIDENKWunganDaik#006,INSIDENKWunganDaik,Wungan Daik,901-1000,alias: xlsx Wunandaik 10th c.,Unlocated,vanuA,ra,paṇḍamuAn vatak vadihati kabayan I makudur 2 halantaṅan pu da nta Anak,vanuA,I ra tguḥ Aṁraṅkappi pataL̥san pu vīryya vinaiḥ mas mā 6 sovaṁ
INSIDENKWunganDaik#007,INSIDENKWunganDaik,Wungan Daik,901-1000,alias: xlsx Wunandaik 10th c.,Unlocated,vanuA,vugu,sira ri Ayam təAs milu manusuk saṁ ra vavu pu lutu Anak,vanuA,I vugu sīmăniṁ vihāra I vuṅaṇ ḍaik vatak hino vineḥ vḍihan yu
INSIDENKWunganDaik#008,INSIDENKWunganDaik,Wungan Daik,901-1000,alias: xlsx Wunandaik 10th c.,Unlocated,vanuA,taṅga,mas pasak-pasak mā 6 sira ri makudur saṁ lulahan pu manaṅguṁ Anak,vanuA,I taṅga vuṅkal sīma kudur vinaiḥ vḍihan yu 1 mas mā 1
INSIDENKWuruTunggal#001,INSIDENKWuruTunggal,Wuru Tunggal (833 Śaka),911,title,Central Java (unspecific),vanva,vuru,ku 2 ha 5 tumaṅgapp ikaṁ mas pu latī bapani bayal anag,vanva,I vuru tuṅgal tutuganniṁ taṇḍa muAṁ pu vijaḥ bapani bhūmi Anag vanva
INSIDENKWuruTunggal#002,INSIDENKWuruTunggal,Wuru Tunggal (833 Śaka),911,title,Central Java (unspecific),vanva,vuru,vanva I vuru tuṅgal tutuganniṁ taṇḍa muAṁ pu vijaḥ bapani bhūmi Anag,vanva,I vuru tuṅgal śuddha hutaṁni ḍaṁ navĭ I mpu guru ḍayā tatra
INSIDENKWuruTunggal#003,INSIDENKWuruTunggal,Wuru Tunggal (833 Śaka),911,title,Central Java (unspecific),vanva,pilaṁ,hutaṁni ḍaṁ navĭ I mpu guru ḍayā tatra sākṣī saṁ tguhān anag,vanva,I pilaṁ vatak paṅgil hyaṁ saṁ ta Anag va nva I valakas
INSIDENKWuruTunggal#004,INSIDENKWuruTunggal,Wuru Tunggal (833 Śaka),911,title,Central Java (unspecific),vanva,valeṁ,saṁ ta Anag va nva I valakas vatak valakas saṁ bhāskara Anag,vanva,I valeṁ vatak valeṁ saṁ pakambaṅan Anag vanva I taṅga vatak hino
INSIDENKWuruTunggal#005,INSIDENKWuruTunggal,Wuru Tunggal (833 Śaka),911,title,Central Java (unspecific),vanva,taṅga,valakas saṁ bhāskara Anag vanva I valeṁ vatak valeṁ saṁ pakambaṅan Anag,vanva,I taṅga vatak hino saṁ ra tira Anag vanva I limo vatak
INSIDENKWuruTunggal#006,INSIDENKWuruTunggal,Wuru Tunggal (833 Śaka),911,title,Central Java (unspecific),vanva,limo,saṁ pakambaṅan Anag vanva I taṅga vatak hino saṁ ra tira Anag,vanva,I limo vatak pagar vsi likhitapātra rake pilaṁ
INSIDENKWuruduKidul#001,INSIDENKWuruduKidul,Wurudu Kidul,922,alias: xlsx Wurudu Kidul A 844 Saka,Other Central Java,vanva,rarai,līṁnikanaṁ Udāśīna ṅunivaiḥ svavarganikā saṁ dhanadī mvaṁ Ikaṁ rāma Iṁ uruḍu sapasuk,vanva,rarai matuha ya ta mataṁnyan vineḥ surat pagə-pagəḥ kmitananya de saṁ pamgat
INSIDENKWuruduKidul#002,INSIDENKWuruduKidul,Wurudu Kidul,922,alias: xlsx Wurudu Kidul A 844 Saka,Other Central Java,vanva,grāma,kavat saṅ abi I kahuripan saṁ guha mvaṁ rāmanta I halaran sapasuk,vanva,grāma bihāra kabikuAn vinkas Irika kāla saṁ manata saṁ gaḍya saṁ mandu
INSIDENKWuruduKidul#003,INSIDENKWuruduKidul,Wurudu Kidul,922,alias: xlsx Wurudu Kidul A 844 Saka,Other Central Java,vanuA,maṁhuri,I maḍaṇḍar samvandha hana saṁ pāmāriva ṅaranya Inanugrahān de samgat juru Irikā,vanuA,I maṁhuri makon ta rasikā kumilalā Ikā kəkəran I maṁhuri *Andān kadi
