{
  "permutation_literature_central": {
    "n_permutations": 120,
    "full_matches": 1,
    "p_value": 0.008333333333333333,
    "distribution": {
      "0": 33,
      "1": 47,
      "2": 26,
      "3": 12,
      "4": 1,
      "5": 1
    }
  },
  "permutation_narrow": {
    "n_permutations": 120,
    "full_matches": 1,
    "p_value": 0.008333333333333333,
    "distribution": {
      "0": 44,
      "1": 45,
      "2": 20,
      "3": 10,
      "4": 0,
      "5": 1
    }
  },
  "permutation_wide": {
    "n_permutations": 120,
    "full_matches": 2,
    "p_value": 0.016666666666666666,
    "distribution": {
      "0": 20,
      "1": 40,
      "2": 34,
      "3": 22,
      "4": 2,
      "5": 2
    }
  },
  "mc_uniform_literature_central": {
    "n_simulations": 500000,
    "max_day": 1500,
    "full_matches": 11,
    "p_value": 2.2e-05,
    "distribution": {
      "0": 0,
      "1": 488111,
      "2": 11219,
      "3": 595,
      "4": 64,
      "5": 11
    }
  },
  "mc_uniform_narrow": {
    "n_simulations": 500000,
    "max_day": 1500,
    "full_matches": 1,
    "p_value": 2e-06,
    "distribution": {
      "0": 1797,
      "1": 490901,
      "2": 7069,
      "3": 212,
      "4": 20,
      "5": 1
    }
  },
  "mc_uniform_wide": {
    "n_simulations": 500000,
    "max_day": 1500,
    "full_matches": 41,
    "p_value": 8.2e-05,
    "distribution": {
      "0": 0,
      "1": 478056,
      "2": 19859,
      "3": 1822,
      "4": 222,
      "5": 41
    }
  },
  "mc_loguniform_literature_central": {
    "n_simulations": 500000,
    "max_day": 1500,
    "full_matches": 27118,
    "p_value": 0.054236,
    "distribution": {
      "0": 353,
      "1": 77204,
      "2": 148878,
      "3": 152770,
      "4": 93677,
      "5": 27118
    }
  },
  "mc_loguniform_narrow": {
    "n_simulations": 500000,
    "max_day": 1500,
    "full_matches": 4688,
    "p_value": 0.009376,
    "distribution": {
      "0": 13148,
      "1": 145223,
      "2": 187734,
      "3": 113447,
      "4": 35760,
      "5": 4688
    }
  },
  "mc_loguniform_wide": {
    "n_simulations": 500000,
    "max_day": 1500,
    "full_matches": 76821,
    "p_value": 0.153642,
    "distribution": {
      "0": 0,
      "1": 44652,
      "2": 100572,
      "3": 141914,
      "4": 136041,
      "5": 76821
    }
  },
  "cross_tradition": {
    "Hindu shraddha": {
      "n_intervals": 4,
      "stages_matched": 3,
      "max_possible": 4,
      "note": "fewer than 5 intervals available"
    },
    "Buddhist bardo": {
      "n_intervals": 8,
      "stages_matched": 3,
      "max_possible": 5
    },
    "Islamic orthodox": {
      "n_intervals": 2,
      "stages_matched": 3,
      "max_possible": 2,
      "note": "fewer than 5 intervals available"
    },
    "Toraja Rambu Solo": {
      "n_intervals": 5,
      "stages_matched": 4,
      "max_possible": 5
    },
    "Merina famadihana": {
      "n_intervals": 5,
      "stages_matched": 1,
      "max_possible": 5
    },
    "Chinese Buddhist": {
      "n_intervals": 8,
      "stages_matched": 3,
      "max_possible": 5
    },
    "Eastern Orthodox": {
      "n_intervals": 4,
      "stages_matched": 4,
      "max_possible": 4,
      "note": "fewer than 5 intervals available"
    },
    "Egyptian ancient": {
      "n_intervals": 3,
      "stages_matched": 5,
      "max_possible": 3,
      "note": "fewer than 5 intervals available"
    }
  }
}