volume,year,match_type,match_desc,match_text,depth_m,depth_unit,site_name,has_site,has_volcanic,location,sites_nearby,volcanic_nearby,locations_nearby,page_est,context
OV_1912,1912,volcanic_arch_tephra,Volcanic+archaeological: tephra/ash/tuff,ASCH,,,monumenten,True,True,,monumenten,ASCH,,1,"GOVERNMENT OF INDIA  ARCHAEOLOGICAL SURVEY OF INDIA   archaeological   LIBRARY    ACCESSION NO.   CALL No. 9t5 9 1 Q5/0.V    D.G.A. 79          i ’ * -   . /, ‘ , . - ■   OUDHEIDKUNDIGE DIENST   r   IN   if NEDERLANDSCH-INDifi   J ^   OUDHEIDKUNDIG VERSLAG   1912    UITGEGEVEN DOOR HEX ■ ■ ' ' ""   BATAVIAASCH GENOOTSCHAP VAN  KUNSTEN EN WETENSCHAPPEN '     WELTEVREDEN ] 'S HAGE    ALBRECHT & Co M. NIJHOFF        AL.    57^1 3i~   .U...   CA.; : '^VSs’^OM     I N H O U D    Bladz.    Oudheidkundig Verslag over het eerstc kwartaal 1912 . . . . 1   Bijlage A. Lijst der fotografische opnamen 10   Bijlage B, Stand van het teekenwerk 13   Bijlage C. Voorloopige lijst van monumenten. I Oost Java . . H   Oudheidkundig Verslag over het tu’eede kwartaal 1912. . . . 21   Bijlage D. Lijst der fotograf"
OV_1912,1912,volcanic_arch_tephra,Volcanic+archaeological: tephra/ash/tuff,asch,,,tempels,True,True,,tempels,asch,,5,". Epigraphie.   Mpn epigraphische werkzaaniheden l>estonden voorname-  lijk in de bestiideering van de oorkonden van Krtanagara,  waarvan er een, die van 1188. in het Oudheidkundm   o   Rapport van 1911 wordt gepnblieeerd. Verder hield ik mij  bezig met de inseripties uit de Padangsche Bovenlanden,  in verb and met een aanstaande reis daarheen. Ten slotte  werd de epigraphische nalatenschap van wijien Dr. Braudes  onderzocht, naar aanleiding van de eventueele publieatie  daarvan door het Bataviaasch Genootschap.   § 9. Fotografieen,   Bij dit verslag worden 58 ahiruklvcn aangeboden. waarvan  men de lijst vindt in Bijlage A. De opnamen zijn alle van     7    den Heer Melville en betretfen respectievelgk de poorten  eii tempels van Djedong, Bangkal, Kesimau-tengah, Rimbi,  Goenoeiig-tTangsir"
OV_1912,1912,volcanic_arch_v_ringgit,Volcanic+archaeological: Ringgit,Ringgit,,,Tjandi Pasetran,True,True,,Tjandi Pasetran,Ringgit,,8,"par^ar.   ?!^oerabaja.   ^MuJjokerto.   Modjukerto.   Moeteran.      •Sen tana-red jo.     ,,   Temon.    -   Modjosari.   Djedong.   *7      Bangkal.     Djaboeng.   Biting.   ..     Kesiman-tengab.    Sido-ardjo,   Kau'apoei.'e I.   Tjandi-Pari.   ,,   1 *   Gcdaiigaii.   Boentjittan-tani.     Ki'ian.   Tjainli-Denna.   Madoera.   Pam ek a sail.   Pamckasan.   Proppo.   Pasoeroeluxn.   Baiigil.   Gempol.   Kebon-tjandi.      AVonosonjo.   -    Paiidaiin.   Tjandi-redjo.   7'     toj) Ooenoeng Ringgit.   77    Poerwnredjo.   pertapan Rahtaoe.   77   Malang.   An tang.   Botjok.   •7    Penanggnengan.   Sanggariti.    ?•    Gading-koelon.   M   *1   7*   PukiH.   T< >e 111 pang.     i   1   Kidal.        17      Monnmeut.    Tjainli Kinibi.   l^app.    ]\n   (nipoera bij liet ^rat van    M"
OV_1912,1912,volcanic_arch_v_arjuno,Volcanic+archaeological: Arjuno,Ardjoeno,,,Tjandi Singasari,True,True,,Tjandi Singasari; Tjandi Kedaton; Tjandi Retja; tempel; Monument,Ardjoeno,,9,"ie.   Afdeeling,   Distidet.   Desa.   Pasoeroehan.   BaiigiL   Karan glo.   Singasari.    77   Senggasara.   Kalanglo.   Soember-Poetjoeng.   '7   KraksaUn,   Kraksailii.   Djaboeng'tjaiidi.    7 '   Gading.   • 7   Andoeiig-biroe.   Besoeki.   Dj ember.   Dj ember.   Krandjingan.   77   •7   Poeger.   Meiiampoeh.    19    Monument.   Opname,   Laatsfce eontrOle.   Tjandi Singasari.   monogralie van 19<)9.   1910.   Kawi-miiur.   Rapp. 1902 p. 3()0 ^q.   1902.   Tjaudi’s op den (ioeuoeng     : Ardjoeno.   niet opgenomen.   Verbeek p. 301.   Tjaiidi Djaboeng met bij-     tempel.   Rapp. 1903 p. 107 sq.   1910.   Tjandi Kedaton.   Rapp. 1904 p- 113 >qq.   1904.   , Tjandi’s op den Goenoeng |     \ Argapoera.   niet opgenomen.   Verbeek p. o20 ?q.   Kedaton.   Rapp. 1904 p. 135 sq.   1904.  "
OV_1912,1912,depth_el,X el diep,3 el diep,2.07,el,,False,False,,,,,17,"erk in den vorni van een paralle-   lopipedum, metende 7^ ^ bij 4^ ^ hoogte van   4 el. Volgens de berichten zou ..deze oudheid bestaan  hebben nit een hooge toren in den vorm van een ge-  knotte naald. gelijkvloers voorzien van 2 kamers’* (brief  van den Gouverneur van Sumatra’s Westknst aan de  Directie van het Bataviaascli Genootsc-hap, d. d. 6 Ja-  nuari 1865 Xo. 70). Er voor lag een soort terras.  Het is het overbljifsel van een stupa en draagt den  naam biaro.   Bij onderzoek werden op 6^,3 el diepte aangetrotfen :  a. het boven gedeelte eener Heseh, n. 1 . een goiideii hals en  een rand van zilver, terwiji de door oxydatie vergane  rest blijkbaar van brons is geweest. Er staat een on-  ontcijferde iegende in XagarT-^chrift op. In het flesch""  je bevonden zicdi drie oiigeslepen robij"
OV_1912,1912,exposed,exposed/uncovered,blootgelegd,,,,False,False,,,,,24,"esehreven. Toeii ik over inetn* werkvidk  koii be-^cdiikken. ben ik ook aan den \^ e^tkant van het  complex beginiien te graven : ook hier waren alle graPtee-  iien oiibesehreven op tvree lange vierkante zmltie^ na, oni  elk waar van een boom gegroeid was. Ik heb dan ook beide  boomeii lateii happen : aan dew voet van elk dier zuiltjes  kwam toen in de rondte loopend lettersehrift te voorschpn.  Ook voiid ik onder diezelfde boomen bij het verwijderen  der worteL nog twee lange grtiven. De beide blootgelegde  complexen liggen 0.4d M. lager dan het vor-rencomplex.   Op het vorstencoinplex zelf stoml een mangaboom, die  door zijn reusaehtige wortels de graven, die in de nabijheid     54    lageu, uit him verband rukte. Dezen boom liet ik met worteis  en al verwijderen, waarbij ik in den grond"
OV_1912,1912,depth_m,diepte van X.X M,diepte van 2.50 M,2.5,meter,,False,False,,,,,33,"van de graven een    71    vierkant plat afgeknotte lieiivel te beviudeii, + 2 M. hoog,  aan welks Zuid-Oost hoek een pat werd aaTigetroffen, waarvaii  de binneiizijde was bekleed met gruote langwerpig vierkante  steeiieu (zandsteen).   Op de belling van den lieiivel vond ik stiikken roode  baksteen; volgens oiiden van dagen nit de kaiupong had daiir  vroeger een luissigit gestaau, ik liet de put iiitgraven in  de meening, dat bierin nog wel iets ge\ondeu zoii kaimen  worden, docdi trof op een diepte van 2.50 M. niets ander>  aan dan modder en roode eii blauwe })otseherven : ook vond  ik een kort cylindervormig voorwerp (le. M.). dat bij nadere  besebouwiiig de ruggewervel van een vi.-cb bleek te zijn.  met atgesneden vertakkingen en rond bijgewerkt, daania  waarricbijnlijk gebruikt ab uor"
OV_1912,1912,exposed,exposed/uncovered,Blootgelegd,,,fundamenten,True,False,residentie Behalonijan,fundamenten; fundament; opgravingen,,residentie Behalonijan,35,"or.   In den loop van December werd een begin gemaakt met  de inventarisatie van de residentie Behalonijan. welke nog  voortduurt en waarvan mi] nog geeii resultaten bekend zijn.   De door den Heer Sell verzamelde gegevens zullen op  de gewoiie wijze worden gepubliceerd.   § 6. Nieuwe opnamen. opgravingen, enz.   Ook deze hadden uitsluitend plaats op het Bieny-plalraa,  De werkzaamheden zijn in het kort, zonder rekening te houden  met de volgorde van tijd, waarin zij geschiedden, de volgende:   Blootgelegd werden de fundamenten 1. 2, 3. 4, 5. S en  25-30 (numniers van de oudheidkundige kaart van Pet en  iMyer) en de beide bij de Ardjoena-groep gelegene. De  laatste en de vier eerst genoemde werden ook reeiis opgemeten  en gedeeltelijk in teekeiiing gebracht, welk werk van 2, 3 en  4 gereed"
OV_1912,1912,volcanic_arch_tephra,Volcanic+archaeological: tephra/ash/tuff,asch,,,tempels,True,True,,tempels; tempels; inscriptie,asch,,36,"en dragen een Kawi-inscriptie, het vierde be vat den  godeiinaam Yisnu. Het i< voor het eerst, dat een dergelijke  vondst bij een der Dieng-tempels gedaan is, hoewel reeds  enkele plaatjes bekend wareu, waarschijnlijk uit die bnurt         77    afkonistig: het zai daarom geen betoog behoeveu. hoe hoogst  belangrijk het is, dat thaiis tusscheii den bouw van een dier  tempels eu de schriftsoort van deze plaatjes authentiek ver-  baud gelegd kan wordeii. De plaatjes -wordeu bewaard in  het Bataviaasch Museum (inv. 5204).   Nog verdient veruiehling, naar aanleidiog van de op pag.   08 van het vorig verslag aaiigegeven vooidoopige sehikking  omtrent de vondsten in Base, dat thans detinitiet' bepaald  is, dat van deze vondsten door de Direetie van het Bata-  viaaseh Beuootsehap aaiigewezen zal "
OV_1912,1912,volcanic_arch_lava,Volcanic+archaeological: lava,lava,,,tempel,True,True,,tempel; tempel; tempel; tempel; beeld van Par,lava,,46,"an Jhavericand.   222   id.   2071    -   Motishah Tuk, algemeen ge-  zicht   223   id.   2072      224   id.   2073    ..   id.. Zuidelijke gaanderij.   225   i<l.   2074   n   -   id., Motishah tempel.   220   id.   2075   n   1   -   id., tempel Z. \V. vau Mo-  tlshah-tempel.   227   id,   2078   -   -   i id., tern pels buiteu de^Iotishah  Tuk.   228   id.   2080     Xaudlevara Dvipa, van binnen.   229   : id.   2081   ’J    id., zuilen van de gaanderij.   230   id.   2082    -   Pafica Painlava-tempel, alge-  ! meeu gezicht.   231   id.   2083   n 1    id., benedenstuk.   232   id.   2084   1   -   id., altaar met 1008 beelden,  eracliter.   233 1   j i   id.   2085   -   i   Uatiuicand Jaubareund’s tem-  pel.    j    I     100    Volg- 1  num- I  mer. |   1   No. Br.-Indie.   Staat o"
OV_1912,1912,volcanic_arch_lava,Volcanic+archaeological: lava,lava,,,tempel,True,True,,tempel; tempel; tempel; tempel,lava,,50,dapa.   443   ill.   2209   -   ..   Kapul levara’s mandapa.   444   id.   2210    ..   Krsna’s mandapa.   445   id.   2211     Pafiea Pandava mandapa.   44ti   id.   2212     Vai>nava grot.   447   id.   2214   -    Yam a purl grot.   448   id.   2215    -   tempel op de rot^ (oude vuur-  toren).   449   id.   2210   -   ..   onatgewerkte grot.   450   id.   2217   .   *•   ongeidentiOeeerde grot.   451   id.   2218   ..     452   id.   2219     .   453   id.   2223   _    ! gezicht o}» de Paielava ratha*s.   454   id.   2224   - 1    1 Bhima’s ratlia.   455 !   1   id.   2225   -    Dharmaraja's rath a.   450   id.   2220    ; 1  i   Draupadi's en Arjuna's rat ha.   457   id.   2227   ..   1   Laneca's ratha.   458   id.   2232   -   !   rotssculptuur ( Arjuiuds boete).   459   id.   223
OV_1914,1914,exposed,exposed/uncovered,blootgelegd,,,tjandi in oogeuscbouw,True,False,,tjandi in oogeuscbouw; tempeltje; ontgraving,,,3,"ii plaatselijk onderzoek naar de ligging  van enkele oude gebouwen dier bootdstad. be<cbreven in den  Xagarakrtagama. In de eerste jdaats werd een plek  nabij Kedaton bezocbt, in welks nabijheid drie poorten  acbter elkander gestaau bebben en waar laat>telijk een  oudbeidkuudige vondst bad plaatsgevonden. Xa mijn vertrek  en als gevolg van mijn besprekingen met den regent, wer-  den bij eenige onder leiding van dieu laatste onderuomen  proefgravingen eveneens stnkken van den ringmuiir der stad  blootgelegd. Getracbt wordt oji die wijze een vuorloopige  orienteering te verkrijgen. waaroj) dan later systematiscbe  ontgraving van de daartoe in aanmerking komende stads-  gedeelten kau volgen.   Boveu Patjet werden nabij ile broniien van PiuhwMin de  daar door den regent van Modjokerto ontdekte"
OV_1914,1914,volcanic_arch_tephra,Volcanic+archaeological: tephra/ash/tuff,asch,,,tempelresten,True,True,,tempelresten,asch,,3,"7. Vondsten.   Omtrent den in het vorig verslag vermelden steeu van  Banaiifi deelde de resident van Bengkoelen raede, dat deze  niet te vervoereu was : er zulleu nu echter foto's en abklat-  sc-hen van gemaakt worden.   De resident van Kedoe gaf kenuis van een voudst van  tempelresten enz. nabij ilagelang. welke nader onderzocht  zal worden.   § 8. Epigraphie.   De publicatie van de epigraphische nalatenschap van Dr.  .1. L. A. Braudes heeft thans in deel LX der Verhandelingen  van het Bataviaasch Genootschap plants gehad. Van de  resultaten der epigraphi.sche werkzaamheden van onderge-  teekende is een en ander te vinden in een artikel  .Epigraphische aanteekeningen IV — VIE’ dat in Tijdschr.  Bat. Gen. van dit jaar verschijnen zal.   Een belangrijke hoeveelheid epigraphisch materiaal ni"
OV_1914,1914,subsidence,sunk/subsided,verzakt ,,,,False,False,,,,,14,"op bet boveoste plateau vrerden wederom opgemet-  seld; de kap ge:-teld en met paiinen geilekt en de deuren,  die toegaiig geveu naar bet gebouwtje. algebaugeu.   In de eerste belft van deze maand werd gewerkt met  ongeveer (35 koelies en met 2i> metselaars: in de tweede  belft met 28 koelies en 9 metselaars.   PANGKALAX XAXGKA. Xadat bet strnikgewas bin-  nen en bniten den riugniunr was weggeruimd, Ideek, dat  de Westmuur over de gebeele lengte was omgevallen, dat  de Noordmuur aamnerkelyk was verzakt en dat de Oostmnur  plaatselpk uit zijn verband was gerukt dijor een grooteu  boom, die er tegen was opgegroeid.   De Zuidmuur met poort was nog in goedeu staat ; bet  zou alleeii noodig zijn bet koziju met deuren te berstellen.  nieuwe lateien daarboven aan te brengen. enkele balusters  (va"
OV_1914,1914,subsidence,sunk/subsided,verzakt ,,,,False,False,,,,,17,"voeren van groud en puin en bet scboonmaken der graven.  Er werd een begin gemaakt met bet nietselen van den  buitensten riugmuur (die in deze maand gereed kwam) en  bet optrekkeu of opnieuw stellen van de graven binnen  den ringmuur, terwijl die binnen bet midden gebouw tevens  werden bepleisterd; met bet berstellen van de groote ingangs-  poort werd eveneens een begin gemaakt, terwijl de kapt  van bet middengebouw, voor zoover dat noodig was, werd  afgebroken alsmede de voorgevel, die gebeel verzakt was.   M A A R T.   PAKALAXGAX. In de maand Maart werd in bet ge-  bouw op bet bovenste jdateau de vloer gelegd, alle mureii  uogmaals gewit, de rimboe wederom verwijderd en de werk-  zaambeden gebeel beeindigd.     40    PAXGKALAX X’^AXGKA. In deze maand werd de uiewe  kap gesteld, deuren en"
OV_1914,1914,burial,buried/sunk in ground,in den grond geraak,,,ontgravingen,True,False,,ontgravingen; baksteenen; beeldje en; beeld van Krtauagara,,,23,"enen beeldje en een  steenblok met jaartal 1374 aangetroflen; ook is er een  ringmuur geweest. Het is van deze plants dat. volgens me-  dedeeliug van den regent, het thans te Soerabaja staand  Aksobhya-beeld van Krtauagara uit 1211 , genaamd de Djaka  Dolok, afkomstig is. Eindelijk was, eveneens door den  regent, op een plants genaamd TJniidi Tilcoes. op korten  afstand van Badjaugratoe, een boveu den grond uitstekend  toj>stuk aangetruhen, dat klaarblijkelijk nog aan het bpbe-  hoorend, geheel in den grond geraakte bouwwerk vastzat.  Ook hier haddeu onder leiding van den Heer Melville  verdere ontgravingen plants, die tot 3.50 M. diepte werden   1) Hierovt‘ 1 ' zal eeii kleine medetleeling Avordun opgenomen in het  Tjidschr. Bat. Uen.     58    voortgezet. Wat er te voorsehijn kwam. was e"
OV_1914,1914,depth_m,X.X M diep,3.50 M. diep,3.5,meter,Tjandi Djawi,True,False,,Tjandi Djawi; ontgravingen; opgraving; baksteenen; beeld van Krtauagara,,,23,"me-  dedeeliug van den regent, het thans te Soerabaja staand  Aksobhya-beeld van Krtauagara uit 1211 , genaamd de Djaka  Dolok, afkomstig is. Eindelijk was, eveneens door den  regent, op een plants genaamd TJniidi Tilcoes. op korten  afstand van Badjaugratoe, een boveu den grond uitstekend  toj>stuk aangetruhen, dat klaarblijkelijk nog aan het bpbe-  hoorend, geheel in den grond geraakte bouwwerk vastzat.  Ook hier haddeu onder leiding van den Heer Melville  verdere ontgravingen plants, die tot 3.50 M. diepte werden   1) Hierovt‘ 1 ' zal eeii kleine medetleeling Avordun opgenomen in het  Tjidschr. Bat. Uen.     58    voortgezet. Wat er te voorsehijn kwam. was een baksteenen  plateautje op fraai versierd roetstuk, met opzij zorgvuldig  bewerkte met in- en uitspriugende lijsteii geornamentee"
OV_1914,1914,burial,buried/sunk in ground,in den grond begraven,,,,False,False,desa  Siman,,,desa  Siman,24,"Java p. 241 en 303) van  Belahnn afkomstig, in 19it7 nog te Trawas aangetrott'eii  (Rapp. 1907 p. 104 — 100), docb is 1909 als verloren g^gaaii  opgegeven (Not. 1909 p. ISO), inderdaad nog te Trawas  bleek te staan en thans vaudaar is overgebracbt naar bet  Museum te Modjokerto no. 4no van den inventaris).   Yan den Heer Yan fitein Palleutels te Djaeian ositvino-  ik bericbt van de door liein gedane outdekking in desa  Siman (ondern. Bogor Fradab. Kediri) van twee bescbreven  steenen, zoo diep in den grond begraven, dat alleen bet dak-   2 ) Door de onbe^e'ieideiiheid van een onbekcink' i- deze zaak rijed-  wereldkundig gemaakt in de Xieuwe Kott. Cour. van 14 .Juni 1914.     59    vo 2 -mig bovenstuk nog te voorscliyn kwam. Door de goede  zorgen van genoemden beer werden ze uitgegraven, sc"
OV_1914,1914,volcanic_arch_lava,Volcanic+archaeological: lava,lavaan,,,inscriptie,True,True,,inscriptie; koperplaat,lavaan,,25,"Gen. 1911  p. dllsqcp) bierbeen overgebracbt.   Xaar aanleiding van den ,batoe pandapatan'’ te Taudjoeng  (Pad. Boveul.) werd door Dr. Pb. S. van Ronkel een iiota  aangeboden, bieracbter opgenomen als Bijlage N.   Yoor in Kediri ontdekte bescbreven steeuen wordt ver-  wezen naar § 7.   Van den Heer G. Dom te Tjebougau outving ik ter  inzage een zeer merkwaardige koperplaat, waarop in bet  midden is voorgesteld een vrouwefiguur, welke een kind  draagt; bet gebeel omgeven door 36 regels^Middeii-.lavaan.scb’  Kawi-scbrift. De inscriptie is vooral voor onze kennis der  Hindoe-,Javaansche godsdien.stige voorstellingen van belang.     61    daar zy klaarblijkelgk verscliillende formules bevat ter eere  van de ook door vele vSanskrit-epitheta gehuldigde Dewl.   § 9. Fotografieen.   In Bijlage L i"
OV_1914,1914,volcanic_arch_v_arjuno,Volcanic+archaeological: Arjuno,Ardjoeno,,,Tjandi Ardjoeno,True,True,,Tjandi Ardjoeno; Tjandi Semar; Tjandi Srikaiidi; Tjandi Djawi,Ardjoeno,,28,"aal-laboratorium.   1874    iilem   Milltair kleedingmagazijii.   1875    idem   Magazijn Arsenaal.   1876   -   Djombang, coll. Tji  Liang Sioe.   >teenen godinnebeeld.   1877. 1878   yt   idem   zelfde. zijkanten.   1879    idem   steenen spuierbeeld.   1880    idem   steeneii godebeeld.   1881    idem   steenen (yliwa-Guru.    Afgesloteu 30 Juni 1914.        Bijla&e M.    stand van het teekenwerk.   2’® kwartaal 1914.    Dieng=plateau.   Van de voorloopige teekeningen kwamen gereed;   Tjandi Ardjoeno. platte grond.   Tjandi Semar, vooraaiizicht.   . . zijaanzichr.   , . achteraanzicht.   , , platte groucl.   , , lengte-doorsnede.   . , dwars-doorsnede.   Onder handeu ziju;   Tjandi Srikaiidi. vooraanzicht.   , , zijaanziclit.   , , achteraanzicht.   „ , platte grond.   „ . lengte-doorsn"
OV_1914,1914,burial,buried/sunk in ground,onder den grond bedolven,,,,False,True,,,ijen,,32,"sing te toetsen en vooral is bet gewenscbt om te tracbten  bet biaat aantevullen dat bestaat tusseben de begraafplaats  van Samoedra en Koeta Kareiieng.   Een volgende tocbt was in boofdzaak gewijd aan een  begraafplaats door den Heer de Vink ontdekt aan den linker  oever der Pase rivier, dock in rechte lijn niet ver van de  bierboven bescbreven complexen verwijderd, die ecbter alle  recbts van die rivier gelegen zijn.   Toen de Heer de Vink dat complex vond, lagen nagenoeg  alle steenen gebeel onder den grond bedolven. De naam  door de bevolking tbans aan die plek gegeven, n. m. Toen-  koe di Bale is zeker gebeel willekeurig.   Het is een vrij groot terrein, met 2 rijen graven, tamelijk  regelmatig gelegen, waartnsscben ongeveer in bet midden,  een zeer booge boom staat die tbans, misscbi"
OV_1914,1914,burial,buried/sunk in ground,in den grond bedolven,,,,False,False,,,,,35,"ontgraven, teeke-  nen en abklatschen, gingen geregeld door.   Op 29 Juni bracht ik, wederom met Dr. Hoesein Djaja-  diningrat, een bezoek aan kampong Pande, waar drie     83    complexen werden aangetroffen ; de beide eerste bevatten  sultansgraven, bet derde nioet nog worden ontgraven.   Op abe groote grafsteenen in Koeta Eadja. Koeta Alam.  Oelee Loeeng en Pande is nog duidelijk te zien aan bet  zwarte lak, dat ze vroeger geheel vergiild zijn geweest: op  een steen in de vroegere dalem. die in den grond bedolven  is geweest, is bet verguldsel nog gedeeltelijk aanwezig.  Vele steenen van deze complexen zijn tijdeus den oorlog  geheel of gedeeltelijk beschadigd door granaten.   In dit kwartaal werd voor f 1476.11 verwerkt.    Oelee Lheue. Juli 1914.      B IJ L A G E Q.    Vijfde lijst va"
OV_1914,1914,excavated,excavated,opgegraven ,,,beeldhouwwerk,True,False,,beeldhouwwerk,,,44,", De trap is onder het jiuin bedolven. Twee  gebroken stukkeii beeldhouwwerk liggen op den grond.  Sporen van een ringnuuir zijn nog ziehtbaar.   83. Porlak Dolok.   Ongeveer paal van Paringgonan Djae bevindt zieh  een beschreven steen met ondihdelijk schrift, door de bevol-  king vereerd.   Lit.   Brief Resident Tapanoeli, zie no. 72. De lettersoort is  noch Batakseh, noeh Sanskrit (lees Xagari).   84. < Inderafdeeliug Padang Lawas.   Lit het landsehap zijn afkomstig een steenen naiidi en  een opgegraven bronzen Ganeea-beeld.ie, het laatste eenigeu  tijd in het bezit van den ( 'ontroleiir. beiden thans in het  Museum te Batavia.   Ook is daarin opgenomen een bronzen Lokanatha met  een inseriptie gedateerd in 94(3 e;ika, verkregen van den  radja van Goenoeng Tuea.   Lit.     113    Notuleu"
OV_1914,1914,volcanic_arch_crater,Volcanic+archaeological: crater,krater,,,baksteenen,True,True,afdeeling Redjang,baksteenen; steenen beeld,krater,afdeeling Redjang; afdeeling Mokko,46,"gevonden,  wellicht Hindoe-mnntjes. L^it deze buurt afkomstig is ook  een steenen bal, vermoedelijk om gouderts tijii te wryven.  thans in bet Museum te Batavia.   Lit.   Notulen 1903 Bijiage XII no. o89a.   Notulen 1904 p. 40.   Xotulen 1911 p. 91 sq.   Invent. Mus. Bat. no. 4546.   90. Meet Feis.   Aan den oever van dit ineer een rerks graven van l)uiten-  gewoon groote afmetingen.   Lit.   Notulen 1901 p. 8.   Onderafdeeling Redjang.   91. (loenoeug Kaba.   Aan den rand van den Noordelijken krater een groot  zittend steenen beeld, gesebonden.   Lit.   Tijdsehr. Bat. Ren. XIY (1865) p. 188.   Onderafdeeling Mokko^mokko.   92. Koeala Meutjoeto.   Zes onde graven met roode baksteenen en steenen ziiiltjes,  aan den top versierd met ingebeitelde tiguren.   Lit.   Notulen 1887 p. 121.     bD "
OV_1914,1914,depth_m,op een diepte van X,op een diepte van 2 M,2.0,meter,baksteenen,True,True,afdeeling Redjang,baksteenen; steenen beeld; Steenen beeld,krater,afdeeling Redjang; afdeeling Mokko; Afdeeling Manna; Afdeeling Kroe,46,"p. 8.   Onderafdeeling Redjang.   91. (loenoeug Kaba.   Aan den rand van den Noordelijken krater een groot  zittend steenen beeld, gesebonden.   Lit.   Tijdsehr. Bat. Ren. XIY (1865) p. 188.   Onderafdeeling Mokko^mokko.   92. Koeala Meutjoeto.   Zes onde graven met roode baksteenen en steenen ziiiltjes,  aan den top versierd met ingebeitelde tiguren.   Lit.   Notulen 1887 p. 121.     bD be    110    03. Seblat.   Steeneii wigvormige beitel en puntbijl (batoe kilat of gigi  oentoer), de eerste op een diepte van 2 M. in den grond  evonden, beiden tbans in bet llusenm te Leiden.   Lit.   Jnyuboll, Catalogus Leiden (1909) p, 50 no. 891/3 en S91 '2.   Afdeeling Manna.   94. Padang Goetji.   Steenen beeld. opgezonden naar Let Maseuin te Batavia.   Lit.   Notuleu ISTo p. 42.   Afdeeling Kroe.   "
OV_1914,1914,burial,buried/sunk in ground,in den grond gevonden,,,baksteenen,True,False,Residentie Benkoelen,baksteenen; beeld  opgenomen; steenen beeld,,Residentie Benkoelen; Residentie Lampongsche; afdeeling Telokbetong; afdeeling Kalianda; Afdeeling Sepoetih,46,"sl. v. d. Topograph. Dieiist, 1912. p. 104 en plaat  XXII.   Oudheidk. Yersl. 1913. 4, p. 93.   Oudheidk. Versl. 1914, 1, p. 4.   99. Residentie Benkoelen.   Steenen bijl, opgenomen in bet Museum te Batavia.   Lit.   Xotulen 1870 p. 41 en 61.   Van Limburg Brouwer. Steenen beitels in 't Museum  van 't Bataviaascli Genootscbap, Tijdsc-br. Bat. Gen. XVIII  (1868) p. 87.   Residentie Lampongsche Districten.   Afdeeling; Telokbetong.   Onderafdeeling Telokbetong.   100. Soemoerbatoe.   Steenen bpi, in den grond gevonden, opgenomen in bet  Museum te Batavia.   Lit.   Xotulen 1890 p. 28.   Onderafdeeling Kalianda.   101. Ketapang.   Overblijfselen van steenen gebouwen nabij de aiikerplaats :  eenige baksteenen en tragmenten van een steenen beeld  opgenomen in bet Museum te Batavia.   Lit.   Xotu"
OV_1914,1914,burial,buried/sunk in ground,in den grond gevonden,,,baksteenen,True,False,Residentie Lanipongsebe,baksteenen; beeld  opgenomen; steenen beeld,,Residentie Lanipongsebe; afdeeling Telokbetong; afdeeling Kalianda; Afdeeling Sepoetih,46,"tong.   Onderafdeeling Telokbetong.   100. Soemoerbatoe.   Steenen bpi, in den grond gevonden, opgenomen in bet  Museum te Batavia.   Lit.   Xotulen 1890 p. 28.   Onderafdeeling Kalianda.   101. Ketapang.   Overblijfselen van steenen gebouwen nabij de aiikerplaats :  eenige baksteenen en tragmenten van een steenen beeld  opgenomen in bet Museum te Batavia.   Lit.   Xotulen 1867 p. 52.   V. g. 1. no. 103.     118    Afdeeling Sepoetih - T oelangbawang.   102. Tjahia Isegri.   Twee steenen bglen, in den grond gevonden.   Lit.   Erb, Ein Fund Ton Steinwaffen in Stid-Sumatra, Intern.  Archiv f. Ethnogr. XVI (1904) p. 173 — 175.    103. Residentie Lanipongsebe Districten.   In bet Museum te Batavia bevindt zicb een burkend stee-  nen Polynesiscb beeld, welliebt bet no. 101 bedoelde.   Bij de be"
OV_1914,1914,burial,buried/sunk in ground,in den grond gevonden,,,beeld van Awalokitec,True,False,afdeeling Moesi,beeld van Awalokitec; steenen beeld,,afdeeling Moesi; afdeeling Moesi; Afdeeling Ogan; afdeeling Moearodoeo,50,"Tijdschr. Bat. Gen. XIX (1870) p. 36.   128. Voormalige atdeeling Labat.   Steenen bijl. opgenomen in bet Museum te Batavia.   Lit.   Notulen 1874 p. 34.   Onderafdeeling Moesi Oeloe.   129. Tanab Priok.   In een beekje werd een roode martavaan gevonden met  beenderen en vier steenen bijlen, alles tbaus in bet Museum  te Batavia.   Lit.   Notulen 1911 p. 84.   Notulen 1912 p. b en 43 en Bijlage V no. 2024b en  5214 — 5217.   Invent. Mus. Bat. no. 5212.   130. Mambang.   Een paar steenen bijlen, in den grond gevonden, een  tbaus in bet Museum te Batavia.   Lit   Notulen 1911 p. 84.   Notulen 1912 p. 5 en Bijlage V no. 5213.   131. Onderafdeeling Moesi Oeloe.   Een van bier afkomstig steenen beeld van Awalokitec-  wara is opgenomen in bet Museum te Batavia.   Lit.   Notulen 1865 p. 11.   Tom"
OV_1914,1914,burial,buried/sunk in ground,in den grond gevonden,,,inscriptie,True,False,Afdeeling Lingga,inscriptie; Lingga,,Afdeeling Lingga; Afdeeling Indragiri; Afdeeling Karimoen,55,"grond  gevoudeu. Een aarden schotel is opgenonien in bet Museum  te Batavia.   Lit.   Brief Besident van Bionw. van -5 Januari 1865 no. 27,  ill bet arcbief van bet Bat. Gen. De ringen en .sieraden  worden genoemd van Hindoescben, bet porcelein van Cbi-  neeschen oorsprong. Een en ander zat een paar voet diep.   Xotulen 1876 p. 4.   firoeneveldt. ('atalogu.s Batavia (1887) no. 1908.   Afdeeling Lingga.   170. Afdeeling.   Zware gouden oorlianger met ring ter lievestigiiig, oj)  een der eilanden in den grond gevonden. en opgenomeu  in liet Museum te Batavia.   Lit.   Tijdscdir. Bat. <leu. X (1861) p. 29*9 eu -149.   Groeneveldt. ('atalogu.s Batavia (1887) no. 1407.   Afdeeling Indragiri   171. Poepoetan Kliiig.   • -)li den tup van dezeii berg, op de grenzeii van Djambi,  zouden zieli Hindo"
OV_1914,1914,depth_vadem,X vadem diep,4 vadem diep,6.8,vadem,ruine,True,False,,ruine; lingga,,,56,"van bier zijn  opgenomen in bet Museum te Batavia.   Vroeger stond te Sauggan een steeneu ,,me=djid“. Aan  de overzijde van de Kapoeas werden in den groud kommen  of potten gevonden, in de rivier zelf een gouden lingga.  waarvau tbans in bet Museum te Batavia een repro-  ductie is.   Lit.   Nota van Gontroleur Bakker (1877), tbans in bet arcbief  van bet Bat. Gen. De steenen van aebter de controleurs-  vvoning zijn tot 4n a 50 e. M. groot en worden tbans op  graven gebruikt. De potten lagen op 4 vadem diepte.   Notnlen 1877 p. 44 sij.   ^otulen 1870 p. 22 — 24 en 144.   Xotnlen 1880 j). 97 en 112.   Bakker, Het rijk Sanggau, 'rijdscbr. Bat. Gen. XXIX  (1884) p. 368 en 600.   Xotnlen 1887 p. 17 m|. en Bijlage VI no. 782a.   Xotnlen lOlo p. lO) s(]., 134 en Bijlage III no. lo3i  en 461i.   B"
OV_1914,1914,excavated,excavated,opgegraven ,,,tempel,True,False,,tempel; inscripties; beeldje beviudt; steenen met,,,61,"garong.   202. Seboeloe.   Eeu dteenen naudi en monsterkop, op een heuvel gevoudeu.  tbans in bet Museum te Batavia. In de nabijheid eeu  aautal roud bebouweu steeneu eu twee platte zerkeu. Twee  andere heuvels bevatteu wellicht ook oudheden.   Lit.   Xotuleu 1900 p. 141 en Bijlage XVII uo. 326g en 402b.   Xotulen 1901 p. 4.   Invent. Mus. Bat. no. 4296 eu 4297.   203. Moeara Kaman.   Yroeger werden bier steenen met en zonder inscripties  aanofetroffeu *). tbans is er nog een zuil. Eeu in 1840  opgegraven goudeu beeldje beviudt zicb ouder de rijkssieraden  van Koetei. Voorts zou bier een oud vaartuig geweest zijn.   Lit.   Xotulen 1879 p. 98 en 142.   Xotulen 1880 p. 138.   Xotulen 1895 p. 87 scp   Rouffaer. Zijn er nog Hiudoe-oudbedeu in Midden-Borneo  aan de Boven-Sekadau ?, Tijdscbr. Ba"
OV_1914,1914,burial,buried/sunk in ground,in den grond gevonden,,,,False,False,afdeeling Amoerang,,,afdeeling Amoerang; afdeeling Talaud,62,"n  nit den Oost-Indiscben Archipel, Bijdr. Kon. Inst. 5 : II  (1887) p. 594.   Onderafdeeling Amoerang.   213. Ranowanko.   Zwarte booge steen. door de bevolkiug vereerd.   Lit.   Briel Resident Menado, zie no. 210. Hoog 5 v. 1 d..  breed 2 v.. dik 1 v. 1 d.   214. Pontak.   Aan den oever der Ranojapo drie donker grijze steenen  potten.   Lit.   Brief Resident Menado, zie no. 21o. Vorm van bloem-  potten. Middellijn van boven 2 v. 3 d., beneden 1 v.  1 d.     155    215. 8onder.   Steenen bijl, in den grond gevonden, opgenomen in het  Museum te Batavia.   Lit.   Xotulen 1912 p. 5 en Bijlage V no. 5218.   216. Kauouaug.   Groote steeu. genaamd , Watu rerumeraii” met iugekraste  tiguren (menscheu enz.). Op i.L paal afstands o}) de helling  vau den Touderoekan een man eii vronw in de rots uit"
OV_1914,1914,burial,buried/sunk in ground,in den grond gevonden,,,,False,False,afdeeling Talaud,,,afdeeling Talaud; afdeeling Gorontalo; Afdeeling Midden; afdeeling P,62,"en Bijlage V no. 5218.   216. Kauouaug.   Groote steeu. genaamd , Watu rerumeraii” met iugekraste  tiguren (menscheu enz.). Op i.L paal afstands o}) de helling  vau den Touderoekan een man eii vronw in de rots uitge-  houwen.   Lit.   Riedel. De Watu rerumeran ue empung. Tijdschr. Bat.  Gen. XL (1898) p. 188 — 190 met plaat.   Foto Bat. Gen. 11 no. 3u en 31.   Onderafdeeling Talaud-eilanden.   217. Dainahoe.   In deze negorij op Kabroewang werden tempajans met  beenderen en gonden versier.selen in den grond gevonden;  twee ervan opgenomen in het Museum te Batavia.   Lit.   Notnlen 1886 p. 40 en 124 scp   Groeneveldt, Gatalogus Batavia (1887) no. 1857a en  187Sa.   Invent. Mus. Bat. no. 316-5 en 3168.   Afdeeting Gorontalo.   Onderafdeeling Gorontalo.   218. Pilolodaii.   Olid Cliineeseh se"
OV_1914,1914,excavated,excavated,opgegraven ,,,,False,False,Afdeeling Makasser,,,Afdeeling Makasser; afdeeling Makasser; Afdeeling Bonthain; afdeeling Boeloekoemba,63,"in het landsehap Besoa, Tijdschr. Bat. Gen. L (1908)  p. 549 sq.   Kruyt. De berglaudschappen Xapoe en Besoa. Tijdschr.  Aardr. Gen. 2, XXV (19o8j p. 1339 sq. en platen XLII en  XLIIIa.   223. Ponga.   Aarden wal en drie groote steenen potten.   Lit.   Kruyt, Xadere gegevens betreti'ende de oudheden auuge-  troffen in het landsehap Besoa, Tijdschr. Bat. Gen. L (1908)  p. 549.   Kruyt, De berglaudschappen Xapoe en Besoa. Tijdschr.  Aardr. Gen. 2, XXV (1908) p. 1341.   224. Panioua.   Lijkurneu. opgegraven aan den linkeroever van de Poso-  rivier uabij de uitmouding in het meer.   Lit.   Xotulen 1912 p. 51. 57. sq.. 70 en IV.   Gouvernement Celebes en Onderhoorigheden.   Afdeeling Makasser.   Onderafdeeling Makasser.   225. ilakaS'cr.   Berichten over steenen en nietaleii bijtel.'.   Lit.   "
OV_1914,1914,burial,buried/sunk in ground,in den grond gevonden,,,,False,False,Afdeeling Bonthain,,,Afdeeling Bonthain; afdeeling Boeloekoemba; afdeeling Saleier,63,"over steenen en nietaleii bijtel.'.   Lit.   Knmpbiiis, D'Anibuiu'che liariteitkaruer (1705) p. 209.  214 en 210.     158    Afdeeling Bonthain.   Onderafdeeling Boeloekoemba.   226. Leaiig Tatara.   L it deze grotten zijii afkomstig zeveu aarden potten, tien  dito sclioteld, steeukogeltjes. kralen, een brouzeu belletje,  ring, lemmet, en honten bord. opgenomen in bet Museum te  Batavia.   Lit.   Xotulen 1882 p. 109 sq.   Onderafdeeling Saleier.   227. Bontobangoeng.   o o   Bronzeu keteltrom. in den grond gevonden, overgebracht  naar de regentswouing te Bontobangoeng. waar ook een  metalen kom wordt bewaard.   Lit,   Xotulen 1864 p. 10.   Xotulen 1882 p. 114.   Xotulen 1883 p. 36 sq. en 114 sq.   Mejer. Altertliiinier aus dem Ostindischen Archipel (Publ.  Ethn. Mus. Dresden lY, 1884) p. 1"
OV_1914,1914,burial,buried/sunk in ground,in den grond gevonden,,,,False,False,,,,,64,"potten, waariu beenderen eu siera-  deii, 0 . a. kralen, gnuden lovertjes. zegelring (imitatie), arui-  bauden. oorliauger, werdeu aaugetroft’en ; een en under thans  in het Museum te Batavia.   Lit.   Notuleu 1912 p. 1()7 sq.   Xotuleu 1913 p. 16 sq., 41 en 72.   Foto Bat. Gen. I no. 129 — 13o.   230. Xipotokka.   Drie brouzen voetringen, een dito kom. twee geudi's, drie  aardeu potten, een deksel, kom eu vier sc-hotels, benevens  twee gescliondeu spiegels en ringen van brons, hoorn en  been, in den grond gevonden en opgenomen in het Museum  te Batavia.   Lit.   Xotulen 1882 p. 110 sq.   Engelhard, Mededeelingen over het eiland Saleyer, Bijdr.  Kon. Inst. 4, VIII (1884) p. 390 eu 392.   Groeneveldt. Gatalogns Batavia (1887). no. 1266b. 1276.  1293, 1887, 1888. 19o3. 1912. 1943a. 1950, 197"
OV_1914,1914,burial,buried/sunk in ground,in den grond gevonden,,,,False,False,Afdeeling Boni,,,Afdeeling Boni; afdeeling Boni,64,"u vier sc-hotels, benevens  twee gescliondeu spiegels en ringen van brons, hoorn en  been, in den grond gevonden en opgenomen in het Museum  te Batavia.   Lit.   Xotulen 1882 p. 110 sq.   Engelhard, Mededeelingen over het eiland Saleyer, Bijdr.  Kon. Inst. 4, VIII (1884) p. 390 eu 392.   Groeneveldt. Gatalogns Batavia (1887). no. 1266b. 1276.  1293, 1887, 1888. 19o3. 1912. 1943a. 1950, 1975, 1989,  1990, 1992 en 2007.   Invent. Mas. Bat. no. 3077 en 2864.   231. Saleier.   Twee aarden schotels, in den grond gevonden, opgeno-  men in het Museum te Leiden.   Lit.     160    Meyer, Alterth timer aus dem Ostindischen Archipel (1884),  plaat XI Y, 2.   Jnynboll, Catalogus Leideu (1909) p. 219 no. 1403/1 en 2.   Afdeeling Boni,   Onderafdeeling Boni.   232. Wattampone.   Oiide urn op de missigit"
OV_1914,1914,excavated,excavated,opgegraven ,,,monumenten,True,False,,monumenten; fundamenteu; opgravingsterrein,,,78,". verzakking""  van Boro-Budur en bet opgravingsterrein bij Magelang:  ze zijn eeliter nog niet tot atieveriug gereed. De lijst der  foto's van Atjeli, in dit kwartaal geiioiiien. zal bij het volgend  verslag worden opgeiiomen.   S lU. Teekeningen.   In verband met de blijkens 2 [dauts hebbeude ordeuing  eti registratie der teekeningen van het < )ndheidkundig Bureau,  bepaalde het teekenwerk zieh verder tot de opnanien van  versehilleiide boavvwerken bij Blitar door den Heer Perqiiiii  en van de opgegraven fundamenteu bij Magelang door den  Heer Melville.   § 11. Musea en Veizamelingen.   Hieromtrent kwamen geen bijzonderheden ter luijuer  kennis.    193    § 12. Lijst van monumenten.   Met de Lijst van (iost-Java wordt een aaiivaiig gemaakt,  voorzoover Letreft de af'deelinsr Blitar.   O  "
OV_1914,1914,exposed,exposed/uncovered,blootgelegd,,,ontgraving,True,False,,ontgraving,,,79,"in Callenfels verzameld: verder begaf  ik mij naar het perceel Phmmpikan, waar ik echter, daar  er op het oogenblik geen gelegenheid tot logeeren was,  aan mijn voornemen om de mines geheel bloot te leggen  en op te meten, geen gevolg koii geven. De koperplaten,     195    iudertijd iiier aamvezig iu liet bezit vau deii Heer Van der  Plas, zijn door dieu heer medegenoiueii naar Nederland.   De tpnipelrmiip.s van (Rapp. p. 132) en Pelnpitn   (Rapp. p. 146) werdeii iu liet begin vau bet kwartaal  blootgelegd en opgenieten en de teekeningeii te Batavia  overg'elegd.   111 de de.sa Siieijtht'f lijnti (Rapp. p. 137) werden. na een  nanvi'keiirig oiiderzoek. .--poren aaugetrotfeii vau een teinpel-  voet en nil iia ontgraving is dan ook werkelijk reeds een  gedeelte van dien voet blootgekoiiien. "
OV_1914,1914,exposed,exposed/uncovered,blootgelegd,,,tempel,True,False,,tempel; tempelvoet; tempelvoet,,,85,"miiur gebouwd ten einde  een voldoeud breed terreiu vodr den tempel tie verkrijgen;  vier of vijf treden liggen nog op de oude plants. De Zuid-  West-boek is geheel afgevallen. Het merkwaardige Tan  dezen tempelvoet is, dat de zoogenaamde ,vabL-be profieleu”  uaast de trap dezelfde doorsnede bebben als het normaal  profiel van den voet.   Op het perceel Gnnihar-v:elan (distr. Blitar. zie Rapp. 1908  biz. 131) werd na tamelijk lang zoeken op een der inooist  gelegen heuveltoppeii een tempelvoet blootgelegd ; het is  echter niet bet door Dr. Verbeek besc-breven soubasement  van 8.40 il. in het vierkaut, waarvau nog geeu sporeu  werden gevouden.   De traj) ligt aan de Westzijde; de vier nitwendige hoeken  worden gevormd door atlanten. nit meerdere steenlagen  sainengesteld en diis geen nionol"
OV_1914,1914,volcanic_arch_lava,Volcanic+archaeological: lava,lava,,,opgravingen,True,True,,opgravingen; opgravingen,lava,,87,"steenblok van Biting met .jaartal 1138 in sengkala.   In de at'deeling fUihir werden de volgende nog onbekende  gedateerde iujcripties aangetroffen :   op twee raksasa's op bet regentserf te Blitar : 13 in  sengkala; te zaiiieii bebbeii ze du' 1313 aaugegeveu.  op een raksasa van tlainbar-wetan bet jaartal 136(1.  op een .steeneu zerk te Djiembe (Lodojo) 1095.  op een .steen te .'^awaiin ;Blitar) 1034 in sengkala.  op een steen te Plo.S'O (Lodojo) 127(( in sengkala.   9. Fotografieen.   De op .lava vervaardigde foto’s gemuumerd 1882 — 1966  ziju opgegeven in Bijlage V. Door den Heer Melville  werden oj'genonien de . verzakking” van Boro-Budur (zie  ]i. 188 van dit verslag). de opgravingen nabij Magelang,   ver.sebillende midlieden in bet Museum te Mod.jokerto. en de  opgravingen van Panggi"
OV_1914,1914,excavated,excavated,opgegraven ,,,fundamenten,True,False,,fundamenten; yoni; yoni,,,89,"te  Weltevreden verwaebt.   Ook bet onderzoek in Atjeh zal door den Heer de Vink  op de gewone wyze worden voortgezet.   De Chef van den Oudheidkuudigeu Dienst,  Dr. X. J. Kroji.    Batavia. Januari 1915.     B IJ L A G E V.    Lijst der fotografische opnamen   over het 4“® kwartaal 1914.    Xummer.   j   Formaat.   Plaats.   Korte ouischrijving.   1882-1885   18 X 24   Boro-Biiiliir.   bet zoogenaamde verzakken-      de gedeelte der eerste  gaaiiderij.   1886, 1887   .   Tjandiredjo bg Mage-   opgegraven tiindarneuten.     lang.    1888-1890   .   Setan bij Maoelang.   opgegraven fundamenten.   1891    Panggih (afd. ilodjo-   yoni en onbescbreven .steen.     kerto).    1892. 1893    idem.   yoni met jaartal 1294.   1894   •t   Kesemen. tbans Mus.   steen met jaartal 1377.     Mofljok. 421"
OV_1914,1914,excavated,excavated,opgegraven ,,,fundamenten,True,False,,fundamenten; yoni; yoni,,,89,"ink  op de gewone wyze worden voortgezet.   De Chef van den Oudheidkuudigeu Dienst,  Dr. X. J. Kroji.    Batavia. Januari 1915.     B IJ L A G E V.    Lijst der fotografische opnamen   over het 4“® kwartaal 1914.    Xummer.   j   Formaat.   Plaats.   Korte ouischrijving.   1882-1885   18 X 24   Boro-Biiiliir.   bet zoogenaamde verzakken-      de gedeelte der eerste  gaaiiderij.   1886, 1887   .   Tjandiredjo bg Mage-   opgegraven tiindarneuten.     lang.    1888-1890   .   Setan bij Maoelang.   opgegraven fundamenten.   1891    Panggih (afd. ilodjo-   yoni en onbescbreven .steen.     kerto).    1892. 1893    idem.   yoni met jaartal 1294.   1894   •t   Kesemen. tbans Mus.   steen met jaartal 1377.     Mofljok. 421.    1895    Geutiug. tbaus Mu?.   steenblok met jaartal 1422.     Modjok. 46"
OV_1914,1914,volcanic_arch_v_kelud,Volcanic+archaeological: Kelud,Kloet,,,Tjandi Tikoe,True,True,,Tjandi Tikoe; beeld   1944; Durga,Kloet,,90,"i.   geornamenteerde steenen ei  antefixen.   1942   13 X IS   Blitar. stadstuin.   getigureerd erl op de achter  kant van een Ganeea.   1943    idem.   voorzijde van betzelfde beeld   1944    Blitar, regents-ert, No.  8 eu 56.   steenen Durga-beelden.       218    Xummer*   1   Formaat.   Plaats.   Korte omschriiTiiig.   1945   13 X 18   Blitar. regeuts-erf, Xo.  39, 40 en 49.   vroiiwespuier, Diirga en hoek-  antefix.   1946, 1947   ,   idem, Xo. lOO.   .'teenen leeiiw op drager.   1948   •   Kloet (Karaugredjo)^   than? Blitar, reg. Xo.   ( 4.   aehterzijde van een Surya-  beeld.   1949   24 X 30   Tjaudi liauibar We-  tan.   Xoord-West-hoek.   1950    idem.   /aid- We.st-hoek.   1951    idem.   Zuid-Do.<t-lioek.   1''52— 1955   13 18   idem.   rak.;.asa’.?.   1956   IS X 24   Tjandi Ti"
OV_1916,1916,volcanic_arch_v_welirang,Volcanic+archaeological: Welirang,Welirang,,,tempels,True,True,residentie Madioen,tempels; monumenten,Welirang,residentie Madioen,2,"Onder het personeel hadden geen veranderingen plants.   § 2. Bureau.   De lijst der oudheden met litterafcuuropgave van de resi-  dentie Kedoe kwani gereed. Thans is een aanvang gerpaakt  met die van de residentie Madioen.   Voor de aanwinsten aan negatieven, teekeningen en ab-  klatsehen zie men de Bijlagen A, B. H en I.   § 3. Reizen*   Ondergeteekende ondernam een dienstreis naar Soerabaja,  Modjokerto en Prambanan: de Heer Leydie Melville naar  verschillende plaatsen op den Penanggoengan en Welirang  en vervolgens eveneens naar Prambanan. Door den Heer  Perquin werden de tempels Kali-tjilik. Sawentar en Soem-  berdjati herhaaldelyk bezoeht in verband met het opnemings-  werk aldaar. terwijl genoemde ambtenaar bovendien de  gerestaureerde bouwwerken in Olid-Bantam controleerde.  Die laa"
OV_1916,1916,volcanic_arch_v_welirang,Volcanic+archaeological: Welirang,Welirang,,,Tjandi Selo,True,True,,Tjandi Selo; tempels; opgravingen,Welirang,,2,"de maatregelen ten behoeve van  de nieuw opgenomen tempels wordt verwezen naar Bijlage 0.   Yermelding verdient nog. dat de op biz. 200 van bet vorig  verslag als verdwenen gerapporteerde Ganeea van Srigading  teruggevonden is.     o    § 5. Inventarisatie.   Deze had gedurende het afgeloopen kwartaal met plaats.   § 6. Nieuwe opnamen, opgravingen, enz.   Door den Heer Leydie Melville werd een voorloopig  onderzoek ingesteld naar versehillende overblijfselen op de  hellingen van Penauggoengan, Welirang en Andjosmoro ;  waar noodig werden tevens globale opmetingen gedaan en  foto’s vervaardigd.   Bij het onderzoek van den Phianggoengan werden allereerst  op ongeveer 4 paal van Trawas op een plateau een tweetal  nissen van bekapte andesietsteenen opgenomen. Vervolgens  werd Tjandi Selo-kelir"
OV_1916,1916,volcanic_arch_v_welirang,Volcanic+archaeological: Welirang,Welirang,,,Tjandi Padoesan sporen,True,True,desa Mendek,Tjandi Padoesan sporen; Ciwa,Welirang,desa Mendek; desa Sendi een,2,"fragmented Tegen den top  <t. Bekel vond de Heer Melville zeven overblijfselen, in  klimmende reeks op afstanden van 25 a 30 M. aehter elkander  liggende, en no 2 viif kleinere restes. Xog werd een bezoek  bezoek gebraeht aan Koetogiraug (desa Mendek). waar dui-  zenden z. g. Madjapuhit-steenen en een stuk van een bakstee-  nen muur werden aangetr often : over de mogelijke beteekenis  liiervan vindt men enkele opmerkingen van den regent van  Mod joker to in Bij 1 age D,   Tegen de hellingen vau Welirang en Andjobmoro, in het  onderdistriet Patjet, werd blijkens rapport van den Heer  Melville het volgende gevonden. Aan den rand van het bosch  Padoesan versehillende door de bevolking herstapelde fragmen-  ten : bij Tjandi Padoesan sporen van een muur: in het  bosch Soember-ngadiman een gescl"
OV_1916,1916,volcanic_arch_v_ringgit,Volcanic+archaeological: Ringgit,ringgit,,,Tjandi Selok,True,True,,Tjandi Selok; Tjandi B; Tjandi C; Tjandi D; inscriptie,ringgit,,3,"oonte volgt lner een korte opgave van de nieuwe  aanwinsten op epigraph isch gebied van het Museum te  Modjokerto.   503. steenblok van SoemberdjedSr Kradjan met jaartal 1200.     4    512.   513.   514.   515.   516.   517.   518.   524.   525.   526.   527.   528.   529.   530.   531.   532.   533.    534.    535.   536,    537.   538.   539.   540.   541.  543.    besehreven steen van Poegeran.  besehreven zuiltje van Poeg&ran.  steenblok van Krapiak met jaartal ] 336.  steenblok \an K^mbang-ringgit met jaaital 1213.  steenblok van Trolojo met jaartal 1218.  bescbreven steen van Patjet-wetan.  besehreven steen van Boedoekgede (Padoesan).  steenblok van Tjandi Selok&lir (A.) met jaartal 1356.   „ , , - - - 13.   „ . 64.   „ „ „ , . jaartal 1356.   steenblok van G. Bskel (Tjandi B.) met 9"
OV_1916,1916,exposed,exposed/uncovered,blootgelegd,,,Tjandi Kanygan,True,False,,Tjandi Kanygan; Tjandi Rambianak; Tjandi Xgradjeg; Tjandi Ngradjeg; Tjandi Sewoe,,,6,"ifanten.   2086   n   id.   fragment, olifant van boven.   2087. 2088    idem, than^ Mus. Bat.   fragment, kop godebeeld.   2089   18 X 24   Tjandi Kanygan.   situatie.   2090   Tf   id.   voetstuk hoofdbeeld.   2091   13 X 18   idem, thans Boro-Boe-   fragmenten, deurwae liters.     doer.    2092   If   id.   Ganeea.   2093. 2094   „   Tjandi Rambianak.   fragmenten . migaspuier. Dur-     than? ged. Roro-Bue-   ga, Ganeea, antelix, voet-     doer.   stukken.   2095   18X24   Tjandi Xgradjeg.   blootgelegde hoek.        11    Xummer.   Forma at.   Plants.   Korte omschrijving.   2096   18 X 24   Tjandi Ngradjeg, tlians  Mend oet ter rein.   fragmenten.   2097   If   Tjandi Sewoe.   , hoofdtempel. gedeeltelijk   biootgelegd.   2098   24 >< 30   id.   , . gelieel bloot-   gelegd.   2099   18"
OV_1916,1916,burial,buried/sunk in ground,onder den grond gevonden,,,tempel,True,False,,tempel,,,14,"rs nog niet afge v al-  ien ; ook daar is nog te zien, dat bo veil de pilasters wederom  twee geornamenteerde banden, gescheiden door een dieplig-  gend profiel, waren aangebracht.     25    Yerder ligt daarboven nog een pilasterbasement, kleiner  van maat dan dat van de onderste pilasters ; het vermoeden,  dat de pilasterserie herliaald is, is dus niet ongegrond,  maar er zijn nog tegenstrijdigheden. die opgelost moeten  worden, alvorens dat met zekerheid gezegd kan worden : in  verband met de onder den grond gevonden steenen, zal  het waarschijnlijk mogelijk zijn, het grootste gedeelte van  den top op de teekening te completeeren.   Met de ornamenteering van den tempel was nog sleehts  een begin gemaakt; met uitzondering van den ondersten  band met antefixen, was het gedeelte boven de kr"
OV_1916,1916,volcanic_arch_v_tengger,Volcanic+archaeological: Tengger,Tengger,,,koperplaat,True,True,,koperplaat,Tengger,,18,"n staat van zaken sehikken  kon, trok weg. Enkele niet bekeerden zal men er ook nog   1) Hetgeeu zrj zeker wel gedaan zouden Uebben, indien zij zelve  tot het Majapahitsche huis belioord hadden.     32    wel langen tijd aangetroffen hebben : wanneer dus b.v. op  de koperplaat van 1463 2 ) staat, dat zij te Majapakit  beschreven is. dan is er niets tegen orn die mededeeling voor  juist te houden. Missehien beboorde de scbrijver ervan  met de zijnen tot de groep uitgewekenen, die zieh tegen  den Tengger gevestigd hebben — daar althans is de koper-  plaat gevondeu — en in dat geval zou die verhnizing dus na  1463 hebben plaats gekad. Het verlies van alle politieke betee-  kenis, gepaard gaande met het wegtrekken van een deel der  bevolking, zullen in betrekkelijk korten tijd gestadig aan tot"
OV_1916,1916,subsidence,sunk/subsided,verzakt ,,,ontgraving,True,False,,ontgraving,,,33,"assing van ornament,  omdat het in dit geval niet uitsluitend dient om het uitzicht  bekoorlijker te maken, maar vooral ook om het dragend  karakter der pilasters, hetwelk door een zelfde profileering  niet krachtig genoeg zou zijn, te versterken.     66    De afmetingen van de binnenrnimte zijn 3.15 X 3.15  M. ; deze maten konden nog in hei bestaande baksteenmet-  selwerk, waarmede de kern van den onderbouw is opgetrokken,  worden vastgesteld. In het midden van de binnenrnimte  lag, eenigszins verzakt en bescbadigd, een vierkante steen  metend 82 X 82 e. M., in het midden voorzien van een  uitstekende pen van 17 X 17 e. &L, omgeven door basrelief  bebakt ornament, voorstellend een sehildpad, waarop twee  ineengestrengelde slangen. Deze steen is wederom waterpas  gesteld, zoodat de vloerho"
OV_1916,1916,volcanic_arch_v_welirang,Volcanic+archaeological: Welirang,Welirang,,,Tjandi Tikoes verder,True,True,,Tjandi Tikoes verder; Tjandi Selo,Welirang,,37,"gawangi en zoo mogelijk ook  aan Soerawana. Onder leiding van den Heer Melville zal  zoowel op bet Dieng-plateau als bij Tjandi Tikoes verder  onderzoek plaats bebben, terwijl de Heer De Vink op de  gewone wijze in Atjeli werkzaani blijft.   De Cbef van den Ondbeidkundigen Dienst,  Dr. N. J. Kro3i.    Batavia, Juli 1915.     B IJ L A G E K.    Lijst der fotografische opnamen   over het 2 de kwartaal 19J5.    Nummer.   Formaat.   Plaats.   Korte omschrijving.   2182   18 X 24   Poetoeh Poejang  (Welirang).   gezicht op de overblijfselen.   2182 bis   „   id.    2183    id.   zelfde van meer nabij.   2184   „   id.   zelfde, met publiek.   2185   -   Poetoeh Gfriang  (Welirang).   gezicht op de overblijfselen.   2186   „   Penanggoengan.   twee nissen.   2186 bis    id.   zelfde.   2187    T"
OV_1916,1916,volcanic_arch_v_welirang,Volcanic+archaeological: Welirang,Welirang,,,Tjandi Selo,True,True,,Tjandi Selo; tempelgebouw; koperplaat,Welirang,,37,"de Heer De Vink op de  gewone wijze in Atjeli werkzaani blijft.   De Cbef van den Ondbeidkundigen Dienst,  Dr. N. J. Kro3i.    Batavia, Juli 1915.     B IJ L A G E K.    Lijst der fotografische opnamen   over het 2 de kwartaal 19J5.    Nummer.   Formaat.   Plaats.   Korte omschrijving.   2182   18 X 24   Poetoeh Poejang  (Welirang).   gezicht op de overblijfselen.   2182 bis   „   id.    2183    id.   zelfde van meer nabij.   2184   „   id.   zelfde, met publiek.   2185   -   Poetoeh Gfriang  (Welirang).   gezicht op de overblijfselen.   2186   „   Penanggoengan.   twee nissen.   2186 bis    id.   zelfde.   2187    Tjandi Selo-kSlir.   gezicht op het terrein.   2188    id.   voorste bouwwerk.   2189   *   id.   terras van het grootste bouw-  werk.   2190    id.   Xoord-Oostelijke ternpel. "
OV_1916,1916,volcanic_arch_v_ringgit,Volcanic+archaeological: Ringgit,ringgit,,,Tjandi E,True,True,,Tjandi E; inscriptie; steenen met; steenen met; steenen met,ringgit,,38,"404 en 583—535,   drie steenen met gelijklii-  dende inscriptie en v* u  met jaartal 1385.   2215   1*   G. Penanggoengau  (Tjandi E), thans Mus.  Modjok. no. 536.   gebloemde steenen, o. a. li'-t  1 en 3.   2216    Trolojo, Krapiak en  Kembangsore, thans  Mus. Modjok. no. 516,  514 en 538.   steenen met jaartallen 12lS.  ] 336 en 1341.   2217   1   So e mbe r d j e dj e r-kr ad j an  en G. Semodo, thans  Mus. Modjok. no. 503  en 537.   steenen met jaartallen 1- ^  en ]265.   2218   -   Kembangringgit, thans  Mus. Modjok. no. 5 1 5.   steen met jaartal 1213.   2219    Djatiwetan en Ngoro,  thans Mus. Modjok.  no. 539 en 543.   steenen met jaartallen 1 ; >2-  en 1335.   2220   -   Soembersari, thans Mus.  Modjok. no. 541.   bescbreven steen.   2221 —  2223   7!   Djeboek (Toeloeng-  agoeng)"
OV_1916,1916,volcanic_arch_v_ijen,Volcanic+archaeological: Ijen,ijen,,,tempels,True,True,,tempels; monumenten,ijen,,46,"hen.   § 3. Reizen.   Door Dr. Krom werd in Augustus een cout role-re is naar  Prambanau, Boro-Budur en Modjokerto ondernomen. De  beer Leydie Melville verbleef bet grootste deel van bet  kwartaal te Modjokerto en Soerabaja van waaruit bij dienst-  reizen ondernam naar Keinbaug-sore en Serang. De beer  Percpxin bezocht op een doorreis van Cheribon naar Soerabaja  de tempels van Gedong-sanga.   § 4. Bescherming van monumenten.   Te Boro-Budur werden nuatregelen genonxen om de  vloeren der gaanderijen. wavr op verscluddene plaatsen de     98    specie in de yoegen tussehen de steenen verdwenen was,  weder waterdicbt te maken. Yerder gaf Dr. Krom op zijn  laatste dienstreis last om te Prambanan de losse reliefs,  thans staaude op de plaats der voormalige opzithterswoning,  elders op te stelle"
OV_1916,1916,volcanic_arch_tephra,Volcanic+archaeological: tephra/ash/tuff,asch,,,tjandi Soember,True,True,,tjandi Soember; monumenten; Monuments,asch,,49,"11. Musea en Verzamelingen.   Het Museum te Modjokerto blijffc zick in een druk bezoek  verbeugen. Op enkele feestdagen in de masuid Augustus  steeg ket aantal bekmgstellenden tot 1200 per morgen.  Gemiddeld wordt de verzameling dagelijks door een 250  personen bezockt.     102    De beide beelden van Redjo-Agoeng (distr. Pare, res.  Kediri, zie Oudh. Versl. 1914 p. 190) alsmede een steen  met jaartal 1086, beboorend tot de verzameling van den  heer van Stein Callenfels, werden door bet Bataviaasch  Genootschap aangekocht.   § 12. Lijst van monumenten.   No. 4 van Oost-Java (tjandi Soember-djati) kwam gereed.   § 13. Publicaties.   Het Oudheidkundig Versing over het tweede kwartaal  1915 verscheen in druk.   § 14. Geschenken.   A an boelnverken werden ten geschenke ontvangen : van  de Arch"
OV_1916,1916,volcanic_arch_tephra,Volcanic+archaeological: tephra/ash/tuff,asch,,,tjandi Panataran verwijderd,True,True,,tjandi Panataran verwijderd; Monuments,asch,,49,"tweede kwartaal  1915 verscheen in druk.   § 14. Geschenken.   A an boelnverken werden ten geschenke ontvangen : van  de Archeological Survey of India : Three Turki Manuscripts.  Van dezelfde: Annual Progress Report, Hindu and Buddki-  Monuments Northern Circle en Annual Report 1911/12  part I. Van den Super intendant Arch. Survey. Burma:  Report for the year ending 31 March 1915 en van den  Superintendant Arch. Survey Froutier Circle: Annual Report  1914 — 1915. Van de directie van het Bataviaasch Genoot-  schap Notulen 1915, afl. 2.   § 15. Programma voor het volgend kwartaal.   De heer Melville zal het hevstellingswerk aan de  gopoero Badjang-ratoe ter hand nemen en zijne werk-  zaamheden o|) den Dieng vervolgen. Onder persoonlijk  toezicht van den heer Perquin zullen de bijgelapte re- "
OV_1916,1916,volcanic_arch_v_ijen,Volcanic+archaeological: Ijen,ijen,,,tempel,True,True,,tempel; monument; ontgraving; ontgraving,ijen,,54,"cktigen waringin  en omgeven van sierlijke bamhoestoelen.   Omtrent de hoogte van het vroegere terrein bestond geen  twijfel, toen bij een voorloopige ontgraving de eerste trede  van den trapopgang werd teruggevonden ; hieruit bleek  dat de voet van den tempel gemiddeld een meter onder bet     Ill    omliggend terrein lag; ter breedte van ongeveer tien meter  werd dit afgegraven, terwijl, de bij de ontgraving blootge-  komen geprofileerde en georuamenteerde steenen op den  opgehoogden grond in rijen werden neergelegd.   Aan dit monument is in den loop der jaren minder  pgewerkt’’ dan te Tegawangi; bet „werk” had zicb aileen  bepaald tot een opstapeling van allerlei bouwsteenen op  de Westelijke uitbouwiug; nadat deze steenen waren weg-  genomen, is zoowel de profiteering als de trap, waarv"
OV_1916,1916,volcanic_arch_v_tengger,Volcanic+archaeological: Tengger,Tengger,,,Tjandi Mendoet  id,True,True,,Tjandi Mendoet  id; tempelsteenen; tempel,Tengger,,57,"Soember-djati.   1. Platte grond (1 : 20).   2. Normaalprofiel met doorsneden van tempelsteenen   (1 : 10 ).   3. Fragmenten (1 : 10).   4. Geprofileerde en geornamenteerde steenen (1 : 10 \   5. Geprofileerde en geornamenteerde steenen (1 : 10).   6. Aanzichten N. O. en W. met doorsneden (1:20).      Nummer 1 t/m 897, zie Notulen 1912 Bijl. IX.    898   899   900   901   902   903  901   905   906   907   908   909   910  910a   911   912   913   914    Tjandi Mendoet  id.  id.  id.  id.   Tengger (Probolinggo).  id.   Menado (Celebes).   Goegoeh, onderafd. L.   Kota, Pad. Bovenl.  id.  id.  id.   Pase ( Atjeh en Onderh.)  id.   Pringapoes, di.Parakan;  afd. Temanggoeng.    Soembing (Teniang-  goeng), res. Kedoe.  Rini, di. Wlingi. afd  Blitar, res. Kediri.    tempel, voorzijde.  id. , va"
OV_1916,1916,volcanic_arch_crater,Volcanic+archaeological: crater,krater,,,Tjandi Perot,True,True,,Tjandi Perot; tempel; tempel van voren; inscriptie,krater,,57,"ni, di. Wlingi. afd  Blitar, res. Kediri.    tempel, voorzijde.  id. , van ter zijde.  id. , achterzijde.  steenen Bodhisatwa-beeld.  steenen Buddha- en Bodhisatwa.  zodiakbeker.   id. van den anderen kant.  batoe pina.   beschreven steen (zie Not 1900  p. 128 j; 1901 p. 75 g.).  zelfde, van een andere zijde gezien.  id. id.   id. id.   steen met Hindoe-ornament  id. id.   tempel van voren gezien.   zelfde, van op zijde gezien.  Tjandi Perot, door een boom om-  strengeld.   moddervlakte van den krater, (Sd-  garawedi. van het Western  steen-inscriptie ruet het jaartal  1086 (Rapp. 1908 p. 162).    915        119    Yolg-   No.   Plaats.   Korte omschrijving.   Oude   No.   916   Schiereiland Samoesier,  (Tobameer) Batak-  landen.   Bataksch huis op het hoogste  punt van bet schiereiland.  "
OV_1916,1916,volcanic_arch_v_ijen,Volcanic+archaeological: Ijen,Idjen,,,Tjandi Han oil,True,True,,Tjandi Han oil; tempel; tempel; tempel; tempel,Idjen,,59,"1, 272   Singapore.   tempel-gebouwen.   273   Bali.   wajang-spel (een gevecht).   274   Soerakarta; coll. Raksadinin-   verzameling bronzen beeldjes.    grat ‘ thans Mus. aldaar).   portret, tijdens opname der coll.   275   Soerakarta.     Raksacliningrat d/d heer Knebel.   276   Proewoto; afd. Japara.   monument (?).   277   ( ’elebes ; thans Mus. Bat.   grafurn (kleine chin, martevaan .    Ethnogr. Yer/. 17120.         Yolg   No.   Plaats.   Ivorte omscbrijving.   278   Hyang-j lateau (Gng. Idjen,  res. Besoeki).   tempel-fragmenten .   279, 280   Kapalo Boekit Gombak, en  Soerota-a (Jkul. BovenL).   steen-inscriptie (Batoe-beragoeugY   281   Malang (nit de buurt).   1 bronzen groepen-beeld van Tri-  moerti.   282   Boroboedoer.   tempel-aanzicht.   283   Pan atara n: afd. Blitar.   bu"
OV_1916,1916,exposed,exposed/uncovered,blootgelegd,,,Tjandi  Sewn voortgezet,True,False,,Tjandi  Sewn voortgezet; tempels; tempeltjes; tempelvoet; tempeltjes,,,67,"in d it kwartaal geheel gereed ;  die der districten Wlengi, Pare. Papar. Toeloeng-agoeng  en Kediri gedeeltelijk.   § 6. Nieuwe opnamen, opgravingen enz.   Girder leiding van den beer Rothe werd in het afgeloo-  peii kwartaal de ontgraving van de bij-tempels van Tjandi  Sewn voortgezet. Links en reclits nm den Zuidelijken in-  cramr, dus in het verlenyde van den weir, die van Prambanan  leidt. werden vijf tempeltjes van dc buitenste (4de) rij en  even zooveel van de 3de rij tot den tempelvoet blootgelegd.  Bovendien werden aan de West-zijde vijf tempeltjes der Dte  rij en zes der 2de rij ontgraven. Ook het terrein tusseben  de Zuidelijke ralwwi's en de buitenste tenipelrij werd weg-  geruimd, waarbij bleek. dat bedoelde waehters op een voet-  stuk rusten van 2.2b M. in bet vierkant bij 1 "
OV_1916,1916,volcanic_arch_v_welirang,Volcanic+archaeological: Welirang,Welirang,,,tempeltjes,True,True,,tempeltjes; tempelvoet; tempelplein; ontgraving; lingga,Welirang,,67,"gelieel werden tot hedeu  47 tempeltjes tot den tempelvoet en 35 tot bet niveau van  bet tempelplein ontgraven.   Yoor de ontgraving van bet P ana tar an - terrein en de  belangrijke resnltaten die daarbij reeds verkregen werden  raadplege men bet verslag van den beer Perquin, opgeno-  men als Bijlage Z.   Van uit Patjei werden van den lGden tot den 23sten  November door den beer Leydie Melville tochten ondernomen  ten einde een nader onderzoek in te stellen naar de oud-  beden om den Goenoeng Welirang gelegen. x ) In bet  boscb Sjkoening, op ongeveer een uur gaans van Patjet.  werd aan den kant van de waterleiding een lingga van  gewoon model aangetroffen. In de onmiddellijke nabijheid  bevindt zieb een overblijfsel van een Hindoe-bouwwerk  van bakateen (3.65X1*^ M.), waarbij een beeldbou"
OV_1916,1916,excavated,excavated,uitgegraven ,,,tempeltop,True,False,,tempeltop; tempel; beeld en; Mahakala,,,71,"t bovenstuk van een Mahakala en bet eenige  maanden geleden daarop gebraclite Crl-beeld, dut buiten de     150    ompargering was opgedolven: op bet derde terras staat bet  bovenstnk van een vierarmig mannenbeeld en oen tiental  stukken van de balustrade.   Op bet terrein liggen verscbillende geprofileerde en  geornamenteerde steenen opgestapeld : verder liggen er eenige  beeldfragmenten en staat er o a. ook een steen. die opval-  lemle gelykenis heeft met een tempeltop; als later alle  steenen uitgegraven en gesorteerd zyn. zal moeten blijken,  of bet liebaam en de voet. die zouden moeten behooren by  dien top. gevonden worden; op zieb zelf is bet geen klein  tern pel tje. daar in bet rechtstand de traditioneele ingang  met monsterkop daarboven gemist wordt.    Na een vooiloopig onderzoek"
OV_1916,1916,volcanic_arch_v_welirang,Volcanic+archaeological: Welirang,Welirang,,,Tjandi Soerawana,True,True,,Tjandi Soerawana; lingga,Welirang,,78,"den kleinen tern pel.    Tjandi Soerawana.   1 . horizontale doorsnede.   la.   2. vertikale   (1:20).   (1:10).   3. aanzieht West- en Oostzijde.   (1:20).   4. aanzieht Zuidzijde.    4a. aanzieht Zuid- en Oostzijde.    Gopoero^Badjang-Ratoe.   a. voor- en binnenaanzicht na het aan-  brengen van ijzeren raamkolommen.   op millimeterpapier.   (1:20).   b. details, op millimeterpapier.   (1:4).   Goenoeng Wtlirang (i/h onderdistr. Patjet).   overzichts-kaart van het oudheidk.  onderzoek op Gng. Welirang. op cal-   queerlinnen.   (1 : 20000).     164    Poetoek Poejang.   doorsnede, hoofdhap op millimeterpa-   pier. schaal (1:20).   Goenoeng Biroe.   a. platte grond, voor- en zijaanzicht op   millimeterpapier. (1 : 50).   b. zijaanzicht gebakken aarden urn op   millimeterpapier. (1:2).   Goe"
OV_1917,1917,volcanic_arch_tephra,Volcanic+archaeological: tephra/ash/tuff,ASCH,,,tempels,True,True,,tempels,ASCH,,1,"GOVERNMENT OF INDIA               OUDHEIDKUNDIGE DIENST  IN NEDERLANDSCH-INDIE   ’ - > f   lv‘ ’ •'* • - -   &   V, / . ' -/ ' . „   OUDHEIDKUNDIG     UITGEGEVEN DOOR HET   BATAVIAASCH GENOOTSCHAP VAN  KUNSTEN EN WETENSCHAPPEN     WELTEVREDEN   ALBRECHT & Co.    S GRAVENHAGE  M. NIJHOFF.       INHOUD    Biz.   Oudheidkundig Verslag over het eerste kwartaal 1917 1   Bijlage A. Lijst der fotografische opnamen 17   Bijlage B. Vervolglijst der foto s waarvan geen negatieven aan-   vvezig zijn (Serie A) 20   Bijlage C. Stand van het teekenwerk 22   Bijlage D. Verslag uitgebracht naar aanleidmg van de bezoeken   aan tempels m Midden-java^doof p. }. Perquin 23   Bijlage E. Elfde en"
OV_1917,1917,subsidence,sunk/subsided,verzakt ,,,beeld wederom,True,False,,beeld wederom,,,4,"n dubbele bossing en eene tot nog toe niet  aangetroffen versiering, bestaande uit een schijf met  nagenoeg halfronden buitenomtrek (ellipsoide), die ten halve  buiten het paneel vlak uitsteekt. De kroonlijst, waarvan  slechts vier lagen konden opgemeten worden, komt tot  dusver overeen met de profileering van het basement.  Aangenomen dat beide geheel gelijk waren, dan komt de  voile hoogte overeen met den onderkant van de neuten  die op het bovenvlak staan.   Het beeldvoetstuk, dat eenigszins verzakt was, werd  waterpas gesteld en het beeld wederom daarop geplaatst.   De ringmuren werden van boven schoongemaakt, het-  geen tot een eigenaardige ontdekking leidde; toen nml.  de losse steenen, de grond en de wortels verwijderd waren,  gaf de bovenste laag aan de Noord- en de Westzijde, onge"
OV_1917,1917,volcanic_arch_v_wilis,Volcanic+archaeological: Wilis,Wilis,,,Tjandi Ngetos ligt,True,True,,Tjandi Ngetos ligt; tempel; monumenten; beeldje draagt,Wilis,,5,"e  het Alphabetisch Register der eigennamen in den Nagara-  krtiigama door Dr. Krom samengesteld), dan zou het belang  van de blootlegging der monumenten te Bajalangoe aan-  merkelijk grooter worden, maar in elk geval hebben  we gegevens van waarde verkregen op het gebied der  stijlgeschiedenis.   Voor de beelden of restanten er van op het terrein  aanwezig kan ik verwijzen naar Rapp. 1908 biz. 186; het  beeldje draagt het jaartal 1325.   Tjandi Ngetos ligt 5 paal ten Noorden van Berbek, op  de Wilis, met een prachtig vergezicht over de vlakten van  Ngandjoek in het Noorden en van Kediri in het Zuid-  Oosten met den Kloet aan den horizon. Zooals op de foto’s  Nos. 1 863 — 1866 te zien is, bevond de tempel zich niet  alleen in een zeer verwaarloosden toestand, maar was  gevaar voor instorti"
OV_1917,1917,volcanic_arch_v_kelud,Volcanic+archaeological: Kelud,Kloet,,,Tjandi Ngetos ligt,True,True,,Tjandi Ngetos ligt; tempel; monumenten; beeldje draagt,Kloet,,5,"e blootlegging der monumenten te Bajalangoe aan-  merkelijk grooter worden, maar in elk geval hebben  we gegevens van waarde verkregen op het gebied der  stijlgeschiedenis.   Voor de beelden of restanten er van op het terrein  aanwezig kan ik verwijzen naar Rapp. 1908 biz. 186; het  beeldje draagt het jaartal 1325.   Tjandi Ngetos ligt 5 paal ten Noorden van Berbek, op  de Wilis, met een prachtig vergezicht over de vlakten van  Ngandjoek in het Noorden en van Kediri in het Zuid-  Oosten met den Kloet aan den horizon. Zooals op de foto’s  Nos. 1 863 — 1866 te zien is, bevond de tempel zich niet  alleen in een zeer verwaarloosden toestand, maar was  gevaar voor instorting niet denkbeeldig. Immers, waar  in het algemeen voor afsluiting van doorgangen en nissen     8    natuursteenen dorpels g"
OV_1917,1917,discovered,brought to light,aan het licht gekomen,,,tempelmuren,True,False,,tempelmuren; baksteenen,,,6,"Nos. 157, 158, 166  en 167) zoodat t een wonder moet heeten, dat de  muren, die boven den doorgang en de nissen bijna  alien steun misten, niet naar beneden gestort zijn. Het  behoud van den kalakop aan de Zuidzijde is te dan-  ken aan een latei, die, ofschoon inwendig verteerd,  nog sterk genoeg bleek te zijn om de zwaarte te torsen.  Dat alleen de geornamenteerde gedeelten van de andere  kalakoppen naar beneden zijn gestort, behoeft geen ver-  wondering te wekken : Bij dezen bouw namelijk is  aan het licht gekomen, dat de Hindoes de tempelmuren  van baksteen zoo samenstelden, dat de reusachtige  arbeid van vlak- en passlijpen der baksteenen zooveel  mogelijk beperkt werd; ze bewerkten alleen de in het  gezicht komende muurvlakken tot een bepaalde dikte zoo  zorgvuldig ; wat daar achter l"
OV_1917,1917,exposed,exposed/uncovered,blootgelegd,,,tempeltje,True,False,,tempeltje; tempel,,,8,"en steen; alleen de dorpel aan den ingang is  van natuursteen; daarin bevinden zich de gaten van de  deurspeunen.   De herstellingsmetselwerken werden voor het grootste  gedeelte met oude steenen uitgevoerd, omdat die, wat  hardheid betreft, verre boven de nieuw gebakken steenen  te verkiezen zijn.   Te Panataran zijn door den heer v. Coolwijk o. a.  de volgende werkzaamheden uitgevoerd: de grondvgrhoo-  ging aan de Westzijde is afgegraven; de groote westelijke  ingangspoort is aan de Zuidzijde blootgelegd ; op het geheele  westelijke terrein is voor afwatering gezorgd; de omloopende  wegen langs het groote terras in den N. W. hoek zijn  ongeveer twee M. verbreed en de ringmuren, voor zoover     13    noodig, rechtgezet ; de slokan voor de sawah-bevloeiing  is omgelegd ; het kleine bakstee"
OV_1917,1917,exposed,exposed/uncovered,blootgelegd,,,tempeltje,True,False,,tempeltje; tempel; tempelterrein; tempel; ontgraving,,,9,"hoo-  ging aan de Westzijde is afgegraven; de groote westelijke  ingangspoort is aan de Zuidzijde blootgelegd ; op het geheele  westelijke terrein is voor afwatering gezorgd; de omloopende  wegen langs het groote terras in den N. W. hoek zijn  ongeveer twee M. verbreed en de ringmuren, voor zoover     13    noodig, rechtgezet ; de slokan voor de sawah-bevloeiing  is omgelegd ; het kleine baksteentempeltje ten Zuiden van  den hoofdtempel is ontgraven en de worteleinden van den  grooten boom zijn blootgelegd en afgehakt ; met het schoon-  maken der muren werd een begin gemaakt, terwijl men  aan de Oostzijde met de ontgraving begon om het verband  te zoeken tusschen badplaats en tempelterrein.   Eene uitgebreide beschrijving zal gegeven worden, zoo-  dra de werkzaamheden zijn afgeloopen.   Om"
OV_1917,1917,burial,buried/sunk in ground,"in 
den grond gevonden",,,tempelterrein,True,False,,tempelterrein; tempel; tempel; tempel; ontgraving,,,9,"en tempelterrein.   Eene uitgebreide beschrijving zal gegeven worden, zoo-  dra de werkzaamheden zijn afgeloopen.   Omtrent de ontgraving van het tempel-complex te  Gedong Sanga rapporteert de heer Callenfels : In het  afgeloopen kwartaal kwam het werk zoo goed als gereed.  De ontgraving van groep I, die inderdaad slechts uit een  enkelen tempel bleek te bestaan, kwam klaar. Verscheidene  versierde lijsten, de kalakop van den ingang en de kala-  koppen op de trapvleugels thuisbehoorende werden in  den grond gevonden, evenzoo een klein ongeschonden  Kuberabeeldje, dat naar het Museum te Weltevreden werd  opgezonden. Daar in de laatste dagen van de maand de  Bouwkundige en de Adjunct-bouwkundige op dezerzijdsch  verzoek om deskundige voorlichting bij den schoonmaak van  het dak van tempel I "
OV_1917,1917,volcanic_arch_tephra,Volcanic+archaeological: tephra/ash/tuff,asch,,,monumentje,True,True,desa Bandoeng,monumentje,asch,desa Bandoeng; district  Ploempang,9,"Van Cookvijk vond te Panataran twee  steenen behoorende bij het zgn. naga-monumentje, nml.  een kop en een steen met een gedeelte der voeten,  verder een voetstuk van een beschreven steen en bij  de groote poort aan de Westzijde een eigenaardig geor-  namenteerden steen. Te Ngetos werden aangetroffen  een brokstuk van een Gaye^a, een gedeelte van een tuit  van een beeldvoetstuk, een hand en een gedeelte van  een arm.   § 8. Epigraphie en Iconographie.   De epigraphische collectie van het Bataviaasch Genoot-  schap werd verrijkt met een tweetal koperen platen, die  zich vroeger in het bezit van Mr. Kruseman te Soera-  baja bevonden. Van den Assistent-Resident van Toeban  ontvingen wij een potloodafteekening van een nog onbeken-  den beschreven steen uit de desa Bandoeng (onderdistrict  Ploe"
OV_1917,1917,volcanic_arch_v_lamongan,Volcanic+archaeological: Lamongan,Lamongan,,,tempel,True,True,afdeeling  Soerakarta,tempel; tempel; tempel; tempel; tempel,Lamongan,afdeeling  Soerakarta,12,"ndi (Gedong Songo),  distr. Ambarawa, afd.  Salatiga.   hoofdtempel, na openkapping van  het terrein.   298   id.   trap naar den hoofdtempel met  terras-muur, na gedeeltelijken  schoonmaak.   299   id.   nis-antefix van de kroonlijst der  lste dak-etage van tempel No. 2.   300   id.   Nand'gwara en Guru-kop van  tempel No. 2.   301   id.   Nandgwara en bedolven tempel-  fragmenten.   302   doekoehan Danoem, id. id.   Kala-k^p, zonder onderkaak.   303   Sendang-doewoer, distr. Pa-  tjiran, afd. Lamongan.   Manara.   304   id.   id. hoofdingang i?)   305   id.   id. gevleugelde poort.   306   id.   id. gelijksoortige poort.   307   id.   id. wandpaneel met inscriptie  in Oud-Jav. schrift.   308   onbekend, thans op het Re-  gentserf te Ked'n, No. 48.   steenen beeld van Hari-hara(Rapp.  190"
OV_1917,1917,volcanic_arch_v_tengger,Volcanic+archaeological: Tengger,Tengger,,,Tjandi Perot,True,True,,Tjandi Perot; Tjandi Poentadewa; Tjandi Tikoes; tempel; beeld van,Tengger,,12,"s. Semarang?i;  thans Museum voor Land-  en Voikenkunde te Rotter-  dam, No. 23494a.   houten beeld van (^ivva-Guru met  twee velgelingen.     21    !   1   Nummer ;   Plaats   Korte omschrijving   312   onbekend (res. Semarang?);  thans Museum voor Land-  en Volkenkunae te Rotter-  dam, No. 23494b.   houten beeld van Qiwa-Kala,   313   Rivier Moesi, onderafdeeiing  Moesi Oeloe ( Palembang).   onafgewerkt steenen beeld van  Buddha (van voren gezien).   313a.   id.   id. (van ter zijde).   314   Tengger-gebergte, residen-  tie Pasoeroean.   steenen beeld der Trimoerti, (in  partic. bezit).   315   Tjandi Perot, distr. Parakan,  afd. Temanggoeng, Kedoe.   detail van den door boomwortels  omklemden tempel.     Bijlage C    Stand van het teekenwerk   Iste kwartaal 1917.    Dieng-plateau :   Tj"
OV_1917,1917,volcanic_arch_tephra,Volcanic+archaeological: tephra/ash/tuff,aschrift,,,monumentje,True,True,desa de noodige,monumentje,aschrift,desa de noodige,16,"naar mijn rapport van 1914 en naar de beschrijving van  den heer Van Erp, in het Rapp- van 1912, biz. 84; wat  den gevaarlijken toestand aan de Noordzijde betreft, wer-  den met den Ass. Wedono van Bandongan maatregelen  getroffen om het afstroomende water een andere richting  te geven ; te dien einde ontving de Kapala-desa de noodige  aanwijzingen met het verzoek vooraf een prijsopgave in  te dienen ; (ook hier werden een drietal foto’s gemaakt, die  door het ongunstige weer mislukt zijn).   Naschrift.   Volgens een schrijven van den Controleur van Mage-  lang werd voor het graafwerk aan Selagrija f 200  gevraagd, welk bedrag veel te hoog is; / 20 zal wel  voldoende zijn. Daarom berichtte ik den Controleur, dat  wij bij gelegenheid zelf dat werk zullen uitvoeren ; na  het schoren der tjan"
OV_1917,1917,exposed,exposed/uncovered,blootgelegd,,,tempel,True,False,,tempel; tempelterrein; monumentje; ontgraving; ontgraving,,,20,"oort aan de West-  zijde. De raktasa’s bij die poort werden ongeveer een  meter hooger op de oude plaatsen, die bij de ontgraving  voor den dag waren gekomen, neergezet. Verder werden  de overhellende steenen van het terras in den N.-W.  hoek rechtgezet en twee versierde neuten opgedolven en  op hunne vroegere plaatsen opgesteld. De dijk aan de  Noord-zijde van den hoofdtempel werd voorts gedeeltelijk  naar het Noorden verlegd, de terreinmuur aan de uiterste  Oost-zijde voor zoover nog aanwezig blootgelegd, een  natuursteenen monumentje aan de Zuid-zijde verder ont-  graven en een begin gemaakt met de ontgraving van den  Zuid-Oosthoek. De heer Perquin hield zich bezig met de  algemeene regeling der werkzaamheden en meer in het  bijzonder met de ontgraving in den Zuid-Oosthoek van  het temp"
OV_1917,1917,discovered,brought to light,te voorschijn gekomen,,,tempel,True,False,,tempel; tempels; tempels; tempels; monumentje,,,21,"tevens een begin gemaakt  werd met de sorteering der steenen rondom den hoofd-  tempel. Bij zijn bezoek aan het terrein wees de Chef op  de wenschelijkheid van een onderzoek naar den aanslui-  tingsmuur bij de groote poort aan de West- zijde en,  voor zoover mogelijk, van den wederopbouw van het  „naga-monumentje Met de laatstgenoemde werkzaamheid  is reeds een begin gemaakt.     De heer Callenfels rapporteert omtrent de werkzaam-  heden te Gedong Sanga: Met de sorteering der bij de  ontgraving te voorschijn gekomen steenen werd geregeld  voortgegaan ; dit werk is geheel klaargekomen bij de groe-  pen I, II, IV en VI en gedeeltelijk bij groep V. Alle  groepen werden geregeld schoongehouden. Hoe langer  hoe meer blijkt de belangrijkheid van het Gedong-Sanga- '  complex ook ten aanzien der a"
OV_1917,1917,volcanic_arch_v_ijen,Volcanic+archaeological: Ijen,ijen,,,tempels,True,True,,tempels; tempel; tempels; ontgraving,ijen,,23,"door een paar meter dieper te  graven, bracht niets aan het licht dan hoopen neerge-  storte steenblokken en aarde, vermengd met groote en  kleine kali-steenen. De trapvleugels, welke ook ingestort  waren, bleken niet versierd te zijn.   Behalve de voren beschreven fragmenten werden bij de  verdere ontgraving nog talrijke sierstukken gevonden,  waaronder fraaie bloemornamenten en ineengedrongen,  neergehurkte, en met de handen dragende gana-figuren.  Ornamenten, zooals die bij de tempels der 4 rijen voorkomen,  werden bijna niet gevonden, zoodat de ontgraven tempei  een geheel anderen opbouw gehad moet hebben. Alle  geprofileerde en geornamenteerde steenen werden afzon-  derlijk opgestapeld, terwijl de sierstukken van den tempel-  voe^, een fraaie guirlande vormende, bijna alle terugge-  v"
OV_1917,1917,excavated,excavated,opgegraven ,,,tempel,True,False,,tempel; tempel; tempel; monumentje; monumentje,,,24,"bijlage hierachter te vinden.   § 7. Vondsten.   Van de vondsten op het tjandi-Sewoe-terrein wordt  onder § 6 melding gemaakt.   Op het Panataran-terrein werden verscheidene belang-  rijke steenen, gedeeltelijk tot den hoofdtempel, gedeeltelijk  tot het nSga-monumentje behoorend ontdekt. Verder werd  het voetstuk van den beschreven steen van 1119 ten Zuiden  van den hoofdtempel gevonden ; tevens het voetstuk van  een reeds vroeger ten N-W. van den hoofdtempel en ten N.  van het niiga-monumentje opgegraven onafgewerkte beeld.  Het terrein-onderzoek in den Z-O. hoek bracht verder  een menigte van hoeksteenen aan het licht, die bij een  klein baksteen-monumentje bleken te behooren.   § 8. Epigraphie en Iconographie.   Bij ons bezoek aan Ngandjoek waren wij in de gele-  genheid een drietal bro"
OV_1917,1917,volcanic_arch_tephra,Volcanic+archaeological: tephra/ash/tuff,asch,,,tjandi Soem,True,True,,tjandi Soem; tempel; monumentje,asch,,24,"rzoek in den Z-O. hoek bracht verder  een menigte van hoeksteenen aan het licht, die bij een  klein baksteen-monumentje bleken te behooren.   § 8. Epigraphie en Iconographie.   Bij ons bezoek aan Ngandjoek waren wij in de gele-  genheid een drietal bronsjes te bezichtigen, die zich in  particulier bezit van den heer Van der Blij bevinden en tot  de groote bronsvondst van Ngandjoek bleken te behooren.  Daar de buitensporig hooge prijs, die gevraagd werd,  aankoop voor de collectie van het Bataviaasch Genootschap  onmogelijk maakte, konden jammer genoeg alleen foto’s  van de interessante exemplaren vervaardigd worden.   In verband met onze hypothese omtrent tjandi Soem-  berdjati = Simping maakte de heer Perquin ons opmerkzaam  op den buitengewoon zwaren muur (zie foto 2435) aan  de Noord-zi"
OV_1917,1917,volcanic_arch_tephra,Volcanic+archaeological: tephra/ash/tuff,asch,,,tjandi Toempang,True,True,desa Djedoeng,tjandi Toempang,asch,desa Djedoeng; desa Sentonoredjo; desa Daramoekci; desa Bandoeng van; afdeeling Toeban,24,"733. Een langwerpig vierkante steen met sengkala-  jaartal 1161. Afk. desa Djedoeng, distr. Modjosari, afd.  Modjokerto.   No. 739. Een vierkante steen met jaartal 1319. Afk,  desa Sentonoredjo, distr. en afd. Modjokerto.     47    Aan het rapport van den heer Callenfels wordt nog het  volgende ontleend :   De verklaring van de Bubuk:ah-basreliefs aan het pen-  dapaterras van Panataran kwam gereed evenals die van de  Parthavajiia-serie aan tjandi Toempang. Beide artikelen  werden aan het Bataviaasch Genootschap ter publiceering  aangeboden. Als bijlage kan men voorts hierachter aantref-  fen eene poging om een tweetal plaatsen, bekend uit den  Niigarakrt^gama, terecht te brengen.   Bij de re-inventarisatie der afdeeling Toeban werden in  de kotta van dien naam een tweetal losse jaartallen "
OV_1917,1917,volcanic_arch_tephra,Volcanic+archaeological: tephra/ash/tuff,asch,,,tempels,True,True,residentie Rembang,tempels; ontgravingen,asch,residentie Rembang,27,"allenfels zal een reis naar Batavia  ondernemen om enkele gegevens voor de nadere verkla-  ring der basreliefs te verzamelen ; voorts zal hi) het toezicht  blijven houden op de ontgravingen te Solo en Gedong  Sang a. de re-inventarisatie van de residentie Rembang  beeindigen, een aanvang maken met die van Madioen en  voortgaan met de bestudeering der basreliefs van Oost-  Javaansche tempels.   De fotografieen en bouwkundige teekeningen, die noo-  dig zijn voor het Gedenkboek, hetwelk het Bataviaasch  Genootschap van Kunsten en Wetenschappen zich voor-  stelt ter viering van het 300-jarig bestaan van de stad  Batavia in 1919 uit te geven (zie Notulen 1917 p. 37 sq.,  63 sq. en 74 sq.), zullen door den Oudheidkundigen Dienst  worden vervaardigd. De algemeene leiding der hiermede  samenhangen"
OV_1917,1917,volcanic_arch_v_tengger,Volcanic+archaeological: Tengger,Tengger,,,beeld van ter,True,True,district  Tengger,beeld van ter; beeld van ter; beeldje van Wairocana; beeld van ter; beeldje der,Tengger,district  Tengger; district  Karang,30,"odhisattwa.   323   id.   zelfde beeld van ter zijde.   324   als boven, thans Mus. Bat.  No. 644b.   onbekend bronzen beeldje.   325   id.   zelfde beeld van ter zijde.   326   Kademangan, distr. Prengoek,  afd. Goenoeng Kidoel, thans  Mus. Bat. No. 558b.   bronzen beeldje van Wairocana.   327   id.   zelfde beeld van ter zijde.   328   Bandoeng, distr. en afd. Ban-  doeng, res. Preanger  Regentsch.   steen met enkele letters of cijfers.       58    Nummer   Plaats   Korte omschrijving   329   Tengger-plateau, district  Tengger, afd. Pasoeroean  fthans i'h bezit v/d Opz.  b d Topogr. Dienst   H. H. A. Jopp te  Bandoeng).   bronzen beeldje der Trimurti'  (vergl. ook foto No. 281 en  314).   330   Merbaboe Co d zuidl. top)  distr. Tegalredja, afd. Ma~  gelang (Kedoe).   beschreven steen en "
OV_1917,1917,volcanic_arch_v_tengger,Volcanic+archaeological: Tengger,Tengger,,,beeld van ter,True,True,district  Tengger,beeld van ter; beeld van ter; beeldje van Wairocana; beeld van ter; beeldje der,Tengger,district  Tengger; district  Karang,30,"elfde beeld van ter zijde.   324   als boven, thans Mus. Bat.  No. 644b.   onbekend bronzen beeldje.   325   id.   zelfde beeld van ter zijde.   326   Kademangan, distr. Prengoek,  afd. Goenoeng Kidoel, thans  Mus. Bat. No. 558b.   bronzen beeldje van Wairocana.   327   id.   zelfde beeld van ter zijde.   328   Bandoeng, distr. en afd. Ban-  doeng, res. Preanger  Regentsch.   steen met enkele letters of cijfers.       58    Nummer   Plaats   Korte omschrijving   329   Tengger-plateau, district  Tengger, afd. Pasoeroean  fthans i'h bezit v/d Opz.  b d Topogr. Dienst   H. H. A. Jopp te  Bandoeng).   bronzen beeldje der Trimurti'  (vergl. ook foto No. 281 en  314).   330   Merbaboe Co d zuidl. top)  distr. Tegalredja, afd. Ma~  gelang (Kedoe).   beschreven steen en batoe loem-  pang luitgehol"
OV_1917,1917,volcanic_arch_tephra,Volcanic+archaeological: tephra/ash/tuff,asch,,,inscriptie,True,True,,inscriptie,asch,,32,"en koningsnaam althans gedeeltelijk te  kunnen ontcijferen. ZEZGel. las: ,,Qri maharaja rake  sirikan qri aryyaryyegwara madhusudanawatara wijaya dani-  wiryya parakramotunggadewa”. Hetzelfde Ganega-zegel  nu komt ook voor op den steen van Djemekan, welke  zich nu voor het Inlandsche schoolgebouw terzijde van  de kaboepaten te Kediri bevindt en waarvan de konings-  naam volgens opgave van Dr. N. J. Krom in zijne  Epigraphische Aanteekeningen No. VI, uitgegeven in het  Tijdschrift van het Bataviaasch Genootschap deel LVI biz.  246, luidt: „<Jri maharaja rake hino <jri aryyegwara ma-  dhusudanawatararijaya muk ( ) ryya parakramotung-   gadewa” en welke steen van 1093 blijkt te zijn. Zooals men  ziet, komt de koningsnaam van Meleri in veel opzichten wel  met dien van Djemekan overeen, doch wi"
OV_1917,1917,volcanic_arch_tephra,Volcanic+archaeological: tephra/ash/tuff,asch,,,inscriptie,True,True,,inscriptie; inscriptie,asch,,32,"genomen ; hoe het ook zij, het samengaan van  zegelmerk en hoofdnaam (aryyegwara) pleit er dunkt mij     63    voor, dat de inscriptie van Meleri berust op eene authen-  tieke oorkonde van een der Kedirische vorsten uit de laatste  jaren der lie (^aka-eeuw. Of de naam Waleri zelf op de  inscriptie voorkomt is mij nog onbekend, doch wel kan  die worden aangetroffen in de bekende Transscriptiebundels  van wijlen Dr.. Brandes, uitgegeven door Dr. Krom als  deel LX der Verhandelingen van het Bataviaasch Genoot-  schap en wel onder No. LXXV, transscriptie van den steen  van Pertapan uit 1120. In de aanteekening van Dr. Krom.  die aan de transscriptie voorafgaat, blijktweldatDr. Brandes  dubieerde tusschen 1 120 en 1320; doch daar hij bij Verbeek  (Verh. v. h. Bat. Gen. XLVI p. 276) slechtsll20 "
OV_1917,1917,volcanic_arch_tephra,Volcanic+archaeological: tephra/ash/tuff,asch,,,Tjandi Kali tjilik,True,True,residentie  Rembang,Tjandi Kali tjilik; Tjandi Sawentar  bleek; monumenten,asch,residentie  Rembang,37,"ter plaatse wijden  kon. Kleine reizen maakte hij naar Kali tjilik, Modangan  en Sawentar.   In het belang van den dienst bezocht de heer Callenfels  Weltevreden, Soerakarta, Gedong Sanga, Magelang,  Temanggoeng en Soekoeh. De rest van het kwartaal  besteedde hij aan de re-inventarisatie van de residentie  Rembang.   De heer Melville ontving opdracht zich naar Weltevreden  te begeven; zulks met het oog op de werkzaamheden voor  het Gedenkboek.   Als lid eener Commissie van advies van het Bataviaasch     72    Genootschap maakte ondergeteekende in September een  veertiendaagsche reis door Bali.   § 4. Bescherming van monumenten.   Bij een inspectie van Tjandi Kali tjilik constateerde de  Bouwkundige, dat het bouwwerk opnieuw met onkruid be-  groeid raakt en voorziening noodig zal zijn. Tjan"
OV_1917,1917,excavated,excavated,opgegraven ,,,tempelterrein,True,False,afdeeling bovenbedoeld,tempelterrein; tempeltje; tempel; tempeltje; monumentje,,afdeeling bovenbedoeld; afdeeling werden,38,"volgende werkzaamheden uitgevoerd: het voetstuk  in de tweede afdeeling bovenbedoeld werd verder ont-  graven en gesteld ; in dezelfde afdeeling werden de stee-  nen voetpaden opnieuw gelegd, de muur aan de Noord-  zijde ontgraven en bijgewerkt en het terras met jaartal in  gedeelten afgebroken en opnieuw gesteld. Daarna werden  de taluds van den dijk aan de Zuid- en Noordzijden  afgemaakt, het geheele terrein omgeven met een levende  pagger van torostekken, bouwdeelen en steenen verzameld  of opgegraven in de kali, op de begraafplaats en bij de  afgebroken brug bij het tempelterrein en daarheen vervoerd,  de gedeeltelijke herstelling van het kleine baksteenen  monumentje bij de badplaats in den ZO.hoek te^ hand  genomen en ten slotte een steiger gemaakt voor het  tempeltje met jaartal. In"
OV_1917,1917,exposed,exposed/uncovered,blootgelegd,,,tempelvestiging,True,False,,tempelvestiging; tempelterrein; tempelterrein; tempel; tempelterrein,,,41,"t op de tempelvestiging  van den weg af veel gewonnen heeft. Tevens werd in  het afgeloopen kwartaal eenige verbetering aangebracht  in den afvoer van het regenwater van het tempelterrein.  Bij de plaats gehad hebbende ontgravingen is gebleken,  dat het tempelterrein aan alle zijden lager ligt dan het  aangrenzende terrein, en dat het bovendien eene helling     78    heeft naar het ZW. Derhalve werd van den zuidwes-  telijken bijtempel der 2e rij in zuidelijke richting door  het aldaar nog niet blootgelegde terrein een afwaterings-  sloot gegraven. Een tweede sloot loopt langs de Zuid-  grens van het tempelterrein in de richting van den straat-  weg, zoodat dus in den volgenden Westmoesson een  onderloopen van het tempelterrein geheel uitgesloten is.   Ten slotte de mededeeling dat aan den"
OV_1917,1917,volcanic_arch_v_kelud,Volcanic+archaeological: Kelud,Kloet,,,tempel,True,True,,tempel; tempeltie; tempel,Kloet,,44,"na gedeelt. afbraak.   2914    id.   hoofdtempel Noordzijde 1*""  terras, trapvleugei na ged.  afbraak.   2915    id.   id Westzijde. id.   2916    id.   terras met )aartal. Noordzij-  de. na gedeelt. afbraak.   2917    id.   id. NO.hoek. id.   2918   , ,   id   id. Oostzijde. id.   2919    id.   id. Westzijde, trap nade  herstelling   2920    id.   klem tempeltie. opgebouwd  van steenen gevonden op  de begraafplaats en in de  kali en gebruikt voor brug-  gehoofden.   2921    id.   gencht op den Kloet van  den hoofdtempel af.   2922    id.   terras met laartal. reliefs   2923    id.   aan de Noordzijde.  id. id.   2924    id.   id. id.   2925    id.   id. id.   2926    id.   id. id.   2927    id.   id. id.   2928    id.   id, id.   2929    id   id ad Oostzijdc.   2930    id.   id. id.   293"
OV_1917,1917,excavated,excavated,opgegraven ,,,tempel,True,False,,tempel; tempelterrein; fundamenten; fundamenten,,,45,"a~beeld.   3003   rt   id.   fundamenten van den tempel.   3004 <   rt   id.   fundamenten van den ring-      muur om het tempelterrein.   2901   13 X 18   Kota Batavia,   handteekeningen op een     Spinhuisgracht.   vensterruit.          Bijlage M    Een koperen plaat van 848 Qaka   DOOR   Dr. F. D. K. BOSCH.   Door tusschenkomst van den heer Leydie Melville ont-  vingen wij een koperen plaat ter inzage, die volgens  mededeeling van den tegenwoordigen eigenaar „in de buurt  van de Boroboedoer” opgegraven zou zijn.   Den tekst laten we hier in transscriptie volgen : *)   1. ||0|| Swasti gakawarsiitita 848 — — masatithiastami   gilklapak:a; ha; wa; gu; wara irika diwasa ramanta  i pal^pangan makabehan i   2. nanugrahan wineh makmitana prasasti de rakryan  mapatih i hino pu dak;ottama bahuba"
OV_1917,1917,exposed,exposed/uncovered,te voorschijn gebracht,,,tempel,True,False,desa  Prajoengan,tempel; tempel; ontgraving; opgraving; steenen met,,desa  Prajoengan; afdeeling Bodjanegara,59,"gge-  vonden alsmede stukken van de „snorrebaard '-afdekking  van den grooten kop boven den ingang. Ook verschillende  steenen met ornament kwamen aan het licht, waarbij  vooral de aandacht trok een rozet-ornament, zooals dat  ook aan Ilia voorkomt.   In Nglarahan, waar, zooals reeds in een vorig rapport  vermeld werd, ook een tempel moet hebben gestaan, werden  verschillende proefsleuven gegraven, tot heden nog zonder  resultaat. Het werk zal echter worden voortgezet, daar uit  successievelijk te voorschijn gebrachte fragmenten het vroe-  gere bestaan van een tempel vrij zeker is geworden.   Een aanvang werd gemaakt met het nader onderzoek  van het heuvelterrein te Gedong Sanga zelf. Bij groep     116    II werd voorloopig nog niets aangetroffen, doch in het  terrein voor groep III werd e"
OV_1917,1917,excavated,excavated,uitgegraven ,,,tempeltjes,True,False,,tempeltjes; tempels; ontgraving; beeld i,,,60,"n naar de  beschrijvmg van Z.s. Brumund. Doch waar deze geleerde in het werk  ..Indiana” 2e deel biz. 12 zegt ..Verscheidene zijn duidelijk vrouwebeel-  den ’ is thans de zekerheid verkregen. dat de figuren links en rechts van  het mannenbeeld i Bodhisattwa?) voorkomende op de zijwanden van al  de tempeltjes, bij de Iste en 4de rij vrouwenbeelden en bij de 2e en 3e  nj mannenbeelden zijn.     117    Overigens werden tallooze sierstukken en brokstukken  van de tot de zijwanden behoorende figuren uitgegraven  die alle met de geornamenteerde en ruwe steenen een  plaats kregen voor de resp. tempels. Bij de opruiming  der over de trapingangen loopende oude waterleiding  werd evenmin iets belangrijks gevonden.   § 7. Vondsten.   Belangrijke epigraphische en iconographische vondsten  kwamen niet "
OV_1917,1917,volcanic_arch_tephra,Volcanic+archaeological: tephra/ash/tuff,asche,,,ontgraving,True,True,desa Bloeloek onder,ontgraving,asche,desa Bloeloek onder,60,"eiding  werd evenmin iets belangrijks gevonden.   § 7. Vondsten.   Belangrijke epigraphische en iconographische vondsten  kwamen niet te onzer kennis. Alleen kan hier vermeld  worden, dat door de ontgraving van verschillende geor-  namenteerde steenen en bouwdeelen te Panataran de  restauratie van verscheidene grootere en kleinere monu-  menten mogelijk zal zijn.   § 8. Epigraphie en Iconographie.   De heer Callenfels rapporteert : De koperen platen door  den heer Trail indertijd in het Djatiragasche (Toeban)  aangekocht, werden bezichtigd. Het bleken twee stukken  uit het midden en het einde eener oorkonde te zijn, zonder  vermelding van personen of data. Interessanter was het  zevental platen, dat ik ter inzage kreeg in de kaboepaten  te Modjokerto, afkomstig van de desa Bloeloek onder  "
OV_1918,1918,volcanic_arch_tephra,Volcanic+archaeological: tephra/ash/tuff,ASCH,,,beeldje te,True,True,,beeldje te; Bronzen beeld,ASCH,,1,"GOVERNMENT OF INDIA  ARCHEOLOGICAL SURVEY OF INDIA   ARCHEOLOGICAL   LIBRARY    ACCESSION N0. 57Q4I  CALL No. 9i^.9 4Q6^Q.V    D.G.A. 79        \     OUDHEIDKUNDIGE DIENST   IN nederlandsch-indiE   &     OUDHEIDKUNDIG  VERSLAG  1918 ,   &   uitgegeven door het  BATAVIAASCH GENOOTSCHAP VAN  KUNSTEN EN WETENSCHAPPEN      welte vreden  ALBRECHT & Co.    s gravenhage  M. NIJHOFF    . ;CA1.   . ..Lill.   370         I N H O U D    Biz.   Oudheidkundig Versiag over het eerste kwartaal 1918 1   Bijlage A. Lijst der fotografische opnamen in het eerste kwar-  taal 1918 16   Bijlage B- Teekeningen voor het Gedenkboek 1619 — 1919.... 19   Bijlage C. Nog eens: De Bijzettmg van Koning Kretanagara   te Sagaia, door Dr. F D.K. Bosch 21   Bijlage D. Bronzen beeldje te Solo (met"
OV_1918,1918,volcanic_arch_v_lamongan,Volcanic+archaeological: Lamongan,Lamongan,,,Tjandi Djawi een,True,True,,Tjandi Djawi een; tempel; heiligdommen,Lamongan,,1,"Bijlage M. Aanteekeningen omtrent Oud- Hollandsche sterkten   in de Residence Ternate en Onderhoorigheden 116   Oudheidkundig Versiag over het vierde kwartaal 1918 127   Bijlage N Lijst der fotografische opnamen in het vierde kwar-   taat 1918 148   Bijlage O. Tjandi Djawi een graftempel ? door Dr. F.D.K. Bosch. 156  Bijlage P. Majapahitsche heiligdommen in de Lampoeng. door   R. Ng. Poerbatjaraka 1 64   Bijlage Q. Oorkonden van Trawoelan, U ^ VI 168   Bijlage R. Koperen platen van Bloeloek (Lamongan) 175   Errata 178      Otidheidkimdig Verslag    OVER HEX   Berste Kwartaal 1918.    § 1, Personeel.   Bij Gouv. Bed. van 26 Januari 1918 werd dc heer  J. J. De Vink, tot dien datum belast met werkzaamhedra  in het belang vmi bet oudheidkundig onderzoek in bet  voormabg rijk van Pase, tijdeUjk"
OV_1918,1918,volcanic_arch_v_lamongan,Volcanic+archaeological: Lamongan,Lamongan,,,Tjandi Ke,True,True,,Tjandi Ke; Tjandi Kedaton te; tempels,Lamongan,,7,"st door den koning is opgericht als gift aan de woud-  kluizenarij, tengevolge van zijn bezoek. Na aldus de beide  punten, die tegen de gelijkstelling Sagara = Tjandi Ke-  daton schenen te pleiten, te hebben besproken, kan met  een enkel woord worden aangestipt, wat er voor pleit*   De door Hayam Wuruk volgens Zang 32 strophe 2 en  Zang 34 strophe 2 bij zijn bezoek aan den wanacrama ri  Sagara gevolgde weg, geeft ons geen andere aanduidin-  gen, dan dat wij dien wanacrama op het zadel tusschen  Lamongan en Yang moeten zoeken.   Valt hieruit dus geen conclusie ten gunste van Ranoe  Segaran of Tjandi Kedaton te trekken, de inrichting van  Kedaton doet onmiddellijk denken aan eene groote kluize-  narij, zooals wij die van de basreliefs van andere tempels,  o.a. van Toempang, kennen. Het gebou"
OV_1918,1918,volcanic_arch_tephra,Volcanic+archaeological: tephra/ash/tuff,asch,,,Tjandi Nglarangan verder,True,True,,Tjandi Nglarangan verder,asch,,8,"e beschrijving en verklaring der basreliefs te Pram-  banan zal voortzetten en de werkzaamheden te Gedong  Sanga en Tjandi Nglarangan verder zal blijven leiden.    Hollandsche oudheden.    § 13. Stand der werkzaamheden.   Een opgave van den stand van het teekenwerk voor het  „Gedenkboek 1619 — 1919'"" is onder Bijlage B opge-  nomen.   De heer De Vink maakte ten behoeve van bedoeld  Gedenkboek een aanvang met het fotografeeren van ver-  scheidene Compagnies-oudheden in het Museum van het  Bataviaasch Genootschap.   § 14. Ingekomen berichten, uitgcbrachte adviezen 0  enz.   Overeenkomstig den wensch van Z. E. den Gouverneur-  Generaal werden opnieuw* pogingen in het werk gesteld,  om den grafsteen van den Gouverneur-Generaal Carel  Reyniersz» die zich op dc begraafplaats van het particuliere"
OV_1918,1918,volcanic_arch_tephra,Volcanic+archaeological: tephra/ash/tuff,asch,,,inscripties,True,True,,inscripties,asch,,9,"ut ineer zijnde en  in staat van verval verkeerend, voor afbraak in aanmer-  king kwam, tenzij uit een historisch oogpunt op de  instandhouding werd prijs gesteld. — Daar de Uitkijk  een der kenmerkende gezichten van de oude stad  en ook in historisch opzicht een niet onbelangrijk  bouwwerk is (het onderstuk is het oude stadsbolwerk  Middelburg), werd dezerzijds krachtig op behoud aange-  drongen.   Bij schrijven van den Resident van Ternate van 11  Januari werden aan de Directie van het Bataviaasch  Genootschap aangeboden en door haar ter behandeling  aan den Oudheidkundigen Dienst overgedragen een tweetal  afschriften van Latijnsche inscripties; de eene aangebracht  in een steen, die zich vroeger in een huis bij den Hospitaal-  weg ter hoofdplaats bevond, daarna weggevoerd werd,  maar do"
OV_1918,1918,discovered,brought to light,te voorschijn gekomen,,,Tjandi moet  hebben,True,False,desa Tjandi moet,Tjandi moet  hebben; tempel; fundamenten; ontgraving; opgravingen,,desa Tjandi moet,30,"taal ging de  heer Callenfels voort met het zoeken naar de tjandi, die  in de padoekoehan Nglarangan der desa Tjandi moet  hebben gestaan aan den weg uit de vlakte naar het  Gedong-Sanga-compIex. Ofschoon er meer dan voldoende  bewijzen zijn, dat die tempel eenmaal aanwezig was.  moest de conclusie worden getrokken. dat het gebouw  door de bevolking reeds lang tot de fundamenten toe is  afgebroken. De opgravingen werden daarom gestaakt.  Voortgegaan werd met het sorteeren der bij de ontgraving  te voorschijn gekomen steenen bij groep V van Gedong  Sanga.   § 8* Vondsten.   Belangrijke vondsten kwamen niet te onzer kennis.   § 9* Epigraphie en iconographie*   In Juli werd ik door den heer Resink te Djokja in de  gelegenheid gesteld de jongste aanwinsten zijner collectie  te bezichtigen, Daa"
OV_1918,1918,volcanic_arch_tephra,Volcanic+archaeological: tephra/ash/tuff,asche,,,inscriptie,True,True,,inscriptie,asche,,40,"ezig, dat z.g. de poesaka van den stam uitmaakt. Volgens  de overlevering zou het fort nimmer door compagniesoldaten  zijn bezet geweest.   Het fort diende tot voor eenige jaren tot verblijfplaats  der Ternataansche hoofden, thans wordt het gebniikt als  bewaarplaats en gevangenis ; het is zeer ongezond, menige  gevangene krijgt er als bijkomende straf berri-berri. Voor  den ingang van het fort bevond zich vroeger de ver-  gaderzaal, als „pintoe besar” aangeduid, waar de salaha-  kan met de Soelasche hoofden bijeen kwam. Dit was ook  de plaats, waar men moest wachten om door den kapi-  tein krois dan wel door den luitenant-djaga bij den sa-  lahakan te worden aangediend. Die vergaderzaal is thans  verdwenen.   De hoofdingang bestaat nog, boven de deur is een  Steen ingemetseld waarop deze "
OV_1918,1918,volcanic_arch_v_ijen,Volcanic+archaeological: Ijen,ijen,,,tempelcomplex,True,True,,tempelcomplex; tempelterrein; tempeltjes; tempelterrein,ijen,,45,"ordt, kunnen deze monumen-  tjes wederom geheel in den oudcn vorm worden hersteld.   Trapvleugels. Die aan de Noord- en de Oostzijde  zijn op nieuw gesteld en de steenen, die er niet bij     34    behooren weggenomen ; als er na het transport der steen-  massa's van den Westkant nog gevonden worden, zullen  ze successievelijk worden gesteld of anders worden aan-  gemaakt.   Ringmuur om het hoofd-tempelcomplex.  Daar het hoofd-tempelterrein ongeveer 2 meter hooger  ligt dan het terrein der drie rijen bijtempeltjes, heeft de  eerste ringmuur, die ook dienst doet als keermuur, de  buitengewone dikte van 2 meter; ongeveer 0.70 M. boven  het tempelterrein bevindt zich aan de binnenzijde der  ommuring een omgang van een meter breed en is de  ringmuur, die nu opgevat moet worden als een balustrad"
OV_1918,1918,volcanic_arch_v_ijen,Volcanic+archaeological: Ijen,ijen,,,tempelterreinen,True,True,,tempelterreinen; tempelterrein; tempelsteenen,ijen,,46,"reed. Als de  aangevraagde gronduitbreiding wordt toegewezen, zal men  alleen aan den Zuidkant eenige ruimte beschikbaar krijgen.  Daar de grond rondom de tempelterreinen zeer veel waarde  heeft, verdiende het aanbeveling niet meer aan te vragen  dan absoluut noodzakelijk was en voor de onbewerkte  steenen, die over zullen zijn een andere bestemming te  zoeken ; het werd het beste geoordeeld, daarvan een gesta-  pelden muur om het geheele tempelterrein te maken.   De bewerkte steenen worden in rijen gezet en naar  gelang de werkzaamheden vorderen gesorteerd of uitgezocht.   Langs Noord-, West- en Zuidkant van het terrein  locpt een sloot, die in de goede richting verlegd moet  worden ; de toestemming daarvoor is nog niet afgekomen,  maar aan den Westkant, waar een tuinweg is aangelegd,  ka"
OV_1918,1918,exposed,exposed/uncovered,blootgelegd,,,,False,False,,,,,48,"en daarna weer hersteld. Ver-  volgens werden alle zijden tot de hoogte der deklijst  van het basement opgehaald. Dit leverde geen moeielijk-  heden op. omdat nog heele stukken tot op deze hoogte  bestonden.   De hoogte van de spuiers plus de aansluitende hollijst,  waarin de toevoergoot voor de spuiers, kon gemakkelijk  bepaald worden, daar er nog een groot gedeelte van de  hoofdleiding. die over den oostelijken muur doorloopt,  aanwezig was. Was eerst slechts een gedeelte van de  hoofdleiding blootgelegd, tijdens de werkzaamheden kwam  de geheele hoofdleiding aan het licht en werd ook de bron,  welke het water leverde. gevonden. Van de leiding waren  echter verschillende stukken weg of niet meer te gebruiken,  zoodat deze door nieuwe vervangen moesten worden.  Van de secondaire leiding o"
OV_1918,1918,exposed,exposed/uncovered,blootgelegd,,,,False,False,,,,,49,"nder het werkvolk.   In dit kwartaal kwamen in de onmiddellijke nabijheid  van Panataran nog enkele oudheden aan \ licht, o, a* ca  100 M- ten Noorden van de badkamer aan den grooten  weg een stuk van een grooten rijweg van ±: 5,50 M. breedte,   De richting is nagenoeg Oost-V/est, Naar het Westen  loopt hi) onder de sawah's door, en zic daar gemiddeld  i 60 cM, in den grond. Naar 't Oosten schiet hij diep  onder de heuvels weg. Door deze omstandigheden kon  voorloopig slechts een klein gedeelte blootgelegd worden.  In de sawah's werden nog enkele peiiingen gedaan en  van het blootgelegde gedeelte twee foto’s genomen fzie  foto no. 3392 en 3393). Zoodra de werkzaamheden het  toelaten zal het aanbeveling verdienen een verder onder-  zoek naar de richting van dezen weg in te stellen.   Verder"
OV_1918,1918,exposed,exposed/uncovered,blootgelegd,,,steenen met,True,False,,steenen met,,,49,"ataran nog enkele oudheden aan \ licht, o, a* ca  100 M- ten Noorden van de badkamer aan den grooten  weg een stuk van een grooten rijweg van ±: 5,50 M. breedte,   De richting is nagenoeg Oost-V/est, Naar het Westen  loopt hi) onder de sawah's door, en zic daar gemiddeld  i 60 cM, in den grond. Naar 't Oosten schiet hij diep  onder de heuvels weg. Door deze omstandigheden kon  voorloopig slechts een klein gedeelte blootgelegd worden.  In de sawah's werden nog enkele peiiingen gedaan en  van het blootgelegde gedeelte twee foto’s genomen fzie  foto no. 3392 en 3393). Zoodra de werkzaamheden het  toelaten zal het aanbeveling verdienen een verder onder-  zoek naar de richting van dezen weg in te stellen.   Verder kwamen bij het delven van graven door de  bevolking op het kerkhof ten Noorden va"
OV_1918,1918,volcanic_arch_v_ijen,Volcanic+archaeological: Ijen,ijen,,,tempelterrein,True,True,,tempelterrein; tempel; tempel; tempel; Brahma,ijen,,54,"ur a d Westzijde v;h  tempelterrein.   3 51    id.   spuwer met ijzeren bintje,  voor de koppeling en  dracht.   352    id.   spuwer op de bestemde  plaats, voor het stellen.   -353   -   id.   het transport der steenhoo-  pen aan de Westzijde.   -354   -   id.   geornamenteerde steen (re-  lief).   3355   **   id.   Qiwa-tempel, Oostzijde na  het stellen v d balustrade  v/d len omgang.   3356   ff   id.   Qwa-tempel, NO. hoeken,  id. id.   ■ 3357    id.   steenen vervoerd v d W^est-  zijde in rijen geplaatst o/h  terrein.   5358   -   id.   spuwer V d Brahma-tempel  met bijpassend staartstuk.   ; 359   i    id.   opruiming der steenhoopen  a/d Westzijde.   ! 360   ft   id.   overzicht der steenhoopen a d  Westzijde, van af het Z.O.   3361    id.   id. id. Noordoosten.   ■ ’362   ff   id. "
OV_1919,1919,excavated,excavated,opgegraven ,,,,False,False,,,,,6,". Geen enkel stuk, dat ook maar eenige aanwijzing  gaf, zoodat tenslotte naar een persoonlijke meening de  hoogte bepaald werd. Ongetwiifeld zijn dit bij de hoogte-  bepaling voor de kroonlijst van *t middentorentje zwakke  punten, daar beide bepaald moesten worden zonder vaste  aanwijzingen.   Nadat de toegangen zoover gesteld waren, was het  stelwerk van t geheel klaar gekomen en werden vervolgens  verschillende gedeelten bijgehakt en geaccordeerd.   De hoofdleiding welke in \ vorige kwartaal opgegraven  was, werd hersteld. Toen deze leiding aan *t licht kwarn*  meende ik, dat de bron, welke in de richting van de leiding  ligt, de oorspronkelijk gebruikte was. Bij schoonmaak van  deze bron bleek echter dat de leiding doorliep en een  andere bron gehad heeft. De leiding loopt in zuidooste"
OV_1919,1919,volcanic_arch_v_kelud,Volcanic+archaeological: Kelud,Kloet,,,tempels,True,True,,tempels; tempels,Kloet,,24,"bezocht hij de  tjandi's Derma en Goenoeng Gangsir en werden de ver-  dere werkzaamheden voor Tj Pari vastgesteld. Bij zijn  bezoeken aan de tjandi's Singosari, Kidoel en Toempang  werd hij bovendien vergezeld door den Adjunct-Inspecteur.  Met laatstgenoemden ambtenaar bezocht hij Panataran.  De Bouwk. Adjunct-Insp. ondernam voorts inspectiereizen  naar de tjandi's Kali-tjilik, Wringin Brandjang, Kotes,  Sawentar, Soemberdjati, Batjem, Derma en BangkaL Over  de reizen speciaal door het door de Kloetuitbarsting  geteisterde gebied, zie men het door den heer De Haan  uitgebrachte rapport.   De heer V^an Stein Callenfels ondernam een reis langs  de Brantas voor het vaststellen der oude overzetplaatsen;  voorts naar het Dieng-plateau, naar de tempels in Kedoe,  naar Weltevreden en naar de temp"
OV_1919,1919,volcanic_arch_eruption,Volcanic+archaeological: eruption,uitbarsting,,,tempels,True,True,,tempels; tempels,uitbarsting,,24,"cht hij de  tjandi's Derma en Goenoeng Gangsir en werden de ver-  dere werkzaamheden voor Tj Pari vastgesteld. Bij zijn  bezoeken aan de tjandi's Singosari, Kidoel en Toempang  werd hij bovendien vergezeld door den Adjunct-Inspecteur.  Met laatstgenoemden ambtenaar bezocht hij Panataran.  De Bouwk. Adjunct-Insp. ondernam voorts inspectiereizen  naar de tjandi's Kali-tjilik, Wringin Brandjang, Kotes,  Sawentar, Soemberdjati, Batjem, Derma en BangkaL Over  de reizen speciaal door het door de Kloetuitbarsting  geteisterde gebied, zie men het door den heer De Haan  uitgebrachte rapport.   De heer V^an Stein Callenfels ondernam een reis langs  de Brantas voor het vaststellen der oude overzetplaatsen;  voorts naar het Dieng-plateau, naar de tempels in Kedoe,  naar Weltevreden en naar de tempels "
OV_1919,1919,volcanic_arch_eruption,Volcanic+archaeological: eruption,eruptie,,,monumenten,True,True,,monumenten; monumenten; monumenten,eruptie,,26,"sche en de  overige in 't Blitarsche te bespreken. Den 1 9en Mei ont-  moetce ik den heer Perquin te Malang en werden de  monumenten in de omgeving bezocht. De monumenten  waren met uitzondering van Kidal, weer zwaar begroeid.  terwijl de terreinen onverzorgd waren. Dit alles zal nu  spoedig ,verbeteren. Nog denzelfden dag werd de reis  voortgezet naar Blitar met het doel in de daaropvolgende  dagen de te treffen maatregelen ten opzichte van enkele  monumenten in het Blitarsche te bespreken. De eruptie  van den Goenoeng Keloet, welke in den nacht van 19  op 20 Mei plaats greep, wierp dit plan geheel in duigen.  Aan reizen viel de eerste dagen niet te denken zoodat de  heer Perquin weer naar Djokja terugkeerde, om bij een  latere gelegenheid het voorgenomen plan af te werken.   Groot was de"
OV_1919,1919,volcanic_arch_lahar,Volcanic+archaeological: lahar/mudflow,lahars,,,monumenten,True,True,,monumenten,lahars,,26,"is  voortgezet naar Blitar met het doel in de daaropvolgende  dagen de te treffen maatregelen ten opzichte van enkele  monumenten in het Blitarsche te bespreken. De eruptie  van den Goenoeng Keloet, welke in den nacht van 19  op 20 Mei plaats greep, wierp dit plan geheel in duigen.  Aan reizen viel de eerste dagen niet te denken zoodat de  heer Perquin weer naar Djokja terugkeerde, om bij een  latere gelegenheid het voorgenomen plan af te werken.   Groot was de verwoesting, die de verschillende lahars  m de omgeving aangebracht hadden ; het lot van verschil-  Lende tjandi's was dan ook zeer onzeker. In den morgen     47    van den 20 Mei bereikte mij echter reeds het verblijdende  bericht, dat Panataran absoluut onbeschadigd was gebleven.  De lahar was rakelings langs de Westzijde van het "
OV_1919,1919,volcanic_arch_lahar,Volcanic+archaeological: lahar/mudflow,lahar,,,Tjandi Gambar eveneens,True,True,,Tjandi Gambar eveneens,lahar,,26,"rp dit plan geheel in duigen.  Aan reizen viel de eerste dagen niet te denken zoodat de  heer Perquin weer naar Djokja terugkeerde, om bij een  latere gelegenheid het voorgenomen plan af te werken.   Groot was de verwoesting, die de verschillende lahars  m de omgeving aangebracht hadden ; het lot van verschil-  Lende tjandi's was dan ook zeer onzeker. In den morgen     47    van den 20 Mei bereikte mij echter reeds het verblijdende  bericht, dat Panataran absoluut onbeschadigd was gebleven.  De lahar was rakelings langs de Westzijde van het terrein  gepasseerd. Het kleine dijkje aan de Westzijde was voi-  doende geweest om het invioeien van de lahar te beletten.  Na ingenomen informatie omtrent den juisten loop der  lahars bleek, dat de tjandi's Wringin Brandjang, Kotes en  Sawentar onbesc"
OV_1919,1919,volcanic_arch_lahar,Volcanic+archaeological: lahar/mudflow,lahar,,,Tjandi Gambar eveneens,True,True,,Tjandi Gambar eveneens; tjandi er eveneens,lahar,,27,"elegenheid het voorgenomen plan af te werken.   Groot was de verwoesting, die de verschillende lahars  m de omgeving aangebracht hadden ; het lot van verschil-  Lende tjandi's was dan ook zeer onzeker. In den morgen     47    van den 20 Mei bereikte mij echter reeds het verblijdende  bericht, dat Panataran absoluut onbeschadigd was gebleven.  De lahar was rakelings langs de Westzijde van het terrein  gepasseerd. Het kleine dijkje aan de Westzijde was voi-  doende geweest om het invioeien van de lahar te beletten.  Na ingenomen informatie omtrent den juisten loop der  lahars bleek, dat de tjandi's Wringin Brandjang, Kotes en  Sawentar onbeschadigd waren, wat later bij een inspectie  ter plaatse ook werd bevestigd.   Van den Administrateur van het land Gambar werd  telefonisch bericht ontvan"
OV_1919,1919,volcanic_arch_lahar,Volcanic+archaeological: lahar/mudflow,lahars,,,Tjandi Gambar eveneens,True,True,,Tjandi Gambar eveneens; tjandi er eveneens; tjandi  opgehev,lahars,,27,"die de verschillende lahars  m de omgeving aangebracht hadden ; het lot van verschil-  Lende tjandi's was dan ook zeer onzeker. In den morgen     47    van den 20 Mei bereikte mij echter reeds het verblijdende  bericht, dat Panataran absoluut onbeschadigd was gebleven.  De lahar was rakelings langs de Westzijde van het terrein  gepasseerd. Het kleine dijkje aan de Westzijde was voi-  doende geweest om het invioeien van de lahar te beletten.  Na ingenomen informatie omtrent den juisten loop der  lahars bleek, dat de tjandi's Wringin Brandjang, Kotes en  Sawentar onbeschadigd waren, wat later bij een inspectie  ter plaatse ook werd bevestigd.   Van den Administrateur van het land Gambar werd  telefonisch bericht ontvangen, dat Tjandi Gambar eveneens  onbeschadigd was,   Omtrent het lot van T"
OV_1919,1919,volcanic_arch_lahar,Volcanic+archaeological: lahar/mudflow,laharzone,,,Tjandi Gambar eveneens,True,True,,Tjandi Gambar eveneens; tjandi er eveneens; tjandi  opgeheven,laharzone,,27,"igd.   Van den Administrateur van het land Gambar werd  telefonisch bericht ontvangen, dat Tjandi Gambar eveneens  onbeschadigd was,   Omtrent het lot van Tj. Kali-tjilik was de eerste dagen  geen bericht te krijgen, maar ten slotte vernam ik, dat  deze tjandi er eveneens onbeschadigd afgekomen was.  Hiermede was de onzekerheid ook omtrent deze tjandi  opgeheven. Alle tjandi’s in de gevaarlijke zone waren dus  gespaard gebleven.   Zoo spoedig mogelijk werden de verschiilende monu-  menten in de laharzone bezocht en alle onbeschadigd  gevonden. Tj. Kali-tjilik wordt keurig door den djoeroe-  koentji onderhouden, Tj. Wringin Brandjang zag er goed  uit, het terreintje keurig onderhouden en door een laag  paggertje afgesloten. De tjandi 's Kotes, Sawentar, Soem-  berdjati en Batjem zagen er mi"
OV_1919,1919,volcanic_arch_eruption,Volcanic+archaeological: eruption,eruptie,,,monument,True,True,,monument,eruptie,,29,"’s no- 3723 en 3724), maar het werk  werd gestaakt aan de Westzijde, waar eerst de steen-  hoopen moeten worden opgeruimd. Met den noordelijken  muur werd nu een begin gemaakt Zie foto no. 3754.   7. Vondsten   Bij de opruiming der steenhoopen komen voortdurend  min of meet merkwaardige steenen voor den dag, die  successievelijk gefotografeerd zullen worden. Zie foto‘s  3354, 3365, 3726, 3753.   Aan het rapport van den heer De Haan ontleenen wij  het volgende"":   Het is gebleken, dat de jongste eruptie geen schade,  maar uit een archeologisch oogpunt beschouwd zelfs winst  heeft aangebracht. ‘t Eerst bereikte mij \ bericht, dat in  de lahar ten Oosten van Ponggoh, nabij de desa, een oudheid  aan het licht was gekomen. Bij een onderzoek ter plaatse  bleek, dat door de inschuring van de laha"
OV_1919,1919,volcanic_arch_lahar,Volcanic+archaeological: lahar/mudflow,lahar,,,monument,True,True,,monument; opgraving,lahar,,29,"muur werd nu een begin gemaakt Zie foto no. 3754.   7. Vondsten   Bij de opruiming der steenhoopen komen voortdurend  min of meet merkwaardige steenen voor den dag, die  successievelijk gefotografeerd zullen worden. Zie foto‘s  3354, 3365, 3726, 3753.   Aan het rapport van den heer De Haan ontleenen wij  het volgende"":   Het is gebleken, dat de jongste eruptie geen schade,  maar uit een archeologisch oogpunt beschouwd zelfs winst  heeft aangebracht. ‘t Eerst bereikte mij \ bericht, dat in  de lahar ten Oosten van Ponggoh, nabij de desa, een oudheid  aan het licht was gekomen. Bij een onderzoek ter plaatse  bleek, dat door de inschuring van de lahar zich een nieuwe     51    kali gevormd had. Hierdoor was in een zijwand het over-  blijfsel van een monument van baksteen blootgekomen.  Daar d"
OV_1919,1919,volcanic_arch_lahar,Volcanic+archaeological: lahar/mudflow,lahar,,,monument,True,True,,monument; opgravingen,lahar,,29,"voor den dag, die  successievelijk gefotografeerd zullen worden. Zie foto‘s  3354, 3365, 3726, 3753.   Aan het rapport van den heer De Haan ontleenen wij  het volgende"":   Het is gebleken, dat de jongste eruptie geen schade,  maar uit een archeologisch oogpunt beschouwd zelfs winst  heeft aangebracht. ‘t Eerst bereikte mij \ bericht, dat in  de lahar ten Oosten van Ponggoh, nabij de desa, een oudheid  aan het licht was gekomen. Bij een onderzoek ter plaatse  bleek, dat door de inschuring van de lahar zich een nieuwe     51    kali gevormd had. Hierdoor was in een zijwand het over-  blijfsel van een monument van baksteen blootgekomen.  Daar de lahar echter ook een gedeelte van deze resten  heeft meegenomen, kijkt men op ‘t oogenblik in ‘t inwendige  van den voet, zoodat er niet veel raeer t"
OV_1919,1919,volcanic_arch_lahar,Volcanic+archaeological: lahar/mudflow,lahar,,,monument,True,True,desa Soember Nanas,monument; opgravingen; beeld gevonden,lahar,desa Soember Nanas,29,"ij  het volgende"":   Het is gebleken, dat de jongste eruptie geen schade,  maar uit een archeologisch oogpunt beschouwd zelfs winst  heeft aangebracht. ‘t Eerst bereikte mij \ bericht, dat in  de lahar ten Oosten van Ponggoh, nabij de desa, een oudheid  aan het licht was gekomen. Bij een onderzoek ter plaatse  bleek, dat door de inschuring van de lahar zich een nieuwe     51    kali gevormd had. Hierdoor was in een zijwand het over-  blijfsel van een monument van baksteen blootgekomen.  Daar de lahar echter ook een gedeelte van deze resten  heeft meegenomen, kijkt men op ‘t oogenblik in ‘t inwendige  van den voet, zoodat er niet veel raeer te zien is, dan  een hoop steenen.   Nadere opgravingen dienen dus afgewacht te worden,  alvorens er verder iets over te kunnen mededeelen.   Eenige dag"
OV_1919,1919,volcanic_arch_lahar,Volcanic+archaeological: lahar/mudflow,lahar,,,monument,True,True,desa Soember Nanas,monument; opgravingen; beeld gevonden,lahar,desa Soember Nanas,29,"har zich een nieuwe     51    kali gevormd had. Hierdoor was in een zijwand het over-  blijfsel van een monument van baksteen blootgekomen.  Daar de lahar echter ook een gedeelte van deze resten  heeft meegenomen, kijkt men op ‘t oogenblik in ‘t inwendige  van den voet, zoodat er niet veel raeer te zien is, dan  een hoop steenen.   Nadere opgravingen dienen dus afgewacht te worden,  alvorens er verder iets over te kunnen mededeelen.   Eenige dagen daarna ontving ik het bericht, dat in  dezelfde lahar, nabij de desa Soember Nanas, de rest van  een bouwwerk met een beeld gevonden was. Bij een bezoek  vond ik midden in de lahar een heu v'el, waar de modder-  stroom over heengegaaa was. Door de groote kracht schijnt  de losse aarde afgeslagen te zijn, zoodat de steenen van  het bouwwerk bloot "
OV_1919,1919,volcanic_arch_lahar,Volcanic+archaeological: lahar/mudflow,lahar,,,opgravingen,True,True,desa Soember Nanas,opgravingen; beeld gevonden; yoni,lahar,desa Soember Nanas,29,"lootgekomen.  Daar de lahar echter ook een gedeelte van deze resten  heeft meegenomen, kijkt men op ‘t oogenblik in ‘t inwendige  van den voet, zoodat er niet veel raeer te zien is, dan  een hoop steenen.   Nadere opgravingen dienen dus afgewacht te worden,  alvorens er verder iets over te kunnen mededeelen.   Eenige dagen daarna ontving ik het bericht, dat in  dezelfde lahar, nabij de desa Soember Nanas, de rest van  een bouwwerk met een beeld gevonden was. Bij een bezoek  vond ik midden in de lahar een heu v'el, waar de modder-  stroom over heengegaaa was. Door de groote kracht schijnt  de losse aarde afgeslagen te zijn, zoodat de steenen van  het bouwwerk bloot kwamen.   Hoewel alles nog geheel in den grond zit, waren toch  enkele omtrekken te onderkennen. Zoo kan men o. a.  duideli)k d"
OV_1919,1919,burial,completely underground,geheel in den grond,,,ruine,True,True,desa Soember Nanas,ruine; opgravingen; beeld gevonden; beeldje en; yoni,lahar; lahar,desa Soember Nanas,29,"nen.   Nadere opgravingen dienen dus afgewacht te worden,  alvorens er verder iets over te kunnen mededeelen.   Eenige dagen daarna ontving ik het bericht, dat in  dezelfde lahar, nabij de desa Soember Nanas, de rest van  een bouwwerk met een beeld gevonden was. Bij een bezoek  vond ik midden in de lahar een heu v'el, waar de modder-  stroom over heengegaaa was. Door de groote kracht schijnt  de losse aarde afgeslagen te zijn, zoodat de steenen van  het bouwwerk bloot kwamen.   Hoewel alles nog geheel in den grond zit, waren toch  enkele omtrekken te onderkennen. Zoo kan men o. a.  duideli)k den omtrck der wanden van de kamer onder-  scheiden. Dit is een vierkante ruimte, waarvan de zijden  in 2,50 M. zijn.   In het midden ligt nog in den grond of het voetstuk  van het beeld, of de yoni.  "
OV_1919,1919,volcanic_arch_lahar,Volcanic+archaeological: lahar/mudflow,lahars,,,ruine,True,True,,ruine; monument; ontgraving; beeldje en; beeldje is,lahars,,29,"stukken van  muren en eenige gedeelten van profileeringen onderscheiden.   Bij deze ruine trof ik verder aan een klein. vrij goed  bewaard gebleven beeldje en een dito lingga.   Het beeldje is in vol ornaat en stelt waarschijnlijk een  Mahakala voor.   Uit het feit, dat nog ecu gedeelte van de kamerwanden  aanwezig is, kan geconcludeerd worden, dat er nog een  aanmerkelijk gedeelte van het monument in den grond  moet zitten. Hoe dit er uit zal zien, en hoever dit waar-  schijnlijk door vroegere lahars beschadigd is, zal alleen na  ontgraving beoordeeld kunneff^ woraen.   Voorloopig zijn beide resten aan de goede zorgen  van den Ass. Wedana van Ponggoh toevertrouwd.      52    § 8. Epigraphie en iconographie.   De transscriptie van de overige kopcren platen van  Bloeloek (zie Oudhk. Versl. "
OV_1919,1919,volcanic_arch_v_lamongan,Volcanic+archaeological: Lamongan,Lamongan,,,tempel,True,True,,tempel; tempel,Lamongan,,33,"egin der  herstelling v d eersten  doorgang.   Brahmiutempel. Trap met  aanwijzing v d eersten  doorgang.   Qiwa-tempel. Detail v d on-  derbouw v h torentje ten  N. V d oosteiijke trap.     60        61    Nummer   3754   3755    Formaat Plaats Korte omschrijving    13X18 Prambanan, distr. Pram- Noordelijke ringmuur v66r  banan, afd. Mataram de herstelling. Van W-   naar Oost.   M id. Terreinringmuur met nieuw   aangeiegden weg a/d  Zuidzijde.        Bijiage G    Koperen platen van Bloeloek   (Lamongan)*   %   (Z e Oudhk Verslag 191 S. bijiage R p.l75 sq).    No. IV.    2 r h talampakanira bharara rujanatha. talampakanira  bha^branantadewi, talampakanira bhatrira nari   2. dew^. talampakanira bhat^ra parameqware pamo-  lan, makanama talampakanira raden kuda   3. talampakanira bhat^ra nara"
OV_1919,1919,volcanic_arch_v_welirang,Volcanic+archaeological: Welirang,Welirang,,,tempel,True,True,,tempel; tempel; Brahma,Welirang,,38,"en voet van den sang hyang   adri kumukus (, umare Jajawa ri suku sang hyang adri   kumukus”). Door Prof. Kern en in navolging van dien ge-  leerde door Dr. N. J. Krom, (Epigraphische Aanteekeningen  V. De Qwabuddha-tempel, Tijdschrift Bat. Gen. deel  LVI biz. 237 e.v.) is dit adri kumukus opgevat als een-  voudig vaurspuwende berg beteekenend. Als zoodanig  heeft Dr. Krom in zijn bovenbedoeld artikel er dan ook  gebruik van gemaakt in dezen zin om de keus te vestigen  tusschen Penanggoengan en Welirang. op een van welken  de tempel Jajawa moest liggen-     73    Uit het gedeelte van de Tantu Pagelaran door mij  gebruikt hi] de identificatie Kampud = Kloet blijkt echter.  dat Kumukus wel degelijk een bergnaam was, die in de  rij Katong, Wilis, Kampud, Kawi, Arjuna, Kumukus het  laatst geno"
OV_1919,1919,volcanic_arch_v_kelud,Volcanic+archaeological: Kelud,Kloet,,,Candi Jawi,True,True,,Candi Jawi; tempel; tempel; tempel; Brahma,Kloet,,38,"J. Krom, (Epigraphische Aanteekeningen  V. De Qwabuddha-tempel, Tijdschrift Bat. Gen. deel  LVI biz. 237 e.v.) is dit adri kumukus opgevat als een-  voudig vaurspuwende berg beteekenend. Als zoodanig  heeft Dr. Krom in zijn bovenbedoeld artikel er dan ook  gebruik van gemaakt in dezen zin om de keus te vestigen  tusschen Penanggoengan en Welirang. op een van welken  de tempel Jajawa moest liggen-     73    Uit het gedeelte van de Tantu Pagelaran door mij  gebruikt hi] de identificatie Kampud = Kloet blijkt echter.  dat Kumukus wel degelijk een bergnaam was, die in de  rij Katong, Wilis, Kampud, Kawi, Arjuna, Kumukus het  laatst genoemd wordt. Uit het verdet verloop van het ver-  haal blijkt, dat de Bromo er niet mede bedoeld kan zijn,  daar die afzonderlijk genoemd wordt als goenoeng Brahm"
OV_1919,1919,volcanic_arch_v_wilis,Volcanic+archaeological: Wilis,Wilis,,,Candi Jawi gezocht,True,True,,Candi Jawi gezocht; tempel; tempel; Brahma,Wilis,,38,"eel  LVI biz. 237 e.v.) is dit adri kumukus opgevat als een-  voudig vaurspuwende berg beteekenend. Als zoodanig  heeft Dr. Krom in zijn bovenbedoeld artikel er dan ook  gebruik van gemaakt in dezen zin om de keus te vestigen  tusschen Penanggoengan en Welirang. op een van welken  de tempel Jajawa moest liggen-     73    Uit het gedeelte van de Tantu Pagelaran door mij  gebruikt hi] de identificatie Kampud = Kloet blijkt echter.  dat Kumukus wel degelijk een bergnaam was, die in de  rij Katong, Wilis, Kampud, Kawi, Arjuna, Kumukus het  laatst genoemd wordt. Uit het verdet verloop van het ver-  haal blijkt, dat de Bromo er niet mede bedoeld kan zijn,  daar die afzonderlijk genoemd wordt als goenoeng Brahma,  terwijl de Smeroe uit den aard der zaak vanzelf is uitge-  sloten, aangezien het hi"
OV_1919,1919,volcanic_arch_v_bromo,Volcanic+archaeological: Bromo,Bromo,,,Candi Jawi gezocht,True,True,,Candi Jawi gezocht; tempel; tempel; Brahma,Bromo,,38,"r. Krom in zijn bovenbedoeld artikel er dan ook  gebruik van gemaakt in dezen zin om de keus te vestigen  tusschen Penanggoengan en Welirang. op een van welken  de tempel Jajawa moest liggen-     73    Uit het gedeelte van de Tantu Pagelaran door mij  gebruikt hi] de identificatie Kampud = Kloet blijkt echter.  dat Kumukus wel degelijk een bergnaam was, die in de  rij Katong, Wilis, Kampud, Kawi, Arjuna, Kumukus het  laatst genoemd wordt. Uit het verdet verloop van het ver-  haal blijkt, dat de Bromo er niet mede bedoeld kan zijn,  daar die afzonderlijk genoemd wordt als goenoeng Brahma,  terwijl de Smeroe uit den aard der zaak vanzelf is uitge-  sloten, aangezien het hier juist om het transport daarvan gaac*  Daar Dr. Krom overtuigend aantoonde, dat in den tempel  Jajawa de Candi Jawi gez"
OV_1919,1919,volcanic_arch_v_semeru,Volcanic+archaeological: Semeru,Smeroe,,,Candi Jawi gezocht,True,True,,Candi Jawi gezocht; tempel; tempel; Brahma,Smeroe,,39,"usschen Penanggoengan en Welirang. op een van welken  de tempel Jajawa moest liggen-     73    Uit het gedeelte van de Tantu Pagelaran door mij  gebruikt hi] de identificatie Kampud = Kloet blijkt echter.  dat Kumukus wel degelijk een bergnaam was, die in de  rij Katong, Wilis, Kampud, Kawi, Arjuna, Kumukus het  laatst genoemd wordt. Uit het verdet verloop van het ver-  haal blijkt, dat de Bromo er niet mede bedoeld kan zijn,  daar die afzonderlijk genoemd wordt als goenoeng Brahma,  terwijl de Smeroe uit den aard der zaak vanzelf is uitge-  sloten, aangezien het hier juist om het transport daarvan gaac*  Daar Dr. Krom overtuigend aantoonde, dat in den tempel  Jajawa de Candi Jawi gezocht moet worden, deze ge-  legen was aan den voet van den Kumukus en inderdaad  gelegen is aan den voet va"
OV_1919,1919,volcanic_arch_v_welirang,Volcanic+archaeological: Welirang,Welirang,,,Candi Jawi gezocht,True,True,desa Betra,Candi Jawi gezocht; tempel; Brahma,Welirang,desa Betra,39,"us het  laatst genoemd wordt. Uit het verdet verloop van het ver-  haal blijkt, dat de Bromo er niet mede bedoeld kan zijn,  daar die afzonderlijk genoemd wordt als goenoeng Brahma,  terwijl de Smeroe uit den aard der zaak vanzelf is uitge-  sloten, aangezien het hier juist om het transport daarvan gaac*  Daar Dr. Krom overtuigend aantoonde, dat in den tempel  Jajawa de Candi Jawi gezocht moet worden, deze ge-  legen was aan den voet van den Kumukus en inderdaad  gelegen is aan den voet van den Welirang, volgt daaruit  dus van zelf de conclusie. dat de Welirang in den ouden  tijd Kumukus moet hebben geheeten en dat in het bo-  ven-aangehaalde citaat uit de Nugarakrtagama er wel  degelijk een bergnaam in gezocht moet worden. Het vervolg  van de Tantu geeft dan in het verhaal van het ontstaa"
OV_1919,1919,volcanic_arch_v_lamongan,Volcanic+archaeological: Lamongan,Lamongan,,,tempels,True,True,,tempels; monumenten,Lamongan,,39,"ppcn.      Oudheidkundig Verslag   OVER HET    Dcrde Kwartaal 1919.    § 1. Pcrsonecl en organisatie van den dienst.   Bij Gouv. Besl. van 1 Juli no. 3 werd de heer J. }. de  Vink, die sedert 3 Januari 1919 de functien van den heer  H. L. Leydie Melville heeft waargenomen, aangesteld als  burgerlijk ambtenaar in vasten dienst en benoemd tot fo-  tograaf-teekenaar bij den Oudheidk. Dienst.    § 2. Reizen.   Het Hoofd van den O. D. maakte een reis naar de Mid-  den-Javaansche monumenten» Koedoes, Lamongan en de  tempels in den Oosthoek, waarbij hij vergezeld werd door  den Bouwk. Inspecteur en gedeeltelijk door den Bouwk. Adj.  Inspecteur en den heer Callenfels {zie pag, 80). De heer  Perquin vertoefde in verband met den arbeid voor het  Gedenkboek eenige dagen te Batavia en bracht voorts  e"
OV_1919,1919,volcanic_arch_v_kelud,Volcanic+archaeological: Kelud,Kloet,,,Tjandi Soember Nanas,True,True,desa  Tjandi Soember,Tjandi Soember Nanas; tempel bij nadering; Mahakala,Kloet,desa  Tjandi Soember,44,"den Bouwkundigen In-  specteur gecontroleerd wordt.   Bij Toempang was men juist met de planting van de  omheining begonnen. De allerongelukkigste toegang tot het  terrein, waardoor men den tempel bij nadering op zijn  onvoordeeligst ziet, zal zoo mogelijk verlegd worden.   Bij Kidal was de pagger reeds geplaatst. Ook hier za\  de toegangsweg verlegd worden, zoodat hij in de as van  het bouwwerk komt te liggen.   Vanuit Blitar bezocht ik door de heeren Perquin en De  Haan vergezeld, het door de Kloet-cruptie voor den dag  gekomen basementje, dat naar de naastbij liggende desa  Tjandi Soember Nanas (bij Ponggoh) geheeten is. Veel  valt er nog niet van te zeggen. In de onafzienbare lahar-  w^oestijn vormt het een laag verhevenheidje, verborgen in  het steenharde eruptiezand, dat hier en daar"
OV_1919,1919,volcanic_arch_lahar,Volcanic+archaeological: lahar/mudflow,lahar,,,Tjandi Soember Nanas,True,True,desa  Tjandi Soember,Tjandi Soember Nanas; tempel bij nadering; Mahakala,lahar,desa  Tjandi Soember,44,"tempel bij nadering op zijn  onvoordeeligst ziet, zal zoo mogelijk verlegd worden.   Bij Kidal was de pagger reeds geplaatst. Ook hier za\  de toegangsweg verlegd worden, zoodat hij in de as van  het bouwwerk komt te liggen.   Vanuit Blitar bezocht ik door de heeren Perquin en De  Haan vergezeld, het door de Kloet-cruptie voor den dag  gekomen basementje, dat naar de naastbij liggende desa  Tjandi Soember Nanas (bij Ponggoh) geheeten is. Veel  valt er nog niet van te zeggen. In de onafzienbare lahar-  w^oestijn vormt het een laag verhevenheidje, verborgen in  het steenharde eruptiezand, dat hier en daar een uit- of  insprong doet vermoeden, of een gedeelte van een lijst  bloot laat.   Een tweetal voetstukken en een goed gevormd beeld-  je van Mahakala, welk laatste naar den stijl te oordee"
OV_1919,1919,volcanic_arch_eruption,Volcanic+archaeological: eruption,eruptiezand,,,Tjandi Soember Nanas,True,True,desa  Tjandi Soember,Tjandi Soember Nanas; Mahakala,eruptiezand,desa  Tjandi Soember,44,".   Bij Kidal was de pagger reeds geplaatst. Ook hier za\  de toegangsweg verlegd worden, zoodat hij in de as van  het bouwwerk komt te liggen.   Vanuit Blitar bezocht ik door de heeren Perquin en De  Haan vergezeld, het door de Kloet-cruptie voor den dag  gekomen basementje, dat naar de naastbij liggende desa  Tjandi Soember Nanas (bij Ponggoh) geheeten is. Veel  valt er nog niet van te zeggen. In de onafzienbare lahar-  w^oestijn vormt het een laag verhevenheidje, verborgen in  het steenharde eruptiezand, dat hier en daar een uit- of  insprong doet vermoeden, of een gedeelte van een lijst  bloot laat.   Een tweetal voetstukken en een goed gevormd beeld-  je van Mahakala, welk laatste naar den stijl te oordeelen  tot de vroegste Oost-Javaansche periode moet behooren,  zijn voor t oogenbli"
OV_1919,1919,volcanic_arch_lahar,Volcanic+archaeological: lahar/mudflow,lahar,,,Tjandi Sanggrahan,True,True,,Tjandi Sanggrahan; Mahakala,lahar,,44,"insprong doet vermoeden, of een gedeelte van een lijst  bloot laat.   Een tweetal voetstukken en een goed gevormd beeld-  je van Mahakala, welk laatste naar den stijl te oordeelen  tot de vroegste Oost-Javaansche periode moet behooren,  zijn voor t oogenblik de eenige voorvverpen van belang.   De heer De Haan zal na beeindiging van de vverkzaam^  heden in het Malangsche onmiddellijk de uitgraving ter  hand nemen. Tegelijk zal hij dan naar de andere oudheid,  die in den zijkant van een door de lahar ingescheurde  kali-bedding, niet ver van Soember Nanas, voor den dag  is gekomen. een onderzoek instellen.   De oudheden in het Toeloeng-Agoengsche, die daarna  bezocht werden, geven geen aanleidmg tot opmerkingen.  Het befaamde monniksbeeld, dat aan Brandes zijn bekende  beschouwingen over de m"
OV_1919,1919,volcanic_arch_tephra,Volcanic+archaeological: tephra/ash/tuff,asche,,,Tjandi Sanggrahan,True,True,,Tjandi Sanggrahan; beeld den; beeld  ontbreekt; beeld geleid,asche,,44,"e daarna  bezocht werden, geven geen aanleidmg tot opmerkingen.  Het befaamde monniksbeeld, dat aan Brandes zijn bekende  beschouwingen over de mudra's in de pen geqeven heeft     86    en nog onlangs door den hcer Moens ter sprakc gebracht  is ^), is mij nu gebleken een copie te zijn van een der vijf  Dhyani-buddha-beelden van Tjandi Sanggrahan. Niet alleen  de bonding der handen maar ook de behandeling van  andere details (bijzondere aandacht verdient de slip van  bet gewaad die bij bet Bataviasche en bet Sanggraban-  sche beeld den recbterschouder bedekt, een eigenaardigbeid  die ook bij Tibetaanscbe beclden voorkomt) is bij beide  gebeel eender. Daar bet boofd van bet origineele beeld  ontbreekt, was de namaker voor dit onderdeel op zijn  eigen fantasie aangewezen en gaf bij zijn Buddb"
OV_1919,1919,volcanic_arch_eruption,Volcanic+archaeological: eruption,uitbarsting,,,monumentje,True,True,,monumentje; monumentje; opgraving; opgraving; beeld op,uitbarsting,,46,"an den schat  van steenen, die op hoopen gegooid waren, maakte ik foto  3832. Een zeer mooie vondst is ook de spuier met staart-  stuk, afgebeeld op foto 3831, omdat nu door dit staart-  stuk de lang gezochte constructie van spuier met staart-  stuk vaststaat.     89    Verslag van den Bouwk. Adj* Inspecteur omtrent de  opgraving te Soember Nanas.   Na afloop der werkzaambeden in het Malangsche wcrd  cen begin gemaakt met de opgraving van het monumentje  te Soember Nanas, 't weik met de jongste uitbarsting van  den Kloet aan het licht was gekomen.   Het geheel vertoonde zich als een heuvel te midden  van de lahar en was met een dikke laag modder en  kiezel bedekt. Deze was op een dusdanige wijze vcrhard,  dat het onmogelijk bleek er met een patjol doorheen te  komen en er pikhouweelen voor"
OV_1919,1919,volcanic_arch_lahar,Volcanic+archaeological: lahar/mudflow,lahar,,,monumentje,True,True,,monumentje; monumentje; ontgraving; opgraving; opgraving,lahar,,46,"r met staart-  stuk, afgebeeld op foto 3831, omdat nu door dit staart-  stuk de lang gezochte constructie van spuier met staart-  stuk vaststaat.     89    Verslag van den Bouwk. Adj* Inspecteur omtrent de  opgraving te Soember Nanas.   Na afloop der werkzaambeden in het Malangsche wcrd  cen begin gemaakt met de opgraving van het monumentje  te Soember Nanas, 't weik met de jongste uitbarsting van  den Kloet aan het licht was gekomen.   Het geheel vertoonde zich als een heuvel te midden  van de lahar en was met een dikke laag modder en  kiezel bedekt. Deze was op een dusdanige wijze vcrhard,  dat het onmogelijk bleek er met een patjol doorheen te  komen en er pikhouweelen voor gebruikt moesten worden.  Groote omzichtigheid was echter geboden, daar het  monumentje, uit baksteen opgetrokken,"
OV_1919,1919,excavated,excavated,opgegraven ,,,tempelvoctstuk,True,False,,tempelvoctstuk; monument; monument; ontgraving; opgraving,,,46,"dere ontgraving.   Spoedig daarop kon het te ontgraven terrein in groote  omtrekken uitgezet worden. Dit was noodig, ten eerste  om de op te graven steenen te kunnen optassen, ten  tweede om de afkomende aarde te benutten. Het ligt  nm. in de bedoeling om van deze aarde aan de Oost-  en de Noordzijde een dijk aan te leggen om het monument  zooveel mogelijk tegen bandjir’s te vrijwaren.   Daarna nam het eigenlijke werk der opgraving een  aanvang en kwam het monument geleidelijk aan den dag.   De opgegraven steenen met lijsten, geornamenteerde en  niet geornamenteerde, werden successievelijk tegenover de  zijde waar ze gevonden werden opgetast.   Tot dusver is enkel ontgraven een tempelvoctstuk van  vierkanten grondvorm. Aan de Westzijde is een recht-  hoekige voorsprong, waarin de trap was "
OV_1919,1919,volcanic_arch_lahar,Volcanic+archaeological: lahar/mudflow,lahar,,,Tjandi Panataran,True,True,,Tjandi Panataran; Tjandi Pari; Tjandi Derma; tempel; beeld van Buddha,lahar,,49,"otografische opnamen    in het 3**^ kwartaal 1919.    Nummer   Formaat   Plaats   Korte omschrijving   3756   13 • 18   Sela Manglen, distr. en  afd. Toeloeng Agoeng  (Kediri).   Overzicht der beide grotten.   3757   -   id.   Noordzijde der westelijke  grot.   3758    id.   Oostzijde id.   3759    id.   ' Zuidzijde id.   3760    Gondang lor, distr.  Kalangbret, afd.  Toeloeng Agoeng.   steenen beeld van Buddha.   3761   9f   Tjandi Panataran,  distr. en afd. Blitar.   het tempel-complcx en de  lahar v, d jongste uitbarsting  v/d Kloet.   3762   18 , 23   Tjandi Pari, distr.  Porong, afd. Sidoardjo.   Oostzijde breekgat met oude  profileering.   3763    id.   id. id.   3763   13 ” 18   Tjandi Derma, distr.  Krian, afd. Sidoardjo.   NO.hoek na de herstelling.   3765   ”   id.   NO.hoek (det"
OV_1919,1919,volcanic_arch_lahar,Volcanic+archaeological: lahar/mudflow,lahar,,,Tjandi Asoe,True,True,,Tjandi Asoe; Tjandi Panataran; tempel; tempel; tempel,lahar,,51,"tempel- Fragmenten   van groote Kalakoppen.   3834    id.   id. id.   3835    id.   id. id.   3836   00   id.   id. Gai.iega-beeld *).   3837    id.   id. id. van ter zijde.   3838    id.   id. id. na herplaatsing.   3839    Tjandi Asoe, distr.  Moentilan afd.  Magelang.   aaniicht tempel (Rapp. Oudh.  Comm. 1903 p. 58 sq, en  pi. 36).   3840    Oost-Java.   drie stecnen Kala-koppen  (Banaspati‘s).   3841    id.   id.   3842   13 X IS   Tjandi Panataran, distr.  en afd. Blitar.   fundamenten in lahar NW.  v/h Panataran-terrein.   3843    id.   rak^asa v/d trapvleugel v/d  hoofdtempel.   3844    id.   Noordoosthoek v/h terras  met jaartal.   3845   ft   id.   detail Oostzijde van idem.   3846    id.   zijaanzicht trapvleugel id.   3847    id.   vooraanzicht id.   3848   ft   id.   zijaanzic"
OV_1919,1919,excavated,excavated,opgegraven ,,,tempel,True,False,,tempel; tempel; tempel; opgraving; Lingga,,,52,"id.   418   Soengei Kroh, onderafd.  Moesi Hilir (Sekajoe)  Palembang.   419—   Doesoen Poctih en Toeah,   424   afd. Bangko, Res.  Djambi.   425—   Tombang papan, onderafd.   427   Padanglawas, afd. Padang  Sidempoean (Res. Tapa-  noeli).   428   Sletring, distr. Soemberwa-  roe, afd. Panaroekan, res.  Besoeki.    steenen koppen van Wairocana,  Ratnasambhawa en Amitabha,  gevonden bij opgraving, en een  losse steenen Bodhisattwa-kop,  opgedolven te Plaosan (Zuider-  tempel).   hoek-antefix, opgegraven aan de  Westzijde van het Tjandi-Se-  woe-complex.   Steen met de letters; WQ (0  en het jaartal 1696.   zgn. Lingga-tempel, op het Jang-  plateau, van af den oostelijken  top v/d Gng. Argapoera.   staatsie-wagen (kreta singha).   id.   id.   staatsie.-wagen (kreta singha).   id.   id.   kop"
OV_1919,1919,volcanic_arch_tephra,Volcanic+archaeological: tephra/ash/tuff,asch,,,beeld No,True,True,afdeeling Bronskamer,beeld No; steenen beeld,asch,afdeeling Bronskamer,57,"olo, 12 December 1919.     Bijlage N    De Juweelpotten van Kuwera*   Krom. De Buddhistische bronzen in het  Museum te Batavia, Rapp, v 'd Comm,  in N. I. V. Oudhk. Onderz. 1 9 1 2, p. 1 sq.   Korte Gids v/d ArcheoL Verz. v h Bat.  Gen. V. K. en W. 1919 (KGAV),  afdeeling Bronskamer.   Voorzoover de bronzen reeds in den  Catalog us van Groeneveldt opgeno-  men zijn, kan men daar elk stuk  beschreven vinden onder het nummer,  dat het in KGAV draagt.    Het is bekend, dat de bronzen in het Bataviaasch  Museum, welke Kuwera voorstellen, veelal ecn voetstuk  hebben, dat met potten versierd is. Deze versiering vindt  men ook bij het steenen beeld No. 207 (KGAV, Rot.  Zuid^ gehjk bij verscheiden bronzen in 's Rijks Ethnogr.  Museum te Leiden. Men beschouwt deze potten als geld-  potten, schatvaz"
OV_1919,1919,excavated,excavated,uitgegraven ,,,tempel,True,True,,tempel; fundament,lahar,,68,"gevonden.   Van het poortgebouw is niet veel meer over dan het  fundament. Alleenlijk konden aan de Westzijde, waar  het terrein oorspronkelijk zoo veel lager geweest moct zijn,  nog een paar treden en een klein gedeelte van een der  trapvleugels geconstateerd worden.   Nadat aan de Westzijde de ringmuur ontdekt was,  werd ook aan de overige zijden een onderzoek inge-  steld en de muur gemakkelijk gevonden, Aan de Oost-  zijde steken nog enkele tronken van den muur bovcn  het terrein uit.   De uitgegraven stukken en steenen werden tegenover  de zijden waar zij gevonden waren, langs de terreingrens  opgetast.     132    Daar dc tempel midden in de lahar-zone cn derhalve  midden in 't bandjir-gebied ligt, was hct gevaar voor  een eventueele overs trooming niet denkbeeldig. Om o ver-  stroomi"
OV_1919,1919,volcanic_arch_lahar,Volcanic+archaeological: lahar/mudflow,lahar,,,tempel,True,True,,tempel,lahar,,68,"ger geweest moct zijn,  nog een paar treden en een klein gedeelte van een der  trapvleugels geconstateerd worden.   Nadat aan de Westzijde de ringmuur ontdekt was,  werd ook aan de overige zijden een onderzoek inge-  steld en de muur gemakkelijk gevonden, Aan de Oost-  zijde steken nog enkele tronken van den muur bovcn  het terrein uit.   De uitgegraven stukken en steenen werden tegenover  de zijden waar zij gevonden waren, langs de terreingrens  opgetast.     132    Daar dc tempel midden in de lahar-zone cn derhalve  midden in 't bandjir-gebied ligt, was hct gevaar voor  een eventueele overs trooming niet denkbeeldig. Om o ver-  strooming zoovcel mogelijk te voorkomen, werd met de  uitgcgraven aarde aan de gevaarlijke zijden een lage dijk aan-  gelegd. Aan de buitenzijden werd de dijk met"
OV_1919,1919,volcanic_arch_v_ijen,Volcanic+archaeological: Ijen,ijen,,,tempel van uit,True,True,,tempel van uit; Beeld van Wisnu; Wisnu,ijen,,70,"3)   id.   Hof II, oostelijk gedeelte. naar  het N. gezien.   6 (129)   id.   Soubassement van het centrale  bouwwerk na de deblayeering ;  hof IL   7 (132)   id.   Rahu, gevonden in hof IL   8 (135)   id.   Details van westeiijke gapoera;  Westgalerij-   9 (348)   id   Beelden in het zuidelijk deel der  kruisgalerij.   10 (355)   id.   Valsche deur (westeiijke galerijcn).   11 (360)   id.   Naga bij den westelijken ingang.   12 (367)   id.   Beeld van Wisnu, zuidelijke arm  der westeiijke galerijen.   13 (368)   id.   Westeiijke ingang. Middendeur.   14 (417)   id   Gezicht op den tempel van uit  de bibliotheek.   15 (498)   id.   Pilaster.   16 (509)   id.   Biddende figuur (hout) in de kruis-  galerij.   17 (442)   Angkor Thom Prea khan   Reuzen.   18 (443)   id.   Reus, een naga van de"
OV_1919,1919,excavated,excavated,opgegraven ,,,Tjandi Prambanan,True,False,,Tjandi Prambanan; tempels,,,75,"4004    id.   id. NO. hoeken na de herplaat-  sing van hoeken, spuiers en  balustrades.   4005   -   id.   !   id. NO. hoeken na de herstel-  ling.   4006   ,,   .d.   id. ZO, hoeken in 1919.   4007    id.   id. id, id.   4008    id.   id. NW. hoeken, id.   4009   ,,   id.   id. ZW. hoeken, id.   4010   t f   id-   gezicht op de hoofdtempels van  uit dc pasanggrahan.   4011    id. >   Westzijde van Zuid naar Noord,  na ged. opruiming v/d steen-  hoopen in 1919.   4012   t f   id.   fragmenten, opgegraven uit de  steenhoopen a d Westzijde.   4013   18 X 24   id.   id. id.   4014   id.   fragrrenten afkomstig uit de steen-  hoopen a/d West- en Zuidzijde,   4015   ..   id.   id. id.   4016   9 9   id.   id. id.   4017   f 9   id.   na de sorteering en opstelling  van eenige fragmenten in 1919"
OV_1920,1920,volcanic_arch_tephra,Volcanic+archaeological: tephra/ash/tuff,asch,,,Tjandi Soembernanas,True,True,,Tjandi Soembernanas; Monumenten; beeldhouwwerk,asch,,1,"taal 1920 11   „ B. Eigenaardigheden van Hindoe-Monumenten I door P. J. Perquin ..... .24   „ C. Tjandi Soembernanas.   Bouwkundige beschrijving door B. de Haan 25   Het beeldhouwwerk door Dr. F. D. K. Bosch 31   „ D. Historische gegevens uit Balische oorkonden I door P. V. van Stein Callenfels . 40   Oudheidkundig Verslag over het tweede kwartaal 1920 45   Bijlage E. Lijst der Fotografische opnamen in het tweede kwartaal 1920 53   „ F. Aanwinsten van de Archaeologische collectie van het Bataviaasch Genootschap   door Dr. F. D. K. Bosch 5 7   „ G. Rapport over een dienstreis door een deel van Sumatra door P. V. van Stein   Callenfels 62   Oudheidkundig Verslag over het derde kwartaal 1920 77   Bijlage H. Lijst der Fotografische opnamen in het derde kwartaal 1920 93   ,, I. Epigraphische en"
OV_1920,1920,volcanic_arch_v_kelud,Volcanic+archaeological: Kelud,Kloet,,,tjandi  Soembprn an,True,True,,tjandi  Soembprn an; beeld is,Kloet,,2,"men pm  <fe pnderwerpep, die i nch ddartoe leenen, bv. de beschf^virigeu van kleinere monu-  inenten,' die! in den vertAa^tq d . afgewerkt zijn, in de kwartaal-verslagen op te nemen.  Zoo doende zal bet rich gedurig ophoopende ongepubliceerde studie-materiaal gelei-  delijjk aari terjteanis van het publiek gebracht kunncn worden. Als eerste proeve  van een dergelijke beschrpving is hierachter opgenomen ecn Bijlage, waarin tjandi  Soembprn an aa, ■ bet interessante bouwwerkje, dat bij de jongste Kloet-eruptic voor  den-dag gekomen is, zoo volledtg mogelijk in woord en beeld is'vastgelegd. _   . In de. inrich ting van het Kwartaal-verslag zal verder geen wijziging gebracht  fed^den, Eyenals vrbeger ztdlcri onder dc bekende hoofdjes over*- den gang der vverk-  .Ci feamhcden eri andere zaken ,"
OV_1920,1920,volcanic_arch_v_ijen,Volcanic+archaeological: Ijen,ijen,,,tempels,True,True,,tempels; tempelterreuji; tempel; tempels; tempelterrein,ijen,,4,"plaatste steenen.   De antgraving der bijtempels aan de Zuidzijde werd voortgezet en de uit-  gegraven grond vervoerd naar den weg ten Noorden van het tempelterreuji.   - ?• In de tweede helft van dit kwartaal werd de opruiming der steenhoopen met  kracht aangevat aan de estzijde. De onbewerkte steenen werden regelmatig opge-  - tast langs den buitensten terrein-ringmuur am eventueel gebruikt te worden voor  den verderen opbouw van den hoofdtempel; de geprofileerde steenen werden tijdelijk  in rijen geplaatst op de bijtempels, omdat voorloopig op het binnen-tempelterrein  geen plaats is; naar dit terrein worden echter die steenen vervoerd, die voor een  mogelijke herplaatsing in aanmerking komen; zooveel mogelijk worden ze daar  r gesorteerd.   De bestaande terreinrringmuren werden voor zo"
OV_1920,1920,excavated,excavated,uitgegraven ,,,,False,False,,,,,5,"behoord hebben. Te gelegener tijd zal getracht worden de stukken  der fragmenten samen te stellen, om die dan aldus op • het terrein te plaatsen.   Het onderzoek naar den ringmuur leverde geen resultaten op.   De vier fraaie banaspati's, die willekeurig op het terrein verspreid lagen,  werden langs de grens opgesteld. Nadat het graafwerk afgeloopen was en de steenen  voorloopig gesorteerd en langs het terrein opgesteld waren werd dit door een pagger  van bamboe en lontoro afgesloten.   Daar het uitgegraven gedeelte vrijwel op gelijke hoogte ligt als de sawah's  aan de Noordzijde, kan het water niet voldoende snel wegloopen, waardoor het in den  regentijd drassig blijft. Om dit gedeelte begaanbaar te maken, werd het met gras-  zoden belegd, waardoor het bij regenweer wel vochtig is, maar ge"
OV_1920,1920,excavated,excavated,opgegraven ,,,Tjandi Soembernanas werden,True,False,,Tjandi Soembernanas werden; tempeltjes; tempelterrein; beeldhouwwerk,,,7,"ds bestaanden terreinringmuur aan deze zijde. Aan de Noordzijde werd ook begonnen  met het ontgraven van de derde rij bijtempeltjes in de richting van West naar Oost,  zoodat binnen kort een aanvang gemaakt kan worden met het opruimen van de  steenhoopen aan den Noordwesthoek. Het sorteeren van de geornamenteerde steenen  werd voortgezet. Tegenover den nieuwen toegangsweg naar het tempelterrein werd  een wegwijzer geplaatst.   § 6. T^onddten.   Eenige belangrijke vondsten w.o. een fraai bronsje opgegraven in het Malang-  sche zullen in het volgende verslag besproken worden. %   § 7. Epigraphie en Iconographie.   Als Bijlagen vindt men hierachter een nota over het beeldhouwwerk van  Soembemanas en de publicatie van eenige historische gegevens van de Balische  koperen platen opgespoord door "
OV_1920,1920,volcanic_arch_eruption,Volcanic+archaeological: eruption,uitbarsting,,,heiligdom,True,True,,heiligdom,uitbarsting,,17,"' B. DE HA AN.      Oudheidkundige vondsten   : g^ KLOC. t'I ^ omcn meesti 4 toevallig . en  - door biizondere gebeurtenis-    v-   v r '&'ZZ-lM    door bijzondere gebeurtenis-  sen aan het licht. Zoo ook de    • nffne van een heiligdom nabij   &iin5v/V-''' | iy i / xr i- -\ __ > i    TVTHvt.v*   ■ •■ *i 2 sS* 7 !f*   ,:pj 7«pir'.7'   /'•‘■.'it.. •    y^Wnlvra      7 /    '* • ' 7‘; Ponggok (res. Kediri) op bet   > : . "" , /' ' pcrceel Soembemanas. De   ' '--o' /'*‘ ((.• "" ' - verschrikkelijke uitbarsting   i.., , ^' M| van den Kloet in den nacbt   * ‘ *j . 7 ' | ( van 19 op 20 Mei '19 was bier   jVSoS&ern hn/uff' } / i \ de direcfce oorzaak van de   /•' \ / / l ( I ontdekking. De groote, alles   pc . gat . •■' y I /Jr yQf.jut— ( vemielendc labargolven, die   Qjy-^-.^ 1 — j— / // Ji a t 1 "
OV_1920,1920,burial_partial,partially underground,grootendeels onder den grond,,,tempel,True,False,,tempel; tempel; fundamenten; ontgraving; Brahma,,,23,"elijken vleugel (pi. 16 en V). Deze eindigt met den bekenden krulvorm, maar  mist het typische voetstuk van Panataran, Sawentar etc.   Het terrein aan de buitenzijde van deze ringmuur is oorspronkelijk belangrijk  lager geweest dan dat aan de binnenzijde. Dit bewijst het hoogteverschil in den       OUDHEIDKUNDIG VERSLAG, EERSTE KWARTAAL 1920    31    aanleg van de trap buiten de poort (Westzijde) en het niveau, waarop de tempel  en de terrassen staan.   De overblijfselen van den ringmuur zitten grootendeels onder den grond,  alleen aan de Oostzijde is er een gedeelte van zichtbaar (pi. 15). Het onderzoek  heeft geleerd, dat het een rondloopende muur was zonder meer. Noch op de hoeken,  noch elders, werden fundamenten van torens of pilasters gevonden.   In de onmiddellijke nabijheid van den"
OV_1920,1920,volcanic_arch_eruption,Volcanic+archaeological: eruption,eruptie,,,tempel,True,True,,tempel; tempel; tempel; tempel; fundamenten,eruptie,,23,"tbaar (pi. 15). Het onderzoek  heeft geleerd, dat het een rondloopende muur was zonder meer. Noch op de hoeken,  noch elders, werden fundamenten van torens of pilasters gevonden.   In de onmiddellijke nabijheid van den tempel werden tijdens de ontgraving  een tweetal fraaie beeldjes, een steenen kist en enkele steenen zuiltjes opgegraven,  (piwa-Guru (pi. 17) tegenover de Noordzijde en Brahma (pi. 18) tegenover den  Noord- W esthoek van den tempel.   Een derde beeldje (pi. 19) werd direct na de eruptie op den top van den  heuvel aangetroffen. De steenen kist met de verschillende stukken van het deksel (pi. 21)  werden aan de oostzijde van den tempel .opgegraven. De kist lag met den bodem  naar boven gekeerd en op korten afstand van den tempel. De wanden zijn vlak en  zonder versiering, all"
OV_1920,1920,volcanic_arch_eruption,Volcanic+archaeological: eruption,eruptie,,,monument,True,True,,monument; monument; monumenten; ontgraving; BEELDHOUWWERK,eruptie,,23,"n gegaan. Uit de gemaakte opmerkingen is kunnen blijken, dat het monument  in vele opzichten van het gewone Oost-Javaansche type afweek. M. i. is de ver-  onderstelling, dat we hier te doen hebben met een monument uit de vroegste Oost-  Javaansche periode, niet te gewaagd.   Mogelijk, dat dit later bij een vergelijkende stijlstudie van de Oost-Javaansche  monumenten liog duidelijker blijken zal.   Blitar, 29 April 1920.    II. HET BEELDHOUWWERK .   DOOR   Dr. F. D. K. BOSCH.    Het bij de Kloet-eruptie en de daarop gevolgde ontgraving te Soembemanas voor  den dag gekomen beeldhouwwerk brengt der iconographische wetenschap geen nieuws.   De Mahaguru en de Brahma (pi. 17 en 18) zijn op de overbekende wijze uitgebeeld.  De beschadigde linkerhand van het laatste beeld, hield, zooals de vergeli"
OV_1920,1920,discovered,brought to light,aan het licht gebracht,,,Tjandi Goenoeng Gangsir,True,False,,Tjandi Goenoeng Gangsir; tjandi Dj ago; heiligdom,,,29,"nemingen gebaseerde con-  clusion van den heer de Haan, zijn wij dus tot de slotsom gekomen, dat de beelden van  Soembernanas tot de oudere — waarschijnlijk de oudste — voortbrengselen der Oost-  Javaansche kunst gerekend rnoeten worden; een slotsom, die onder het boven gemaakte  voorbehoud, als een bevestiging der geheej daarmede overeenstemmende onderstelling  omtrent den vervaardigingstijd van het heiligdom zelf mag aangemerkt worden.   ' Nog iets van algemeener belang heeft het bovenstaande aan het licht gebracht.   Moeilijk kan meer ontkend worden, dat de Midden- J avaansche tradities ook  in de beeldbouwkunst op Oost-Java zijn voortgezet. Voor de architectuur was dit  reeds lang aangetoond. De hiervoor genoemde Tjandi Goenoeng Gangsir immers  vormt de trait-d'union tusschen Midden- e"
OV_1920,1920,volcanic_arch_tephra,Volcanic+archaeological: tephra/ash/tuff,ascht,,,tempel,True,True,,tempel; tempel; monumenten; beeldhouwwerken,ascht,,30,"at bij de overbrenging  van de Hindoe-Javaansche cultuur naar het Oosten de ontwikkeling der beeldhouw-  kunst onderbroken was geworden en nieuwe, onbekende invloeden hun stempel daar-  op gedrukt hadden. Soembernanas heeft nu bewezen, dat, althans den eersten tijd  van het bestaan der Oost-Javaansche rijken de uit Midden- Java medegebrachte  opvattingen in eere gehouden zijn. Hiermede is tenminste een der tusschen Midden-  Java en Singosari ontbrekende verbindingsschakels teruggevonden en ingelascht.   Ten slotte bespreken wij nog een vraag op welker beant w oording- wij hier  en daar reeds vooruitgeloopen zijn: de plaatsing der gevonden en niet-gevonden  beeldhouwwerken aan of bij de ontgraven monumenten.   De Guru is voor den dag gekomen tegenover de Noordzijde van het fun-  dament. Daa"
OV_1920,1920,volcanic_arch_lahar,Volcanic+archaeological: lahar/mudflow,laharstroom,,,tjandi Singasari,True,True,,tjandi Singasari; tempel; monumenten; beeldhouwwerken; beeld door,laharstroom,,30,"tte bespreken wij nog een vraag op welker beant w oording- wij hier  en daar reeds vooruitgeloopen zijn: de plaatsing der gevonden en niet-gevonden  beeldhouwwerken aan of bij de ontgraven monumenten.   De Guru is voor den dag gekomen tegenover de Noordzijde van het fun-  dament. Daar de achterzijde van den tempel, hier Oost, steeds voor Gane^a  gereserveerd is en dus de Guru niet van een nis op dien wand afkomstig kan zijn  3 »n voorts niet aan te nemen is, dat het eerstgenoemde beeld door den laharstroom  van den Zuidkant om het basement heen naar het Noorden gespoeld is, is zijn  oorspronkelijke standplaats waarschijnlijk de Noorder-nis geweest. De niet-gevonden  DurgS. is daarmede op de Zuider-nis aangewezen.   Deze opstelling is geheel eenig op Java.   Naar men weet is Durga zoowel bi"
OV_1920,1920,exposed,exposed/uncovered,blootgelegd,,,Tjandi Sanggrahan,True,False,,Tjandi Sanggrahan; tempel; monumentje; ontgravingswerk; baksteenen,,,37,"verslag zal van dit monumentje een afzonderlijke beschrijving  gepubliceerd worden.    V trdag van den adj . bouwk. Inapecleur.    Tjandi Sanggrahan. In begin April, direct na beeindiging der werk-  zaamheden te Bajolangoe, werd begonnen met het ontgravingswerk te Sanggrahan,  Zooals bekend is, staat deze tempel op een kunstmatig verhoogd plateau, hetwelk  aan de zijden door een baksteenen ringmuur is, afgesloten.   In 1918 werden de Noord- en Oostzijde van dezen ringmuur door den heer  Perquin blootgelegd; thans zouden de twee overige zijden ontgraven worden ten  einde het plateau aan alle zijden vrij te krijgen. Met de bevolking werd vooraf een  overeenkomst aangegaan omtrent vergoeding van vruchtboomen, etc. en aankoop van  het benoodigde terrein.   Nadien werden diverse boomen gekapt e"
OV_1920,1920,burial_partial,partially underground,"gedeeltelijkin 
den grond",,,tjandi Djawi nog,True,False,district Kanigoro,tjandi Djawi nog; Tjandi Prambanan; tempel; tempeltjes; ontgraving,,district Kanigoro,39,"Deze dienen dus weer zoo spoedig mogelijk aangebracLt  te worden.   Voorts werd tjandi Djawi nog bezocht, waaromtrent ecLter niets is te melden   In den loop van het kwartaal bood de heer de Rooy te Blitar zijn collectie  beelden den dienst te koop aan. Op last van den chef werd— de collectie aangekocht  en naar het Regentserf te Blitar getransporteerd.   In de desa „Setrian” onderdistrict Kanigoro, afd. Blitar, werd onder een  groote wringinboom een beschreven steen aangetroffen. Deze zit nog gedeeltelijkin  den grond en zal te gelegener tijd uitgegraven worden.    VcrAaq van den Bouwk. Opzichter.    Tjandi Prambanan. In dit kwartaal kwam de terreinringmuur aan de  Noordzijde gereed tot direct bij den Noord-Oosthoek van het terrein. Met het  opruimen van den steenhoop aan de Westzijde vor"
OV_1920,1920,excavated,excavated,uitgegraven ,,,tjandi Djawi nog,True,False,district Kanigoro,tjandi Djawi nog; Tjandi Prambanan; tempel; tempeltjes; tempeltjes,,district Kanigoro,39,"cLt  te worden.   Voorts werd tjandi Djawi nog bezocht, waaromtrent ecLter niets is te melden   In den loop van het kwartaal bood de heer de Rooy te Blitar zijn collectie  beelden den dienst te koop aan. Op last van den chef werd— de collectie aangekocht  en naar het Regentserf te Blitar getransporteerd.   In de desa „Setrian” onderdistrict Kanigoro, afd. Blitar, werd onder een  groote wringinboom een beschreven steen aangetroffen. Deze zit nog gedeeltelijkin  den grond en zal te gelegener tijd uitgegraven worden.    VcrAaq van den Bouwk. Opzichter.    Tjandi Prambanan. In dit kwartaal kwam de terreinringmuur aan de  Noordzijde gereed tot direct bij den Noord-Oosthoek van het terrein. Met het  opruimen van den steenhoop aan de Westzijde vorderde men tot op de hoogte van  den doorgang tussc"
OV_1920,1920,exposed,exposed/uncovered,blootgelegd,,,tempel,True,False,,tempel; tempeltjes; tempeltjes; tempeltjes; tempel,,,39,"dit kwartaal kwam de terreinringmuur aan de  Noordzijde gereed tot direct bij den Noord-Oosthoek van het terrein. Met het  opruimen van den steenhoop aan de Westzijde vorderde men tot op de hoogte van  den doorgang tusschen Brahma en ^iwatempel. Aan de Noordzijde werd ook  voortgegaan met de ontgraving van de bijtempeltjes. Aan de Noord-Oostzijde werd  begonnen met het ontgraven van de bijtempeltjes en werd hier een van de  voetstukken van gen vierde rij tempeltjes aan de Oostzijde  gevonden en blootgelegd. Ook werd een aanvang gemaakt met Let opruimen  van den steenhoop aan de Noordzijde van het terrein en achter den Oiwatempel, doch  deze werkzaamheden moesten gestaakt worden, daar er in Let begin van dit kwartaal  al niet genoeg koelies beschikbaar waren, dus werd alleen voortgegaan met"
OV_1920,1920,volcanic_arch_tephra,Volcanic+archaeological: tephra/ash/tuff,ASCH,,,tempel,True,True,desa Babadan,tempel; tempelrmgmuur; beeld ver,ASCH,desa Babadan,42,"Idem    hoek-antefixen beboorende bij de  kroonlijst v/d tweeden tempel-  ringmuur, twee stuks op elkaar  ter vergelijking.   gedeelte v/d kroonlijst v/d 2den  tempelrmgmuur; zie foto’s No.    Idem   Idem    Idem   Idem    5255-5259.   id. id. id.   gedeelte v/een zittend beeld ver-  moedelijk boven een der in-  gangen naar de cella s.   id. id. meer gecom-   pleteerd.   id. id. id.     * .%   ■           ■     5 .    BIJLAGE F   AAN WIN STEN VAN DE ARCHAEOLOGISCHE COL-  LECTIE VAN HET BATAVIAASCH GENOOTSCHAP   DOOR   Dr. F. D. K. BOSCH    J. De bronzen Rakdcua van deva Babadan.   Het hierbij afgebeelde bronsje werd in het begin van dit jaar door inlanders  bij het patjoelen van den grond in de desa Babadan, onderdistr. Magoewan, distr.  Senggoeroeh, afd. Malang (Topogr. Kaart Pasoeroean, "
OV_1920,1920,volcanic_arch_tephra,Volcanic+archaeological: tephra/ash/tuff,asch,,,beeld te,True,True,desa Parapatan,beeld te,asch,desa Parapatan,46,"et voorwerp (bij processies e.d.) rond-  gedragen werd. Het bovenstuk fungeert als deksel en kan naar achteren om een  scharniertje omgeklapt worden. Het draagt een ruw-gevormd, zittend vrouwe-figuurtje*  boven welks hoofd zich welft een baldakijn, waarvan de vorm aan een boomblad  met hoogopstaanden middennerf ontleend schijnt, gedragen door twee elegante  colonettes.   3. Een terracotta-antefix uit bet Cheribonoche.   Onder de aanwinsten van 1919 is in Bijlage XI der Notulen van het Bata-  viaasch Genootschap als No. 5758 een door den heer F. James aan het Museum  ten geschenke gegeven ornament ingeschreven, dat wel belangrijk genoeg is om hier  afzonderlijk besproken en afgebeeld te worden (PI. 6). Het is een zgn. antefix en  werd gevonden ten Noorden van den grooten postweg op de hoogt"
OV_1920,1920,volcanic_arch_v_ijen,Volcanic+archaeological: Ijen,Idjen,,,tjandi Goenoeng Gangsir,True,True,,tjandi Goenoeng Gangsir; tempel; heiligdommen; heiligdom; heiligdom,Idjen,,47,"en enz. 1 )   Of de latere Cheribonsche pottebakkerskunst is voortgekomen uit de Hindoe-  Javaansche, van welks bestaan het antefix getuigenis aflegt? Het bewijs hiervoor is  moeilijk te leveren. Het gebruik van baksteenen ornamenten voor heiligdommen  is op Java niet tot Cheribon beperkt geweest. Ook in streken, waar thans de  ceramiek niet meer beoefend wordt, zijn baksteenen versieringsstukken aangetrofifen,  zoo b.v. te Tjandiredjo in het Magelangsche (distr- Grabag) 2 ) op den top van  het Idjen-plateau s ) enz.   De eenige gespaard gebleven tempel, waarvan de terracotta ornamenten nog  hunne oorspronkelijke plaats innemen, is tjandi Goenoeng Gangsir bij Sidoardjo,  die geheel uit bakstecn is opgetrQkken. Was het Cheribonsche heiligdom, waartoe  het antefix behoord heeft, uit hetzelfd"
OV_1920,1920,burial,completely underground,geheel onder den grond,,,tempeltjes,True,False,,tempeltjes; ruine,,,58,"haam, verder twee lotuskussens en enkele deelen van een hoektorentje.  De vorm van de biara is als die van Goenoeng toewa tonga, dus voor de eigenlijke  biara een soort voorportaal. Aan de ruine gezien, zou ik zeggen, dat de biara zeer  groot en hoog is geweest. De muur is gedeeltelijk nog te vinden en op zij twee graven  meen ik (dit zullen wel restanten van neventempeltjes zijn, tot simpele puinhoopen  vervallen. v. St. C.). De makara’s zijn bijzonder groot, staan nog op hun plaats en  watren geheel onder den grond verborgen. W^e konden ’t voetstuk aog niet zien  en toen was de hoogte van 't uitgegraven gedeelte al 70 cM. 't Is onmogelijk ze te  verplaatsen, daarvoor zijn ze te zwaar .... De biara is geheel ingestort en zwaar  begroeid.”      ■tj      S r, vi >%    W-V-. ■"" l*. I    ’ «*"
OV_1920,1920,excavated,excavated,uitgegraven ,,,tempeltjes,True,False,,tempeltjes; ruine,,,58,"e van Goenoeng toewa tonga, dus voor de eigenlijke  biara een soort voorportaal. Aan de ruine gezien, zou ik zeggen, dat de biara zeer  groot en hoog is geweest. De muur is gedeeltelijk nog te vinden en op zij twee graven  meen ik (dit zullen wel restanten van neventempeltjes zijn, tot simpele puinhoopen  vervallen. v. St. C.). De makara’s zijn bijzonder groot, staan nog op hun plaats en  watren geheel onder den grond verborgen. W^e konden ’t voetstuk aog niet zien  en toen was de hoogte van 't uitgegraven gedeelte al 70 cM. 't Is onmogelijk ze te  verplaatsen, daarvoor zijn ze te zwaar .... De biara is geheel ingestort en zwaar  begroeid.”      ■tj      S r, vi >%    W-V-. ■"" l*. I    ’ «*• 5 *3 n    jg£. * .   / V \     72 OUDIIE1DKUNDIG VERSLAG, TWEEDE KWARTAAL 1920   Tenslotte moet er "
OV_1920,1920,exposed,exposed/uncovered,bloot gelegd,,,tjandi Rambianak is,True,False,,tjandi Rambianak is; tjandi N g; tempelvoet; tempelvoet; ontgraving,,,63,"den Bouwkundigen hwpecteur.    Nieuwe opnamen. In de omgeving van Moentilan werden de verschil-  lende bekende oudheden bezocht. Van tjandi Rambianak is niets meer te vin-  den. Een onderzoek op het plateau van den heuvel W o e k i r gaf weinig meer te  zien dan reeds in ket derde kwartaalverslag van 1919 is gememoreerd. Een opmer-  kelijk beeldvoetstuk, dat bij gelegenheid zal gefotografeerd worden, werd door mij  uit den grond gehaald en goed gesteld ; de restanten van een tempelvoet werden  bloot gelegd, veel bijzonders is hierbij niet voor den dag gekomen.   De ligging van tjandi N g r a d j e k weiti onderzocht, de restanten van den  tempelvoet blootgegraven, om te onderzoeken of een eventueele waterafvoer, in  verband met de diepte, mogelijk zou zijn : de overblijfselen zijn belangri"
OV_1920,1920,burial,buried/sunk in ground,onder den grond bedolven,,,tempel,True,True,,tempel; tempelringmuur; tempelterrein; tempelterrein; tempelcomplex,ijen,,65,"loofde; met genoegen kon ik constateeren dat de bouw gestaakt is.   Te Prambanan werd doorgewerkt aan het stellen der balustraden van den  (Piwatempel; van den tweeden tempelringmuur zijn twee uitwendige hoeken afgesteld ;  aan de herplaatsing en het bijmaken van steenen aan den Westelijken muur van het  boven-tempelterrein werd doorgewerkt; evenzoo aan de afscheiding van het  buiten-tempelterrein.   Nu gebleken is, dat er aan de Oostelijke zijde van het tempelcomplex geen drie  maar vier rijen onder den grond bedolven liggen en daar dus de ontgraving tot den  grondslag van deze rij zal moeten geschieden, moet ook de terreinringmuur, die  (zooals bekend, alleen dient voor de afsluiting van het geheele tempelcomplex) dieper  worden aangelegd. De opruiming der steenhoopen aan den W estkant w"
OV_1920,1920,volcanic_arch_lahar,Volcanic+archaeological: lahar/mudflow,laharkeien,,,tempelterrein,True,True,,tempelterrein; tempel; tempels; monumenten; ontgraving,laharkeien,,67,"e ontgraving is thans over het geheele terrein tot op d: 1.15 boven het  vermoedelijk oorspronkelijke tempelterrein gevorderd. Hier en daar beginnen zich  baksteenen bouwwerken aan de oppervlakte te vertoonen, waarvan echter de bestem-  ming en mogelijke onderlinge samenhang nog niet is te bepalen. Ook hiervoor dient  eerst de verdere ontgraving afgewacht te worden. Het tot dusver bloot gekomen  deel van den voet, is behalve de afgestorte hoeken, geheel onbeschadigd, wat, gezien  de vele groote laharkeien, die gedurende de ontgraving voor en tegen de tempel  werden gevonden, een wonder mag heeten. In welken toestand het benedengedeelte  verkeert, moet afgewacht worden ; de gunstige toestand van het bovengedeelte wettigt  de veronderstelling, dat het benedengedeelte eveneens nagenoeg onbesc"
OV_1920,1920,excavated,excavated,opgegraven ,,,Tjandi A zooals,True,True,,Tjandi A zooals; tempels,kratermeer,,68,"mille werden geraamd.   Het behoeft geen betoog, dat het voor de in het moeras gelegen bouwvallen  hoogst noodzakelijk is, tot algeheele dr aineering over te gaan. Door den voortdurend  drassigen toestand van den grond z ijn de steenen steeds volgezogen met vocht, dat  verdampt als de zon er op schijnt en de in het water opgeloste bestanddeelen  achterlaat, welke den steen in meerdere of mindere mate aantasten. Een vergelijking van  de basreliefs van Tjandi A zooals zij ruim 5 jaar geleden zijn opgegraven en zooals  zij nu zijn is voldoende illustratie voor dit betoog. Doch er is meer. Het is duidelijk  dat in den tijd, dat de Ardjoenatempels en alle andere gebouwen, die nu in het  moeras liggen, werden opgericht, het DiSngplateau nog niet zoo drassig was als  het nu is. Van bevoegde zijde"
OV_1920,1920,volcanic_arch_crater,Volcanic+archaeological: crater,kratermeer,,,Tjandi A zooals,True,True,,Tjandi A zooals; tempels,kratermeer,,69,"basreliefs van Tjandi A zooals zij ruim 5 jaar geleden zijn opgegraven en zooals  zij nu zijn is voldoende illustratie voor dit betoog. Doch er is meer. Het is duidelijk  dat in den tijd, dat de Ardjoenatempels en alle andere gebouwen, die nu in het  moeras liggen, werden opgericht, het DiSngplateau nog niet zoo drassig was als  het nu is. Van bevoegde zijde werd er de aandacht op gevestigd, dat het zeer  goed mogelijk kan zijn, dat in den aanvang het plateau droog was en er in het  centrum een kratermeer gelegen was, waarvan de zoogenaamde Bale kambang nog  het overblijfsel zou zijn. De oude stad zou dan aan den oever van het meer gebouwd  zijn en later zou door de een of andere oorzaak, bv. aardstortingen e.d. in het door-  braakdal van de Kali Toelis, die de natuurlijke afwate^ng van he"
OV_1920,1920,depth_m,diepte van X.X M,"diepte 
van 4.28 M",4.28,meter,fundamenten,True,True,,fundamenten; fundamenten,kratermeer,,69,"n van de Ardjoena-  groep eene diepte heeft bereikt van 4.28 M. Nog 5 meter meer naar het Zuiden  peilende bereikte men plotseling op 10 M. nog geen grond. Hier is dus de oever  van het oude kratermeer bereikt, dat veel grooter van omvang blijkt te zijn geweest  dan de tegenwoordige Bale kambang, terwijl daardoor tevens vast stond, dat, inge-  volge bovenvermelde hypothese aannemende, dat hier inderdaad vroeger een stad  aan het meer gelegen heeft, de draineering van het plateau slechts tot een diepte  van 4.28 M. noodig zou zijn om de geheele stad te voorschijn te kunnen brengen.     84    OUDHEIDKUNDIG VERSLAG, DERDE KWARTAAL 1920    Daardoor kwam men voor het dilemma te staan, 6f het moeras slechts tot een  diepte te draineeren, waardoor de Ardjoenagroep en fundamenten aan den noordrand"
OV_1920,1920,depth_m,diepte van X.X M,diepte van 4.28 M,4.28,meter,fundamenten,True,False,,fundamenten; fundamenten,,,70,"brengen.     84    OUDHEIDKUNDIG VERSLAG, DERDE KWARTAAL 1920    Daardoor kwam men voor het dilemma te staan, 6f het moeras slechts tot een  diepte te draineeren, waardoor de Ardjoenagroep en fundamenten aan den noordrand  geheel droog zouden komen te liggen en waardoor een onderzoek naar het bestaan  van fundamenten en andere restanten meer in het midden van de vlakte gelegen even  onmogelijk zou blijven als tot nog toe het geval was, of op grond van meergenoemde  hypothese het moeras tot een diepte van 4.28 M. te draineeren, waardoor dat  onderzoek dan zou kunnen plaats hebben.   Het behoeft geen betoog, dat de wetenschap het laatste vorderde, waarbij nog  in aanmerking kwam, dat, mocht het blijken dat tenslotte toch alleen langs de randen  van de vlakte restanten van oude bouwwerken voo"
OV_1920,1920,exposed,exposed/uncovered,"te voorschijn 
gebracht",,,tjandi A,True,False,,tjandi A; fundament; fundament; opgravingen; opgraving,,,72,"rden gegraven,  waarmede dan de door den oudheidkundigen dienst uit te voeren voorloopige maatre-  gelen tot stand zijn gebracht.    » y    y    86    OUDHEIDKUNDIG VERSLAG, DERDE KWARTAAL 1920    Tijdens het wachten op het doorkomen van de regens werd gebruik gemaakt  van het beschikbare werkvolk om twee kleine proefopgravingen te doen. Eerstens  werd een onderzoek ingesteld naar het in den grond voorkomen van meerdere stukken,  behoorende tot tjandi A. VerschiUende interessante stukken werden te voorschijn  gebracht. Het werk is nog niet afgeloopen daar intusschen de regens doorkwamen  en daarom het beschikbare werkvolk aan het graven der leidingen moest worden gezet.   Een tweede proefopgraving werd gedaan ten W esten van fundament 2. Zooals  bekend komen onder de oudheden op verschille"
OV_1920,1920,volcanic_arch_v_ijen,Volcanic+archaeological: Ijen,ijen,,,tjandi Idjo ontegen,True,True,,tjandi Idjo ontegen; tempelkamer; tempeltjes; tempel; tempel,ijen,,73,"n in zijn inventaris enkele woorden gewijd 1 2 ).   Ondanks hare betrekkelijk geringe bekendheid behoort tjandi Idjo ontegen-  zeggelijk tot de belangrijkste kleine bouwwerken van Midden- Java. De decoratie  van de tempelkamer, in welks acbt'erwand een fraaie kala-makara-nis is aangebracbt,  geflankeerd door uitspringende paneeltjes met voorstellingen van Gandharwa's in  basrelief, is geheel eenig in de Midden- Javaansche architectuur. Even merkwaardig  is de situatie der bijtempeltjes in drie rijen van drie voor den hoofdtempel en ££n  op een vooruitgescboven post in het Westen.   Daar de wanden van den hoofdtempel naar buiten zijn omgestort en de over-  blijfselen door een boogen berg van aarde en onkruid tegen steenendieven beveiligd  zijn geweest, mag verwacht worden dat bij de ontgrav"
OV_1920,1920,excavated,excavated,Opgegraven ,,,tempelwachter,True,False,,tempelwachter; monument; ontgraving; ontgraving; beeld van Durga,,,78,"5268    Idem   id. id. Zuiden (detail)   5269   tt   Idem   Z. W. hoek na gedeeltelijke  ontgraving.   5270   tt   Idem   Na de ontgraving. Van at het  N oord-Oosten.   5271    Idem   id. id. Noord-Westen.   5272   ft   Idem   id. id. Zuid-Westen   met afzonderlijk opgestelden  top.   5273   n   Idem   Antefix met ornament.   5274   n   Idem   Drie verschillende steenen met  ornament.   5275   tt   Tjandi-redjo (Paras) distr. en  afd. Bojolali (JSoloi.   Terras-muur (?).   5276   tt   Idem   Opgegraven fragmenten.   5277   tt   Langenardja (lustverblijf v/d  Soenan van Soerakarta).   Steenen beelden (drie Kuwera's,  een Durga en een Ganecpa).   5278   tt   Idem   id. (tempelwachter, leeuw,  Ganeya, drie Durga’s enz).   5279   tt   Soekoeh, distr. Karangpandan  afd. Sragen.   Gezicht op het"
OV_1920,1920,burial,buried/sunk in ground,in den grond gezakt,,,lingga,True,False,,lingga,,,86,"Midden-Bomeo aan de Boven-Sekadau ? Tijdschr. Bat.  Gen, LI (1909) p. 469 noot.    ~ tr '**' ;■    %    -/   /. „ Jlukluilitnjija enn Sepaoek.   2. leekenuuj ean Jen nmkha.   >. De Jne elakke dleenen enn Sepnoek.   */ . kittle fix en zanJeleenen beelJje eatt Snihp/nu.      103    'QUDHEIDKUNDIG VERSLAG, DERDE KWARTAAL 1920    Bakker beschrijft den lingga als volgfc: „Deop biz. 53 van bet verslag van  den beer J. E. Teysmann bedoelde Lingam staat acbter bet buis van Adeb Inal en  is gedeeltelijk in den grond gezakt. Het beneden einde van deze zuil beeft den vorm  van een vierzijdig, het middelste -gedeelte dien van een achtkantig prisma, terwijl  bet boveneinde den vorm beeft van een balfbolvormig afgesloten cilinder. Elk dezer  vormen is 37 c.M. lang. De lengte van bet grondvlak bedraagt 2"
OV_1920,1920,volcanic_arch_tephra,Volcanic+archaeological: tephra/ash/tuff,asch,,,opgraving,True,True,onderneming Korintji,opgraving,asch,onderneming Korintji; afdeeling Moeara,99,".   Verder werd van den heer E. Jaconson te Fort de Kock de mededeeling  ontvangen, dat op het terrein der cultuuronderneming Korintji-Maatschappij, bij  Pinang Awang, onderafdeeling Moeara Laboeh (S.W\K.) een groot aantal (20 of  meer) cirkels werden aangetroffen met een middellijn van 3 tot 8 M. en ongcveer  % M. hoog, bestaande uit een omwalling van steenen, terwijl de binnenruimte met  aarde is opgevuld. Praehistorische graven schijnen het niet te zijn, daar bij opgraving  geen beenderen of asch werd gevonden.   Van den heer F. W. Stapel te Bandoeng werd een foto ontvangen, vergezeld  van uitvoerige toelichting van verschillende nieuwe door hem ontdekte z.g. „orang  batoe”, steenen stampblokken etc. op de hellingen van den Dempo in het Pager-  Alamsche (Palembang).   Tenslotte werd van"
OV_1920,1920,volcanic_arch_v_tengger,Volcanic+archaeological: Tengger,Tengger,,,opgraving,True,True,,opgraving,Tengger,,99,"de is opgevuld. Praehistorische graven schijnen het niet te zijn, daar bij opgraving  geen beenderen of asch werd gevonden.   Van den heer F. W. Stapel te Bandoeng werd een foto ontvangen, vergezeld  van uitvoerige toelichting van verschillende nieuwe door hem ontdekte z.g. „orang  batoe”, steenen stampblokken etc. op de hellingen van den Dempo in het Pager-  Alamsche (Palembang).   Tenslotte werd van den Assistent-Resident van Loemadjang bericht ont-  vangen, dat de Wedono van Kandangan in het Tenggergebied een zodiakbeker had      OUDHEIDKUNDIG VERSLAG, VIERDE KWARTAAL 1920    117    aangetroffen, nog niet vermeld in de bekende opgave van Dr. Kohlbrugge. Uit de  beschrijving blijkt, dat men hier niet met het gewone type zodiakbeker te doen heeft,  doch met dat, waarbij de zodiakteekens e"
OV_1920,1920,discovered,brought to light,"aan 
het licht gebracht",,,tempels,True,False,,tempels; inscripties; inscriptie,,,99,"wederom een 72-tal nog  onbekende beschreven koperen platen in verschillende desatempels aangetroffen.  Eene korte mededeeling van zijn hand omtrent de door die nieuwe vondsten verschafte  historische gegevens, wordt als bijlage hierbij overgelegd. Met de definitieve publicatie  zal gewacht worden, tot het materiaal zoo veel mogelijk compleet is.   Een zeer belangrijke vondst werd gerapporteerd door den Resident van  Palembang, den heer Westenenk. ZHEdGestr. toch, heeft een tweetal inscripties aan  het licht gebracht, die in taal en schrift-soort gelijk zijn aan de bekende oorkonde  van Kota Kapoer op Banka. Door zijn vriendelijke bemiddeling werden photo’s en  abklatschen der beide inscriptie’s ontvangen en tenslotte zelfs een der beide steenen  herwaarts opgezonden. Over beide stukken, d"
OV_1920,1920,volcanic_arch_tephra,Volcanic+archaeological: tephra/ash/tuff,asche,,,tempels,True,True,,tempels; inscriptie,asche,,100,"het Gedenkboek kwamen in dit kwartaal geheel gereed,  terwijl een aanvang werd gemaakt met het calqueeren van de teekeningen der  Diengtempels.   § JO. HoLlandocbe Oudheden.   Van Dr. M. Neyens werd bericht ontvangen van de aanwezigheid op  Banda van een gedenkzuil, waarop nu een Hollandsch opschrift staat, doch het      118    OUDHEIDKUNDIG VERSLAG, VIERDE KWARTAAL 1920    1 —   oorsponkelijk een andere onleesbare, wellicht Portugeesche inscriptie moet hebben  gedragen. (Vgl. Valentijn sub Bandasche Zaken hoofdst. 5.). Tevens deelde ZWel-  Eerw. mede, dat hij er in geslaagd was eindelijk het grondplan terug te vinden van-  de bekende oude Portugeesch-Spaansche vesting Gam Lama of Castello en alle  voornaamste gebouwen te identificeeren evenals de meer landwaarts in gelegen  Fuerza nueva, "
OV_1920,1920,volcanic_arch_tephra,Volcanic+archaeological: tephra/ash/tuff,aschsteen,,,inscriptie,True,True,,inscriptie,aschsteen,,114,"7 te Mokko-Mokko overleden Engelsckman Thomas Kirkpatrick ; van dien steen vertelde mij  een telg uit het voormalig regen tengeslacht aldaar, dat de bevolking geloofde, dat er een oude  oorkonde op was gegrift in voor haar onleesbaar „hindoe-’’ schrift. Het heeft 00 k niet weinig  moeite gekost on den steen uit handen der „eigenaars” te krijgen en het grafschrift aldus voor  ondergang te behoeden: de steen toch was aan' de beschreven zijde juist ruw genoeg om — ondanks  stijn heiligheid — voor waschsteen dienst te kunnen doen ! Hij is thans ingemetseld op het voorerf van  de pasanggrahan te Mokko-Mokko.     138    OUDHEIDKUNDIG VERSLAG, VIERDE KWARTAAL 1920    toegeschreven aan ,,antiquiteit” der inscriptie, is daardoor verklaarbaar, dat met  alleen de vorm van sommige karakters in oudere "
OV_1921,1921,volcanic_arch_tephra,Volcanic+archaeological: tephra/ash/tuff,asch,,,Tjandi Kedaton,True,True,,Tjandi Kedaton; beeld door,asch,,1,"Compagnie’s tijd in de Molukken en Bijlage :    Makasser 105   Oudheidkundig Verslag over het vierde kwartaal 1921 143   Bijlage P Lijst der fotografische opnamen in het vierde kwartaal 1921 159   „ Q Enige opmerkingen naar aanleiding van Kasatpadan (Nagarakr^tagama 38 ; 4)   door Dr. Martha A. Muusses 170   „ R De Poera „Yehgange"" te Perean, (Ball) door B. de Haan 173   ,, S De hervormde kerk te Amboina door V. I. van de Wall 179   ,, T Aanwlnsten van .Archaeologische collectie van het Bataviaasch Genootschap.   4. Een Javaansch-Buddhistisch Guru-beeld door ). L. Moens 186   „ U Oudheden te Djambi, I door'T. Adam 194     LIJ5T DER PLATEN    Tegcnover pag,    5 Kralensnoer uit praehistorisch graf in Djember(Foto O-D. 8644 ).  22 en vgl. Reliefs van Tjandi Kedaton (Foto O. D. 3408-3416).  5"
OV_1921,1921,volcanic_arch_v_tengger,Volcanic+archaeological: Tengger,Tengger,,,monument,True,True,,monument,Tengger,,4,"kwartaal 1920, terw^l het Gouvemements Besloit van 5 Ma^rt No. 38""  machtiging verleende tot den druk eener derde, b%ewerkte, editie van de „£[orte XjMs;  voor den Borobudur"".   § Gc^chenktn. 1 ""   Ontvangen werden voor de bibliotheek: Ariduieological Survey of India, Annual  Report 1914- — 15; Part I van A.R. 1917— '18; Memoir No. 3 (Talainana or Icanoniefay,c-  by Gopinatha Rao). - - -   L. C. V^estenenk, De Hindoe-Javanen in Midden- en Zuid-Sumatra;   J. Scholte, De Slametan Entas-Entas der Tenggereezen en de Memukur-cere-  monie op Bali; beide overdrukken uit de Handelingen van het eerste Congres voor  de Taal-, Land- en Volkenkunde te Solo.   T^dschr. Ind. Taal-, Land- en Volkenkunde, deel 59, afl. 6. - ^ S-   DJawa, Iste jaargang, afl. 1. . ^   § 5. Be^cbetming van nwmunenten en nieu"
OV_1921,1921,volcanic_arch_tephra,Volcanic+archaeological: tephra/ash/tuff,aschrHviing,,,tempel,True,True,,tempel; tempelfje; Tempel; MONUMENTEN; inscriptie,aschrHviing,,11,"eroever.  id. id.   id. (rechter gedeelte)  id. id.   Nis-tempel^e met inscriptie.  id. detail inscriptie.   Onderstuk nistempelfje   Rots-doorgang.   Middenst^ van bet Klooster.  id.   Spuiers.   Tempel Poera Er Gan^a.  id. id.   id. id.   id. ' id.   id. id.   id. id.   id. id. (detail),   id. id. id.   id. id. id.   id. id. id.   Poera Sangsit.  id.  id.   id. (detail),   id. id.   id. id.   id. id.   id. id.          OUDHEIDKUNDIG VERSLAG. EERSTE KWARTAAL 19^    Summer | Formaat    Korte caiaschrHviing    BoveuKcht Poeri Ida Gde Oiaii  (houtsggwert). _   Deurpaned Poeri Ida Gde Oka*  Deurpaned, kids Poengga^a  Koeboe.   Houtsngder te Djagaraga. -  id. id.   Los bovenKckt te E^agaraga.  DJempana (draagstoelk        BIJLAGE B    EIGENAARDIGHEDEN VAN HINDOE-  MONUMENTEN II   DOOR   P. J. "
OV_1921,1921,volcanic_arch_tephra,Volcanic+archaeological: tephra/ash/tuff,asch,,,tempel,True,True,,tempel; tempel van de; heiligdom; MONUMENTEN; ontgraving,asch,,11,"VERSLAG. EERSTE KWARTAAL 19^    Summer | Formaat    Korte caiaschrHviing    BoveuKcht Poeri Ida Gde Oiaii  (houtsggwert). _   Deurpaned Poeri Ida Gde Oka*  Deurpaned, kids Poengga^a  Koeboe.   Houtsngder te Djagaraga. -  id. id.   Los bovenKckt te E^agaraga.  DJempana (draagstoelk        BIJLAGE B    EIGENAARDIGHEDEN VAN HINDOE-  MONUMENTEN II   DOOR   P. J. PERQUIN.    Als om de een of andere reden een plants van ouds als heilig bekend stond,  was dii dikw^ls een aanleiding, om op die plek de asch van een vorstel^k persoon  te. zetien met >-> als gevolg ^ de bouw van een tempel of heiligdom.   De drie volgende gevallen kunnen ter illustratie dienen.   Te Bojolangoe (Oost>Java) bevindt zicb waarschijnlijk de graftempel van de  grootmoeder van koning Hayam Wuruk; de plek, bekend onder den n"
OV_1921,1921,exposed,exposed/uncovered,bloot gelegd,,,tempel,True,False,,tempel; tempeL; tempel; tempel,,,13,"Aanteekening behoeft  dan ook .alleen, dat het meest Ztiidel^ke slechts een grondoppervlak heeft van  ongeveer 0.60 cM. vierkant. lets dergelqks dus als bg Soembemanas in den  Zuid-Oosthoek gevonden werd.   Zooals reeds in een vorig rapport vermeld is, werd ten Z. ""W. van den  tempel, een gedeelte van een bonwwerk van natuursteen gevonden, wat al dadelgk  vo6r een restant van een ringmoor werd aangezien. Voor een verder onderzoek  werden twee slenven gegraven, een in het verlengde van het reeds bloot gelegde  gedeelte en een vlak ten Zuiden van den tempeL Het vermoeden, dat we met een  ringmunr te doen hadden, werd door het onderzoek bevestigd; ± 4 meter Zuidelgker  werd de Z. TV. hoek bloot gelegd. De mnren loopen op den hoek tegen een vierkant,  hoogstwaarsch^nl^k de grondslagvan een hoe"
OV_1921,1921,exposed,exposed/uncovered,bloot gelegd,,,tempel,True,False,,tempel; tempeL; tempel; tempel,,,13,"den werd.   Zooals reeds in een vorig rapport vermeld is, werd ten Z. ""W. van den  tempel, een gedeelte van een bonwwerk van natuursteen gevonden, wat al dadelgk  vo6r een restant van een ringmoor werd aangezien. Voor een verder onderzoek  werden twee slenven gegraven, een in het verlengde van het reeds bloot gelegde  gedeelte en een vlak ten Zuiden van den tempeL Het vermoeden, dat we met een  ringmunr te doen hadden, werd door het onderzoek bevestigd; ± 4 meter Zuidelgker  werd de Z. TV. hoek bloot gelegd. De mnren loopen op den hoek tegen een vierkant,  hoogstwaarsch^nl^k de grondslagvan een hoektoren^e. De tweede sleuf werd opzetteli^k  vlak ten Zoiden van den tempel gegraven, omdat verondersteld werd, dat, waar  de moor het meest door den tempel beschermd was, er mogeli^k ook nog het "
OV_1921,1921,volcanic_arch_lahar,Volcanic+archaeological: lahar/mudflow,lahar,,,tempel,True,True,,tempel; tempelterrein; tempel,lahar,,13,"teleurstellend. TVel werd nog de  fnndeering gevonden, maar van wat eemnaal boven den grond stond, was geen steen  meer over, (foto No. 833).   Daar het no vast stond, dat er een biimen-ringmaur van natuursteen was  geweesf^ die hoogstwaarschgnlgk aan alle z^den den tempel heeft afgesloten, werd  ook aan je Oost- en Noordz^de een proefsleuf gegraven. Evenwel zonder resultant;  wat echter nog niet bew^st, dat de muur er oorspronkelgk niet geweest zou zgn.   tempelterrein is ongetw^feld door een lahar verwoest geworden; hetisdaarom  n^ uifg^oten, d^ zich ergens nog restanten van den muur bevinden.    20    OUDHEIDKyNDlG VERSLAG, EERSTE KWARTAAL 1921   Tgdens een vorig kwartaal werd de Z. W^. hoek van een tweeden ringmuur  gevonden. (foto No. 834). Naar dezen, die in tegenstelling met den bin"
OV_1921,1921,excavated,excavated,opgegraven ,,,tempel,True,True,,tempel; ontgraving,lahar,,13,"etw^feld door een lahar verwoest geworden; hetisdaarom  n^ uifg^oten, d^ zich ergens nog restanten van den muur bevinden.    20    OUDHEIDKyNDlG VERSLAG, EERSTE KWARTAAL 1921   Tgdens een vorig kwartaal werd de Z. W^. hoek van een tweeden ringmuur  gevonden. (foto No. 834). Naar dezen, die in tegenstelling met den binnensten munr.  Vein baksteen is, werd ook ten Noorden van den tempel gezocht, zonder resultant  echter. Hiermede werden tevens de onderzoekingen gestaakt.   Nu er geen steenen meer opgegraven zouden worden, werden de aanwezige  gesorteerd en zooveel mogelgk bq en op eUcacn^ gepast, zoodoende materiaal verza-  melende voor de reconstructie-teekening. Hoewel de voorraad steenen niet beel  groot is. Week ze toch zeer varieerend te z^n, zoodat slecbts van een paar lagen  steenen v"
OV_1921,1921,burial,buried/sunk in ground,onder den grond gevonden,,,baksteenen,True,False,,baksteenen,,,30,"te van de muren eener oude badplaats zou eerst 6 jaar geleden bier afgebroken zqa.    38    OUDHEIDKUNDIG VERSLAG. EERSTE KWARTAAL 1921    Uit het feit, dat behalve de enkele siokken muur, bastion (op ^en plaats  ter boogte van 8 M.) of borstwering, die bier en daar op de terreinen van Koeto  RSnon nog aangetroffen worden, nog vele duizenden onde baksteenen verspreid in  de sawaks en tegalans liggen, zou afgeleid mogen worden, dat bg systematiscb  onderzoek nog wel restanten van oude bouwwerken onder den grond gevonden  zuUen worden en niet alle overbl^fselen van de groote stad, waarop Hageman  doelde, verloren zullen gegann z^n.   Tal van voorwerpen van waarde, als krissen, kettingen, snoeren, ringen en  munten z^n in den loop der laatste decennia bij de bewei^dng der gronden aange-  trof"
OV_1921,1921,subsidence,sunk/subsided,verzakt ,,,monument,True,False,,monument; baksteenen,,,42,"ikt. De van buiten zoo massief uit-  . aaende vo<nsprongen, bleken van biimen zelfs bol en met aarde opgevuld te zgn. In  eest van deze kokers bad de groote boom dan ook wortel gescboten, die zelfs tot in  de fiuu&eriiig was doorgedrongen.    56    btlDHEiDkUNblG VERSLAG, TWEEDE KWARTAAE    De fundeering bestond eveneens uit baksteen, en was van een Kchte constructie ;  ze had onder de natuursteen slechts een dikte van drie steenlagen en geen enkele  versnijding; geen wonder dusj* dat ze geheel verzakt was.   Voordat de onderste natuursteenlagen werden afgenomen, werden verschillende  piketten uitgezet, die de oorspronkelijke richting en hoogte aangaven, zoodat de poort  weer precies op dezelfde plaats en op gelijke hoogte kon worden opgetrokken.   Na verwijdering van de oude baksteenen-fu"
OV_1921,1921,volcanic_arch_tephra,Volcanic+archaeological: tephra/ash/tuff,aschlaag,,,ontgraving,True,True,,ontgraving,aschlaag,,43,", werd  het bg het ingraven van deze, toevalligerwgze ontdekt. De steen lag flan ook voor  het grootste deel bloot ; aan het deel, dat nog onder den grond stak, was te zien, tlaf  de steen, voor de ingraving, bedekt was geweest, eerst door een laag aarde ter dikte  van ± 20 cM., daama door een laagzand van it 18 cM., daarboven tenslotte door een  laag humus van it 50 cM. dikte. B^ eenige navraag bleek, dat de zayidlaag in de  geheele omgeving wordt aangetroffen, en dus’klaarbli^kelijk een zware aschlaag is,  afkomstig van den naburigen vulcaan, de Raoen. Alvorens met de verdere ontgraving  te beginnen, werd van de aangetroffen toestand een foto genomen.   Zoo van boven gezien, onderscheidde zich de groote deksteen door niets van  een gewone groote kahsteen, waarom het dan ook moeih^k te be"
OV_1921,1921,volcanic_arch_tephra,Volcanic+archaeological: tephra/ash/tuff,tufsteen,,,inscripties,True,True,,inscripties; steenen met,tufsteen,,47,"Ik zag die beelden, dacht aan de oorkonden op koper waarvan er steeds meer  te voorschqn komen, en zoo kwam ik ertoe, navraag te doen o. m. naar steenen met  oude inscripties^   De ontvangen antwoorden leidden tot tochten naar de Poera Tirta 'Mpoel,  waar zoodanige steenen niet werden gevonden maar wel oude sagen werden aan-  gehoord *), en vervolgens naar de Goenoeng Kawi bij Tampak Siring, — en  d44r wachtte een groote verrassing!   Het laatste stuk van den weg was al wat bijzonder. In den tufsteen uit-  gehouwen, met steile wanden links en rechts, leek het gevolgde pad een poesaka  van vroegere geslachten. Thans woonde hier geen volk om iets dergelqks te wrochten.  Toen, aan het einde, opende zich een schitterend panorama. Ver voor en beneden  ons stuwde de PfikCrisan haar golven tussch"
OV_1921,1921,volcanic_arch_v_ijen,Volcanic+archaeological: Ijen,ijen,,,inscriptie,True,True,,inscriptie,ijen,,65,"toe v/h vroegere Compagnie's  pakhuis.   6150   •»   Tabalolo (eiland Mahjan).   Restanten v/d vesting Tabalolo.   6151   »   Taffasoho ( id. ).   Muurwerk v/d vesting Taffasoho.   6152   }»   Ciland Moti.   Muurwerk v/d vesting Nassau.-   6153    id.   id. id.   6154    Sanana (Soela-eilanden).   Gezicht op de plaats Sanana, van  uit zee.   6155   i    id.   Ingang v/h fort „De Verwach-  ting”.   61561-nil    id.   Geheel-aanzicht v/h fort.   6167   B   id.   Gezicht op het bastion metbat-  terijen.   6158   »   id.   Id. id. en wachthuisje met vlag-  gestok.   6159   B   id.   Gezicht op de binnenplaats v/h  fort „De Verwachting”.^   6160   »   Lodie (Obi-eilanden).   Riilne v/h blokhuis „Den Briel”   6161   V‘   id.   id. id.   6162   B   id.   id. id.   6163   B   id.   Steenen zuil me"
OV_1921,1921,volcanic_arch_v_ijen,Volcanic+archaeological: Ijen,ijen,,,Fundamenten,True,True,,Fundamenten,ijen,,67,"Fundamenten v/d vesting „ Lei-  den"".    Blokbuis Beverwgk, ingang.   id.   restanten wacbtbuisje.   id.   muurfragment met   raamopeningen etc.   id.   weergang boven bet  blokbuis.   id.   ingestorte linker zij-  muur.   id.   muur met balk-gaten  en plank boven de  raamopeningen. .    Gezicht op Saparoea met fort  „Duursfede”, van nit zee.   Trapopgang naar bet fort.   Beschreven gevelsteen boven de  poort.   Panorama v/h bovendeel v/b fort,  id, id.   id. id.   Bastion met plaats v/d batterijen.   W^aterbakken i/b fort Dunrstede.   Weergang boven den boofdin-  gang.   Trap naar den weergang.   Aanzicbt van bet kruitbvds.   Gezicbt op 6en der waterbakken.   V esting Defensie. Hoofdpoort.   Vesting Defensie. Uitvalpoortje,   Put en vertrekken naast de uit-  valpoort.   Bastion en spietor"
OV_1921,1921,exposed,exposed/uncovered,blootgelegd,,,monument,True,False,,monument; fundamenten,,,100,"nog van de vgf bolwerken, een vr^ goed bewaard gebleven  zeebolwerk, een boofdpoort met spitsboog. een ingestort gewelfd vertrek, enkele  overeindstaande miuren van woningen en over de gebeele oppervlakte der rotspnnt,  fundamenten van metselwerk, trappen, opritten en borstvreringen. Het was index'*  daad een oimeembare stelling en bet valt slecbts te betreuren, dat door den zwareii  plantengroei, dit belangwekkend monument, dat bi^ scboonmaak als een baken in zee  zicbtbaar is, niet voldoende blootgelegd kon worden.   Spaojufcb fortje T^jobbe.   Achter het plaat^e, niet ver van Taboela, eveneens op een steile boogte verbeft  zicb de riAne van het forQe Tsjobbe, dat met Taboela in 1664, in stede van gededit  te worden, ter bewoning van Sultan Saifoeddin op diens verzoek na bet veitrek der "
OV_1921,1921,volcanic_arch_v_ijen,Volcanic+archaeological: Ijen,ijen,,,monumenten,True,True,,monumenten,ijen,,109,"s of tke Arch.  S. of Ind. No. 7. Excavations of Taxila en No. 9, Mosque of Shaikh Abdu-n Nabi.   § 5. Be^cberming van Jffonununten en Nieuwe Opnamen.   In aansluiting met ket in ket Oudkk. VersL 2de kwt. § 5 opgenomen berickt  omtrent clandestienen uitvoer van oudkeden, worde vermeld dat door den Hoofdinspec-  teur der In- en Uitvoerreckten en Accqnzen een sckrqven gerickt werd aan de douane-  ambtenaren, ten einde ken aan de bestaande bepalingen te kerinneren en aan de sckeep-  vaartmaatsckappijen om kunne medewerking bq de toepassing dier bepalingen in te roepen.   Nu ook voor den Oudkeidkundlgen Dienst de bezuiniging tot een belangrqke  inkrimping ^van de werkzaamkeden zal leiden, werd door ondergeteekende in over-  leg met de Inspecteurs een voorloopig programma voor de voordeeligste "
OV_1921,1921,subsidence,sunk/subsided,verzakt ,,,,False,False,,,,,112,"),    T^ispilasters met kalakop ^fofo O. D 6383).    C'iche's Kan de Toqog'. Inr. Weit,       OUDHEIDKUNDIG VERSLAG. VIERDE KWARTAAL 1921    U7    'Wie zou meenen onder Djalatoenda’s zoo massief uitziende muren een daar-  mede overeenstemmende fundeering te vinden, komt bedrogen uit. In werkeljgkbeid  was er zoo goed als geen fundeering; slechts een enkele baksteenlaag op een laag naast  elkaar gevlgde kalisteenen maakte de geheele ftmdeering van de zware muren uit.  Geen wonder dus, dat ze zoo verzakt waren. Men moot er verbaasd over zijn, dat  ze bet nog ruim negen eeuwen bebben uitgehouden. temeer daar de constructie van  de muren zelf ook niet van de sobedste was; dit voomamelgk wat bet beneden-gedeelte  betreft. De totale muur meet bier, gemeten van buitenkant tot buitenkant, 1 M.,  e"
OV_1921,1921,volcanic_arch_tephra,Volcanic+archaeological: tephra/ash/tuff,ASCH,,,BEELD   DOOR,True,True,desa Keiiek in,BEELD   DOOR; bronzen beeld,ASCH,desa Keiiek in; afdeeling W,145,"eden   Den 3 Februari van 1822.   De kerit wordt van de omringende gebouwen gescbeiden door een oude muur  met bekposten. Het gebouw wordt tbans gerestaureerd en verbouwd in den ouden  st^b wi^ willen hopen met kennis van zaken, opdat dit bouwwerk, een van de zeer  scbaai^cbe kerkgebouwen uit den t^d der Compagme in dezen archipel, er wel door  gebaat, maar niet door geschaad moge worden.    Weltevreden, October 1921.     BIJLAGBfjP;   AANWINSTEN VAN DE ARCHAEOLOGISCHE  COLLECTIE VAN HEX BATAVIAASCH  GENOOTSCHAP   4. EEN JAVAANSCH-BUDDHISTISCH  GURU-BEELD   DOOR   J. L. MOENS   (^et 4 foto’a).    Nab^ cte desa Keiiek in de afdeeling W' onosobo is onlangs een nagenoeg ge-  heel gave bronzen beeldgroep opgegraven, waarvan faiernaast een foto. Deze „Bdboro  Goeroe”, zooals de Javaanscbe vinde"
OV_1922,1922,burial_partial,partially underground,grootendeels in den grond,,,tempels,True,False,desa Bedji,tempels,,desa Bedji,5,"1922    over. In het midden van de Noord- en Zuidzijde is thans een spuier geplaatst,  er bestaat echter geen enkel gegeven, dat de juistheid er van staaft. Het is zelfs  zeer onwaarschijnKjk, dat hij oorspronkelijk zoo geplaatst was.   Tegelijkertijd virerd nog een tot dusver onbekend gebleven nrine van een  badplaats bezocht. Deze ligt in de desa Bedji. Veel is er niet aan te zien. Het is een  langwerpige bak van baksteen, waar in bet midden weer een of ander bouwwerkje  voorkomt. Dit zit nog grootendeels in den grond, zoodat er eerst gegraven zal moeten  worden, alvorens er iets naders over kan medegedeeld worden. Aan de Oostzijde van  den grooten bak is een kleine voorsprong, waarboven tbans drie spuiers voorkomen,  die er blijkbaar niet thuis behooren. De overige zijden zijn zoo goed "
OV_1922,1922,volcanic_arch_v_ijen,Volcanic+archaeological: Ijen,ijen,,,tjandi en de,True,True,,tjandi en de; tempeldak; beeld in,ijen,,6,"empels in de omgeving van Prambanan. Djaboeng kon na de schoonmaak  en herstelling goed opgenomen worden. Vooral trok hierbij het dak, dat vanaf  de hooge steiger gemakkelijk was te overzien, bijzonder de aandacht. Duidelijk  was te constateeren, dat het dak in hoofdvorm een koepel of dagob is geweest  waartegen de bekroningen van den ingang en de nissen aanloopen. Deze bekroningen  hebben boven de kroonlijst de meer gewone vorm van een Oost-Javaansch tempeldak  met horizontale banden, pilasterrijen etc. Tusschen deze bekroningen van de voor-  sprongen van den ingang en de nissen is de dagob met een groot ruitvormig  ornamentstuk versierd geweest. Het blijkt dus dat de teekening van W^ardenaar  afgebeeld in het werk van Van Hoevell, althans in hoofdvorm, niet zoo heel ver bezijden  de waar"
OV_1922,1922,volcanic_arch_v_ringgit,Volcanic+archaeological: Ringgit,ringgit,,,yoning,True,True,,yoning,ringgit,,20,"3. dharmmaga.  peal. 1. kamuning. peal. 3. pinda kayoning sawah. 8. peal 18. samangkana gdng  nikang sawah pamintihan sumlap ing Imah plangpuncu mwang ring Imah kabalan  yatika prasama kabhuktya sangke pamintihan tan kolahulaha. hanata sawah nikang  plangpuncu kagarbbha ri parimana nikang pamintihan, kayon tambak kulwan. peal. 3.  yatika kabhuktya denikang plangpuncu, mangkana rasanyanugraha paduka fri  maharaja ri sang Sryya surung, tuhun tingkah nikang sIma ri pamintihan, kewala  swatantradSgringgit, tan kaparabyamara dening nayaka tunmturun sagSm sarakut,  lakwalakwan bwa   4b. t lajyanan, mwang winawa sang manakatrini. Iwimya pangkur, tawan, tirip, pinghe,  wahuta rama, mwang sakweh sang mangilala drwya haji wuluwulu prakara mipra  parami^ra manghuryyangilala, sungging, pangaruhan, pog"
OV_1922,1922,excavated,excavated,opgegraven ,,,,False,False,,,,,43,"Padangan, afd. Bodjonegoro), dat door de goede zorgen van den heer Altona  naar Batavia werd opgezonden. Het voorwerp, dat een tienpuntige ster in het midden  en het gewone ornament daaromheen vertoont, is ten geschenke aangeboden aan  ’s Rijks Ethnographisch Museum te Leiden,   § 7 . Epigraphie en Iconographies   In Maart werd bericht ontvangen van den Superintendent van de Britsch-  Indische Archaelogical Survey, Central Circle, Mr. Hirananda Sastri, omtrent de  vondst van een koperen plaat, opgegraven in het Groote Klooster te Nalanda  (Bihar), die voor de oudste geschiedenis van Sumatra en Java allerbelangrijkste  gegevens bevat. Aan een inmiddels ontvangen voorloopige mededeehng van de hand  van denzelfden pandit (Ann. Progress Report of the Arch. S. of India, Central  Circle for 1920"
OV_1922,1922,burial,buried/sunk in ground,in den grond gevonden,,,,False,False,desa B i,,,desa B i,44,"sna 13en dag) uitgevaardigd door Qri Gunapriyad-  barmmapatni sang ratu marubani Qri D b a r m m od a y a n a -  warmmadewa, terwijl ook dit weer een vervolg is op een besluit van Qaka  818 (bulan besakba sukla pancami), uitgereikt aan de bewoners van Banwa bbam.   II. Plaat No. 5 van een oorkonde (afk. als boven) waarop geen jaartal  voorkomt. In den vierden regel staat ; mangkana rasanyanugrabanira  Ibuni paduka ^rl mabara)a pri Samayaja.   III. Een volledige oorkonde van negen koperen platen in den grond gevonden,  bij Pangkoeng sioeng in desa B i 1 a, distr. Koeboetambahan, afd.  Boeleleng, tbans ten buize van den vinder, Pande Noeriasta te Sawan in de bandjar  Doekoeb, van 9 aka 995 (cetramasa, 2en dag hrsnapaksa), eveneens uitgevaardigd  door anak wung^unira enz. Het is een bevestigi"
OV_1922,1922,volcanic_arch_tephra,Volcanic+archaeological: tephra/ash/tuff,asch,,,inscriptie,True,True,,inscriptie,asch,,47,"die gevallen, die in het Oud-Javaansch verre van zeldzaam zijn, waarin  een en dezelfde plants nu eens is aangeduid met zijn Oud-Jav. naam, dan weer eens met  het aquivalent daarvan in het Sanskrit. Wanneer we deze waarschijnlijke gelijkstelling  voegen bij het reeds door den heer Van Stein Callenfels opgemerkte gegeven in de  zelfde richting, dan mogen we d.m. in het ,,anak wungfunira, enz” Airlangga’s  jongste breeder zien.   De afkorting ti in Tjandra sengkala. In het Museum van het Bata viaasch Genoot-  schap is een steenen badkuip aanwezig (No. 392g, Inventaris No. HOlO), waarop aan een  zijde in een vierkante omlijsting de volgende inscriptie in grove reliefletters is gebeiteld:  //iti kitrinira pafiji  kanca buyut i pugera  n//tyagatimapaksadharmma//   Het eerste gedeelte beteekent "
OV_1922,1922,volcanic_arch_tephra,Volcanic+archaeological: tephra/ash/tuff,asch,,,beeld bezitten,True,True,,beeld bezitten; beeld is,asch,,47,"jaartal 125 (?). De mogelijkheid van een andere  splitsing: tyaga-(a)ti-mapaksa-dharmma, wordt door Brandes ook geopperd; bezwaren  hiertegen krijgen we niet te hooren, maar daar aan de andere lezing de voorkeur  wordt gegeven moeten ze wel bestaan hebben.   Het voomaamste bezwaar tegen deze laatste splitsing heeft naar het mij toe-  schijnt in (a)ti: 2 gelegen. Immers op deze wijze verkreeg men het jaar 1227, wat  moedijk in overeenstemming te brengen is met het schrift, dat vrij laat Oost-Javaasch is.   We kunnen evenwel in plaats van ati: 2 m.i. de afkorting ti: 7 lezen, een  afkorting, waarvan we een tweede voorbeeld bezitten in het jaartal aksatisuryya  (Nagarakrtagama 17 : 6). Dit voorbeeld is daarom bovendien zoo sprekend, omdat  het voorkomt op een plaats, waar het jaartal geheel w"
OV_1922,1922,excavated,excavated,opgegraven ,,,,False,True,,,ASCH; asch,,54,"vroeger aangeboden aan het Bat. Gen. van K. en W. maar zijn  niet ingeschreven in de lijst van dat Genootscbap (zie Not. 1906 p. 40, 55 en 81; 1909 p. 117;  1911 p. 129 sub. 20e.     BIJLAGE G    AANWINSTEN VAN DE ARCHAEOLOGISCHE  COLLECTIE VAN HEX BATAVIAASCH  GENOOTSCHAP   DOOR   Dr. F. D. K. BOSCH.    S. Een bronzcn vat van Kerintji.   Het hierbij afgebeelde bronzen vat werd in bet begin van dit jaar in de  mendopo Lolo der Afd. Kerintji (nadere aanwijzingen omtrent de vindplaats ontbreken)  opgegraven en door bemiddeling van den Assistent-Resident van Kerintji aan het  Bataviaasch Genootschap ten geschenke aangeboden. Het is in twee deelen gegoten,  die met ijzeren nagels aan elkaar geklonken zijn. Mag uit deze onbeholpen wijze  van vervaardiging worden afgeleid, dat de techniek niet o"
OV_1922,1922,volcanic_arch_eruption,Volcanic+archaeological: eruption,eruptie,,,Tjandi Dasa,True,True,,Tjandi Dasa; Brahma,eruptie,,66,"cin mijn vondst van  de ..Tjandi Dasa” in Karangasem, welk bouwwerk in enkele dier hjsten stondvermeld.   In een zoo’n lijst, een copie van een stuk. dat door den Balischen bonder  vermoed werd nog afkomstig te zijn van den beer H. N. van der Tuuk. trof mij  de post :   Duk bentarring Gunung Kawi — Brabmana bisa ngidung.   8 8 1   d.w.z. : „Toen de Gunung Kawi gespleten werd, konden de Brahmanen zingen.""   Dat werd verstaan als : ,,Toen de Gunung Kawi zich spleet”, en daarbij  dacht men aan een eruptie van den vuurberg op Java. Maar bet lijkt waarschijnlijk,  ook in verband met bet toepassehjke zinnetje, - — en die waarscbijnlijkheid wordt  mij door de geletterde kertaleden van Singaradja toegegeven, — dat bedoeld  wordt de artificeele Gunung Kawi, de door menschenhand gehouwen of ..gesple"
OV_1922,1922,excavated,excavated,uitgegraven ,,,tempel van Prambanan,True,False,,tempel van Prambanan; ontgraving,,,80,"Zuidgevel van den Qiwatempel van Prambanan in zgn tegen-  woordigen toestand konden eindelijk een paar foto's genomen worden (zie vorig V erslag  p. 48), die men hier gereproduceerd vindt.     100    OUDHEIDKUNDIG VERSLAG, VIERDE KWARTAAL 1922    Een bezoek aan bet terrein van bet oude Kota Renon maakt duidebjk,  welk een buitengewoon sterk strategiscb punt de volgelingen van Pu Nambi voor  den bouw banner sterkte badden uitgekozen. Het tbans door de beeren Milblenf eld en  Beaucbez gedeelteLgk uitgegraven bastion A op de kaart in bet Oudbeidk. Verslag  1921, Bijlage F, domineert, ofscboon bet zicb naar scbatting niet meer dan 12 M.  boven bet landscbap verbeft, de gebeele ten Noorden bggende vlakte en is zelf,  althans van de Noordzijde, vrijwel onneembaar door de ligging in de scbei^e bo"
OV_1922,1922,volcanic_arch_lahar,Volcanic+archaeological: lahar/mudflow,lahar,,,Tjandi Poera of,True,True,,Tjandi Poera of; tjandi  Randoe Agoeng; tjandi  Soemberdjati en; ontgraving; ontgraving,lahar,,80,"t ook de Oostzijde van de nAne, waarvan in  1900 nog een klein gedeelte overeind stond, sindsdien geheel verdwenen is. Ook in  verband met het feit, dat in de voor het grijpen liggende baksteenen eenhandeltje  gedreven wordt, verdient het aanbeveling de bouwkundige en fotografiscbe opname  spoedig te doen plaats bebben.   De overige oudbeden in de buurt van Loemadjang geven geen aanleiding tot  het nemen van bijzondere maatregelen. Tjandi Poera of Ardipoera ten Noord-  Oosten van Pasirian in de lahar-vlakte is een steenboop, waarvan een ontgraving  waarschijnlijk niet de moeite loonen zou. Ook de overblgfselen van de z.g. tjandi  Randoe Agoeng en van de baksteenen muren bij de halte Randoe Agoeng  (Zie Oudbeidk. Verslag 1921 p. 151) geven geen aanw^zingen, dat een terreins-  ontgraving een"
OV_1922,1922,burial,buried/sunk in ground,in den grond gevonden,,,monument,True,False,,monument,,,82,"groote boom, die een voort-  durend gevaar voor het monument oplevert. Enkele gevaarlijke takken konden worden  verwijderd, maar de geheele boom dient te verdwijnen. Dit thans te bewerkstelligen  was onmogelijk. Het is een zeer zware boom, die ongeiukkigerwijze juist met zijn  takken, die niet anders dan met behulp van takels enz. naar beneden gehaald zullen  kunnen worden, over de badplaats is gegroeid.   Vlak ten Noorden van de sinds lang bekende badplaats werden de restanten  van een tweede in den grond gevonden, foto^s 3 en d. Deze ligt precies ten Noorden  maar ongeveer M. lager dan de andere, en is ook in baksteen opgetrokken.  Het grondplan toont een rechthoek met zijden van respectievelijk 13.40 en 9.00 M.  Ongeveer in het midden van de Noord- en Zuidzijde (de korte zijden) springe"
OV_1922,1922,subsidence,sunk/subsided,verzakt ,,,tempel,True,False,,tempel; tempeltjes; Brahma,,,84,"gerukt, gescheurd en afgestort. Evenals het Westelijk poortje is het geheel  in baksteen opgetrokken. Typisch is ook hier het dak en de bekroning van de  pilasters naast den doorgang. Of deze poortjes mogelijk tot een dan wel elk tot  een afzonderlijk complex hebben behoord, was nu niet uit te maken, omdat een grondig  teirein-onderzoek wegens gebrek aan fondsen achterwege moest blijven.   Te Prambanan werd na de herstelling van de respectievelijke z^den de  trap, die aanmerkelijk afgewekcn en verzakt was, opnieuw gesteld. Hiema werden de      104    OUDHEIDKUNDIG VERSLAG, VIERDE KWARTAAL 1922    Noord- en Zuid-Oosthoeken van Let sousbasement voor zoover noodig eerst afgehaald  en daarna weer opnieuw geplaatst. De voorzieningen aan den Brahma-tempel z^n  hiermede beSindigd. Voorts werd ger"
OV_1922,1922,excavated,excavated,uitgegraven ,,,tempel,True,False,,tempel; tempeltjes; tempels; Brahma,,,84,"4    OUDHEIDKUNDIG VERSLAG, VIERDE KWARTAAL 1922    Noord- en Zuid-Oosthoeken van Let sousbasement voor zoover noodig eerst afgehaald  en daarna weer opnieuw geplaatst. De voorzieningen aan den Brahma-tempel z^n  hiermede beSindigd. Voorts werd geregeld doorgegaan met bet herstellen van den  ringmuur en met het uitgraven van de kleine bij-tempeltjes aan de Westzijde.   Onder toezicht van den Heer Rothe werd voorts het terrein bij Sadjiwan  afgegraven, welke werkzaamheden gereed kwamen. Onder de uitgegraven steenen  zijn vele fraaie geomamenteerde stukken, maar geen enkele die thans tot een bijzon-  dere opmerking aanleiding geeft. De steenen werden gesorteerd en zuUen langs de  zijden van het terrein opgesteld worden.   In Midden- Java werden onder toezicht van den mantri de tempels te Ged"
OV_1922,1922,volcanic_arch_lahar,Volcanic+archaeological: lahar/mudflow,lahars,,,tjandi Sawentar tot,True,True,desa Sawentar in,tjandi Sawentar tot; monument; ontgraving,lahars,desa Sawentar in; district  en,94,"Blitar verspreid liggen, behoort tjandi Sawentar tot de belangrijkste.  Na Panataran is zij wel bet voornaamste monument in deze omgeving te noemen.  En dat niet alleen om de grootte van baar afmetingen, maar wel in de eerste plaats  om wat ze als kunstuiting beteekent.   De ru'ine ligt ongeveer 200 M. ten Oosten van de desa Sawentar in bet district  en afdeebng Blitar van bet gewest Kediri.' Evenals zooveel andere oudbeden op de  beUingen van den Kloet is ook zij in den loop der eeuwen door de lahars bedolven  geworden. In 1915 werd door den Heer Perquin een klein gedeelte ontgraven en.  bet bouwwerk zooveel mogelijk voor verval beboed.   De ontgraving in ’15 beoogde ecbter in boofdzaak onderzoek naar den voet  en diens profileering, met bet doel deze alvast in teekening te kunnen vastleg"
OV_1922,1922,volcanic_arch_v_ijen,Volcanic+archaeological: Ijen,ijen,,,tempels,True,True,,tempels; tempels,ijen,,103,"tgravingen  in ’15 en ’20 gevonden oorspronkelqke stukken een getrouwe reconceptie naar op te  zetten (PI. IV). De teekening moge voor zich zelf spreken. Het gereconstrueerde  gedeelte is gestippeld, terwijl de oude terug gevonden steenen door een arceering zgn  aangegeven. Na wat we door andere tempels van het Oost-Javaansche dak weten,  biedt ons het dak van Sawentar geen nieuws. Het is de min of meer conventioneele  samenstelling van geornamenteerde banden afgewisseld door de zgn. pilaster -rijen.   De banden zijn onderling door tusschenhggende geledingen paars-gewijze ver-  bonden. Opmerkelijk is de overwegende plants, die de pilaster-rijen nog in de compositie  innemen. Elke pilaster staat los van den ander en is in verhouding tot het geheel  van een vrg groote schaal.   Dit is ongetw"
OV_1922,1922,volcanic_arch_v_ijen,Volcanic+archaeological: Ijen,ijen,,,tempels,True,True,,tempels; tempels,ijen,,103,"eken. Het gereconstrueerde  gedeelte is gestippeld, terwijl de oude terug gevonden steenen door een arceering zgn  aangegeven. Na wat we door andere tempels van het Oost-Javaansche dak weten,  biedt ons het dak van Sawentar geen nieuws. Het is de min of meer conventioneele  samenstelling van geornamenteerde banden afgewisseld door de zgn. pilaster -rijen.   De banden zijn onderling door tusschenhggende geledingen paars-gewijze ver-  bonden. Opmerkelijk is de overwegende plants, die de pilaster-rijen nog in de compositie  innemen. Elke pilaster staat los van den ander en is in verhouding tot het geheel  van een vrg groote schaal.   Dit is ongetwqfeld nog een oudere vorm, Bij jongere tempels zijn de pilasters  tot een ononderbroken reeks aan elkaeir geregen en zijn de pilasters zelf van een "
OV_1922,1922,volcanic_arch_v_ijen,Volcanic+archaeological: Ijen,ijen,,,tempels,True,True,,tempels,ijen,,103,"pmerkelijk is de overwegende plants, die de pilaster-rijen nog in de compositie  innemen. Elke pilaster staat los van den ander en is in verhouding tot het geheel  van een vrg groote schaal.   Dit is ongetwqfeld nog een oudere vorm, Bij jongere tempels zijn de pilasters  tot een ononderbroken reeks aan elkaeir geregen en zijn de pilasters zelf van een  veel kleinere schaal. De silhouet-l^n loopt daarbij nog geleidelgher naar boven op.   Boven de alternatieve opeenvolging van banden en pilaster-rijen volgt een  reeks van horizontale geledingen. Deze zijn als een overgang tot het loodrecht  opgaande topshik, waarmede het geheel wordt besloten. In het inwendige van den  top is een uitgespaarde ruimte (PI. V, foto No. 3).   Reeds vroegeris door anderen op de gebruikelijke werkwijze der Hindoo-"
OV_1922,1922,volcanic_arch_lahar,Volcanic+archaeological: lahar/mudflow,lahar,,,tempel,True,True,,tempel; tempel; tempel,lahar,,106,"fundee-  ringen van kleine bouwwerkjes gevonden. Er is echter niet uit op te maken wat voor  gebouw^es het waren. Veel belangrijks kan het niet geweest zijn, want daar zijn de  fundeeringen te onbeduidend voor.   Zeer vreemd zijn de twee in baksteen opgetrokken dingen, die vlak bij den  tempel staan (foto No 4). Vermoedelijk zijn het bijbouwsels van lateren tijd, want  hun fimdeering ligt ongeveer 0.50 M. boven het oorspronkelijk terrein-niveau. De  tempel moet bij hun bouw al gedeeltelijk door lahar-zand bedolven zijn geweest,  want zij zijn op het zand gefimdeerd, terwgl de tempel zelf op een zware kleilaag  staat. Heel even onder het tegenwoordig niveau begint de kleilaag, die dan ook  nauwkeurig de oorspronkelijke terreinhoogte aangeeft. Bovendien zijn de bouwwerkjes  van een veel ruwe"
OV_1922,1922,volcanic_arch_v_ijen,Volcanic+archaeological: Ijen,ijen,,,Tjandi Soerawana,True,True,,Tjandi Soerawana; tempel van Panataran; tempel van Prambanan; tempel van Panataran; tempelterreinen,ijen,,107,"beboort aan ieder der tjandi’s afzonderl^k nagegaan te worden. Men ziet, dat  daarmede overeenkomt het 2de terras van den boofdtempel van Panataran, de  acbterwand van Baraboedoer, de boofdtempel van Prambanan, Tjandi Soerawana,  maar niet bet le terras van den boofdtempel van Panataran, Tj. Tegawangi,    ') Het gevaarvolle van het verklaren van de Relief-tableaux aan de oude ruinen op Java te  vinden, als men den betrokken tekst niet kent, toegeUcbt aan een voorbeeld genomen uit de scbil-  derijen aan het pgndapa- terras te Panataran, door Dr. J. Brandes, Not. Bat. Gen. 1902. Bqlage  in, p. XXXVI vlgg. Zie ook Monogr. Djago p. en Monogr. Panataran p. 8 ®.     OUDHEIDKUNDIG VERSLAG. VIERDE KWARTAAL 1922    131    en voorloopig is het toch niet aan te nemen dat die terras-vormige onderbouw "
OV_1922,1922,volcanic_arch_tephra,Volcanic+archaeological: tephra/ash/tuff,asch,,,tempel,True,True,,tempel; tempelput; beeld tastbaren; beeld met; beeld der,asch,,112,"dheid, of behield het menselike de overhand? Prof, van Eerde is de  eerste mening toegedaan; het slot van het hierboven genoemde artikel luidt:   ,, Wanneer dus de BaliSr in woorden uitdrukt, dat zgn vorst na zijn overlijden  tot godheid is geworden (dewata, mantuk ring dewalaja), dan gaf de Hindu-Javaan  aan dat denkbeeld tastbaren vorm. Op twee w^zen: Iste door de oprichting van  een godenbeeld met de vorstelqke gelaatstrekken in den tempel op de plants van  het beeld der godheid, 2de door de asch van den overledene te voegen bij de  metalen plaatjes, die in den tempelput de godheid belichaamden.   Verg. Caland a. b. p. 173 sub 8 : Nicbt deutlich ist es auch mir, wesshalb die beim gbt-  teropfer gebraucblicben gerjUakdrner Im manenofer durcb <>e.»aynkonier ersetzt werden. War  vielleicht"
OV_1923,1923,exposed,exposed/uncovered,bloot gelegd,,,tjandi Soeroewono,True,False,,tjandi Soeroewono; tempel; tempel; monument,,,4,"an het complex en alle losse stukken. Bij dezelfde gelegenheid  zal een onderzoek kunnen worden ingesteld in de nabijheid bij de Retja Menggoeng,  waar enkele losse tempel-fragmenten zijn aangetroffen.   Vers Lag van den tvnden Bouwk. Inspecteur over de werkzaambeden   op Oost- en JUidden-Java.   Eerdte kwartaal . Het eerste werk dat voor Kediri op het programma stond,  was het onderzoek en de voorziening van tjandi Soeroewono. In 1915 werd  de rume reeds door den Heer Perquin voor een gedeelte bloot gelegd, d.w.z.     OUDHEIDKUNDIG VERSLAG, EERSTE EN TWEEDE KWARTAAL 1923    5    de vo et werd toen voor het opmeten van de profiteering uitgegraven. Overigens  gebeurde er heel weinig aan, zoodat het monument nog vrijwel in zijn oorspronkelijk  vervallen staat werd aangetroffen. Begonnen werd"
OV_1923,1923,excavated,excavated,opgegraven ,,,baksteenen  gebouw,True,False,onderneming Karang,baksteenen  gebouw; inscriptie,,onderneming Karang; onderneming een bezoek; onderneming te bezoeken,6,"ok aan de Noordzijde  een stuk ervan voor den dag. Getracht zal worden den muur verder te volgen om  hem zoo mogelijk ook aan de andere zijden te traceeren.   In het vorig verslag werd melding gemaakt van een pas ontdekte Gane^a  met inscriptie op de onderneming Karang- Dinoj o. In het afgeloopen kwartaal  werd aan de onderneming een bezoek gebracht om op de oorspronkelijke vindplaats  na te gaan of er misschien nog iets anders te vinden was. Het resultaat was, dat  op de plaats, waar de Gane^a opgegraven werd, restanten van een klein baksteenen  gebouwtje werden aangetroffen. Vermoedelijk is het een klein terras geweest; het  ligt thans echter geheel in puin. Het grondvlak was een rechthoek, waarvan de  lange en de korte zijde respectievelijk 4 en 5 M. maten. Van deze gelegenheid  werd te"
OV_1923,1923,volcanic_arch_v_lamongan,Volcanic+archaeological: Lamongan,Lamongan,,,tjandi Dermo  opmeten,True,True,,tjandi Dermo  opmeten; Tjandi Panataran distr; tempel,Lamongan,,13,"da voort-  zetten (Zie O. V, 1921 p. 150) en zoo mogelqk beSindigen, waarbij de Fotograaf-  Teekenaar hem zal assisteeren.   De heer Van Coolwijk zal na tjandi ’Wringin Lawang d& tjandi Dermo  opmeten en in teekening brengen.   Het Hoofd van den Oudheidkundigen Dienst,  Dr. F. D. K. BOSCH.     BIJLAGE A    LIJST   der FOTOGRAFISCHE OPNAMEN  IN HET EERSTE EN TWEEDE KWARTAAL 1923    Nummer   i   !   Formaat   Plaats   Korte omschrijving   6758   24 x 30   Sendang Doewoer, distr. Patji*  ran, afd* Lamongan.   Gapoera (vroeg-Mohame-  daansch).   6759    id.   id. detail, poortje met  deuren.   6760   18 x 24   id.   id. detail   6761    id.   id. id   6762   6763   »   uitgevallen   id.   id. id   6764   18 x 24   id.   id. id   6765   uitgevallen    id. id   6766   6767   18 x 24   uitgevalle"
OV_1923,1923,volcanic_arch_tephra,Volcanic+archaeological: tephra/ash/tuff,asch,,,INSCRIPTIE,True,True,,INSCRIPTIE; inscriptie; beeld bedoelde,asch,,24,"nog jong was toen de vader  sneuvelde, was zij zelf dus destijds nog niet oud, zoodat haar overlijden in 1 444  niets bevreemdend is.   Een nadere uitwerking van deze identificatie, waaraan meer vast zit, valt  echter buiten het bestek van dit stuk, dat slechts een voorbeeld bedoelde te geven  hoe raadselachtig de Pasfe'sche grafschriften opgesteld kunnen zijn.    0 ,,Notes on the Malay Archipelago and Malaca compiled from Chinese sources by  W. P. Groeneveldt'* in Verhandelingen van het Bataviaasch Genootschap van Kunsten en  W etenschappen, deel XXXIX (1877).    BIJLAGE C    DE SANSKRIT-INSCRIPTIE OP DEN STEEN   VAN DINAJA   ( V erbetcringen en aanvuLlingen op Tijdochrift Bat. Gen.  Dl. LVII, 1915, p. 910 olg.)   DOOR   Dr. F. D K. BOSCH.    Hieronder laten wij eenige verbeteringen en aa"
OV_1923,1923,exposed,exposed/uncovered,blootgelegd,,,monument,True,False,,monument,,,36,"het ""Westeii, waarvan van  Kinsbergen in 1873 de eerste fotografische opname vervaardigde. Uit Cornelius*  beschrijving krijgt men den indruk dat op de vier toegangen tezamen een acbttal  van deze groote leeuwen stonden. Dit is niet het gevaL Cornelius heeft ons slechts  een bouwkunstige beschrijving nagelaten en geen verslag gegeven van de blootlegging  van het monument, dat in den loop der eeuwen nagenoeg geheel bedolven was.  Wij moeten aannemen dat hij slechts den Westelijken toegang heeft blootgelegd en  diar de twee groote leeuwen heeft gevonden. Getroffen door de geweldige symmetric  van het bouwwerk, heeft Cornelius toen blijkbaar bij analogic aangenomen, dat ook  bij de drie andere toegangen deze zelfde groote leeuwen prijkten.   Het staat evenwel vast dat er slechts twee singha's"
OV_1923,1923,exposed,exposed/uncovered,blootgelegd,,,beeld op,True,False,,beeld op,,,36,"ijken toegang heeft blootgelegd en  diar de twee groote leeuwen heeft gevonden. Getroffen door de geweldige symmetric  van het bouwwerk, heeft Cornelius toen blijkbaar bij analogic aangenomen, dat ook  bij de drie andere toegangen deze zelfde groote leeuwen prijkten.   Het staat evenwel vast dat er slechts twee singha's zijn geweest van dit  groote type. Uit Wilsen's opstel, voorkomende in het Tijdschr. Bat, Gen. van 1853,  p. 250, moeten we afleiden dat ook hij slechts den W estelijken toegang blootgelegd  heeft gezien. Noch Cornelius, noch Wilsen hebben blijkbaar de drie overige toegangen  ontgraven. Dit is eerst volledig geschied bij den aanvang van den herstellingsarbeid  in 1907. Toen kwamen op de Oostzijde twee gehavende leeuwen te voorschijn.  Een ervan is afgebeeld op onze hierbijg"
OV_1923,1923,discovered,brought to light,te voorschijn gekomen,,,monumentalen,True,False,,monumentalen; ontgraving,,,46,"ken dat van  deze kleine singha's geen enkel stuk is zoek geraakt.   Tot het jaar 1907 verkeerden wij in de meening dat de Barabudur op elk  zijner vier gevels een vijftal poorten telde. Bij de ontgraving, waarmede de herstel-  lingsarbeid in genoemd jaar werd ingeleid, is evenwel ten duidelijkste gebleken dat  elke gevel nog een zesde poort is rijk geweest. Van laatstgenoemde poorten is op  elke face o.m. het topstuk der omlij sting, in de gedaante van een monumentalen  kala-kop, uit den grond te voorschijn gekomen. Deze zesde poort was een uitvloeisel  van de ombouwing van den oorspronkelijken voet. Op het grondplan is ze aangeduid  met P. Ze stond op de buitenzijde van de breede aanstapeling, overwelfde het 1.80 M.  diepe bordes van de trap, die naar den breeden omgang voerde en sloot a"
OV_1923,1923,depth_m,X.X M diep,"1.80 M. 
diep",1.8,meter,monumentalen,True,False,,monumentalen,,,46,"rstel-  lingsarbeid in genoemd jaar werd ingeleid, is evenwel ten duidelijkste gebleken dat  elke gevel nog een zesde poort is rijk geweest. Van laatstgenoemde poorten is op  elke face o.m. het topstuk der omlij sting, in de gedaante van een monumentalen  kala-kop, uit den grond te voorschijn gekomen. Deze zesde poort was een uitvloeisel  van de ombouwing van den oorspronkelijken voet. Op het grondplan is ze aangeduid  met P. Ze stond op de buitenzijde van de breede aanstapeling, overwelfde het 1.80 M.  diepe bordes van de trap, die naar den breeden omgang voerde en sloot aan bij  de thans verdwenen lage balustrade b, welke de buitenzijde van den omgang  begrensde l ), Zooals we zien valt ook hier het trapgat deels buiten het poortlichaam  en schiet het wel 2 M. binnen den vloer van den om"
OV_1923,1923,volcanic_arch_tephra,Volcanic+archaeological: tephra/ash/tuff,Tuf,,,tempeltje,True,True,,tempeltje; beeld can; beeld in; beeld in; Beeld zeo,Tuf,,61,"t met andere oude beelden aan bij een oud grottempeltje nabij den  rivieroever in BSdulu, vlak bij de PStanu.    l ) Nggirakyfigama Z. 14 : 3, 79 : 3.  *) K.B. Wdb. Ill (1901) bl. 335.        Oud Acenen beeld can Huril 1 met zee kinderen by de Goa Bedulu, tc Bcihilu, Gianjar . Dc borAen  can Barit i cn bet boo fd can Ping gala zyn geecbonden; bet boo fd can Harih /.♦ afgebroken van  den romp. V laic ernaaA ecu Acenen Gance a, bade t ecble can dc grot. De beeolkuiy noeml  de irouw Jfen Brayut.   Tuf Acenen beeld in de Pura daUun (doodenlempcl) le Suda/t (ond. afd . Buleteny ) . Jfen   n . . f.t-1 n Ii! i’ ) . - 1 ... _** / / .    Tuf Acenen beeld in de Pura daUan (doodenlempcl ) tc Suda/i (and. afd . Buleleny) . Jfen  Brayut met aebt kinderen. Op bet boofd cen aarden pol coor water, waarean"
OV_1923,1923,volcanic_arch_tephra,Volcanic+archaeological: tephra/ash/tuff,Tuf,,,beeld can,True,True,,beeld can; beeld in; beeld in; Beeld zeo,Tuf,,61,": 3, 79 : 3.  *) K.B. Wdb. Ill (1901) bl. 335.        Oud Acenen beeld can Huril 1 met zee kinderen by de Goa Bedulu, tc Bcihilu, Gianjar . Dc borAen  can Barit i cn bet boo fd can Ping gala zyn geecbonden; bet boo fd can Harih /.♦ afgebroken van  den romp. V laic ernaaA ecu Acenen Gance a, bade t ecble can dc grot. De beeolkuiy noeml  de irouw Jfen Brayut.   Tuf Acenen beeld in de Pura daUun (doodenlempcl) le Suda/t (ond. afd . Buleteny ) . Jfen   n . . f.t-1 n Ii! i’ ) . - 1 ... _** / / .    Tuf Acenen beeld in de Pura daUan (doodenlempcl ) tc Suda/i (and. afd . Buleleny) . Jfen  Brayut met aebt kinderen. Op bet boofd cen aarden pol coor water, waarean wy water gemaakl  k an warden. Beeld zeo jaar geleden gemaakl. dsaaA Jfen Brayut ecu bondje (tuJAeen ) .    BuddbiAiecb beitigdoni met ai"
OV_1923,1923,volcanic_arch_tephra,Volcanic+archaeological: tephra/ash/tuff,aschrift,,,tempel,True,True,,tempel; monument,aschrift,,65,"Gde Raka ons opmerkzaam maakte, is weergegeven op bijgaande plaat  en toont duidelijk zijn H indoe- Javaansche afstamming. Ook van deze oudheid zal  een detailopname plaats dienen te hebben”.   „De poort van Sakah” is echter o.i. een minder juiste benaming, aangezien  de bevolking den tempel noemt „Poera poeseh Tjanggi” of ,,Poera Ganggahan'%  en deze ligt in het desagebied van Canggi. Beter ware dus te spreken van „de poort  van Canggi”.   Op bl. 64 van hetzelfde O. V. besluit Prof. Krom zijn naschrift bij Resident  Damst£’s artikel over „Een Buddhistisch rotsklooster op Bali” (Tampak siring),  met de woorden :   „Stellig is Tampaksiring het oudst bekende monument van Bali, ouder dan  Sakah, en zeker ook ouder dan Perean”.   Canggi hebben wij in de litteratuur gevonden in de oorkonde op k"
OV_1923,1923,volcanic_arch_v_kelud,Volcanic+archaeological: Kelud,Kloet,,,tjandi Tegawangi,True,True,,tjandi Tegawangi; tjandi Lawang en; tjandi Tegawangi; tjandi Gambar op,Kloet,,66,"was met den Fotograaf-Teekenaar tot de tweede  helft van September te Djalatoenda. Daama ondernam hij inspectie-reizen o.a. naar  Djedong en Bangkal. Vanaf November bezocht hij geregeld tjandi Tegawangi.   De Fotograaf-Teekenaar was tot eind September te Djalatoenda. Daama  ontving hij opdrachten voor het fotografeeren van enkele stukken in het Sriwedari-  museum te Solo, van tjandi Lawang en de andere oudheden bij Soekaboemi in  Bojolali, de reliefs van tjandi Tegawangi, en tjandi Gambar op de Kloet.   De Bouwk. Opzichter, sinds Maart geplaatst te Modjokerto, maakte in het  derde kwartaal in verband met de hem opgedragen werkzaamheden reizen naar de  tjandi's Bangkal, Dermo, Wringin Lawang en Djaboeng. In het vierde kwartaal  kwam hij geregeld te Bangkal, daama te Wringin Lawang en Tikoes"
OV_1923,1923,volcanic_arch_v_ijen,Volcanic+archaeological: Ijen,ijen,,,beeldhouwwerk,True,True,,beeldhouwwerk,ijen,,68,"het  aesthetisch effect der invoegingen worden uitgesproken. Het moest ongunstig blijven  luiden. Het bleek, dat, te midden van het zware beeldhouwwerk der balustrade  met zijn betooverend spel van licht- en schaduwschakeeringen, de pilasters, nis-  bekroningen, antefixen en andere nieuw aangebrachte stukken, hoewel hun kleur niet  meer van die der omgeving verschilt, door de doodsche regelmatigheid van hun gladde  oppervlakken de aandacht blijven trekken en wel in veel sterker mate dan de  partijen, waar door het gehavend zijn of het ontbreken van oude steen grillig  gevormde schaduwplekken zijn ontstaan. Toen dit geconstateerd was, werden, na  eenige proefnemingen op kleine schaal, de nieuwe stukken, waar zij als steunpunten  gemist konden worden, zooveel mogelijk weggebeiteld, terwijl d"
OV_1923,1923,excavated,excavated,opgegraven ,,,Tjandi Ngawen,True,False,desa Glondong bij,Tjandi Ngawen; tempelterreinen; tempels; tempel; monument,,desa Glondong bij,72,"d aangevoerd.   De tjandi' s Kalasan en Sari. Ook van de tempelterreinen van deze  bouwwerken werden situatie-teekeningen gemaakt, welke als grondslag voor de  onderhandelingen voor de uitbreiding van de terreinen dienst doen. Voor de toe-  gangen en de terreinen om de tempels, die voor een goede bezichtiging noodzakelijk  zijn, werd een blijvend bezit aangevraagd, terwijl getracht zal worden de voor de  herstelling benoodigde gronden in huur te verkrijgen.   Het in de desa Glondong bij Kalasan opgegraven fraaie raksasa-beeld  werd overgebraeht naar de kaboepaten van Kalasan. Nog enkele andere fragmenten  uit de onmiddellijke omgeving, waaronder een paar forsch gehakte makara-uitloopers  werden mede daarheen vervoerd en opgesteld.   Tjandi Ngawen. Aan de Noord- en Westzijde van het afgebak"
OV_1923,1923,excavated,excavated,uitgegraven ,,,fundament,True,False,desa Palanggading beoosten,fundament; beeld werd,,desa Palanggading beoosten,72,"steenen te koop werden aangeboden. Bij informatie was gebleken dat deze steenen  afkomstig waren van de desa Palanggading beoosten pasar Gentan (in den weg  naar Boeloes), waar men doende was een fundament uit te graven om de steenen,  na ze stuk te hebben geslagen, te verkoopen. Onmiddellijk werd op last van den  Directeur de uitgraving stopgezet en door mij een onderzoek ingesteld. Het bouw-  werk bleek nog voor het grootste deel onder den grond te zitten. Een menigte  steenen bleken te zijn uitgegraven en naar Djokja vervoerd. Wat hiervan nog kon  achterhaald worden, werd overgebracht naar het Museumterrein op den Sultanaats-  boulevard, gesorteerd en in elkaar gepast (zie afb. 6 en 7). Een van dezelfde plaats  afkomstig Mahadewi-beeld werd ook naar het Museum-terrein overgebracht*   V "
OV_1923,1923,volcanic_arch_v_kelud,Volcanic+archaeological: Kelud,Kloet,,,tjandi Bangkal schoon,True,True,,tjandi Bangkal schoon; tjandi Dermo; heiligdom; ontgraving; baksteenen,Kloet,,76,"og geen 5 M. van den beschreven steen  verwijderd, werd op ongeveer 4 M. diepte onder het tegenwoordige terrein, de  fundeering van een klein baksteenen poortje (?) met dito aansluitenden ringmuur  gevonden. De muur loopt in de richting Oost-West. Tegelijk kwamen enkele voor-  werpen van terra-cotta aan het licht. De ringmuur en de reeds vroeger op dezelfde  plaats aangetroffen oudheden doen wel vermoeden dat hier eertijds het een of  ander heiligdom stond. Daar alles echter door een dikke laag Kloet-zand is  bedolven, is de kans, dat er nog wat van beteekenis over is, zeer gering, waarom,  ook met het oog op de kosten, voorloopig van een verdere ontgraving werd afgezien.   Vc rdlag van den Bouwk. OpzLcbter over de werkzaamheden op Oodt-Java.   In het begin van het derde kwartaal werd tjan"
OV_1923,1923,exposed,exposed/uncovered,blootgelegd,,,ontgraving,True,False,,ontgraving; ontgraving,,,77,"ede kwartaal 1923 .   Ten vervolge van hetgeen reeds vroeger medegedeeld werd, moge hieronder  in het kort weergegeven worden, wat sedert het begin van dit jaar verricht werd  en weike de huidige stand der werkzaamheden is. Gestadig werd, hoofdzakelijk op  Zon- en feestdagen, voortgegaan met de ontgraving, die binnen in het bastion reeds  een diepte van 6 M. bereikte, zonder dat men nog op een vloer stuitte.   Aan de buitenzijde werd de Noordwestelijke hoek tot aan den onderkant  der fundeering blootgelegd. De Zuidwestelijke- en Zuidoostelijke hoeken, die aan-     OUDHEIDKUNDIG VERSLAG, DERDE EN VIERDE KWARTAAL 1923    85    sluitingen met den vestingmuur vormen, werden nog met geheel ontgraven, zoodat nog  steeds niets met zekerheid omtrent de afmetingen van het bastion te zeggen valt.   "
OV_1923,1923,exposed,exposed/uncovered,blootgelegd,,,ontgraving,True,False,,ontgraving,,,78,"uidwestelijke- en Zuidoostelijke hoeken, die aan-     OUDHEIDKUNDIG VERSLAG, DERDE EN VIERDE KWARTAAL 1923    85    sluitingen met den vestingmuur vormen, werden nog met geheel ontgraven, zoodat nog  steeds niets met zekerheid omtrent de afmetingen van het bastion te zeggen valt.   Bij de ontgraving van den Noordwestelijken hoek (niet aan den vestingmuur  aansluitend) werd een soort steunbeer aangetroffen. Of deze ook aan den Noord-  westelijken hoek voorkomt, kon nog niet nagegaan worden.   De blootgelegde buitenzijde geeft den indruk onder een vrij sterk talud in  terras vorm te zijn afgewerkt.   De afwerking der binnenzijde is zoo regelmatig, dat het welhaast uitgesloten  lijkt, dat het bastion tegen een aarden verhooging zou opgewerkt zijn. Het geheele  muurprofiel wijst er trouwens op"
OV_1923,1923,exposed,exposed/uncovered,blootgelegd,,,tjandi Badoet het,True,False,desa Besoeki op,tjandi Badoet het,,desa Besoeki op,80,"andi Badoet te ontgraven en verder onder handen te  nemen, werd — hoewel noode — besloten de werkzaamheden tot na zijn terugkomst,  wanneer hem de standplaats Malang zal worden aangewezen, uit te stellen. De  noodige maatregelen zijn genomen om het bouwwerk en de omgeving te beschermen.   In November werd door den heer Maurenbrecher in de desa Besoeki op  ongeveer x / 2 paal ten N. van tjandi Badoet het overblijfsel van een klein terrasje (?)  ontdekt. De Noord- en Zuidzijde waren voor een deel blootgelegd en geven, volgens  het rapport van den heer De Haan, een verdeeling in paneelen en pilasters te  zien. De paneelen zijn rijk geornamenteerd ; als motieven zijn o.a. de bekende vaas  met lotus-bloemen, gana's en verschillende dierfiguren toegepast. Ook dit ornament  heeft een uitgesproken"
OV_1923,1923,volcanic_arch_tephra,Volcanic+archaeological: tephra/ash/tuff,asch,,,inscripties,True,True,desa Merdjosari werden,inscripties; beeld van een; Wisnu,asch,desa Merdjosari werden; desa voor den; desa werd bij,80,"periode.   Even ten Noorden van Besoeki, in de desa Merdjosari werden twee  fragmenten van een beschreven steen gevonden, die naar Batavia opgezonden, bleken  de ontbrek ende stukken vanden steen van Dinaja van 682  paka te z ij n. Nog een reckthoekig bekapt steenblok met een regel Midden-  Javaanscb schrift van het Dinaja- type kwam in dezelfde desa voor den dag en  werd eveneens naar Batavia opgezonden. De beide inscripties zullen in de volgende  aflevering van het Tijdschrift van het Bataviaasch Genootschap besproken worden.   Op ca. 75 M. afstand ten N. O. van de vindplaats van de eerstgenoemde  fragmenten staat midden in de sawah een beeld van een zwijn, in zittende houding,  de voorpooten op de borst gelegd (waarschijnlijk een voorstelling van Wisnu in  zijn Warahawatara) hoog 1.05 M"
OV_1923,1923,volcanic_arch_tephra,Volcanic+archaeological: tephra/ash/tuff,aschbord,,,tjandi Sawentar,True,True,desa werd bij,tjandi Sawentar; tempel van Oost; beeld van een; Wisnu,aschbord,desa werd bij,80,"chap besproken worden.   Op ca. 75 M. afstand ten N. O. van de vindplaats van de eerstgenoemde  fragmenten staat midden in de sawah een beeld van een zwijn, in zittende houding,  de voorpooten op de borst gelegd (waarschijnlijk een voorstelling van Wisnu in  zijn Warahawatara) hoog 1.05 M (zie pi. no. 5 ). Op de buik twee karakters :  een nga en een ra beide met lajar dus een onuitspreekbaar woord vormend.   In dezelfde desa werd bij de woning van het desahoofd een steen aangetroffen,  die als waschbord dienst deed. De voorzijde is versierd met de afbeelding in laag  relief van een tempel van Oost-Javaanseh type, met grooten banaspati-kop, zwaren  kroonlijst en een dak in dne verdiepingen. Links van het bouwwerk, er naar  toegewend, de kop van een fabeldier met groote ooren (zie de afbeeld"
OV_1923,1923,volcanic_arch_crater,Volcanic+archaeological: crater,krater,,,heiligdom,True,True,,heiligdom; inscriptie,krater,,81,"etsten plattegrond (zie het schetskaartje, A) wordt aangeteekend  dat het hoogteverschil der vier terrassen, die door muren van elkaar gescheiden zijn,   respect, bedraagt 0.75, 2 , 0.75 en 0.75 M. ; de heuvel is ± 2 x /* koog en   opgebouwd uit onregelmatig gevormde, aan de buitenzijde gladgemaakte bergsteenen.  Op den heuvel werd een steen met inscriptie aangetroffen, welke te lezen geeft: 1302  jyesta. . (de laatste karakters zijn uitgesleten).   Een dergelijk heiligdom, gelegen in den ouden krater van de Goenoeng  B o e t ak (Kawi-gebergte), maar nu bestaande uit d r i e terrassen met een heuvel, werd  door denzelfden Bestuursambtenaar in 1921 bezocht en in een schetsteekening vast-  gelegd (B). De heuvel is opgebouwd uit platte bergsteenen; de terassen I-III zijn  ongeveer van gelijke"
OV_1923,1923,burial,buried/sunk in ground,in den grond gevonden,,,fundament,True,False,,fundament; baksteenen muur; inscriptie; beeldje  is; beeld met,,,83,"n  den Boroboedoer werd door een inlander bij het graven van een slokan een Durga-  beeldje (hoogte 45 c.M.) en een Gane^a-beeldje (hoogte 15 c.M.) gevonden. De  Opzichier, de beer Britt, liet zich de vindplaats wijzen en daarombeen wat grond  wegpatjoelen, waarbij het fundament van een baksteenen muur aan het licht kwam.  Op een 5 M.. afstand kwamen de resten van een tweeden muur, evenals de eerste  in de richting Oost-West loopend, te voorschijn. Verder werden nog enkele metaal-  schilfertjes in den grond gevonden. Toen wij eind December de plaats bezochten,  was het veld met ketella pohon beplant en kon geen nader onderzoek ingesteld  worden. Dit zal plaats hebben zoo spoedig de ketella geoogst is. Het Durga-beeldje  is in de pasanggrahan te Boroboedoer ondergebracht.   V   Bij den voor"
OV_1923,1923,volcanic_arch_tephra,Volcanic+archaeological: tephra/ash/tuff,asche,,,monumenten,True,True,,monumenten,asche,,86,"n werk interesseert, de  grafschriften van Gombong, Karanganjar en Poerworedjo.   Ook die te Krawang en Bandj ermasin werden op mijn verzoek  overgeschreven.   Op deze wijze werden reeds eenige duizenden grafschriften geregisteerd.   Helaas is het met de meeste grafmonumenten en tombes (een zeer belangrijke  bron voor de genealogische studie, vooral in Inch'd, waar zoo weinig bronnen zijn),  zeer treurig gesteld. Van de oudste is maar een zeer klein aantal over (een zestigtal  uit de oude Bataviasche kerken, thans bewaard op de begraafplaats te Tanahabang  te Weltevreden; een tweetal bij de Portugeesche Buitenkerk te Batavia, een vijftal  bij het fort Speelwijk te Bantam, een even zoo groot aantal om de kerk te Cheribon  en een zerk te Tanggerang). Van de andere (begin 19e eeuw) is ook het"
OV_1923,1923,volcanic_arch_v_kelud,Volcanic+archaeological: Kelud,Kloet,,,tjandi Tegawangi zijn,True,True,,tjandi Tegawangi zijn; tjandi Gambar op; tjandi Penampihan  treffen; tjandi Soemberdjati gereed; tjandi Soekoeh opnemen,Kloet,,87,"e foto van een oudheid  vervaardigd is, is als regel ingevoerd om voortaan op alle negatieven den datum van  opname in kleine cijfertjes in de gelatine in te krassen.   § 10 . Programma voor bet volgend KwartaaL.   De Bouwk. Inspecteur zal voortgaan met het sorteeren van de fragmenten  op het Prambanan-terrein en het toezicht houden op de werkzaamheden te Soekoeh.   De Adj. -Inspecteur zal, nadat de werkzaamheden aan tjandi Tegawangi zijn  beeindigd, eenige voorzieningen aan tjandi Gambar op de Kloet en tjandi Penampihan  treffen en het laatste bouwwerk opnemen; vervolgens de bouwkundige beschrij-  vingen van de badplaatsen Belahan en Djalatoenda en van tjandi Soemberdjati gereed  maken voor publicatie.   De Fotograaf-Teekenaar zal tjandi Soekoeh opnemen, in teekening brengen en  fotografe"
OV_1923,1923,volcanic_arch_v_tengger,Volcanic+archaeological: Tengger,Tengger,,,beeld met,True,True,,beeld met; Brahma; Steenen beeld,Tengger,,87,"van Djalatoenda zorgdragen.   Het Hoofd van den Oudheidkundigen Dienst,  Dr. F. D. K. BOSCH.      BIJLAGE H    VERVOLGLIJST   DER FOTO'S WAARVAN GEEN NEGATIEVEN  AANWEZIG ZIJN (SERIE A).   Z1E OUDHEIDKUNDIG VERSLAG, EERSTE, TWEEDE EN  VIERDE KWARTAAL 1917 EN DERDE KWARTAAL 1919    Nummer   Plaats   Korte omschrijvmg   430   Tjitjalengka, distr. Tjitjalengka, afd.  Bandoeng (aan den grooten weg van  Tjitjalengka naar Sindangwangi, 2  paal van Tjitjalengka).   Steenen beeld met onderstuk.   431   Tengger, distr. afd. Pasoeroean.   Medicijnen-bereidende Doekoen's.   432   id.   Brahma-feest.   433   id.   Optocht naar den Bromo.   434   Goenoeng Tjibodas, distr. Leuwiliang,  afd. Buitenzorg.   Vogelberg (Oostzijde).   435   Tjiaroeteun, distr. Leuwiliang, afd,  Buitenzorg.   Beschreven steen "
OV_1923,1923,volcanic_arch_v_bromo,Volcanic+archaeological: Bromo,Bromo,,,beeld met,True,True,,beeld met; Lingga; Brahma; Steenen beeld,Bromo,,88,"ER FOTO'S WAARVAN GEEN NEGATIEVEN  AANWEZIG ZIJN (SERIE A).   Z1E OUDHEIDKUNDIG VERSLAG, EERSTE, TWEEDE EN  VIERDE KWARTAAL 1917 EN DERDE KWARTAAL 1919    Nummer   Plaats   Korte omschrijvmg   430   Tjitjalengka, distr. Tjitjalengka, afd.  Bandoeng (aan den grooten weg van  Tjitjalengka naar Sindangwangi, 2  paal van Tjitjalengka).   Steenen beeld met onderstuk.   431   Tengger, distr. afd. Pasoeroean.   Medicijnen-bereidende Doekoen's.   432   id.   Brahma-feest.   433   id.   Optocht naar den Bromo.   434   Goenoeng Tjibodas, distr. Leuwiliang,  afd. Buitenzorg.   Vogelberg (Oostzijde).   435   Tjiaroeteun, distr. Leuwiliang, afd,  Buitenzorg.   Beschreven steen bij de monding van  de Tjiaroeteun in de Tjisadane.   436   id.   Beschreven steen in de Tjiaroeteun.   437   Tjihondje, distr."
OV_1923,1923,volcanic_arch_v_tengger,Volcanic+archaeological: Tengger,Tengger,,,Tjandi Plaosan,True,True,,Tjandi Plaosan; Tjandi Koening aan; tempel; tempel; beeldje van Awalokite,Tengger,,90,"EN V1ERDE KWARTAAL 1923    99    Nixmmer   Plaats   Korte omschrijving    499   Sibangkadja, onderafd. Badoeng (Bali)   Beschreven koperplaat (voor- en ach-  terzijde).   500   Tjandi Plaosan, afd. Klaten.   Vooraanzicht tempel.    501   id.   Zijwand tempel.    502   Nabij Tjandi Koening aan het Bra-  tanmeer, onderafd. Tabanan, Zuid-  Bali.   Steenen be eld van Harihara.    503   id.   Steenen makara-spuier met inscrip tie.   504   idL   Olifantskop en slang, in de rots  uitgehouwen.   505   Tengger, res, Pasoeroean.   Zodiakbeker.    506   id.   Zelfde, ander gedeelte.    507   id.   id. id.    508   id.   id. id.    509   Onbekend, thans Coll. Resink te  Djokjakarta.   Bronzen beeldje van Awalokite^wara   510   id.   Zelfde van ter zijde.    511   id.   Bronzen godenbeeldje (fragment  "
OV_1923,1923,burial,buried/sunk in ground,in den grond gezakt,,,beeld in,True,False,,beeld in; Steenen beeld; Steenen beeld; Bronzen beeld,,,90,"e.    514   id.   Bronzen beeldengroep op een soort  standaard (waarschijnlijk handvat  van een bidschel).   515   id.   Zelfde van ter zijde.    516   id.   Bronzen Kinnari (waarschijnlijk hand-  vat van een bidschel).   517   id.   Bronzen leeuwtje (id. id.)    518   id.   Bronzen wadjra (id. id.)    519   Doesoen Tinggi Han, onderafd. Le-  matang Oeloe, afd. Palembangsche  Bovenlanden.   Steenen beeld (zie pi. 1^).   a   &   520   id.   Zelfde beeld (zie pi. 1 c).    521   id.   Zelfde beeld in den grond gezakt  (zie pi. la).   <u   03   522   Doesoen Kota Raja, onderafd. Pasc-  al ahlanden, afd. Palembangsche Bo-  venlanden.   Batoe Gadjah (zie pi. 2a).   S  0\  r— »   523   id.   Zelfde ander zijde (zie pL 2b).   00   524   Beeldenpark Pematang, onderafd.  Pasemahlanden (Palembang).  "
OV_1923,1923,volcanic_arch_v_tengger,Volcanic+archaeological: Tengger,Tengger,,,Tjandi Tikoe,True,True,,Tjandi Tikoe; steenen beeld; zilveren plaat,Tengger,,91,"an het jaar  998 na de Hidjrah,   570   Eiland Tambelan, afd. Karimoen.  res. Riouw en Onderhoorigheden.   Graf van een Radja Boengsoe,   571   id.   id.   Zelfde graf van ter zijde.   572   Soeka Loewai, onderafd. Serdang.  afd. Deb en Serdang. Gouv. Oost-  kust van Sumatra.   Rotswoning.   573   Ranau Kembolo, distr. Kandangan,  afd. Loemadjang (Pasoeroean).   Bescbreven steen-blok : „Mpu Ka-  me^wara tirthayatra"" (Oudh. Versl.  1920 p. 100).   574   Redjapada, distr. Toeren, afd. Ma-  lang, (Tenggergebergte),   Twee steenen beeld-fragmenten.   575   (Serang hoofdplaats). res. Bantam.   Aanzicht masigit (detail).   576   id.   id.   id. id.   577   id.   id.   Binnen aanzicht id.   578   Wrscbl. Tengger, afd. Pasoeroean,  thans in het bezit van Loo Ing Hian  te Soerabaja.   Zodiakbeker m"
OV_1923,1923,volcanic_arch_v_tengger,Volcanic+archaeological: Tengger,Tengger,,,Tjandi Tikoes,True,True,,Tjandi Tikoes; ontgraving; steenen beeld; zilveren plaat,Tengger,,91,"derafd. Serdang.  afd. Deb en Serdang. Gouv. Oost-  kust van Sumatra.   Rotswoning.   573   Ranau Kembolo, distr. Kandangan,  afd. Loemadjang (Pasoeroean).   Bescbreven steen-blok : „Mpu Ka-  me^wara tirthayatra"" (Oudh. Versl.  1920 p. 100).   574   Redjapada, distr. Toeren, afd. Ma-  lang, (Tenggergebergte),   Twee steenen beeld-fragmenten.   575   (Serang hoofdplaats). res. Bantam.   Aanzicht masigit (detail).   576   id.   id.   id. id.   577   id.   id.   Binnen aanzicht id.   578   Wrscbl. Tengger, afd. Pasoeroean,  thans in het bezit van Loo Ing Hian  te Soerabaja.   Zodiakbeker met jaartal 1253 (^aka.   579   Mandiangin, afd. Moeara Tambesi,  res. Djambi.   Zeven beschreven zilveren plaatjes,  een boek van boomschors met 120  bladzijden, een gong, een Ians, enz.   580   Tjandi Tikoe"
OV_1923,1923,volcanic_arch_tephra,Volcanic+archaeological: tephra/ash/tuff,asch,,,tempeltjes,True,True,,tempeltjes; fundamenten,asch,,97,"hiedenis als in Djocja: het op te richten museum is  nooit verrezen; zoowel het plan om de pasebans op de aloen-aloen daarvoor in te  richten, als het grootschere plan om in het nieuwe gemeentehuis een aparte zaal  voor de beelden beschikbaar te stellen, is niet tot uitvoering gekomen. De verzame-  ling heeft op het Regentserf gestaan totdat de gemeente Magelang niet ongaame  van de zorg ervoor werd ontheven (G. B. 2 Juni 1917 No. 11). Behalve enkele  stukken, die naar het Museum van het Bataviaasch Genootschap zijn vervoerd, is  de geheele verzameling toen naar Prambanan overgebracht (Oudheidk. Versl, 1917  p. 50, 1918 p. 12).   Het was de bedoeling, dat er daar een loods voor gebouwd zou worden  zoodat de beelden beschermd zouden staan tegen den regen. Zij waren daarom  voorloopig op enk"
OV_1923,1923,volcanic_arch_tephra,Volcanic+archaeological: tephra/ash/tuff,tufche,,,BRONZEN VOORWERP,True,True,,BRONZEN VOORWERP,tufche,,115,"oUlling oan ten oogel, <  en trifula of «ajra dragend     OUDHEIDKUNDIG VERS LAG, DERDE EN VIERDE KWARTAAL 1923 139    of geteerd en geven op eakele curieuze stukken na, waarvan we de afbeeldingen  reproduceeren, geen aanleiding tot bijzondere opmerkingen.   Ten slotte brengen we hier gaame dank aan den conservator, P. A, Hadi-  widjojo, voor de welwillendheid, waarmede hij ons in de gelegenheid gesteld heeft  de collectie te beschrijven en te fotografeeren.   A. BRONZEN VOORWERPEN.   I. Buddhuftufche beelden.   a. Mannelijke godheden.   Buddha's.    Aksobhy a (BBMB. p. 3).   No. 2. Zonder voetstuk of lotuskussen. Onder het zitvlak een pin ter beves-  tiging in een voetstuk. Ovale schijf als glorie.   Hoog 6.5.   No. 3. (Kn. no. 16). Langwerpig zeskantig voetstuk, waarop ovaal zitkussen.  "
OV_1923,1923,excavated,excavated,opgegraven ,,,beeld met,True,False,Desa Goejangan,beeld met; yoni; yoni; yoni; yoni,,Desa Goejangan,147,"n en versiering om de bult; een middenstuk van een vierarmig  beeld met veel versiering; een voetstuk met gekruiste beenen 35x60 c.M.; een  beschadigde yoni met afgebroken tuit 85x85, hoog 53 c.M., gat 26 c.M. en twee  lingga's.   Op poenden een oud graf waarop gestapelde Modjopaitsteenen, hierop het  bovenstuk van een vierarmig beeld.      180 OUDHEIDKUNDIG VERSLAG, DERDE EN VIERDE KWARTAAL 1923    Op sawah van P. Legiman kwam vroeger een heuveltje van Modjopaitsteenen  voor; uit de sawah werd opgegraven een yoni 96 X 96, hoog 1 M., tuit lang 32,  breed 32, hoog 27 c.M., deze yoni werd overgebracht naar een stuk Gouvemements-  grond aan den weg Malang- Batoe op de grens van de desa's Karoeman en  Dinojo.   Op sawah van P. Laibin yoni 72 X 72, hoog 74, tuit lang 24, breed 23, hoog  23 c.M."
OV_1923,1923,volcanic_arch_tephra,Volcanic+archaeological: tephra/ash/tuff,aschool,,,yoni,True,True,Desa Poedjonlor,yoni; lingga; linggas,aschool,Desa Poedjonlor; Desa Ngabab; desa v66r de; Desa Tawangsari; Desa Sebaloeh,150,"tegal van Kartotroeno een lingga.   ONDERDISTRICT POEDJON.   Desa Poedjonlor.   conform sub 2294 inventaris.      OUDHEIDKUNDIG VERS LAG, DERDE EN VIERDE KWARTAAL 1923 183    Desa Ngabab. (2298) verg. 2306.   Vijf beelden op de Koekoesan (een der Darawatitoppen) op een boop kali-  steenen; voor zoover bekend hebben deze beelden altijd hier gestaan.   Een steenen muur bestaande uit groote, goed afgewerkte steenen, ter lengte  van 24 M.; niet ver hiervandaan een oud graf.   In de desa v66r de desaschool een yoni en twee linggas.   Desa Tawangsari.   Op een Inlandsch kerkbof op een hoop kalisteenen twee dierenbeeldjes.   Desa Sebaloeh. (thans met de desa Pandedjadjar vereenigd tot de  desa Pandesari).   Conform 2297 inventaris.   Op de top van de eigenlijke Goenoeng Kawi d: 8 M. ten Noorden v"
OV_1923,1923,depth_voet,X voet diep,"16 
voet diep",4.88,voet,fundamenten,True,False,Desa Pondok,fundamenten; baksteenen fundament,,Desa Pondok; desa Mendalan vereenigd; desa  Pondokagoeng; Desa Bajem; Desa Pait,150,een steenen watervat.   Desa Pondok (thans met de desa Mendalan vereenigd tot de desa  Pondokagoeng).   Conform sub 2312 inventaris.   Desa Bajem.   Conform sub 2310 inventaris.   In het gehucht Boeloeredjo werden op een tegalan van Kromotaroeno  baksteenen fundamenten gevonden.   Desa Pait.   Op een oro-oro in het gehucht Barakan zes bekapte steenen.   Desa Kadjang (thans met de desa Poelosari vereenigd tot de desa  Soekosari).   Op de sawah van Tjokro een onbekapte steen waarin een rond gat ± 16  voet diep.   Op de tegal van Mertodikromo op de Goenoeng Krengih (gehucht Soember-  soeko) twee bekapte steenen en een steenen neut met ronde knop.   Desa Poelosari (thans Soekosari).   Op het erf van Drono (gehucht Mangir) een bekapte steen en een fragment  van een bewerkte steen.      BIJLAGE 
OV_1924,1924,excavated,excavated,uitgegraven ,,,Tjandi Moerangan,True,False,,Tjandi Moerangan; tempel; tempelterrein; tempel te behooren; tempels,,,3,"elijk, na voorzichtig omhakken  van dien boom, meerdere lagen zullen kunnen worden vastgesteld. Aan de N.^V. en  Z.O, hoeken bevinden zich nog enkele pilasters boven den onderbouw. Daar de  oppervlakte van het terrein absoluut onvoldoende is om de belangr^ke fragmenten  te sorteeren en op te stellen, werd de bemiddeling ingeroepcn van den Assistent-  Resident voor A. A. te Solo, ter verkrijging van gronduitbreiding. Daar het terrein  vrij hoog ligt, kunnen de tempel, resten en fragmenten worden uitgegraven zonder  dat er last ondergevonden wordt van ovcrtoUig water.   Toen eenigen tijd geleden Week, dat eenige beelden, enz. van het tempelterrein  verdwenen waren, werd hiervan de Resident van Solo in kennis gesteld, met het  gevolg, dat de stukken wederom zgn teruggebracbt. Naar aanleiding "
OV_1924,1924,burial,buried/sunk in ground,in den grond gezakt,,,tempeltje,True,False,,tempeltje; tempeltjes; tempeltjes; tempeltjes; tempeltje,,,9,"worden, omdat op de andere een groote waringin staat.  We gelooven niet, dat hierdoor iets verloren is gegaan. Aan de Oostzijde van het  Noordelijke tempeltje werden de restanten van een trap aangetroffen. Ook de beide  andere tempeltjes hebben blijkbaar hun ingang tegenover het Oosten gehad. De  ingangen van de hoofd- en de bijtempeltjes lagen dus tegenoverelkaar. Voor de  bestemming hebben we voor twee van de drie tempeltjes mooie aanwijzingen, Boven  het middelste tempeltje lag voor een deel in den grond gezakt^ een nandi met den  kop naar den hoofdtempel gericht, Bij den nandi lagen verder nog een onder- en  bovendorpel en een onafgewerkte kalakop. Dat ook deze stukken niet verdwenen  zijn, vindt een gereede verklaring in het feit, dat ze te zwaar waren om getranspor*  teerd te worden."
OV_1924,1924,burial,buried/sunk in ground,"in den grond 
gezakt",,,tempeltje,True,False,,tempeltje; tempeltje; ontgraving; ontgravingswerh; lingga,,,9,"deze stukken niet verdwenen  zijn, vindt een gereede verklaring in het feit, dat ze te zwaar waren om getranspor*  teerd te worden. Ongeveer in het midden van het Zuideli^ke tempeltje zat tusschen  de wortels van den waringin een vrg groot voetstuk beklemd. Bij het uitkappen  hiervan kwam tegelijk een lingga voor den dag, die erin past, zoodat we mogen  veronderstellen, dat beide daar thuis behooren. Ook hierb^ lagen nog een dorpel  en een onafgewerkte k^akop. De kop lag aan de Oostzijde geheel in den grond  gezakt. Boven het Noordel^ke tempeltje werden twee dorpels en een fraaie kalakop  aangetroffen.   Tgdens de ontgraving stootte ik aan de Noord-Oost- en Zuidz^de op een  ringmmir, uit wadas-blokken opgetrokken. Dit onderdeel eischt nog een nader  onderzoek.   Na be^indiging van het ontg"
OV_1924,1924,excavated,excavated,uitgegraven ,,,Tjandi P6ndSm is,True,True,,Tjandi P6ndSm is; tempel; tempel; tempelterrein; tempel,laharlagen,,13,"waarbij werd geconstateerd dat een sprekend-relieffragment, afgcbeeld  in O. R. 1920 Plaat 20, steen 16 (Melville 287) zich niet meer ter plaatse bevond.  Het verlies van dezen steen is zeer te betreuren, aangezien hierdoor een lacune  ontstaat in de reconstructie van de Rama-serie van den Brahmatempel. Van  12 Januari — 14 Februari d.a.v. werd doorgewerkt aan de Tjcindi's PSndfim en  A s o e. B^ den eerstgenoemden tempel werd voor terrein-uitbreiding een strook  grond van 1 M, breedte rond het uitgegraven tempelterrein aangekocht. De tempel-  voet ligt nu gemiddeld 2.5 M, onder het maaiveld. Het verzetten van grond  was zwaar, aangezien de grond moest worden losgeh£Lkt en zich tusschen de vele  laharlagen drie „parang"" lagen bevonden van groote hardheid.   Bg het ontgraven kwamen slechts "
OV_1924,1924,volcanic_arch_lahar,Volcanic+archaeological: lahar/mudflow,laharlagen,,,Tjandi P6ndSm is,True,True,,Tjandi P6ndSm is; tempel; tempel; tempelterrein; tempel,laharlagen,,13,"aangezien hierdoor een lacune  ontstaat in de reconstructie van de Rama-serie van den Brahmatempel. Van  12 Januari — 14 Februari d.a.v. werd doorgewerkt aan de Tjcindi's PSndfim en  A s o e. B^ den eerstgenoemden tempel werd voor terrein-uitbreiding een strook  grond van 1 M, breedte rond het uitgegraven tempelterrein aangekocht. De tempel-  voet ligt nu gemiddeld 2.5 M, onder het maaiveld. Het verzetten van grond  was zwaar, aangezien de grond moest worden losgeh£Lkt en zich tusschen de vele  laharlagen drie „parang"" lagen bevonden van groote hardheid.   Bg het ontgraven kwamen slechts twee geomamenteerde stukken voor den  dag n.l. een fragment van een kalakop-spuier (bovenstuk) en een palmet van de  sokkel. Verder slechts l^stwerk, De onderbouw van Tjandi P6ndSm is nog vr^wel  aanwezig."
OV_1924,1924,volcanic_arch_lahar,Volcanic+archaeological: lahar/mudflow,lahar,,,Tjandi P6ndSm is,True,True,afdeeling  Moentilan,Tjandi P6ndSm is; Tjandi  Loemboeng; tempelkamer,lahar,afdeeling  Moentilan,13,"met van de  sokkel. Verder slechts l^stwerk, De onderbouw van Tjandi P6ndSm is nog vr^wel  aanwezig. Van de deklaag, die slechts gedeeltelgk voorhanden is, kon een recon-  stnictie-teekening gemaakt worden. Ook is een gedeelte van het plint en van den  ingang nog aanwezig, terwgl het voorste gedeelte van de trap intact is. De vloer      OUDHEIDKUNDIG VERSLAG, EERSTE EN TWEEDE KWARTAAL 1025 15    van de tempelkamer en de put z^n uitgebroken; de laatste was vol keien, die er  vermoedel^k door een lahar z^n ingeraakt.   De fjandi is naar het Westen georientecrd en men had met de omamen-  teering der twee paneelen links en rechts een aanvang gemaakt.   Geteekend werden plattegrond en situatieschets, vooraanzicht, zijaanzicht  en doorsnede over de trap en de put.   Een drietal Gane^a's, door de"
OV_1924,1924,excavated,excavated,opgegraven ,,,Tjandi  B a,True,False,,Tjandi  B a; tjandi Singasari; tjandi  Goenoeng; tempels; tempels,,,13,"en eerst medio Mei kon aangevangen worden met de bouwkundige beschrijving  van de badplaats op de ondememing Soekaboemi boven Bojolali^ Soerakarta.   Van 18 Mei tot 3 Juni werden opnamen gemaakt te Prambanan in ver-  band met de werkzaamheden van den heer Van Erp aldaar voor de Restauratie->  Commissie, waama hetzelfde geschiedde hij Malang voor de opname van Tjandi  B a d o e t. Bovendien werden eenige opnamen gemaakt van de bronscoUectie van  den heer Blijdenstein te Malang en van een onlangs opgegraven beeldfragment op  het terrein van tjandi Singasari. Na den 12den Juni werden wederom opnamen  gemaakt te Prambanan voor den heer Van Erp.   VcrAag ma den Bouu^k. Opxichter.   In het eerste kwartaal werd voortgegaan met de teekeningen van tjandi  Goenoeng-Gangsir, deze kwamen in potlood ge"
OV_1924,1924,depth_m,op een diepte van X,op een diepte van 7 ,7.0,meter,inscriptie,True,False,,inscriptie; beeldje van trachiet; beeldje waarvan; lingga,,,17,"an Rsatnai^ onderdistr. Gajamprit (Klaten) een      OUDHEIDKUNDIG VERSLAG, EERSTE EN TWEEDE KWARTAAL 1925 19    lingga aangetroffen (opgenomen in het Sriwedari-Museum te Solo) met de volgende  inscriptie :   // swasti <?akawarsatita 856 phal  gunamasa tithi pratipada krsnapa  ksa wa O po O O tatkala sang pamg^t  angg^han manusuk sIma.   Volgens mededeeling van den Assistant- Resident van Koeala Koepas werd  omstreeks 1903 door den heer E. A. Hilckes bij het doen van mijnbouwkundige  opsporingen op een diepte van 7 i 8 Meter, op een niet nader bekende plants tusschen  Goenoeng Koepang en Karang Intan (onderafd. Martapoera) een  beeldje van trachiet, hoog 34, breed 15 c.M. gevonden. Het beeldje waarvan  op ons verzoek een foto vervaardigd werd, is blijkens de halve-maan-vormige  uitsteeksels"
OV_1924,1924,volcanic_arch_tephra,Volcanic+archaeological: tephra/ash/tuff,asch,,,monumentjes,True,True,,monumentjes; monumentjes; monumentjes,asch,,48,"^l het  eerste onderdeel van den Tjoepoe wat oe-zuil achthoekig en de beide laatste zestien-  hoekig zijn. De zuil van Tjoepoe watoe is, naar men weet, massief en mag om die   reden niet als een dagob („dhatugarbha"", „reliekhouder"") worden gekwalificeerd.   Daar van de stupa-vormige monumentjes van Palgading alleen de buitenlagen   gevonden zijn en aan die steenen geen zorgvuldig afgewerkte binnenvlakken  voorkomen kan niet met zekerheid worden geconstateerd of in het inwendige een  ruimte voor asch, een ireliek of iets dergel^ks is uitgespaard geweest. Omtrent de  bestemming der monumentjes tast men dus in het duister.   De bekroning van de dagobs van Palgading heeft de heer Perquin op de  reconstructie-teekening in den vorm van een pinakel ontworpen, Hg kan zich  hiervoor beroepen op den"
OV_1924,1924,discovered,brought to light,te voorschijn gekomen,,,ontgraving,True,False,,ontgraving,,,51,"acrobaat optreedt (Vgl. Jataka's Nos. 116, 212 en 489). Voor  de zonderlinge voorstelling van de baardige manspersoon en het bokje vergel^ke  men het 546ste Jataka, waarin wordt verteld van een bok, die gras uit de  koninklgke olifantenstallen steelt en door een knecht wordt weggejaagd. In het  verhaal geschiedt dat weg)agen met een fermen stokslag, op ons relief is de  opgestoken hand van den man leeg. Het is dus de vraag of deze verklaring ons  veel verder brengt.   Onder de b^ de ontgraving te voorschijn gekomen fragmenten bevindt zich  een vierarmig vrouwenbeeld (PL 19^). Zittend op dubbel, rechthoekig  lotuskussen; rechthoekig achterstuk reikend tot de schouders van het beeld; de  rechter voorhand in waramudra op de knie, de linker (beschadigd) geopend in den  schoot; in de rechter ac"
OV_1924,1924,excavated,excavated,opgegraven ,,,Tjandi N g,True,False,,Tjandi N g; monumentje; ontgraving; beeld op,,,56,"poeling gedurende den laatsten  ^W^estmoesson, was aan de ^^estzijde van de kali Tjode een natuursteen bloot  gekomen, wat voor de bevolking aanleiding was te trachten meerdere steenen  machtig te worden; dit kwam ter core aan Saleh, den fotograaf-leerling, die in  de buurt woont en het mij rapporteerde. Na een voorloopig onderzoek werd  besloten een en ander te ontgraven, welke ontgraving aan den Bouwk. Opzichter  werd opgedragen met het voorloopig resultaat afgebeeld op foto's 7513, 7557; de  opgegraven fragmenten worden aangegeven op foto 7558; de situatie werd in teeke-  ning gebracht. Uit de fragmenten valt af te leiden, dat zij afkomstig zijn van een  Islamitisch graf-monumentje. De restanten der natuursteenmuurtjes zijn met zorg  behakt. Bij ontvangst van den staat van onkosten van "
OV_1924,1924,subsidence,sunk/subsided,verzakt ,,,tempelterrein,True,False,,tempelterrein; beeld  en,,,63,"bedroeg aan de Zuid-Westhock en W^estzijde onge-  veer veertig cM.   Met het sorteeren der gevonden fragmenten en bouwsteenen van bet basement  was inmiddels reeds begonnen en een aanvang gemaakt met de herplaatsing aan  den Zuid-Westhoek (foto 7780). Het verloop en het resultaat der verdere werk-  zaamheden van herplaatsing werden voorloopig vastgelegd op de foto's 7793  en 7794. Op deze twee foto^s is de toestand van den bovenbouw tevens afgebeeld  en men kan opmerken hoe belangrijk ook deze verzakt is ; voor het wegnemen der  steenlagen werden opnamen gedaan foto's 7779 en 7795, terwijl na het wegnemen  de geheele ruimte binnen de reeds herstelde muren van het basement werd  aangevuld met kalisteenen, zooals dit eertijds door de Hindoe-Javaansche bouwmeesters  eveneens geschied is; eers"
OV_1924,1924,subsidence,sunk/subsided,verzakt ,,,,False,False,,,,,67,"amenteering op nagenoeg gel^ke boogte komt met bet terrein, wat een  zonderlingen indruk maakt en nooit de bedoeling van den bouwmeester kan z^n  geweest.   Om tot een goede berstelling van de wanden te komen, was bet noodzakelgk,  dat eerst de gebeele latere aanbouw werd weggebaald en daarna de wanden tot  en met bet oorspronkel^ke plint werden afgebroken. Het uitgangspunt van den  wederopbouw was de ^Vestz^de, omdat deze, bebalve de uitwendige boeken, nog  goed in verband zat en nagenoeg niet verzakt was, zoodat de wanden bier niet zoo  diep beboefden afgebroken te worden en we bier tegel^k een goed bouvast badden.  Met de Westz^de werd ook de trap weer voor een gedeelte bersteld. Aan den  Noordkant werd gebjk met het optrekken van de overige wanden bet groote  breekgat gedicbt. Zoodra d"
OV_1924,1924,volcanic_arch_tephra,Volcanic+archaeological: tephra/ash/tuff,asche,,,tempelterrein,True,True,,tempelterrein; monumenten,asche,,69,"gevonden werden. Tegelijk gaven deze hoekstukken door een zorgvuldige sorteering  complete niswanden, zoodat ze ook de hoogte van de nissen bepaalden.   In November werden de oudheden in de omgeving van Madjakerta  bezocht. Van deze gelegenheid werd tevens gebruik gemaakt, om de interessante  werkzaamheden van den beer Maclaine Pont te bczoeken. Omtrent de bezochte  oudheden valt niets bijzonders te rapporteeren.   De opzichter maakte de monumenten in het Blitarsche> Kedirische en Madja-  kertasche schoon en vemieuwde zoo noodig de paggers.   Vcr^La^ mn dea Boui^kundig Opzichter.   Derde en vierdc kwartaaL Om het tempelterrein van Plaosan werd een  prikkeldraad-ompaggering aangebracht. Het terrein ten Zuiden van Plaosan werd  eveneens ompaggerd en het toegangshek in den Noord-W^esthoek gep"
OV_1924,1924,volcanic_arch_v_merapi,Volcanic+archaeological: Merapi,Merapi,,,Tjandi Loemboeng,True,True,desa Sengi,Tjandi Loemboeng; Tjandi Asoe in; Tjandi Loemboeng; tjandi werden 11; tempels,Merapi,desa Sengi,70,"eid tot  logeeren benomen werd, moesten de werkzaambeden worden afgebroken en keerde  rapp. naar Ojokja terug. Begin van bet eerste kwartaal 1926 zullen de voorzieningen  aan de overige tempels op bet Di*dng-plateau ter band genomen worden.   Voor de overige werkzaambeden zie onder § 9.   V trying van den Fotcgraaj-Teekenaar.   Derde en vitrde k^^artaaL In aansluiting aan de werkzaambeden in bet tweede  kwartaal zette rapporteur bet werk voort aan Tjandi Loemboeng, op de ""West-  belling van den Merapi in de desa Sengi. Van 6— 16 Juni werden de werkzaambeden  onderbroken en te Djokja Tjandi Asoe in teekening gebracht. Van 17^25 Juli werd  ontgraafwerk verricht op de W^estzgde van Tjandi Loemboeng; aan de Noordzgde  werd op ad vies van den bouwk. Inspecteur niet gegraven, aangezien een zeer "
OV_1924,1924,exposed,exposed/uncovered,blootgelegd,,,tjandi werden 11,True,False,,tjandi werden 11; Tjandi Prambanan; ontgraving,,,71,"t Hgt. Van de tjandi werden 11  opnamen gemaakt (18 X 2-J) ; geteekend werden: vooraanzicht W^estzgde, z^aanziebt  Zuidzijde, aebteraanziebt Oostzijde en bovenaanziebt.   Den 25sten November werd, ingevolge een den vorigen dag van den Bouwk.  Inspecteur ontvangen opdraebt, aangevangen met bet onderzoek naar bet beloop  van den 2den en 3den ringmuur van Tjandi Prambanan. Op bet Oosten werd met  de ontgraving aangevangen; onmiddell^k werd een gedeelte van den 2den ringmuur,  noordelijk van de as, blootgelegd. In bet gebeel waren nog twee lagen andesiet-  steenen aanwezig; bier en daar werd naast dezen muur nog de derde daarboven  gelegen bebbende laag teruggevonden. Elen reconstructie-teekening van dezen ringmuur  zou voorbarig zgn, daar missebien nog meerdere stukken elders en wel voomamel^"
OV_1924,1924,depth_m,op een diepte van X,op een diepte van 0 ,0.0,meter,ontgraving,True,False,,ontgraving; ontgraving,,,71,"k van de as op bet Oosten. Den 2den Dec.  braebt de verdere ontgraving v^ den 2den muur aan bet Uebt, dat deze een voorsprong  bad; deze werd opgemeten, en in kaart gebraebt. Noordel^k van de as was alles    i    \    OUDHEIDKUNDIG VERSLAG, DERDE EN VIERDE KWARTAAL 1925    87    nog intact (d.w.z. de fundeerlng), doch Zuidel^k daarvan lag alles door elkaar en  was er geen verband meer te vinden.   Den Ssten werden in den Noordhoek van dezen Oostelqken voorsprong zeven  aardewerk-potten gevonden op een diepte van 0 80 M. en alle onderstboven bij en  op elkaar liggend (plattegrond onder letter B).   Er werd doorgewerkt tot den 16den Dec., dock zonder verder resultaat.   Van den 16den tot den 27sten heeft rapporteur door ziekte geen leiding aan  de ontgraving kunnen geven; dat werd gedurende "
OV_1924,1924,excavated,excavated,opgegraven ,,,Tjandi Ngawen,True,False,,Tjandi Ngawen; tempel; Tempeltje; Tempeltje,,,89,"X12   8-6-'25   Modjokerto (afd.) thans in  partic. bezit. in Nederl.   Twee gouden lingen {iin  met zegelplaat).   7487   13X18   2-7-'26   Tjandi Ngawen, distr.  Moentilan (Magelang)   Voorbouw, beiderzgds van  den doorgang. Nis met  hoekpilaster en penant.  Recbtsche parti).   7488    Pf   id.   Id. id. met hoekpilaster.  Linksche partg.   7489    Pf   id.   Id. id. Binnenz^de vande  recbtsche part$.   7490   18X24   ll-7.'25   id.   Oostz^de, na gedeeltel^ke  herplaatsing van voor-  handen, opgegraven   bouwdeelen.   7491    pp   id.   Als 7490, tempel^eNo. II.  N oord»Oosthoek.   7492   13X18   18-7-'25   id.   Tempeltje No. II. Zuid-  Oosthoek na herplaat-  sing, met een gedeelte  van de balustrade.   7493    PP   id.   Als 7492. Noord-Oosthoek.   7494    PP   id.   Als 7492. Noord-O"
OV_1924,1924,excavated,excavated,Opgegraven ,,,ontgraving,True,False,district  Karangnongko,ontgraving; ontgraving; ontgraving,,district  Karangnongko,92,"19-9-’26   id.   V66r de ontgraving. Van  af het Zuid-Westen.   7648   99   99   id.   Id. id. Van af het Znid-*  Oosten.   7649   99   99   (   \   < id.   «   <   Id. id. Van af het Noord*  Oosten.          OUDHEIDKUNDIG VERSLAG. DERDE EN VIERDE KWARTAAL 1926 111    Nummer   FonoMt   Gedateerd   Plaats   Omsdunjving   7660   18x24   19-9.'25   Batoro*gono^ district  Karangnongko, Klaten.   V66r de ontgraving. Van  af bet Zuiden.   7661   13 X 18   26-9-'26   id.   Gedurende de ontgraving.  Opgegraven fragmenten.   7662   PP    id.   Id. id.   7663   pp    id.   Id. id.   7664   pp    id.   Id. id.   7666   pp    id.   Id. id.   7666   18x24   30-9-'26   DjStis b. d. kali Tjode, ten  Noorden v. d. grootenweg  Djogja— Solo« afd.  Mataram.   Restanten van natuur-  steenmuren.   7657     id."
OV_1924,1924,excavated,excavated,opgegraven ,,,tempel,True,False,,tempel; tempelingang; Tempelingang; ontgraving; ontgraving,,,99,"i^k behoorende  bg tempel No. 11.   7814   13X18   7-10-'26   1   Batoro gono, distr. Ksu  rangnongko, afd. Klaten.   f   Na de ontgraving. Frag-  ment van een Brahma,  opgedolven a, d. Znid-  zijde.           OUDHEIDKUNDIG VERSLAG. DERDE EN VIERDE KWARTAAL 1925 129    Nummer   Formaat   Gedateerd   Plaats   Omsclmj ving   7815   13X18   710'25   Batoro gono, distr, Ka-  rangaongko, Afd. Klaten.   Na de ontgraving. Frag*  ment van een Brahma-  beeldje. Voorz^de. Een  kop van een ^iwa-  beeldje, opgegraven a. d.  Zuid^Oostzi^de.   7816    99   id«   id. id. Makara-trapuit-  loopers.   7817   99   99   id.   id. id. Kleine ksla-kop  en fragment van (ver-  moedelgk) eene tympan  boven den tempelingang.   7818   »   99   id.   id. id. Tempelingang-   dorpel, Zeldzaam exem-  plaar.   7819   99 "
OV_1924,1924,volcanic_arch_tephra,Volcanic+archaeological: tephra/ash/tuff,asche,,,tempelingang,True,True,,tempelingang; beeld worden; Nandi; Mahakala,asche,,103,"het lotuskussen en op de details van het  beenkleed (slippen naast de heupen; plooien ter weersz^den van de beenen), welke  bg beide^beelden een sterke gel^kenis vertoonen. Van den baard van den Guru is  nog juist het puntige uiteinde zichtbaar. Oe in de linkerhand gedragen kamandalu  heeft niet den bol-ronden vorm van het kruikje der Javaansche guru's, maar is  afgeplat. Overigens kan ook van dit beeld worden gezegd, dat het zuiver Midden-  Javaansch van st^l is.   De Nandi^wara van het Bataviasche Museum (PL 31 c) en de Mahakala te  Kombeng (PL 31 d) vormen bl^kens de gelijke hoogten der figuren en de maten van  de achterstukken een paar. Z 9 voeren de gewone wapens, de eerste een knots, de  tweede een drietand, en houden het lichaam een weinig naar op zijde gewend, in de  richting van d"
OV_1924,1924,burial,buried/sunk in ground,in den grond gevonden,,,beeldhouwwerken,True,False,,beeldhouwwerken; beeldje cn; beeld wordt,,,110,"ten w^ geen gronden  aanwezig om voor de laatste groep een andere berkomst dan voor de eerste  aan te nemen. Zoolang niet nieuwe feiten en gegevens van tegengestelde strekking  aan bet licbt komen, houden w^ den Hindoe-Javaanschen of -Sumatraanscben oorsprong  van de kunst, welke aan de Koeteiscb-Buddhistiscbe beeldhouwwerken bet aanz^n  beeft gegeven, voor verreweg bet waarscb^nl^kst.   De Ryk^dUraden mn KoeteL   Volgens Tromp zgn bet gouden Wi§nu-beeldje cn de gouden scbildpad  (PL 35 a en c) in den grond gevonden te Moeara Kaman (Markaman). behooren  met de gouden, opengewerkte o e n t ) a 1 (PL 35 b) en nog een een-en-twintig tal  andere voorwerpen (waaronder de kop van een steenen godenbeeld) tot de rgks-  sieraden (karadja^n) van Koetei Het \Visnu-beeld wordt door den Kroonprins   • "
OV_1924,1924,discovered,brought to light,te voorschijn gekomen,,,,False,False,afdeeling Bojolali,,,afdeeling Bojolali,134,"onumenten, die zich in niet onbelangrgk aantal in   de tegenwoordige afdeeling Bojolali moeten hebben bevonden, is slechts weinig bekend;  voor een goed deel berust al wat wij daarvan weten op twee oudheidkundige reizen,  die van Hoepermans in 1866 en die van Knebel in 1910 *); in de laatste jaren is  de Oudheidkundige Dienst gelukkig bezig, door onderzoek ter plaatse hun mede-  deelingen aan te vullen. De schaarschheid der gegevens doet ons met te meer  belangs telling kennis nemen van onlangs te voorschijn gekomen beschrgvingen van  enkcle dezer oudheden uit 1841, en die belangstelling groeit nog door de persoon  van den opsteller. Ze z^n namelijk van de hand van niemand minder dan Dr. C. J.  van der Vlis.   Deze geleerde, van 1837 tot 1842 (het jaar van zgn overlijden) te Soerakarta  we"
OV_1924,1924,volcanic_arch_v_merapi,Volcanic+archaeological: Merapi,Merapi,,,tempel,True,True,desa Tampir zgn,tempel; Ganesa,Merapi,desa Tampir zgn,138,"dezer putten de kambodja->boom geplani is,  welke alleen bg de graven gevonden wordt, en de steen, welke op vele graven  gevonden en nog tot grafsteen gebruikt wordt, bebbende deze gedaante *), ook bg ver-  scbeidene wellen aanwezig is, Duidelijk bl^kt bet, dat deze steenen aldaar eerst in  later en t^d geplaatst z^n. eene andere wel beb ik een paar gebroken Ganesa*  beelden gevonden.   10 October 1841.   2. Oudheden op Tampir, gelegen 3 palen Westelgk van Bojolali,  op de belling van den berg Merapi.   E^n weinig ten W^estcn der desa Tampir zgn op eene geringe boogte boven  den beganen grond welke aldaar terrasgew^ze afloopt, nademaal die landen vroe»  ger tot r^stvelden gediend bebben, docb nu gebeel en al met koB^boomen geplant  z^n, nog eenige beelden en losse, zoowel gave als gebroken"
OV_1924,1924,burial,buried/sunk in ground,in den grond gezakt,,,tempel,True,False,,tempel; tempel; tempel; tempelplaats; beeld met,,,140,"mannenbeeld met de linkerhand rus*  tende op de d^, terw^l de regterhand op een knods rust* Een weinig Zoidwaarts  lag een ander mannenbeeld met de linkerhand op de d^ rostende en in de naar  beneden gestrekte regterhand een, zoo het schgnt afgebrokmi stengd eener blomn  vasthoudende.   Verder lagen op deze plants nog zeer vele hoeksteenen welke dnidel^ke  bewgzen zi^n van eenen vroeger aldaar aanwezig geweest z^nden (tempel) zooals ook  eenige capitelen b.v» * *), Alle waren echter een weinig in den grond gezakt* Een der  capitelen zeer fraai met bloemwerk bewerkt, lag op eenen kleinen a^tand beneden  de hoogte, waarop de tempel gestaan zal hebben.   Een weinig ten Oosten van die plants zat een zeer groot beeld diep in den  grond, alleen het hoofd met een kroon versierd en een zeer klein "
OV_1924,1924,volcanic_arch_v_merapi,Volcanic+archaeological: Merapi,Merapi,,,Tjandi Peta,True,True,,Tjandi Peta; tempel; tempel; tempel,Merapi,,142,"ERSLAG, DERDE EN VIERDE KWARTAAE 1925    De Javanen verkalen dai er in zeer oude igden een tempel gestaan heeft digt  de Dbesa, welke tbans nog den naam draagt van Tjandi Peta, dezelve ligt  twee palen van Selo verw^dexd en 8 palen van den grooten weg welke van Semarang  naar Solo gaat; de bergweg naar hei buitenverblgf van den Resident van Solo> te  Agl4 digt b^ Solo, gaat langs dit dorp. De Javanen verkalen dat de overbl^fselen  van dezen tempel gekeel z^n verdwenen, doordat zick van den berg Merapi af een  zeer diep en breed ravi^n heeft gevormd, hetwelk eenige weinige palen ver ter regter  z^de van den bergweg van Agl^ naar den grooten weg loopt, en hetwelk men daama  moet doortrekken; dit rav^n zoude karen loop genomen hebben joist onder den  tempel door, waardoor dezelve geheel is in"
OV_1924,1924,volcanic_arch_v_merapi,Volcanic+archaeological: Merapi,Merapi,,,tempel,True,True,,tempel; tempel; monumenten,Merapi,,142,"reed ravi^n heeft gevormd, hetwelk eenige weinige palen ver ter regter  z^de van den bergweg van Agl^ naar den grooten weg loopt, en hetwelk men daama  moet doortrekken; dit rav^n zoude karen loop genomen hebben joist onder den  tempel door, waardoor dezelve geheel is ingestort. Ik heb daar ter plaatse eenige  nasporingen gedaan in het diepe rav^n zelve, om te zien, of er nog eenige gebeeld*  houwde of bewerkte steenen te vinden waren, dock de sterke bergstroomen, welke  in den regent^d van den Merapi af door dit ravi^n keen vloegen, hebben waar*  sck^nl^k de kenmerken van bewerking reeds lang aan die steenen ontnomen, of  dezelve verre weg doen spoelen,   Het eenigste wat nog van dien tempel rest z^n eenige beelden, welke tkans  op het buitenverbl^f van den Resident van Solo te Agl4 gevon"
OV_1924,1924,volcanic_arch_tephra,Volcanic+archaeological: tephra/ash/tuff,tufen,,,Tempelanlage,True,True,,Tempelanlage,tufen,,144,"e Felsentempeb pura L^langon mit dem kleinen Weiher, der  die heiligen djulit*Fische enth^t. Beide werden von den Baline 3 en als sehr alte  St^dte der Verehrung angesehen. Der pura LSlangon soli aus dem Jahre 8^1 {Qaka)  datieren, was man aus den daselbst beHudlichen Steinskulpturen herauszulesen  glaubt. Es beBndet sich daselbst ein mSlchtiger, aus dem anstehenden Felsen heraos*  gehauener Elephant, welcher die ganze Tempelanlage beherrscht. Zur Rechten fuhren  einige, in den Felsen gehauene Stufen, die von zwei katzenartigen Tieren, angeblich  Tiegem flankiert werden, nach einer kleinen Estrade, auf der sich weiterhin drei,  ziemlich stark verwitterte Bildnisse befinden. Diese SteinBguren stellen angeblich  Qiva und zwei padandas vor. Sie sind jedoch bios hingestellt worden und befanden"
OV_1924,1924,volcanic_arch_volcanic_general,Volcanic+archaeological: volcanic reference,vulkanischen,,,Tempels,True,True,,Tempels; Tempelpforten,vulkanischen,,145,"Untersuchung  zeigte jedoch, dass das Innere abgesehen davon, dass es sehr schwierig war nach  hinten zu gelangen, durchaus nichts bemerkenswertes enthielt.   Eine Menge intressanter Anhaltspunkte, wenn auch von wenig bedeutender  Art ergab aber eine Durchsuchung des steinigen Abhanges in der N^e dieses  Tempels und der zwischen ihm und dem pura L8langon gelegenen Partie.   Zu beiden Seiten des PSnSt-Fliisschens pflegen hier die Balinesen, wohl seit  Jahrhunderten schon das weiche Gestein, den vulkanischen Tuff (paras) zu brechen,  welcher zum Bau von Tempelpforten, Mauem und zur Anfertigung von togog dient*  Die SteinbrUche sind hier in ^.er Tat besonders gUnstig gelegen und das Material   de Vroom, De telwoorden in het Balineesch, T^d. L. T. cm Volk, deei XXI, pag. 177.   ) Ook genoemd G"
OV_1924,1924,volcanic_arch_tephra,Volcanic+archaeological: tephra/ash/tuff,Tuff,,,Tempels,True,True,,Tempels; Tempelpforten,Tuff,,145,"zeigte jedoch, dass das Innere abgesehen davon, dass es sehr schwierig war nach  hinten zu gelangen, durchaus nichts bemerkenswertes enthielt.   Eine Menge intressanter Anhaltspunkte, wenn auch von wenig bedeutender  Art ergab aber eine Durchsuchung des steinigen Abhanges in der N^e dieses  Tempels und der zwischen ihm und dem pura L8langon gelegenen Partie.   Zu beiden Seiten des PSnSt-Fliisschens pflegen hier die Balinesen, wohl seit  Jahrhunderten schon das weiche Gestein, den vulkanischen Tuff (paras) zu brechen,  welcher zum Bau von Tempelpforten, Mauem und zur Anfertigung von togog dient*  Die SteinbrUche sind hier in ^.er Tat besonders gUnstig gelegen und das Material   de Vroom, De telwoorden in het Balineesch, T^d. L. T. cm Volk, deei XXI, pag. 177.   ) Ook genoemd Goa Poerasari  "
OV_1925,1925,exposed,exposed/uncovered,blootgelegd,,,tempel,True,False,,tempel; tempel; monumentje; ontgraving; ontgraving,,,26,"Voorts werd  een aanvang gemaakt met de ontgraving van bet monumentje ten Noorden van den  boofdtempel (stSpa-restant), waarvan vermeld kan worden dat aan de Oostzijde een  trap is. De juiste afmetingen en bet aantal treden z^n belaas niet meer na te gaan.  Verder werd begonnen met bet ontgraven van bet terras voor den boofdtempel en  de twee monnmentjes ten 2uiden daarvan. De ringmuur en de boofdtoegang  biervan werden ook bereids onderhanden genomen. De laatste werd aan debinnen-  z^de reeds blootgelegd, docb is van een juisten vorm van de trap, tot nu toe, niets terug  te vinden. Opgemerkt dient te worden, dat over bet algemeen betgeen bedolven is  geweest er nog meer vervallen uitziet dan betgeen boven den grond staat.   Aan bovengenoemde gebouwtjes en muren wordt momenteel nog gewerkt"
OV_1925,1925,excavated,excavated,opgegraven ,,,,False,False,,,,,27,"orstellingen en den aard van verschillende ma^dala's zouden kunnen  verkregen worden, niet te onzer beschikking. Eindelijk zou niet zonder bgzondere  verguxming van den Director General de bg een bespreking onmisbare afbeeldingen  kunnen worden gereproduceerd. e bepalen ons dus tot eenige aanteekeningen van  algemeenen aard en laten die aansluiten bij wat door ons op grond van de enkele  reeds gepubliceerde afbeeldingen van Nalanda-bronzen vroeger is opgemerkt : dat  de in ket bedoelde klooster opgegraven voorwerpen een treffende gel^kenis met de  Hindoe-Javaanscke vertoonen. Nu w^ de foto^s van een 80-tal Nalanda-bronzen  voor ons kebben liggen, kunnen w^ met grooter beslistheid spreken dan wq in  1925 konden doen; van die 80 voorsteUingen zgn er koogstens een tiental die  vastelandscke i"
OV_1925,1925,volcanic_arch_tephra,Volcanic+archaeological: tephra/ash/tuff,asche,,,beeld  van Malaka,True,True,,beeld  van Malaka; beeld Arckaeological; steenen beeld,asche,,28,"pigen naga (vgL het bronsje  van Oedjoeng Sampoeng, Karo-hoogvlakte, O. V. 1920 p, 75 en het steenen beeld  van Malaka^ B.E.F.E.O. XVIII); en nog eenige andere voorstellingen die tot dnsver  op Java niet zgn aangetroffen.   B^zonder fraaie exemplaren die met de beste bronzen van Midden*Java  zouden kunnen wed^veren z^n er onder de Nalandascbe vondsten niet aan te  w^zen* De staande Buddha-figuur, afgebeeld Arckaeological Survey Report Cmtral  Circle 1919^ — 20 pi. Ill, houdt de eer van het Nal^dasche bronsgieters-gilde hoog.  Als kunstwerk hebben vooral eenige vrouwenbeeldjes kwaliteiten, zonder nochtans in  de schaduw van de meesterstukken uit de Midden- Javaansche of Malangsche school  te kunnen staan. Over het algemeen z^n de beeldjes klein van stuk en tamel^k raw  bewerkt. Overwegend i"
OV_1925,1925,excavated,excavated,opgegraven ,,,tempel,True,True,desa B e,tempel; tempelwacbter; steenen beeld,lamongan,desa B e,30,"en in de schoot, in den kroon doodskop en halve maan, welke  beelden in de nissen van bet dak z^n opgesteld geweest; verder een tweetal op bet  terrein ten Zuiden van bet bouwwerk gevonden twee-armige beelden met gekruiste  beenen^ die Buddbistiscb zouden kunnen z^n; een op Europeescb wgze zittende  godbeid, boofdeloos^ met twee adoranten; een op bet Noordel^ke terrein aangetrof-  fen kop van Manju^ri met halve maan in den bals en actn de recbterz^de een lotus;  en een ten Zuiden van den tempel opgegraven vierboofdige Brabman-kop.   Een merkwaardig bronzen ruiterfigum-tje, gevonden in de desa B e n t j e, onder-  distr, Kedoeng djadjang, distr. Ranoe lamongan, afd. Loemadjang, wordt in B^lage  D besproken.   Door den Resident van Kedin werd de vondst gerapporteerd van een  tweetal steenen "
OV_1925,1925,volcanic_arch_v_lamongan,Volcanic+archaeological: Lamongan,lamongan,,,tempel,True,True,desa B e,tempel; tempelwacbter; yoni; steenen beeld,lamongan,desa B e,30,"den van bet bouwwerk gevonden twee-armige beelden met gekruiste  beenen^ die Buddbistiscb zouden kunnen z^n; een op Europeescb wgze zittende  godbeid, boofdeloos^ met twee adoranten; een op bet Noordel^ke terrein aangetrof-  fen kop van Manju^ri met halve maan in den bals en actn de recbterz^de een lotus;  en een ten Zuiden van den tempel opgegraven vierboofdige Brabman-kop.   Een merkwaardig bronzen ruiterfigum-tje, gevonden in de desa B e n t j e, onder-  distr, Kedoeng djadjang, distr. Ranoe lamongan, afd. Loemadjang, wordt in B^lage  D besproken.   Door den Resident van Kedin werd de vondst gerapporteerd van een  tweetal steenen beelden op bet woonerf van een inlander te SoemberrSdja^  onderdistr. Grogol, distr. Madjarata, afd. Kediri. Bl^kens bet door den bouwk. adj.  Insp. ingestelde"
OV_1925,1925,volcanic_arch_v_semeru,Volcanic+archaeological: Semeru,Smeroe,,,inscriptie,True,True,,inscriptie; inscriptie; inscriptie,Smeroe,,32,"linker bovenLoelqe van een beschreven steen gevonden (afm. 13 X 11 X 5  C.M., Mus. Bat. D 149). Het regelmatige, fraai uitgevoerde schrift is niet ongel^k  aan dat van de inscriptie van 1273. Transscriptie :   //ri[ng] gr[S]h mwang ki[  dLarmmat^LSr sIma n^[  sogatapaksa mu{   Een belooning werd uitgeloofd voor het vinden van nog andere stukken.   Op het in 1919 door den Leer S. W. G- Gisius ontdekte steenblok met  inscriptie aan den Westeli^ken oever van de Ranoe Kembala (Noordhelling van den  Smeroe, distr. Kandangan, afd. Loemadjang, res. Pasoeroean, zie O. V. 1920, p. 100).  werd in April jl. door den Wedana van Kandangan een jaartal, 1232, ontdekt, het-  geen aan den Leer Gisius was ontgaan. De t.a.p. geopperde onderstelling, dat de in  de inscriptie genoemde bedevaartganger Mpu Kame^"
OV_1925,1925,excavated,excavated,opgegraven ,,,tempels,True,False,,tempels; beeld werd; Wisnu; Brahma; Wisnu,,,32,"1926    Dr. Van Stein Callenfels bestudeerde de basreliSfs van de Wisnu- en Brahman^  tempels te Prambanan en de plants van de bekende beelden der Wisnu-awafeira^s.  In samenwerking met den fotograaf-teekenaar werden voorloopig gunstige resultaten  verkregen. Over bet onderzoek, dat nog niet gebeel be^indigd is, zal t, z, t, a£zon*  derl^k gerapporteerd worden. (Zie ook p. 27).   De beer De Haan rapporteerde, dat te Singasari op dezelfde plek, waar  verleden jaar bet pracbtige spuierbeeld werd opgegraven (O. V. 1926, PL 11) een  mooie, maar bescbadigde Garuda-kop gevonden is. Het stuk is van dezelfde steensoort  gemaakt als bet beeld. Een voorloopig terrein-onderzoek leverde geen resultaten op.   § 7 . PrehUtorica.   In Januari werd bericbt ontvangen dat nab^ Bandoeng prebistoriscbe b^len "
OV_1925,1925,volcanic_arch_v_lamongan,Volcanic+archaeological: Lamongan,lamongan,,,Tjandi Singasari,True,True,,Tjandi Singasari; beeld van een; beeld van terz; Bronzen beeld,lamongan,,38,"n,  thans Mus. Bat. D 82.   Beschreven steen-fragment  (stichtingsoorkonde).   7947   99   99   Tjandi Singasari^ afd.  Malang, thans te Bangkok.   Fragment van het achter-  stuk Ganeyabeeld.   7948   99   99   id.   Zelfde^ van den anderen  kant.   7949   99   9 *   DjatimSrta, distr. Bala-  poelang, afd. T^gal, thans  Mus. Bat. No. 767b en  Bent^, distr. Ranoelamo-  ngan, thans Mus. Bat.   Twee bronzen ruiter-  beeldjes.   7960   99   9 *   Coll. Klsiring te Djoisja  en Bentj 4 distr. Ranoe-  lamongan, thans Mus. Bat.  No. 726b, 726a.   Bronzen hert, bronzen rund  en twee bronzen ruiter-  beeli^es.   7961   99   i   99   Thans Mus. Bat. Ethnogr.   Bronzen ketel met voor-  stelling van menschen  en dieren.   7952   99   99   id.   Zelfde van den anderen  kant.   7953   99   99   Kota Bang"
OV_1925,1925,depth_voet,X voet in den grond,30 voeten in den grond,9.14,voet,Ruine van Tjandie,True,False,Residentie Djokdjokarta,Ruine van Tjandie; beeld voorstellende; beeld scb; beeld ter,,Residentie Djokdjokarta; Residentie Djokdjakarta,45,bbend laten  we hier volgen.   De inventaris is niet door Dieduksman geteekend; dat iii| van z^n hand is bl^kt ait  de mededeehng ondor No. 9.     62 OUDHEIDKUNDIG VERSLAG. EERSTE EN TWEEDE KWARTAAL 1926    Ly^t mn s^er^chiUendc oudhcden u^apend en ^cLgedeentcn in ringen \^erzameld  door Jacob Anthonie Di^ukdman te Djokdjakarta Jam.   1. Een zilvere Indoebeeld voorstellende afgod betoro Wisnoe zittende op de  troon op eene lunning de hoogte van 7 Centimeter de breedte van 4 Centimeter  gevonden 30 voeten in den grond tgdens uitgraven van een put op Prabanan  Residentie Djokdjokarta die beeld scb^n voor christus geboorte.   2. Een metalen oud Wisnoebeeld ter hoogte van 12 Centimeter b^ een  diameter van 7 Centimeter voorstellende zittende man leunende op z^n dampar en  de linkerhand houdend
OV_1925,1925,excavated,excavated,opgegraven ,,,Ruine van Tjandie,True,False,Residentie Djokdjokarta,Ruine van Tjandie; beeld scb; beeld ter; beeld ter,,Residentie Djokdjokarta; Residentie Djokdjakarta; Residentie  Djokdjakarta,45,"on op eene lunning de hoogte van 7 Centimeter de breedte van 4 Centimeter  gevonden 30 voeten in den grond tgdens uitgraven van een put op Prabanan  Residentie Djokdjokarta die beeld scb^n voor christus geboorte.   2. Een metalen oud Wisnoebeeld ter hoogte van 12 Centimeter b^ een  diameter van 7 Centimeter voorstellende zittende man leunende op z^n dampar en  de linkerhand houdende een bloem Djojokesoemo vast, (Djojokesoemo beteekent  hertrouwd in den str^d) javaansche benaming Betoro TVisnoe (opgegraven in de oude  Ruine van Tjandie Djograng, Residentie Djokdjakarta tgdens bet graven van een  waterleiding).   3. Een gouden boede kaloong met soorten van edelgesteentjes gevonden 20  voeten in den grond met bet maken van een put op goenoong Kidool Residentie  Djokdjakarta.   A. Een metalen "
OV_1925,1925,depth_voet,X voet in den grond,"20 
voeten in den grond",6.1,voet,Ruine van Tjandie,True,False,Residentie Djokdjakarta,Ruine van Tjandie; beeld ter; beeld ter; beeld waarvan,,Residentie Djokdjakarta; Residentie  Djokdjakarta; Residentie Soerakarta,45,"voor christus geboorte.   2. Een metalen oud Wisnoebeeld ter hoogte van 12 Centimeter b^ een  diameter van 7 Centimeter voorstellende zittende man leunende op z^n dampar en  de linkerhand houdende een bloem Djojokesoemo vast, (Djojokesoemo beteekent  hertrouwd in den str^d) javaansche benaming Betoro TVisnoe (opgegraven in de oude  Ruine van Tjandie Djograng, Residentie Djokdjakarta tgdens bet graven van een  waterleiding).   3. Een gouden boede kaloong met soorten van edelgesteentjes gevonden 20  voeten in den grond met bet maken van een put op goenoong Kidool Residentie  Djokdjakarta.   A. Een metalen staande Boedabeeld ter hoogte van \4 Centimeter bij een  diameter van 7 Centimeter zi^nde afgod Betoro Goeroe met z^n 8 armen gewapcnd,  b9 is de beschermer der goden gevonden 25 voeten ond"
OV_1925,1925,depth_voet,X voet diep,25 voeten onder,7.62,voet,Ruine van Tjandie,True,False,Residentie Djokdjakarta,Ruine van Tjandie; Ruine van Boroboedor; Ruine van Tjandie; beeld ter; beeld waarvan,,Residentie Djokdjakarta; Residentie  Djokdjakarta; Residentie Soerakarta; Residentie Kadoe; Residentie Djokdjakarta,45,"enaming Betoro TVisnoe (opgegraven in de oude  Ruine van Tjandie Djograng, Residentie Djokdjakarta tgdens bet graven van een  waterleiding).   3. Een gouden boede kaloong met soorten van edelgesteentjes gevonden 20  voeten in den grond met bet maken van een put op goenoong Kidool Residentie  Djokdjakarta.   A. Een metalen staande Boedabeeld ter hoogte van \4 Centimeter bij een  diameter van 7 Centimeter zi^nde afgod Betoro Goeroe met z^n 8 armen gewapcnd,  b9 is de beschermer der goden gevonden 25 voeten onder de begane grond tgdens  bet graven van een put te Dorowatie Residentie Soerakarta.   5. Een metalen Boedabeeld waarvan de zitten beschadigd ter hoogte van  7 Centimeter, javaansche benaming afgod Betoro Bajoe gevonden t^dens bet graven  van een put in de Ruine van Boroboedor Resident"
OV_1925,1925,excavated,excavated,opgegraven ,,,Ruine van Tangallan,True,False,Residentie Djokdjakarta,Ruine van Tangallan; Ruine van Prambanan; beeld ter; beeld voorstellende; beeld heeft,,Residentie Djokdjakarta; Residentie Djokdjakarta,45,"Tjandie kalie Bening Residentie Djokdjakarta javaansche benaming  Betoro Sooijo afgod der zon.   7. Elen metalen beeld ter hoogte van 25 Centimeter b§ een diameter van 8%  Centimeter voorstellende een aap met kapotte armen javaansche benaming Soebalie  volgens de wajangs heeft h§ in den str^d verloren met zgn breeder Soegriewo.   8* Elen dubbele Indoebeeld voorstellende twee vrouwen zittende ruggelings  ter hoogte van 5 Centimeter bg een diameter van 4 % Centimeter ieder beeld heeft  vier armen opgegraven in de oude Ruine van Tangallan, Residentie Djokdjakarta.   9. Een metalen Boedastuk voorstellende een soort van piramieden volgens  javaansche geloof zou men bier uit javaansche jaarteUing kunnen opmaken, alles en  alien te zamen genomen uitmakende het jaarteUing 806 na Cl^stus, de slang "
OV_1925,1925,excavated,excavated,opgegraven ,,,Ruine van Prambanan,True,True,Residentie Djokdjakarta,Ruine van Prambanan; Ruine van Tjandie,aschenkblad; aschenkblad,Residentie Djokdjakarta; Residentie Kadoe; Residentie Djokdjakarta,46,"rteUing 806 na Cl^stus, de slang  beteekent 8, het topje beteekent 0, de bloemen aan weersz^den beteekenen 6; dus te  zamen 806 ^aren na Chnstus, dat stuk beet volgens de javaansche benaming Sen^kolo  en is gevonden in de Ruine van Prambanan Residentie Djokdjakarta; dit s^ is  echter volgens aanzien een deel van een ander groot stuk, dat door mg en anderen  met de meeste moeite, zgn opgegraven, steeds vruchteloos bleef.   10. Een koperen Boedaschenkblad gegraveerd de breedte van 31 Centimeter,  opgegraven te Pasar Gede tgdens het graven van een put.     OUDHEIDKUNDIG VERSLAG, EERSTE EN TWEEDE KWARTAAL 1926 63    1 1 • Een metalen Boedaschenkblad de breedte van 41 Centimeter opgegraven  te Boloboedor Residentie Kadoe t^dens bet graven van een waterleiding,   12. Een metalen Indoe Sieriebakj"
OV_1925,1925,excavated,excavated,opgegraven ,,,Ruine van Prambanan,True,True,Residentie Djokdjakarta,Ruine van Prambanan; Ruine van Tjandie; Ruine van Tjandie; Ruine van Tangal,aschenkblad; aschenkblad,Residentie Djokdjakarta; Residentie Kadoe; Residentie Djokdjakarta; Residentie Ojokdjakarta,46,"enaming Sen^kolo  en is gevonden in de Ruine van Prambanan Residentie Djokdjakarta; dit s^ is  echter volgens aanzien een deel van een ander groot stuk, dat door mg en anderen  met de meeste moeite, zgn opgegraven, steeds vruchteloos bleef.   10. Een koperen Boedaschenkblad gegraveerd de breedte van 31 Centimeter,  opgegraven te Pasar Gede tgdens het graven van een put.     OUDHEIDKUNDIG VERSLAG, EERSTE EN TWEEDE KWARTAAL 1926 63    1 1 • Een metalen Boedaschenkblad de breedte van 41 Centimeter opgegraven  te Boloboedor Residentie Kadoe t^dens bet graven van een waterleiding,   12. Een metalen Indoe Sieriebakje gegraveerd de breedte van 18 Centimeter,  gevonden en opgegraven in de Ruine van Tjandie kalie Bening Residentie Djokdjakarta.   13. Een klein metalen bakje uit de Boeda t^den de br"
OV_1925,1925,excavated,excavated,opgegraven ,,,Ruine van Tjandie,True,True,Residentie Kadoe,Ruine van Tjandie; Ruine van Tjandie; Ruine van Tangalan,aschenkblad; aschenkblad,Residentie Kadoe; Residentie Djokdjakarta; Residentie Ojokdjakarta; Residentie Ojokdjakarta; Residentie Djokdjakarta,46,"en  met de meeste moeite, zgn opgegraven, steeds vruchteloos bleef.   10. Een koperen Boedaschenkblad gegraveerd de breedte van 31 Centimeter,  opgegraven te Pasar Gede tgdens het graven van een put.     OUDHEIDKUNDIG VERSLAG, EERSTE EN TWEEDE KWARTAAL 1926 63    1 1 • Een metalen Boedaschenkblad de breedte van 41 Centimeter opgegraven  te Boloboedor Residentie Kadoe t^dens bet graven van een waterleiding,   12. Een metalen Indoe Sieriebakje gegraveerd de breedte van 18 Centimeter,  gevonden en opgegraven in de Ruine van Tjandie kalie Bening Residentie Djokdjakarta.   13. Een klein metalen bakje uit de Boeda t^den de breedte van 7 Centimeter  gevonden en uitgegraven in de Ruine van Tjandie Sewoe^ Residentie Ojokdjakarta.   14. Twee metalen Indoe Instrumenten uit de Boeda tijden gevonden en"
OV_1925,1925,excavated,excavated,uitgegraven ,,,Ruine van Tjandie,True,True,Residentie Kadoe,Ruine van Tjandie; Ruine van Tjandie; Ruine van Tangalan; Ruine van Prambanan,aschenkblad,Residentie Kadoe; Residentie Djokdjakarta; Residentie Ojokdjakarta; Residentie Ojokdjakarta; Residentie Djokdjakarta,46,"Gede tgdens het graven van een put.     OUDHEIDKUNDIG VERSLAG, EERSTE EN TWEEDE KWARTAAL 1926 63    1 1 • Een metalen Boedaschenkblad de breedte van 41 Centimeter opgegraven  te Boloboedor Residentie Kadoe t^dens bet graven van een waterleiding,   12. Een metalen Indoe Sieriebakje gegraveerd de breedte van 18 Centimeter,  gevonden en opgegraven in de Ruine van Tjandie kalie Bening Residentie Djokdjakarta.   13. Een klein metalen bakje uit de Boeda t^den de breedte van 7 Centimeter  gevonden en uitgegraven in de Ruine van Tjandie Sewoe^ Residentie Ojokdjakarta.   14. Twee metalen Indoe Instrumenten uit de Boeda tijden gevonden en uit-  gegraven in de Ruine van Tangalan Residentie Ojokdjakarta.   15. Een metalen Torentje met 9 punten gevonden in de valij op den berg  Tjindol Residentie Djokd"
OV_1925,1925,depth_voet,X voet diep,25 voeten onder,7.62,voet,Ruine van Tjandie,True,False,Residentie Ojokdjakarta,Ruine van Tjandie; Ruine van Tangalan; Ruine van Prambanan; Ruine van Tjandie,,Residentie Ojokdjakarta; Residentie Ojokdjakarta; Residentie Djokdjakarta; Residentie Djokdjakarta,46,"er  gevonden en uitgegraven in de Ruine van Tjandie Sewoe^ Residentie Ojokdjakarta.   14. Twee metalen Indoe Instrumenten uit de Boeda tijden gevonden en uit-  gegraven in de Ruine van Tangalan Residentie Ojokdjakarta.   15. Een metalen Torentje met 9 punten gevonden in de valij op den berg  Tjindol Residentie Djokdjakarta.   16. Twee stuks Boedamunten gevonden in de Ruine van Prambanan.   17. Een metalen Boeda klok boogte van 36 Centimeter bg een gemiddelde  diameter van 33 Centimeter gevonden 25 voeten onder den beganen grond in de  Ruine van Tjandie Tangalan Residentie Djokdjakarta.   18. Zes diverse Boedawapens z^n van de voorwereld, gevonden met Rusische  Beenderen versteen met bet instorten van de Berg Kedoong Poetjang t^dens zware  aardbeving van den lOde Jun^ 1868 op Ojokdjakarta. "
OV_1925,1925,excavated,excavated,opgegraven ,,,Tjandi Lara Djonggrang,True,False,,Tjandi Lara Djonggrang; tempelputten; tempelruines; heiligdommen; ruines,,,46,",,Elen wajang gedok vertelling uit de Hindoe t^d^ voorstellende Ratoe  Kedirie'\   43^57. Gouden, zilveren en koperen ringen met steenen.   58. ,,Acht stuks Javaansche schilder^en de Gescbiedenis der vorsten van  Maiaram'\   59. 30 photograpbieSn.   60. Negen Javaanscbe platen.   Uit dezen inventaris bl^kt kort en goed, dat de kem van de bronscollectie  door de berooving van tempelputten was bijeengebracht. Men zou nog kunnen meenen,  dat bet telkens terugkeerende en zoo onscbuldig klinkende ,,opgegraven t^dens bet  graven van een put” op toevallige vondsten betrekhing heeft. Die toevalligheid  wordt ecbter te niet gedaan door bet feit, dat de putten steeds in tempelruines  gegraven bl^ken te z^n. Om watervoorziening is bet daarb^ zeker niet te doen  geweest. Vermoedel^k beteekent in bet D"
OV_1925,1925,volcanic_arch_tephra,Volcanic+archaeological: tephra/ash/tuff,asch,,,heiligdommen,True,True,,heiligdommen; inscriptie; beeldje facsimiles; bronzen  beeld,asch,,47,"dat is zeer te betreuren,  welke oudheden uit de putten van zulke belangrgke heiligdommen als de Tjandi'-s  Lara Djonggrang, Kali Bening, Sewoe e, a. zgn opgegraven-   Een enkel sink, b^v. de onder 7 genoemde ,,aap met kapotte armen'*, zonder  opgave van vindplaats, laat vermoeden, dat de collectie reeds in 1874 namaak  bevatte. Bg gebrek aan afbeeldingen is hieromtrent natnurl^k geen zekerheid te  verkr^gen.   In 1877 trok de collectie voor bet eerst de aandacht van de Directie van  het Bataviaasch Genootschap. Op voorstel van Dr. L. W^. C. de Roo werden van  een tweetal koperen platen en van de inscriptie op het ruggestuk van een bronzen  beeldje facsimiles vervaardigd. De beide eerste^ werden door K. F. Holle in ^  Verhandelingen XXXIX in transscriptie gepubliceerd (dit z^n de bekende  "
OV_1925,1925,volcanic_arch_tephra,Volcanic+archaeological: tephra/ash/tuff,asch,,,Durga,True,True,,Durga; steenen beeld,asch,,50,"m aan een onderzoek onderworpen (Not. 1911 p. 43), dat  de onechtheid in het licht stelde (ingeschr'even als E 39).   De oiigineele steen van Kalasan werd in 1909 door Knebel op het erf van  G. J. Oieduksman, den zoon van den verzamelaar, aangetroffen, stond sindsdien als  verdwenen te boek en is eerst onlangs naar het Museum te Batavia overgebracht  (voor verdere bi^zonderheden zie O. V, 1925 p. 19 en 87).   De beide hierboven genoemde stukken zi^u de eenige, welke in het bezit van  het Bataviaasch Genootschap zijn overgegaan.   Van de steenen beelden was een gedeelte al tijdens het leven van den ouden  heer naar het erf van diens zoon G. J- Dieduksman overgebracht. In 1909 vond  Knebel daar een ,,onverzorgde verzameling Hindoe-beeldwerk, bijna zonder uitzon-  dering zeer verweerd, zeer v"
OV_1925,1925,volcanic_arch_tephra,Volcanic+archaeological: tephra/ash/tuff,asch,,,Durga,True,True,,Durga,asch,,51,"Cephas goede diensten  bew^zen bij het onderscheiden van de echte en de valsche stukken van de collectie  in 1892. Er is nml. door den verzamelaar zelf een groep voorwerpen afgezonderd ^  foto Cephas IV, PL 8 ^ weUce, hoewel op den Igst niet als zoodanig aangeduid,  zonder eenigen twijfel alleen namaak-bronzen bevat. Slechts twee k drie van deze  stukken zouden voor echt kunnen doorgaan, (nml, op de tweede rg het leeuwtje  geheel links en de Durga, waarvan een dergeli^k exemplaar in het Bataviaasch Museum ;  op de derde rij de Trailokyawijaya, waarover hieronder meer); de omstandigheid  echter dat de rest evidente namaak is, stelt de onechtheid ook van dit drietal boven  twijfel. W^aarom zou Dieduksman deze stukken in een omgeving van falsificaten  hebben geplaatst als hij da£trmede niet t"
OV_1925,1925,volcanic_arch_tephra,Volcanic+archaeological: tephra/ash/tuff,ASCH,,,beeldhouwwerk,True,True,,beeldhouwwerk; beeld af; Brahma; Wisnu,ASCH,,58,"u. Eindel^k een zeldzame voorstelling bestaande uit twee staande goden-  figuren : rechts een vier-hoofdige, vier-armige Brahman, attributen niet te onderscheiden,  links een vier-armige Wisnu; in de achterhanden rechts cakra, links ^ankha; de  vorm van het voetstuk w^st uit, dat het beeld af is en er geen plants is voor  een derde figuur bgv. Qiwa.   De rest van het beeldhouwwerk is onbelangrijk of namaak.     BIJLAGE D    AANWINSTEN VAN DE ARCHAEOLOGISCHE  COLLECTIE VAN HEX KONINKLIJK  BATAVIAASCH GENOOTSCHAP   DOOR   Dr. F. D. K. BOSCH   (met twee foto'e, PL 13 en 14).   6. Tu^ce bronzen ruiterbeeldjcd uit bet Loemadjan^dcbe.   Het is niet omdat er belangrijke  b^zonderheden over weten mede te  deelen, dat het tweetal in het op-  schrift genoemde ruiterbeeldjes hier ter  sprake brengen."
OV_1925,1925,volcanic_arch_tephra,Volcanic+archaeological: tephra/ash/tuff,asche,,,brahma,True,True,desa  PoerwarSdja aan,brahma; Brahma,asche,desa  PoerwarSdja aan; desa K,61,"resultaten waren van dien aard, dat er alle aanleiding toe bestond ook van andere  oorkonden eens na te gaan of zij gegevens over dit onderwerp in voldoende mate  leverden.   Uit den r^ken voorraad oorkonden op Oost-Java betrekking hebbend werden  daartoe voor deze maal uitgekozen de 4 bekende oorkonden van 1 408 ^aka  Braudes: Oud-Javaansche Oorkonden Nos. XCI, XCII, XCIII, XCIV en XCV),  de oorkonde van Bakalan uit 856 ^aka (Brandes o. c. XLIV) en die van onbekende  afkomst uit het Madjakertasche uit ^rawana 851 ^aka (o. c, XXXVII), doch die,  zooals hieronder zal bl^ken, wel afkomstig zal zgn uit de tegenwoordige desa  PoerwarSdja aan den weg van Madjasari naar Trawas*   Van de vier eerstgenoemde oorkonden staat XCI op zichzelf en behooren  de drie anderen wel b^een, al bevatten zij all"
OV_1925,1925,volcanic_arch_lahar,Volcanic+archaeological: lahar/mudflow,laharmateriaal,,,Tjandi Tikoes uitkomende,True,True,,Tjandi Tikoes uitkomende; ontgraving,laharmateriaal,,90,"blgken, die hooger liggen dan de uitlaten van genoemde basins. W^ellicht heeft de  toevoer plaats gehad door den door het voetstuk van den middenbouw doorgevoer-  den, vertikalen schacht, waarvan de overstort met de leiding in verbinding kan  hebben gestaan, die alle spuiers en ook de beide basins bediende. Een en ander kan  slechts door een nader onderzoek worden uitgemaakt.   De bg de ontgraving van de Tjandi Tikoes uitkomende grond bestond vol-  gens de mededeeling van den Heer de Haan uit laharmateriaal, dat ook het  emplacement rondom het bouwwerk in een dikke laag bedekt, zooals b^ het graven  van enkele proefsleuven bleek, waarb^ ettelxjke fundeeringen van verdere, eenvou-  dige gebouwen werden aangetroffen. een der proefsleuven werd het bundel^e  van een of anderen weriunan aangetr"
OV_1925,1925,depth_m,X M onder den grond,1.20 M. onder het maaiveld,1.2,meter,,False,True,,,laharmateriaal,,91,"eren weriunan aangetroffen, bestaande uit een koperen blaadje,  waarop enkele werktuigen en gereedschappen lagen, alles oorspronkelqk samen-  gebundeld in een doek, waarvan het weefsel, gepreserveerd door het tegen de onder-  z^de van het blad gevormd kopergroen, nog tegen die onderz^de aangekleefd zat.  In de directe nab^heid werd een pot gevonden, die geheel met aarde en zand  gevuld was, en waarin alleen enkele z.g. ,,ma''-munt}es en een reepje bladgoud  aangetroffen werden. Een en ander lag 1.20 M. onder het maaiveld.   In het Westel^k en Zuidelgk deel der stad werd de aangroei^^ van den  bodem vooral bevonden te bestaan uit een sterk humushoudenden grond, te danken  aan het zware oerbosch, dat eens de stad overwoekerde. Het laharmateriaal wordt  da ar anders dan op groote diepte < — a"
OV_1925,1925,volcanic_arch_volcanic_general,Volcanic+archaeological: volcanic reference,vulkaan,,,beeld teruggevonden,True,True,,beeld teruggevonden,vulkaan,,100,"hte daarmede den specer^enbandel. Tot nu toe werd in bet Majapabitscbe  geen enkel voorbeeld teruggevonden van de w^ze, waarop de groote meren en  wadoeks werden aangetapt. Uit de Babad IjSribon is ecbter bekend, dat Majapa-      120 OUDHEIDKUNDIG VERSLAG, EERSTE EN TWEEDE KWARTAAL 1926    lutsche toekangs in den eersten t^d na den val van Majapahit, in Cheribon gewerkt  hebben. (Raden Sepet). Bg den aanleg van den nieuwen, grooten, wadoek ten Zuiden  van Cberibon, in den krater van den Cheribonvulkaan beeft mm niet veel 4gards  gebad met de daar voorkomende oudheidkundige restanten. Daarbg is een merkwaardig,  in de steenacbtige lagen uitgehouwen, restant ecbter gelukkig gespaard gebleven:  bet kan moeili^k anders z^n dan een woelbak aan bet eind vein de aftapleiding  van een oude wadoek "
OV_1925,1925,exposed,exposed/uncovered,blootgelegd,,,tjandi Tikoes,True,True,,tjandi Tikoes,vulkaan; krater,,100,", grooten, wadoek ten Zuiden  van Cberibon, in den krater van den Cheribonvulkaan beeft mm niet veel 4gards  gebad met de daar voorkomende oudheidkundige restanten. Daarbg is een merkwaardig,  in de steenacbtige lagen uitgehouwen, restant ecbter gelukkig gespaard gebleven:  bet kan moeili^k anders z^n dan een woelbak aan bet eind vein de aftapleiding  van een oude wadoek op de zelfde plaats als de nieuwe. Het ware wenschelgk,  dat wat van deze restanten over is, nader worde bestudeerd, dat weer blootgelegd  worde, wat men ten behoeve eener tgdelijke grondberging beeft ondergegraven, en  dat, wat er de moeite waard is, voor verdere vemieling worde gespaard. bebben  in genoemd restant wellicbt met een nnicum te doen. Merkwaardig is, dat ook bier  nabi^ den woelbak de restanten van een oude b"
OV_1925,1925,volcanic_arch_volcanic_general,Volcanic+archaeological: volcanic reference,vulkanische,,,tempelsteen,True,True,,tempelsteen; ontgraving,vulkanische,,114,"wamen alleen nog een viertal steenen  van denzelfden vorm als de op het basement aangetroffcne voor den dag. De eerste  werd 2.23 onder het aangenomen nulpunt het bovenvlak van den trapvleugel ^  gevonden (was dus een aanzienl^k eind verzakt) ; de tweed e (schuin staande) op  ^ 3.15 M. ; de derde (geheel omgevallen) op — 4.19 M. ; de vierde op dezelfde  hoogte als No. 3 ; van den laatste werd slechts 44n heift gevonden. Het inwendige  bleek te bestaan uit lossen grond, hier en daar vermengd met vulkanische asch ; van een  bouwput werd geen spoor aangetroffen, Kon uit de zeer onregelmatige ligging der  steenen reeds worden afgeleid, dat het inwendige niet in ongerepten toestand  verkeerde, maar waarschqnlqk reeds eerder, door schatzoekers, was onderzocht  ge worden, dit vermoeden werd tot z"
OV_1925,1925,volcanic_arch_tephra,Volcanic+archaeological: tephra/ash/tuff,asch,,,tempelsteen,True,True,,tempelsteen; ontgraving,asch,,114,"nog een viertal steenen  van denzelfden vorm als de op het basement aangetroffcne voor den dag. De eerste  werd 2.23 onder het aangenomen nulpunt het bovenvlak van den trapvleugel ^  gevonden (was dus een aanzienl^k eind verzakt) ; de tweed e (schuin staande) op  ^ 3.15 M. ; de derde (geheel omgevallen) op — 4.19 M. ; de vierde op dezelfde  hoogte als No. 3 ; van den laatste werd slechts 44n heift gevonden. Het inwendige  bleek te bestaan uit lossen grond, hier en daar vermengd met vulkanische asch ; van een  bouwput werd geen spoor aangetroffen, Kon uit de zeer onregelmatige ligging der  steenen reeds worden afgeleid, dat het inwendige niet in ongerepten toestand  verkeerde, maar waarschqnlqk reeds eerder, door schatzoekers, was onderzocht  ge worden, dit vermoeden werd tot zekerheid, toe"
OV_1925,1925,subsidence,sunk/subsided,verzakt ,,,monumenten,True,False,,monumenten,,,114,"rk ontsierende onderstoppingen als anderzins zullen aebterwege  blijven. Alleen waar bet strikt noodzakelijk is, zullen de bouwvaUige gedeelten  worden afgebroken en opnieuw in verband gesteld worden. Het invoegen of  vervangen van verloren gegane of geheel verbrgzelde stukken door nieuwe steenen  zal hierbij niet te vermijden zijn. De grootst mogelijke beperking zal bierb^ij echter  worden betracht. Het spreekt van zelf, dat, waar vrijwel alle monumenten, de een  wat meer, de ander wat minder, verzakt zijn, en daarb^ de graad van verzakking  zeer verschillend is, ook al worden enkele fragmenten afgebroken, niet alle scbeuren  en afwgkingen verdwenen zullen zijn. Er zullen altgd stukken overbid ven, die  overhellen of scbeuren of andere afwijkingen vertoonen. Dit is een onmiddell^k  gevolg"
OV_1925,1925,volcanic_arch_v_ijen,Volcanic+archaeological: Ijen,ijen,,,tempeltje,True,True,,tempeltje; tempeltjes; tempeltjes; tempeltje; tempeldep6t,ijen,,115,"van elk tempeltje afzonderlijk een korte aanteekening- gemaakt.  Het valt buiten bet kader van dit rapport om bier uitvoerig bg stil te staan.  Zooals bekend is, is bet grondvlak van de kleine tempeltjes een vierkant met in de  as van iedere zgde een kleine voorsprong. Het versieringsschema is van alle het-  zelfde: op de voorsprongen een groote staande bodbisattwa, op de hoeken een  kleiner vrouwenfiguur. Op een enkele uitzondering na vereiseben vooral de hoekpartgen  voorziening. De middenpartijen staan over het algemeen nog vrg goed in verband,  al zgn er ook gevallen, waar bedenkelijke scbeuren en andere afwgkingen voorkomen.   In bet afgeloopen kwartaal werden de tempeltjes No. 1 van de 2de reeks en de  Nos. 24/27 van de le reeks onder banden genomen, (7^/. Bg het afbreken van den    "
OV_1925,1925,excavated,excavated,uitgegraven ,,,Tjandi Prambanan,True,False,,Tjandi Prambanan; ontgraving,,,117,"pels. De voeten en basementen zgn grootendeels bedekt door het van boven  afgestorte materiaal, zoodat er op 't oogenblik niet heel veel van te zeggen valt.  In den steenhoop echter was nog menig interessant stuk op te merken. Zoo lagen  er o. a. stukken met een zeer b^zonder schablonenmotief, enkele mooie makara's,  typische kalakoppen enz. Ook troffen we er drie geschonden beelden in zittende  bonding aan. Van het inwendige is niet veel meer over. Eenige restanten van vlakke  kamerwanden en . uitgegraven bouwputten, dat was alles.    OUDHEIDKUNDIG VERSLAG, DERDE EN VIERDE KWARTAAL 1926 137    Behalve den eersten of binnensten ringmuur, die het terras omgeeft, warcn hier  en daar ook nog stukken van een 2en en 3en ringmuur te volgen. Zonder tw^fel zal  een eventueele ontgraving hier nog m"
OV_1925,1925,depth_m,op een diepte van X,"op een diepte 
van 60 ",0.6,meter,monument,True,False,,monument,,,123,"an den onderkant overgaand in achtkant en spits toeloopend; daar  echter de indieping in den ronden steen 29 c.M. bedraagt, is het duidelgk, dat dit  niet de er bg behoorende van de topbekroning is. Niet onmogelijk is het echter, dat  deze steen op een anderen ronden steen gepast heeft; daar hg spits toeloopt, zou  het dan de bovenste geweest moeten zijn.   In de binnenruimte werd nog een onderzoek ingesteld, of er wellicht onder  den vloer voorwerpen verborgen waren; daar echter alle lagen tot op een diepte  van 60 c.M. doorloopen, werd van een verder openbreken hiervan afgezien en het  gemaakte gat gedicht.   Van de natuursteenen bovendorpel van den toegang naar de binnenruimte  werd geen spoor gevonden, bg de bevolking en in sommige kampongs werd nog  geinformeerd, doch zonder resultaat"
OV_1925,1925,excavated,excavated,opgegraven ,,,tempel,True,False,desa Tjftpit en,tempel,,desa Tjftpit en; desa Bendo b; desa TjSpit,127,"r  ook enkele geprofileerde steenen. Na onderzoek bleek, dat de steenen afkomstig  waren uit de desa Tjftpit en bestemd voor een zekeren Martosendojo, wonende in  de desa Bendo b$ Prambanan, aan wien de steenen verkocht werden voor 6 cent  per stuk. Oienzelfden dag werd het geval aan de Adj. Inspecteur en het Districtshoofd  te Prambanan gerapporteerd. Den 13den November werd nog een bezoek gebracht  aan de desa TjSpit, waarb^ bleek dat, buiten de desa, weer een aantal steenen lag  opgestapeld, opgegraven in een sawah aldaar en bl^kbaar bestemd om ook te  worden verkocht.   Tenslotte werden voor de herstellingen van de tjajgdi's Kalasan en Ngawen  en voor de ompaggering van Ijandi Idjo begrootingen gemaakt. Voor eerstgenoem-  den tempel werden van het steigerwerk werkteekeningen vervaardig"
OV_1925,1925,excavated,excavated,uitgegraven ,,,baksteenen,True,False,desa Dinaja ten,baksteenen; beeld van Midden,,desa Dinaja ten; desa Ngempan redja,128,"e.   de desa Dinaja ten N. W, van Malang werd b^ de grondbewerking een  bgzonder fraai en interessant tweearmig vrouwenbeeld van Midden- Javaanschen  st^l opgegraven. Zie PL 32a en b, De godin, die in de rechterhand een zwaard en  aan de linkerarm een ovaal schild draagt, houden wij voor Khadgakhetadharii^I^  een versch^ningsvorm van Parwati ^). De Heer De Haan, die ter plaatse een onder-  zoek instelde, rapporteerde nog, dat bi^ de vindplaats ongeveer 2^ jaar geleden een  beschreven steen werd uitgegraven en naar Malang getransporteerd. De omgeving  ligt vol baksteenen; even ten Noorden van den grooten weg Malang-Batoe liggen  nog eenige terpen, die zeker van een bouwwerk afkomstig z^n.   Een ten Zuid W^esten van t^andi Selagrga b^ de desa Ngempan redja  gevonden bronzen bel zal in het vo"
OV_1925,1925,volcanic_arch_tephra,Volcanic+archaeological: tephra/ash/tuff,aschurnen,,,tjandi  als bet,True,True,desa  M e,tjandi  als bet,aschurnen,desa  M e; desa uit bet,132,"e bij, met vier kleinere, die mogelijk op de boeken  bebben gestaan. Overleveringen zijn er niet van bekend. Men beschouwt de tjandi  als bet graf van Kjai Bata poetib. Tbans ligt de Ijandi in bet gebied der desa  M e n g g e r, en vlak benoorden deze plaats is eene oude desa uit bet Hindoet^dvak  geweest Bakoe sewoe. Even bewesten de halte 'Walikoekoen eveneens een oude  desa ; ik zag er altbans vele potscherven. Later Week m^, dat bier vermoedelgk ook  verschillende graven (bijzetplaatsen van aschurnen?) waren aangetroffen bij eene  doorgraving van een railbaan, altbans donkere plekken in licbteren grond. Aan  weersz^den van die baan zal nog wel meer te vinden zijn. Dit laatste brengt m^  op de volgende mededeeling. Indertijd fotografeerde de Hr. Vink bij M a o r (Zuid  Bodjonegoro) een "
OV_1925,1925,volcanic_arch_v_ijen,Volcanic+archaeological: Ijen,ijen,,,ontgraving,True,True,,ontgraving; ontgraving,ijen,,136,"van de schelpenheuvel teSaentis voortgezet en toen stopgezet in verband  met mijn studiereis naar het schiereiland Malaka, De ontgraving van de resteerende  l^/g sector zal in den loop van 1927 beeindigd kunnen worden. Na afloop zal een  afzonderlgk rapport over de geheele ontgraving worden overgelegd.   Zeer belangrijke gegevens werden op verschillende ondernemingen verkregen  vooral door de medewerking van de vertegenwoordigers en het Europeesche per-  soneel van verscheidene cultuurmaatschappijen ter Oostkust over de verspreiding  van een typische steentijd-cultuur. Daar deze samenhangt met de cultuur vertegen-  woordigd door de vondsten in de schelpenheuvel dient een en ander t.z.t. tesamen  en in onderling verband behandeld te worden.   Over het te Taiping op Malaka ingestelde onderzo"
OV_1925,1925,excavated,excavated,uitgegraven ,,,,False,False,,,,,136,"deld te worden.   Over het te Taiping op Malaka ingestelde onderzoek wordt in samenwer^  king met den heer Evans een afzonderlijk verslag uitgebracht (zie Bijlage K).   § 8. HoUanddche oudheden.   Voor het onderhoud der oudheden iu de onderafdeelingen Ternate en  Batjan is in het loopende jaar een bedrag van y 750.— aangevraagd. De drie  forten Castella, Kota Djandi en Kalamatta, in het rechtstreeksche  bestuursgebied gelegen, zullen twee keer ’sjaars worden schoongemaakt; verder,  waar noodig, uitgegraven en hersteld. Voor het schoonmaken van de forten in het  Landschapsgebied in de onderafd. Ternate zal middels heerendienstplichtigen worden  zorggedragen. In het fort Barneveld op Batjan zullen een viertal vensters  worden acingebracht — de oude vensters zgn vergaan — en twee deuren worde"
OV_1925,1925,volcanic_arch_lava,Volcanic+archaeological: lava,lava,,,Durga,True,True,district chief,Durga,lava,district chief,167,"esce in a most incomprehensible manner. Such admirable brickwork I  have never seen before or since. There was no sculpture here, but abundance of  bold projections and finely- worked mouldings. Traces of buildings exist for many  miles in every direction, and almost every road and pathway shows a foundation  of brickwork beneath it — the paved roads of the old city. In the house of the  Waidono or district chief at Modjo-agong, I saw a beautiful figure carved in heigh  relief out of a block of lava, and which had been found burried in the ground near  the village. On my expressing a wish to obtain some such specimen, Mr. B. asked  the chief for it, and much to my surprise he immediately gave it me. It represented  the Hindoo goddess Durga, called in Java, Lora Jonggrang (the exalted virgi"
OV_1927,1927,volcanic_arch_v_ijen,Volcanic+archaeological: Ijen,ijen,,,tempel,True,True,,tempel; tempel,ijen,,8,"atie van het Sewoe-complex  werd geregeld voortgezet. De voorziening van den bovenbouw van den hoofdtempel  kwam gereed, zie het rapport van den heer Van Coolwijk. Na den bovenbouw  kwamen de hoeken van het le soubassement aan de beurt. Daar dit slechts een  kwestie is van de steenen weer behoorlijk in hun verband terug te stellen, leverde  het geen moeilijkheden op. Van enkele hoeken moesten noodwendig eenige steenen  vernieuwd worden. Gelukkig kon dit steeds gebeuren zonder geomamenteerde partijen  aan te tasten. Hoe door dit eenvoudige werk toch soms nog aardige resultaten bereikt  worden, bleek o.a. bij den Noord-Westhoek. Zooals bekend, vormen de ware hoeken  van het le soubassement den telkens door de ver vooruitspringende neven-cella's  onderbroken omgang om den tempel, welke door e"
OV_1927,1927,subsidence,sunk/subsided,verzakt ,,,Tjandi Prambanan,True,False,,Tjandi Prambanan; tempel; tempeltjes; monumentje,,,8,"met betrekkelijk geringe moeite in zgn  oorspronkelijken vorm is te herstellen. Dit bangt natuurlgk gebeel ervan af, of Let  gelukt om het ontbrekende materiaal, dat slechts een klein percentage bedraagt, terug  te vinden. En Liervoor bestaat inderdaad een goede kans, want onder de verschillende  opgestapelde steenhoopen zit ongetwijfeld ook materiaal van dezen tempel. Vooraf  dient het monumentje geheel afgebroken en opnieuw gesteld te worden. Dit moet  echter toch gebeuren, want het is leel^k verzakt en vertoont op sommige punten  bedenkelgke scheuren. Intusschen kunnen de steenhoopen opengelegd en de uitkomende  stukken gesorteerd worden.   Tjandi Prambanan (eerdte kwartaal), De sorteeringsarbeid op het terrein  werd geregeld voortgezet. W^anneer deze arbeid zoover gereed is, dienen de "
OV_1927,1927,discovered,brought to light,aan het licht gekomen,,,tempel,True,False,,tempel; tempeltje; tempel; tempels; tempel,,,12,"komstig van den Brabma-tempel en bet Zuidebjke boftempeltje. Voor  den boofdtempel leverde bet onderzoek weinig of niets op.      18 OUDHEIDKUNDIG VERSLAG, EERSTE EN TWEEDE KWARTAAL 1927    Reeds in het vorige verslag vermelden we de noodzakel^klieid van eennader  onderzoek van het terrein in den Zuid- W esthoek. Bij het graven van een proefsleuf  in den uitersten Zuid-^iV esthoek ter hoogte van de derde reeks b^tempels was ongeveer  0.25 M.. onder het tegenwoordige maaiveld een heele steenlaag aan het licht gekomen,  waartusschen zich geornamenteerde stukken bevonden, o.a. een pilaster van de 2e  reeks nissen van den Qiwa-tempel. Hieruit moest de conclusie getrokken worden,  dat dit gedeelte van het terrein nog niet grondig onderzocht was. Zoodra dan k  het onderzoek van de kleine bijtemp"
OV_1927,1927,volcanic_arch_v_ijen,Volcanic+archaeological: Ijen,ijen,,,Tjandi Idjo,True,True,,Tjandi Idjo; tempel,ijen,,14,"k is het fragment van een sparingsgewelf, dat o. a. aan de Oost-  zijde nog duidelqk zichtbaar is, als een restant van de bewuste nis aangezien. W e hopen  hierop later aan de hand van foto's en teekeningen uitvoerig terug te komen.   Tjandi Idjo. De gronden, welke in het laatste kwartaal 1926 werden uitgezet,  zijn van de bevolking afgekocht, zoodat het terrein binnenkort ompaggerd zal worden.   Baraboedoer. Bq een inspectie bleek, dat op verscheidene plaatsen  de vloeren van de diverse gaanderijen opnieuw ingevoegd moeten worden. Het zijn de  vloergedeelten onder de verschillende spuiers, die veel te lijden hebben van het  neergutsende water. Dit werk dient v66r de komende Westmoesson gereed te zijn.   V^erdlag mn den Bouwkundi^en Opzichter.   Tjan^ Sewoe (eerdte kwartaal). Begin Maart w"
OV_1927,1927,volcanic_arch_v_ijen,Volcanic+archaeological: Ijen,ijen,,,tempeltje,True,True,,tempeltje; tempeltje; tempeltjes; tempeltje; tempeltje,ijen,,15,"gevorderd, dat met het stellen hiervan begonnen werd.   Bgtempeltje Ilde reeks. Noord-Oosthoek. Gedurende vorengenoemde werk-  zaamheden werd ook begonnen met de herstellingen aan dit tempeltje. Het geheel  werd laag voor laag afgebroken en deze lagen op het terrein tusschen le en He  reeks bijtempeltjes, aan Noord- en Oostzijde, uitgelegd. De gestapelde steenhopen  aan Noord- en Oostzijde van het tempeltje werden alle afgebroken en lijsten,  geornamenteerde steenen enz. hierin aangetroffen in rijen opgesteld om na te gaan  of zich hier nog ontbrekend materiaal bevind.   Begonnen werd met het versterken van de fundeering door middel van  kalisteenen in kalkmortel. Voor plaatsing van de onderste laag van het soubassement  van het tempeltje werd, daar deze laag niet gelijk van dikte is, de k"
OV_1927,1927,volcanic_arch_v_ijen,Volcanic+archaeological: Ijen,ijen,,,tempel,True,True,,tempel; tempelterrein; tempeltjes; tempeltje,ijen,,17,"ie opgestelde lagen voor den  tempel, behoorende boven de linker nis aan de Zuidz^de, werden in het werk  teruggebracht.   Aan de Noordzijde van het tempelterrein werd van kalisteenen en aangevuld  met grond eene langwerpige verhooging gemaakt en hierop de verschillende aan de  Oostzijde opgestelde fraaie fragmenten geplaatst.   De niet al te groote keien werden van het terrein verwijderd en de  geornamenteerde steenen, lijsten enz. aan de Oost- en Zuidzijde van het reeds  ontgraven terrein in rijen opgesteld, zoodat nu het terrein voor de tempeltjes  A en B geheel vrij is.   Aan de Oostzijde werd dit terrein tot op eene diepte van ongeveer 0.50 M.  onderzocht en werden hier nog een 50 stuks steenen uit den grond gehaald, waaronder  enkele lijsten met onversierde palmetten, behoorende tot "
OV_1927,1927,protrusion,protruding above ground,boven den grond zichtbaar,,,Tjandi Papah gezocht,True,False,,Tjandi Papah gezocht; tempelterrein; tempels; tempels,,,19,"eld op de plaatsen der  eventueel gevonden fragmenten. De fragmenten zelve worden naar het tempelterrein  gebracht om wegraken of ontvreemding te voorkomen en zullen daar gefotografeerd  worden en de nummers der opnamen eveneens op de teekeningen 1 op 500 en 1 op  2000 worden aangeteekend.   Zooals op de teekeningen ■^H en 415 te zien is, is het gedeelte in de omgeving  der vroeger gesignaleerde vier tempels in verschillende richtingen doorkruist en daar  niets, noch van tempels, noch van muren boven den grond zichtbaar is, werd in de eerste  plaats de noodige aandacht geschonken aan de teekening van Bik en naar restanten van  Tjandi Papah gezocht, met het gevolg, dat natuursteenmuren van ongeveer drie meter  dik werden opgegraven en in het midden daarvan een baksteenbouw vrij staande  van"
OV_1927,1927,excavated,excavated,opgegraven ,,,Tjandi Papah gezocht,True,False,,Tjandi Papah gezocht; tempels; tempels; ontgravingen,,,19,"p de teekeningen 1 op 500 en 1 op  2000 worden aangeteekend.   Zooals op de teekeningen ■^H en 415 te zien is, is het gedeelte in de omgeving  der vroeger gesignaleerde vier tempels in verschillende richtingen doorkruist en daar  niets, noch van tempels, noch van muren boven den grond zichtbaar is, werd in de eerste  plaats de noodige aandacht geschonken aan de teekening van Bik en naar restanten van  Tjandi Papah gezocht, met het gevolg, dat natuursteenmuren van ongeveer drie meter  dik werden opgegraven en in het midden daarvan een baksteenbouw vrij staande  van de omliggende muren. Een groot gedeelte van deze laatste loopt door onder  de huizen van inlanders, welk gedeelte dus niet kon worden bloot gelegd in verband  met de hooge kosten aan eene verplaatsing van de huizen verbonden. Dit"
OV_1927,1927,exposed,exposed/uncovered,bloot gelegd,,,Tjandi Papah gezocht,True,False,,Tjandi Papah gezocht; tempels; ontgravingen,,,20,"ngen doorkruist en daar  niets, noch van tempels, noch van muren boven den grond zichtbaar is, werd in de eerste  plaats de noodige aandacht geschonken aan de teekening van Bik en naar restanten van  Tjandi Papah gezocht, met het gevolg, dat natuursteenmuren van ongeveer drie meter  dik werden opgegraven en in het midden daarvan een baksteenbouw vrij staande  van de omliggende muren. Een groot gedeelte van deze laatste loopt door onder  de huizen van inlanders, welk gedeelte dus niet kon worden bloot gelegd in verband  met de hooge kosten aan eene verplaatsing van de huizen verbonden. Dit neemt niet  weg, dat dit nog altijd, zonder in eene herhaling te vallen van de reeds uitgevoerde  ontgravingen, zal kunnen geschieden, indien het ondanks de hooge kosten noodig  geoordeeld zal worden. In "
OV_1927,1927,burial,buried/sunk in ground,onder den grond gevonden,,,tempelresten,True,False,,tempelresten; tempels; ontgraving; yoni; Durga,,,20,"n in de assen van genoemde  tempelresten alsnog proefsleuven gegraven worden.   Het onderzoek werd eerst verder in Zuid-Westelgke richting voortgezet, zooals  op teekening 4 14, F 9, 10 wordt aangegeven. Van beide tempels, in de genoemde     26 OUDHEIDKUNDIG VERSLAG, EERSTE EN TWEEDE KWARTAAL 1927    vakken is sleckts weinig over; bg II is bet verband van bet gedeelte op de foto’s 8577 en  8578 met bet Noord-Oostel^k gedeelte onverklaarbaar ; bg E werd een witte geprofi-  leerde steen een meter onder den grond gevonden; verder bg F op dezelfde diepte een  fragment van een cirkelvormig bouwdeel, vermoedelgk een dagob, van andesiet.  Van III is niet anders over dan een gedeelte van een muur en de restanten van  de zoogenaamde bouwput, waarin, na ontgraving, niets aanwezig bleek te zgn; in  d"
OV_1927,1927,excavated,excavated,uitgegraven ,,,tempel,True,False,,tempel; tempel; ontgraving,,,20,"bekende tempel. De witte steen, welke gedurende  de bewerking zoo zacbt geweest moet zijn, dat bg gesneden kon worden, is nu  bqna even hard als andesietsteen. In de onmiddellgke nabijbeid van dezen tempel  zijn vele baksteenmuurresten gevonden; de ontgraving en bet onderzoek zgn ecbter  nog niet gebeel be'dindigd; voor zoover zg werden opgemeten en geteekend kan er  geen verband tusschen de muren onderling aangetoond worden, en daar zij voor  bet grootste gedeelte reeds door de bevolking zijn uitgegraven en tot roode cement  verwerkt, bestaat er niet veel hoop dat met zekerheid de begrenzingen van sommige  bouwwerken bewezen zal kunnen worden ; bier komt nog bij, dat door de bouwmeesters  zelve vermoedelgk bier en daar nog al wat veranderd is; de oudere en de jongere  muren zgn duidelqk v"
OV_1927,1927,burial_partial,partially underground,ten deele onder den grond,,,tempelterrein,True,False,,tempelterrein,,,21,"en strak geslepen, opgebouwd terwgl bg de jongeren gebruik gemaakt is van klei  bij wijze van metselspecie. Niettemin kan, nadat alles wat alsnog gevonden zal worden,  geteekend is, getracht worden enkele bouwomtrekken te bepalen. De tot nog toe  aangetroffen muurresten werden op teekening 415 E, F 10, 11 aangegeven.- In den  Noord- V^esthoek van vak F 11 werd een platte steen aangetroffen, welke in bet  midden der bovenz^de, bij wijze van bekroning, balfrond van omtrek gehakt is; de  steen lag ten deele onder den grond, maar de hoop, dat bet onzicbtbare ondervlak  beschreven zou zijn, werd belaas niet bewaarheid, de steen werd ecbter ter plaatse  overeind gezet. Hier en daar elders werd nog een onderzoek ingesteld o. a. bg de  vroegere woning van den Controleur, ten Westen van de groote r"
OV_1927,1927,excavated,excavated,opgegraven ,,,tempelterrein,True,False,,tempelterrein,,,21,"in bet  midden der bovenz^de, bij wijze van bekroning, balfrond van omtrek gehakt is; de  steen lag ten deele onder den grond, maar de hoop, dat bet onzicbtbare ondervlak  beschreven zou zijn, werd belaas niet bewaarheid, de steen werd ecbter ter plaatse  overeind gezet. Hier en daar elders werd nog een onderzoek ingesteld o. a. bg de  vroegere woning van den Controleur, ten Westen van de groote raksasa’s en op  de pick, waar vroeger bet groote beeldfragment, dat nu op bet tempelterrein staat,  opgegraven is. Voor een nader uitgebreid en zorgvuldig onderzoek van deze plek  moet ecbter gewacbt worden op bet oogsten van de djagoeng, maar bovendien      OUDHEIDKUNDIG VERSLAG. EERSTE EN TWEEDE KWARTAAL 1927 27    verdient het overweging, niet het niinst om de goede stemming der desalui niet te"
OV_1927,1927,exposed,exposed/uncovered,blootgelegd,,,tjandi Ngawen van,True,False,district Probolinggo,tjandi Ngawen van; tjandi D de; tjandi gestaan zou; ontgraving,,district Probolinggo,35,"len voor verdere  ontgraving van tjandi Ngawen van de hand gewezen (Not. Bat. Gen. 1897, p. 44),  op grond van de overweging, dat de uitkomsten niet aan de verwachting hadden  beantwoord en er geen grond bestond om aan te nemen, dat verdere onderzoekingen  met beteren uitslag zouden worden bekroond. De heer van Aalst heeft bl^kbaar  toch kans gezien geldenlos te kr^gen voor een onderzoek van de oudheden in het  district Probolinggo en heeft toen Ngawen ,,gedeeltel^k, wegens gebrek aan fondsen""  blootgelegd en daarbi) bevonden, dat in de richting Noord-Zuid, vier tjandi's  respectievelijk genoemd A, B, C en D door den grond bedolven waren. Een korte  beschrijving van de blootgelegde tjan^gedeelten werd gepubliceerd in Tijdschr,  Bat. Gen. XLI, 1899, p. 401—404 (waaruit blijkt, dat met tjand"
OV_1927,1927,exposed,exposed/uncovered,blootgelegd,,,tjandi D de,True,False,district Probolinggo,tjandi D de; tjandi gestaan zou,,district Probolinggo,35,"antwoord en er geen grond bestond om aan te nemen, dat verdere onderzoekingen  met beteren uitslag zouden worden bekroond. De heer van Aalst heeft bl^kbaar  toch kans gezien geldenlos te kr^gen voor een onderzoek van de oudheden in het  district Probolinggo en heeft toen Ngawen ,,gedeeltel^k, wegens gebrek aan fondsen""  blootgelegd en daarbi) bevonden, dat in de richting Noord-Zuid, vier tjandi's  respectievelijk genoemd A, B, C en D door den grond bedolven waren. Een korte  beschrijving van de blootgelegde tjan^gedeelten werd gepubliceerd in Tijdschr,  Bat. Gen. XLI, 1899, p. 401—404 (waaruit blijkt, dat met tjandi D de meest  noordelijke bedoeld wordt) en de gevonden fragmenten nader aangeduid. De ver-  onderstelling, dat tegenover C nog een vgfde tjandi gestaan zou hebben, is bij de  on"
OV_1927,1927,exposed,exposed/uncovered,blootgelegd,,,tempeltje,True,False,,tempeltje; ontgraving; beeld  zonder; beeld bleek,,,36,"cht Dr. Brandes Ngawen en  maakte o.a. (zooals nu gebleken is) terecbt de opmerking, dat een nader onderzoek  vereischt was ten opzicbte van de meening van den beer van Aalst, dat alleen de  basementen van steen en de bovenbouwen van bout waren.   Blijkens Notulen 1910, p. 29, werden aan den beer van Erp in bruihleen  afgesfcaan teekeningen en kaart^es, beboorende bij de bovengenoemde bescbrijving van  den beer van Aalst en in betzelfde jaar door den beer de Vink de mine van A aan  de oostzijde blootgelegd. In Rapp. Oudh. Comm. 1911, p. 62, komt van de hand  van den beer van Erp eene bescbrijving met foto's voor, en in betzelfde Rapport  p. 224, een inventarisstaat.   Gedurende de ontgraving in 1921 werd door mij 44n Dhyani-Buddha-beeld  zonder kop, maar van dezelfde grootte als bet reeds "
OV_1927,1927,burial,buried/sunk in ground,in den grond gevonden,,,tempeltje,True,False,,tempeltje; tempeltjes; tempel; tempeltjes; ontgraving,,,36,"ningen en kaart^es, beboorende bij de bovengenoemde bescbrijving van  den beer van Aalst en in betzelfde jaar door den beer de Vink de mine van A aan  de oostzijde blootgelegd. In Rapp. Oudh. Comm. 1911, p. 62, komt van de hand  van den beer van Erp eene bescbrijving met foto's voor, en in betzelfde Rapport  p. 224, een inventarisstaat.   Gedurende de ontgraving in 1921 werd door mij 44n Dhyani-Buddha-beeld  zonder kop, maar van dezelfde grootte als bet reeds aanwezige, bij tempeltje No.  II ^) in den grond gevonden ; bet geluk wilde, dat de reeds vroeger aangetroffen  hop (Rapp. 1911) bg bet beeld bleek te bebooren. Het vermoeden werd nu uitgespro-  ken (Mataram 10 Maart 1921) dat, indien zou blijken, dat er vijf tempeltjes zouden  zgn, de waarscbijnlijkbeid groot wer*!, dat deze tempel^e"
OV_1927,1927,excavated,excavated,uitgegraven ,,,tempeltje,True,False,,tempeltje; fundamenten; ontgraving,,,38,"uilen in een ommezien weer vol”.   Als men hierbq nog in aanmerking neemt, dat de waterdrang in niet geringe  mate toeneemt b^ eene ontgraving over eene grootere oppervlakte, is het duidel^k,  dat het in de eerste plaats zaak was de waterafvoer te regelen. Dit werd ten deele  gevonden door het graven van een sloot ten westen van het vierde tempeltje langs  den desaweg in westelgke richting naar eene op vrij grooten afstand gelegen kleine  kali. Daar door invallende grond de waterloop in de diep uitgegraven sloot echter  herhaaldelgk gestremd werd, wa» het maken van een voorloopige betonnen afvoer-  buis onvermijdeli^k en door een toeval kon het water geloosd worden in een laag     OUDHEIDKONDIG VERSLAG, EERSTE EN TWEEDE KWARTAAL 1927 53    gelegen waterbassin op bet erf van een inlander, d"
OV_1927,1927,excavated,excavated,opgegraven ,,,tempel,True,False,,tempel,,,42,"bovenaan op de foto en recbts van den zooeven genoemden afgebroken steen? Ze  springen te veel naar binnen, om een gedeelte van de binnenz^de der balustrade  te kunnen vormen. Bovendien zi^n ze glad en vlak ad’gewerkt en behooren dus wel  tot een buitenmuur (de eerste steen, de meest linksche, is ook ter z^de vlak afgewerkt;  voor een en ander te vergelijken III). Deze geringe gegevens gaven niet   veel moed voor een goede oplossing van dit bouwkundig raadsel; een nauwlettende  bestudeering van opgegraven fragmenten, waarvan vermoed kon worden, dat zg niet  zouden behooren bg den eigenlijken tempel, was bet eenige middel, om tot een  oplossing te geraken.   Vrgstaand poortgebouw. Het sorteeren en in elkaar zetten van den  teerling en den kroonlijst werd onafgebroken voortgezet, zoodat na e"
OV_1927,1927,volcanic_arch_v_ijen,Volcanic+archaeological: Ijen,ijen,,,beeld op,True,True,,beeld op,ijen,,50,"e, foto 7801; Z.AV. twee,  foto 7941 ; N. W. twee, foto 7940) in bet geheel dus slecbts twee te weinig.  MiddenanteHxen werden niet gevonden en komen b^ deze bjst ook niet voor; indien  wel, dan zouden deze aan de staarteinden der hoekantefixen gebakt moeten- zijn,  omdat deze te lang zqn, om nog een afzonderlijken steen, waaraan eventueel een  middenantefix, te kunnen plaatsen. Op foto 7797 ( PL 11 c) zijn twee hoeksteenen  afgebeeld, de ^^n op den waren boek, de andere op een van de middenpartijen bg Z.  In de bovenvlakken dezer steenen zijn, op een afstand van ongeveer tien centimeter  van de buitenl^n, inkassingen gebeikt; op grond biervan werd verondersteld, dat de  hooger gelegen lagen een voet zouden vormen voor bet booger gelegen bouwdeel  en dat dit dezelfde grondvorm zou bebben. "
OV_1927,1927,volcanic_arch_v_ijen,Volcanic+archaeological: Ijen,ijen,,,beeld op,True,True,,beeld op,ijen,,53,"vormt  (foto’s 7811, 7809, 7810); de binnenwaartscbe sprong der middenpartgen bbjft uit  den aard der zaak voor alle lijsten, banden, enz. dezelfde; de contr&le hiervan  wordt vereenvoudigd door bet voorkomen van afdammingen (foto's 7811, 7809,  dekband bij / en boven, dekband bij ////, ojiefband bij — ).   De breedte der warehoek-velden wordt bewezen door de juiste aansluiting  der fragmenten van de ojieflijst, foto 7811, rechts naast foto 7811, bij ///, tegen de  afdammingen van de middenpartijen.   Het grondplan en de verdeeling van de torentjes wordt aan drie zijden  afgebeeld op foto 7810; de krijtlijnen zijn de grenslijnen der inkassingen; de toenmaals  gevonden fragmenten worden op de foto’s 7809, 7810 en 7811 afgebeeld.   De kroonlijst van de tweede geleding kon voor het grootste g"
OV_1927,1927,volcanic_arch_v_ijen,Volcanic+archaeological: Ijen,ijen,,,tempelbouw,True,True,,tempelbouw; beeld op,ijen,,53,"rdt aan drie zijden  afgebeeld op foto 7810; de krijtlijnen zijn de grenslijnen der inkassingen; de toenmaals  gevonden fragmenten worden op de foto’s 7809, 7810 en 7811 afgebeeld.   De kroonlijst van de tweede geleding kon voor het grootste gedeelte op  den beganen grond gesteld worden en ofscboon dus de horizontale doorsnede van  de teerling van dit bouwdeel bekend was, werden geen voldoende fragmenten  gevonden om eene opstelling of eene nadere verklaring mogelijk te maken. Op  der middenpartijen werden twee complete torentjes gesteld, welke pasten in de  inkassingen op het bovenvjak van genoemde kroonlijst (Tkg. III).   Betreff ende de derde geleding werden slechts aanw^zingen en geen fragmenten  voor eene voldoende opstelling gevonden.   W ederopbouw, Onderbouw. Zooals op biz. 55 e. v"
OV_1927,1927,volcanic_arch_lahar,Volcanic+archaeological: lahar/mudflow,lahars,,,tempelrooves,True,True,,tempelrooves,lahars,,55,"ngen  uit bun verband gerukt waren, stonden nog voor een gedeelte rondom overeind,  maar het wegbreken aan de westzijde vooral door schatgravers of tempelrooves   ^) Later zijn nog eenige aanvullende werkzaambeden aan de binnenruimte uitgevoerd (zie  hiervoor p. 18 en 22). B.     68 OUDHEIDKUNDIG VERSLAG, EERSTE EN TWEEDE KWARTAAL 1927    heeft niet alleen het verband nog meer verstoord, maar ook de afgebroken steenen  naar boven gewerkt, waar zg gereed lagen voor bet wegbalen. Gelukkig hebben  lahars en overstroomingen de gebeele ruStae van afgevallen steenen in den loop  der t^den bedekt, zoodat de steenen al dieper en dieper in den grond verdwenen en op  deze wijze werden bewaard. Het is dus duidel^k, dat aan de onderste lagen van  den teerling met voetlgsten naar verhouding het meeste "
OV_1927,1927,subsidence,sunk/subsided,verzakt ,,,Tempel,True,False,,Tempel; tempel; tempel; fundamenten; fundamenten,,,56,"fundamenten.  Het onderzoek en de voorziening van de fundamenten en de daarbij ondervonden  moeiel^kheden zgn reeds bg de beschrgving van Tempel No. II voldoende toegelicht,  zoodat hierover niet meer uitgeweid behoeft te worden.   Bij de afbeeldingen van den tempel voor de herstelling op de foto's 7773 en 7775  han worden aangestipt, dat dezelfde oorzaken, die op tempel I gewerkt hebben, ook dit  bouwwerk hebben doen vervcillen, voomamel^k de westzgde, waar de muur ongeveer  veertig centimeter verzakt was.   Voor de herstelling van den onderbouw waren voldoende aanwijzingen aan-  wezig (foto 7773) en ging het er slechts om, de tekortkomende gedeelten uit de  opgegraven fragmenten te sorteeren.   De geheele onderbouw, met uitzondering van een gedeelte der westzgde kon  wederom worden opgeb"
OV_1927,1927,excavated,excavated,opgegraven ,,,tempel,True,False,,tempel; tempel,,,56,"icht,  zoodat hierover niet meer uitgeweid behoeft te worden.   Bij de afbeeldingen van den tempel voor de herstelling op de foto's 7773 en 7775  han worden aangestipt, dat dezelfde oorzaken, die op tempel I gewerkt hebben, ook dit  bouwwerk hebben doen vervcillen, voomamel^k de westzgde, waar de muur ongeveer  veertig centimeter verzakt was.   Voor de herstelling van den onderbouw waren voldoende aanwijzingen aan-  wezig (foto 7773) en ging het er slechts om, de tekortkomende gedeelten uit de  opgegraven fragmenten te sorteeren.   De geheele onderbouw, met uitzondering van een gedeelte der westzgde kon  wederom worden opgebouwd. De belangr^kste details, zooals de hoekversieringen,  waarvan oorspronkelijk die van den zuid-oosthoek b^na geheel intact was, konden  alien herplaatst worden ; d"
OV_1927,1927,excavated,excavated,opgegraven ,,,tempel,True,False,,tempel; tempel; beeld op,,,56,"to 7779) ; op dezelfde foto wordt de eerste  steenlaag van den teerling afgebeeld; aan elk der drie andere zi)den bevindt zich een  v66rspringende middenpartij ; in plaats van de leeuwen zgn daar hurkende olifanten  in de basementsteenen gehakt.   De breedten der middenpartgen en der ware hoekvelden zijn bekend.   Omtrent de beantwoording van de vraag, of de na te noemen fragmenten bij  dezen tempel behooren, behoeft men niet in het onzekere te verkeeren; ze werden in  de onmiddellgke nabijheid opgegraven en behooren niet bij tempel No. II. De hoek-  steen, behoorend op de eerste laag van den teerling (foto 7779), werd nog niet aange*  troffen, maar een duidelijke aanwijzing daarvoor bevindt zich in den geplaatsten steen.   De samenstelling van twee godinne-figuren en relief, geflankeerd d"
OV_1927,1927,volcanic_arch_v_ijen,Volcanic+archaeological: Ijen,ijen,,,beeld op,True,True,,beeld op,ijen,,57,"een aanwgzing  te vinden is, in elk geval behooren zg bij den teerling en vermoedelgk bij de ware-  hoekvelden, immers, indien men foto 7427 bekijkt, ksm men in de eerste plaats een  afwgking opmerken in de voorstelling van twee figuren naast elkaar, zonder  pilaster er tusschen en ten tweede wijst het vlakke dekstukje op een eenigszins  breedere pilaster dan van die, welke voorkomt op foto 7857. Op deze foto komt,  in drie lagen gesteld, ook een penant voor, welke behoort bg een der middenpartijen ;  het ornament van den bovensten hoeksteen zal dan moeten aansluiten aan het orna-  ment van den kalakop, waarvan een niet compleet model wordt afgebeeld op foto  7415. Het is niet uitgesloten, dat deze kop behoort bg de ware-hoekvelden, immers  boven den cirkelvormigen versieringsband behoort "
OV_1927,1927,volcanic_arch_v_ijen,Volcanic+archaeological: Ijen,ijen,,,tempel,True,True,,tempel,ijen,,58,"Buitenordonnantie. In het algemeen kunnen beide tj^en worden  onderscheiden in onderbouw, teerling met voet- en kroonlijst (pinakels) en bekroning.     OUDHEIDKUNDIG VERSLAG, EERSTE EN TWEEDE KWARTAAL 1927 71    terwijl voor type II hieraan nog moet worden toegevoegd een afzonderlijk poort-  gebouwtje.   W^at de samenstelling van type I betreft kan worden opgemerkt:   1. de vierkante vorm van den onderbouw.   2. de meerzgdige vorm van den teerling, verkregen door den uitbouw van de  middenpartijen aan de vier zijden op het vierkant grondvlak van het pbnt.   3. de vierkante cella.   4. de herhaling van den vierkanten vorm op het kroonlijstvlak.   5. de ronde bekroningstoppen op dat vlak.   6. (vermoedelijk) een 4^nledige bekroning.   o n d e r b o u w. In aansluiting aan den vierkanten aanl"
OV_1927,1927,volcanic_arch_v_ijen,Volcanic+archaeological: Ijen,ijen,,,tempel,True,True,,tempel,ijen,,58,"dragen, dient  alleen opgevat te worden als bekronend element; hierop wijst ook het ontbreken  van de ojieflijst en de hiervoor in de plaats komende vlakke versierde band. Op  dezen versierden band is de dekband gelegd, waarvan het bovenvlak den omgang  vormt rondom den tempel. De teerling is onversierd ; eene versiering zou weliswaar  de eentonigheid verbroken en het aanzicht verlevendigd hebben, maar dit wordt  voldoende bereikt door de hoek- en middenpartgen. De voorstellingen van beide  partijen zijn vrij diep en relief gehakt en omlgst door den gebruikelgken drieledigen  staanden band, langs de buitenzijden versierd met bladomament, een telkens  terugkomende stijleering, welke behoort bg de kala-makara uitbeelding. De kala  is in de dekstukken, welke ook de dekbanden afsluiten, nog we"
OV_1927,1927,volcanic_arch_v_ijen,Volcanic+archaeological: Ijen,ijen,,,tempels,True,True,,tempels; tempel te bouwen,ijen,,59,"n foto 7793 bij X ontbreken, is het vroeger bestaan van een      72 OUDHEIDKUNDIG VERSLAG. EERSTE EN TWEEDE KWARTAAL 1927    balustrade uitgesloten. Bovendien werd geen enkel fragment gevonden, dat daar-  voor zou kunnen hebben gediend.   Voetlijsten van den teerling. De aanleg der voetlijsten op den  onderbouw is vierkant en bestaat in dezen vorm uit een steenlaag, welke als een plint,  slechts door den ceUa-ingang onderbroken, rondom doorloopt. Op deze laag rusten de  basementen der middenpartijen, zoodat de voetlijsten daartegen doodloopen. Deze  eigenaardigbeid komt vrij algemeen voor bg de kleinere Qiwaitische tempels. Bg de  Buddhistische is dit echter een uitzonderingsgeval, verklaarbaar door de voorop-  gezette idee een kleinen tempel te bouwen met vierkanten grondslag, waarbij ech"
OV_1927,1927,volcanic_arch_v_ijen,Volcanic+archaeological: Ijen,ijen,,,tempels,True,True,,tempels; tempel te bouwen; tempel,ijen,,59,"en bestaat in dezen vorm uit een steenlaag, welke als een plint,  slechts door den ceUa-ingang onderbroken, rondom doorloopt. Op deze laag rusten de  basementen der middenpartijen, zoodat de voetlijsten daartegen doodloopen. Deze  eigenaardigbeid komt vrij algemeen voor bg de kleinere Qiwaitische tempels. Bg de  Buddhistische is dit echter een uitzonderingsgeval, verklaarbaar door de voorop-  gezette idee een kleinen tempel te bouwen met vierkanten grondslag, waarbij echter  sprekende middenpartijen, bij den vierkanten aanleg gesupprimeerd, niet te veel  zouden verhezen aan belangrljkheid. Bij de samenstelling der voetlijsten komen  meer uitzonderingsgevallen voor; de onderste laag is, zoocJs gebruikelijk, een ojief-  lijst, ook voorkomend bg tempel No. II, maar de afscheiding tusschen oji"
OV_1927,1927,volcanic_arch_v_ijen,Volcanic+archaeological: Ijen,ijen,,,beeld geven,True,True,,beeld geven,ijen,,60,"terwijl  ten slotte de rechthoekig geprofileerde lijst boven het halfrond ontbreekt.   T e e r 1 i n g. De absolute zekerheid omtrent den teerlingbouw ontbreekt en  de gelegenheid ontbrak om de bewijzen te zoeken. Er kan echter op de volgende  bijzonderheden gewezen worden. De teerling was vermoedelijk rondom versierd met  en relief gebeeldhouwde voorstellihgen, waarvan de foto's 7857 (PL 18 b) en 7427  een beeld geven. De plants dezer voorstellingen in de velden der ware hoeken of midden'  partijen is vooralsnog onbewezen. De aansluiting op den geomamenteerden band en  dus het verband met de voetlgsten (foto 7779) is echter vrij zeker. De bovenafsiuiting  der voorstellingen in den vorm van een vlakken band met lotusbioemen staat vast,  maar daarom niet het verband van dezen band met de kr"
OV_1927,1927,volcanic_arch_v_ijen,Volcanic+archaeological: Ijen,ijen,,,Tempellichaam,True,True,,Tempellichaam; tempellichaam,ijen,,65,"t op haar plaats zou z^n.   Tempellichaam. Het vierkante tempellichaam is aan elk der vier zijden,  in de assen uitgebouwd. Door deze uitbouwingen worden middenpari^en gevormd  en de grondvorm in plaats van vierzijdig met vier maal drie zgden vermeerderd en  een twintigz^dige aanleg verkregen, welke in de buitenordonnantie — en dus ook in  de bekroning — wordt voortgezet. De voetlijsten volgen dit meerzgdige beloop en wor-  den slechts gestuit tegen de ceUa-ingangspenanten. Daar in de middenpartijen boven""  dien nissen geconstrueerd zijn, weiarvan de penanten buiten die partgen zgn uitge-  bouwd, worden de voetlijsten plaatselijk onderbroken door de basementjes dier  penanten. De samensteUing der voetlijsten bestaat in opvolgende geledingen uit een  dubbelplint, ojieflijst, halfrondlijst e"
OV_1927,1927,volcanic_arch_v_ijen,Volcanic+archaeological: Ijen,ijen,,,beeldje ver,True,True,,beeldje ver,ijen,,67,"daar het  ornament geen nauwere aansluiting van nispenanten tegen de middenpartij behoeft  uit te drukken en de beteekenis, gehecht aan de versieringswijze der inwendige  hoeken in dit geval niet bestaat.   N i s s e n. In de velden der ware hoeken en die der middenpartgen zijn  beeldnissen aangebracht, maar de ordonnantie is absoluut verschillend. De stabiliteit  der ware hoeken wordt niet gebroken door de kleine nissen, welke passen in de  decoratieve vlakversiering, terwijl die der middenpartijen meer op den v66rgrond      OUDHEIDKUNDIG VERSLAG, EERSTE EN TWEEDE KWARTAAL 1927 79    treden, meer als nissen spreken en met penantbasementjes, penanten, omlijsting en  bekroning een zeer voomame plaats in het geheele samenstel innemen.   AVat de eersten betreft, kan men in elke nis een klein "
OV_1927,1927,volcanic_arch_v_ijen,Volcanic+archaeological: Ijen,ijen,,,tempeltop,True,True,,tempeltop; tempeltje; tempelbekroning; tempeltjes,ijen,,67,"jn uitgebeiteld terwijl de versierde kalakop niet den tempeltop draagt, maar de  geheele nis met de omlij sting en den kalakop als het ware gevat is in een klein  tempeltje waarvan de kop alle kenmerken heeft van een complete drieledige  tempelbekroning met hoektorentjes in den vorm van bloemen, antefixen, georaamen-  teerde Igstjes en dekbandjes. Het open veld boven deze tempeltjes is behakt met  kinnari’s met verschillende handhoudingen en verschillende emblemata; sommige  rusten op wolkenpartijen (foto 7428); bij anderen zijn de vogelvormen grof en  plomp, daarentegen de gedeelten, welke menschelijke vormen vertoonen goed van  proporties en zuiverder gebeiteld (foto 7506). De ruimte tusschen de twee  kinnari’s is van boven aangevuld met een prachtig gehakte lotusbloem met sierlijk  gevo"
OV_1927,1927,volcanic_arch_v_ijen,Volcanic+archaeological: Ijen,ijen,,,tempelbekroning,True,True,,tempelbekroning; tempelkroonlijst,ijen,,70,"kend door een drieledige terugspringende band-combinatie en bekronings-  torentjes. Ofschoon deze ordonnantie mede kan beschouwd worden als een overgang  naar de dneledige tempelbekroning, behooi^ zij organisch bg den tempelkroonlijst,  hetwelk wordt uitgedrukt door de hoek- en middenantefixen, die aan de ojieflijsten  en de rechthoekige boven-draagbanden gehakt zgn. Op de kroonlijstdekbanden  komt, boven elk der warehoekvelden een hoekantefix en een middenantefix voor;  boven die der middenpartijen een antefix in de as, twee hoekantefixen en twee  middenantefixen. De vorm en omamenttoepassing van alle hoekantefixen zijn vrij  wel gelgk; die der middenpart^en zgn echter verschillend.   Klaarbl^kel^k heeft de botte aansluiting van de kslakopbekroning tegen den  dekband, vooral aan de oostzg"
OV_1927,1927,volcanic_arch_v_ijen,Volcanic+archaeological: Ijen,ijen,,,tempelkem,True,True,,tempelkem; tempelbouw,ijen,,71,"jn redenen. De dekband is tevens draagband der hoektorentjes en de eenheid met  de kroonlijst komt hierdoor dus beter tot zijn recbt. Middenantefixen komen om  dezelfde reden dus niet voor. Zooals eerder gezegd, zijn de ware hoeken gewichtiger  in de buitenordonnantie, omdat zij den tempelkem vormen; dit wordt ook in den  bouw der hoektorentjes uitgedrukt, niet alleen omdat zij grooter zijn dan de anderen,  maar ook, omdat op elken hoek slechts e^n torentje voorkomt, terwgl die der midden-  partijen eene bekroning heeft van drie torentjes. Men kan veronderstellen, dat  boven elk der middenpartijen ook slechts 44n torentje zou behooren, omdat in de  teerling slechts een nis, resp. cella-ingang* het karakter dier middenpartijen vastlegt,  maar aan den anderen kant dient er rekening mede geho"
OV_1927,1927,volcanic_arch_v_ijen,Volcanic+archaeological: Ijen,ijen,,,tempelkem,True,True,,tempelkem; tempelbouw,ijen,,71,"ierdoor dus beter tot zijn recbt. Middenantefixen komen om  dezelfde reden dus niet voor. Zooals eerder gezegd, zijn de ware hoeken gewichtiger  in de buitenordonnantie, omdat zij den tempelkem vormen; dit wordt ook in den  bouw der hoektorentjes uitgedrukt, niet alleen omdat zij grooter zijn dan de anderen,  maar ook, omdat op elken hoek slechts e^n torentje voorkomt, terwgl die der midden-  partijen eene bekroning heeft van drie torentjes. Men kan veronderstellen, dat  boven elk der middenpartijen ook slechts 44n torentje zou behooren, omdat in de  teerling slechts een nis, resp. cella-ingang* het karakter dier middenpartijen vastlegt,  maar aan den anderen kant dient er rekening mede gehouden te worden, dat de nis-  omlijsting met de nisbekroning behooren bij de nissen zelven en de midd"
OV_1927,1927,volcanic_arch_v_ijen,Volcanic+archaeological: Ijen,ijen,,,tempelkem,True,True,,tempelkem; tempelbouw,ijen,,71,"gewichtiger  in de buitenordonnantie, omdat zij den tempelkem vormen; dit wordt ook in den  bouw der hoektorentjes uitgedrukt, niet alleen omdat zij grooter zijn dan de anderen,  maar ook, omdat op elken hoek slechts e^n torentje voorkomt, terwgl die der midden-  partijen eene bekroning heeft van drie torentjes. Men kan veronderstellen, dat  boven elk der middenpartijen ook slechts 44n torentje zou behooren, omdat in de  teerling slechts een nis, resp. cella-ingang* het karakter dier middenpartijen vastlegt,  maar aan den anderen kant dient er rekening mede gehouden te worden, dat de nis-  omlijsting met de nisbekroning behooren bij de nissen zelven en de middensprong in  zijn geheel behoort en past bij het karakter van den tempelbouw en dus de daardoor  gevormde uitwendige hoeken ook bove"
OV_1927,1927,volcanic_arch_v_ijen,Volcanic+archaeological: Ijen,ijen,,,tempel,True,True,,tempel,ijen,,71,"uitzetting heeft tengevolge, dat de middenpartij telkens meer ver-  smald wordt dan die der ware hoeken en ofschoon de bouw van de kembekroning  of derde geleding tot heden niet bewezen kon worden, is deze toch op de teekening  aangebracht, omdat de vorm logisch voortkomt uit den vorm der andere twee gele-  dingen. De ordonnantie der drie geledingen is in wezen gelijkvormig en de afwgking  slechts proportioned in verband met de maatverkleiningen ; tengevolge hiervan is  boven elk der middenpartijen van de tweede geleding 4^n torentje ontworpen, terwijl  het aantal van de tweede geleding met dat boven de kroonlijst kon overeenkomen,  ofschoon zij aanmerkelijk kleiner van stuk moesten worden. In de derde geleding is  hoofdzakelijk de kemvorm, de vierkante vorm uitgesproken. Elk der geledinge"
OV_1927,1927,excavated,excavated,opgegraven ,,,tempel,True,False,,tempel; tempels; tempels; tempels; tempels,,,76,"den ringmuur gebouden.   Bebcilve de kans, dat bij bet onderzoek van dit terreingedeelte nog waardevolle  stukken worden gevonden, heeft bet verplaatsen van den steenboop ook nog bet  voordeel, dat een sta-in-den-weg verdwijnt, waardoor bet uitzicbt vanaf bet tempel-  terrein aanmerkelijk wordt verruimd.   In afwacbting op de vergunning van bet Bestuur voor de berging van den  steenboop, werd aan de Oostzijde de vierde reeks bi)tempels ontgraven. Nieuwe  gegevens zgn bierbij niet gevonden. Het opgegraven materiaal beboort uitsluitend tot  de bgtempels. Het is niet uitgesloten, dat er stukken zijn gevonden, die nieuwe  gegevens voor deze tempels leveren, maar daar bet gebeele terrein tusscben den le  en He ringmuur als bezaaid Hgt met steenen van deze tempels, is bet niet waar-  scbgnlqk. I"
OV_1927,1927,volcanic_arch_v_ijen,Volcanic+archaeological: Ijen,ijen,,,tempels,True,True,,tempels,ijen,,76,"sver bet onderzoek van de bijtempels te oppervlakkig geweest.   Het onderzoek van de gordels A en B nam bet gebeele kwartaal in beslag.  Het resultant hopen we later aan de hand van foto’s en teekeningen uitvoerig te  bespreken.   We willen nu volstaan met de mededeeling, dat het gelukt is, om van alle  nisbekroningen, de kalakoppen incluis, de oorspronkelijke plaats terug te vinden.  Dit is een groot voordeel geweest, omdat de nisbekroningen vaak gegevens leverden  voor de aansluitende boekpartijen.   Bij laatst bedoeld onderzoek is tevens gebleken, dat in het reeds gerecon-  strueerde werk onjuistheden scbolen, waardoor bet een ondeugdel^ke basis was  voor een eventueele verderen opbouw. In overleg met den Dienstcbef werden dan  ook de reeds in bet werk teruggeplaatste gedeelten van den "
OV_1927,1927,volcanic_arch_tephra,Volcanic+archaeological: tephra/ash/tuff,ascht,,,Tjandi K alas,True,True,,Tjandi K alas; tempels; tempel; tempelkop,ascht,,81,"Aan den Zuidkant ontbreekt de geheele figuur met alles, wat er bij behoort.   Ofschoon er dus heel wat ontbreekt, toch was de stmctuur uit de gegevens  van de rUrne zelf en uit losse fragmenten tot andere tempels van dezelfde reeks  behoorende, met geringe moeite vast te stellen.   Nadat het bijeengebrachte materiaal was gesorteerd en opgestapeld, kwam  de groote vraag aan de orde, of ook de portiek gereconstmeerd kon worden. Het  viel niet te ontkennen, dat in de zqvlakken veel nieuw werk ingelascht moest worden.  Tegenover de incomplete zqwanden stond echter de vrijwel gave voorgevel. Hierbij  gevoegd de groote waarde van de portiek als massa voor de harmonic en het evenwicht  van den geheelen tempel, deed tenslotte het besluit nemen, om over de bezwaren  van de zijvlakken been te stappe"
OV_1927,1927,volcanic_arch_v_ijen,Volcanic+archaeological: Ijen,ijen,,,tempels,True,True,,tempels,ijen,,83,"e restauratie  gehandhaafd moeten worden. Het nieuw aangebrachte werk op de hoeken is in  overeenstemming gehouden met de overige afgebrokkelde gedeelte en springt zoover  terug, dat de eigenlijke huid er eventueel later v66r geplaatst kan worden.   Bij het herplaatsen van den gevel was het onvermi^ delink om enkele geheel  verbrijzelde stukken door nieuwe te vervangen. Behalve een klein stukje in den  vlammenrand van de poortomlq sting konden echter bij de vernieuwing de georaa-  menteerde partijen onaangetast blijven.   De hinderlijke vullingen in de nissen op de vlakken zijn verwgderd en de  dorpels, die beide gebroken zijn, door ingelaten U*ijzers ondervangen, welke in den  vorm van het gewelf gewalst zijn.   Aan het eind van het kwartaal was de herstelling tot de kroonlijst gevorderd."
OV_1927,1927,exposed,exposed/uncovered,blootgelegd,,,tempelterrein,True,False,,tempelterrein; tempelsteenen; ontgraving,,,88,"een badplaats; daar een kleine kali over de muren stroomt, zal  eene ontgraving gepaard gaan met een plaatsel^ke en t^delijke omlegging van  deze kali. Het bouwwerkje ligt op het eigendomsperceel van een Chinees; de  bemiddeling van den Wedana van Singasari werd schriftelqk verzocht, om den  eigenaar te bewegen voorloopig in den toestand geen verandering te brengen.   Onderzoek terrein Singasari (vierde kwartaal). Het onderzoek in de omge-  ving van het tempelterrein werd voortgezet. De hierbij blootgelegde muren enz.  werden op de respectieve overzichtsteekeningen Nos. 416 (Schaal 1 k 2000); 432,  433 en 434 aangegeven en betreffen de vakken I 8 en9; J 8en9; G 10 en 11;  H 10 en 11; K 10 en 11; L 10 en 11. Op deze teekeningen worden ook de  plaatsen der vondsten enz. aangegeven.     OUDHE"
OV_1927,1927,excavated,excavated,uitgegraven ,,,Tjandi T i,True,False,,Tjandi T i,,,89,"n nog de restanten van een muur geconstateerd worden, welke  er op wijzen, dat deze in de ricbting naar den beuveltop gebouwd was. Daar der-  gelijke restanten op meerdere plaatsen werden aangetroffen, is bet niet onmogelijk,  dat de muren straalsgewqs waren aangelegd, terwql dan vermoedelijk andere muren  zoo gebouwd zijn, dat een terrasbouw gevormd werd. Voor een onderzoek van den  heuvel zouden omvangrijke werkzaamheden ondernomen moeten worden. V/aar  vroeger en tot voor kort steenen werden uitgegraven zal vermoedelijk bet resultant  niet beantwoorden aan de verwachtingen.   Tjandi T i k o e s. De ingevallen gronden werden opgeruimd; de afvoersloot  eenigszins uitdiept en van onkruid gezuiverd; de pagger gesnoeid, bet buitenterrein  rondom de paggers schoongemaakt om den groei te bevor"
OV_1927,1927,volcanic_arch_crater,Volcanic+archaeological: crater,kraterputten,,,tjandi IV van,True,True,,tjandi IV van; tempels; tempel; fundament; beeld tusscben,kraterputten,,95,"108 OUDHEIDKUNDIG VERSLAG. DERDE EN VIERDE KWARTAAL 1927    van de waardevolle stukken voor de tempels, waarvan zij afkomstig z'^n, is zeker  een gelukwensch waard. De b^zondere dank aan de Siameesche Regeering voor de  door Haar betoonde bereidwilligheid en niet minder aan prof. Coedbs door wiens  bemiddeling de mil heeft kunnen plants hebben, mag bier niet achterwege blijven.   Van den beer J. J. Richard te Djember werd bericbt ontvangen van de  vondst van een steenen beeld tusscben twee kraterputten ten Noorden van den  W e 1 i r a n g - top, (Jang-gebergte, Besoeki). De foto laat een vierarmigen Qiwa  zien, in de rechter-achterhand vliegenwaaier, in de linker-acbterband bidsnoer, de  beide voorhanden in een mudra. Het beeld is ongeveer 65 cM. hoog, 35 cM. breed  en werd vooroverliggend"
OV_1927,1927,volcanic_arch_v_welirang,Volcanic+archaeological: Welirang,Welirang,,,tjandi III aantrof,True,True,,tjandi III aantrof; tjandi Kedaton in; ruines; inscriptie; inscriptie,Welirang,,96,"l (vgl. Krom, Inleiding II, p. 360 sqq.). Het is dus ongetwijfeld hetzelfde  beeld, dat Junghuhn in zijn tqd nog in tjandi III aantrof en voor een Durga hield,  en dat ook Kohlbrugge (T.B.G. 1899, p. 75) noemt. Volgens een plaatselijk gerucht  zou er een tweede beeld geweest zijn, dat door den Controleur van Kraksatin in  1922 naar zijn standplaats werd overgebracht. De overlevering gewaagt ook van  een ouden Hindoeweg, leidende naar de kluizenarij, en van een verband tusschen  de ruines op den Welirang en tjandi Kedaton in Kraksaan. Dit stemt overeen met  de mededeelingen omtrent uitgehouwen trappen op verschillende plaatsen aangetroffen  (vgl. Krom, Inleiding II, p. 362).   Bij het meer Ranoe Kembolo (Noord-helling van den Smeroe, res.  Pasoeroean), waar in 1919 door den beer Gisius een "
OV_1927,1927,volcanic_arch_v_semeru,Volcanic+archaeological: Semeru,Smeroe,,,tjandi Kedaton in,True,True,,tjandi Kedaton in; ruines; inscriptie; inscriptie; inscriptie,Smeroe,,96,"gerucht  zou er een tweede beeld geweest zijn, dat door den Controleur van Kraksatin in  1922 naar zijn standplaats werd overgebracht. De overlevering gewaagt ook van  een ouden Hindoeweg, leidende naar de kluizenarij, en van een verband tusschen  de ruines op den Welirang en tjandi Kedaton in Kraksaan. Dit stemt overeen met  de mededeelingen omtrent uitgehouwen trappen op verschillende plaatsen aangetroffen  (vgl. Krom, Inleiding II, p. 362).   Bij het meer Ranoe Kembolo (Noord-helling van den Smeroe, res.  Pasoeroean), waar in 1919 door den beer Gisius een inscriptie werd aangetroffen  (zie O. V. 1920, p. 100— 101,0. V. 1926, p. 33), zijn nu door denzelfden heer fragmenten  van aardewerk en een steen met inscriptie gevonden. Het aardewerk wijst op een  oude nederzetting, wellicht de „tlr"
OV_1927,1927,volcanic_arch_tephra,Volcanic+archaeological: tephra/ash/tuff,asch,,,monument,True,True,afdeeling van,monument; opgravingen,asch,afdeeling van,99,"e resultaten zou het afhangen, welke nadere voorstellen zouden  worden ingediend.   Daar het ook uit „ten tweede” van de motie van het Natuurwetenschappelijk  Congres duidelqk bleek, dat het de bedoeling was de opgravingen in de grot bij  Sampoeng voort te zetten, werd verder in overweging gegeven, deze grot NIET  tot natuurmonument te verklaren, daar dan elk verder onderzoek zou zijn buiten-  gesloten.   Tenslotte werd voorgesteld de prehistorische afdeeling van het Museum van  het Kon. Bataviaasch Genootschap aan te wijzen als de plaats, waar de vondsten  uit de grotten zouden worden ondergebracht.      112 OUDHEIDKUNDIG VERSLAG, DERDE EN VIERDE KWARTAAL 1927    Zooals blijkt uit een schrqven van den Directeur van Onderwgs en Eeredienst  aan het Hoofdbestuur van de Vereeniging Nederlands"
OV_1927,1927,exposed,exposed/uncovered,blootgelegd,,,Tjandi was gerapporteerd,True,False,,Tjandi was gerapporteerd; tempel; tempelgedeelten; ontgraving,,,123,"bovendien nog  een viertal steenlagen van den tempel zelven (7407, 7406, 7405, 7409, 7408) werd  besloten het bestaande terrein uit te breiden en te ompaggeren, zooals wordt aan-  gegeven op teekening 251.   De samenstelling van de resteerende tempelgedeelten (teekening 251) blijkt  o.a. uit 7409; de bovcnste laag bevindt zich tusschen de wortels van den boom.  Na de ompaggering werd een begin gemaakt met de ontgraving op de diepte, zooals  wordt aangegeven op 7406, en regelmatig voortgezet. De blootgelegde fragmenten  werden op de plaatsen, waar zij werden aangetroffen, omgekanteld en neergelegd  (7859, 7860, 7861, 7862, 7863) om, bij eventueelen herbouw of plaatsing op den    Tjandi was gerapporteerd.       OUDHEIDKUNDIG VERSLAG. DERDE EN VIERDE KWARTAAL 1927 155    beganen grond gebruik"
OV_1927,1927,excavated,excavated,opgegraven ,,,tempel,True,False,,tempel; beeld op; beeldje in,,,124,"ornament vertoont als afgebeeld op 7555,  betwelk werd opgegraven; van het stuk op 7348 bijpassende fragmenten in den grond  werden gevonden (7868); de beeldvoetstukfragmenten konden worden gecompleteerd  met een opgedolven fragment (1312); van den Gane^a op 7547 de kop en een  hand uit den grond te voorscbijn kwamen aan de Westzgde (7542, 7543), eindelgk,  dat van het beeldje in de nis (7544, 7548) meerdere exemplaren voor den dag  kwamen (8143, 8144).   Wat de fragmenten betreft welke werden opgegraven en welke dus zonder  eenigen twijfel bij den tempel bebooren, kan in het algemeen worden opgemerkt, dat  er verschillenden waren, waarvan zelfs niet gegist kon worden, welke plants ze in  de bouwsamenstelling zouden moeten innemen. Onder anderen de steen met afhangende  kwast en koorden op"
OV_1927,1927,excavated,excavated,opgegraven ,,,tempelresianten,True,False,,tempelresianten,,,129,"DERDE EN VIERDE KWARTAAL 1927    bg de voeten van den daar staanden koelie ; na bet ombakken van den boom kwam  nog een dergel^ke l^st voor den dag (7881 b^ VI) en nog 44n op den boek;  voldoende gegevens dus, om den vorm van de eersie sieenlaag boven den teerling  van den onderbouw te bepalen ; aan de bovengenoemde fragmenien die dus in de  tempelresianten zelven teruggevonden zgn, zqn geornamenteerde banden verbonden.  Op de foto’s is dit niet zoo goed te onderscbeiden, maar wel aan 44n der  opgegraven fragmenten, 7552, welk fragment onderstboven gelegd is, om in bet  ondervlak te toonen de aansluiting aan den teerling en de breedte van den boek-  pilaster (rechts bij bet einde van de duimstok). Van deze boeksteenen waren er  vier opgegraven of in de desa’s acbterbaald (teekening No. 417"
OV_1927,1927,excavated,excavated,opgegraven ,,,tempelresianten,True,False,,tempelresianten,,,129,"ag boven den teerling  van den onderbouw te bepalen ; aan de bovengenoemde fragmenien die dus in de  tempelresianten zelven teruggevonden zgn, zqn geornamenteerde banden verbonden.  Op de foto’s is dit niet zoo goed te onderscbeiden, maar wel aan 44n der  opgegraven fragmenten, 7552, welk fragment onderstboven gelegd is, om in bet  ondervlak te toonen de aansluiting aan den teerling en de breedte van den boek-  pilaster (rechts bij bet einde van de duimstok). Van deze boeksteenen waren er  vier opgegraven of in de desa’s acbterbaald (teekening No. 417). De aan den  geornamenteerden band aansluitende steenlaag wordt verklaard door bet fragment  op 7872, waarin gedeelten voorkomen van de ornamenteering der recbtboekige  li)st met bet ornament bovenbedoeld. A en B stellen de afwisselend vierk"
OV_1927,1927,excavated,excavated,opgegraven ,,,tempelkroonlgst,True,False,,tempelkroonlgst; beeld op,,,135,"ak aangelegd zouden zijn, maar daarvan gescheiden door de  rechthoekige steenlaag, bovengenoemd (teekeningen 420, 372, 373 bij X). De bewijs-      OUDHEIDKUNDIG VERSLAG. DERDE EN VIERDE KWARTAAL 1927 165    veering zal dus gezocht moeten worden in verband met de voile hoogtematen van  den portaalbouw zelven en daar de gegevens van onderen af zgn uitgeput, moeten  die van bovenaf in beschouwing genomen worden. Van de bovenbouwdeelen is aan-  wezig de dorpel (7818), die in den Noord-Oosthoek werd opgegraven en waarvan  de ornamentrand in voorstelling en bebakking overeenkomt met die van penanten  en makara, reeds genoemd. Het ging er dus om, de aansluitende lagen te zoeken  en op deze wgze de samenstelling te bewgzen. Hiervoor kwamen de volgende  bijzonderheden in aanmerking: de fragmenten, "
OV_1927,1927,burial,buried/sunk in ground,in den grond gevonden,,,,False,False,,,,,140,"t die van de  hooger bggende laag, waaraan geen fragment kan worden afgenomen of bggevoegd,  zonder het regelmatig verloop te storen. Indien dus de aansluiting van de midden-  pilaster aan bet teerlingveld en de nispart^ niet geHjkvormig is, zooals te zien op  8146 b^ de linkemispart^ en op 8369, recbts daarvan, doet deze omstandigheid niets  af aan de samenstelling. eene eventueele reconstmctie dient er rekening mee  gehouden te worden, dat — al zgn de fragmenten gebmikt aan de zgden waar zij  in den grond gevonden werden er tocb steeds twijfelachtige gevallen voorkomen  (zooals wg op biz. 6 en v. aantoonen) welke kunnen en moeten opgelost worden  door vergel^king der verscbillende opgestelde en andere bouwdeelen of fragmenten.  Als men de verscbillende foto’s van de detailopsteUingen ver"
OV_1927,1927,burial,buried/sunk in ground,in den grond gevonden,,,tempel,True,False,,tempel; beeld op; beeld  beboorende; beeld in; steenen met,,,143,"j benadering volgens de foto overgeno-  men en in verband met bovengenoemde steenen ingeteekend (teekening 37-4).   Een later onderzoek, door het Hoofd van den Dienst ter plaatse ingesteld  gaf als resultaat het vinden van meer dergelijke steenen, maar geen overtuigend  verband van steenen met een gebouwde of gestapelde put. Evenmin werd een um  of iets van dien aard aangetroffen.   De plaab der beetden.   Het Doergabeeld, afgebeeld op 7865, werd met enkele losse fragmenten  o.a. de kop op 7895 in den grond gevonden aan de Noordzgde; den romp van den  Gane^a, 7542 en 75-43 werd wel is waar ten Zuid-Westen op bet bestaande erfniveau,  in de onmiddellgke nab^beid van den tempel aangetroffen, maar sommige bg het beeld  beboorende fragmenten werden aan de Westz^de opgegraven. Ofschoon aan de  "
OV_1927,1927,burial,buried/sunk in ground,in den grond gevonden,,,tempel,True,False,,tempel; tempel; tempelniveau; beeld op; beeld  beboorende,,,143,"nmin werd een um  of iets van dien aard aangetroffen.   De plaab der beetden.   Het Doergabeeld, afgebeeld op 7865, werd met enkele losse fragmenten  o.a. de kop op 7895 in den grond gevonden aan de Noordzgde; den romp van den  Gane^a, 7542 en 75-43 werd wel is waar ten Zuid-Westen op bet bestaande erfniveau,  in de onmiddellgke nab^beid van den tempel aangetroffen, maar sommige bg het beeld  beboorende fragmenten werden aan de Westz^de opgegraven. Ofschoon aan de  Zuidzijde geen (Goeroe) beeld in den grond gevonden werd, is bet vinden der andere  twee voldoende, om met zekerheid te kunnen zeggen, dat zij oorspronkelijk in de  Noordelijke, respectievelijk Westel^ke nis van den teerling gestaan hebben. Het  bovenvlak van het voetstuk (waarvan eveneens enkele fragmenten werden opgegraven)  w"
OV_1927,1927,subsidence,sunk/subsided,verzakt ,,,tempelingang,True,False,,tempelingang,,,143,"uw aangemaakte steenen.  Het is duidelgk, dat tengevolge van de plaats gebad bebbende verzakkingen, 7878,  7862, het tijdelijk wegnemen der steenlagen noodig was ; alvorens hiertoe kon  worden overgegaan moest een oorspronkelgk hoogtepimt gezocbt worden en wel  op de aangewezen plaats, namelijk bij den trapopgang, waar de treden van af het  oorspronkelijk niveau naar den tempelingang die hoogte zouden kunnen aanwgzen.  De steenlagen van dezen opgang waren hoofdzakelijk aan Noord- en Zuidzijden  verzakt en verscboven (7874), maar de derde trede lag in het midden nog zoo goed  als waterpas, terwgl de steen, gemerkt X, onaangeroerd was blgven bggen. De  hoogte van deze steen werd dus als uitgangspunt genomen voor de bepaling van de  hoogtematen der overige steenlagen. Vervanging van den gemer"
OV_1927,1927,volcanic_arch_v_ijen,Volcanic+archaeological: Ijen,ijen,,,tempel,True,True,,tempel; tempelteerling; beeld op,ijen,,146,"wij ons bepalen tot den hoofdtempel opzichzelven.   De enkele bouwconceptie, zonder ornament, afgebeeld op de teekeningen 372  Noordaanzicht, 373 Oostaanzicht en 420 TVestaanzicht, wekt drie verschillende  stemmingen. De Westzijde, 420, is rustig, gelijkmatig en absoluut evenwichtig; de  Oostzijde, 373, is van wege den breederen uitleg van het voorportaal minder evenwichtig,  al is de tegenstelling ten deele geneutraliseerd door de juiste toepassing en de  harmonische verdeeling der ornamentpartijen (teekening 421). Het kan niet worden  ontkend, dat de eenheid van den teerling en de bekroning door het portaal eenigszins  wordt verstoord en dat in het zijaanzicht der Noordzijde, 372, de onderverdeeling,  noch de rijke ornamenteering (op 1310, ten deele zichtbaar) den indruk kan  wegnemen va"
OV_1927,1927,volcanic_arch_v_ijen,Volcanic+archaeological: Ijen,ijen,,,tempel,True,True,,tempel,ijen,,147,"en de OrnamenUering in bet algemeen.   Voor een karakteriseering van het beeld- en omamentwerk kan o. a. gewezen  worden op de overeenkomstige ojiefvormige buitenlgnen in alle op den voorgrond  tredende nisomlijstingen en nisbekroningen ; en wat de uitvoering betreft op de bijna  volmaakte techniek. De nerven en contouren zijn met een onnavolgbare zekerheid  gebeiteld en die zekerheid gaat gepaard met gratie, soepelheid en zuiverheid. De  plaats, de verdeeling en het karakter van de ornamentpartijen zgn bestudeerd>  logisch en besloten; niet te veelvuldig aangebracht, zelfs niet bg de aaneengerqde     176 OUDHEIDRUNDIG VERSLAG. DERDE EN VIERDE KWARTAAL 1927    antefixen; beheerscht en niet overheerschend of storend werkend op de constructieve  lijnen. Bij de behandeling der bouwonderdeelen"
OV_1927,1927,volcanic_arch_v_ijen,Volcanic+archaeological: Ijen,ijen,,,beeld van de,True,True,,beeld van de,ijen,,155,"vastgesteld, maar werd geteekend overeenkomstig de gevonden  fragmenten van het topstuk (teekening •419).   Bij het zien van de horizontale doorsneden E—F, G—H en K—L op teekening  'll 9, genomen over de teerlingen der drie geledingen, zou men kunnen meenen, dat  de vierkante vorm van de kern verloren is gegaan en opgelost in den meerzgdigen  vorm ; als men echter het werkelijke beeld van de bekroning (foto 8369 en teekening  421) daarmede vergelijkt, is er geen sprake van overwicht der nispartijen op de  vierkante kern. A1 domineeren de nispartijen dus niet, toch is het klaarblgkelijk de  bedoeling van den bouwmeester geweest, dat zij een zeer voorname plaats zouden  innemen in de buitenordonnantie, waarschijnlijk zijn zij opzettelijk sterk op den  voorgrond geschoven (immers de beeldjes "
OV_1927,1927,volcanic_arch_v_ijen,Volcanic+archaeological: Ijen,ijen,,,tempel,True,True,,tempel,ijen,,155,"als in den teerling, teruggeschoven  kunnen zijn tot in de muurdikten der verschillende geledingen) en naar boven toe  verjongd om de aandacht van den toeschouwer te trekken naar de eindbekroning.  Men zou kunnen meenen, dat in verband met de middenantefix van de kroonlijst,  de vorm en de grootte wel wat al te sterk zijn geaccentueerd ; hiertegenover staat  echter, dat niet alleen de middenantefixen maar ook de twee aangrenzende, links  en rechts, in type en ornament overeenkomen met de nispartijen. Men zal dus bij  het beschouwen van den tempel de drie middenantefixen als een eenheid moeten  opvatten en het verband van deze groep met de nispartij moeten leggen.   Evenals de ornamenteering van de nispartij met die der drie antefixen een  eenheid vormt, zoo zijn ook de aan de hoekantefix g"
OV_1927,1927,volcanic_arch_tephra,Volcanic+archaeological: tephra/ash/tuff,asche,,,tjandi Lara Djonggrang,True,True,,tjandi Lara Djonggrang; tempel; beeld bq; beeld idem; steenen beeld,asche,,163,"n, bf de Directie Tan bet Berlgnsche museum de  vervalschers te slim af is geweest. Vervalscbingen zonder meer heb ik onder de  genoemde stukken niet ontdekt.    Na bet Berlijnsche museum komt dat van Dresden aan de beurt, aangezien  die te Weenen, Parijs en Londen geen Dieduksmannetjes vertoonen.   Ook bier is de oogst tamel^k groot: steenen beelden tot een totaal van 5 en  bronzen stukken tot een totaal van 2 kunnen op grond van de in den inventaris  gevonden gegevens als afkomstig van de Jogjasche collectie worden aangewezen.  Het zijn :    Steen : a.    h.    c.    d.    t.    Brons : /.    9-    Een in bbumispar;:amudra zittende 2-armige godin (afgebeeld bq Meyer  in Publikationen Kon. Ethnograph. Museum zu Dresden IV. „AlterthUmer  aus dem Ostindischen Archipel etc. PL 1:2, pay. 2). "
OV_1928,1928,volcanic_arch_v_ijen,Volcanic+archaeological: Ijen,ijen,,,monument,True,True,,monument,ijen,,10,"nd. Reeds zijn grootere en  kleinere gedeelten gevallen en het gevaar is groot, dat ze geheel ineen zullen storten.   Ofschoon we het monument met de grootste piSteit hopen te behandelen  en het invoegen van nieuwe stukken zooveel mogelgk vermeden zal worden, toch zal  er op verscheidene plaatsen niet aan te ontkomen zijn, omdat vele steenen totaal verbrij-  zeld zijn. Gelukkig kan het vervangen op een hoogst enkele uitzondering na zonder  beschadiging van de sculpturen of de geomamenteerde partijen uitgevoerd worden.  In hoofdzaak gaat het om vlakke lijsten, posten, pilasters, enz.   Evenals bij Kalasan hopen we ook hier, zoo mogelijk, enkele onderdeelen te  completeeren. ^Vel is het beschikbare materiaal bedroevend gering, maar onder  het welnige schuilen waardevolle stukken. Zoo zal o.a"
OV_1928,1928,depth_m,X.X M diep,1.50 M. diep,1.5,meter,,False,False,,,,,11,"n Juni was de steiger gereed en kon met het afbreken begonnen worden.  Al spoedig bleek het gewenscht, om de bovenste lagen van de daketage in hun  geheel af te nemen. De gedeelten van de kern, die na het afhalen van de huid en  de gewelven bleven staan, waren zoo klein, dat het voor een richtige uitvoering  gemakkel^ker en goedkooper was, om den geheelen top laag voor laag weg te  nemen.   Hierbg kwamen tusschen de gewelven, dus boven de scheidingsmuren, twee  merkwaardige sleuven van ongeveer 1.50 M. diep aan het licht, foto’s Nos. 9742  en43. De bedoeling van deze sleuven is tot dusver onbekend. Het zijn lange, smalle  gleuven met zeer onregelmatige, ruw bekapte wanden. Dit zou een aanwijzing kunnen      OUDHEIDKUNDIG VERSLAG, EERSTE EN TWEEDE KWARTAAL 1929 11    zqn, dat het gewone uit"
OV_1928,1928,depth_m,X.X M diep,4.60 M. diep,4.6,meter,tempeltje,True,False,desa Pajak bij,tempeltje,,desa Pajak bij,12,"nen gaan, zouden zeer kostbare maatregelen geno-  men moeten worden. Hiervoor ontbreken ecbter de fondsen.   Van Sari (Sorogedoeg) werd een situatie-teekening gemaakt met de bedoebng,  om bier, zoodra zicb de gelegenbeid voordoet, een flink terrein aan te  koopen.   Van den Ass. Resident te Djocja, Dr. Adam, ontvingen we bet bericbt,  dat in de desa Pajak bij Pioengan een oude put was gevonden. een bezoek  bleek bet een waterput te zgn bestaande uit 7 ringen van witte steen. De put is  ongeveer 4.60 M. diep en beeft een diameter van 0.77 M. In boever we bier  werhebjk met een ouden put te doen bebben, is moedijk te beoordeelen. De bevolking,  die den put belaas op eigen boutje beeft uitgegraven, beweert er niets dan aarde in  gevonden te bebben. Of dit inderdaad zoo is, is al beel lastig u"
OV_1928,1928,subsidence,sunk/subsided,verzakt ,,,tempelsteenen,True,False,,tempelsteenen; ontgraving,,,14,"van de onderzijde  als hoekstuk en enkele waarvan de onderzijde vlak afgedamd is. Ook is van de  hoekspuiers de aanzet van het ojief van den vloer gerekt.   Uit aanwezige fragmenten werd door aan elkaar passen getracht of deze  mogelgk tot de balustrade konden behooren, dit gelukte echter niet, zoodat van de  balustrade tot heden toe niets bekend is en dus ook voor verschillende fragmenten  nog geen plaats van herkomst gevonden is.   De vierkant omgaande vloer rond het le soubasement die geheel verzakt  was, werd opgebroken en opnieuw gelegd. Deze werkzaamheden kwamen in dit  kwartaal gereed.   Ter hoogte van de versneden lijst van het le soubasement, dus vlak boven  den half ronden band, werd een ruwe vloer van tempelsteenen gelegd aansluitende  aan de fundeering van het 2e soubasement. D"
OV_1928,1928,depth_m,diepte van X.X M,diepte van 1.20 M,1.2,meter,tempelterrein,True,False,,tempelterrein; tempel; monumentjes; monumentjes,,,15,"jk de gedachte opkwam, dat ook hier een aantal grafmonumentjes geweest  moeten zijn, zooals bg Kedasan het geval is. Echter werd geen enkele steen in  verband aangetroffen en het gelukte tot heden nog niet de juiste plaats te vinden  waar deze monumentjes eventueel gestaan hebben. In den Zuid-W^esthoek van het  gehuurde terrein (Noord-W^esthoek van het tempelterrein) kwam een restant van  eene fundeering, vermoedelijk van den ringmuur afkomstig, voor den dag. In den  Zuid-Oosthoek werden op een diepte van 1.20 M. tot 1.50 M. 7 stuks urnen van  gebakken aarde bij elkaar aangetroffen, gevuld met aarde en bij enkelen tusschen  de aarde sterk vergane stukjes ijzer in den vorm van lepeltjes.   In verband met de werkzaamheden aan den tempel werd van een verder  onderzoek voorloopig afgezien, lat"
OV_1928,1928,volcanic_arch_v_ijen,Volcanic+archaeological: Ijen,ijen,,,tempel,True,True,,tempel,ijen,,16,"t de steiger en het schoorwerk  gereed waren werd begonnen met het afnemen van de, zonder eenig verband, door  elkaar liggende steenen op het bovenvlak van den tempel. Vervolgens werden de  restanten van de dagobs en daama de geheele dakgeleding afgebroken tot op de  kroonlijst. Laag voor laag werd gemerkt en op het afgehuurde terrein opgesteld.   Van de dagobs kan gezegd worden dat er in totaal 9 stuks geweest zijn en  niet, zooals op de teekeningen van IJzerman is aangegeven, 6. Er zijn drie rijen  van drie, dit bleek duidelijk uit de afteekeningen van de plinten van deze dagobs  op de bovenste laag van de dakgeleding.   Bg het afbreken van de dakgeleding bleek, dat de twee binnenmuren  tusschen de kamers op gewelfhoogte niet massief z^n, doch beiden een sparing  hebben, lang A.— M., hoo"
OV_1928,1928,discovered,brought to light,aan het licht gebracht,,,monumenten,True,False,,monumenten; ontgraving; ontgravingen,,,18,"terrein binnen den ringmuur betreft, dit hopen we volgend jaar  tegel^k met een meer definitieve ontgraving en voorziening van de monumenten te  kunnen onderzoeken.   Majhapahit. Door het wd. Hoofd werden besprekingen gevoerd met  den Voorzitter en Deskundige van de Vereeniging Majhapahit over voortzetting  van het onderzoek naar de resten van die oude hoofdstad. Zooals bekend is, heeft  die Vereeniging onder de leiding van den Ir. Maclaine Pont in de laatste jaren  ter plaatse veel belangrgks aan het licht gebracht, niet alleen een hoogst merk-  waardige Middeleeuwsche terracottakunst, doch z66veel restanten van oude muren  en bouwwerken, dat genoemde deskundige, gesteund door een uitzonderlgke gave    18 OUDHEIDKUNDIG VERSLAG, EERSTE EN TWEEDE KWARTAAL 1929    van kijk op terreinsgesteld"
OV_1928,1928,volcanic_arch_v_tengger,Volcanic+archaeological: Tengger,Tengger,,,Tjandi Kala,True,True,,Tjandi Kala,Tengger,,26,"terras (binnenhuis) van een oud  Palembangsch huis. Passarstraat.   9266   i    id.   Id. id. met oude lampen en   Compagnieskasten.   9267   ..   1*   id.   Gedeeltelgke wand van de bruidskamer  (terraszgde) met oude Palembanglamp,  kristallen (Engl.) lamp.   9268   tt   !   II   1   id.   Hoekstijl en toegang naar de bruids-  1 kamer.   9269   $p   >1   id.   Binnenwand (rechts) van de bruidskamer.   9270   II   II   id.   Toegangsdeur naar de bruidskamer.   9271   „   8-ll-'28   Wanatara   1 Tengger  (distr.) afd.  Probolinggo  (Pasoeroean).   Zodiakbeker met jaartal 1251 (paka  (reproductie foto B. G. II No, 903 en 90""^.   9272   II   II   id.   Id. aan de andere zijde ( id. )   9273   18X24   II   Boroboedoer,   afd.   Magelang,  res. Kedoe.   Poort der vierde gaander^’. (Repro-  duct"
OV_1928,1928,volcanic_arch_tephra,Volcanic+archaeological: tephra/ash/tuff,ASCHE,,,inscriptie,True,True,AFDEELING BALANGNIPASCHE,inscriptie,ASCHE,AFDEELING BALANGNIPASCHE,78,"even. Goed onderhouden.      OUDHEIUKUNDIG VERSLAG, EERSTE EN TWEEDE KWARTAAL 1998 117    LLlleratuur.   V. I. van de Wall. Rapport voorl. onderzoek enz, enz. Oudheidk. Verslag   Derde en Vierde Kwartaal 1928, 1929. Biz. 112.   IX.   OMGEVING VAN DE HOOFDPLAATS BENTENG.   1, Klok te Bontobangoen.   Hangt in bet omamentshuis van het district, vermoedelijk afkomstig van het  blokhuis Defensie. Brons, fraai gemodelleerd, zonder inscriptie.   Lilleraluur.   Als boven.   X.   ONDERAFDEELING BALANGNIPASCHE EN BINOEANGSCHE   BENEDENLANDEN.   HOOFDPLAATS BALANGNIPA.   1. Fort Balangnipa.   Uit de tweede helft der vorige eeuw. In den poortdoorgang een opschrift:  1864 — 1868. De gebouwen in de binnenruimte zijn bewoond, maar voor de verdediging  doet het fort geen dienst meer. Vrij goed onderhouden"
OV_1928,1928,discovered,brought to light,te voorschijn gekomen,,,tjandi Kalasan in,True,False,,tjandi Kalasan in,,,87,"kans, dat de behandeling in den Volksraad spoedig zal plaats hebben en de  afkondiging nog in den loop van het volgende jaar zal mogen worden tegemoet gezien.   Op zijn inspectiereis in October was o. g. in de gelegenheid de resxJtaten  van de in Mei be'^indigde restauratie van de tjandi Kalasan in oogenschouw te  nemen. Mocht er al eenige teleurstelling zijn gewekt door het feit, dat het zorgvuldige  onderzoek van de omgeving geen nieuwe gegevens aan het licht heeft gebracht,  die — waren zij te voorschijn gekomen — - het wellicht mogelijk hadden gemaakt  een verdere reconstructie van het bouwwerk door te voeren dan thans heeft plaats  gehad, zoo zal toch een ieder de meening zijn toegedaan, dat het heihgdom bij de  onder de zorgzame leiding van den heer De Haan uitgevoerde restauratie in"
OV_1928,1928,excavated,excavated,opgegraven ,,,tempel,True,False,,tempel,,,88,"eer Perquin in Bijl. G. van bet O. V. 1928 een zeer  uitvoerige bescbrijving gegeven beeft, te bewonderen. Men kan zich niet aan den  indruk onttrekken, dat men in 1904 allerzonderlingst met dit stuk beeft omgesprongen,  ten eerste, door zicb niet de geringe moeite te getroosten van bet uit de cella te  voorscbijn te balen, maar in plaats biervan den beer Knebel ,,bet levensgevaarlijke  waagstuk"" liet verrichten de nis binnen te dringen om bet te bescbrijven. En dan door  den kop ervan, die was opgegraven en op PI. 32 van de Monograpbie werd afgebeeld,  weer verloren te laten gaan, zoodat dit stuk in ’28 opnieuw kon worden opgegraven *).   Bij bet door den beer Perquin ingestelde onderzoek van bet kratonterrein bij  den torentempel zijn behalve zeer belangr^ke en fraaie beelden en beeldfra"
OV_1928,1928,excavated,excavated,opgegraven ,,,tempel,True,False,,tempel,,,88,"n  indruk onttrekken, dat men in 1904 allerzonderlingst met dit stuk beeft omgesprongen,  ten eerste, door zicb niet de geringe moeite te getroosten van bet uit de cella te  voorscbijn te balen, maar in plaats biervan den beer Knebel ,,bet levensgevaarlijke  waagstuk"" liet verrichten de nis binnen te dringen om bet te bescbrijven. En dan door  den kop ervan, die was opgegraven en op PI. 32 van de Monograpbie werd afgebeeld,  weer verloren te laten gaan, zoodat dit stuk in ’28 opnieuw kon worden opgegraven *).   Bij bet door den beer Perquin ingestelde onderzoek van bet kratonterrein bij  den torentempel zijn behalve zeer belangr^ke en fraaie beelden en beeldfragmenten  nog talrijke bouwdeelen afkomstig van bet boofdbeiligdom • — welke na de in 1904  plaats gehad bebbende werkzaambeden door"
OV_1928,1928,discovered,brought to light,"te voorschijn 
gekomen",,,ontgraving,True,False,,ontgraving; beeld achterover,,,89,"diep ingrijpende operatie,  waartegen men echter dank zij de bij de Midden-Javaansche restauraties opgedane  ervaring niet te erg zal behoeven op te zien.    9 Men vraagt zich af hoe 't mogelijk iSr dat dc in 1 90A gc£otografccrde k.op In *28 In den  grond is teruggevonden tezamen met vrqwel alle fragmenten, die er bij  behooren (Perquin, 1. c. p. 72). Vermoedelijk is dc gang van zaken ongeveer als voIgt ge wees t :  Blijkens p. 25 van de Monographic zijn de bedoelde kop en dc gen^ van den guru te voorschijn  gekomen „bij de ontgraving van het eerste terras” (hieronder te verstaan het plint van bet bouw-  werk), denkelijk vlak bij de Euidelijke nis, waarin het Guru-beeld achterover lag. Bij die ont-  graving werd echter verzuimd het onderzoek verder uit te strekken dan de onmiddellijke omg"
OV_1928,1928,exposed,exposed/uncovered,blootgelegd,,,,False,False,,,,,90,"enfels gegeven aanwgzingen, werd besloten alle aandacbt voorloopig te  eoncentreeren op de opsporing van bet stelsel van ringmuren, bctwelk volgens  de bypotbese- Pont bet stadsemplacement in den vorm van een regelmatigen veelboek  zou omsloiten. Tot dit doel zullen er op verscbillende, in bet plan-Pont bijzondcr  gewicbtige plaatsen, proefsleuven voor bet terrein worden gegraven en bg de  kruising van zwaar muurwerk dit laatste worden gevolgd, tot er een gebeele sector  van de ommuring zal zgn blootgelegd. Aangeteekend kan nog worden, dat de reeds  door den beer Burgers in de nabijbeid van Badjang Ratoe ontgraven muurrestanten,  zonder eenigen scb^n van regelmaat, hris-kras door en over elkaar heenloopen en  geen neiging vertoonen om de bypotbese- Pont te bevestigen, veeleer daar dwars  t"
OV_1928,1928,volcanic_arch_tephra,Volcanic+archaeological: tephra/ash/tuff,asche,,,beeld  voor,True,True,Residentie Soerabaja,beeld  voor,asche,Residentie Soerabaja,102,"nummer leidde deze studie tot een behandeling van V7inter’s vertaling der Manik  Maja Padalangan in het tgdschrift voor Nederlands-IndiS (1843). Welke gevolgen  deze studie heeft gehad voor het verkenningswerk, zoowel wat het toekomstbeeld  voor dit werk der vereeniging, waarover als het ware een sluier werd opgelicht,  als wat de intensiveering van dit onderzoek betreft, moge reeds uit het Eerste Deel  van dit verslag gebleken zqn.   Globale verkenningen werden gehouden in Toeban, de Soerabajasche Noord-  kustdistricten, Babad, Ngimbang, Kabooh, Lamongan, Kemlagi, Kedamejan, Goe-  moelan, Drioredjo, Bangsri en den geheelen omtrek van het Beneden-Brantasbekken,  benevens het Djombangsche, Soerawana, Tegowangi en Kediri. Eerlang zuUen het  Blitarsche en het Malangsche aan de beurt moeten ko"
OV_1928,1928,volcanic_arch_v_lamongan,Volcanic+archaeological: Lamongan,Lamongan,,,beeld  voor,True,True,Residentie Soerabaja,beeld  voor,Lamongan,Residentie Soerabaja,102,"nter’s vertaling der Manik  Maja Padalangan in het tgdschrift voor Nederlands-IndiS (1843). Welke gevolgen  deze studie heeft gehad voor het verkenningswerk, zoowel wat het toekomstbeeld  voor dit werk der vereeniging, waarover als het ware een sluier werd opgelicht,  als wat de intensiveering van dit onderzoek betreft, moge reeds uit het Eerste Deel  van dit verslag gebleken zqn.   Globale verkenningen werden gehouden in Toeban, de Soerabajasche Noord-  kustdistricten, Babad, Ngimbang, Kabooh, Lamongan, Kemlagi, Kedamejan, Goe-  moelan, Drioredjo, Bangsri en den geheelen omtrek van het Beneden-Brantasbekken,  benevens het Djombangsche, Soerawana, Tegowangi en Kediri. Eerlang zuUen het  Blitarsche en het Malangsche aan de beurt moeten komen.   M.eer gedetailleerde opnamen volgden in enkele"
OV_1928,1928,volcanic_arch_tephra,Volcanic+archaeological: tephra/ash/tuff,asch,,,ontgraving,True,True,,ontgraving; ontgraving,asch,,109,"EN VIERDE KWARTAAL 1929    zoodat een en ander nog niet met zekerKeid kon worden geconstateerd. W^ellichtzou  een algeheele ontgraving op dit punt volkomen tiitsluitsel kunnen geven.   De in het Artha^astra voor den kratonbouw gegeven voorscliriften, die in  zoo menig opzicht op Java werden gevolgd, bepalen, dat het op deze plaats centraal  in het Koningsverblijf gelegen gebouw een schatkamer moet zgn. Hiermede is het  gevondene niet in str^d. Het was dan tevens een bijzetplaats van vorstelgke asch  op de plaats, waar de heilige rgksinsigniSn bewaard kunnen zgn, en was — naar  Wardenaar reeds mededeelt — door een buiten om het (de) terras(sen) omloopende  gracht omringd.   Zooals bekend zijn een groot deel der Majapahitzerken met verhalende reliSfs,  die in de Musea te W'eltevreden en te M"
OV_1928,1928,excavated,excavated,opgegraven ,,,,False,False,,,,,115,"s ongeluk zou aanbrengen door een  vertrouwden bediende had laten begraven. De zaak raakte in bet vergeetboek tot  de in de dagbladen vermelde vondsten te Palembang ze weer in de herinnering  van den beer de Jong terugbracbten. De O. D. werd gewaarscbuwd en daama op  verzoek van bet wd. Hoofd door den beer de Jong een onderzoek te Tjibadak  ingesteld. Het voorwerp bleek niet meer in den grond te zitten, dock na bet vertrek  van den bediende die het er begraven had, door een andere boedjang weer opgegraven  en verkocht te zijn. Na eindelooze ondervragingen en onderbandelingen kon door  den beer de Jong de tegenwoordige eigenaar worden opgespoord en de „urn'' voor  bet Museum worden aangekocbt. Hier bleek, dat men niet met een urn maar met  een keteltrom te maken had, die bebalve door de min"
OV_1928,1928,depth_m,X.X M diep,0.68 M. diep,0.68,meter,tempel,True,False,desa Bandjardadap,tempel; beeldje gevonden,,desa Bandjardadap; desa Poegeran; district Kotagedeh; district Kotagedeh,115,"gelgk, dat de fundeeringen nog in den grond zitten.  Zoodra bet riet geoogst is, bopen we dit nog nader te onderzoeken. Te oordeelen  naar de grootte van bet voetstok, dat 0.90 M. in het vierkant en 0.89 M. hoog  is, moet het een vrg groote tempel geweest zgn. Het voetstuk is zeer eenvoudig.  Enkele vlakke lijsten en ingediepte paneelen maken de eenige versiering uit. Ook  de tuit is zeer sober gebouden. In het midden van het voetstuk is een vierkante  opening van 0.30 M. Deze opening is echter 0.68 M. diep en daaruit is met vrij  groote zekerbeid op te maken, dat het voetstuk voor een bnggam bestemd was.   In de desa Bandjardadap, district Kotagedeh, Gouvemement Djokja-  karta werd een staand, tweearmig beeldje gevonden. Het beeldje, waaraan de  voeten ontbreken, is 0.60 M.. hoog. De beid"
OV_1928,1928,discovered,brought to light,te voorschijn gekomen,,,,False,False,district Oeboed,,,district Oeboed,118,"ja zelf was op 1 Augustus een lijkverbranding, uit de wijk  Paketan, waarb^ alle cremonien, ngaben, ngrorasin en mepegat, op ^4n dag gevierd  werden. Dit ter vermijding der hooge kosten van een meerdaagsch feest.   Op 3 Augustus werd eveneens te Singaradja, in de wiJk Tegal, een moeng-  kah'Ceremonie meegemaakt. Moengkah is het opgraven der te verbranden beenderen  van reeds vroeger begraven lijken.   BiJ de Moengkah-ceremonie van 3 Augustus uit de wijk Tegal te Singaradja  waren geen beenderen te voorschijn gekomen. Men had zich toen beperkt tot het  glad-harken van de plaatsen, waarin de l^ken begraven waren.   Thans volgde (op 12 Aug.) het ngaben van dezelfde dooden, dat dus in  effigie (adegan) moest geschieden ; op denzelfden dag werd het ngrorasin gehouden.   Vervolgens werd een Iqkv"
OV_1928,1928,volcanic_arch_v_ijen,Volcanic+archaeological: Ijen,ijen,,,beeld  op,True,True,,beeld  op,ijen,,131,"te kans, dat een der bij Nanjio’s genoemde  vertalingen, met name No. 89, niet alleen a 1 1 e bezoeken van Sudhana afgebeeld  op den Hen hoofdmuur, maar ook de reliefreeksen op den Hlen en IVen muur  zou kunnen verklaren.     181    Zoo stonden de zaken toen prof. Sylvain Levi, tijdens de afwezigheid van  schrgver dezes met buitenlandsch verlof, Java bezocht en de wd. Chef van den  Oudheidkundigen Dienst, Dr. P. V. van Stein Callenfels, diens meening over de  interpretatie van de hoogste gaanderijen aan de hand van den Gandav 3 ’uha vroeg-   De Fransche geleerde deelde toen mede, dat hem bij de raadpleging en  onderlinge vergelgking van de hem bekende Sanskrit Gandavyuha-hss. en de  vertalingen van den tekst in het Chineesch en Tibetaansch nooit iets van het  bestaan van een uitvoeriger re"
OV_1928,1928,volcanic_arch_v_ijen,Volcanic+archaeological: Ijen,ijen,,,beeld brengen,True,True,,beeld brengen,ijen,,137,"den gebeelen Gandavyuba  volgens betzelfde principe is gebandeld. Slecbts die episoden en momen-  ten, waarin de boofdpersoon bandelend optreedt, persoonl^k  dingen beleeft of met eigen oogen aanscbouwt zijn voor uit,  beelding in aanmerking gekomen, met terzijdelating van nagenoeg alles  wat den inboud vormt van gesprekken, onderwijzingen, meditaties of wat verder  beboort tot bet domein van den geest.   We kunnen dit ook zoo formuleeren, dat de wgze van illustreeren, die op de  lagere gaanderijen op teksten als de Lalitavistara en de AvadSna- en Jstaka>cycli  was toegepast, ook op de boogere gaander^en b^ bet in beeld brengen van den  Gandavyuba in praktijk is gebracbt.   Voordat we de funeste gevolgen bespreken, die de toepassing van dit principe  op bet gebalte der voorstellingen noodz"
OV_1928,1928,volcanic_arch_v_ijen,Volcanic+archaeological: Ijen,ijen,,,heiligdom,True,True,,heiligdom,ijen,,140,"rstellingen dus  wel getemperd.   Door teleurstelling allereerst over het feit, dat bet de voor afbeelding  ongescbiktste aller teksten beeft moeten zijn, die is waardig gekeurd een zoo  belangrgk deel der wanden vein het Baraboedoer'heiligdom in beslag te nemen.   Door teleurstelling ook over de beperkingen, die den kunstenaars zoowel in  de keuze als in de verdeeling van de stof zijn opgelegd en die de oorzaak zijn  geworden, dat het geestelijk gehalte der voorstellingen aan de hoogere gaanderijen  een vergelgking met dat der lagere omgangen niet kan doorstaan.   Wat het gebalte der voorstellingen betreft, nemen de afbeeldingen van de  Bbadracarl die den IVen hoofdmuur vullen een afzonderlijke plants in.   Zoo mogelijk leende dit gedicht van 62 prakrit-strophen met zijn vrij duis-  teren"
OV_1928,1928,volcanic_arch_v_ijen,Volcanic+archaeological: Ijen,ijen,,,heiligdom,True,True,,heiligdom,ijen,,144,"n’s serie „Indica” verschenen) proefschrift te verkrijgen. Indien  ket reeds geruimen tijd geleden tot den auteur gerickte verzoek om toezending van een ex.  onverkoopt geen gevolg mockt kebben, zal tot fotograilsche reproductie van het ex. der Bibl.  Nationale worden overgegaan.     193    opgaan ^). Het doel van onzen verkenningstocht achten wi; bereikt, wanneer zal zijn  aangetoond, 1° dat het laatste gedeelte van den GandavyOha door de beeldhouwers  voor de verluchting van de hoogere gaanderijen van het heiligdom is gevolgd en 2 ° de  door hen gebruikte tekst, afgezien van enkele verschillen van geringe beteekenis, gelijk  was aan de ons bekende redactie van het werk.   Indien dit bewgs inderdaad is geleverd en hierdoor weer een slip van de den  Baraboedoer bedekkende sluier is opgelic"
OV_1928,1928,volcanic_arch_v_ijen,Volcanic+archaeological: Ijen,ijen,,,heiligdom,True,True,,heiligdom,ijen,,147,"aande bonding een anjali makend; achier hem z^n gevolg ook siaande ;  links zittende en staande vrouwen; in de lucht bloemen strooiende hemellingen-  — Dit relief vindt geen directen weerklank in den tekst, maar vormt zeer duidelgk  een vervolg op het voorafgaande : na den knieval brengt Sudhana een eerbiedigen  groet aan het heiligdom.   Op 128 troont Maitreya — kenbaar aan den stupa in den makuta — in een  torana op een lotuszetel. „Links en rechts — aldus Krom, o.c. p. 524 — zitten in  drie rijen boven elkaar de vereerders uitsluitend mannen ; daar er geen wolken  aangebracht zijn, behalve langs het dak van het gebouw, bl^kt niet in hoeverre er   hemelingen onder zqn Indien Sudhana op het relief is voorgesteld, kan hij   geen andere z^n dan de met de handen in sembah zittende voorste pe"
OV_1928,1928,volcanic_arch_tephra,Volcanic+archaeological: tephra/ash/tuff,aschap,,,Brahma,True,True,,Brahma,aschap,,154,"e tien  beilzame paden van bet karma; elders hoe bij als Lokapala aller werelden heil en  geluk voor de schepselen tezamenbracht; elders boe hi) als (god) Qakra liefde, deugd  en genoegen aan de schepselen verschafte; elders boe bg als (god) Brahma den  schepselen de verrukking van den staat der meditatie schilderde; elders boe bij als    Volgent B; A. hecft bier: tatbsgacvasenam sadbySritan (!).  *) Het subject ontbreekt.     203    (god) SuyamadevSdhipati den scliepselen de deugd van bet bhfltaschap schilderde;  eldere boe b^ als Santusitadevegvara, nog slecbts aan iin wedcrgeboorte gebonden,  den oorsprong van de deugden der bodbisatva's uiteenzette; elders boe b^ als  Sunirmittadevaraja in de vergadering der goden bet samenstel der figuren van alle  bodbisatva’s (sarvabodbisatvanirmana"
OV_1928,1928,volcanic_arch_v_tengger,Volcanic+archaeological: Tengger,Tengger,,,tempelcomplex,True,True,dessa Karangasem,tempelcomplex; tempelplein,Tengger,dessa Karangasem; dessa liggen de,185,"dessa Karangasem; daama voortgaande in Westelijke richting komt men  tenslotte na oversteking van de rivier den Metro in de kampong Badoet. Even ten  Zuid-W^esten van deze dessa liggen de ruXnes van het tempelcomplex. Van het  tempelplein, gelegen op den rug van een der vele terreinplooien aan den voet van  het Kawigebergte, heeft men een mooi uitzicht over het omliggende landschap. Aan de  West-Noord- en Oostzijde verheffen zich de toppen van de bekende Oost-Javaansche  bergen, Kawi, Ardjoena, Tengger en Semeroe.   Ofschoon de ru'fnes nog geen 10 KM. van de hoofdplaats Malang liggen,  was hun bestaan tot voor kort bij den Oudheidkundigen Dienst onbekend. Dit  moge eenigszins zonderling klinken, maar het is een feit, dat slechts enkele militairen  van 't garnizoen van het bestaan dezer ruf"
OV_1928,1928,exposed,exposed/uncovered,blootgelegd,,,ruine,True,False,,ruine; monumenten,,,187,"ij van de Oost-Javaanscbe monumenten inneemt ^). De vorm van den platten  grond en de groote stijlovereenkomst van de omamenteering met de Midden- Javaansche  kunstvoortbrengselen deden al dadel^k een vr^ boogen ouderdom vermoeden. Het  onderzoek beeft dit volkomen bevestigd zooals we bieronder zullen zien.   In Maart 1925 werd bet onderzoek aangevangen. Nadat eerst het bout  op den eigenlijken heuvel was gekapt, werd deze systematiscb afgegraven en de  ruine tot op bet oorspronkelijke maaiveld blootgelegd. Wat er aan bet licbtkwam,  doen de Platen 17 en 18 zien.   Veel was niet meer van bet bouwwerk over. Het soubassement was aan alle  kanten afgebrokkeld en ontzet; de Noorzijde voor een groot gedeelte weggebroken  en de trap tot een treurige puinboop vervallen. Van de portiek en den teer"
OV_1928,1928,excavated,excavated,uitgegraven ,,,tjandi Badoet na,True,False,,tjandi Badoet na; ontgraving; ontgraving,,,187,"puinboop vervallen. Van de portiek en den teerling  stond, bebalve enkele stukken op het Zuiden, geen steen meer overeind, terwijl  het teerling-basement voor een goed deel was verdwenen en het resteerende onge-  veer 0.60 M. in het soubasement was verzonken.   Met het inwendige was het al niet beter gesteld. Voorzoover de wanden  van de kamer en portiek nog overeind stonden^ helden ze sterk voorover en waren  ze geheel verzakt. De put in het midden van de kamer was tot i 3 M. onder den  vloer uitgegraven en bood geen hoopvol uitzicht voor een nader onderzoek. Het  bleek dan ook later, dat de put reeds eerder was uitgegraven.   Door dit alles bood tjandi Badoet na de ontgraving een desolate aanblik.  Tenge volge van een slecbte bouwconstructie en onder de sloopende hand van den  tijd was h"
OV_1928,1928,excavated,excavated,uitgegraven ,,,tempel,True,False,,tempel,,,197,"buitenwand was gevonden, werd de put toch voor alle zekerheid tot op een  diepte van i 2 M. onder bet oorspronkeipke maaiveld uitgegraven. Het resultant  was ecbter nibil, wat met bet oog op bet bovenstaande wel te verwacbten was  geweest. Eerst later boorden we van een ouden dessabewoner, dat ongeveer dertig  jaar geleden een Europeaan bij Badoet was geweest, die ook den put bad laten  uitgraven. Of bij ecbter meer succes dan wg beeft gebad, betw^felen we sterh. De put  moet reeds veel vroeger uitgegraven zijn en we gelooven wel, dat bg, die dit bet eerst  deed, met resultaat gewerkt beeft, want bet is zeer waarscb^nlgk, dat de steenen  urn, die nu aan de Oostzijde werd gevonden, uit den put afkomstig is. De um,  waarvan bet deksel verloren is gegaan, biedt niets bijzonders; bet is een ge"
OV_1928,1928,burial,buried/sunk in ground,in den grond gezakt,,,tempel,True,False,,tempel; tempel; tempeltje; tempeltje; ontgraving,,,198,"n vagen  indruk geven van den opbouw, zgn de terug gevonden vereeringsobjecten nit de  kamers, omdat deze ons gegevens verschaffen voor de stystematische opstelling van  de beelden in een Qiwaitisch beiligdom.   In ons rapport over het le kw. 1927, bebben we een en ander over dit onder.  werp medegedeeld, zoodat we bier slecbts den toestand zullen vermelden, zooals die  bij Badoet werd aangetroffen.   Bij bet eerste bezoek aan Badoet lag tegenover den ingang van den boofd-  tempel voor een deel in den grond gezakt, een nandi met afgebroken kop. Het dier  lag met den kop naar den hoofdtempel gericht. Later bij de ontgraving van bet  middelste bijtempeltje werd de kop vlak voor den romp van bet beest en ongeveer  75 cM. in den grond gezakt, teruggevonden.   Op het Zuidebjke tempeltje staat e"
OV_1928,1928,burial,buried/sunk in ground,in den grond gezakt,,,tempel,True,False,,tempel; tempel; tempeltje; tempeltje; tempeltje,,,198,"ver het le kw. 1927, bebben we een en ander over dit onder.  werp medegedeeld, zoodat we bier slecbts den toestand zullen vermelden, zooals die  bij Badoet werd aangetroffen.   Bij bet eerste bezoek aan Badoet lag tegenover den ingang van den boofd-  tempel voor een deel in den grond gezakt, een nandi met afgebroken kop. Het dier  lag met den kop naar den hoofdtempel gericht. Later bij de ontgraving van bet  middelste bijtempeltje werd de kop vlak voor den romp van bet beest en ongeveer  75 cM. in den grond gezakt, teruggevonden.   Op het Zuidebjke tempeltje staat een groote waringin, die met zijn wortels een  vrg groot voetstuk omklemd bield; de boom was als het ware in den loop der jaren  over het voetstuk been gegroeid. Tijdens bet uitkappen van het voetstuk werd eveneens  tusschen de w"
OV_1928,1928,volcanic_arch_v_ijen,Volcanic+archaeological: Ijen,ijen,,,inscriptie,True,True,,inscriptie; inscriptie; Inscriptie; brahma; Brahma,ijen,,213,"er nummer).   (gezamenlijk gelezen door Dr. Poerbatjaraka en ondergeteekende ; ik kon eerst geen  zin vormen uit deze inscriptie, hoewel de meeste letters vrij duidelgk zijn; Dr. P.  ontdekte, dat het Sanskrit is; daardoor konden de tot op dat moment nietszeggende  lettercombinaties tot behoorlijke woorden worden gegroepeerd). Het is het begin  van een verder onvoltooid gebleven inscriptie, luidende aldus:   swasti asid raja brdha ^rlh prathita prtu ya^a d. w. z. er was een koning, gelukkig  gedijend, wiens roem wijd verbreid was.   Inscriptie op een kleine Ungga in het Museum (D 117).   Rond den bovenrand staat:   om pratijna nihan parah kika hyang brahma  (kika zal wel een lapsus zijn voor kaki; tusschen pratijna en nihan staat een   woord dat door verweering vrijwel onleesbaar is, aldus"
OV_1928,1928,volcanic_arch_tephra,Volcanic+archaeological: tephra/ash/tuff,ASCH,,,tempelklok,True,True,,tempelklok,ASCH,,219,"angfiguur.   Op de keerzgde van het lemmer ziet men:  le een aapachtige figuur met een kroon, rijdend op een olifant (misschien Soegriwa?)-  2e een panakawan-achtige figuur. 5e een boom. een asceet (blijkens zijn haardracht)^  5e een open pendopo, waarboven twee in elkaar gedraaide takken schijnen uit te  steken. 6e een ster. 7e waarschijnlijk dezelfde figuur als de bovenste op de voorzijde  van het lemmer.      BIJLAGE L    AANWINSTEN VAN DE ARCHEOLOGISCHE   VERZAMELING   VAN HET   KON. BATAVIAASCH GENOOTSCHAP   DOOR   Dr. K. C. CRUCQ.    7. De bronsvondst te Seloemboeag.   Over het ontdekken van deze merkwaardige collectie zie O. V. 1928, derde  en vierde kwartaal biz. 98.   Behalve uit een fraaie bronzen raksasa met ketting, gediend bebbend als topstuk  van een tempelklok, twee gSntonga"
OV_1928,1928,volcanic_arch_v_ijen,Volcanic+archaeological: Ijen,ijen,,,Tjandi Badoet   ToLvld,True,True,,Tjandi Badoet   ToLvld; Tjandi Badoet   De,ijen,,223,"s zeer geschikt als afweermiddel tegen booze magie. Tenslotte  zal de kluizenaar, die mede door zijn zonderlinge handgreep in dubbelen zin ,,magisch  geladen” was, er ook het zijne toe bijgedragen hebben om het effect van het wijwater  te verhoogen, en gevaarlijke invloeden verre te houden.          Barahoedoer   ’^er.whijiilnq t>nn een ijllt>ehoof() in <)en lolii.i^'ljcfr.  '•i/.irheiiken fnii hcl men,(chelijk- liihiiain ar,n )'<7l        PI. /■/.     Rel. II’ li hS. Rc hei’rijdin^ luin ija’aiiijenen ml Oe (ja'an^enid.  Rcl. IP’ B 21. De i’crloMing luin .iltiiwn ml de jltwernij.        (/. Ri’l. Jl"" B il. Ontmoelinq i’an Sif(?/.wui en /Jlmjiifn.   Rcl ir Ji ,S'2. Plechli.jc hanchplftjgini] luin Samanlahha<)i a voUrokken aan Stii^hnna.       IH. 16 .     Tjandi Badoet   ToLvld/id in 1926 v"
OV_1928,1928,volcanic_arch_tephra,Volcanic+archaeological: tephra/ash/tuff,asch,,,Tjandi Badoet,True,True,,Tjandi Badoet; tempel,asch,,224,"dig Veralag over bet derde en vierde kwartaal 1929 129   Bijlage F. Lijat der fotografische opnamen in bet derde en vierde   kwartaal 1929 168   ,, G. De beteekenis der reliefs van de derde en vierde gaanderij   van Baraboedeer, door Dr. F. D. K. Bosch 179   ,, H. Tjandi Badoet, door B. de Haan 245   „ I. Epigrapbiscbe aanteekeningen, door Dr. K. C. Crucq ... 258   ,, K. Oudbeden in pariicuiter bexit, door Or. K. C. Cmcq ... 284   L. Aanwinsten van de Archeologische verzameling van bet   Bataviaasch Genootacbap, door Dr. K. C. Crucq 286      LUST DER PLATEN    Plaat 1. Tjaiidi Prambanan. a. ^iwa-tempel. Uitwendige hoek met wajra-fries.      (Foto O. D. 9756).   b.   id.   Kroonlijst, normaal veld no. 17 met  wajra-fries. (Foto O. D. 9757).   c.   id.   Kroonlijst, normaal veld no. 19 met  "
OV_1929,1929,volcanic_arch_tephra,Volcanic+archaeological: tephra/ash/tuff,asch,,,Tjandi Sadjiwan 221,True,True,,Tjandi Sadjiwan 221; Tjandi Mendoet 223; tempel; beeld der; Bronzen beeld,asch,,1,"chadigingen aan de reliefs van  Boroboedoer^ Met 1 bijlage 120     C. Verslag van een reis door Sumatra door Dr. F. D. K. Bosch 133   D. De bronzen in ’s Rijks Ethnographisch Museum te Leiden door Dr. A. C. Tobi .... 158   E. De Rijkssieraden van Pagar roejoeng door Dr. F. D. K, Bosch 202   F. Oudheidkundige Aanteekeningen I door Dr. K. C. Crucq. •   Beelden te Solo 217   Verbeteringen in den Catalogut der Archeologische Verzameling te Batavia 218   Elen portretbeeld der Rajapatni in het Bataviaasch Museum? 219   Een dierfabel op de reliefs van de badplaats te Panataran 221   Jataka'reliefs op Tjandi Sadjiwan 221   Dierfabels op het basement van Tjandi Mendoet 223   Reliefs in het Museum te Batavia 223   Een relief uit de poera Taman Sari te Pedjeng 224   De gouden schelp in de schatkamer "
OV_1929,1929,volcanic_arch_tephra,Volcanic+archaeological: tephra/ash/tuff,asche,,,Tjandi Sadjiwan 221,True,True,,Tjandi Sadjiwan 221; Tjandi Mendoet 223; tempel; beeld der; Bronzen beeld,asche,,1,ekeningen I door Dr. K. C. Crucq. •   Beelden te Solo 217   Verbeteringen in den Catalogut der Archeologische Verzameling te Batavia 218   Elen portretbeeld der Rajapatni in het Bataviaasch Museum? 219   Een dierfabel op de reliefs van de badplaats te Panataran 221   Jataka'reliefs op Tjandi Sadjiwan 221   Dierfabels op het basement van Tjandi Mendoet 223   Reliefs in het Museum te Batavia 223   Een relief uit de poera Taman Sari te Pedjeng 224   De gouden schelp in de schatkamer van het Bataviaasche Museum 225   Aanteekeningen bij eenige reliefs van Barabudur voorstellende awadana’s en jataka’s 225   De Hindoebeelden in den Chineeschen tempel Sentiong 229   Bronzen beeldj’es in de collectie Sawabe te Dj'okj'akarta 232   Eenige opmerkingen over de beteekenis van het woord palapa 233   G. E
OV_1929,1929,exposed,exposed/uncovered,blootgelegd,,,baksteenen,True,False,desa Panggoeng,baksteenen,,desa Panggoeng,2,"vlechtwerk.   „ 22. Id. a. Het inwendige van de pasarean. b. Zgaanzicht van het graf   van Ratoe Kalinjamat.     PI. 23. Mantingen. a. Vooraanzicht van het graf van Ratoe Kalinjamat. b en c.   Voor- en zijaanzicht van een kindergraf. d, Makara-spuier  gevonden in den grond links van den poortingang naar de  pasarean.   „ 24. Onderzoek Oudheidk. Ver. Majapahit.   a. Het uitgraven van baksteenen door de bevolking in kam-  pong Kemasan. b. Aangebrachte en uitgegraven voorwerpen.  c. Muurrestanten blootgelegd in desa Panggoeng.   „ 25. Id. Muurrestanten blootgelegd bij het onderzoek te Panggoeng.   „ 26. a. Bronzen priesterschel in het bezit van den heer Nix te   Bandoeng, b, c en <?. Bronzen doos in het bezit van den heer  E. W. van Orsoy de Flines te Oengaran.   „ 27. Musicologisch onderzoek"
OV_1929,1929,exposed,exposed/uncovered,blootgelegd,,,baksteenen,True,False,desa Panggoeng,baksteenen,,desa Panggoeng,3,". b. Zgaanzicht van het graf   van Ratoe Kalinjamat.     PI. 23. Mantingen. a. Vooraanzicht van het graf van Ratoe Kalinjamat. b en c.   Voor- en zijaanzicht van een kindergraf. d, Makara-spuier  gevonden in den grond links van den poortingang naar de  pasarean.   „ 24. Onderzoek Oudheidk. Ver. Majapahit.   a. Het uitgraven van baksteenen door de bevolking in kam-  pong Kemasan. b. Aangebrachte en uitgegraven voorwerpen.  c. Muurrestanten blootgelegd in desa Panggoeng.   „ 25. Id. Muurrestanten blootgelegd bij het onderzoek te Panggoeng.   „ 26. a. Bronzen priesterschel in het bezit van den heer Nix te   Bandoeng, b, c en <?. Bronzen doos in het bezit van den heer  E. W. van Orsoy de Flines te Oengaran.   „ 27. Musicologisch onderzoek op Nias.   a. Maloeaja (reidans) te Lahoesa. b. Phonogr"
OV_1929,1929,volcanic_arch_eruption,Volcanic+archaeological: eruption,uitbarsting,,,tjandi Soembernanas ter,True,True,,tjandi Soembernanas ter; monumenten; ontgraving; ontgraving,uitbarsting,,5,", B.K.I. 74, p. 151.*) O.V. ill 1918, p. 98.    4    OUDHEIDKUNDIG VERSLAG 1930    de ontgraving en dea wederopbouw van de badplaats aan den grooten weg naar  Panataran, beproeven l ), bij de uitvoering van welke taak zich reeds dadelijk de  eigenschappen, die hem tot zulk een uitnemend verzorger van monumenten hebben  gemaakt — scherpzinnigheid, pijnlijke nauwgezetheid en fijn ontwikkeld esthetisch  gevoel — , openbaarden.   De werkzaamheden te Panataran waren nog niet Iang beSindigd, toen de  uitbarsting van de Gg. Kloet plaats had (19 — 20 Mei 1919) en in het werkpro-  gramma voor Oost-Java wijziging bracht. De voorgenomen herstellingen van bouw-  werken werden voorloopig opgeschort en de ontgraving van de door de lahar-stroom  blootgewoelde overblijfselen van de tjandi Soembernanas ter"
OV_1929,1929,volcanic_arch_lahar,Volcanic+archaeological: lahar/mudflow,lahar,,,tjandi Soembernanas ter,True,True,,tjandi Soembernanas ter; tjandi Sawentar; monumenten; monumentje; ontgraving,lahar,,6,"s dadelijk de  eigenschappen, die hem tot zulk een uitnemend verzorger van monumenten hebben  gemaakt — scherpzinnigheid, pijnlijke nauwgezetheid en fijn ontwikkeld esthetisch  gevoel — , openbaarden.   De werkzaamheden te Panataran waren nog niet Iang beSindigd, toen de  uitbarsting van de Gg. Kloet plaats had (19 — 20 Mei 1919) en in het werkpro-  gramma voor Oost-Java wijziging bracht. De voorgenomen herstellingen van bouw-  werken werden voorloopig opgeschort en de ontgraving van de door de lahar-stroom  blootgewoelde overblijfselen van de tjandi Soembernanas ter hand genomen *).  Van de in bouwkundig opzicht niet onbeduidende resultaten van dezen arbeid gaf  de executant een heldere en nauwkeurige uiteenzetting in het Oudheidkundige  Verslag 3 ).   Er volgde nu een reeks van voorloopi"
OV_1929,1929,volcanic_arch_v_kelud,Volcanic+archaeological: Kelud,Kloet,,,tjandi Papoh x,True,True,,tjandi Papoh x; tjandi Sanggrahan 2; tjandi Soemberdjati voortgezet; tjandi Kidal 8; monumenten,Kloet,,6,"OUDHEIDKUNDIG VERSLAG 1930    5    jaar nam hij de kleine tjandi Papoh x ) onder handen, trof hij de noodige voorzieningen  aan de tjandi Sanggrahan 2 ), werd de behandeling van tjandi Soemberdjati voortgezet  en beSindigd 8 ) en de badplaats Belahan 4 ) met de daarbij gelegen monumenten  h erst eld. In November volgde zijn overplaatsing naar Kediri en opende zich weer  een nieuw terrein voor zijn werkzaamheid in de herstelling van de tjandi’ s Soerawana *),  Tegawangi 6 ) en Gambar *) (op den Kloet).   Na terugkomst van een welverdiend buitenlandsch verlof — Mei 1924 — Jan.  1925 — werd De Haan Malang als standplaats aangewezen. Hoewel zijne aanvan-  kelijk afwijzende houding tegenover de Oost-Javaansche architectuur in den loop  der jaren had plaats gemaakt voor een groote vertrouwdheid "
OV_1929,1929,excavated,excavated,opgegraven ,,,tjandi Kidal 8,True,False,desa Dinaja had,tjandi Kidal 8; tjandi Badoet,,desa Dinaja had,7,"n groote vertrouwdheid met haar uitingen en deze  weer geleidelijk was overgegaan in een gevoel van warme bewondering — getuige wel  de beschrijving van zijn hand van de tjandi Kidal 8 ) — was het hem toch onge-  twijfeld een groote vreugde belast te worden met het onderzoek van de overblijfselen van  de weliswaar op Oost-Java aangetroffen, maar toch in stijl zuiver Midden- Javaan-  sche tjandi Badoet. Het terreinonderzoek stelde zijn hooggespannen verwachtingen  niet te leur. Met behulp van de opgegraven fragmenten slaagde hij erin den romp  van het bouwwerk in den oorspronkelijken toestand te herstellen en van de niet voor  wederopbouw in aanmerking komende bekroning een zeer acceptabele reconstructie-  teekening te ontwerpen 9 ).   Nog voordat De Haan het voorgenomen onderzoek van de ba"
OV_1929,1929,volcanic_arch_lava,Volcanic+archaeological: lava,lava,,,tempelplein,True,True,,tempelplein; monumenten; monumenten,lava,,10,"ederopbouw in vollen gang en wanneer deze zal  zijn beSindigd en de beide monumenten als rijzige wachters aan weerszijden van  het tempelplein zullen zijn geplaatst, zal hiermede een indrukwekkende, posthume  hulde aan den herschepper van deze schoonheid zijn gebracht.    x ) 0. V. 192 7 I/II p . 13; III/IV p. 91. *) 0. V. 1926 III/IV p, 134, 136; 192/ l/II  p. 12, III/IV 91, 93; 1928 I/n p. 10; Een byUmpel van Ijandi Sewoe, Feetlbundel K. B. G. 1929  p. 207. *) Zie 0. V. 1927— ’30 onder Midden-lava. *) 0. V. 1929 p. 130.      8    OUDHEIDKUNDIG VERSLAG 1930    Op de laatste groote reis die De Haan met steller dezes ondernam, den  tocht door Sumatra, waarop de voomaamste oudheden werden bezocht en maat-  regelen voor hun behoud voorbereid, openbaarde zich de sluimerende kwaal, die  hem ten"
OV_1929,1929,volcanic_arch_v_ijen,Volcanic+archaeological: Ijen,ijen,,,Tjandi Pringapoes,True,True,,Tjandi Pringapoes; tjandi Pringapoes; Tjandi K a,ijen,,24,"hangt af van enkele factoren, waarover eerst later een definitieve beslissing  genomen kan worden.   Voor verdere bijzonderheden, zie men het rapport van den bouwkundigen  opzichter.   Tjandi Pringapoes. In de tweede helft van Maart werd een aanvang  gemaakt met de reeds vroeger in uitzicht gestelde restauratie van tjandi Pringapoes.  Uit den aard der zaak droegen de werkzaamheden tot dusver een voorbereidend  karakter.   Baraboedoer. De herstelling van de vloeren in de verschillende gaan-  derijen kwam gereed. Evenals vorige jaren heeft de heer Neijs zijn gewaardeerde  medewerking bij de werkzaamheden verleend door het dagelijksch toezicht te houden.  Met loffelijke nauwgezetheid heeft hij zich van de vrijwillig op zich genomen plicht  gekweten.   Tjandi K a 1 a s a n. Nu bij Kalasan de o"
OV_1929,1929,subsidence,sunk/subsided,verzakt ,,,,False,False,,,,,24,"wat zich in  hoofdzaak bepaalde tot het gewelf boven de Zuidelijke cella, werden door nieuwe  vervangen. Laag voor laag werd volgegoten met cementspecie en voor versterking  van de noodige ankers voorzien.   Bij het stellen van de gewelven bleek nog dat het gewelf boven de  Noordelijke cella vanaf de geboorte tot aan de sluitlaag een hoogte heeft van 13  steenlagen, terwijl de beide andere gewelven een hoogte hebben van 12 steenlagen.   Vloeren. In de Noord- en Zuidcella werden de vloeren, die verzakt waren,  opgebroken en opnieuw gelegd. In de middencella, waar de geheele vloer er vroeger  jaren uitgebroken is, werd een nieuwe vloer aangebracht.   W erkzaamheden op het terrein. In het verslag over het tweede  kwartaal 1929 werd reeds vermeld dat in den Noord-Westhoek van het terrein nog e"
OV_1929,1929,volcanic_arch_v_ijen,Volcanic+archaeological: Ijen,ijen,,,Tjandi Sari,True,True,,Tjandi Sari,ijen,,25,"et volgend kwartaal te snijden.   Geregeld werd ook in dit kwartaa^ voortgegaan met het bijhakken van nieuw  aangebrachte steenen.   Tjandi Sari. (Tweede kwartaal). D a g o b s. Op foto no. 9734 is te zien  dat de dagob op den Noord-Westhoek nog voor een groot gedeelte compleet is.  Getracht werd nu met het afgekomen materiaal van de dagobs deze te completeeren.  Dit gelukte zoover dat met zekerheid de juiste vorm kon worden vastgesteld. Door  den Bouwk. Inspecteur werd nu besloten van de drie rijen van drie dagobs, vier  geheel te restaureeren, van de overige vijf, vier gedeeltelijk en een, de middelste     24    OUDHEIDKUNDIG VERSLAG 1930    boven de middencella, nict. Van deze laatste is wel het grondvlak aanwezig en is  dit in vorm en afmetingen ook gelijk aan de overigen, dock is ket "
OV_1929,1929,depth_m,X.X M diep,2.50 M. diep,2.5,meter,tjandi heeft een,True,False,,tjandi heeft een; tempelput; Yoni,,,29,"op het terrein opgesteld. Van de steenen zijn in den  loop der eeuwen nogal veel stukken afgesprongen; daar echter deze stukken grooten-  deels bewaard zijn kunnen zij vaak nog gehecht worden, zoodat dan het ornament  weder in zijn oorspronkelijken toestand wordt teruggebracht.   Hiema volgde het soubasement. In de cella bevond zich een Yoni welke  geleidelijk met de lagen is gezakt, daar het stuk te zwaar was om het er uit te lichten.  De tjandi heeft een tempelput van 1.90 bij 1.90 M. en is i 2.50 M. diep. Hierin  werden, behalve wat ingevallen steenen, twee urnen gevonden, een op 0.50 M. en de  andere op 1.00 M. diepte. Zij bleken bij onderzoek ledig te zijn; het deksel der  eerste is nog geheel gaaf en werd iets verder dan de urn gevonden, terwijl van  het deksel der tweede nog slechts"
OV_1929,1929,depth_m,X.X M diep,1.00 M. diep,1.0,meter,tjandi heeft een,True,False,,tjandi heeft een; tempelput; Yoni,,,29,"deze stukken grooten-  deels bewaard zijn kunnen zij vaak nog gehecht worden, zoodat dan het ornament  weder in zijn oorspronkelijken toestand wordt teruggebracht.   Hiema volgde het soubasement. In de cella bevond zich een Yoni welke  geleidelijk met de lagen is gezakt, daar het stuk te zwaar was om het er uit te lichten.  De tjandi heeft een tempelput van 1.90 bij 1.90 M. en is i 2.50 M. diep. Hierin  werden, behalve wat ingevallen steenen, twee urnen gevonden, een op 0.50 M. en de  andere op 1.00 M. diepte. Zij bleken bij onderzoek ledig te zijn; het deksel der  eerste is nog geheel gaaf en werd iets verder dan de urn gevonden, terwijl van  het deksel der tweede nog slechts enkele stukken over waren. De fundeering zit  op rb 1-30 M. beneden maaiveld en was nog vrijwel gaaf, zoodat zij n"
OV_1929,1929,exposed,exposed/uncovered,bloot gelegd,,,tempels,True,False,,tempels; monumenten; ontgraving; ontgravingswerkzaaxnheden,,,31,"ost-Java.   De voornaamste tempels werden door den opzichter nagezien en schoongemaakt.  In het eerste kwartaal werden de volgende monumenten door den bouwk. Inspecteur  bezocht Soerawana, Tegawangi, Soemberdjati, Sawentar, Kalitjilik, Panataran,  Badoet, Toempang, Singosari, Wr. Lawang, Bandjang Ratoe en Tikoes. Omtrent  deze oudheden valt niets bijzonders te rapporteeren. Tevens werden de ontgraving  van de Vereeniging „Madjapahit” te Trawoelan bezocht. In de laatste weken was een  zware muur bloot gelegd, die over ruim een 1 j 2 K,M. is te volgen. Over deze lengte  maakt hij slechts e£n keer een hoek. De muur is i 2.25 M. dik. Ofschoon elke  conclusie voorbarig zou zijn, vermoeden we toch, dat hier een belangrijke ringmuur  van de oude stad is teruggevonden.   Oudheidkundige Vereeniging"
OV_1929,1929,depth_m,X M onder den grond,"0.75 M. onder het 
maaiveld",0.75,meter,ontgravingen,True,False,,ontgravingen,,,35,"het ook globaal, overzicht van een geheel  stadsdeel, door ontgravingen geverifieerd, geproduceerd zal kunnen worden.   Voorts is nog gezocht naar den verderen loop van het nog behouden gebleven  stuk stadsmuur bij Panggoeng. Een sleuf Noordelijk daarvan bracht het gewenschte  resultaat. Het is de Westelijke stadsmuur, die na een poort gepasseerd te zijn, in  den waren hoek Panggoeng met den Zuidelijken stadsmuur samentreft. Hier staat de  muur op zand en bevindt zich de fundeeringsaanleg op dz 0.75 M. onder het  maaiveld. Hier werd tot een diepte van dz 5 M. doorgegraven om te zien op welke  diepte eigenlijk de maagdelijke grond wordt aangetroffen. Maar uit deze groote  diepte kwamen nog voorwerpen te voorschijn (de bekerachtige potten met deksels,  in den voorgrond van foto no. 1006 te z"
OV_1929,1929,volcanic_arch_lahar,Volcanic+archaeological: lahar/mudflow,lahars,,,ontgravingen,True,True,,ontgravingen,lahars,,35,"nlijk de maagdelijke grond wordt aangetroffen. Maar uit deze groote  diepte kwamen nog voorwerpen te voorschijn (de bekerachtige potten met deksels,  in den voorgrond van foto no. 1006 te zien).   Volgens de Pararaton houdt de aanleg van Madjapahit rechtstreeks verband  met de ontginning van de woeste gronden door de lieden van Trik. Kan het zijn,  dat een reeds vroeger door Ir. Maclaine Pont geopperde veronderstelling waarheid  bevat, en dat men hier moet spreken van een herontginning van door lahars (uit  het Zuid-Oosten) en andere bodemwerkingen verwoeste gronden?   Van alle ontgravingen werden teekeningen en foto’s gemaakt. De detail-  opnamen en de gegevens voor een meer gedetailleerde raming van kosten ten  behoeve van een restauratieplan zijn begin September gereed gekomen.   De onz"
OV_1929,1929,volcanic_arch_tephra,Volcanic+archaeological: tephra/ash/tuff,asch,,,gouden  voorwerp,True,True,,gouden  voorwerp,asch,,37,"de cijfers enz.   De gouvernementscollectie te Modjokerto, ondergebracht in de loodsen te  Trawoelan, vermeerderde in het afgeloopen jaar met ettelijke duizende nummers,  voornamelijk terracotta’s (zie hiervoor p. 30). Tot de aanwinsten behoort ook een  vier-tal bronzen platen van 1227 9aka, deel uitmakend van een onvolledige oorkonde  uitgevaardigd door 9rl maharaja Nararyya Sanggramawijaya rajasawang9a.   De volgende voorwerpen worden opgenomen in de archeologische Verzameling  van het Bataviaasch Museum:   Een bewerkte gouden ronde plaat, tegelijk met dr J e en twintig andere gouden  voorwerpen, gevonden te Karangan (Trenggalek, Blitar); deze laatste voorwerpen,  armbanden, oorsieraden e.d. van het bekende type zijn teruggezonden.   Een gouden zegelring, met het Oud-Javaansche lettertee"
OV_1929,1929,excavated,excavated,opgegraven ,,,beeldje van dezelfde,True,False,,beeldje van dezelfde; beeldje is; bronzen beeld; bronzen voorwerp,,,38,"figuren, nl. een  slang, een vogelkop, een hagedis, en een menschenhoofd.   De heer E. van Orsoy de Flines te Oengaran zond bericht, dat hij in  het bezit kwam van een bronzen beeldje van dezelfde soort als de vroeger in  het Loemadjangsche gevonden ruiterbeeldjes; van dit beeldje is slechts het paard     OUDHEIDKUNDIG VERSLAG 1930    37    over, de ruiter onbreekt. Dezelfde beer zond ons foto’s van een oud-Javaansch  bronzen voorwerp, dat jaren geleden op de Z. W. -helling van de Moeriah  werd opgegraven en onlangs door hem werd aangekocht (PI. 26 b — d). Het is een  doos, lang 42, breed 13 en hoog 14.5 c.M., waarvan de vorm herinnert aan de  nu nog in de Vorstenlanden gebruikte tjepoeri — een gouden, ovale schaal, meestal  zonder deksel — en in de verte ook doefc denken aan de oepatjara "
OV_1929,1929,volcanic_arch_tephra,Volcanic+archaeological: tephra/ash/tuff,asche,,,Monuments,True,True,district P,Monuments,asche,district P,50,"eus; hoogte ± 55 cM.   Derde kwarlaal. In dit kwartaal reisde ik behalve voor het gewone lontar-  werk ook enkele malen ter begeleiding van gasten. In de eerste plaats ontving  rapporteur opdracht den heer Marchal, Conservateur des Monuments d’Angkor  van den Oudheidkundigen Dienst in Indochine rond te leiden. Later werd hem namens  den Resident verzocht de leden van den Volksraad te vergezellen gedurende hun  tournee, daarna den Directeur van Binnenlandsch Bestuur bij diens bezoek aan  de Gianjasche oudheden.   De reis van 8—12 Juli voor het lontar-onderzoek werd tevens dienstbaar  gemaakt aan besprekingen met verschillende poenggawa’s over de toempang-questie; er  had zich nl. een geval voorgedaan in het district P 8 n 8 b e 1 (onderafd. Tabanan), waarbij  men meer toempangs (verdiepinge"
OV_1929,1929,volcanic_arch_v_ijen,Volcanic+archaeological: Ijen,idjen,,,tempel van Gadji,True,True,,tempel van Gadji; tempels; tempel; tempel; steenen beeld,idjen,,52,"karton, waarop goudpapier (prasban) geplakt was.  Tevens bezichtigde ik den tempel van Gadji, in de onmiddelbjke nabijheid; dit is  een geheel uit gewapend beton opgetrokken poera; buitengewoon grof zijn beelden,  muurornamenten, poortgebouwen gegoten. Er wordt zelfs entree geheven (tot nog  toe een groote uitzondering bij Babsche tempels; voor zoover mij bekend, slecbts  bij bet Heilige Bosch van Sang&h (p. boekit sari); bij den tempel Giri Koesoema  te Blahkioeh, in de p. panataran sasih te Pidjeng, terwijl de verpbchte fooi aan      OUDHEIDKUNDIG VERSLAG 1930    49    den pamangkoe van de poera Satria te Denpasar ook wel als entree te beschouwen  is). Vele Baliers vinden dezen tempel erg fraai, zooals zij ook gepolychromeerde  steenen beelden en muuromament verkiezen boven natuurlijke k"
OV_1929,1929,excavated,excavated,opgegraven ,,,,False,False,afdeeling T,,,afdeeling T; district Lorok,53,"ostmoesson werd voortgegaan met het onderzoek naar neoli-  tische ateliers in bet Zuidergebergte van P a t j i t a n. De inventarisatie der districten  Poenoeng en Patjitan kwam gereed. Het invallen van den Westmoesson deed bet werk  beSindigen, dat in 1931 in het district Lorok zal moeten worden voortgezet.   Van den A. R. der Oostkust van Atjeh ontving de O. D. bericht van de  ontdekking van drie nog ongerepte schelpenheuvels in de onderafdeeling T a m i a n g.   Een collectie steenen bijlen, opgegraven in een kanaal in het Krawang-  sche, is zonder licentie naar Nederland uitgevoerd; maatregelen zijn genomen teneinde  terugzending van deze collectie te verkrijgen.   Bij het aanleggen van een weg bij P e t a n g (Badoeng, Bali) zijn vier steenen  sarcofagen ontdekt, die door de wegwerker"
OV_1929,1929,volcanic_arch_v_ijen,Volcanic+archaeological: Ijen,ijen,,,steenen met,True,True,,steenen met,ijen,,58,"en of     OUDHEIDKUNDIG VERSLAG 1930    55    Balischen trant; daarachter de vijver met rotspartijen en allerlei waterplanten; in  het midden de bale kambang, een vierkant torentje met waterspuwende makara's  op de hoeken, dragend een bale van eigenaardige constructie (PI. 16a). We wijzen  eindelijk nog op een tweetal voorstellingen waarop niet de lotus, maar een land-  schap is uitgebeeld. De stoffeering wordt bier gevormd door een zestal op stereotiep  Oost-Javaansche wijze aangegeven rotspartijen, waarvan er een op den achtergrond,  de andere in grootte overtreft en zijn top boog in wolkendecors verheft; daarop  en er tusscben in groeien in webgen overvloed planten — bamboes, palmen, pisang-  struiken enz . . — ■; in bet midden weer een sterk verlijnde dierfiguur, een zittend  leeuwtje,"
OV_1929,1929,volcanic_arch_lava,Volcanic+archaeological: lava,Lavanha,,,ruinen,True,True,,ruinen,Lavanha,,59,"r), en (zooveel) is  als de Keizer van deze (genoemde), en van andere verderop (te noemen)). Toeban,  Brondong, (Ka-) Djoewana, Djapara, (welker hoofdstad geheeten is Kalinjamat,  drie mijlen te lande inwaarts, en de stad Djapara (-zelve) ligt aan den oever van  ’t water). DSmak enz.”   Verder lezen wij nog bij Rouffaer (1. c. p. 270):   ..Djapara, Kalinjamat en Dfimak werden reeds door prof. Veth terecht  thuis gebracht. De belangrijke toevoeging omtrent „Cerinham£” . — of „Cherinhami”  zooals Lavanha spelt — dat deze hoofdstad in het zeerijkje Djapara drie mijlen („tres  legoas’’), d. i. dus 3 X 6350 M. (mijlen, van 17% op 1 graad), of ongeveer 1 2% paal  naar binnen toe was gelegen, doet het met voile zekerheid herkennen; immers de  heusche afstand der ruinen van „het historisch merkwaa"
OV_1929,1929,volcanic_arch_tephra,Volcanic+archaeological: tephra/ash/tuff,asche,,,ruinen,True,True,,ruinen,asche,,59,"ra, Kalinjamat en Dfimak werden reeds door prof. Veth terecht  thuis gebracht. De belangrijke toevoeging omtrent „Cerinham£” . — of „Cherinhami”  zooals Lavanha spelt — dat deze hoofdstad in het zeerijkje Djapara drie mijlen („tres  legoas’’), d. i. dus 3 X 6350 M. (mijlen, van 17% op 1 graad), of ongeveer 1 2% paal  naar binnen toe was gelegen, doet het met voile zekerheid herkennen; immers de  heusche afstand der ruinen van „het historisch merkwaardige Kali Njamat, eenmaal  de zetel der Djaparasche vorsten” (Veth III, 1882, p. 762) tot Djapara bedraagt  12 3 / 4 paal! (Noot van Rouffaer: volgens den afstandswijzer der res. Djapara (Ind.  Stbl. 1872, no. 101) ligt post Krasak van Djapara 10% paal, en volgens de  residentiekaart ligt Kalinjamat op ongeveer 2 paal Zuid van Krasak, ten W, va"
OV_1929,1929,volcanic_arch_tephra,Volcanic+archaeological: tephra/ash/tuff,asche,,,monument,True,True,,monument,asche,,64,"streeks 1711 door Gouverneur Adriaan van der Stel werd aan-  gelegd en zich in verregaand verwaarloosden toestand bevindt. Op eigen initiatief  werd door den Gouverneur reeds begonnen met het openleggen der waterwerken,  dat tot verrassende resultaten heeft geleid 1 ). Met niet al te veel kosten, stroomend  water is reeds aanwezig, zou dit historische park met zijn mooie boomgroepen, dat  aansluit bij het Rumphius-natuurmonument, een sieraad van de stad kunnen worden.   Wat de Vereeniging ..Bandasche Belangen” betreft, opgericht op 14 November  1927, werd op verzoek van verslaggever een bestuursvergadering belegd en de  toestand der Bandasche oudheden en de restauratie van het fort Belgica besproken  in verband met het bedrag / 50.000.— haar toegewezen door de Ind. Regeering  uit te houden"
OV_1929,1929,volcanic_arch_tephra,Volcanic+archaeological: tephra/ash/tuff,asche,,,monument,True,True,,monument,asche,,64,"erd door den Gouverneur reeds begonnen met het openleggen der waterwerken,  dat tot verrassende resultaten heeft geleid 1 ). Met niet al te veel kosten, stroomend  water is reeds aanwezig, zou dit historische park met zijn mooie boomgroepen, dat  aansluit bij het Rumphius-natuurmonument, een sieraad van de stad kunnen worden.   Wat de Vereeniging ..Bandasche Belangen” betreft, opgericht op 14 November  1927, werd op verzoek van verslaggever een bestuursvergadering belegd en de  toestand der Bandasche oudheden en de restauratie van het fort Belgica besproken  in verband met het bedrag / 50.000.— haar toegewezen door de Ind. Regeering  uit te houden loterijen. Van dit bedrag zou een som van / 20.000. — worden.  besteed tot herstel en restauratie van de Bandasche oudheden. Van het resteerende"
OV_1929,1929,volcanic_arch_v_ijen,Volcanic+archaeological: Ijen,ijen,,,monument,True,True,,monument,ijen,,65,"d  water is reeds aanwezig, zou dit historische park met zijn mooie boomgroepen, dat  aansluit bij het Rumphius-natuurmonument, een sieraad van de stad kunnen worden.   Wat de Vereeniging ..Bandasche Belangen” betreft, opgericht op 14 November  1927, werd op verzoek van verslaggever een bestuursvergadering belegd en de  toestand der Bandasche oudheden en de restauratie van het fort Belgica besproken  in verband met het bedrag / 50.000.— haar toegewezen door de Ind. Regeering  uit te houden loterijen. Van dit bedrag zou een som van / 20.000. — worden.  besteed tot herstel en restauratie van de Bandasche oudheden. Van het resteerende  ad f 30.000. — moet een fonds worden gevormd, waarvan de rente onveranderlijk  zal streken tot onderhoud en restauratie der Oudheden te Neira 2 ). Besloten wer"
OV_1929,1929,volcanic_arch_tephra,Volcanic+archaeological: tephra/ash/tuff,asche,,,monument,True,True,,monument,asche,,65,"umphius-natuurmonument, een sieraad van de stad kunnen worden.   Wat de Vereeniging ..Bandasche Belangen” betreft, opgericht op 14 November  1927, werd op verzoek van verslaggever een bestuursvergadering belegd en de  toestand der Bandasche oudheden en de restauratie van het fort Belgica besproken  in verband met het bedrag / 50.000.— haar toegewezen door de Ind. Regeering  uit te houden loterijen. Van dit bedrag zou een som van / 20.000. — worden.  besteed tot herstel en restauratie van de Bandasche oudheden. Van het resteerende  ad f 30.000. — moet een fonds worden gevormd, waarvan de rente onveranderlijk  zal streken tot onderhoud en restauratie der Oudheden te Neira 2 ). Besloten werd   1) Sindsdien werden nog opgegraven brokstukken van tuinornamenten o.a. een leeuwenkop.  De groote wa"
OV_1929,1929,excavated,excavated,opgegraven ,,,,False,True,,,asche; asche; ijen,,65,"nd der Bandasche oudheden en de restauratie van het fort Belgica besproken  in verband met het bedrag / 50.000.— haar toegewezen door de Ind. Regeering  uit te houden loterijen. Van dit bedrag zou een som van / 20.000. — worden.  besteed tot herstel en restauratie van de Bandasche oudheden. Van het resteerende  ad f 30.000. — moet een fonds worden gevormd, waarvan de rente onveranderlijk  zal streken tot onderhoud en restauratie der Oudheden te Neira 2 ). Besloten werd   1) Sindsdien werden nog opgegraven brokstukken van tuinornamenten o.a. een leeuwenkop.  De groote waterpartij acbter de Gouverneurswoning is thans gebeel opengelegd.   *) Zie de gewijzigde statuten, Extra-Bijv. Jav. Courant 18/3-1930 no. 22.     62    OUDHEIDKUNDIG VERSLAG 1930    als de tijd daartoe gekomen is de restaura"
OV_1929,1929,volcanic_arch_v_ijen,Volcanic+archaeological: Ijen,ijen,,,monument,True,True,,monument; monument,ijen,,108,"vloeren en  afdekkingen van het monument te dichten en zoo te verhinderen, dat water in den  aarden kern binnendringt.   Deze maatregelen blijken onvoldoende te zijn, o.m. door poreusheid van het  steenmateriaal zelf.   Uiteraard zou een absoluut waterdichte afdekking van, c.q. een dichtingslaag  onder, de horizontale vloeren zeer veel baten, doch deze komt, naar de meening  onzer Subcommissie, niet in de eerste plaats in aanmerking.   Asfalteering der vloeren is zeer onesthetisch en de gaanderijen zouden daar-  door zoo warm worden, dat bezoek aan het monument, in de late morgen- en in de  middaguren voor ongeschoeide voetgangers vermoedelijk bezwaarlijk zou worden.  Een waterdichte laag onder de bovenste vloerblokken aanbrengen lijkt zeker mogelijk,  doch wordt ongetwijfeld vrij kostbaar"
OV_1929,1929,volcanic_arch_tephra,Volcanic+archaeological: tephra/ash/tuff,aschap,,,beeld van Bahai,True,True,,beeld van Bahai,aschap,,121,"tterenden wajra en in de iinkerhand den  khatwanga voorzien van een wapperenden wimpel en (ook) een schedelschaal met  bloed; zijn bandelier is versierd met een keten van een half-honderd menschenhoofden;  zijn kaken zijn door slagtanden een weinig vertrokken, terwijl een geile lust uit  zijn bloeddoorloopen oogen blinkt; met te berge rijzend rossig haar, Aksobhya in  den mukuta en ringen in de ooren; getooid met sieraden van menschen-beenderen  en het hoofd gekroond met vijf schedels; het Buddhaschap schenkend en krachtens  zijn mijmering bescherming verleenend tegen de wereldsche Mara’s”.   Het beeld van Bahai II stemt voorzoover de attributen herkenbaar zijn  nauwkeurig met de voorschriften van het sadhana overeen, terwijl het op de  ontbrekende punten met behulp van die voorschriften k"
OV_1929,1929,volcanic_arch_v_merapi,Volcanic+archaeological: Merapi,Merapi,,,inscripties,True,True,,inscripties,Merapi,,126,"h in de volgende eeuwen heeft weten te  handhaven, niet zonder van Oost-Java afkomstige elementen in zich op te nemen  en in sterke mate den invloed van het inlandsche milieu ondergaande, met als  eindproduct een kunst, die nog in velerlei opzichten haar Javaansche afkomst  verraadt, maar desniettemin een zeer eigen karakter vertoont.   Een aanwijzing dat we met de gegeven verklaring op het goede spoor zijn  kan in het Tapanoelische letterschrift worden gevonden. Het schrift van de op de  Sorik Merapi en bij Porlak Dolok gevonden inscripties is het oud- Javaansche van  Midden- Java en doet aan een veel oudere periode denken dan de dateering aangeeft.  Na een hernieuwde lezing van het jaartal op het zuiltje van Sorik Merapi (Bat.  Mus. D84) kan dit met voile zekerheid op 1294 paka worden ge"
OV_1929,1929,volcanic_arch_v_merapi,Volcanic+archaeological: Merapi,Merapi,,,inscripties,True,True,,inscripties,Merapi,,127,"g in velerlei opzichten haar Javaansche afkomst  verraadt, maar desniettemin een zeer eigen karakter vertoont.   Een aanwijzing dat we met de gegeven verklaring op het goede spoor zijn  kan in het Tapanoelische letterschrift worden gevonden. Het schrift van de op de  Sorik Merapi en bij Porlak Dolok gevonden inscripties is het oud- Javaansche van  Midden- Java en doet aan een veel oudere periode denken dan de dateering aangeeft.  Na een hernieuwde lezing van het jaartal op het zuiltje van Sorik Merapi (Bat.  Mus. D84) kan dit met voile zekerheid op 1294 paka worden gesteld x ); het jaartal  van Porlak Dolok las Dr. Callenfels als 1167 ?aka. We hebben hier dus twee  voorbeelden van een in de Midden- Javaansche periode gei'mporteerd cultuurgoed —  het letterschrift — , dat zich drie k vier e"
OV_1929,1929,volcanic_arch_v_merapi,Volcanic+archaeological: Merapi,Merapi,,,inscriptie,True,True,,inscriptie; inscriptie; beeldje van Bahai; bronzen beeld,Merapi,,127,"onderstelling, dat een betrekkelijk geTsoleerd gebied als de Padang Lawas er later  mede heeft kennisgemaakt dan Java. Op grond van deze overweging zijn we  geneigd als vroegsten datum voor de stichting van de biaro’s in de Padang Lawas  het begin der regeering van Krtanagara en als laatsten datum het eind der regeering  van Adityawarman aan te nemen. Deze begrenzing valt ongeveer samen met de  twee uit het Tapanoelische bekende jaartallen: 1245 A. D. van Porlok Dolok en  1372 A. D. van Sorik Merapi 1 ).   We moeten nu nog trachten ons rekenschap te geven van de Zuid-Indische  invloeden, die wat de Bataklanden betreft, in vier van elkaar onafhankelijke  uitingen aan den dag treden: 1. de Tamil-inscriptie van Loboe Toea bij Baroes  van 1088; 2. de inscriptie in Zuid-Voor-Indische letterteek"
OV_1929,1929,volcanic_arch_v_merapi,Volcanic+archaeological: Merapi,Merapi,,,inscripties,True,True,,inscripties,Merapi,,128,"lakka een gunstig gelegen   *) Naar de heer Coolhaas ons mededeelde, heeft volgens de volksoverlevering de verbinding  van de Westkust naar de Oostkust door de Padang Lawas via Siaboe geloopen. Als aan dit  bericht vertrouwen mag worden geschonken, hebben waarschijnlijk de in de Padang Lawas  gevestigde Buddhisten zich in de 14de eeuw door het lengtedal tusschen het tegenwoordige  Padang Sidempoean en Kota Nopan in Zuidelijke richting verplaatst en op de ten Westen van  Kota Nopan gelegen Sorik Merapi de sporen van hun aanwezigheid in den vorm van de in de  inscripties vermelde caitya’s achtergelaten.   «) KROM, B. J. Getcb. p. 82.   *) POPE, Tam'd Dictionary, p. 123.      M8    OUDHEIDKUNDIG VERSLAG 1930    tusschenstation vonden voor den handel tusschen Arabie en Indig eenerzijds en Chin"
OV_1929,1929,excavated,excavated,uitgegraven ,,,,False,False,,,,,133,"huwen, wanneer tot de overbrenging van het kampement zal worden overgegaan.    *) Ncd.-Ind. Oud en Nieuw, He jg. p. 4.      OUDHEIDKUNDIG VERSLAG 1930    153    op welk tijdstip een grondonderzoek zal kunnen plaatshebben. Overigens maken  van verschillende zijden ontvangen inlichtingen het met zeer waarschijnlijk, dat er  zich onder het fort overblijfselen van een oude vestiging bevinden, Bij graafwerk  dat op het kazemeplein verricht was — een groote waringin was o.a. tot op twee  meter diepte uitgegraven — was men niet op baksteenfundeeringen gestuit.   Nadat deze zaak naar genoegen geregeld was, konden de andere punten op  het programma van ons verblijf te Palembang worden afgewerkt. Het voomaamste  doel was, aanwijzingen in den vorm van baksteenfundeeringen of andere overblijfselen  te"
OV_1929,1929,discovered,brought to light,"aan het 
licht gekomen",,,Tjandi Angsoka,True,False,,Tjandi Angsoka; heiligdommen; baksteenen; beeld de,,,136,"et de stichting van permanente bouwwerken  voor den godsdienst en voor den vorst en zijn hof vereischte.   Wat hebben nu de oudheidkundige vondsten te Palembang tot dusverre  geleerd? Slecht dit: dat er buiten de hoofdplaats, op de Boekit Segoentang, een  Buddhistische stichting, bestaande uit een baksteenen terras of bevloering, waarop  eenige beelden stonden opgesteld, gevonden werd, en wellicht in Palembang zelf, te  Tjandi Angsoka, iets dergelijks. Overigens is er ter hoofdplaats nooit iets aan het  licht gekomen, dat de voormalige aanwezigheid van kloosters en heiligdommen, van  een kraton met ringmuren en poorten en wat dies meer zij aannemelijk heeft kunnen  maken. Men vergelijke nu met dit beeld de overblijfselen die andere hoofdsteden  hebben nagelaten: die der ^ailendra’s op Midd"
OV_1929,1929,discovered,brought to light,"aan 
het licht gekomen",,,,False,False,,,,,138,"d van (Prlwijaya afkomstige, met de Javaansche Qailendra-  plastiek ten nauwste verwante kunstuiting. Dit bestek laat niet toe over de  beteekenis der voor^erpen in bet licht der bestaande bypothesen aangaan de de  Sumatraansche periode der Javaansche geschiedenis of de Javaansche periode der    OUDHEIDKUNDIG VERSLAG 1930    157     zullen er argumenten ten gunste zoowel van de eene als van de andere hypothese  aan zijn te ontleenen. Waar liet hier op aankomt is, dat de op zoo prozaische manier aan  het licht gekomen bronzen de hoop doen herleven, dat de rivierdelta — zij ’t op andere  plaatsen dan men er tot dusverre naar gezocht heeft — nog oudheidkundige verrassingen  in den schoot verbergt en deze wellicht den vicieusen cirkel zullen vermogen te door-  breken, waarbinnen, bij de heersc"
OV_1929,1929,volcanic_arch_tephra,Volcanic+archaeological: tephra/ash/tuff,asch,,,beeld van hetgeen,True,True,,beeld van hetgeen,asch,,138,"ten en Wetenschappen door W. P. Groeneveldt.   In 1909 stelde Dr. H. H. Juynboll een catalogus samen van de Javaansche  Oudheden in ’s Rijks Etnografisch Museum te Leiden.   Beide werken staan thans nog boven aan op het lijstje van te raadplegen  boeken van hem, die eenig onderdeel van de Indische Archaeologie bestudeert. Het  was een goede gedachte van Dr. Juynboll, den Leidschen catalogus samen te stellen  „meer in overstemming met den catalogus der Archaeologische verzameling van het  Bataviaasch Genootschap . . . . ” en over het algemeen het systeem van Groeneveldt  te volgen. De twee voornaamste verzamelingen waren hierdoor op dezelfde wijze  behandeld; door de beide catalogi naast elkaar te gebruiken kreeg men, ook  zonder de voorwerpen zelf aanschouwd te hebben, een goed beeld van h"
OV_1929,1929,volcanic_arch_tephra,Volcanic+archaeological: tephra/ash/tuff,asche,,,beeldje vertegenwoordigd,True,True,,beeldje vertegenwoordigd; beeldje behandeld; beeldje uit,asche,,157,"als zijnde valsch.   2972. Waarschijnlijk een ManjufrI, zie aldaar (PL 52 f).   2389. Een Avalokiteqvara.   1868. \   \ Worden behandeld onder: „Andere Bodhisattva’s”.   2863.)   Vajrasattva — Ghantapani. B. B. M. B. biz. 42.   Deze Bodhisattva is te Leiden slechts door £4n beeldje vertegenwoordigd; de  beide andere in den Catalogus Juynboll voorkomende, waaronder het vierarmige,  zijn sedert als zijnde vermoedelijk valsch uit de collectie genomen.   Het uiterlijk wijkt al niet af van de Bataviasche bronsjes, nadere bespreking  is derhalve naar het voorkomt niet noodig. W ellicht behoort hierbij no. 3049 hetwelk  de lmkerhand half gestoken in de zij heeft, de rechterhand voor de borst geheven  en gesloten met de toppen van duimen en wijsvinger tegen elkaar. ^Vaar de zekerheid  ontbreekt, w"
OV_1929,1929,volcanic_arch_tephra,Volcanic+archaeological: tephra/ash/tuff,asche,,,beeldje het,True,True,,beeldje het,asche,,159,"aarboven makara's en ovale  lichtschijf met versierden rand; zonnescherm. Het geheel maakt den indruk van een  rijk versierden zetel, een troon.   Handen in dhvaja-mudra.   Kroon met punten, daarbinnen hoog hoofddeksel.   In diamanten pose.   2853. Dit beeldje, hebbende een u§ni§a wordt als Vairocana behandeld, zie  aldaar (PL 50 a).   Vifvapani (?) B. B. M. B. biz. 47.   Het is niet aan mij te beoordeelen welk beeldje het meeste aanspraak heeft  op den naam Vi^vapani, het Leidsche of het Bataviasche. Ik meen mg dan ook te  moeten houden aan de reeds gebezigde aanduiding.   1630/14. Afk. Semarang. Hoog 16.5 c.M.   Rond lotuskussen; vierkant opengewerkt voetstuk; achterstuk in nisvorm,  opengewerkt met rechte en gebogen spaken, vlammenrand.   Linkerhand naar voren gestrekt, houdt een lotuss"
OV_1929,1929,volcanic_arch_v_ijen,Volcanic+archaeological: Ijen,ijen,,,beeld van deze,True,True,,beeld van deze,ijen,,179,"nnen. Het zeer eenvoudige  ornaat bestaat overigens uit een drievoudig hals- en borstsieraad, een paar gladde  polsringen, een gierlande van bellen (schedels of menschenhoofden?) en een hoog  opgeschorte, nauw sluitende, als broek gedragen kain met e£ns slip in het midden    *) Zie veoral van de RSma-serie de reliefs nos. 20, 78 en 90.   *) STUTTERHEIM, Oudbcidk. A ant. VII, Het ZuidcL nevenbceld van tj. AfenSoet, B. K. I. 85.  1929, p. 503.     212    OUDHE1DKUNDIG VERSLAG 1930    tusschen de dijen afhangend. De linkerhand ter hoogte van de maag gehouden  draagt een van boven plat en van onderen gebogen voorwerp, ongetwijfeld een  schedelnap ; de rechterhand omsluit het hand vat van een offermes, waarvan de  wajra-vormige knop zeer duidelijk en het halvemaanvormige lemmet nog flauwtjes  z"
OV_1929,1929,volcanic_arch_v_ijen,Volcanic+archaeological: Ijen,ijen,,,beeldje van een,True,True,,beeldje van een,ijen,,180,"e wenkbrauwen in accolade-vorm, de wijd geopende oogen de  abnormaal groote ooren en, wat het ornaat betreft, den diadeem, het borstsnoer, de  slangenvormige oor- en enkelsieraden, als ook de attributen — offermes en schedel-  schaal — gemeen. Een woest-golvende, breed uitstaande haardos bedekt haar  de schouders en hangt tot de ellebogen af. De godin is van een tengere  lichaamsgestalte en geheel naakt, behoudens een eigenaardig kleedingsstuk dat — als  de pijpen van een zeer korte broek — de dijen voor een klein gedeelte bedekt en  overigens schijnt te dienen om er een groot sikkelvormig, met de punten naar boven  wijzend voorwerp aan te bevestigen.   Willen we nu de identiteit dezer beide kris-godheden nader vaststellen,  dan dienen we er rekening mede te houden, dat de zeer geringe afm"
OV_1929,1929,volcanic_arch_v_ijen,Volcanic+archaeological: Ijen,ijen,,,brahma,True,True,,brahma; brahma,ijen,,196,"gelegd?   (De twee brahmanen representeeren misschien de brahmanen en asceten, die  bij den vijver aalmoezen ontvangen). En het kind, waarover strijd ontstaat?   No. 150 — 151: de jonge Bodhisattwa als rechter ? No. 152, de Bodhisattwa  en de spelende kinderen ?   Op no. 153 zijn misschien sommige der strikvragen afgebeeld, waarmee de  scherpzinnigheid van den jongen Bodhisattwa wordt beproefd; de twee bollen met oogen,  neus en mond kunnen de twee schedels voorstellen; het kind (zittend op de dijen  van twee vrouwen !) kan datgene zijn, waarover de Bodhisattwa een Salomonsoordeel  uitspreekt; de wanstaltige man zou Golakala kunnen zijn, en het rund kan de strikt  vraag over de gestolen ossen representeeren; ook een slang is m.i. te zien.   No. 154 — 155: misschien stelt dit iets voor, dat"
OV_1929,1929,exposed,exposed/uncovered,blootgelegd,,,,False,False,,,,,209,"moskee. b. Achterzijde van de moskee (p 53”              Graf van Ratoe Kalinjamat.    Mantingan.  Badplaats, w. gr. 36 >  37 ■ 55 c.M. (p. 53).    S3 c.M. b. Lotus-decors,    w. gr.     PL 17.     a.     b.   Mantingan.   Graf van Ratoe Kalinjamat. a. Lotus-decors met gestijleerden olifant, w. gr. 36 X 59 c.M.  b. Voorstelling van de fabel van de aap en de krab, w. gr. 30 X 50 c.M. ( p . 54).              PI. 2                 PL 23.          Onderzoek Oudheidk. Ver. Majapahit.  Muurrestanten blootgelegd bij het onderzoek te Panggoeng ( />. P>).         a. b    a. Bronzen priesterschel li. IS c.Jl., in het bezit van den heer K. E. Six te Bandoeng ( p. >7)   b, c eti d. Bronzen do us in bet bezit van den heer E. W. van Orsoy de 1/ines te Oengaran (p >6 ;         u *    » *      2# a.;    •"
