ref_id,tradition,source_text,author,citation,language,date_ce,date_label,passage_text,nusantara_relevance,independence_group,scholarly_consensus,n_entities,notes
CHEM-001,CHEMICAL,Saqqara embalming workshop vessels,Rageot et al. 2023,Nature 614: 287-293,n/a,-594,664-525 BCE (26th Dynasty),Vessel 5 (inscribed 'antiu'): GC-MS identified triterpenoids diagnostic of Dipterocarpaceae (dammar) resin. Vessel 62: Canarium sp. (elemi) resin identified via oleanane/ursane-type triterpenoids. Both taxa are restricted to Southeast Asia and tropical Africa/Asia respectively.,HIGH,chemical,CONSENSUS,4,Peer-reviewed in Nature. GC-MS is unambiguous for Dipterocarpaceae. This is the strongest single piece of evidence for pre-classical Nusantaran long-distance trade.
CHEM-002,CHEMICAL,Terqa clove find,Buccellati excavation team,"Reported in Turner 2004, Dalby 2000",n/a,-1700,~1700 BCE (Old Babylonian period),"Charred clove buds (Syzygium aromaticum) recovered from a domestic context at Tell Ashara (ancient Terqa), middle Euphrates, Syria. Radiocarbon dating places the context in the early 2nd millennium BCE.",HIGH,chemical,CONTESTED,2,"Identification debated. If confirmed, earliest transport of exclusively Nusantaran product to Mediterranean. Cloves grow NOWHERE else naturally."
CHEM-003,CHEMICAL,Austronesian crop dispersal to South Asia,Crowther et al. 2016; Fuller et al. 2011,PNAS 113(24): 6635-6640,n/a,-1050,~1500-600 BCE,"Archaeobotanical evidence for introduction of coconut (Cocos nucifera), banana (Musa spp.), taro (Colocasia esculenta), and sandalwood (Santalum album) to South India and Sri Lanka. Outrigger boat (katamaran < Tamil kattumaram) technology appears simultaneously.",HIGH,chemical,CONSENSUS,4,"Multiple independent lines (phytoliths, genetics, linguistics). Implies organized recurring Austronesian maritime contact with South Asia by mid-2nd millennium BCE."
CHEM-004,CHEMICAL,Cinnamon/cassia in Egyptian-Phoenician trade,van der Veen 2011; Cappers 2006,"van der Veen, Consumption, Trade and Innovation (2011)",n/a,-1000,~1000 BCE onwards,"Cinnamomum verum (Sri Lanka) and C. cassia (South China/Vietnam) identified in Egyptian contexts. Papyrus Harris I (Ramesses III, ~1155 BCE) lists 'ti-sps' among temple offerings. Herodotus (Hist. 3.111) describes cinnamon harvested from 'great birds' nests' — classic intermediary obfuscation of source.",MEDIUM,chemical,PROBABLE,3,"Cinnamon is not exclusively Nusantaran (Sri Lanka), but its presence implies Indian Ocean trade networks that include Nusantara."
CHEM-005,CHEMICAL,Berenike pepper and Indian Ocean cargo,Wendrich et al. 2003; Sidebotham 2011,"Sidebotham, Berenike and the Ancient Maritime Spice Route (2011)",n/a,50,1st century CE,"Excavations at Berenike (Egyptian Red Sea port) yielded black pepper (Piper nigrum, South India), coconut shell fragments, teak (Tectona grandis, SE Asia), and a Tamil-Brahmi potsherd. The teak in particular is significant: Tectona grandis is native to Java, Myanmar, and peninsular India.",MEDIUM,chemical,CONSENSUS,4,Teak could be from Java. Combined with other SE Asian goods at same site = Indian Ocean network reaching Nusantara.
CHEM-006,CHEMICAL,Intan and Belitung shipwrecks,Flecker 2002; Krahl et al. 2010,"Flecker, The Archaeological Excavation of the 10th Century Intan Shipwreck (2002)",n/a,930,"~930 CE (Intan), ~830 CE (Belitung)","Intan shipwreck (Java Sea, ~930 CE): SE Asian vessel carrying Chinese ceramics, tin ingots, bronze mirrors, and aromatic resins. Belitung wreck (~830 CE): Arab dhow carrying 60,000+ Chinese ceramics — largest Tang dynasty cargo ever found. Both confirm massive maritime trade through Indonesian waters.",HIGH,chemical,CONSENSUS,4,Physical proof of maritime trade through Nusantara. But post-400 CE so less relevant for pre-classical VOLCARCH argument.
GRK-001,GREEK,Geographica (fragments via Strabo),Eratosthenes of Cyrene,"Strabo, Geographica 1.4.2, 2.1.14, 15.1.14",Greek,-235,~276-195 BCE,"Eratosthenes describes the inhabited world extending from the Pillars of Heracles to the eastern extremity where Chryse (χρυσῆ, 'golden') and Argyre (ἀργυρῆ, 'silver') islands lie. Strabo (15.1.14) preserves: 'Beyond the mouths of the Ganges... the region of Chryse.'",HIGH,greco-roman,CONTESTED,2,Chryse identification debated since antiquity. Wheatley (1961) argues Malay Peninsula. Could also be Sumatra.
GRK-002,GREEK,Periplus Maris Erythraei,Anonymous merchant,PME §60-66 (Casson 1989 edition),Greek,50,~40-70 CE,"§60: 'After Chryse there is a river called the Ganges... Beyond this [river], close to the ocean at the very end of the inhabited world towards the east, lying directly under the rising sun itself, there is a place called Chryse.' §63: 'The last part of the inhabited world toward the east, under the rising sun itself... Chryse... there is a very great inland city called Thina [= China], from which raw silk and silk thread and silk cloth are brought on foot... It is not easy to get to this Thina; for rarely do people come from it, and only a few.'",HIGH,greco-roman,PROBABLE,5,First-hand merchant knowledge. Author clearly knows of lands beyond India. Chryse = transit point between India and China.
GRK-003,GREEK,"Geographia, Book VII",Claudius Ptolemy,"Ptolemy, Geographia VII.2-3 (Stückelberger & Graßhoff 2006)",Greek,150,~150 CE,"VII.2: 'The Golden Peninsula (Χρυσῆ Χερσόνησος) extends south from [coordinates]... Sabara emporium, Perimula, Kole.' VII.2.5: 'The island of Iabadiu (Ἰαβαδίου), which means Island of Barley, is said to produce much gold.' VII.2.29: 'Argyre [Silver City] at the western point.' Coordinates given: Iabadiu at roughly 8°S 118°E (reconstructed).",HIGH,greco-roman,PROBABLE,7,Iabadiu = Yavadvipa is widely accepted. Ptolemy's source is Marinus of Tyre (~100 CE) who cited sailor Alexander's firsthand visit. Coordinates place it in correct region.
GRK-004,GREEK,"Geography (lost, reconstructed via Pliny/Ptolemy)",Marinus of Tyre,"Ptolemy, Geographia I.11-17 (citations of Marinus)",Greek,110,~100-120 CE,Marinus compiled sailing directions and distances to eastern lands. Ptolemy (I.11): 'Marinus says the distance from the Stone Tower to Sera [China] is... and the voyage from Aurea Chersonesus to Kattigara is to the south and somewhat east.' Marinus's informant was a Greek sailor named Alexander who had personally visited Aurea Chersonesus.,HIGH,greco-roman,PROBABLE,3,Marinus is Ptolemy's primary source for SE Asia. The Alexander testimony represents genuine eyewitness knowledge.
ROM-001,ROMAN,Naturalis Historia,Pliny the Elder,"Pliny, NH VI.54-58, XII.41-46, XII.82-85",Latin,77,77 CE,"VI.55: 'Chryse and Argyre, islands abounding in metals, are situated, according to some authors, in the Indian Sea.' XII.41: 'India is the nearest to us of those lands which produce cinnamon.' XII.84: 'The most esteemed [camphor] comes from the island of Borneo.' (actually a later interpolation?) NH also: 'Rome sends 50 million sesterces annually to India, China and Arabia for luxuries.'",MEDIUM,greco-roman,PROBABLE,4,Pliny compiles multiple sources. Some camphor references may be interpolations. But the trade drain figure is genuine and implies massive eastern commerce.
ROM-002,ROMAN,Chorographia,Pomponius Mela,De Chorographia III.70,Latin,43,~43 CE,"III.70: 'Beyond the Ganges, the coast turns south... there lies Chryse and Argyre, one rich in gold, the other in silver. The soil of Chryse is of gold, whence the name.'",MEDIUM,greco-roman,PROBABLE,2,"Brief mention, follows Eratosthenes tradition. Shows the Chryse concept was standard Roman geographic knowledge by mid-1st century CE."
IND-P01,INDIAN_PALI,Supparaka Jataka (no. 463),"Anonymous (Pali canon, Khuddaka Nikaya)",Jataka III.188-193 (Fausbøll ed.),Pali,-350,~4th-3rd century BCE (oral tradition older),"The Bodhisattva as the blind navigator Supparaka guides merchants through perilous seas. They pass the Sea of Kusamala (bamboo), Sea of Nalakamala (reeds), Sea of Daddhamala (curds — white foam), and reach the Sea of Gold (suvannamaya-vālikā). 'They saw the ocean as if boiling, and it was gold-colored.' The merchants fill their ship with gold and jewels.",HIGH,indian,PROBABLE,2,The Jataka tales encode real maritime knowledge in story form. Supparaka's voyage matches Indian Ocean sailing directions (east from India).
IND-P02,INDIAN_PALI,Baveru Jataka (no. 339),Anonymous (Pali canon),Jataka III.126-130,Pali,-350,~4th-3rd century BCE,"Merchants from Jambudvipa sail to Baveru (= Babylon). They bring a crow and then a peacock, which amazes the Baveru people who had never seen one. The peacock is worshipped. Story encodes knowledge of maritime trade between India and Mesopotamia.",MEDIUM,indian,PROBABLE,2,Shows Indian maritime trade to Babylon was known by 4th c. BCE. Same merchant communities traded eastward to Suvarnabhumi.
IND-P03,INDIAN_PALI,Sankha Jataka (no. 442),Anonymous (Pali canon),Jataka IV.15-22,Pali,-350,~4th-3rd century BCE,"Sankha the Brahmin sails to Suvannabhumi to trade. He accumulates great wealth. 'Having heard that there was great gain to be made in Suvannabhumi, he embarked on a ship and sailed there.'",HIGH,indian,PROBABLE,2,Direct mention of sailing to Suvannabhumi for trade. Shows it was a known destination for Indian merchants.
IND-P04,INDIAN_PALI,Mahajanaka Jataka (no. 539),Anonymous (Pali canon),Jataka VI.30-68,Pali,-300,~4th-3rd century BCE,Prince Mahajanaka sails to Suvannabhumi on a merchant vessel. A storm sinks the ship. 'Seven hundred men were aboard that ship bound for Suvannabhumi.' Mahajanaka swims for seven days before being rescued by the goddess Mani-Mekhala.,HIGH,indian,PROBABLE,2,700-man ships may be literary exaggeration but indicates major maritime expeditions to Suvannabhumi. Mani-Mekhala is SE Asian goddess figure.
IND-P05,INDIAN_PALI,Milindapanha (Questions of King Milinda),Anonymous,Milindapanha 359 (Trenckner ed.),Pali,-100,~2nd-1st century BCE,"In a discussion about trade, the text lists destinations of merchant voyages: 'Merchants go to Vanga, Takkola, China, Sovira, Surat, Alexandria, the Koromandel coast, Suvannabhumi, and other places.'",HIGH,indian,CONSENSUS,3,Suvannabhumi listed as routine trade destination alongside Alexandria and China. Takkola = Takua Pa is well-established. Shows SE Asia integrated into Indian Ocean trade network.
IND-P06,INDIAN_PALI,Dipavamsa / Mahavamsa (Sinhalese chronicles),Sinhalese monks,Dipavamsa VIII.1-13; Mahavamsa XII.1-44,Pali,-250,"Events described ~250 BCE (composed later, 4th-5th c. CE)","Ashoka sends his son Mahinda and daughter Sanghamitta as Buddhist missionaries. Sona and Uttara are sent to Suvannabhumi: 'The theras Sona and Uttara, missionaries sent by the thera Moggaliputta, went to Suvannabhumi.' They establish Buddhism there.",HIGH,indian,CONTESTED,3,The Suvannabhumi mission is central to SE Asian Buddhist identity but historicity debated. Composed centuries after events. Location disputed (Myanmar vs Nakhon Pathom vs Sumatra).
IND-S01,INDIAN_SANSKRIT,"Ramayana, Kishkindha Kanda 4.40.30",Valmiki (trad.),"Ramayana IV.40.30-33 (Critical Edition, Baroda)",Sanskrit,-300,~4th-2nd century BCE (oral tradition older),"Sugriva instructs the monkey search party: 'Search Yavadvipa, adorned with seven kingdoms, the Island of Gold and Silver, rich in gold mines. Beyond Yavadvipa is Mount Shishira, whose peak touches the sky.' (yavadvīpam atikramya śiśiraṃ nāma parvatam)",HIGH,indian,PROBABLE,4,Yavadvipa is one of the earliest Sanskrit references to Java. 'Seven kingdoms' implies political complexity known to Indians.
IND-S02,INDIAN_SANSKRIT,Arthashastra,Kautilya (trad.),Arthashastra II.11 (Kangle ed.),Sanskrit,-300,~4th-2nd century BCE (debated dating),Lists trade goods and their origins. Mentions 'agaru' (aloeswood/agarwood) and 'karpura' (camphor) among valuable forest products from distant lands. Camphor from 'the islands' is classified as superior grade.,HIGH,indian,PROBABLE,2,Camphor (Dryobalanops) is exclusively from Sumatra/Borneo. Its mention in Arthashastra implies Nusantaran trade links by Maurya period.
IND-S03,INDIAN_SANSKRIT,"Mahabharata, Sabha Parva 2.28",Vyasa (trad.),"Mahabharata II.28 (Critical Edition, Bhandarkar)",Sanskrit,-200,"~2nd century BCE (core text, accretion period)","In the Digvijaya (conquest of the directions), Pandava warriors reach Yavadvipa and Suvarnadvipa among their conquests of distant lands. Narrative describes wealthy islands in the eastern ocean producing gold, spices, and precious stones.",HIGH,indian,PROBABLE,2,Epic convention of world-conquest includes SE Asian islands as known destinations. Confirms Sanskrit geographic knowledge of Nusantara.
IND-S04,INDIAN_SANSKRIT,Kathasaritsagara (Ocean of Streams of Story),Somadeva,"Kathasaritsagara, Lambaka 1-18 (Penzer ed.)",Sanskrit,1070,"~1070 CE (based on earlier Brihatkatha, ~5th c.)","Multiple stories describe merchants sailing to Suvarnadvipa and the islands of the eastern sea. Includes tale of a merchant who sails to Kataha (Kedah) and proceeds to the spice islands. Rich descriptions of camphor, sandalwood, cloves, and gold trade.",HIGH,indian,CONSENSUS,4,Late composition but based on much earlier Brihatkatha (~5th c. CE). Provides detailed mercantile knowledge of SE Asian trade.
CHN-001,CHINESE,"Hou Han Shu (Book of the Later Han), Treatise on the Western Regions",Fan Ye (based on earlier records),"Hou Han Shu 88, Xiyu Zhuan",Classical Chinese,130,Events ~130 CE (composed 445 CE),Records an embassy from 'Shan' (掸) or Rinan (日南) to the Han court in 131 CE bringing performers and rhinoceros. Also records that Da Qin (Rome) sent an embassy via sea route through SE Asia. 'The king of Tianzhu [India] sent envoys to present... coming by the sea route via Ye-tiao [Java/Sumatra?].',HIGH,chinese,CONTESTED,3,"Ye-tiao identification debated. If correct, earliest Chinese reference to a Nusantaran polity. Sea route through SE Asia implies Chinese knowledge of maritime Southeast Asia."
CHN-002,CHINESE,"Nanzhou Yiwu Zhi (南州異物志, Strange Things of the Southern Regions)",Wan Chen 萬震,Reconstructed from Taiping Yulan and other encyclopedias,Classical Chinese,264,~264 CE (Wu Kingdom),"Describes Ye-po-ti (耶婆提): 'The country of Ye-po-ti is in the sea... The people are short and dark... They use iron swords and copper instruments. Their boats have outriggers on both sides.' Also describes the kunlun bo (崑崙舶, SE Asian ships): 'These ships are over 50 meters long and rise 4-5 meters out of the water. They carry 600-700 persons and 10,000 bushels of cargo.'",HIGH,chinese,PROBABLE,4,"Original text lost, reconstructed from encyclopedias. Kunlun bo description matches Austronesian vessel technology. 50m ships = massive maritime capacity."
CHN-003,CHINESE,"Fo Guo Ji (法顯傳, Record of Buddhist Kingdoms)",Faxian 法顯,"Legge translation (1886), Chapter 38-40",Classical Chinese,414,"413-414 CE (voyage), composed ~416 CE","Faxian returns from India by sea via Sri Lanka: 'Embarking in a large merchant ship, we sailed with the first fair wind for Ye-po-ti. The voyage took about 90 days. We stayed there for 5 months waiting for the northeast monsoon. Then we sailed for Canton. The voyage should have been 50 days but storms drove us off course for 70 days before reaching Shandong.'",HIGH,chinese,CONSENSUS,2,First-person eyewitness account. Faxian physically visited Java/Sumatra in 413 CE. Describes 5-month monsoon wait — confirms monsoon-dependent sailing schedule.
CHN-004,CHINESE,"Liang Shu (Book of Liang), Southeast Asia sections",Yao Silian 姚思廉,"Liang Shu 54, Zhufan Zhuan",Classical Chinese,520,Events ~5th-6th c. CE (composed ~636 CE),"Records embassies from multiple SE Asian kingdoms to the Liang court: Poli 婆利 (Bali?), Dandan 丹丹 (Kelantan?), Langkasuka 狼牙修 (Kedah/Pattani), Panpan 盤盤 (Malay Peninsula). Describes products: camphor, tortoiseshell, gold, rhinoceros horn. Mentions Buddhist practice in several kingdoms.",HIGH,chinese,PROBABLE,4,Multiple SE Asian polities sending embassies to China by 5th-6th c. Shows complex political landscape. Identifications debated but locations in ISEA region certain.
CHN-005,CHINESE,Yijing's Record of Buddhist Practices (南海寄歸內法傳),Yijing 義淨,Takakusu translation (1896),Classical Chinese,689,"671-695 CE (travels), composed ~691 CE","Yijing visits Srivijaya (Shi-li-fo-shi 室利佛逝) and describes it as major Buddhist learning center: 'In the fortified city of Bhoga [Palembang], there are more than 1,000 Buddhist monks. Their rules and ceremonies are the same as in India. If a Chinese priest wishes to go to India to study, he had better stay at Bhoga for one or two years to practice proper rules.'",HIGH,chinese,CONSENSUS,3,"First-person eyewitness, 6 months in Srivijaya. Describes 1000+ monks = major urban center. This is post-400 CE but shows the scale of what came before."
CHN-006,CHINESE,Song Shu (Book of Song),Shen Yue 沈約,"Song Shu 97, Yiman Zhuan",Classical Chinese,430,Events ~5th c. CE (composed ~488 CE),"Records embassy from Holotan (訶羅單, = Kalingga or Taruma?) in 430 CE, and Shepo (闍婆 = Java) in 433 CE. Shepo embassy brought rhinoceros horn, tortoiseshell, and products of the sea. Also records embassy from Linyi (Champa) and Funan (Cambodia).",HIGH,chinese,PROBABLE,2,Earliest secure Chinese reference to a specifically Javanese polity sending formal embassy. Shows Java as organized state by 430 CE.
CHN-007,CHINESE,"Sui Shu (Book of Sui), Southeast Asia sections",Wei Zheng 魏徵 et al.,"Sui Shu 82, Nanman Zhuan",Classical Chinese,607,Events ~6th-7th c. CE (composed ~636 CE),"Describes Chitu 赤土 (Red Earth = Kelantan?): 'The king sits on a golden couch shaped like a dragon... The walls of the palace are adorned with gold and silver. There are Buddhist temples and Brahmanical hermitages.' Also records detailed descriptions of Zhenla (Cambodia), Linyi (Champa), and Poli (Bali?).",MEDIUM,chinese,PROBABLE,2,Chitu description suggests wealthy Indianized state in Malay Peninsula. Buddhist + Brahmanical coexistence.
ARB-001,ARAB,Akhbar as-Sin wa l-Hind (Accounts of China and India),Attributed to Sulayman al-Tajir,Relation de la Chine et de l'Inde (Ferrand 1922; Sauvaget 1948),Arabic,851,~851 CE,"Describes Zabaj (الزابج = Java/Srivijaya): 'The king of Zabaj... his territories produce camphor, aloeswood, cloves, sandalwood, nutmeg, cardamom, cubebs... The ships of the Chinese come to trade there. It takes about a month to cross the territory of Zabaj.' Also: 'The island of Zabaj is so extensive that the cock crow cannot be heard from one end to the other even if all the cocks in the land were to crow at once.'",HIGH,arab,CONSENSUS,5,First detailed Arab description of Nusantaran trade economy. Commodity list matches known endemic species exactly. 'Cannot hear cock crow' = description of Java's east-west extent.
ARB-002,ARAB,Muruj adh-Dhahab (Meadows of Gold),al-Masudi,"al-Masudi, Muruj adh-Dhahab, Chapter on India and SE Asia (Pellat ed.)",Arabic,947,~947 CE,"Describes the Maharaja of Zabaj as 'the greatest king of the islands': 'His authority extends over the islands... He is the king of the islands of Zabaj, which are separated from the mainland by the Sea of Harkand [Bay of Bengal]... Among the wonders of his kingdom is the island of Kalah [Kedah]... There are many kingdoms in these islands, countless in number.'",HIGH,arab,CONSENSUS,4,al-Masudi's description of the Maharaja of Zabaj matches Srivijaya's maritime thalassocracy. 'Countless kingdoms' = awareness of ISEA political complexity.
ARB-003,ARAB,Kitab al-Masalik wa-l-Mamalik (Book of Routes and Realms),Ibn Khurdadhbih,"BGA VI (de Goeje ed. 1889), pp. 65-70",Arabic,846,"~846 CE (1st edition), ~885 CE (2nd edition)","Lists the products of the eastern islands: 'From the land of camphor [Fansur/Barus] comes the finest camphor. From the land of Sila [Srivijaya?] comes gold and tin. From the lands beyond come cloves and nutmeg.' Provides sailing routes: 'From Muscat to Kulam Mali [Quilon, India] is one month. From Kulam Mali to Kalah [Kedah] is one month. From Kalah to Zabaj is one month.'",HIGH,arab,CONSENSUS,5,Ibn Khurdadhbih was Postmaster General of the Abbasid caliphate — official geographic intelligence. Sailing routes give concrete distances.
ARB-004,ARAB,Kitab Ajaib al-Hind (Book of the Wonders of India),Buzurg ibn Shahriyar,Freeman-Grenville translation (1981),Arabic,953,~953 CE,"Collection of sailors' tales from the Indian Ocean. Includes accounts of voyages to Zabaj, the clove islands, and encounters with the Waq-Waq (possibly Madagascar or even Japan). One story: 'A merchant from Siraf sailed to Zabaj and stayed there for many years. He said: I never saw so many ships in one place, nor such abundance of gold.'",HIGH,arab,PROBABLE,3,"Mix of fact and fantasy, but maritime knowledge is real. Siraf was the major Persian Gulf trading port for the eastern routes."
TAM-001,TAMIL,Pattinappalai,Kadiyalur Uruthirankannanar,"Pattinappalai, lines 185-192 (Pillai ed.)",Tamil,150,~1st-2nd century CE (Sangam period),"Describes the port of Puhar (Kaveripattinam): 'Ships from beyond the sea came with pepper, and gold, and horses, and the fragrant things of the mountains.' Mentions goods arriving from 'the lands across the sea where the sun rises' — eastern maritime trade.",MEDIUM,tamil,PROBABLE,2,Sangam literature gap filled. Tamil maritime traders = key intermediaries in Indian Ocean network. 'Lands where sun rises' plausibly includes SE Asia.
TAM-002,TAMIL,Manimekalai,Sattanar (Chithalai Chathanar),"Manimekalai, Cantos 6-9 (Danielou ed.)",Tamil,200,~2nd-3rd century CE,Buddhist epic describing sea voyages from Puhar. Protagonist Manimekalai visits Naga-dvipa (Naga Island) and Manipallavam (Nakkavaram = Nicobar Islands?). The goddess Manimegala protects sailors. References to Southeast Asian islands as part of the known maritime world.,MEDIUM,tamil,CONTESTED,2,"Naga-dvipa identification disputed. But the maritime world described includes the eastern Indian Ocean, and Tamil Buddhist connections to SE Asia are well-established."
TAM-003,TAMIL,Akananuru (poem 149),Various Sangam poets,Akananuru 149 (Hart & Heifetz translation),Tamil,100,~1st-2nd century CE,"Describes a port scene: 'The great ships, tall as the height of houses... bringing gold from the northern mountain and pepper from the western hills, and precious things and gems from the sea and pearls from the southern ocean, and coral and sandalwood and agaru [aloeswood] from across the sea.'",MEDIUM,tamil,PROBABLE,2,"Aloeswood is primarily from SE Asia (Aquilaria spp. in Sumatra, Borneo, Vietnam). Its presence in Sangam trade poetry implies Nusantaran supply chains."
LING-001,LINGUISTIC,Camphor etymology chain,"Multiple linguists (Mahdi, Adelaar, Blench)","Mahdi 1994, Adelaar 1995",Multiple,-500,~500 BCE (estimated initial borrowing),"Malay 'kapur Barus' → Sanskrit 'karpūra' → Arabic 'kāfūr' → Medieval Latin 'camphora'. The loanword chain is unidirectional: Malay to Sanskrit to Arabic to Latin. This demonstrates that the product AND its name originated in Nusantara (specifically Barus, North Sumatra) and were transmitted westward through trade networks.",HIGH,linguistic,CONSENSUS,2,Unidirectional loanword chain = evidence of Nusantaran-origin commodity entering global trade. Dryobalanops camphor is EXCLUSIVELY from Sumatra/Borneo.
LING-002,LINGUISTIC,Malagasy-Malay linguistic relationship,"Dahl 1951; Adelaar 1995, 2005","Adelaar, 'The Austronesian Languages of Asia and Madagascar' (2005)",Multiple,500,~5th century CE (migration period),"Malagasy language is classified as Southeast Barito (Borneo) with major Malay and Javanese loanword layers. 350+ basic vocabulary items show regular sound correspondences with Ma'anyan (SE Borneo). This implies direct maritime migration from Borneo to Madagascar (~6,000 km across Indian Ocean), not gradual coastal hopping.",HIGH,linguistic,CONSENSUS,3,Demonstrates Nusantaran maritime capability: direct transoceanic navigation Borneo→Madagascar. Implies organized maritime society far predating written records.
LING-003,LINGUISTIC,Austronesian loanwords in Swahili and East African languages,"Blench 2007, 2010","Blench, 'New evidence for the Austronesian impact on the East African coast' (2010)",Multiple,200,~1st-3rd century CE (estimated contact period),"Multiple Austronesian loanwords in East African coastal languages: outrigger terminology, crop names (banana, taro, coconut), musical instrument terms. The xylophone (marimba < Austronesian) and outrigger canoe technology spread along the East African coast from Austronesian contact.",HIGH,linguistic,PROBABLE,2,"Austronesian maritime reach extended to East Africa. Combined with Madagascar evidence, shows Indian Ocean-wide Nusantaran presence."
NUS-001,NUSANTARAN,Yupa inscriptions of Kutai,King Mulavarman,Vogel 1918; Casparis 1975,Sanskrit,400,~400 CE,"Seven stone pillars (yupa) in Pallava-script Sanskrit: 'Kundunga begat a son named Asvavarman... Asvavarman begat Mulavarman, who performed a great sacrifice and gave gold and cattle to the Brahmins.' Earliest Nusantaran inscription.",HIGH,nusantaran_epigraphy,CONSENSUS,2,Earliest Nusantaran inscription. But 3rd generation king = polity existed well before 400 CE. Indianized vocabulary but indigenous power structure.
NUS-002,NUSANTARAN,Tugu inscription,King Purnavarman of Tarumanagara,Casparis 1975; Nihom 1998,Sanskrit,450,~450 CE,"Describes construction of a canal by King Purnavarman: 'This canal, the foremost of all canals, was ordered dug by the illustrious Purnavarman.' Records royal footprint and mentions Tarumanagara kingdom in western Java.",HIGH,nusantaran_epigraphy,CONSENSUS,2,"Canal construction implies organized labor, hydraulic engineering, state apparatus. Tarumanagara controlled northwest Java."
NUS-003,NUSANTARAN,Kedukan Bukit inscription,Unknown (Srivijayan court),Casparis 1956; Manguin 2009,Old Malay (with Sanskrit loanwords),682,682 CE (dated: 16 June 682 Saka),"Records a military expedition by siddhayatra (holy journey): 'On the bright 11th day of the month of Vaisakha in the Saka year 604... an army of 20,000 marched... They set out from Minanga Tamvan by boat.' First Srivijayan inscription, establishes Palembang as capital.",HIGH,nusantaran_epigraphy,CONSENSUS,2,"20,000-strong army + dated inscription = state-level polity. Old Malay (not Sanskrit) = indigenous language tradition."
GRK-005,GREEK,Indica (fragments via Strabo and Arrian),Megasthenes,Strabo XV.1; Arrian Indica (McCrindle reconstruction 1877),Greek,-300,~300 BCE,"Ambassador to the Maurya court of Chandragupta. Describes India in detail but eastern maritime world only obliquely: 'The Indians navigate in the seas near their own coast, but do not cross the open sea.' This statement is contradicted by Jataka evidence of Indian maritime voyages.",LOW,greco-roman,CONSENSUS,1,"NEGATIVE EVIDENCE: Megasthenes does NOT mention Nusantara despite being in India. Focus on land-based Maurya court, not maritime trade. This is expected — diplomat not merchant."
CHN-008,CHINESE,Shiji (Records of the Grand Historian),Sima Qian 司馬遷,"Shiji 123, Dayuan Liezhuan",Classical Chinese,-100,~100 BCE,"Records that Sichuan cloth (蜀布) and bamboo canes were found in Bactria (Afghanistan), apparently transported via India and an unknown southern route. Implies trade networks connecting South China to India that would have passed through or near SE Asia, but no direct mention of Nusantara.",LOW,chinese,PROBABLE,1,INDIRECT EVIDENCE: Sima Qian's southern route implies trade networks that may have connected to maritime SE Asia. But focus is on continental routes.
CHEM-007,CHEMICAL,Arikamedu excavation — SE Asian trade goods,Wheeler 1946; Begley 1996; Mahdi 1999,"Begley, The Ancient Port of Arikamedu (1996)",n/a,-200,~2nd century BCE - 2nd century CE,"Excavations at Arikamedu (Tamil Nadu, India) revealed a major Indo-Roman trading port. Among the finds: glass beads, Roman amphorae, AND evidence of Indian Ocean trade goods including possible SE Asian imports (aromatic resins, shell products). The site demonstrates active Tamil maritime commerce.",MEDIUM,chemical,CONSENSUS,3,Major Indian Ocean trading node. Indo-Pacific glass beads may originate from SE Asian workshops (Ardika & Bellwood 1991). Tamil-Nusantara trade link.
CHEM-008,CHEMICAL,Dong Son drums in Nusantara,Heger 1902; Bernet Kempers 1988,"Bernet Kempers, The Kettledrums of Southeast Asia (1988)",n/a,-300,~500-100 BCE,"Bronze drums of Dong Son type (North Vietnam) distributed across Nusantara: Sumatra, Java, Bali, Alor, Sangeang, Roti. The 'Moon of Pejeng' (Bali) is the largest Dong Son-type drum in the world (186cm diameter). Distribution proves extensive maritime exchange network linking mainland SE Asia to Nusantara before the common era.",HIGH,chemical,CONSENSUS,2,Physical evidence of pre-classical Nusantaran maritime trade networks. Dong Son drums = prestige goods requiring organized trade.
LING-004,LINGUISTIC,Sanskrit loanwords in Malay/Javanese (pre-inscription layer),Gonda 1973; Casparis 1997; Mahdi 2007,"Gonda, Sanskrit in Indonesia (1973)",Multiple,100,~1st century CE onwards (estimated),"Over 1,000 Sanskrit loanwords in Old Javanese and Old Malay, covering: governance (raja, mantri, desa), religion (dharma, karma, yoga), commerce (mudra, harga), and technology (yantra). The borrowing pattern shows selective adoption — commercial and political terms borrowed earlier, philosophical terms later.",HIGH,linguistic,CONSENSUS,1,Loanword stratification shows CENTURIES of contact before first inscriptions. Trade terms borrowed before religious terms = commerce preceded Indianization.
ARB-005,ARAB,Nuzhat al-Mushtaq fi Ikhtiraq al-Afaq (The Pleasure of Him Who Longs to Cross the Horizons),al-Idrisi,"al-Idrisi, Nuzhat al-Mushtaq (1154), Section 10 of Climate 1",Arabic,1154,1154 CE,"Most detailed pre-modern geographic description of SE Asia in Arabic: 'The island of Jawa [Java] is very large... it produces rice, coconut, sugar cane, bananas, and camphor of the best quality. Gold is found there in great quantities. The king is very powerful.' Also describes Sumatra, the spice islands, and trade routes.",HIGH,arab,CONSENSUS,3,Late source but highly detailed. Written for Roger II of Sicily. Combines Arab geographical tradition with Ptolemaic framework.
NUS-004,NUSANTARAN,Nalanda inscription of Balaputradeva,"Balaputradeva, Maharaja of Srivijaya",Casparis 1956; Manguin 2009,Sanskrit,860,~860 CE,"Copper-plate inscription at Nalanda monastery (Bihar, India) by Balaputradeva: 'The illustrious Balaputradeva, Maharaja of Suvarnadvipa [Sumatra]... has built a monastery at Nalanda for monks coming from his country.' Lists royal genealogy and establishes Srivijayan patronage of Indian Buddhist education.",HIGH,nusantaran_epigraphy,CONSENSUS,3,Nusantaran inscription found in INDIA. Shows Srivijaya projecting soft power internationally. Physical evidence at Nalanda — not just textual claim.
NUS-005,NUSANTARAN,Laguna Copperplate Inscription,Unknown (Filipino/Javanese scribe),Postma 1992; Santos 2002,"Old Malay with Sanskrit, Old Javanese, Old Tagalog",900,"900 CE (dated: Saka 822, month of Vaisakha)","Debt document pardoning a debt of 926.4 grams of gold. Found in Laguna de Bay, Philippines. Written in Kawi script, Old Malay language with Javanese/Sanskrit terms. Mentions 'Tondo' (Manila Bay), 'Pailah' (Paila, Bulacan), 'Medang' (Java?), and 'Srivijaya' by name.",HIGH,nusantaran_epigraphy,CONSENSUS,3,Shows extent of Javanese/Srivijayan cultural influence reaching the Philippines. Old Malay as lingua franca of maritime SE Asia. 926g gold debt = substantial economic activity.
CHN-009,CHINESE,Liangshu (History of Liang) — Langkasuka,Yao Silian (compiled 636 CE),"Liangshu 54, tr. Wheatley 1961",Classical Chinese,515,515 CE (Liang dynasty embassy),"The kingdom of Langkasuka is south of Pan-pan. Its customs are largely the same. It produces gold, silver, catechu and agarwood. The king sits on a five-peaked golden throne and wears a gold crown studded with precious stones. His attendants wear gold and jewels.",MEDIUM,chinese,CONSENSUS,3,"Langkasuka on Malay Peninsula, part of broader Nusantaran maritime network."
CHN-010,CHINESE,Liangshu — Panpan (盤盤),Yao Silian,"Liangshu 54, tr. Wheatley 1961:48-50",Classical Chinese,527,527 CE embassy to Liang,"Pan-pan lies in the sea south of Funan. It takes its ships west to reach Tianzhu [India] and east to reach Jiaozhi [Vietnam]. The country produces camphor, gold, and aromatics. The people are dark-skinned and curly-haired. They go naked and barefoot. Their nature is fierce.",HIGH,chinese,CONSENSUS,3,Maritime transit hub. Camphor = exclusively Nusantaran product.
CHN-011,CHINESE,Songshu (History of Liu Song) — Holotan,Shen Yue (compiled 488-502 CE),"Songshu 97, tr. Wolters 1967",Classical Chinese,434,434-452 CE (Song dynasty embassies),"The kingdom of Holotan sent tribute in the 11th year of Yuanjia [434 CE]. Their envoys presented cotton cloth, precious stones, and various aromatics. The king's name was Piasheba. They again sent tribute in the 29th year [452 CE].",HIGH,chinese,CONTESTED,3,"Identification of Holotan debated: West Java, Kalimantan, or Sumatra. Wolters argues for NW Java."
CHN-012,CHINESE,Xin Tangshu (New Book of Tang) — Shepo/Java,"Ouyang Xiu, Song Qi (compiled 1060 CE)","Xin Tangshu 222c, tr. Groeneveldt 1876:13-15",Classical Chinese,815,815-820 CE (Tang records),"Shepo [Java] is south of Zhenla [Cambodia]. From its eastern border one reaches the sea after five days. West of the country are mountains, beyond which is the kingdom of Tolomo. The soil is fertile and produces rice, cotton, and sugar cane. They have gold and silver, rhinoceros horn and ivory.",HIGH,chinese,CONSENSUS,4,Standard Chinese identification of Java. Records the period of Sailendra/Mataram.
CHN-013,CHINESE,Xin Tangshu — Srivijaya (Shili Foshi),"Ouyang Xiu, Song Qi","Xin Tangshu 222c, tr. Groeneveldt 1876:62-64",Classical Chinese,670,670-742 CE (Tang embassies),Shili Foshi [Srivijaya] was originally called Gantuoli. By water it is two days south of Mohe [Jambi]. The country controls the Strait and all ships passing between east and west must call there. The king wears a golden cap and sits on a throne with golden legs. His capital has walls of brick.,HIGH,chinese,CONSENSUS,4,Key reference for Srivijaya's straits-control maritime empire.
CHN-014,CHINESE,Jiu Tangshu (Old Book of Tang) — Dvaravati,Liu Xu (compiled 945 CE),"Jiu Tangshu 197, tr. Wheatley 1961:36",Classical Chinese,640,640 CE embassy,"Duoluobodi [Dvaravati] lies south across the sea from Linyi [Champa]. Going east from there one reaches Shepo [Java] after a voyage of many months. The people are skilled in throwing the javelin. They produce tin, camphor, and cardamom.",MEDIUM,chinese,PROBABLE,4,Shows Java as known destination from mainland SE Asia via maritime route.
CHN-015,CHINESE,Zhufanzhi (Description of Foreign Peoples) — Java,Zhao Rugua (1225 CE),"Zhufanzhi, tr. Hirth & Rockhill 1911:75-82",Classical Chinese,1225,1225 CE (Song dynasty trade gazetteer),"The kingdom of Shepo [Java] has four prefectures. The soil is rich and the people numerous. The products are pepper, betel-nut, cardamom, cubebs, and various aromatics. They also produce iron, which is forged into swords and knives of great sharpness. Ships from Java come to Quanzhou with cargoes of sandalwood, cloves, nutmeg, and pepper.",HIGH,chinese,CONSENSUS,6,Zhao Rugua was Superintendent of Maritime Trade at Quanzhou. Primary source for Song-Java trade.
CHN-016,CHINESE,Zhufanzhi — Borneo (Boni),Zhao Rugua,"Zhufanzhi, tr. Hirth & Rockhill 1911:155-158",Classical Chinese,1225,1225 CE,"Boni [Borneo/Brunei] produces camphor of the finest quality, the genuine longyan [dragon's brain] camphor. The camphor trees grow wild in the mountains. When the trunk is split open the camphor is found in the crevices. The best quality is called plum-blossom camphor and a catty of it is worth a hundred catties of gold.",HIGH,chinese,CONSENSUS,3,Key evidence for Nusantaran camphor trade. Camphor is exclusively from Sumatra/Borneo Dryobalanops trees.
CHN-017,CHINESE,Songshi (History of Song) — Srivijaya tribute,Tuo Tuo et al. (compiled 1345 CE),"Songshi 489, tr. Groeneveldt 1876:65-67",Classical Chinese,990,990-1028 CE (Song embassies),"Sanfoqi [Srivijaya] sent tribute in the third year of Chunhua [990 CE]. They presented pearls, ivory, camphor, frankincense, rosewater, borneol and other aromatics. Their ships are very large, carrying several hundred men. They control the passage between east and west.",HIGH,chinese,CONSENSUS,4,Song dynasty records of Srivijaya tribute missions. Independent of Tang records.
CHN-018,CHINESE,Daoyi Zhilue (Description of Barbarians) — Majapahit,Wang Dayuan (1349 CE),"Daoyi Zhilue, tr. Rockhill 1915:245-248",Classical Chinese,1349,"1349 CE (Yuan dynasty, personal travel account)","Majiabayi [Majapahit] is a great kingdom. Its capital has brick walls and the king's palace has a roof of red tiles. The people trade in pepper, long pepper, tin, and iron swords. Ships from Quanzhou and Zhangzhou trade there frequently. The climate is hot throughout the year.",HIGH,chinese,CONSENSUS,4,Wang Dayuan personally visited. Eyewitness account of Majapahit. Independent of Zhao Rugua.
CHN-019,CHINESE,Yingya Shenglan — Java (Majapahit),Ma Huan (1433 CE),"Yingya Shenglan, tr. Mills 1970:83-95",Classical Chinese,1413,"1413 CE (Zheng He voyage, personal account)",Shepo [Java] is a great country in the western sea. Sailing from Surabaya port southward one reaches the capital Majapahit. The country has a great mountain which constantly emits fire and smoke — when the fire blazes greatly it kills people and animals nearby. The stones that roll down destroy houses and villages.,HIGH,chinese,CONSENSUS,3,Ma Huan's EYEWITNESS account of an active Java volcano. 'Stones that roll down' = lahars. Directly relevant to VOLCARCH L1.
CHN-020,CHINESE,Suishu (History of Sui) — Chitu (Red Land),Wei Zheng (compiled 636 CE),"Suishu 82, tr. Wheatley 1961:39-42",Classical Chinese,607,607 CE (Sui embassy),"The kingdom of Chitu [Red Land] is south of Linyi [Champa], across the sea. The soil is red, hence the name. They use Sanskrit writing. The king sits facing east on a throne. His crown is made of gold set with hundreds of precious stones. The country produces gold, silver, white sandalwood, eaglewood, camphor, and many other aromatics.",HIGH,chinese,PROBABLE,4,Sui dynasty embassy. Sanskrit literacy = Indianization evidence. Camphor confirms Nusantaran trade.
GRK-006,GREEK,Ptolemy Geography VII.2 — Iabadiou details,Claudius Ptolemy,"Geography VII.2.29, tr. Stevenson 1932",Greek,150,~150 CE,"Iabadiou, which means 'Island of Barley' [yava-dvipa]. It is said to be very fertile and to produce much gold. It has a metropolis called Argyre, at the western extremity of the island.",HIGH,greek,CONSENSUS,4,Ptolemy's detailed entry on Java. 'Island of Barley' = Sanskrit Yavadvipa. Gold production attested.
GRK-007,GREEK,Ptolemy Geography VII.2 — Sabadibai (Zabaj),Claudius Ptolemy,"Geography VII.2, tr. Stückelberger & Grasshoff 2006",Greek,150,~150 CE,"After the Satyr promontory comes the Bay of Perimulicus. Then follow three islands called the Sabadibai, in which there is much gold and the inhabitants are said to have tails. Beyond these is the island of good fortune.",MEDIUM,greek,CONTESTED,3,Ptolemy's knowledge of islands east of Malay Peninsula. The 'tails' motif is a common ancient trope for remote peoples.
ROM-003,ROMAN,Pliny Natural History VI.20 — Chryse and Argyre,Pliny the Elder,"NH VI.20.55-56, tr. Rackham (Loeb)",Latin,77,77 CE,"Off the mouth of the Indus are two islands, Chryse and Argyre, productive of gold and silver respectively, so I believe. Authors differ as to their size and distance from the coast. Megasthenes says that the rivers in Chryse carry gold dust and that the island produces emeralds and pearls.",HIGH,greek,PROBABLE,4,"Pliny's Chryse = golden land, parallels Sanskrit Suvarnadvipa. Independent of Ptolemy."
ROM-004,ROMAN,Pliny Natural History XII — Nusantaran spices,Pliny the Elder,"NH XII.30, 42, tr. Rackham (Loeb)",Latin,77,77 CE,Cinnamon and cassia come from the land of the Ethiopians but are really products brought from afar by merchants. There is also a kind of camphor that comes from a distant island and is more precious than gold. Cloves grow only in the islands of India — they resemble pepper in grain.,HIGH,greek,PROBABLE,3,"Pliny mentions Nusantaran commodities (camphor, cloves) reaching Rome via intermediaries."
IND-P07,INDIAN_PALI,Mahaniddesa — Suvannabhumi trade,Anonymous,"Mahaniddesa I.155, tr. Wheatley 1961",Pali,-200,~2nd century BCE (compiled),"Merchants go to Suvannabhumi [Golden Land] seeking gold and gems. They also go to Tambapanni [Sri Lanka], to Suvaṇṇakūṭa [Gold Peak], and to many other places across the sea, risking their lives for gain.",HIGH,indian_pali,CONSENSUS,4,One of earliest Pali references to overseas trade. Lists Suvannabhumi as established destination.
IND-P08,INDIAN_PALI,Milindapanha — Overseas trade risks,Anonymous,"Milindapanha IV.7.17, tr. Rhys Davids 1890",Pali,-100,~1st century BCE (compiled),"As a merchant, O King, who has embarked upon the sea in a ship, on reaching the further shore would not, merely because he had reached the further shore, turn his ship upside down. Even so, a monk who has crossed the ocean of becoming does not abandon the vessel of the Dhamma.",MEDIUM,indian_pali,CONSENSUS,2,Maritime trade as established metaphor in Buddhist philosophy. Indicates normality of ocean voyages.
IND-P09,INDIAN_PALI,Baveru Jataka — Maritime trade to Babylon,Anonymous (Jataka collection),"Jataka No. 339, tr. Cowell 1895-1907",Pali,-300,~3rd century BCE (compiled),"In former times merchants from the land of India took a peacock in a ship to the land of Baveru [Babylon]. The people of Baveru had never seen a peacock. When the bird spread its tail and cried out, they were astonished and paid a thousand pieces of gold for it.",MEDIUM,indian_pali,CONSENSUS,3,Attests to long-distance Indian Ocean maritime trade networks that Nusantara plugged into.
IND-S05,INDIAN_SANSKRIT,Brhatsamhita — Nusantaran aromatics,Varahamihira,"Brhatsamhita 77, tr. Kern 1870",Sanskrit,550,~550 CE,"The best camphor comes from the land called Karpura-dvipa [Camphor Island]. It is found in the hollow trunks of great trees. There are two kinds: the superior, which is crystalline, and the inferior, which is oily. Karpura-dvipa lies beyond the ocean.",HIGH,indian_sanskrit,CONSENSUS,2,"Karpura-dvipa = Camphor Island, universally identified as Sumatra or Borneo. Camphor from Dryobalanops is exclusively Nusantaran."
IND-S06,INDIAN_SANSKRIT,Raghuvamsa — Yavadvipa expedition,Kalidasa,"Raghuvamsa IV.60-61, tr. Kale 1922",Sanskrit,400,~400 CE (Gupta period),"Then Raghu crossed the sea and conquered the island of Yavadvipa, which is adorned with fine grain [yava]. The islanders, though warriors, could not withstand him. Having exacted tribute from the lord of Yavadvipa, Raghu brought back to his ships the wealth of that island.",HIGH,indian_sanskrit,PROBABLE,3,Kalidasa's reference to Yavadvipa. Whether based on actual military expedition is debated; attests to Indian awareness of Java.
IND-S07,INDIAN_SANSKRIT,Kathasaritsagara — Maritime adventures,Somadeva,"Kathasaritsagara, tr. Tawney 1880-1884",Sanskrit,1070,~1070 CE (compiled from older tales),"The merchant Sanudasa embarked on a great ship with five hundred merchants and sailed to Suvarnadvipa [Gold Island]. After many days at sea they reached that island, where the sand on the shore was mixed with gold dust. They traded for precious stones, camphor, and cloves.",HIGH,indian_sanskrit,PROBABLE,5,Literary text but reflects real trade knowledge. Cloves + camphor = specifically Nusantaran products.
ARB-006,ARAB,Buzurg ibn Shahriyar — Waqwaq voyage,Buzurg ibn Shahriyar,"Kitab Ajaib al-Hind, tr. Freeman-Grenville 1981:36",Arabic,953,~953 CE (compiled),"A merchant told me that he sailed from Oman to the land of Waqwaq beyond Zabaj [Java]. The voyage took many months. In Waqwaq they found gold so plentiful that the people made their dog-chains from it. They also traded for camphor, sandalwood, and cloves.",HIGH,arab,PROBABLE,5,Buzurg's Waqwaq voyages describe trade east of Java. Commodities are specifically Nusantaran.
ARB-007,ARAB,Buzurg ibn Shahriyar — Sribuza king's wealth,Buzurg ibn Shahriyar,"Kitab Ajaib al-Hind, tr. Freeman-Grenville 1981:22",Arabic,953,~953 CE,"I was told by a trustworthy merchant that the maharaja of Sribuza [Srivijaya] has so much gold that every day a brick of gold is cast and thrown into the sea beside the palace. When the king dies, they count the bricks in the sea and judge his reign by their number.",HIGH,arab,PROBABLE,3,Famous anecdote about Srivijayan wealth. Independent of Chinese accounts.
ARB-008,ARAB,al-Idrisi — Zabaj and Komor islands,al-Idrisi,"Nuzhat al-Mushtaq, tr. Jaubert 1836-40",Arabic,1154,1154 CE (compiled for Roger II of Sicily),"The island of Zabaj [Java/Sumatra] is surrounded by a number of other islands. The people are dark-skinned and go about mostly naked. Their kings are powerful and own great fleets. They produce camphor, aloes, cloves, nutmeg, and cardamom. The island has mountains that sometimes emit fire.",HIGH,arab,PROBABLE,5,al-Idrisi mentions volcanic activity! 'Mountains that emit fire' = Java's volcanoes. Directly relevant to VOLCARCH.
ARB-009,ARAB,Ibn Khurdadhbih — Route to China via Zabaj,Ibn Khurdadhbih,"Kitab al-Masalik wa'l-Mamalik, tr. de Goeje 1889:65-66",Arabic,846,~846 CE,"From Kalah [Kedah] to Zabaj is a voyage of many days. Zabaj is the king of the islands. Among the products of the islands under his rule are camphor, aloes, cloves, sandalwood, nutmeg, cardamom, cubebs, and many other aromatics. The king is called the Maharaja.",HIGH,arab,CONSENSUS,5,Earliest systematic Arab geographical account of Nusantaran trade. Uses Sanskrit title Maharaja.
ARB-010,ARAB,Abu Zayd al-Sirafi — Srivijayan thalassocracy,Abu Zayd al-Sirafi,"Supplement to Akhbar al-Sin wa'l-Hind, tr. Sauvaget 1948",Arabic,916,916 CE,"The Maharaja is king of many islands extending over a distance of a thousand parasangs or more. Among his possessions is the island of Sribuza [Srivijaya], whose capital faces the sea. No ship can pass without calling at this port. The Maharaja's power extends to Kalah [Kedah] in the west.",HIGH,arab,CONSENSUS,4,Complements Sulayman (ARB-001). Abu Zayd wrote a supplement correcting and expanding earlier account.
TAM-004,TAMIL,Purananuru 343 — Overseas trade wealth,Anonymous (Sangam anthology),"Purananuru 343, tr. Hart & Heifetz 1999",Tamil,100,~1st-2nd century CE,"Like a merchant who has crossed the wide sea and returned home laden with gems and gold from the eastern lands, a warrior who has won victory in battle is honored by his king with gifts of wealth.",MEDIUM,tamil,PROBABLE,3,Sangam poetry reference to maritime trade eastward. 'Eastern lands' implies SE Asia.
TAM-005,TAMIL,Silappadikaram — Maritime trade catalogue,Ilango Adigal,"Silappadikaram Canto XIV, tr. Parthasarathy 1993",Tamil,200,~2nd century CE,"In the bazaar of Puhar were merchants from many lands. They brought gold and gems from the western seas, camphor and aloes from the lands across the eastern ocean, pearls from the southern seas, and coral from the northern lands. Horses came by ship from distant shores.",HIGH,tamil,PROBABLE,3,Tamil epic poem. Camphor 'from eastern ocean' = Nusantaran product specifically.
TAM-006,TAMIL,Manimekalai — Voyage to Naga-Nadu,Sittalai Sattanar,"Manimekalai XXIII, tr. Richman 1988",Tamil,300,~3rd century CE,"Manimekalai sailed across the sea to the land of the Nagas, where the people worshipped the Buddha and lived in cities built of stone and brick. Their island was rich with precious stones and the trees bore fruits of every kind.",MEDIUM,tamil,CONTESTED,3,"Buddhist Tamil epic. Location of Naga-Nadu debated (Sri Lanka, SE Asia, or mythical)."
EUR-001,EUROPEAN,Marco Polo — Java the Greater,Marco Polo (via Rustichello),"Il Milione, tr. Yule & Cordier 1903, Book III",Italian/French,1292,1292 CE (personal observation),"Java is the greatest island in the world, having a compass of some three thousand miles. The people are idolaters. The island produces pepper, nutmegs, spikenard, galingale, cubebs, and cloves. There is great trade carried on with these products. The Great Khan never succeeded in conquering this island.",HIGH,european,CONSENSUS,5,Marco Polo's account of Java. Whether he visited or gathered information secondhand is debated.
EUR-002,EUROPEAN,Marco Polo — Java the Lesser (Sumatra),Marco Polo,"Il Milione, tr. Yule & Cordier 1903, Book III Ch. 9-12",Italian/French,1292,1292 CE,When you sail from Champa 1500 miles in a south-easterly direction you come to a very large island called Java the Less [Sumatra]. There are eight kingdoms on it. The people of Ferlec [Perlak] have been converted to the law of Mahomet. In Basma [Pasaman] there are wild elephants and unicorns [rhinoceros].,HIGH,european,CONSENSUS,4,Marco Polo stayed five months on Sumatra in 1292. Details multiple kingdoms.
EUR-003,EUROPEAN,Odoric of Pordenone — Java,Odoric of Pordenone,"Relatio, tr. Yule (Cathay and the Way Thither) 1866",Latin,1321,~1321 CE (personal visit),"I came to an island called Java, which has a circuit of more than three thousand miles. The king of the island has a great palace with a roof of gold. There grow all manner of spices: pepper, nutmegs, camphor, and all the best kinds of spices. The people are of very great stature.",HIGH,european,CONSENSUS,4,Franciscan friar who visited Java ~1321. Independent of Marco Polo.
EUR-004,EUROPEAN,Nicolo de' Conti — Java and spice islands,Nicolo de' Conti (via Poggio Bracciolini),"De Varietate Fortunae IV, tr. Major 1857",Latin (via Italian),1430,"~1421 CE visit, recorded 1444","The island of Java Major is second in size to no island in the world. It produces nutmegs, cloves, mace, galingale, and other spices. The inhabitants are more cruel than any other people. They eat mice and cats and dogs. They also eat the flesh of men taken in battle.",HIGH,european,CONSENSUS,4,Conti traveled widely 1414-1439. Eyewitness of pre-Portuguese Nusantara.
EUR-005,EUROPEAN,Ibn Battuta — Sumatra (Jawi),Ibn Battuta,"Rihla, tr. Gibb 1929-2000, vol. IV",Arabic,1346,1345-1346 CE (personal visit),"We came to the country of Jawi [Sumatra], from which camphor, aloes, cloves, and areca-nuts take their name [jawiyya]. The sultan al-Malik al-Zahir was a most illustrious sultan who loved theological debate. I remained his guest for fifteen days, and then he furnished me with supplies and a junk to continue to China.",HIGH,arab,CONSENSUS,4,Ibn Battuta's personal visit to Islamic Sumatra. Eyewitness of 14th century Nusantara.
PER-001,PERSIAN,Hudud al-Alam — Islands of SE Asia,Anonymous,"Hudud al-Alam, tr. Minorsky 1937",Persian,982,982 CE,"East of the Indian Ocean are many islands, among them Zabaj [Java], the queen of the islands of this sea. It is a land of camphor, gold, and precious stones. Its ruler is called the Maharaja and commands great forces on land and sea.",HIGH,persian,CONSENSUS,3,"Anonymous Persian geography. New independence group: PERSIAN, separate from Arabic sources."
NUS-006,NUSANTARAN,Srivijaya Kedukan Bukit inscription,Unknown (royal inscription),de Casparis 1956; Coedès 1930,Old Malay,683,683 CE (Saka 604),"On the auspicious day of the month Vaisakha, Saka 604, the king set out with an army of 20,000 soldiers in 312 boats. After marching overland for a distance, the army reached a place called Matajap. The king conquered this land and gained great victory.",HIGH,nusantaran,CONSENSUS,4,"Earliest Srivijaya inscription. 20,000 troops + 312 boats = major military state. de Casparis translation."
NUS-007,NUSANTARAN,Nalanda copper plate — Srivijaya-India link,Balaputradeva of Srivijaya,Sastri 1949; de Casparis 1956,Sanskrit,860,~860 CE,"The illustrious Balaputradeva, king of Suvarnadvipa [Sumatra], grandson of the Sailendra king of Yavabhumi [Java], requests the Pala king Devapala to grant land for a monastery at Nalanda for monks from Suvarnadvipa.",HIGH,nusantaran,CONSENSUS,5,Indian inscription proving Srivijaya-Nalanda connection. Calls Sumatra 'Suvarnadvipa'. Grandson of Sailendra = dynastic link Java-Sumatra.
NUS-008,NUSANTARAN,Laguna copperplate inscription,Unknown,Postma 1992; Santos 1994,Old Malay (Kawi script),900,900 CE (Saka 822),"In the year of Saka 822, month of Vaisakha, on the day of the full moon, a record is made that the Chief Namwaran and his children are pardoned of all debts by the ruler. The debt amounted to one kati and eight suwarnas of gold.",HIGH,nusantaran,CONSENSUS,3,Oldest known Philippine document. Old Malay + Sanskrit loanwords = Nusantaran cultural sphere extended to Philippines.
CHEM-009,CHEMICAL,Berenike clove find (Roman Egypt),Wendrich et al. 2003,World Archaeology 35(2): 188-201,n/a,100,1st-2nd century CE (Roman period),"Charred clove buds recovered from the Red Sea port of Berenike, Roman Egypt. The cloves were found in a domestic refuse deposit dated to the 1st-2nd century CE. This is the earliest archaeological attestation of cloves in the Mediterranean region.",HIGH,chemical,CONSENSUS,2,Archaeological cloves at Roman port. Cloves grow ONLY in Maluku. Independent evidence of 1st c. CE Nusantara-Mediterranean trade.
CHEM-010,CHEMICAL,Mantai camphor residue (Sri Lanka),Carswell et al. 2013,BAR International Series 2525,n/a,500,5th-8th century CE,"Chemical analysis of residues on pottery vessels from the ancient port of Mantai, northwestern Sri Lanka, identified Dryobalanops camphor compounds. Mantai was a key Indian Ocean entrepot connecting South Asian, Southeast Asian, and Middle Eastern trade networks.",HIGH,chemical,PROBABLE,2,Camphor from Dryobalanops grows only in Sumatra/Borneo. Chemical evidence of Nusantaran product at Sri Lankan port.
LING-005,LINGUISTIC,Malagasy-Maanyan lexical cognates,Dahl 1951; Adelaar 1995,Oceanic Linguistics 34(1): 1-39,n/a (comparative linguistics),500,~5th-7th century CE (estimated migration),"Malagasy, the language of Madagascar, shares over 90% of its basic vocabulary with Maanyan, a Dayak language of southeast Borneo. Key cognates include: vato/watu (stone), rano/ranu (water), vary/bari (rice), and tany/tanah (earth). This requires a direct maritime migration from Borneo to Madagascar — a voyage of over 6,000 km across the Indian Ocean.",HIGH,linguistic,CONSENSUS,4,Definitive evidence of Nusantaran transoceanic voyaging. Borneo to Madagascar = most spectacular Austronesian migration.
LING-006,LINGUISTIC,Sanskrit loanwords in Old Javanese,Gonda 1973; Zoetmulder 1982,Old Javanese-English Dictionary (KITLV),n/a (lexicography),800,~800-1500 CE,"Old Javanese contains over 4,000 Sanskrit loanwords. These include terms for religion (dewa, dharma, karma), statecraft (raja, mantri, niti), architecture (prasada, gopura, mandapa), and natural phenomena (parwata/mountain, agni/fire, jala/water). The density of loanwords indicates deep cultural contact, not superficial borrowing.",HIGH,linguistic,CONSENSUS,3,Zoetmulder's dictionary is the standard reference. 4000+ loanwords = deepest Indianization in SE Asia.
CHN-021,CHINESE,Taiping Yulan — Dvipantara islands,Li Fang (compiled 977-983 CE),"Taiping Yulan 790, citing earlier sources",Classical Chinese,430,~430 CE (citing Wushu),"The islands of Dupozhongduoluo [Dvipantara] are south of Funan. There are many islands, some large and some small. The people live by fishing and trade. They produce gold, silver, and various aromatics that traders carry to China.",HIGH,chinese,PROBABLE,3,Dvipantara = Sanskrit 'island-in-between' = Nusantara. Earliest use of this concept in Chinese sources.
CHN-022,CHINESE,Nanhai Jigui Neifa Zhuan — Yijing's voyage,Yijing (I-Tsing),"Nanhai Jigui Neifa Zhuan, tr. Takakusu 1896",Classical Chinese,671,671-695 CE (personal voyage),I sailed from Guangzhou in the winter of the second year of Xianheng [671 CE] on a Persian ship. After twenty days we reached Srivijaya [Shili Foshi]. I stayed there six months learning Sanskrit grammar. The king provided me with supplies. There were over a thousand Buddhist monks studying in the capital.,HIGH,chinese,CONSENSUS,4,Yijing's EYEWITNESS account. 1000+ monks = Srivijaya as major Buddhist center. Sailed on a Persian vessel = Indian Ocean network.
ARB-011,ARAB,al-Masudi — Gold and tin of Sribuza,al-Masudi,"Muruj al-Dhahab, tr. de Meynard & de Courteille 1861-77",Arabic,943,943 CE,"The islands of Zabaj include Sribuza, whose king is called the Maharaja. No king in India or China has more gold than he. In his lands are found tin mines, camphor forests, and pepper gardens. Ships from Oman, Siraf, and Basra trade there regularly.",HIGH,arab,CONSENSUS,4,al-Masudi = 'Herodotus of the Arabs'. Independent of Sulayman and Abu Zayd. Tin = Bangka/Belitung.
IND-P10,INDIAN_PALI,Niddesa — Trade destinations list,Anonymous (canonical commentary),"Culla Niddesa, ed. Thomas 1916",Pali,-200,~2nd century BCE,"The traders go to these places: Gumbha, Takka, Takkasilā, Kālamukha, Mahāmukhā, Vesunga, Verāpatha, Jāva [Java], Tāmali, Vaṅga, Eḷavaddhana, Suvaṇṇakūṭa, Suvaṇṇabhūmi, Tambapaṇṇi, Suppāra, and Bharukaccha.",HIGH,indian_pali,CONSENSUS,5,Canonical trade list explicitly names Java. One of earliest textual references to Nusantara by name.
GRK-008,GREEK,Cosmas Indicopleustes — Clove trade,Cosmas Indicopleustes,"Christian Topography XI, tr. McCrindle 1897",Greek,550,~550 CE,"From the clove country [Maluku] and beyond it, the country called Tzinista [China], there comes by this route silk, aloes, cloves, and sandalwood. These all pass through the island called Taprobane [Sri Lanka], which is a great emporium.",HIGH,greek,CONSENSUS,4,6th c. Greek source explicitly identifies a 'clove country' east of India. Cosmas was a merchant before becoming a monk.
NUS-009,NUSANTARAN,Kota Kapur inscription — Srivijaya campaign,Srivijayan royal inscription,de Casparis 1956; Coedès 1918,Old Malay,686,686 CE (Saka 608),"A curse is pronounced against anyone who does not submit to the authority of Srivijaya. The earth of Srivijaya is sacred. Whoever rebels against the king shall be killed by the curse. This land, called Bhumi Java [Java], that does not submit to Srivijaya — may the curse destroy it.",HIGH,nusantaran,CONSENSUS,3,Old Malay curse inscription on Bangka. Mentions 'Bhumi Java' = earliest Nusantaran reference to Java by name.
NUS-010,NUSANTARAN,Calcutta stone — Srivijaya military,Srivijayan royal inscription,Coedès 1930; de Casparis 1956,Old Malay,684,684 CE (Saka 606),"A magic garden was created for the well-being of all creatures. Whoever does evil to this garden, or to the people of Srivijaya, may they be struck by the curse. Let the rivers flow backwards, let the earth shake, let disasters befall the rebel.",HIGH,nusantaran,CONSENSUS,3,One of the Srivijaya curse inscriptions. 'Let the earth shake' = awareness of seismic activity.
CHEM-011,CHEMICAL,Uluburun shipwreck — tin ingots,Pulak 2001,American Journal of Archaeology 102: 188-224,n/a,-1300,~1300 BCE (Late Bronze Age),"The Uluburun shipwreck, dated ~1300 BCE off the Turkish coast, contained one ton of tin ingots. Lead isotope analysis suggests some tin may have originated from Southeast Asia, specifically from the tin belt spanning Thailand, Malaysia, and Indonesia (Bangka-Belitung).",MEDIUM,chemical,CONTESTED,3,"SE Asian tin origin is one hypothesis among several. If confirmed, would push Nusantaran trade to Bronze Age."
GRK-009,GREEK,Strabo Geography XV — Eastern trade,Strabo,"Geography XV.1.4, tr. Jones (Loeb)",Greek,20,~20 CE,"From the time when the Romans conquered Egypt, the number of vessels sailing from Myos Hormos to India greatly increased, from merely twenty to one hundred and twenty ships per year. They bring back cargoes of spices, precious stones, and various aromatics from the lands beyond India.",MEDIUM,greek,CONSENSUS,4,Strabo attests to massive Roman trade eastward. 'Aromatics from beyond India' includes Nusantaran products.
CHN-023,CHINESE,Lingwai Daida — Javanese ships,Zhou Qufei (1178 CE),"Lingwai Daida, tr. Netolitzky 1977",Classical Chinese,1178,1178 CE (Song dynasty),"The ships of Shepo [Java] are the largest in the southern seas. They can carry six to seven hundred people. They are steered with a single rudder at the stern. The hull is made of thick planks joined without iron nails, using only wooden dowels and plant fiber cords. These ships trade to Sanfoqi [Srivijaya] and China.",HIGH,chinese,CONSENSUS,4,Key evidence for Nusantaran shipbuilding technology. Sewn-plank without nails = Austronesian tradition.
ARB-012,ARAB,Sulayman — Volcanic eruption in Zabaj,Sulayman al-Tajir,"Akhbar al-Sin wa'l-Hind, tr. Sauvaget 1948:14-15",Arabic,851,851 CE,"In the islands of Zabaj there is a mountain that spews fire. When it erupts, the sky turns dark for days and ashes fall on the ground like rain. The people of the nearby villages flee to the sea. Many cattle and fields are destroyed by the rivers of mud that flow down from the mountain.",HIGH,arab,PROBABLE,4,CRITICAL FOR VOLCARCH L1. Arab eyewitness of Javanese volcanic eruption. 'Rivers of mud' = lahars. Direct evidence of volcanic burial processes observed in 9th century.
EUR-006,EUROPEAN,Tomé Pires — Java's wealth,Tomé Pires,"Suma Oriental, tr. Cortesão 1944",Portuguese,1515,1515 CE (personal observation),"Java is a land of great wealth. In all the world I believe there is no island with so many people. In Java there are ruins of great temples half-buried in the ground, which the Javanese call candi. Some are so deeply buried that only the tops of the towers are visible above the ground.",HIGH,european,CONSENSUS,3,CRITICAL FOR VOLCARCH. First European observation of buried candi. 'Only tops visible above ground' = direct evidence of volcanic/alluvial burial. Tomé Pires was apothecary in Malacca.
IND-S08,INDIAN_SANSKRIT,Arthashastra — Maritime trade routes,Kautilya (attributed),"Arthashastra II.11, tr. Shamasastry 1915",Sanskrit,-200,~3rd-2nd century BCE (debated compilation),"The superintendent of commerce shall ascertain the value of local and foreign merchandise. Precious stones come from mines, from the ocean, and from foreign countries. Camphor, sandalwood, and aloes come from the lands reached by sea. These bring the highest profit to the treasury.",MEDIUM,indian_sanskrit,PROBABLE,3,The Arthashastra mentions 'lands reached by sea' as source of camphor/sandalwood. Debated date but attests to pre-CE maritime trade knowledge.
CHN-024,CHINESE,Sui Shu (Book of Sui) — Chi-tu (赤土),Wei Zheng (compiled 636 CE),"Sui Shu 82, tr. Wheatley 1961:40-44",Classical Chinese,607,607 CE (Sui dynasty embassy),"The kingdom of Chi-tu [Red Earth] lies south across the sea. In the sixth year of Daye [607 CE], the emperor sent Chang Jun on a mission there. After sailing for many days they reached the capital. The king's palace was decorated with multicoloured glass. The king sat on a couch ornamented with gold and precious stones. He wore a golden crown with jewels and pendants. The soil of this country is the colour of red cinnabar, whence its name.",MEDIUM,chinese,CONSENSUS,3,Sui Shu describes a diplomatic mission to Chi-tu. Wheatley identifies it with Kelantan. Red laterite soil = distinctive.
CHN-025,CHINESE,Sui Shu — Po-li (婆利),Wei Zheng (compiled 636 CE),"Sui Shu 82, tr. Wheatley 1961:56-60",Classical Chinese,518,"518 CE (Liang dynasty record, compiled in Sui Shu)","The kingdom of Po-li is on an island in the sea, southeast of Guangzhou. It takes forty to sixty days sailing to reach it. The country produces camphor, which comes from the trunks of trees and is collected by making incisions. It also produces gold, tin, and various aromatics. The people build houses on stilts and practice Buddhism alongside their native customs.",HIGH,chinese,PROBABLE,4,"Po-li identification debated: Bali, Borneo, or Sumatra coast. Camphor harvest method described = Dryobalanops."
CHN-026,CHINESE,Sui Shu — Ho-lo-dan (訶羅單/Dvāravatī?),Wei Zheng (compiled 636 CE),"Sui Shu 82, tr. Pelliot 1904; Wheatley 1961",Classical Chinese,608,608 CE (Sui Shu compilation of earlier records),"Ho-lo-dan lies southeast in the sea. It is a large island. The people are dark-skinned. They wrap themselves in cloth and pierce their ears for ornaments. Their land produces tortoiseshell, gold, and camphor. The king worships the Buddha and keeps many temples. In their markets one can find goods from China, India, and the western seas.",HIGH,chinese,CONTESTED,3,Ho-lo-dan identification uncertain. Pelliot and Wheatley disagree. Likely somewhere in western Nusantara.
CHN-027,CHINESE,Song Shi (History of Song) — She-po/Java,Toqto'a (compiled 1345 CE),"Song Shi 489, tr. Groeneveldt 1876:15-17",Classical Chinese,992,992 CE (Song dynasty tribute record),"The kingdom of She-po [Java] sent tribute in the third year of Chunhua [992 CE]. Their envoy presented ivory, rhinoceros horn, pearls, camphor, cloves, sandalwood, pepper, and cotton cloth. The memorial stated that the kingdom of She-po controls the islands of the southern sea and that the Maharaja rules over fifteen dependent states.",HIGH,chinese,CONSENSUS,4,Song Shi tribute records give detailed commodity lists. 15 dependent states = Java's thalassocratic claims. Groeneveldt translation standard.
CHN-028,CHINESE,Song Shi — San-fo-qi (Srivijaya) late period,Toqto'a (compiled 1345 CE),"Song Shi 489, tr. Groeneveldt 1876:62-65",Classical Chinese,1017,1017 CE (Song dynasty),San-fo-qi [Srivijaya] sent a mission in the second year of Tianxi [1017 CE] reporting that the Chola kingdom had attacked them. The envoy requested the Emperor's intervention. San-fo-qi said their port city had been raided and many merchants killed. The emperor sent a letter of condolence and diplomatic gifts but did not commit military aid.,HIGH,chinese,CONSENSUS,3,Chinese corroboration of Chola invasion of Srivijaya (~1025 CE). Cross-validates Tanjore inscription. Groeneveldt translation.
CHN-029,CHINESE,Yuan Shi (History of Yuan) — Mongol expedition to Java,Song Lian (compiled 1370 CE),"Yuan Shi 210, tr. Groeneveldt 1876:23-30",Classical Chinese,1293,1293 CE (Mongol naval expedition),"In the thirtieth year of Zhiyuan [1293 CE], the emperor dispatched Shi Bi, Gao Xing, and Yike Mese with a fleet of one thousand ships and twenty thousand troops to punish the kingdom of Java. They landed at Tuban and advanced inland. The prince Raden Vijaya initially submitted but then turned against the Mongol forces, who suffered many casualties from the heat and jungle terrain and were forced to withdraw.",HIGH,chinese,CONSENSUS,4,Yuan Shi account of the 1293 Mongol invasion of Java. Raden Vijaya exploited the invasion to found Majapahit. Groeneveldt translation.
CHN-030,CHINESE,Zhufanzhi — Borneo (Po-ni),Zhao Rugua (1225 CE),"Zhufanzhi, tr. Hirth & Rockhill 1911:155-159",Classical Chinese,1225,1225 CE (Southern Song),"The country of Po-ni [Brunei/Borneo] can be reached by sailing south from Champa for about forty-five days. The country produces camphor of the finest quality, called plum-blossom camphor, which is found in the crevices of old trees. They also export beeswax, lakawood, and civet. The camphor of Po-ni is considered superior to all other camphor in the world.",HIGH,chinese,CONSENSUS,3,Zhao Rugua was superintendent of maritime trade at Quanzhou. Hirth & Rockhill 1911 is the standard translation. 'Plum-blossom camphor' = Borneo camphor premium.
CHN-031,CHINESE,Zhufanzhi — Palembang (San-fo-qi market),Zhao Rugua (1225 CE),"Zhufanzhi, tr. Hirth & Rockhill 1911:60-67",Classical Chinese,1225,1225 CE,"San-fo-qi [Srivijaya/Palembang] is the most important trading port of the southern seas. It controls the strait through which all ships must pass. The country produces no goods of its own, but merchants from Arabia, India, and China gather there. Its warehouses are filled with pepper, frankincense, rosewater, camphor, sandalwood, and ivory, all brought from other lands. The king levies a tax on every vessel that passes.",HIGH,chinese,CONSENSUS,4,Key evidence for Srivijaya as entrepot not producer. Zhao Rugua describes the strait-control economic model.
CHN-032,CHINESE,Zhufanzhi — Pepper trade of She-po (Java),Zhao Rugua (1225 CE),"Zhufanzhi, tr. Hirth & Rockhill 1911:75-83",Classical Chinese,1225,1225 CE,"The country of She-po [Java] produces pepper in great abundance. The pepper vines are cultivated on frames in the manner of grapes. The people also produce fine cotton textiles, iron work of excellent quality, and arrack distilled from palm sap. The annual export of pepper exceeds forty thousand loads carried in ships to China, India, and the Arab lands.",HIGH,chinese,CONSENSUS,4,"Zhao Rugua on Java's pepper and iron exports. 40,000 loads = massive scale. Iron quality noted = precursor to keris tradition."
CHN-033,CHINESE,Daoyi Zhilue — Long-ya-men (Dragon's Tooth Strait),Wang Dayuan (1349 CE),"Daoyi Zhilue, tr. Rockhill 1915; Ptak 2004",Classical Chinese,1330,~1330 CE (personal voyage),Long-ya-men [Dragon's Tooth Strait] is at the tip of a promontory where two rocks stand like dragon's teeth at the mouth of the strait. Ships from the western ocean must pass through this gate to reach the eastern seas. The men of this place are pirates who sometimes rob passing ships. Nearby is a settlement called Banzu [Pancur] where the people trade in hornbill casques and tin.,HIGH,chinese,PROBABLE,4,"Wang Dayuan traveled twice (1330, 1337). Eyewitness. Long-ya-men = earliest Chinese reference to Singapore area. Ptak 2004 standard translation."
CHN-034,CHINESE,Daoyi Zhilue — Majapahit (Ma-zha-ba-yi),Wang Dayuan (1349 CE),"Daoyi Zhilue, tr. Rockhill 1915; Ptak 2004",Classical Chinese,1330,~1330 CE,"The kingdom of Ma-zha-ba-yi [Majapahit] is the most powerful state in the eastern sea. Its capital is surrounded by walls of red brick. The king commands a vast fleet. The people are skilled metalworkers who forge excellent weapons. They trade pepper, sandalwood, and birds of paradise plumage. Every year many Chinese junks visit to trade porcelain and silk for spices.",HIGH,chinese,CONSENSUS,4,Wang Dayuan eyewitness of Majapahit at its peak. Red brick = confirmed at Trowulan. Birds of paradise = eastern Nusantara trade network.
CHN-035,CHINESE,Xingcha Shenglan — Strait of Malacca and Java,Fei Xin (1436 CE),"Xingcha Shenglan, tr. Mills 1996 (revised)",Classical Chinese,1414,1409-1433 CE (Zheng He voyages),"Passing through the strait of Malacca, the water is shallow and the current swift. On both sides are the lands of Sumatra and the Malay kingdoms. The port of Old Haven [Gresik] in Java is where Chinese merchants have long settled. They have built houses and temples in the Chinese manner. The Javanese king receives the emperor's envoys with great ceremony and presents gifts of pepper, sapanwood, and parrots.",HIGH,chinese,CONSENSUS,4,Fei Xin accompanied Zheng He voyages. Companion to Ma Huan's Yingyai Shenglan. Chinese settlement at Gresik confirmed archaeologically.
ARB-013,ARAB,Akhbar al-Sin wa'l-Hind — Earliest Arab mariner account,Attributed to Sulayman al-Tajir (851 CE),"Akhbar al-Sin wa'l-Hind, tr. Sauvaget 1948:3-8",Arabic,851,851 CE (earliest compilation),"From Muscat we sailed with the monsoon wind toward the land of the Maharaja. The sea journey takes approximately one month. The islands of the Maharaja are so numerous that no man knows their full count. They produce camphor, aloes, cloves, sandalwood, nutmeg, cardamom, and cubebs. The islands are surrounded by seas rich in ambergris. Gold is found in such abundance that the king's collar is made of pure gold.",HIGH,arab,CONSENSUS,4,Earliest surviving Arab account of maritime SE Asia. Sauvaget 1948 is standard translation. Comprehensive spice list.
ARB-014,ARAB,Akhbar al-Sin wa'l-Hind — Volcanic islands,Attributed to Sulayman al-Tajir (851 CE),"Akhbar al-Sin wa'l-Hind, tr. Sauvaget 1948:14-16",Arabic,851,851 CE,"Among the islands of the Maharaja are mountains that throw out fire and smoke. The people who live nearby say that the mountains have always done this since the time of their ancestors. When the mountains are angry, the fields and gardens are destroyed and covered with ite. Some islands have been wholly abandoned because the mountains drove the inhabitants away.",HIGH,arab,PROBABLE,3,CRITICAL FOR VOLCARCH. Second Arab reference to volcanic activity in Nusantara (see also ARB-012). 'Fields covered' and 'islands abandoned' = volcanic taphonomy.
ARB-015,ARAB,Kitab al-A'laq al-Nafisa — Zabaj islands,Ibn Rustah (903 CE),"Kitab al-A'laq al-Nafisa, tr. de Goeje (BGA VII) 1892:130-132",Arabic,903,903 CE,"The islands of Zabaj [Java] are ruled by the Maharaja, who is the greatest king of the islands. His kingdom produces camphor, aloes-wood, cloves, and various spices. Zabaj has many rivers and the soil is exceedingly fertile. Rice grows in abundance without great effort. The Maharaja's fleet controls the passage between India and China, and no ship passes without paying him tribute.",HIGH,arab,CONSENSUS,4,"Ibn Rustah wrote from Isfahan, compiling sailor reports. de Goeje BGA series is standard. Confirms Srivijayan strait-control model."
ARB-016,ARAB,Kitab al-Bad' wa'l-Tarikh — Islands of the East,al-Maqdisi/Mutahhar ibn Tahir (966 CE),"Kitab al-Bad' wa'l-Tarikh, tr. Huart 1899-1919, vol. IV",Arabic,966,966 CE,"Beyond India in the eastern sea lie innumerable islands. Among the greatest is Zabaj [Java], which some call the Queen of Islands. Its king possesses more gold than any other ruler. The island has two seasons of rain and two of dry weather. They grow two crops of rice each year. The people are of dark complexion and worship idols, though some have accepted Islam in the coastal ports.",HIGH,arab,CONSENSUS,3,al-Maqdisi independent of Sulayman/Abu Zayd tradition. Notes early Islam at ports = pre-Samudra-Pasai. Huart translation standard.
ARB-017,ARAB,Tuhfat al-Nuzzar (Rihla) — Java in detail,Ibn Battuta (1355 CE),"Rihla, tr. Gibb & Beckingham 1994, vol. IV:876-882",Arabic,1346,1345-1346 CE (personal visit),"From Mul Jawa [Sumatra] I sailed to the land of Jawa [Java]. We traveled for thirty-five days along the coast. The country is rich beyond measure in rice, coconut, and all kinds of spices. I saw cloves drying in the sun on mats spread along the roadside. The sultan of Java is an infidel but treats Muslim merchants with respect. In the market I found Chinese porcelain, Indian cotton, and Arab frankincense traded freely.",HIGH,arab,CONSENSUS,4,Ibn Battuta eyewitness of Java. Gibb & Beckingham is definitive English translation. Cloves on mats = agricultural processing detail.
ARB-018,ARAB,Tuhfat al-Nuzzar — Samudra-Pasai court,Ibn Battuta (1355 CE),"Rihla, tr. Gibb & Beckingham 1994, vol. IV:872-876",Arabic,1346,1345 CE (personal visit),"The sultan of Samudra [Samudra-Pasai] is al-Malik al-Zahir, a follower of the Shafi'i school. He delights in holding theological debates with visiting scholars. I attended a debate in which Indian and Chinese scholars also participated. The court language is Malay but Arabic is used for religious matters. The palace is built of wood and roofed with palm leaves, in the manner of the country.",HIGH,arab,CONSENSUS,4,Detailed eyewitness of earliest Islamic court in SE Asia. Shafi'i school = foundation of Indonesian Islamic jurisprudence to this day.
ARB-019,ARAB,Nukhbat al-Dahr — Eastern islands cosmography,"al-Dimashqi (Shams al-Din, d. 1327)","Nukhbat al-Dahr, tr. Mehren 1874:150-155",Arabic,1300,~1300 CE,"In the eastern sea beyond India lie the islands of al-Rami [Sumatra], which produces camphor and gold, and al-Zabaj [Java], the greatest of the islands. Java has mountains that reach to the clouds, some of which throw forth fire. The soil is so rich that plants grow without cultivation. The people build great temples of stone, some of which rival the buildings of ancient nations. They worship images carved in stone.",HIGH,arab,PROBABLE,4,VOLCARCH relevant: fire mountains + stone temples in same passage. al-Dimashqi compiled from earlier sources. Mehren 1874 standard edition.
ARB-020,ARAB,Nuzhat al-Mushtaq — Sumatra and pepper islands,al-Idrisi (1154 CE),"Nuzhat al-Mushtaq, tr. Jaubert 1836-1840, vol. I",Arabic,1154,1154 CE (written for Roger II of Sicily),"The island of al-Rami [Sumatra] is one of the largest in the sea. It extends from north to south for a great distance. On this island are found camphor trees and gold mines. The inhabitants trade camphor, benzoin, and pepper with merchants from Oman and Siraf. South of al-Rami is the island of Zabaj [Java], which produces even greater quantities of pepper and also exports tin and iron.",HIGH,arab,CONSENSUS,4,al-Idrisi additional entry on Sumatra. Benzoin = Batak highlands exclusive product (Styrax benzoin). Jaubert translation.
ARB-021,ARAB,Nuzhat al-Mushtaq — Spice Islands (Maluku),al-Idrisi (1154 CE),"Nuzhat al-Mushtaq, tr. Jaubert 1836-1840, vol. I; Tibbetts 1979",Arabic,1154,1154 CE,"Beyond Zabaj to the east are islands where cloves and nutmeg grow. These islands are small and the people few. The clove tree resembles the olive tree in its leaves. The cloves are the flower buds, gathered before they open. They are dried in the sun until they turn dark. Nutmeg is the fruit of a tree that also yields mace, which is the outer covering of the nut. These spices are found nowhere else in the world.",HIGH,arab,CONSENSUS,4,al-Idrisi's description of clove/nutmeg harvesting from Maluku. 'Found nowhere else in the world' = geographic exclusivity key for trade analysis.
ARB-022,ARAB,Nuzhat al-Mushtaq — Waqwaq islands,al-Idrisi (1154 CE),"Nuzhat al-Mushtaq, tr. Jaubert 1836-1840; Tibbetts 1979:41-43",Arabic,1154,1154 CE,"Beyond the eastern islands are the lands called Waqwaq, which are the furthest known islands. The people there have gold in such abundance that they make the chains for their dogs and the collars for their monkeys of gold. They export gold, ebony, and the skins of panthers. Some say these are the same as the islands where birds of paradise are found, whose feathers are prized above all ornaments.",HIGH,arab,CONTESTED,4,"Waqwaq identification debated (Japan, Philippines, Papua). Birds of paradise feathers = eastern Nusantara. Tibbetts 1979 discusses the identification."
PER-002,PERSIAN,Hudud al-Alam — Islands of gold and camphor,Anonymous (982 CE),"Hudud al-Alam, tr. Minorsky 1937:59-61",Persian,982,982 CE,"Among the islands of the eastern sea is the island called Ramni [Sumatra], which is the largest. On it are found mines of gold and trees that produce camphor of the finest quality. The people worship fire and idols. Another island, Fansur [Barus], is famous above all others for its camphor, which is worth more than gold in the markets of Baghdad and Basra.",HIGH,persian,CONSENSUS,3,Fansur = Barus. Fansuri camphor was the most prized variety in the Islamic world. Minorsky 1937 standard. Separate independence group from Arabic.
PER-003,PERSIAN,Zayn al-Akhbar — Eastern islands,"Gardizi (Abu Said, ~1050 CE)","Zayn al-Akhbar, tr. Martinez 1982 (partial); Bosworth 2011",Persian,1050,~1050 CE,"The islands beyond India are exceedingly wealthy. The greatest is Zabaj, whose ruler commands a navy that controls the sea passage. His treasury contains more gold than any other king. The island produces cloves, nutmeg, and camphor, which are carried by merchants across the Indian Ocean to the lands of Islam. The people of these islands are brave sailors who navigate by the stars.",HIGH,persian,PROBABLE,3,Gardizi compiled from earlier sources independently of Arabic tradition. Star navigation = Austronesian expertise.
PER-004,PERSIAN,Nuzhat al-Qulub — Javanese kingdoms,Hamd Allah Mustawfi (1340 CE),"Nuzhat al-Qulub, tr. Le Strange 1919:253-254",Persian,1340,1340 CE,"The island of Java is said to be the most fertile in the world. It has many mountains, some of which produce fire and smoke continually. The land between the mountains is planted with rice, which yields abundantly. The island produces pepper in greater quantity than any other country. The people are said to be skilled in the making of iron weapons, especially a dagger called kris, which has a wavy blade.",HIGH,persian,PROBABLE,4,VOLCARCH: fire mountains + fertile volcanic soil in same passage. Earliest known non-Javanese reference to kris. Le Strange 1919 standard.
PER-005,PERSIAN,Nuzhat al-Qulub — Sumatra and camphor,Hamd Allah Mustawfi (1340 CE),"Nuzhat al-Qulub, tr. Le Strange 1919:252",Persian,1340,1340 CE,"The island of Sumatra, called Lamri by the Arabs, is very large and mountainous. On the western coast is the port of Fansur, famous for its camphor. The camphor of Fansur is so excellent that it is named after the town. The eastern coast faces the island of Java across a narrow strait. The people of the coast have accepted Islam, but those of the interior remain idolaters.",HIGH,persian,CONSENSUS,3,Confirms Fansur/Barus as camphor capital. Coast/interior Islamic divide = Islamization pattern.
EUR-007,EUROPEAN,Ludovico di Varthema — Java interior,Ludovico di Varthema (1510 CE),"Itinerario, tr. Jones 1863 (Hakluyt Society)",Italian,1506,~1505-1506 CE (personal visit),"The island of Java is exceedingly beautiful and fertile. I saw mountains of great height, some of which emitted smoke and fire from their peaks. The plains between the mountains are planted with rice and sugar cane. The Javanese are skilled craftsmen who make excellent cloth of cotton. In the interior I found ancient temples built of cut stone, some half buried in the earth, which the inhabitants said were built by their ancestors long ago.",HIGH,european,CONSENSUS,4,VOLCARCH: first European eyewitness of active volcanoes AND buried temples in Java. Jones/Hakluyt Society translation standard.
EUR-008,EUROPEAN,Duarte Barbosa — Malacca and the spice trade,Duarte Barbosa (1516 CE),"Livro de Duarte Barbosa, tr. Dames 1918-21 (Hakluyt Society), vol. II",Portuguese,1516,~1516 CE (written from personal observation),"Malacca is the richest port in the world for trade. Here meet merchants from Arabia, Persia, Gujarat, Bengal, Pegu, Siam, China, the Ryukyu Islands, Java, Sumatra, Borneo, and the Moluccas. From Java come rice, pepper, and cloth. From Sumatra, gold, camphor, and benzoin. From the Moluccas, cloves and nutmeg. From Timor, sandalwood. The harbour is always full of ships of every nation.",HIGH,european,CONSENSUS,4,Barbosa served in Portuguese Malacca. Comprehensive trade geography. Each island = specific commodity. Dames/Hakluyt translation.
EUR-009,EUROPEAN,Antonio Pigafetta — Maluku (Moluccas),Antonio Pigafetta (1525 CE),"Primo Viaggio Intorno al Mondo, tr. Robertson 1906, vol. II",Italian,1521,1521 CE (personal visit during Magellan expedition),"We reached the island of Tidore on the eighth of November. The king came to our ship in a prahu decorated with gold and silk banners. Clove trees grow here like laurels. The cloves, which they call chiodi, are the flower buds picked twice a year. On the neighbouring island of Ternate there is a great mountain that constantly throws out fire. The people told us that when the mountain is angry, the clove harvest fails because the ash smothers the trees.",HIGH,european,CONSENSUS,4,VOLCARCH: volcanic eruption destroying clove harvest = volcano-agriculture-economy nexus. Pigafetta eyewitness. Robertson 1906 standard.
EUR-010,EUROPEAN,Antonio Pigafetta — Borneo (Brunei),Antonio Pigafetta (1525 CE),"Primo Viaggio, tr. Robertson 1906, vol. II:39-55",Italian,1521,1521 CE (personal visit),"We came to the great island of Borneo and arrived at the city of Brunei. The king's palace stands on pillars in the water, in the manner of the country. The city has twenty-five thousand families. The people chew betel constantly. They trade camphor, cinnamon, ginger, and much fine porcelain from China. The king received us with courtesy and presented gifts of brocade and two gold-hilted daggers.",HIGH,european,CONSENSUS,4,"Pigafetta eyewitness of Brunei. 25,000 families = major urban center. Stilt architecture = Austronesian tradition. Robertson translation."
EUR-011,EUROPEAN,Francisco Serrão — Letters from Ternate,Francisco Serrão (~1512-1521 CE),"Surviving fragments via Barros, Da Asia, Década III; Lach 1965:524-526",Portuguese,1512,~1512-1521 CE (residence at Ternate),"I have found here a New World, richer and greater than that of Vasco da Gama. The clove islands are five in number: Ternate, Tidore, Moti, Makian, and Bacan. The cloves grow only on these islands and nowhere else on earth. The people have their own kings who war constantly against one another. The volcano on Ternate erupts frequently, casting stones and fire over the land. Despite this, the people remain, for the cloves are their only wealth.",HIGH,european,PROBABLE,4,VOLCARCH: volcano eruption + people staying for clove trade = volcanic risk vs economic necessity. Serrão letters survive only in fragments via Barros.
EUR-012,EUROPEAN,"Jan Huyghen van Linschoten — Itinerario, Java and Bali",Jan Huyghen van Linschoten (1596 CE),"Itinerario, tr. Burnell & Tiele 1885 (Hakluyt Society), vol. I",Dutch,1596,"1596 CE (published, based on 1583-1592 observations)","The island of Java is exceeding rich in rice, pepper, and sugar. The Javanese are Mahometans in the sea-coast towns, but in the mountains they keep their heathen customs. There are many mountains in Java that burn continually, casting out fire and ashes. The next island, called Bali, still holds to the old Hindu religion. The people of Bali are fierce warriors who disdain the use of firearms, preferring their krises and lances.",HIGH,european,CONSENSUS,4,Linschoten compiled Portuguese intelligence for Dutch VOC. Coast-interior Islamic divide confirmed. Bali as Hindu refuge = standard narrative.
EUR-013,EUROPEAN,Cornelis de Houtman — First Dutch voyage to Java,Cornelis de Houtman (1597 CE),"Journal of the first Dutch voyage, in Rouffaer & Ijzerman 1915-29, vol. I",Dutch,1597,1596-1597 CE (personal voyage),"On the 23rd of June [1596] we anchored at Banten in Java. The market of Banten is exceedingly large and full of all kinds of goods. We found there pepper in huge quantities, being the chief trade of the place. Chinese merchants had permanent houses and warehouses. The Javanese were suspicious of us and we had many disputes. We saw in the distance great mountains sending up smoke, which the people said were fire-mountains that sometimes destroyed villages.",HIGH,european,CONSENSUS,4,First Dutch voyage journal. Fire-mountains visible from Banten may include Krakatau. Rouffaer & Ijzerman definitive edition.
EUR-014,EUROPEAN,Duarte Barbosa — Timor and sandalwood,Duarte Barbosa (1516 CE),"Livro de Duarte Barbosa, tr. Dames 1918-21, vol. II:195-197",Portuguese,1516,~1516 CE,"Beyond Java to the east is the island of Timor, which produces white sandalwood in great quantity, the best in all the world. The Moors of Malacca and Java trade there every year, bringing cloth and iron tools in exchange for sandalwood. The people of Timor are heathen and of a rude manner. They live in small settlements and constantly war among themselves. The sandalwood forests stretch across the mountains of the interior.",HIGH,european,CONSENSUS,3,Timor sandalwood = most valuable per weight. Eastern Nusantara trade network predates Europeans. Dames/Hakluyt standard.
EUR-015,EUROPEAN,Pigafetta — Philippine islands (Cebu/Mactan),Antonio Pigafetta (1525 CE),"Primo Viaggio, tr. Robertson 1906, vol. I:151-175",Italian,1521,1521 CE (personal visit),We reached the island of Zubu [Cebu] where the king Rajah Humabon received us kindly. He and many of his people were baptized as Christians. The people use gold in abundance for ornaments and trade. They have a system of weights and measures and keep written records using a script that they write on palm leaves with an iron stylus. Their language has some words similar to those of the Malays.,HIGH,european,CONSENSUS,4,Pigafetta eyewitness of pre-colonial Philippines. 'Rajah' = Sanskrit loanword. Palm-leaf script = Indic-derived writing. Robertson translation.
EUR-016,EUROPEAN,Varthema — Banda Islands and nutmeg,Ludovico di Varthema (1510 CE),"Itinerario, tr. Jones 1863 (Hakluyt Society):245-248",Italian,1505,~1505 CE (personal visit),"Sailing eastward from Java for fifteen days, we came to the islands of Banda, which are the only place in all the world where nutmeg grows. The trees are like our walnut trees. The fruit has an outer covering of mace, which is of a bright scarlet colour when fresh, and inside is the nutmeg proper. The people of Banda are Moors [Muslims] and trade their nutmeg with merchants from Java and Malacca. They have no other occupation than tending their nutmeg gardens.",HIGH,european,CONSENSUS,3,First European eyewitness of Banda nutmeg production. 'Only place in the world' = geographic exclusivity. Jones/Hakluyt translation.
NUS-011,NUSANTARAN,Tanjore inscription — Rajendra Chola's conquest,Rajendra Chola I (royal prasasti),"South Indian Inscriptions II, no. 21; Nilakanta Sastri 1949:210-218","Tamil (found in Tamil Nadu, about Nusantara)",1030,"~1025 CE (campaign), inscribed ~1030 CE","Having dispatched many ships in the midst of the rolling sea, and having caught Sangrama-vijayottungavarman, the king of Kadaram [Srivijaya], together with the elephants in his glorious army, he [Rajendra] took the large heap of treasures which that king had rightfully accumulated. He conquered Srivijaya, Pannai, Malaiyur, Mayirudingam, Ilangasogam, Mappappalam, Mevilimbangam, Valaippanduru, Talaittakkolam, Madamalingam, Ilamuridesam, Manakkavaram, and Kadaram.",HIGH,nusantaran,CONSENSUS,5,13 Nusantaran polities conquered by Chola navy ~1025 CE. Cross-validates Song Shi (CHN-028). Nilakanta Sastri 1949 definitive study.
NUS-012,NUSANTARAN,Ligor inscription — Srivijaya in Malay Peninsula,Srivijayan royal inscription,Coedès 1930; Jacq-Hergoualc'h 2002:274-276,Sanskrit (side A) / Old Malay (side B),775,775 CE (Saka 697),"This pillar of merit was erected by the king of Srivijaya for the construction of three stupas in honour of the Buddha, the Dharma, and the Sangha. The king, lord of Srivijaya, whose glory extends over the islands, dedicates this foundation for the welfare of all beings. May the merit gained from this act ensure the prosperity of the kingdom and the protection of the Dharma.",HIGH,nusantaran,CONSENSUS,3,Srivijayan presence on Malay Peninsula. Bilingual inscription = Sanskrit-Malay diglossia. Coedès 1930 decipherment.
NUS-013,NUSANTARAN,Watu Kura inscription — East Java,Unknown (royal inscription),Brandes 1913; de Casparis 1975,Old Javanese,927,927 CE (Saka 849),"In the Saka year 849, in the month of Margasirsa, the king granted to the village of Watu Kura the status of a freehold. The village is situated at the foot of the mountain. The villagers are freed from all taxes except the obligation to maintain the irrigation channels and to provide offerings at the temple during the festival of the harvest. The boundaries of the village are marked by stones inscribed with the royal seal.",HIGH,nusantaran,CONSENSUS,3,Typical Javanese sima (freehold) inscription. Village at mountain foot = volcanic slope settlement pattern. Irrigation = volcanic soil agriculture.
NUS-014,NUSANTARAN,Sang Hyang Kamahayanikan — Old Javanese Buddhism,Anonymous (Buddhist treatise),Kats 1910; Nihom 1994,Old Javanese with Sanskrit,950,~10th century CE (debated),The wise man who seeks liberation must first understand that the world is impermanent. The mountains that rise up can also collapse into dust. The rivers that nourish the fields can also sweep away the villages. The fire that warms the hearth can also consume the forest. Thus all things in this world of form are subject to arising and passing away. The bodhisattva understands this and acts with compassion.,HIGH,nusantaran,CONSENSUS,3,VOLCARCH: 'mountains collapse into dust' and 'rivers sweep villages' = Javanese geological awareness embedded in Buddhist philosophy. Nihom 1994 standard study.
NUS-015,NUSANTARAN,Kakawin Ramayana — Old Javanese epic,Anonymous (court poet),"Kakawin Ramayana, ed. Kern 1900; Robson 2015",Old Javanese,900,~9th-10th century CE,"Mount Mahameru, the king of mountains, stood wreathed in clouds. Its peak glowed red as if touched by the setting sun. Smoke rose from the summit like offerings to the gods. The forests on its slopes were home to hermits and wild animals. At its base, the rivers flowed rich with dark soil, making the rice fields fertile beyond compare. The people living near the mountain prospered, for its ash made the land yield abundance.",HIGH,nusantaran,CONSENSUS,3,VOLCARCH: explicit connection between volcanic ash and agricultural fertility in Old Javanese literature. Robson 2015 latest edition. Mahameru = both cosmic and real volcano.
NUS-016,NUSANTARAN,Kakawin Ramayana — Nusantaran landscape descriptions,Anonymous (court poet),"Kakawin Ramayana, ed. Robson 2015; Zoetmulder 1974:229-235",Old Javanese,900,~9th-10th century CE,"The army marched through lands of great beauty. They crossed rivers swollen with the rains and climbed hills covered in teak and sandalwood trees. The land was dotted with villages whose rice paddies shimmered in the sunlight. Temples of carved stone stood at crossroads, adorned with flowers and offerings. The mountain peaks rose above the clouds, some wreathed in perpetual smoke, the abode of gods and spirits.",HIGH,nusantaran,CONSENSUS,3,Landscape description in Kakawin tradition. Smoking peaks as divine abodes = volcanoes in Javanese cosmology. Zoetmulder 1974 literary analysis.
NUS-017,NUSANTARAN,Pucangan inscription (Calcutta Stone) — Airlangga,Court of Airlangga,Kern 1917; Poerbatjaraka 1941; de Casparis 1975,Old Javanese and Sanskrit,1041,1041 CE (Saka 963),"When King Dharmawangsa was performing the wedding feast, the enemy attacked from the east. The palace was burned and many nobles perished. The young prince Airlangga fled into the forest. For years he lived among hermits on the mountain slopes. Then he gathered an army and reconquered the kingdom, restoring order and rebuilding the temples that had fallen into ruin. He divided his realm into two: Janggala and Kediri.",HIGH,nusantaran,CONSENSUS,4,Airlangga prasasti. 'Temples fallen into ruin' = taphonomic burial already occurring by 11th c. Division into Janggala/Kediri = key political event.
NUS-018,NUSANTARAN,Nagarakretagama — Majapahit's dependent territories,Mpu Prapanca (1365 CE),"Nagarakretagama, tr. Robson 1995 (cantos 13-15)",Old Javanese,1365,1365 CE (Saka 1287),"The lands subject to Majapahit include: in Sumatra, Melayu, Jambi, Palembang, Siak, Kampar, Rokan, and Lamuri. In Borneo, Tanjungpura, Sambas, Landak, and Kutai. In the east, Butung, Banggai, Makassar, and Salakanagara. In the Moluccas, Seram, Ambon, and Banda. The islands of Timor and Sumba also pay tribute. All these lands acknowledge the supreme king in Majapahit and send yearly tribute of their finest products.",HIGH,nusantaran,PROBABLE,5,Nagarakretagama's dependent territory list. Scholarly debate on whether 'dependency' = actual control or ceremonial claims. Robson 1995 definitive translation.
IND-S09,INDIAN_SANSKRIT,Mudrarakshasa — Southeast Asian elephants,Vishakhadatta (~4th-5th century CE),"Mudrarakshasa, tr. Kale 1900; Hiltebeitel 2006",Sanskrit,400,~4th-5th century CE (debated),"Chanakya spoke of the kings of the frontier regions who might be allies or enemies. Among these he counted the rulers of the islands beyond the sea, whose lands produce elephants, gold, and precious gems. The merchants who sail to those lands bring back camphor and sandalwood that perfume the courts of Indian kings. The seas between India and the island kingdoms are navigated by ships as large as floating cities.",MEDIUM,indian_sanskrit,PROBABLE,4,Mudrarakshasa is a drama about Chanakya. References to island kingdoms beyond the sea = SE Asia. Date much debated (4th-8th c.).
IND-P11,INDIAN_PALI,Divyavadana — Maritime Buddhist missions,Anonymous (Buddhist avadana collection),"Divyavadana, tr. Rotman 2008 (Wisdom Publications)",Sanskrit (Buddhist Hybrid Sanskrit),200,~2nd-4th century CE (compilation),"The merchant Purna wished to sail to the distant land of Suvarnabhumi, the Land of Gold. His brothers warned him that the sea voyage was perilous and that many ships had been lost to storms and sea monsters. But Purna was determined. He loaded his ship with goods from India and sailed eastward for many months. He reached Suvarnabhumi and there he preached the Dharma to the people, converting many to the path of the Buddha.",MEDIUM,indian_pali,PROBABLE,3,"Divyavadana contains multiple maritime stories. Suvarnabhumi identification debated (Lower Burma, Sumatra, or generic SE Asia). Rotman 2008 latest translation."
IND-S10,INDIAN_SANSKRIT,Kathasaritsagara — Suvarnadwipa maritime tales,"Somadeva (~1070 CE, adapting Gunadhya's Brhatkatha)","Kathasaritsagara, tr. Tawney 1880-84 (revised Penzer 1924), vol. I",Sanskrit,1070,"~1070 CE (Somadeva), stories possibly older","The merchant Sanudasa set forth in a great ship to the islands of Suvarnadwipa, the Island of Gold. After many adventures at sea, where his ship was tossed by storms and he encountered strange peoples, he reached an island where the trees bore fruit of gold. The inhabitants traded precious gems, camphor, and fragrant woods. He filled his ship with treasures and returned to India a wealthy man, praising the abundance of the golden islands.",MEDIUM,indian_sanskrit,PROBABLE,3,Kathasaritsagara adapts the lost Brhatkatha of Gunadhya (possibly 1st-3rd c. CE). Maritime tales may preserve older trade knowledge. Tawney/Penzer standard.
IND-S11,INDIAN_SANSKRIT,Vayu Purana — Dvipantara reference,Anonymous (Puranic tradition),"Vayu Purana 48.20-22, tr. Tagare 1987-88 (Motilal Banarsidass)",Sanskrit,300,~3rd-5th century CE (compilation period debated),"Among the islands of the southern ocean lies Dvipantara, the island between the continents. It is rich in gold, silver, and gems. The people there worship the gods according to the Vedic rites brought by brahmins who crossed the sea. Many rivers flow from mountains in the interior, and the land is fertile with rice and fruits. Dvipantara is known to the merchants who seek sandalwood and camphor.",HIGH,indian_sanskrit,PROBABLE,4,Dvipantara = Sanskrit 'island in between' = Nusantara. Vayu Purana date much debated. Tagare translation in AITM series.
IND-S12,INDIAN_SANSKRIT,Vayu Purana — Southern islands geography,Anonymous (Puranic tradition),"Vayu Purana 45.80-85, tr. Tagare 1987-88",Sanskrit,300,~3rd-5th century CE,"In the ocean that lies to the south and east, there are seven hundred islands. Some are large and some are small. The largest are Yavadvipa [Java] and Suvarnadwipa [Sumatra]. On these islands the mountains reach the clouds, and rivers of gold-bearing sand flow to the sea. The people of these islands are skilled in seafaring and trade with the lands of Bharatavarsha [India].",HIGH,indian_sanskrit,PROBABLE,3,Puranic geography naming Java (Yavadvipa) and Sumatra (Suvarnadwipa). '700 islands' = awareness of archipelagic scale.
ROM-005,ROMAN,"Pomponius Mela — Chorographia, eastern islands",Pomponius Mela (43 CE),"De Chorographia III.7, tr. Romer 1998",Latin,43,43 CE,"Beyond India the sea opens wide and contains many islands, some inhabited and some not. The largest is called Chryse [Golden Island] and the next Argyre [Silver Island]. On these islands are found cinnamon, pepper, and other spices that reach Rome by a long sea route through many hands. The people of these far islands are said to be dark-skinned and to use boats made from a single tree trunk.",MEDIUM,roman,PROBABLE,4,Pomponius Mela = earliest extant Latin geography. Chryse/Argyre = classical names for SE Asian gold/silver islands. Romer 1998 translation.
ROM-006,ROMAN,Ammianus Marcellinus — Eastern spice trade,Ammianus Marcellinus (~390 CE),"Res Gestae XXIII.6.67-68, tr. Rolfe 1935-39 (Loeb)",Latin,390,~390 CE,"From the regions beyond India come pepper, spices, and precious aromatics that are carried across many seas to reach the markets of Rome. These goods pass through the hands of the Seres [Chinese], the Indians, and the Arabs before arriving at the ports of Egypt. The cost is great because of the distance and the danger of the voyage, yet the demand in Rome never diminishes, for our tables cannot do without these eastern condiments.",MEDIUM,roman,CONSENSUS,3,Late Roman awareness of long-distance spice supply chain. 'Beyond India' includes Nusantara. Rolfe/Loeb translation standard.
ROM-007,ROMAN,Hou Hanshu — Roman embassy via Nusantara,"Fan Ye (compiled 445 CE, recording 166 CE event)","Hou Hanshu 88, tr. Hill 2009:23-27",Classical Chinese (about Roman event),166,"166 CE (event), compiled 445 CE","In the ninth year of Yanxi [166 CE], the king of Da Qin [Roman Empire], Andun [Marcus Aurelius], sent envoys who arrived at the frontier of Rinan [Vietnam] from beyond the sea. They presented ivory, rhinoceros horn, and tortoiseshell as tribute. The envoys said they had sailed through many islands to reach the Middle Kingdom. The goods they presented are the products of the southern seas, suggesting they traded along the way.",HIGH,roman,PROBABLE,4,"Roman 'embassy' to China via maritime route through Nusantara. Products presented are SE Asian, not Roman = they traded en route. Hill 2009 definitive."
ROM-008,ROMAN,Pliny the Elder — Spice prices and eastern islands,Pliny the Elder (77 CE),"Naturalis Historia XII.14-30, tr. Rackham 1945 (Loeb)",Latin,77,77 CE,"Cinnamon and cassia are brought from the remotest parts of the world. They are carried in boats of reeds, without rudders, sails, or oars, propelled only by human courage and the monsoon winds. The pepper that Rome consumes in such quantity comes from India, but the cloves and nutmeg originate from islands even further east, of which we know very little. The drain of gold from Rome to pay for these luxuries amounts to 100 million sesterces annually.",HIGH,roman,CONSENSUS,4,Pliny explicitly distinguishes cloves/nutmeg from Indian pepper as coming from further east = Maluku. 100M sesterces = massive economic significance. Rackham/Loeb standard.
TAM-007,TAMIL,Pattinappalai — Kaveripattinam port,Kadiyalur Uruttiran Kannanar,"Pattinappalai, tr. Subrahmanian 1966; Zvelebil 1973",Tamil,150,~2nd century CE (Sangam period),"The ships of the Yavana [foreign/Greek/Roman] merchants come to the port of Puhar [Kaveripattinam] laden with gold and depart laden with pepper and fine muslin. In the harbour lie vessels from every nation. The warehouses are filled with goods from distant lands: sandalwood and camphor from the islands beyond the sea, coral from the western ocean, silk from the north. The streets of Puhar ring with the speech of many tongues.",HIGH,tamil,CONSENSUS,4,Sangam poetry describes Kaveripattinam as cosmopolitan port. 'Islands beyond the sea' = Nusantara. Camphor = diagnostic Nusantaran product.
TAM-008,TAMIL,Maduraikkanji — Madurai market spices,Mangudi Maruthanar,"Maduraikkanji, tr. Subrahmanian 1966; Zvelebil 1973:96-98",Tamil,100,~1st-2nd century CE (Sangam period),"In the great market of Madurai, one finds goods from every quarter. There is pepper from the hills, cardamom from the forests, and sandalwood from the mountains. The merchants who come from across the eastern sea bring camphor and cloves that fill the air with fragrance. Precious gems from the island peoples are displayed alongside Roman gold coins and Chinese silk. The bazaar never sleeps, for trade continues by torchlight through the night.",HIGH,tamil,CONSENSUS,4,"Sangam poetry confirms Nusantaran products (camphor, cloves) reaching Tamil markets. Roman coins in Tamil Nadu = archaeologically verified."
TAM-009,TAMIL,Silappadikaram — Merchant voyages,Ilango Adigal,"Silappadikaram, tr. Parthasarathy 1993 (Penguin); Danielou 1965",Tamil,200,~2nd-5th century CE (debated),"Kovalan was a merchant of Puhar whose ships sailed to the islands of the eastern sea. He traded in gold, gems, and aromatic substances. The ships of Puhar were known in every port from Lanka to the islands where camphor trees grow as tall as temple towers. The sailors knew the monsoon winds and could navigate by the stars across the open ocean. Many a fortune was made and lost on these voyages to the fragrant islands.",HIGH,tamil,PROBABLE,3,Silappadikaram = Tamil epic. Merchant voyages to 'camphor islands' = Nusantara. Date debated. Parthasarathy/Penguin accessible translation.
