site_id,name,lat,lon,label,class,season,scene_date,cloud_pct,ndvi_mean,ndvi_std,ndvi_center,ndvi_ring,ndvi_diff,ndvi_lvar,ndwi_mean,ndwi_std,ndwi_center,ndwi_ring,ndwi_diff,ndwi_lvar,msavi_mean,msavi_center,msavi_diff,clay_ratio,iron_oxide
HP001,Candi Sambisari,-7.7628,110.4561,hard_positive,2,dry,2024-07-21,0.068991,0.34209504317300676,0.12927608117158335,0.2734124080470288,0.3559227037388175,-0.0825102956917887,0.004260602860362535,-0.32868826498313447,0.10007072612858307,-0.2805612158963916,-0.33825525104126686,0.057694035144875255,0.0027525180471896656,0.4954572064372516,0.4122725062774782,-0.0995621980867179,1.269932143509222,0.9671998478087267
HP002,Candi Kedulan,-7.7308,110.4503,hard_positive,2,dry,2024-07-21,0.068991,0.33134373322420396,0.1504248067082446,0.2935859825539611,0.3597886716001848,-0.06620268904622367,0.004571228089271075,-0.31713205312291265,0.11854865851887873,-0.29052990399524214,-0.33844355197297316,0.04791364797773101,0.0030666699207317913,0.4779214887580325,0.4410791731466441,-0.06854326829792451,1.2561895417503444,0.9645655814989854
HP003,Candi Kimpulan,-7.7636,110.4147,hard_positive,2,dry,2024-07-21,0.068991,0.21404919839086486,0.1443882644964705,0.17912571733460883,0.21614166445232463,-0.0370159471177158,0.004876113468207336,-0.22332653131653252,0.11787564456797212,-0.2002890524578997,-0.22392117893041202,0.02363212647251231,0.0034700174125237527,0.33052067433323173,0.2885917603480561,-0.04439763312625289,1.1541892585025761,1.0191111484059
HP004,Candi Liangan,-7.2667,110.0611,hard_positive,2,dry,2024-08-13,0.325483,0.37642967750344936,0.13829058760065532,0.35858618811265514,0.39126565830433563,-0.03267947019168049,0.0028893881348333165,-0.35566424929800655,0.10730206454485777,-0.34831213322869103,-0.36613075340330925,0.017818620174618216,0.0020378849975249973,0.5304294824044727,0.5122283557777757,-0.036315610097775064,1.325042240637241,0.9494579894568593
HP005,Candi Badut,-7.9578,112.5986,hard_positive,2,dry,2024-08-12,0.720913,0.22393833564920837,0.15883051342622842,0.26285773222100867,0.2327204505449351,0.030137281676073574,0.00508573177937107,-0.23603564910486866,0.13584891782477693,-0.2661173399853234,-0.24331381977101085,-0.022803520214312534,0.004113286324049137,0.33951490813289636,0.39173264798630614,0.04167370093421008,1.1413400797141107,1.0250266078439108
HP006,Candi Tigomangi,-7.97,112.42,hard_positive,2,dry,2024-07-16,0.767885,0.4853305332467933,0.07643068580048838,0.5011312543300214,0.49595063604306694,0.00518061828695443,0.0015819778682523908,-0.43207938726138073,0.06913769790202803,-0.447518028210725,-0.43961420622538716,-0.007903821985337844,0.0011823700941369487,0.6497363357311995,0.6628442111509628,0.0025339533705809325,1.4317279210589255,0.8721511552659229
OSM0,Candi Jawi,-7.6624877,112.669879,soft_positive,1,dry,2024-08-12,0.720913,0.3091152476705076,0.16438237087438345,0.17795194701985892,0.3347767752340033,-0.15682482821414437,0.00442212905987891,-0.3019771943680602,0.1304799434990884,-0.20770031013073734,-0.3224607715665338,0.11476046143579646,0.0029388070730860727,0.44694689637884266,0.285206161359522,-0.19506691200412318,1.2277308271307215,0.9806557514186692
OSM1,Candi Tikus,-7.5718035,112.4035341,soft_positive,1,dry,2024-07-16,0.767885,0.3410944857606248,0.1277841250266715,0.2862537430708049,0.3334032380638142,-0.0471494949930093,0.002381672590059884,-0.3311639858434111,0.09444355224116353,-0.2917052087707435,-0.3263768252380141,0.03467161646727057,0.0013067699755346463,0.49458123668405185,0.43410864533105836,-0.050488479158536215,1.3043059125388539,0.9750365874120256
OSM2,Candi Bajang Ratu,-7.5677409,112.3987632,soft_positive,1,dry,2024-07-16,0.767885,0.33397397242016713,0.1301642381924063,0.39916644099813425,0.32489950569016474,0.07426693530796952,0.002433382361062514,-0.322205591284808,0.09571781282879467,-0.3669837841984159,-0.31605910720898667,-0.05092467698942921,0.0013922445647945967,0.48574299209981603,0.5618764754138976,0.0856554400692136,1.2855053322540766,0.9710157377302323
OSM3,Candi jolotundo,-7.6100965,112.595732,soft_positive,1,dry,2024-08-12,0.720913,0.47670042314187333,0.052031910558756125,0.4595920196950282,0.4784832350494922,-0.018891215354463975,0.0008247968971044041,-0.42931505651742136,0.04696673877837805,-0.4156895042682416,-0.4302376131051771,0.014548108836935525,0.0006752228352549781,0.6438651829664724,0.627320783015275,-0.018180263484984693,1.4856180510882386,0.8867872183343041
OSM4,Candi Naga 1,-7.608458,112.6105279,soft_positive,1,dry,2024-08-12,0.720913,0.472947505189802,0.07523760913198264,0.4667696873186402,0.4819050866269914,-0.015135399308351172,0.0006427615046696537,-0.4206591696394397,0.06088314976595187,-0.42668628956343296,-0.42683990438156905,0.00015361481813608302,0.0004257346261281037,0.6385477355632132,0.6319685575327412,-0.015154023280417928,1.4835801479891926,0.8752557854139497
OSM5,Candi Putri,-7.611832,112.6093412,soft_positive,1,dry,2024-08-12,0.720913,0.4550031355811923,0.06417936044320652,0.476105645008023,0.4488495719825377,0.027256073025485272,0.0006958889754819991,-0.40668241610731676,0.05367201005441209,-0.4291870378623884,-0.401438732886102,-0.027748304976286386,0.0004957871405141414,0.6227002513886805,0.6426664283984781,0.02558516001782174,1.4734418560559697,0.8868361384528723
OSM6,Candi Gentong,-7.6111708,112.6122723,soft_positive,1,dry,2024-08-12,0.720913,0.44944043032024017,0.07463606916704732,0.4876547341980349,0.43741362535583184,0.050241108842203064,0.0006977068428853063,-0.40660482718757285,0.05860576453543353,-0.43188968028130614,-0.39889081518438957,-0.032998865096916574,0.0004793468258690131,0.6164371686803883,0.6544731270307375,0.04985375611338372,1.4631462572651475,0.898450514781262
OSM7,Candi Bayi,-7.6139718,112.6055954,soft_positive,1,dry,2024-08-12,0.720913,0.4747368775881211,0.06008272681990217,0.44337149852329943,0.4775379965046905,-0.03416649798139104,0.0007373614764140527,-0.42258538416809205,0.05223240395929466,-0.39940885653627506,-0.42620964303086034,0.026800786494585283,0.0005711272412642226,0.641507972280951,0.612614182279059,-0.03135847464628627,1.4952801366548705,0.8763834786366388
OSM9,Candi Kendalisodo,-7.6067777,112.6076324,soft_positive,1,dry,2024-08-12,0.720913,0.4779486353674138,0.07572752547602271,0.48650067168123834,0.4850245433473857,0.0014761283338526332,0.0006341301255686671,-0.42348643757121973,0.06391136412040062,-0.42083762067411373,-0.42901369896212627,0.008176078288012534,0.0004209079788671395,0.6431214738660059,0.6527660708521296,0.0029545950062010995,1.4944797507108754,0.870156325820772
OSM10,Candi Tawangalun,-7.3988488,112.7891649,soft_positive,1,dry,2024-08-12,0.720913,0.19782815242826388,0.11314379303938352,0.2315054518646588,0.18402463644939027,0.047480815415268524,0.0032978798089835734,-0.21325426173301576,0.11407211848437442,-0.282964454306476,-0.19260047596387306,-0.09036397834260293,0.002588867164964587,0.3157393760092849,0.3658200099035321,0.07051799782095275,1.1718020777032228,1.0378506649350425
OSM11,Candi Kethek,-7.5939326,111.1602927,soft_positive,1,dry,2024-07-26,3.090687,0.0598836654674685,0.08724495644568984,0.02370906541896027,0.05202292443287185,-0.028313859013911577,0.0005013341642117315,-0.030874301388265177,0.07740335789836568,-0.004934463990387153,-0.02271513861782148,0.017780674627434327,0.00030462345849397034,0.10156515974250449,0.04561243333408356,-0.04166091090503976,1.1075780237030868,0.9434912027803916
OSM12,Candi Wisnu,-7.6147858,112.613817,soft_positive,1,dry,2024-08-12,0.720913,0.42510683554401724,0.07181586911979101,0.37864704168956237,0.4379516493300953,-0.059304607640532914,0.0006183216718173536,-0.39313229182847265,0.05466512597746623,-0.3543336074543683,-0.40501394846833494,0.05068034101396662,0.00042549927204420506,0.5930404405381267,0.5471397331635296,-0.058238220227381565,1.4416438413492931,0.9245839524523766
OSM14,Candi Selokelir,-7.6251042,112.6080982,soft_positive,1,dry,2024-08-12,0.720913,0.5666028064234029,0.05119352484634158,0.5722290743364372,0.5610793803554139,0.011149693981023279,0.0008062188390766276,-0.5107773721150086,0.04722959223010931,-0.5139197756064319,-0.5069369746804159,-0.006982800926015997,0.00062191311807533,0.7219374668352596,0.7256392083977937,0.00820761091773392,1.546899189294269,0.8533384082037786
OSM15,Candi,-7.6176551,112.610255,soft_positive,1,dry,2024-08-12,0.720913,0.4778671287069525,0.08194507367299973,0.5215200063173888,0.47248600101252697,0.04903400530486185,0.0007731507088277243,-0.43196636910714115,0.06987379180900807,-0.46995732765033127,-0.4277446178809024,-0.04221270976942887,0.0005697912117412211,0.6424759888173265,0.6837229868353165,0.046890960052581754,1.4812114358863546,0.8879421685035875
OSM16,Candi Naga,-7.6138526,112.6106987,soft_positive,1,dry,2024-08-12,0.720913,0.45022622848356475,0.06697218579848298,0.4772012390879161,0.4445757134543777,0.03262552563353843,0.0007039461348558852,-0.40567549733386016,0.05618692534437795,-0.43035433125266637,-0.4002798184101801,-0.030074512842486245,0.0005131196628060674,0.6179169190847419,0.6447176092927828,0.03259040093046672,1.4630147113998924,0.8951790073112094
OSM18,Candi,-7.6252159,112.6159826,soft_positive,1,dry,2024-08-12,0.720913,0.5820521355765174,0.05344088006698405,0.6136241875709186,0.5717979895825063,0.04182619798841236,0.0007678316787926085,-0.5313846488639696,0.05104289447795747,-0.568327981110055,-0.5204402064358927,-0.047887774674162276,0.0005841108091693499,0.7342777262280911,0.7600509774930163,0.03425146677222379,1.5577772984710268,0.8625577169256631
OSM19,Candi Merak,-7.6066004,112.6133722,soft_positive,1,dry,2024-08-12,0.720913,0.48886699555631624,0.07360703105916734,0.5709393504582425,0.47781994547517537,0.09311940498306714,0.0005781691227772541,-0.4375346052389321,0.06112743269379884,-0.5034812164749914,-0.4299955351210437,-0.07348568135394773,0.00039034003819859607,0.6532923116001697,0.7261161119118162,0.0828179211755754,1.4856430872993054,0.875320174554204
OSM20,Candi Penampihan,-7.9027228,111.7952694,soft_positive,1,dry,2024-07-26,3.090687,0.5289893350644468,0.08228938457108306,0.5237500636916343,0.5236863872265907,6.367646504368274e-05,0.0020791460311866275,-0.4818311771746016,0.06385046525826976,-0.478834583685328,-0.4771300210612582,-0.0017045626240698164,0.0012688321048404797,0.6877543891352739,0.6829470765631868,0.00013524407355214318,1.4924045359090652,0.8777921966842358
OSM21,Candi Rengganis,-7.9647946,113.5730157,soft_positive,1,dry,2024-08-12,0.215202,0.3329924187005222,0.07406409259747485,0.2660504306448466,0.33811315345430787,-0.07206272280946124,0.0011982614980946915,-0.33057230590551046,0.06127784800322487,-0.2733930001076952,-0.33460286872784084,0.06120986862014566,0.0008297768622491144,0.4947526299594802,0.4083304189874832,-0.09295805237612259,1.2668489209872722,0.9945339987785555
OSM22,Candi Tumpak Wolu,-7.6032232,112.6158902,soft_positive,1,dry,2024-08-12,0.720913,0.5398234715742912,0.04839965993850426,0.5301010311891112,0.5392495702870277,-0.009148539097916464,0.0005344748593635715,-0.4846360241367067,0.042482564909290595,-0.48444227071325785,-0.48308483001959984,-0.0013574406936580075,0.00041050203197356137,0.699812196884459,0.6923745435118291,-0.006590982804558387,1.5231236159015344,0.8599056631340618
WIKI0006,Candi Wayang,-7.605485,112.621598,soft_positive,1,dry,2024-08-12,0.720913,0.5272683175336377,0.07287127684051313,0.5951701360058449,0.5134679168446289,0.081702219161216,0.0005404192845079047,-0.48285588900695914,0.06333814931275032,-0.5453044841928917,-0.4692305533701275,-0.0760739308227642,0.0003958556726985906,0.6873170532845034,0.7454101174301695,0.07022928142347451,1.5052114782604367,0.8852137039433077
OSM26,Candi Griya,-7.6032082,112.6206324,soft_positive,1,dry,2024-08-12,0.720913,0.5497476333666941,0.04700890753879829,0.6062230381865403,0.5347349887891599,0.0714880493973804,0.0004471779099510497,-0.49908100066141625,0.043470716711207114,-0.556422458845436,-0.4844002205445325,-0.07202223830090343,0.00035657895174604414,0.7082336650791649,0.7542775359166773,0.05852280606185678,1.5282983661769285,0.8687278432463134
OSM29,Candi Gedog,-8.0877749,112.1841994,soft_positive,1,dry,2024-07-16,0.767885,0.24473314503535307,0.1420678869893031,0.30848444456913404,0.2400120782055741,0.06847236636355994,0.004143381071205441,-0.24879992782299984,0.11519802130430223,-0.29937113523982484,-0.24376008370603727,-0.055611051533787564,0.0028198144257961617,0.37311915866105705,0.45685543123371875,0.09202897436177865,1.1427201078067362,1.007163610918213
OSM30,Candi Dadi,-8.1302386,111.9268294,soft_positive,1,dry,2024-07-16,0.767885,0.33467326559947913,0.12638858376453044,0.40980516944750245,0.3228769752065388,0.08692819424096365,0.001027329590952932,-0.3237430642624089,0.10318634163986071,-0.39420700204330983,-0.31479329593894967,-0.07941370610436016,0.0005559566392436605,0.4874086431450022,0.578103392112946,0.10558830235381395,1.3770363661939864,0.9739753190394814
OSM31,Candi Ketawanggede,-7.946843,112.6123534,soft_positive,1,dry,2024-08-12,0.720913,0.17809233860494478,0.15000015936800262,0.1511363176610449,0.17550424616257954,-0.02436792850153463,0.004593370251693313,-0.1966110417657619,0.1263672616290619,-0.17858350475939827,-0.19435600835259542,0.01577250359319715,0.0037706159233101082,0.2774133974348213,0.24587620674620894,-0.029600687821914634,1.078198644700678,1.038772121100757
OSM32,Candi Karang Besuki,-7.9523146,112.5997549,soft_positive,1,dry,2024-08-12,0.720913,0.2554147979274987,0.17309027607787028,0.3112704209987339,0.2405509472576324,0.07071947374110152,0.0047912939542346785,-0.2601635245826747,0.1454170310632444,-0.3050224012562224,-0.24844723515755185,-0.056575166098670526,0.0037494305508778154,0.377020696103182,0.45076096522677633,0.09191695244916948,1.1705187509868034,1.007343667809911
OSM33,Situs Peninggalan Lesung Purbalingga,-7.9485617,112.5993642,soft_positive,1,dry,2024-08-12,0.720913,0.306582861154833,0.1725831312051025,0.48536797882859944,0.2676246239059926,0.21774335492260682,0.0045030983374384275,-0.3069713465109424,0.13941299132922239,-0.4483111459396031,-0.274028400084409,-0.1742827458551941,0.003113999299823756,0.4418459740263108,0.6475820043306032,0.2529492967304833,1.2221065425006825,0.9968519944806874
OSM34,Watu Prasasti,-7.596268,112.6128719,soft_positive,1,dry,2024-08-12,0.720913,0.5003798400409735,0.048623679253822036,0.5061267593916121,0.494887778965285,0.011238980426327094,0.0005907233611480412,-0.4496264348103501,0.04315260976809137,-0.45176647850681406,-0.4448362747651622,-0.006930203741651875,0.00044942276795055525,0.6655547520911556,0.670327491130704,0.009715928507195937,1.4955719958121172,0.876171574237815
OSM36,Candi Simping,-8.1640797,112.1461388,soft_positive,1,dry,2024-07-16,0.767885,0.36093676890779036,0.14806020956560298,0.3554974529607613,0.3372061934108719,0.018291259549889416,0.0031676463109108215,-0.34513410507317566,0.11351683132176182,-0.3414512448559779,-0.3259687666889409,-0.015482478167036962,0.001999588795140039,0.5125769722423088,0.5079929553128102,0.019132426719100704,1.3020297851025018,0.9593371639094564
OSM37,Candi Sirah Kencong,-7.9800031,112.4278234,soft_positive,1,dry,2024-07-16,0.767885,0.5291017170287697,0.08117594788357256,0.5486246994879985,0.5232816695594249,0.025343029928573624,0.0017277524809202582,-0.47777153160553554,0.06765674637639203,-0.4860894941358074,-0.4725923733790073,-0.013497120756800096,0.0012503865036091173,0.6878701222249086,0.7054487918827056,0.02317422038535566,1.5095495280285818,0.8686030657647538
OSM38,Candi Gambar Wetan,-7.9680444,112.2388364,soft_positive,1,dry,2024-07-16,0.767885,0.3676332905887174,0.20385424374326036,0.44064432465381215,0.3988575598859229,0.04178676476788923,0.0020196544087309814,-0.3439230039698895,0.17049702612304296,-0.3977583244251143,-0.36873878482022887,-0.029019539604885403,0.00134320473423884,0.4978776621596772,0.5963506602654547,0.06118704519984597,1.32693691923304,0.9395253548363216
OSM39,Situs Umpak Balekambang,-8.0143318,112.2227457,soft_positive,1,dry,2024-07-16,0.767885,0.37445916056880285,0.14223644147538123,0.474966927538811,0.34683600534733755,0.12813092219147343,0.003190311825113031,-0.36495843600876327,0.10543577211798949,-0.4390956617351305,-0.3462169833459951,-0.09287867838913538,0.0020422807003790595,0.5284098271354295,0.6389975521117163,0.14166067627398382,1.3098268803279822,0.9740934856657517
OSM40,Candi Wringin Branjang,-8.0027503,112.2817723,soft_positive,1,dry,2024-07-16,0.767885,0.38967881403650007,0.18787414174198874,0.5022942789593015,0.38374697708992683,0.11854730186937462,0.0019059192507534805,-0.3622324421822578,0.16027932705946155,-0.4592258225989688,-0.3568645423531153,-0.1023612802458535,0.0013583390437583375,0.5295717642842461,0.6629154541158391,0.137353803186558,1.3151467596865147,0.9307234016998059
OSM41,Situs Gadungan,-8.0000331,112.2816472,soft_positive,1,dry,2024-07-16,0.767885,0.3619379687268212,0.19527461465171772,0.40707844903250634,0.40040950030533495,0.0066689487271713865,0.001740416588054702,-0.33663146135803323,0.1639259203783877,-0.3609348377408349,-0.3723140894278359,0.01137925168700099,0.0012375179491942985,0.4958933314425546,0.5758039906559298,0.03368115847625708,1.2946807429964189,0.9370241686897048
OSM42,Candi Brahu,-7.5429066,112.3743651,soft_positive,1,dry,2024-07-16,0.767885,0.38361945924028007,0.11933244283156585,0.4137502918602178,0.3644823954030787,0.04926789645713908,0.0021618973284803365,-0.3600220386922615,0.08245894540330671,-0.38327795835742734,-0.3466420978434562,-0.036635860513971163,0.001119298562796931,0.5427539019667885,0.5799261847674564,0.05867850043004419,1.3544232024181317,0.9443146310489466
OSM43,Candi Gentong,-7.5435102,112.3780875,soft_positive,1,dry,2024-07-16,0.767885,0.344930621770404,0.12692878764875165,0.2842870222930402,0.3444458936076279,-0.06015887131458769,0.002627458298194116,-0.33282615992443854,0.08819904849811828,-0.3102344443123353,-0.3296546812088516,0.019420236896516285,0.0013503032764827722,0.4989297662658828,0.42966085559939526,-0.06901306716265831,1.3124986873201516,0.9708606797240784
OSM44,Candi Wringin Lawang,-7.5418917,112.3909426,soft_positive,1,dry,2024-07-16,0.767885,0.3126493697883183,0.13554336187265068,0.343798702588443,0.3245186425804286,0.019280060008014355,0.0030462223398778827,-0.3008642453150408,0.10389967623618894,-0.32844659527430475,-0.3096876537023466,-0.018758941571958176,0.001863240920383303,0.45903743299097505,0.4977809917019806,0.023107165765489934,1.2552428048101147,0.9721438576134315
WIKI0002,Candi Jago,-8.00579,112.76405,soft_positive,1,dry,2024-08-12,0.720913,0.23953438072407043,0.15263426175324626,0.17763068900495577,0.2631713154168985,-0.08554062641194271,0.004220609038347958,-0.25732449649336464,0.12563950699700066,-0.2059516425963383,-0.27854226515744207,0.07259062256110377,0.002975522535464714,0.3627412162102709,0.2890766688405955,-0.10396362471074128,1.1445144331784614,1.037525732070782
OSM46,Kompleks Candi Sumberawan,-7.8553516,112.6448151,soft_positive,1,dry,2024-08-12,0.720913,0.40669116771425323,0.11224998205531754,0.45559462816019336,0.3910410402952212,0.06455358786497217,0.0029634619793653563,-0.3951098674699285,0.08559487233446908,-0.4156508055244476,-0.3826318972018898,-0.03301890832255783,0.0016534751978694775,0.5683105880813198,0.6207833732952406,0.0697372715701221,1.3388095746696265,0.9700896070958038
OSM47,Candi Pari,-7.5161315,112.6834255,soft_positive,1,dry,2024-08-12,0.720913,0.2818542967776666,0.15803081996820337,0.20978274278915834,0.30276661294512236,-0.09298387015596402,0.004778411101601595,-0.28745831647657066,0.1188889399317618,-0.2347837779163286,-0.3034709742501745,0.0686871963338459,0.0029737308841110035,0.41627220386416375,0.3261404627990157,-0.11437664715279794,1.199250041868024,1.0100057749078144
OSM48,Situs Watu Gong,-7.9388986,112.5975542,soft_positive,1,dry,2024-08-12,0.720913,0.22249573091602115,0.16417425102607927,0.2548366929088392,0.217150522585178,0.0376861703236612,0.004513441718897303,-0.23487363717105278,0.13658153698728345,-0.2628811958975759,-0.23083873529356397,-0.032042460604011946,0.0035831527653409022,0.3361253052620792,0.3731185971522041,0.04217795551630216,1.1362436608000241,1.0245432164416417
OSM49,Candi Cetho,-7.5957362,111.1581311,soft_positive,1,dry,2024-07-26,3.090687,0.06623774671402438,0.08914808638321779,0.11189800473809232,0.059168374227375614,0.052729630510716705,0.0004745904250972879,-0.036669674751943,0.07746423748557185,-0.07061191304319152,-0.03077442688590283,-0.03983748615728869,0.00029036817406241313,0.11260609286158645,0.19402185894809235,0.0949215668180033,1.1032490530451784,0.9422942981998911
OSM50,Candi Menak Jinggo,-7.5583872,112.3865115,soft_positive,1,dry,2024-07-16,0.767885,0.34960573230405445,0.13972700288565118,0.39821466297997454,0.3394903601382592,0.05872430284171537,0.0027388083937518203,-0.3202432076635248,0.12211799706647568,-0.3685915998971978,-0.30795991888099195,-0.06063168101620586,0.0017907344656828454,0.50122543680474,0.5544644540894046,0.0648511289407459,1.2722889629858678,0.9339719674329244
OSM51,Situs Kumitir,-7.5707338,112.4117737,soft_positive,1,dry,2024-07-16,0.767885,0.30779315416458164,0.1316703439954667,0.22960177915549587,0.33319180820951994,-0.10359002905402406,0.0024202438624983187,-0.30703616318768395,0.09771942641861597,-0.24582589397021692,-0.32634348652262335,0.08051759255240643,0.001371104833722947,0.45505866154262986,0.3670413031436368,-0.11736683250829655,1.2780812221397118,0.995988464721921
OSM52,Situs Genting,-7.5714269,112.5898064,soft_positive,1,dry,2024-08-12,0.720913,0.31658668898287845,0.10059259650302764,0.3305036932383931,0.32291217296682617,0.007591520271566954,0.0016562893993331436,-0.3173730179836812,0.07140082712784411,-0.32811752099294167,-0.3243994939436902,-0.003718027049251449,0.0008619508224725805,0.4718448833708695,0.4938076303433661,0.014655939954662245,1.2979663803930888,1.0008026918562785
OSM53,Candi Bangkal,-7.543221,112.6355351,soft_positive,1,dry,2024-08-12,0.720913,0.373226577726528,0.15548023358373797,0.3148135004304338,0.3708286911871446,-0.0560151907567108,0.002760106135422049,-0.3405854739348454,0.1339167518470071,-0.3125977341713305,-0.3370148137442132,0.024417079572882694,0.002039199320766304,0.5228908402153671,0.4576761791251886,-0.06520126729966763,1.3096926953393742,0.9232716225430051
OSM54,Situs Tarik Raden Wijaya Majapahit,-7.4527626,112.4827118,soft_positive,1,dry,2024-07-16,0.767885,0.2577974482742275,0.13163235072618978,0.3274114857556681,0.2524159141834066,0.0749955715722615,0.002631749511443218,-0.22553731463247323,0.1247943424191987,-0.3002989435683165,-0.21978972457525026,-0.08050921899306623,0.002177960336023542,0.3915025901773266,0.4797450814721634,0.09505263480258286,1.257400706842515,0.9327647587901927
OSM55,Candi Petirtaan Belahan,-7.6075228,112.6513504,soft_positive,1,dry,2024-08-12,0.720913,0.4605254051394207,0.07625023486827581,0.49691066631444125,0.45746677507492245,0.0394438912395188,0.0017268670778716776,-0.4258737805733108,0.05828050221088769,-0.4545893855598391,-0.4230935590940821,-0.03149582646575699,0.0010351632289766141,0.6265813440471651,0.6599091284515748,0.0358720456996755,1.4130926494455422,0.9153233558207665
OSM56,Situs Candi Terung,-7.3947721,112.6203456,soft_positive,1,dry,2024-08-12,0.720913,0.23819274274505628,0.1346939549833193,0.33770054522706433,0.2207497811544755,0.11695076407258884,0.0037454838657342763,-0.24399679848009515,0.11281423476245944,-0.3280822037534652,-0.22883049140552886,-0.09925171234793634,0.0023040799691038337,0.3662599721953533,0.49330682873843673,0.15009435755914718,1.1818512243439574,1.0118407736361161
OSM57,Candi Kesiman,-7.6504231,112.5299286,soft_positive,1,dry,2024-08-12,0.720913,0.33241254938714865,0.10340356080153729,0.3676301979633152,0.33369317355788103,0.03393702440543417,0.0028198376242259317,-0.3165331935654348,0.08132187698616167,-0.3416975211401195,-0.3168660647589611,-0.024831456381158357,0.0017448069648513592,0.48983198381823484,0.532390685545929,0.04130690539166615,1.2932158284482234,0.9630313981909563
OSM58,Situs Gapura Majapahit,-7.4274762,112.3593053,soft_positive,1,dry,2024-07-16,0.767885,0.29917075254921566,0.1208983775722294,0.2419564061135595,0.30942725011175404,-0.06747084399819453,0.0027610922228668857,-0.29425249997590275,0.0935991503844058,-0.2665679272572413,-0.30143807256956917,0.03487014531232785,0.0017106460008158148,0.44680257096762926,0.3813818516005898,-0.07678860906464596,1.2838166188017315,0.9879132922971025
OSM59,Candi Patakan,-7.2836656,112.2565327,soft_positive,1,dry,2024-07-16,0.011199,0.3327801247820196,0.10498347296074481,0.33320197860136874,0.32950948418262543,0.0036924944187433084,0.002085622704025461,-0.32740239188026343,0.07217193273268677,-0.33510462612737,-0.32411777881124443,-0.010986847316125592,0.0011463509000896298,0.48964287273971124,0.49244186617161856,0.007617841368606326,1.305354484291255,0.9869859741513497
OSM60,Prasasti Cunggrang,-7.5798158,112.6849627,soft_positive,1,dry,2024-08-12,0.720913,0.25343658180618117,0.13026870764305018,0.2123243097732236,0.26705161146331785,-0.05472730169009424,0.0025853179090411563,-0.25139225571975005,0.100398532370692,-0.21927389852315637,-0.26132551660456266,0.04205161808140628,0.0017316717242707815,0.38721778845262156,0.3384309653089781,-0.06494986522806906,1.189389296131046,0.994367400141474
OSM61,Situs Petirtaan Brumbung,-7.799256,112.2885931,soft_positive,1,dry,2024-07-16,0.767885,0.37469529902612997,0.12189454958672995,0.41603904034104017,0.37736697440851324,0.03867206593252692,0.004056044195146464,-0.3549627179032687,0.09788746110161284,-0.3901021494500864,-0.3563668808587571,-0.033735268591329304,0.002654412911132907,0.5330005039250649,0.5811326642315499,0.045065650055257866,1.2982728743069905,0.9521596995600866
OSM62,Candi Surowono,-7.7464638,112.2180204,soft_positive,1,dry,2024-07-16,0.767885,0.2820250483963412,0.15009859905368536,0.3183140337435735,0.28614041055112516,0.03217362319244832,0.004948906689960663,-0.2573893999943451,0.1451153553023532,-0.30984042339662043,-0.258373583643791,-0.05146683975282945,0.003964062238436359,0.4184994141617006,0.46933897048904444,0.04745447481126558,1.186234735485416,0.9478056911632646
OSM63,Candi Tegowangi,-7.7347204,112.1611752,soft_positive,1,dry,2024-07-16,0.767885,0.3375772361736663,0.12778271153194398,0.3980146551044604,0.3434049284123353,0.054609726692125105,0.004342943628573473,-0.3267046561791499,0.1011005130469906,-0.3713448006704596,-0.3315285528603919,-0.039816247810067706,0.002855010148338908,0.4906816705147911,0.5610984293379397,0.06351857361661845,1.2403026185141393,0.9727539753010085
OSM64,Situs Petirtaan Sumberbeji,-7.6658053,112.2562369,soft_positive,1,dry,2024-07-16,0.767885,0.4082536227034362,0.11634287233051875,0.4068032436637729,0.3970827926719281,0.00972045099184482,0.003008023366827879,-0.38320142682520736,0.08573776633096437,-0.38313348476594183,-0.37587669113763,-0.007256793628311831,0.0017296913385536853,0.5691152423066538,0.570091210888649,0.01318908904663696,1.3613809245704034,0.9392972581315702
OSM65,Situs Gua Selomangleng,-7.8072612,111.9729852,soft_positive,1,dry,2024-07-16,0.767885,0.40334931543380625,0.10887705758184461,0.35312944721024886,0.41155408095822293,-0.058424633747974075,0.0021083091975888746,-0.3823483084786346,0.08618664075965893,-0.3460912016225412,-0.3884275747037476,0.04233637308120641,0.0014518533891225696,0.5650654203210855,0.5099185974082365,-0.0639828425021276,1.3916758654382038,0.9494977429557101
OSM66,Situs Arca Totok Kerot,-7.7979459,112.0701523,soft_positive,1,dry,2024-07-16,0.767885,0.3751351194797839,0.15342636475408905,0.4118956462497589,0.3586267216434457,0.05326892460631316,0.003949496724501021,-0.35234777351222124,0.1208784638699108,-0.3714390701064619,-0.3410541848572681,-0.030384885249193805,0.0025879668696377487,0.5258617303154799,0.5743859440355209,0.06876745463827127,1.2754180732766167,0.9434742520414998
OSM67,Situs Candi Tondowongso,-7.7905516,112.1422892,soft_positive,1,dry,2024-07-16,0.767885,0.3628597840466288,0.1310629903736843,0.4098257833300468,0.3637154259561585,0.0461103573738883,0.003862186854084736,-0.346751014898757,0.10165851422613557,-0.37903263881188126,-0.3469736742546662,-0.032058964557215075,0.002450566278374283,0.5180158162026002,0.5686443239946232,0.05004936013604533,1.259746170733555,0.9602739845157557
OSM68,Candi Mirigambar,-8.1341345,111.9759543,soft_positive,1,dry,2024-07-16,0.767885,0.21475688985858604,0.12065612758065172,0.17126310174237908,0.24057084599689776,-0.06930774425451869,0.0021583423201517386,-0.20033921475348077,0.10388579322420705,-0.1583431994296063,-0.22404177604713063,0.06569857661752432,0.0013453230380970878,0.3383058149846309,0.2876614370784711,-0.08298858614543325,1.1266947159268865,0.9700422486875081
WIKI0003,Candi Penataran,-8.01611111,112.20916667,soft_positive,1,dry,2024-07-16,0.767885,0.33316246054542753,0.1374705854469699,0.23134418161769102,0.332888636068046,-0.10154445445035495,0.0042575171424924785,-0.3157024992043319,0.11371548906501089,-0.24097944186633055,-0.315538260529685,0.07455881866335443,0.0030842858469933465,0.48304471350979555,0.36483277416192095,-0.11870650517026332,1.2412828319878715,0.9585767509296121
OSM70,Situs Candi Gempur Adan-Adan,-7.769902,112.1171099,soft_positive,1,dry,2024-07-16,0.767885,0.3749149216096194,0.12458537197090287,0.4260890168137506,0.37316071645695403,0.052928300356796576,0.0037790793316995804,-0.35866863190215487,0.09676155867447618,-0.3995615545201432,-0.3574116203353178,-0.04214993418482538,0.0023428094993963736,0.5328706495440796,0.5916509717102383,0.06164689325460604,1.2750790680515764,0.9595547413413071
OSM71,Situs Watu Umpak Grobogon,-7.6011296,112.3480411,soft_positive,1,dry,2024-07-16,0.767885,0.36150402512897273,0.12044378744792414,0.36521893176839015,0.37328798483656983,-0.008069053068179677,0.0025031900650566595,-0.3468221262101629,0.08958694724305019,-0.3460614256128763,-0.3565236193308734,0.010462193717997115,0.001613430414596666,0.5188252003371449,0.5264434267917238,-0.005326481492425872,1.3087456914989732,0.9643972064353081
OSM72,Situs Kedaton Jombang,-7.6346011,112.2532318,soft_positive,1,dry,2024-07-16,0.767885,0.35965968033565976,0.12163663603502703,0.3042851851800161,0.3677985932724343,-0.06351340809241818,0.00289235308637237,-0.34102341354906396,0.08964553336044787,-0.2896039487187061,-0.3494388352133598,0.05983488649465368,0.0016729842522589854,0.5163331484997807,0.4489508409217734,-0.07728676029994042,1.2865096513165475,0.9558141484117508
OSM73,Candi Ngetos,-7.6935104,111.8424528,soft_positive,1,dry,2024-07-26,3.090687,0.31664538569336553,0.11877126608673766,0.2353800509274908,0.32593741938479326,-0.09055736845730245,0.0029289290479698996,-0.32824993779399503,0.08617678714622255,-0.2607183221496253,-0.3363716234089141,0.07565330125928876,0.001685984475853886,0.4684604922138029,0.37006333830852556,-0.10882206161692676,1.292852941842164,1.024557777536096
OSM74,Situs Dam Pipo,-7.78122,112.2578354,soft_positive,1,dry,2024-07-16,0.767885,0.42297513341400084,0.1039833751004906,0.46070547770300607,0.4160217236198875,0.04468375408311859,0.0026162882523976176,-0.39058856711801654,0.08270515483107194,-0.4144976077011934,-0.3856607550060137,-0.028836852695179716,0.0016927126695164426,0.5861748357041024,0.6294924302903815,0.05139805644410711,1.3842331581008012,0.9224035988912141
OSM75,Situs Watu Gilang Pujon,-7.8289325,112.4220203,soft_positive,1,dry,2024-07-16,0.767885,0.4464259300580381,0.08858970088149155,0.4176012262494319,0.456191652873944,-0.038590426624512064,0.0016626219392419977,-0.4050171923538776,0.06785417204588076,-0.3730631512769791,-0.4145782382181341,0.04151508694115502,0.0009938998323792214,0.6119253038867443,0.5876237541806608,-0.03332388895335392,1.3527507132434486,0.9009245583001855
OSM76,Situs Candi Ganter,-7.8271272,112.3939101,soft_positive,1,dry,2024-07-16,0.767885,0.5162931538722725,0.05333449111859199,0.512234619204455,0.5164883730219756,-0.004253753817520578,0.001034191998489513,-0.46981130009661065,0.04496619936930182,-0.4623392408716383,-0.46991290541546865,0.00757366454383035,0.0007635390391174304,0.679294353307425,0.6760870325931819,-0.0033354716569305998,1.4727615184161889,0.8830913370320008
OSM77,Situs Sendang Made,-7.4030121,112.3122484,soft_positive,1,dry,2024-07-16,0.767885,0.34458507687916673,0.08574198914076585,0.3914098173518265,0.3389241965006816,0.05248562085114489,0.0020405488875629616,-0.3265628119742789,0.0645243566487162,-0.35680635068574035,-0.32337303933793904,-0.03343331134780131,0.0011872098778386555,0.5061415647317011,0.5590494989636522,0.05983669439031808,1.31493341950336,0.9591825447984699
OSM78,Situs Makam Gunung Ratu,-7.2640867,112.2370884,soft_positive,1,dry,2024-07-16,0.011199,0.3116039549899761,0.1201784499479221,0.32164596289040254,0.29867402007823207,0.022971942812170465,0.0020081911281139937,-0.31779471697759126,0.08849443089757998,-0.3230215716305816,-0.3075722066383753,-0.015449364992206283,0.0011242320229571457,0.4621345918792641,0.4756025258999489,0.02913439964875153,1.2835970235433936,1.0119527850652268
OSM79,Prasasti Gurit,-7.403138,112.2881247,soft_positive,1,dry,2024-07-16,0.767885,0.3511205500249709,0.11640483108959994,0.25459367745169786,0.36460574270735985,-0.11001206525566198,0.002362870748158282,-0.32948112257100154,0.08776501621859317,-0.25372274946061596,-0.3404837743923616,0.08676102493174565,0.0014471906790610068,0.5083571883349963,0.39615502170984657,-0.12721536722418808,1.2880469324836452,0.9493474972193197
OSM80,Prasasti Sumbersari,-7.2892372,112.235266,soft_positive,1,dry,2024-07-16,0.011199,0.34243969106394573,0.11085042471984605,0.3942111133889963,0.3330565275493483,0.061154585839648,0.002156367787887403,-0.3265874167681331,0.07961209939352427,-0.36351949544892703,-0.32052957892780354,-0.042989916521123495,0.0012888807484748791,0.49921163926809103,0.554682408133176,0.06597352791698041,1.306979357749324,0.9633716730328513
OSM81,Candi Situsumpak,-7.5406294,112.4025429,soft_positive,1,dry,2024-07-16,0.767885,0.3603192946091692,0.12626623983732208,0.4546255823829195,0.3193419194873705,0.135283662895549,0.0018821332517168826,-0.33565559163284564,0.09345883049590646,-0.4065577141673081,-0.30452254879429896,-0.10203516537300916,0.0010518818640645258,0.515885086708575,0.6224145906914782,0.15333293641956036,1.3188265798467889,0.9422839420151795
OSM82,Situs Yoni Lebak Jabung,-7.619221,112.4114903,soft_positive,1,dry,2024-07-16,0.767885,0.31555496234857394,0.1074786808308632,0.30714386745998506,0.32041851765975093,-0.01327465019976587,0.0021266605984838222,-0.3070732704602466,0.08678499778264204,-0.29579600385501253,-0.31089395504128775,0.015097951186275216,0.0013617727761357254,0.46874518000481896,0.466946128779673,-0.00654497041282609,1.302418623449559,0.980536326628775
OSM83,Candi Kedaton,-7.5704583,112.3796406,soft_positive,1,dry,2024-07-16,0.767885,0.3658586916065804,0.13583006976309245,0.2727753272160548,0.3801503367364607,-0.1073750095204059,0.0035577443056104743,-0.3470368186209292,0.10384218587567387,-0.29274516845460774,-0.3572294806344082,0.06448431217980044,0.0021364875458692784,0.520018705772871,0.41476662655581664,-0.12243262236751751,1.3001714436183334,0.9543520329510802
OSM85,Situs Siti Hinggil,-7.5503366,112.3692731,soft_positive,1,dry,2024-07-16,0.767885,0.3398015967294529,0.14867808569023272,0.38162900478482625,0.3241255854972122,0.057503419287614044,0.0028302052614806316,-0.3309217442693333,0.11111606316520939,-0.3625657547156625,-0.3188960102724829,-0.043669744443179614,0.0016457636828558881,0.48765403180096756,0.5358633360818635,0.06644827477848725,1.2907765748862208,0.9765566312667868
OSM86,candi jawar,-8.1680934,112.8953201,soft_positive,1,dry,2024-08-12,0.215202,0.5155078328442687,0.06518775486576533,0.4896247165530069,0.517227920499248,-0.02760320394624116,0.0011064888470145625,-0.4666478959298007,0.055864712885575166,-0.44233331482612553,-0.468144262023222,0.02581094719709648,0.0007899531708915751,0.6777072706876445,0.6544647533382693,-0.024816003922227492,1.4835618253040848,0.8774774287330056
OSM87,Cagar Budaya Candi Pendem,-7.497183,111.2241471,soft_positive,1,dry,2024-07-26,3.090687,0.3172260625800602,0.10989269515331285,0.34266418562634593,0.305621170876178,0.03704301475016791,0.002963893815756792,-0.31936767104900116,0.08372700539291403,-0.33814975012449383,-0.31159487137397074,-0.026554878750523092,0.001801707121566686,0.4708120375886829,0.5024021782004479,0.044038407034615645,1.2788854778801935,1.003458059281308
OSM88,Candi Songgoriti,-7.8672218,112.4927191,soft_positive,1,dry,2024-08-12,0.720913,0.39355004632428053,0.13482660530529333,0.40136137978748465,0.4001607458904813,0.001200633897003367,0.003006907683293276,-0.3711451486560085,0.11021504105027519,-0.38015649662764917,-0.38015711447474915,6.178470999818053e-07,0.00211093554580426,0.5493753481744541,0.5669340887153794,0.01281546314077786,1.3395216287887197,0.9456031119306201
WIKI0005,Candi Sumberawan,-7.85722,112.652,soft_positive,1,dry,2024-08-12,0.720913,0.28267499149502795,0.16195853080713896,0.18651490339167476,0.3062072973167524,-0.11969239392507763,0.004370776723471796,-0.2852957593402541,0.13898464560531043,-0.2152564259790029,-0.30245070175273947,0.08719427577373656,0.0032226818980782253,0.4146119098441649,0.2977550612640084,-0.14647007499633108,1.2034923435495921,1.0036563807553036
WIKI0016,Situs Menggung,-7.67177,111.13019,soft_positive,1,dry,2024-07-26,3.090687,0.405741620847645,0.13930925836656474,0.3648723937321499,0.43840525318365864,-0.07353285945150873,0.002708991348608685,-0.36637715566302914,0.11372431287854777,-0.333801328279029,-0.3924519853305534,0.058650657051524446,0.0020472617868986746,0.5611490854861942,0.5137297393111896,-0.0864185974138858,1.3654262411312954,0.9071918675813034
WIKI0017,Situs Plangatan,-7.63508,111.13254,soft_positive,1,dry,2024-07-26,3.090687,0.3409425737003433,0.10216971649516152,0.2854927677285471,0.3645253681691075,-0.07903260044056043,0.0016993503681768485,-0.3011785004912206,0.08924848187576129,-0.2602930349907402,-0.3203414153825542,0.06004838039181398,0.0012299151272069698,0.499817531510258,0.43881443353358235,-0.0877072976147934,1.3204623167381415,0.9135303389814353
OSM94,Candi Jepara,-6.5245208,110.7752538,soft_positive,1,dry,2024-07-16,0.001765,0.3781303734548214,0.13903103466570524,0.2845783695321633,0.37777287357548306,-0.09319450404331975,0.003076644113931504,-0.35751864177439,0.10592249541454297,-0.2895141100714984,-0.35654649359656176,0.06703238352506335,0.0019291517134300761,0.5325745913414005,0.42804786182139765,-0.10285507076230038,1.3292802241093153,0.9492864209531164
OSM95,Candi Borobudur,-8.2011378,111.088786,soft_positive,1,dry,2024-07-26,3.090687,0.3642811695063486,0.16618024511935267,0.3595812853977939,0.3675939241610472,-0.00801263876325331,0.005353892208413884,-0.3516960677295546,0.1303373218840872,-0.35020087647847553,-0.3553734781115682,0.005172601633092688,0.003590184690921246,0.5103352715420995,0.4980429504602614,-0.016630662587150125,1.2812732310604527,0.9671448420071825
OSM96,Candi Mendut,-7.9405761,112.6271802,soft_positive,1,dry,2024-08-12,0.720913,0.1488782564259955,0.11058002696220658,0.11946926636689958,0.14615708092339086,-0.026687814556491274,0.004598505484112052,-0.17502012519654073,0.0968006194095437,-0.1483775501474624,-0.17339377966556616,0.025016229518103755,0.0037475389631976995,0.24447267141906195,0.2052085818740005,-0.0350812868429026,1.059754659710046,1.0568987646514092
OSM98,Candi Prambanan,-8.1992747,111.0914972,soft_positive,1,dry,2024-07-26,3.090687,0.35054547667569436,0.16957727498341854,0.2649572860373704,0.36921773630704335,-0.10426045026967296,0.005917521906250198,-0.33925263187485144,0.13336241395005796,-0.28969589355389824,-0.3544842643566342,0.06478837080273597,0.00397937233795609,0.4940244148123344,0.40627493925373304,-0.10929025933453118,1.257411785382678,0.970826639948343
OSM100,Candi Plaosan Kidul,-7.7426813,110.5047479,soft_positive,1,dry,2024-07-21,0.068991,0.3453000366318346,0.1239554573526622,0.28268841912917736,0.3550720065013745,-0.07238358737219713,0.004212660263433127,-0.33524949332710596,0.09587755641584367,-0.2953072196187789,-0.3413485498144256,0.04604133019564666,0.002585903305745209,0.5004200495633795,0.4302866764214241,-0.08068677011331055,1.2837818221653936,0.9746360218491164
OSM101,Candi Sewu,-7.940663,112.6343583,soft_positive,1,dry,2024-08-12,0.720913,0.1330486582303295,0.09632235301252881,0.11631843873914609,0.1397711423589676,-0.023452703619821505,0.0034575274299719623,-0.16362104493702564,0.08576232555683831,-0.15529068515260291,-0.1695049080646038,0.01421422291200089,0.0029857558573501237,0.2232501837905957,0.20104883614181118,-0.03275205657909841,1.0470376323687771,1.066712569970761
WIKI0004,Candi Sukuh,-7.6274,111.13118,soft_positive,1,dry,2024-07-26,3.090687,0.3366100973821417,0.08849965447870671,0.32564811093932966,0.3438479174802003,-0.018199806540870667,0.0013295010686561533,-0.2938674393915845,0.0765488473680381,-0.29055413991062784,-0.29962095425175106,0.00906681434112322,0.0009574186140586832,0.4971721663106471,0.4830380085871866,-0.02147542616579845,1.326287817228941,0.9082439458113808
OSM106,Candi Arjuna,-7.8767471,112.6705275,soft_positive,1,dry,2024-08-12,0.720913,0.2542671155820689,0.1370749926965474,0.19079376649927235,0.2782433717449333,-0.08744960524566095,0.004068751407876665,-0.2684425614911122,0.1148437039755628,-0.21966456024380512,-0.28841100822155313,0.06874644797774801,0.002907396749488368,0.3865950913203218,0.3054184047742433,-0.1118796589264171,1.1616721424957526,1.0301798883794864
OSM107,Candi Bima,-7.9435133,112.6349423,soft_positive,1,dry,2024-08-12,0.720913,0.14208811893413587,0.10229523370245962,0.11639176934072835,0.14432305891665553,-0.02793128957592718,0.003826470278247975,-0.1729571400117744,0.08915766074112381,-0.15572339695447754,-0.17511048111408115,0.019387084159603607,0.0031879478675491623,0.23619009340456218,0.20187734214118222,-0.03669050955527908,1.051849395207573,1.0671662689797803
OSM109,Candi Bubrah (Jepara),-6.6034772,110.8649112,soft_positive,1,dry,2024-07-16,0.001765,0.545374966718544,0.07512845904080531,0.5535024386916576,0.5428617048373997,0.0106407338542579,0.0014615647753341188,-0.4755369563086629,0.07104372916509596,-0.4858285052602412,-0.4736307521852913,-0.012197753074949857,0.0010886815289273975,0.7026083504986638,0.7110356177936467,0.01098178323456378,1.5370719150431806,0.8255939937829222
OSM111,Candi Kalasan,-7.9423387,112.6396959,soft_positive,1,dry,2024-08-12,0.720913,0.1471396602190645,0.11257058270478931,0.17263980069317852,0.1393911634800867,0.03324863721309182,0.003905541929963278,-0.1724748818580016,0.09722472567679516,-0.20069051868726984,-0.1658778093414126,-0.03481270934585723,0.0031582632228102994,0.24144676181907415,0.28250132063021965,0.05077181574598569,1.059318591383938,1.0547178211781572
OSM112,Candi Ratu Boko,-7.7710173,110.5040988,soft_positive,1,dry,2024-07-21,0.068991,0.38370096563849193,0.08696607774463558,0.374938200253948,0.3887012109636265,-0.013763010709678503,0.0020000839648403454,-0.3621563553445243,0.0697435927766223,-0.35621641098900797,-0.36625659824337303,0.010040187254365063,0.0013334814212056238,0.5484818244629385,0.53869149048748,-0.01553424103542389,1.4115896068504818,0.949680290750225
OSM113,Candi Sari,-7.9418671,112.6317556,soft_positive,1,dry,2024-08-12,0.720913,0.13848525987617563,0.1029571840379122,0.12278917718117384,0.14128081295315587,-0.018491635771982026,0.0037526381071829747,-0.16900211584368677,0.09196758192986981,-0.16590386426832837,-0.1702184064897045,0.004314542221376116,0.0031920544297154374,0.23031909095318978,0.21276474822674685,-0.020788247404207233,1.0475558117967694,1.0665665537922413
OSM114,Candi Ijo,-7.7837641,110.5114895,soft_positive,1,dry,2024-07-21,0.068991,0.4130642742161752,0.08213095233351293,0.3650333273781425,0.40882476191714956,-0.04379143453900708,0.0014454768952679175,-0.3876971316098926,0.06175296581364619,-0.3553099785216749,-0.384680117390865,0.0293701388691901,0.0009197676161448641,0.5795637198306081,0.5255715024815527,-0.050269627664765615,1.4419643123692152,0.9395762407589711
OSM118,Candi Kidal,-8.0258439,112.7091054,soft_positive,1,dry,2024-08-12,0.720913,0.41734039082332475,0.15957158049870315,0.3231145496362703,0.42851770522429106,-0.10540315558802077,0.0035873647200498444,-0.4014430850818574,0.1260646914086061,-0.3295760622189519,-0.41053964362051176,0.08096358140155985,0.002336187083028472,0.5687099882125695,0.4594943249843664,-0.12293245976556211,1.323415252115449,0.9554615110814982
OSM119,Candi Singosari,-7.8877437,112.6639091,soft_positive,1,dry,2024-08-12,0.720913,0.19426428179833924,0.12200554741136191,0.17322004810038125,0.19434071107456877,-0.02112066297418752,0.004482458402152067,-0.21577092973903564,0.10167103018838541,-0.19520429006289092,-0.21581246241381558,0.02060817235092466,0.0034094912750165067,0.30913730964613634,0.2816540139787651,-0.027669115926241494,1.091841884659787,1.0461147730395046
OSM125,Candi Lor,-8.1796471,113.0723519,soft_positive,1,dry,2024-08-12,0.215202,0.4015073046353884,0.15082792990663585,0.29095522110354355,0.39143481584480055,-0.100479594741257,0.0035828325512710976,-0.3748381612215709,0.12316132503357409,-0.2954360157985302,-0.3649283168290472,0.06949230103051701,0.0024125859007921753,0.5550737884061936,0.4299607981461088,-0.11418829547857573,1.3437016603911742,0.9331771883074303
OSM150,Candi Baru,-7.2716198,112.664791,soft_positive,1,dry,2024-07-16,0.011199,0.18251462652030512,0.14243442476040039,0.17006042735113014,0.1974509897137469,-0.02739056236261675,0.004636604483007103,-0.19999776745434283,0.1192638744982257,-0.18258836604145812,-0.21397352331955224,0.03138515727809413,0.0034107082742370425,0.2853590983562459,0.27318144115264487,-0.03293845808296014,1.1278059599784998,1.038528158427091
OSM164,Candi Deres,-8.2989723,113.4190438,soft_positive,1,dry,2024-08-12,1.512164,0.398341409976136,0.10226733834594826,0.45997379913551056,0.37745963688625467,0.0825141622492559,0.0015073344682725398,-0.37585216585315195,0.07770423995958367,-0.4269830317564302,-0.3589718088586817,-0.06801122289774852,0.0008358753342189848,0.5615580730925093,0.6256283224077095,0.08608955546326624,1.3687453716359177,0.9465064540961464
OSM168,Candi,-7.4853909,112.726104,soft_positive,1,dry,2024-08-12,0.720913,0.24861743297556163,0.16836883978421893,0.20239770489155695,0.26675849342673164,-0.06436078853517468,0.006171746274317316,-0.25952415871370615,0.13350047962309,-0.2147623726078773,-0.2750654933184557,0.06030312071057839,0.004155905241587722,0.36994138076178423,0.31396789258301167,-0.07999056256134468,1.1662143640851192,1.0219062955274476
WIKI0009,Kolam Segaran,-7.558,112.3829,soft_positive,1,dry,2024-07-16,0.767885,0.33348982803063043,0.13583436592127213,0.15521365962334716,0.36257843187567607,-0.2073647722523289,0.002985515375216317,-0.3085872325445649,0.11748144731752312,-0.06585224711411072,-0.3392977936263432,0.2734455465122325,0.0018497869558680492,0.4836388552907045,0.26517656555718133,-0.25277342700264976,1.2674349015674256,0.9448222730551823
WIKI0019,Trinil,-7.3743,111.3578,soft_positive,1,dry,2024-07-26,3.090687,0.3072768177031956,0.1338357724075585,0.40544731084067837,0.29937564884327134,0.10607166199740703,0.004200339981513093,-0.3061856340723861,0.11613236184898615,-0.38391399623146627,-0.2984925885733707,-0.08542140765809558,0.002925612944716162,0.453266171989354,0.5668942155553611,0.12385554051156461,1.2854411147802631,0.9963273866790079
WIKI0020,Trowulan,-7.55,112.366667,soft_positive,1,dry,2024-07-16,0.767885,0.3674685219677269,0.14817687025634202,0.5145725585100911,0.3581102025415774,0.1564623559685137,0.002720419767772342,-0.3544746080659721,0.11195385128500054,-0.47175255100402924,-0.3486778608336368,-0.12307469017039246,0.0015705045709016173,0.5188797306904857,0.6790700823776468,0.16992248572858204,1.3317202093822795,0.9661946437264604
HN001,Ctrl_plain_north,-7.45,112.6,hard_negative,-2,dry,2024-08-12,0.720913,0.3604829956465764,0.12426541891918289,0.34586679529936,0.36620017052574094,-0.020333375226380956,0.002418738494103569,-0.3396832714103106,0.09390894361800017,-0.32642577968855774,-0.3438240851716819,0.017398305483124155,0.0013879864676105292,0.5173436630240418,0.5017781061546179,-0.02237243074724138,1.312818837212705,0.9504109575254192
HN002,Ctrl_slope_south,-8.15,112.7,hard_negative,-2,dry,2024-08-12,0.720913,0.3803479332589157,0.16619192069380534,0.22113233196450652,0.37118762978619246,-0.15005529782168595,0.004401822144700149,-0.3809658999973162,0.1313807601419459,-0.26155813094597447,-0.37295962949470207,0.1114014985487276,0.0028051485674652674,0.528305530123007,0.3425902211131563,-0.1746556245812716,1.2894731565599362,0.995417720366455
HN003,Ctrl_plain_east,-7.85,113.0,hard_negative,-2,dry,2024-08-12,0.215202,0.4836844173015219,0.05544271984880492,0.49054879324545975,0.482490138898738,0.00805865434672176,0.0008076403853087776,-0.4324428699670472,0.04784043387007406,-0.44279196904342605,-0.4304972648308461,-0.012294704212579943,0.0005231562892041493,0.6500625210183127,0.6556925294150175,0.006594914346772507,1.4449423552943248,0.8773591258718452
HN004,Ctrl_slope_north,-7.6,112.45,hard_negative,-2,dry,2024-07-16,0.767885,0.35118922987866086,0.12188575560462396,0.3924063843805646,0.33281519477211885,0.05959118960844573,0.0028762101486194615,-0.33383147114009337,0.0939608651739776,-0.36992653682521615,-0.3165002278103692,-0.05342630901484696,0.0017142975923648454,0.5071428687481281,0.5536584434982319,0.0674906761614309,1.290397267495804,0.958617317591963
HN005,Ctrl_plain_west,-7.9,112.15,hard_negative,-2,dry,2024-07-16,0.767885,0.3293851823156987,0.15816040773723464,0.36130824334509115,0.32584276801025314,0.035465475334838015,0.003708148843568099,-0.3202412859197433,0.12012448456368245,-0.34891464092324026,-0.3167834692716487,-0.03213117165159157,0.002414769848266395,0.47296221559905055,0.5157195474451884,0.04913402105944703,1.2432383601906314,0.9753847109227263
HP001,Candi Sambisari,-7.7628,110.4561,hard_positive,2,wet,2024-03-23,15.984333,0.3185325428879544,0.16670404630254038,0.22148794171245811,0.3405768646495075,-0.11908892293704937,0.004551142976243631,-0.2975202255453912,0.1395043316184859,-0.24160516202704707,-0.310330164887719,0.0687250028606719,0.0029952980444594465,0.4583619599393883,0.34611875167614925,-0.13591529054722556,1.2722843144852112,0.9504419306321652
HP002,Candi Kedulan,-7.7308,110.4503,hard_positive,2,wet,2024-03-23,15.984333,0.34208960962189977,0.17291669652953043,0.3679508730979425,0.37513598177424384,-0.007185108676301344,0.005064557306398331,-0.31540793296610453,0.1432709257646355,-0.3417823765957628,-0.34180329981448127,2.0923218718438275e-05,0.0035212402748304424,0.4838749730233024,0.5217006924212398,5.00349037402259e-05,1.2842239495650436,0.9357840880475358
HP003,Candi Kimpulan,-7.7636,110.4147,hard_positive,2,wet,2024-03-23,15.984333,0.17121574769373854,0.15708748542235293,0.07487275558399138,0.20071432135261194,-0.12584156576862054,0.003871026620790912,-0.16282819416521002,0.13818422192217897,-0.07926700966373657,-0.19026073797210677,0.1109937283083702,0.002620362005637063,0.2649341004360656,0.11937929818499185,-0.18656254749021003,1.164496359516577,0.98155082337007
HP004,Candi Liangan,-7.2667,110.0611,hard_positive,2,wet,2024-02-20,18.355808,0.2602668309745902,0.14453937585124502,0.29216158741883475,0.26623818877374633,0.025923398645088414,0.004862935953866647,-0.24319621515533854,0.12322554513058456,-0.26900584637983016,-0.24641235592244873,-0.022593490457381432,0.0036784530370660186,0.3925669915103355,0.43603549112847534,0.03632226279718026,1.2351017000787832,0.9622296057940919
HP005,Candi Badut,-7.9578,112.5986,hard_positive,2,wet,2024-03-20,11.039311,0.241122739463792,0.17402637016540812,0.2962812011741113,0.2474069119890956,0.048874289185015685,0.00585528074015177,-0.2422315059965383,0.14514022195495407,-0.28509815876159206,-0.2478210494733171,-0.03727710928827496,0.004479554067107729,0.357862603293835,0.4290028689238511,0.06322580895198082,1.1847991228123784,0.9996096438260283
HP006,Candi Tigomangi,-7.97,112.42,hard_positive,2,wet,2024-02-12,18.72402,0.3615135601771876,0.14053490361815202,0.33334449818597817,0.359325177359049,-0.025980679173070842,0.001379781809269565,-0.3151916478572477,0.1279930948383109,-0.2893508463399189,-0.3137233549053122,0.024372508565393303,0.0010666578686010094,0.5153594507994382,0.4847026006379582,-0.026428118762054864,1.290218512041495,0.8962828824377175
OSM0,Candi Jawi,-7.6624877,112.669879,soft_positive,1,wet,2024-03-20,11.039311,0.2881088220580562,0.1313648461706135,0.17497760452130745,0.31411689880207894,-0.13913929428077149,0.002624967952177801,-0.25870565127122275,0.10381415566268071,-0.17372069097326964,-0.2790668720013107,0.10534618102804105,0.0017232053911513286,0.43063993405277695,0.2882809254900394,-0.1760149192872678,1.259968712901549,0.9357254104950554
OSM1,Candi Tikus,-7.5718035,112.4035341,soft_positive,1,wet,2024-02-12,18.72402,0.44389621760620973,0.14987523214245263,0.3995314757853968,0.45618475426411015,-0.056653278478713376,0.0027415151770234687,-0.40245372610876573,0.1212631427882867,-0.3698964596353838,-0.41216103802247545,0.042264578387091634,0.0018550953038077521,0.5976848706497496,0.5492224853312178,-0.06144262757222008,1.4285628077253105,0.89672587099491
OSM2,Candi Bajang Ratu,-7.5677409,112.3987632,soft_positive,1,wet,2024-02-12,18.72402,0.43266373736429525,0.14301350001073376,0.41648395719572506,0.43770707660338304,-0.021223119407657975,0.0032738948562945234,-0.39471157550300506,0.11359828720972985,-0.37521771701539225,-0.3997522503319558,0.024534533316563578,0.0021533135976189214,0.588021878461999,0.5759894490045713,-0.01789241997520752,1.4086532965370915,0.9064138725677321
OSM3,Candi jolotundo,-7.6100965,112.595732,soft_positive,1,wet,2024-03-20,11.039311,0.5596465336528111,0.04597927496826336,0.5204274777731868,0.5658802369484435,-0.04545275917525671,0.0006877330749823959,-0.49594191432540147,0.03902464779579765,-0.4646360731974983,-0.5009950077783264,0.03635893458082812,0.0005263556658243561,0.7164387025571286,0.6824299491015313,-0.039415378935436785,1.5903931479063953,0.8369998358233078
OSM4,Candi Naga 1,-7.608458,112.6105279,soft_positive,1,wet,2024-03-20,11.039311,0.5457267850370051,0.04984375680867685,0.5104633804534202,0.5571312145372771,-0.046667834083856885,0.00046969742783848945,-0.4632759390552067,0.04366064258259791,-0.44503844614487476,-0.4724588908226855,0.02742044467781074,0.00032105495596651713,0.7046858336797406,0.6741143339508983,-0.04048497176579646,1.523298356627374,0.8010171163885659
OSM5,Candi Putri,-7.611832,112.6093412,soft_positive,1,wet,2024-03-20,11.039311,0.5391775872764061,0.05381686413945278,0.5346415379958899,0.5449936355355794,-0.010352097539689575,0.0005563071488932933,-0.4632964710558196,0.04815708001673954,-0.4715522465824016,-0.4654495355320725,-0.006102711050329057,0.00039125191679592895,0.6989156053811098,0.6958363940402217,-0.007971535383614059,1.5144394880695444,0.8158075265272077
OSM6,Candi Gentong,-7.6111708,112.6122723,soft_positive,1,wet,2024-03-20,11.039311,0.5233511056944536,0.058999547879100625,0.5602426174240026,0.5101629224355103,0.050079694988492296,0.0005493469734688708,-0.4501347722651292,0.05307805620785576,-0.48460376416134404,-0.43867873895806286,-0.04592502520328118,0.000388136507768377,0.6850159444230122,0.7178786306946199,0.04477816217746722,1.495010410536517,0.824217127652652
OSM7,Candi Bayi,-7.6139718,112.6055954,soft_positive,1,wet,2024-03-20,11.039311,0.5629013138073313,0.055862994852829036,0.5354969083252545,0.56024222755837,-0.024745319233115515,0.0005447607285756277,-0.48733779945762473,0.04787441304584787,-0.47293959491618176,-0.48558574169930663,0.012646146783124868,0.00038571010259721576,0.7186015104664184,0.6959261265647751,-0.020387330491123734,1.55259178134904,0.810069809481627
OSM9,Candi Kendalisodo,-7.6067777,112.6076324,soft_positive,1,wet,2024-03-20,11.039311,0.5592113474024936,0.05550039041552683,0.5732079114538263,0.5582998807532163,0.014908030700609975,0.0005176452838488156,-0.47150468091908404,0.05109969453140846,-0.46897996514818857,-0.47454515661557584,0.005565191467387265,0.0003473884072568876,0.7155822722678097,0.7279341037277323,0.013190210931340096,1.5444754880742235,0.7868484036615868
OSM10,Candi Tawangalun,-7.3988488,112.7891649,soft_positive,1,wet,2024-03-20,11.039311,0.0501541368897929,0.08026608907614041,0.11832299364769551,0.038320774343270164,0.08000221930442535,0.0008287873683131326,-0.023462571140896667,0.07725233835071997,-0.07517299344468151,-0.015052263070074314,-0.06012073037460719,0.0004904682802969106,0.08498995587748848,0.20703867407706697,0.1448804463086788,1.1658545022427544,0.9492200972414779
OSM11,Candi Kethek,-7.5939326,111.1602927,soft_positive,1,wet,2024-03-23,12.649371,0.02374718946120201,0.05994478910985941,0.039582739013653015,0.026364526280651338,0.013218212733001677,0.0001648869259574611,-0.002131105905018332,0.04802574693092762,-0.015311084541063568,-0.0029572353528259042,-0.012353849188237663,8.924469443055092e-05,0.04022435844241291,0.0730741312032353,0.0288746390064756,1.173088959220481,0.9579296076696046
OSM12,Candi Wisnu,-7.6147858,112.613817,soft_positive,1,wet,2024-03-20,11.039311,0.5022801979951781,0.0742563654152062,0.45367142177584924,0.5057001961742834,-0.052028774398434174,0.0006101703400136646,-0.4291914410289012,0.06671176573040061,-0.3906154026384522,-0.4327092903795432,0.04209388774109102,0.0003981620423286051,0.665315939964347,0.6206081130428504,-0.04737330392136874,1.4810686488243079,0.8277611816799132
OSM14,Candi Selokelir,-7.6251042,112.6080982,soft_positive,1,wet,2024-03-20,11.039311,0.555018927938963,0.038382455945731114,0.5732236370916993,0.5514412365153514,0.02178240057634795,0.0004552894032374123,-0.4876182838843677,0.03503106957069917,-0.4985037480679045,-0.4851900753275521,-0.013313672740352389,0.00031890279061250225,0.7130245460718955,0.7276319868432074,0.01760378590734224,1.5822851142674714,0.8304978533366543
OSM15,Candi,-7.6176551,112.610255,soft_positive,1,wet,2024-03-20,11.039311,0.5477873467576052,0.05807664443496506,0.5838891710657355,0.5388719374574501,0.045017233608285356,0.0005817296573117026,-0.47374646558839834,0.0541702300060517,-0.5121154519099459,-0.46460840468786346,-0.04750704722208243,0.00040498414267134094,0.7059002864231183,0.7367294083677325,0.03854752499220493,1.5355193232363005,0.8174257156638822
OSM16,Candi Naga,-7.6138526,112.6106987,soft_positive,1,wet,2024-03-20,11.039311,0.5332758753203013,0.05648864544570541,0.5539978492240937,0.5278490785921005,0.026148770631993168,0.0005678575360552082,-0.46059191569952,0.052109275240338905,-0.49099240920209447,-0.45159635766722855,-0.03939605153486592,0.0004019061674077494,0.6937238653173085,0.7123541835267599,0.02358460606525914,1.5089101070730575,0.8235977107548722
OSM18,Candi,-7.6252159,112.6159826,soft_positive,1,wet,2024-03-20,11.039311,0.5515390861280168,0.0406639460266554,0.5631934505468528,0.549558189977973,0.013635260568879759,0.0004206437345762554,-0.48879162090139117,0.037766697275791114,-0.5070746796029038,-0.4845688357877967,-0.022505843815107063,0.00029648159867172555,0.7100191488807784,0.7202201592026473,0.01196663444213053,1.557278601360893,0.8417949862946603
OSM19,Candi Merak,-7.6066004,112.6133722,soft_positive,1,wet,2024-03-20,11.039311,0.5461621266472775,0.04558208820754713,0.5548099290937405,0.5442188840566651,0.01059104503707542,0.00040534583916482285,-0.466727592819161,0.041581825604942446,-0.4873618264450995,-0.4621244346157748,-0.025237391829324718,0.000275172958283039,0.7052888493964247,0.7132223113546979,0.009728542573751664,1.5273448383553734,0.8073867711407345
OSM20,Candi Penampihan,-7.9027228,111.7952694,soft_positive,1,wet,2024-03-23,12.649371,0.5546285922164672,0.07548102553976566,0.5566304030176209,0.5538293117764629,0.0028010912411580158,0.001968403285287206,-0.4968282885172666,0.059895575652164294,-0.49839895150382274,-0.4961452920629191,-0.002253659440903666,0.0011676171151195555,0.7101949897186678,0.7099255121982526,0.0002869317106365399,1.528104188147199,0.8494459515960452
OSM21,Candi Rengganis,-7.9647946,113.5730157,soft_positive,1,wet,2024-03-30,15.717179,0.3102415552656043,0.08436494488613228,0.24031458276608525,0.3181793590760378,-0.07786477630995253,0.0015272079624336255,-0.28986524007114817,0.06747103881736354,-0.23803163700250793,-0.2948371239088747,0.05680548690636675,0.0010063770341749605,0.46701526888583056,0.37602044132631024,-0.10050013856892281,1.2881888467639422,0.9551345526975201
OSM22,Candi Tumpak Wolu,-7.6032232,112.6158902,soft_positive,1,wet,2024-03-20,11.039311,0.5603446842842014,0.03682255362865511,0.562375984178553,0.555359846891469,0.007016137287083946,0.0004026741275969883,-0.49209069252023757,0.0330738566329232,-0.49443548967887596,-0.4877508902937442,-0.006684599385131773,0.00028551282899902814,0.7174859253643034,0.7194415820513155,0.006114453626310579,1.5703873792354581,0.8274350951745207
WIKI0006,Candi Wayang,-7.605485,112.621598,soft_positive,1,wet,2024-03-20,11.039311,0.5302905429655125,0.0895160635737859,0.5781155210609599,0.5189763327127,0.05913918834825982,0.0004759152648284159,-0.46917059190762467,0.08272830601259187,-0.5209930659018351,-0.45505334975592326,-0.06593971614591188,0.0003674963990789227,0.6875892784925614,0.732147502968138,0.05662530616045047,1.5280173616908101,0.8475090057680711
OSM26,Candi Griya,-7.6032082,112.6206324,soft_positive,1,wet,2024-03-20,11.039311,0.5626417606624067,0.039380988073571654,0.5638331656587405,0.5600742549924586,0.0037589106662819782,0.0003996786280962954,-0.5000698061603315,0.03628030823194296,-0.5120913832837566,-0.4953616034998104,-0.016729779783946186,0.0003076295680459906,0.7192669585471447,0.7201244406648857,0.002876282145484632,1.569884421541038,0.8395636035550721
OSM29,Candi Gedog,-8.0877749,112.1841994,soft_positive,1,wet,2024-02-12,18.72402,0.1831706500514903,0.14153506139234615,0.09133037419748558,0.18859760490655508,-0.09726723070906951,0.0037638617264104195,-0.18069146600958644,0.12389906524788996,-0.08824229275395928,-0.18679790287752396,0.09855561012356467,0.002886662232477112,0.28781631575743527,0.16322891499486672,-0.13006766689882557,1.1548440310121832,0.9951869669763104
OSM30,Candi Dadi,-8.1302386,111.9268294,soft_positive,1,wet,2024-03-23,12.649371,0.5784591277971437,0.05382324325225551,0.6124618703378616,0.5757077600289264,0.03675411030893516,0.000547958825238293,-0.5027622634070941,0.05151202590971195,-0.5413983736975571,-0.49885499137075656,-0.042543382326800494,0.0004292402214857383,0.7314056106815174,0.7591431821090532,0.029925158501665328,1.563680475122672,0.8055932381355805
OSM31,Candi Ketawanggede,-7.946843,112.6123534,soft_positive,1,wet,2024-03-20,11.039311,0.18014072012983962,0.1489492938562326,0.15982650869782974,0.17815849883984622,-0.018331990142016474,0.004428773006088645,-0.19226661471229542,0.12375414069126206,-0.17982996419456232,-0.19042463597845138,0.010594671783889065,0.003506832630477033,0.28070628563029293,0.25482613237613977,-0.02467346147529209,1.1099098202634206,1.0248149321328814
OSM32,Candi Karang Besuki,-7.9523146,112.5997549,soft_positive,1,wet,2024-03-20,11.039311,0.27595607667045746,0.18636193642287754,0.31961406336958653,0.2673422121853748,0.05227185118421174,0.0051484854200182836,-0.26689875061784335,0.15472150193195558,-0.3028923648276943,-0.2596252317338836,-0.04326713309381075,0.003968005416188529,0.3989802744840041,0.45608344084125746,0.06879319381183002,1.220217808754873,0.9755128550817015
OSM33,Situs Peninggalan Lesung Purbalingga,-7.9485617,112.5993642,soft_positive,1,wet,2024-03-20,11.039311,0.3554099430693035,0.18406474638149423,0.5004753604447173,0.31052601314139816,0.18994934730331914,0.0043195562523498,-0.33095577190612385,0.15138501807839874,-0.45157009851177377,-0.29469425836820123,-0.15687584014357253,0.003046622557774873,0.4951934543606694,0.6639483492527745,0.22158365794161378,1.302587496483804,0.9383414367103678
OSM34,Watu Prasasti,-7.596268,112.6128719,soft_positive,1,wet,2024-03-20,11.039311,0.5139570850773003,0.09651153492188745,0.42473336068243833,0.5262086321075597,-0.10147527142512142,0.0007633319519794733,-0.4525303302452718,0.08544820663035581,-0.36829715239927097,-0.4640240407201759,0.09572688832090492,0.0005516994261261715,0.6728688640627284,0.587468920885653,-0.09787387602520747,1.5356591253345673,0.8478435083822616
OSM36,Candi Simping,-8.1640797,112.1461388,soft_positive,1,wet,2024-03-23,15.284145,0.4187666898037355,0.14864226383905582,0.3909066333132493,0.425234437786434,-0.034327804473184675,0.00328092412058828,-0.38376016435291,0.12218649652441221,-0.3657574962714481,-0.3869625086909443,0.021205012419496183,0.002146611646516915,0.5730113919179195,0.54528333599019,-0.03263837823558258,1.3583673214260428,0.9142950576160117
OSM37,Candi Sirah Kencong,-7.9800031,112.4278234,soft_positive,1,wet,2024-03-20,11.039311,0.5809094476586325,0.08585264790065758,0.6367977609177228,0.5681687080609017,0.06862905285682108,0.0014454561547088288,-0.5183983492455435,0.06783216263106745,-0.5433787754064796,-0.5087040609449004,-0.034674714461579215,0.0009225313138996008,0.5694746520414743,0.7776140256383599,0.28706457058654067,1.5785249490865827,0.8318028060493228
OSM38,Candi Gambar Wetan,-7.9680444,112.2388364,soft_positive,1,wet,2024-02-12,18.72402,0.4708680853538992,0.23901782932535695,0.5521549716214608,0.4969567563002556,0.05519821532120517,0.002558819224207271,-0.41872184468724327,0.20043886134713737,-0.48118581804074334,-0.44307807768404783,-0.03810774035669551,0.0017743508266745128,0.5927010203545502,0.6962267861589896,0.06868430414965854,1.4754973050882916,0.859756985227352
OSM39,Situs Umpak Balekambang,-8.0143318,112.2227457,soft_positive,1,wet,2024-02-12,18.72402,0.18083649236434665,0.17667294793807908,0.31362008195386015,0.15325562621538893,0.16036445573847122,0.0016930450750039213,-0.14852316576580582,0.17248372709921117,-0.2750149252456321,-0.12497172904712958,-0.1500431961985025,0.001142964120985407,0.27109667665495174,0.46087101335699004,0.22828098765232804,1.2529586386590759,0.9338276099880124
OSM40,Candi Wringin Branjang,-8.0027503,112.2817723,soft_positive,1,wet,2024-02-12,18.72402,0.23255620029251858,0.2628732022359064,0.14528160517313599,0.25771323467459395,-0.11243162950145796,0.0014076602786616927,-0.1940411656148344,0.2466454982222859,-0.11726195651311087,-0.21769078879208587,0.10042883227897499,0.0010357178721941598,0.3069591200920884,0.21959995434074586,-0.11585894849693473,1.3259998894418523,0.9114237064155335
OSM41,Situs Gadungan,-8.0000331,112.2816472,soft_positive,1,wet,2024-02-12,18.72402,0.09345310108855968,0.20103239617584243,-0.013712439521757425,0.13127903106769032,-0.14499147058944775,0.0005610635901326538,-0.06602571984421857,0.18894219583246785,0.033419920443549155,-0.10219379192671575,0.1356137123702649,0.0003682466299561722,0.12248626730760574,-0.02819378665669774,-0.19979541736759232,1.2532131150715022,0.9422706541403102
OSM42,Candi Brahu,-7.5429066,112.3743651,soft_positive,1,wet,2024-02-12,18.72402,0.49254878033251626,0.11067693396337627,0.5067160814641298,0.4743777122348984,0.032338369229231445,0.002095086358889863,-0.4412623275530523,0.08935724242052011,-0.4562691015404758,-0.42607705274291774,-0.030192048797558046,0.0014139788263091149,0.6512604689238568,0.6676334144517011,0.03540781878638566,1.4580587036429948,0.8726464061271783
OSM43,Candi Gentong,-7.5435102,112.3780875,soft_positive,1,wet,2024-02-12,18.72402,0.49263344868052084,0.12223438599359365,0.5226559079253326,0.4855876285043144,0.03706827942101815,0.0027246739780017355,-0.4436195743031793,0.09799121528086094,-0.46846256088345456,-0.4392215913321384,-0.029240969551316165,0.001791554339314625,0.6492175542098757,0.6810921321506452,0.039022361059861455,1.4569944479105887,0.8767950379043806
OSM44,Candi Wringin Lawang,-7.5418917,112.3909426,soft_positive,1,wet,2024-02-12,18.72402,0.4061180311577395,0.18711776550109804,0.4274458764732115,0.4214351154615724,0.006010761011639054,0.004531812976322396,-0.37532921097756206,0.14989145999920964,-0.3885210455385588,-0.38728889619181944,-0.0012321493467393752,0.0030380926347301235,0.5484640922515044,0.5777516450904137,0.011038166238832137,1.3532447194313495,0.9215606469664795
WIKI0002,Candi Jago,-8.00579,112.76405,soft_positive,1,wet,2024-03-20,11.039311,0.2870249913605878,0.19749654266908945,0.1972293130745685,0.32836640451342675,-0.13113709143885824,0.005861062869100963,-0.2851001584548193,0.16189662483708314,-0.21305444463502543,-0.3185383188264135,0.10548387419138805,0.004279508987718253,0.4096798147132333,0.30922314705900644,-0.14874847169530037,1.2169503962241888,0.9897921606366518
OSM46,Kompleks Candi Sumberawan,-7.8553516,112.6448151,soft_positive,1,wet,2024-03-20,11.039311,0.4989456373243531,0.11043584969326584,0.4725270447242693,0.488223546904371,-0.015696502180101657,0.002462776952355551,-0.45342488208536497,0.08912210830530459,-0.4228699200803834,-0.4444258643582586,0.021555944277875216,0.0015436014808407352,0.6572664546442959,0.6354991661306753,-0.010601142479123471,1.4614498396634072,0.8842117180896861
OSM47,Candi Pari,-7.5161315,112.6834255,soft_positive,1,wet,2024-03-20,11.039311,0.2546442374114717,0.15525403486212389,0.20992096133449276,0.2619347781293917,-0.05201381679489894,0.005284524143588374,-0.2533469320525558,0.1177243923872393,-0.22040072753997073,-0.2593007106383452,0.038899983098374474,0.0034621868559613477,0.38223310059236026,0.3232184279474575,-0.06782267615847432,1.2061133812495501,0.9961414759299725
OSM48,Situs Watu Gong,-7.9388986,112.5975542,soft_positive,1,wet,2024-03-20,11.039311,0.22943910248043797,0.16967123610876297,0.26436759340401667,0.22359988008723922,0.04076771331677745,0.004895833486937939,-0.23301817224442256,0.13936071988411597,-0.26401464253986157,-0.22847087456113813,-0.03554376797872344,0.003679489436787577,0.3439301293281431,0.38204328406811894,0.04359952948500462,1.1726798107953338,1.0052850915250429
OSM49,Candi Cetho,-7.5957362,111.1581311,soft_positive,1,wet,2024-03-23,12.649371,0.002343244566278169,0.038988910469877215,0.004518893292768255,-0.00014146078865744094,0.004660354081425696,7.888701220915134e-05,0.014484624575816937,0.03216169601846362,0.0012858402842811083,0.018211373881113057,-0.016925533596831948,4.459240681093176e-05,0.0018653466664347888,0.008544849980210075,0.011489844662216768,1.16920772952166,0.9670734028330431
OSM50,Candi Menak Jinggo,-7.5583872,112.3865115,soft_positive,1,wet,2024-02-12,18.72402,0.3476219423890591,0.17671961681575551,0.2948585098824195,0.3782875990804221,-0.08342908919800257,0.004387429843087342,-0.32056030194965673,0.14715512299048725,-0.2839800195211485,-0.3430241183989164,0.0590440988777679,0.0030064971581313933,0.4886390981423101,0.4278173243483496,-0.09461241794884057,1.3167598648824348,0.9345743171665226
OSM51,Situs Kumitir,-7.5707338,112.4117737,soft_positive,1,wet,2024-02-12,18.72402,0.4204816722975468,0.15575781028698876,0.45908639826593545,0.4109910389484439,0.04809535931749154,0.004268474023452128,-0.38599815660896236,0.12424869949951954,-0.4182507192790286,-0.37742782911672085,-0.04082289016230778,0.0028600232268170983,0.572964247916676,0.6174700785458197,0.056556952059429566,1.3968568314133785,0.9139672276503487
OSM52,Situs Genting,-7.5714269,112.5898064,soft_positive,1,wet,2024-03-20,11.039311,0.45432355453297496,0.14058697401319112,0.5171637031225145,0.46224121168958604,0.05492249143292843,0.00265686630050839,-0.4087374109620558,0.1050300183072954,-0.44953962771309025,-0.4150064960716165,-0.03453313164147376,0.0014866778208161957,0.610074629459442,0.6793733959563872,0.05973411404945228,1.4273791249538041,0.8872057463361344
OSM53,Candi Bangkal,-7.543221,112.6355351,soft_positive,1,wet,2024-03-20,11.039311,0.32613011852388035,0.19998465142036048,0.3103388031738995,0.3383859554553612,-0.028047152281461707,0.003978411148631212,-0.29378357913144765,0.17497333933635337,-0.2968730398106106,-0.3039043409827961,0.007031301172185533,0.0029141285086310706,0.44940523029274954,0.44929019623860994,-0.017941312103408824,1.3113652517522107,0.9247338453550592
OSM54,Situs Tarik Raden Wijaya Majapahit,-7.4527626,112.4827118,soft_positive,1,wet,2024-02-12,18.72402,0.34669151799186954,0.21996560848656233,0.4821042242118358,0.33835780405517046,0.14374642015666533,0.004884016771242155,-0.3233584743126511,0.18321551706523764,-0.4256826352691401,-0.3168610220489153,-0.10882161322022477,0.003341642230083413,0.4667216221925514,0.6307229297262745,0.17550298214329418,1.3287302645776347,0.940914616622588
OSM55,Candi Petirtaan Belahan,-7.6075228,112.6513504,soft_positive,1,wet,2024-03-20,11.039311,0.5035367160219186,0.07046032740240785,0.49748194203585966,0.5052545347384578,-0.007772592702598169,0.0016119807409384038,-0.44484869943097793,0.05422621127596895,-0.44140501184015174,-0.4462396987939357,0.004834686953783973,0.0009577895486367762,0.6665027988593456,0.6605097334442553,-0.007807725880836891,1.4980533337021014,0.8572909754609195
OSM56,Situs Candi Terung,-7.3947721,112.6203456,soft_positive,1,wet,2024-03-20,11.039311,0.13209113863493616,0.08046810118778963,0.10185793325190604,0.13560428577585174,-0.0337463525239457,0.000812747890342028,-0.10466167690634125,0.06819310577373797,-0.0871578018943317,-0.10604094178369586,0.01888313988936416,0.0004787819129606867,0.224707511094129,0.18155058689360545,-0.04789900647095782,1.2172936864550488,0.94637436757016
OSM57,Candi Kesiman,-7.6504231,112.5299286,soft_positive,1,wet,2024-03-20,11.039311,0.39774461198797173,0.12762033698421427,0.3803619633609862,0.4020229728299147,-0.021661009468928516,0.003978934801182237,-0.36440507289751073,0.09602232956065855,-0.3530662123540884,-0.36690791485116464,0.013841702497076225,0.002263829343544215,0.556589521790127,0.538330329978138,-0.022738608956514805,1.358199318457987,0.9201114743551129
OSM58,Situs Gapura Majapahit,-7.4274762,112.3593053,soft_positive,1,wet,2024-02-12,18.72402,0.46359496173288006,0.13336339412015683,0.4359243076553216,0.4627862576541256,-0.026861949998804036,0.002975833631687471,-0.4194809761271922,0.10797834654471816,-0.4059946280739997,-0.41687743169809666,0.010882803624096937,0.002152052008652214,0.6199833642894038,0.5867552902579246,-0.0316823545326983,1.4447648332565863,0.8911563221244578
OSM59,Candi Patakan,-7.2836656,112.2565327,soft_positive,1,wet,2024-02-12,18.72402,0.4144729736637008,0.1184695806163389,0.42976070460233473,0.4022977783202885,0.02746292628204622,0.002275374597552301,-0.37812858640868624,0.09189551890411854,-0.39057221042291784,-0.3693701207220969,-0.021202089700820936,0.0013865866782429464,0.5752988341689264,0.5942483647134418,0.03250491722126636,1.4219102721776609,0.9133541643307915
OSM60,Prasasti Cunggrang,-7.5798158,112.6849627,soft_positive,1,wet,2024-03-20,11.039311,0.26908691438688453,0.1496598121203052,0.2558603591213087,0.2746370776231312,-0.018776718501822498,0.004370361103486572,-0.2576138991457541,0.11856327359994392,-0.2538798501248753,-0.2609485585749623,0.007068708450087002,0.002900852363900193,0.4022794160423983,0.3841069225161368,-0.025366852461433942,1.220909586301062,0.9732273879301816
OSM61,Situs Petirtaan Brumbung,-7.799256,112.2885931,soft_positive,1,wet,2024-02-12,18.72402,0.24967377700819787,0.07715657824326963,0.23697313485796045,0.2626744671573685,-0.02570133229940802,0.0013489116469531694,-0.23438646046561007,0.06425830485767564,-0.22469790672698017,-0.2443304427768895,0.019632536049909333,0.0009732570972711513,0.39339211473670505,0.3792888274749413,-0.030990595240960594,1.185775033704907,0.9695936211653032
OSM62,Candi Surowono,-7.7464638,112.2180204,soft_positive,1,wet,2024-02-12,18.72402,0.2777269548717769,0.1292527819246779,0.30786667729529926,0.2790359457214652,0.02883073157383409,0.003448355406350311,-0.25135822104848704,0.12142993133403235,-0.29150454343308746,-0.24996881407638305,-0.04153572935670441,0.002703059435211276,0.41899120315670135,0.461950769346754,0.04317781471735077,1.24117454897881,0.9449875902281873
OSM63,Candi Tegowangi,-7.7347204,112.1611752,soft_positive,1,wet,2024-02-12,18.72402,0.3949126927429531,0.14538064337841763,0.42201038641333355,0.4025762450629285,0.019434141350405054,0.0048530553520760205,-0.3647989183063741,0.1176633285648883,-0.38579652393256125,-0.36972977921600536,-0.016066744716555892,0.0033199306829728267,0.5492098279706926,0.5825338541767047,0.024580894610496062,1.3245879632316526,0.9275699814751137
OSM64,Situs Petirtaan Sumberbeji,-7.6658053,112.2562369,soft_positive,1,wet,2024-02-12,18.72402,0.40464200289172747,0.0642969465250473,0.38266773456598213,0.41355330978686067,-0.030885575220878536,0.0005702221311236584,-0.3618139074312197,0.05383891160708215,-0.3429908354070943,-0.3690448728762206,0.026054037469126323,0.00039077629218430487,0.5730549137841666,0.5516301778879131,-0.030067348000482275,1.3233337771951517,0.9034560831969513
OSM65,Situs Gua Selomangleng,-7.8072612,111.9729852,soft_positive,1,wet,2024-03-23,12.649371,0.5250595839550851,0.1340118098366724,0.466536324074152,0.5329540667422656,-0.06641774266811362,0.002270855388503769,-0.47386213937841787,0.10963602091668956,-0.43027310770512245,-0.47982656893639103,0.04955346123126858,0.0017601605129849037,0.6757508214613235,0.6201835602733763,-0.06431086388955343,1.4792357797242706,0.8655862080972856
OSM66,Situs Arca Totok Kerot,-7.7979459,112.0701523,soft_positive,1,wet,2024-02-12,18.72402,0.3794523641847102,0.18115027910241,0.487517278498037,0.3341585223026001,0.15335875619543687,0.003650369012231184,-0.3399551678913229,0.14188831271048663,-0.42483501279599084,-0.3036457317957933,-0.12118928100019755,0.002388392482207481,0.5226118232510238,0.6459144425152471,0.1741617422035684,1.3589471181815151,0.9061662400671213
OSM67,Situs Candi Tondowongso,-7.7905516,112.1422892,soft_positive,1,wet,2024-02-12,18.72402,0.41657675835385255,0.13454995634393785,0.4606477416323221,0.4109173360968475,0.04973040553547459,0.0036499619201479506,-0.3799957228251481,0.10874886808297558,-0.41176472436575623,-0.3750693682888942,-0.03669535607686203,0.002545544488101375,0.5739284739688438,0.6252178420266921,0.056940134878460835,1.3533735806725844,0.9118590272955569
OSM68,Candi Mirigambar,-8.1341345,111.9759543,soft_positive,1,wet,2024-03-23,12.649371,0.3850937544101386,0.1459459884894589,0.4262566336051921,0.39529114144834765,0.030965492156844465,0.005726941101402399,-0.364665834351117,0.11581986420266878,-0.40183863315010754,-0.37077354276685986,-0.031065090383247673,0.0036263029293246173,0.5391063641390174,0.5857036637702732,0.03487105213596087,1.2843045021133523,0.9498614362737575
WIKI0003,Candi Penataran,-8.01611111,112.20916667,soft_positive,1,wet,2024-02-12,18.72402,0.22255696439316816,0.13301459978707847,0.10563586774431713,0.2356435836832848,-0.13000771593896768,0.0025018895198195964,-0.20263621322066405,0.11921994233772197,-0.10166417223767572,-0.2131980052914117,0.11153383305373597,0.002023940789457677,0.34631031782015465,0.18644315803598432,-0.17786001932452827,1.1908107332172844,0.957213912095036
OSM70,Situs Candi Gempur Adan-Adan,-7.769902,112.1171099,soft_positive,1,wet,2024-02-12,18.72402,0.45068343710891584,0.1483015564834419,0.49219471683970767,0.4502201363713121,0.041974580468395584,0.004586706813851942,-0.4160507622175953,0.11403047284682222,-0.4457729135614752,-0.4147795784424257,-0.030993335119049503,0.002964260275962607,0.6048045577608743,0.6511197194554154,0.04854378334427034,1.3873950586217338,0.9118915132849909
OSM71,Situs Watu Umpak Grobogon,-7.6011296,112.3480411,soft_positive,1,wet,2024-02-12,18.72402,0.4399685577977119,0.14955238821191327,0.4155317763663895,0.4537234606807709,-0.03819168431438141,0.0041517641955965984,-0.40583253500113614,0.12422362551780325,-0.38497713433320285,-0.41585222589241755,0.030875091559214696,0.002924756014212147,0.5938927592630854,0.57390379626053,-0.03527323472808985,1.397043875347622,0.914041021947817
OSM72,Situs Kedaton Jombang,-7.6346011,112.2532318,soft_positive,1,wet,2024-02-12,18.72402,0.3705633085059666,0.06133849680954386,0.3850186514436881,0.3775270142767696,0.0074916371669184745,0.0004843038178501855,-0.33324936330486443,0.04763504775737744,-0.34087832051271305,-0.3398398813112671,-0.0010384392014459731,0.0003373159925318986,0.537599222892161,0.5552411191394765,0.009970463299187493,1.269000756030278,0.9182406181278767
OSM73,Candi Ngetos,-7.6935104,111.8424528,soft_positive,1,wet,2024-03-23,12.649371,0.42324808559889826,0.1398910707849161,0.27001433678507863,0.4455657220034699,-0.17555138521839125,0.0036105269532298295,-0.39483070264112313,0.10710987967803903,-0.27807450241032744,-0.4110203520001484,0.13294584958982097,0.0022968647750357843,0.5794170219175667,0.4059377141791174,-0.19746291096427326,1.375779135633998,0.9287234722326484
OSM74,Situs Dam Pipo,-7.78122,112.2578354,soft_positive,1,wet,2024-02-12,18.72402,0.26452327436069006,0.04731461352594371,0.25902156947131294,0.26108346687386663,-0.002061897402553692,0.00019823799633211767,-0.23976441576732163,0.04363720377723273,-0.2315411454097773,-0.23631426019402116,0.004773114784243859,0.00015157888064560787,0.41618148074743033,0.4109811100617094,-0.00012074367811892861,1.1484125813993982,0.9485981064287126
OSM75,Situs Watu Gilang Pujon,-7.8289325,112.4220203,soft_positive,1,wet,2024-02-12,18.72402,0.4804235533937665,0.10002698316686987,0.4418073167208142,0.4893734124303345,-0.047566095709520306,0.0018873363484092237,-0.42312541394680764,0.08067788178004037,-0.3899902267632544,-0.43241043637116844,0.04242020960791404,0.0011798116578823706,0.6424904624726303,0.610748026369248,-0.038942229044784615,1.4341198471727161,0.8615247798279329
OSM76,Situs Candi Ganter,-7.8271272,112.3939101,soft_positive,1,wet,2024-02-12,18.72402,0.42606270368098875,0.21596583099345246,0.5753153426412227,0.40709515658350953,0.16822018605771322,0.0007281708065036345,-0.3716624546297355,0.20276425705573076,-0.5130947497394398,-0.3541524733475982,-0.1589422763918416,0.0005101208570332787,0.5604019755037076,0.7294555963372806,0.19296125504466688,1.4627433366375748,0.8656998748801594
OSM77,Situs Sendang Made,-7.4030121,112.3122484,soft_positive,1,wet,2024-02-12,18.72402,0.37028346712818533,0.15253115659570482,0.43177589212780554,0.3588759940626271,0.07289989806517844,0.0059710011433083375,-0.3410777575103525,0.12626188049379597,-0.3912090801504111,-0.3319306286789495,-0.0592784514714616,0.004532788884637964,0.5212130902208704,0.5888205207590397,0.08088695900545839,1.2888149641947537,0.930304001555121
OSM78,Situs Makam Gunung Ratu,-7.2640867,112.2370884,soft_positive,1,wet,2024-02-12,18.72402,0.44871805050549385,0.10511382471646509,0.5170632763244345,0.4350317510871048,0.0820315252373297,0.001525301479992524,-0.40603033241436837,0.07994984177938531,-0.4589397395647205,-0.3942419145945452,-0.06469782497017529,0.0008943537729490804,0.6112919270037321,0.6789008934297192,0.08242608301264731,1.4686572766677453,0.8972577378037732
OSM79,Prasasti Gurit,-7.403138,112.2881247,soft_positive,1,wet,2024-02-12,18.72402,0.43043412040643836,0.15166383148358203,0.28591855737542515,0.4491574329407318,-0.16323887556530664,0.004631873662932396,-0.39126048827572274,0.12352615565537874,-0.28525463823453345,-0.40599918932625684,0.12074455109172338,0.0032954787534884215,0.5839699360823932,0.42637194449606,-0.17816552172199862,1.3500591183525033,0.9037643549907037
OSM80,Prasasti Sumbersari,-7.2892372,112.235266,soft_positive,1,wet,2024-02-12,18.72402,0.4336285066414766,0.13542879781749126,0.4503254111200144,0.4434210473045793,0.006904363815435077,0.002017685965427025,-0.38850918346126434,0.10751902422009743,-0.4039863610426421,-0.3973509646371716,-0.006635396405470451,0.0013110682168873426,0.5908326284912586,0.6105019983302055,0.009822683342648242,1.43259896888327,0.891262175747709
OSM81,Candi Situsumpak,-7.5406294,112.4025429,soft_positive,1,wet,2024-02-12,18.72402,0.5058400532833468,0.13483277464852425,0.5802980818431905,0.4764343087564842,0.10386377308670636,0.0021616068400612666,-0.45679720653356437,0.11145670348322502,-0.523199772135215,-0.4293725234677912,-0.09382724866742376,0.0015218736643405901,0.6585248536995123,0.7331922031621559,0.10489740111806234,1.4468860721452232,0.8739239905666922
OSM82,Situs Yoni Lebak Jabung,-7.619221,112.4114903,soft_positive,1,wet,2024-02-12,18.72402,0.4021224193209649,0.16596572026311388,0.42148494942758674,0.3938095260946173,0.027675423332969462,0.002638381863461261,-0.361257628404337,0.14032478992358544,-0.3820890662311178,-0.35323084309574526,-0.028858223135372563,0.0017878809718214134,0.5508232056494032,0.5870299166537825,0.04841677742309447,1.403752067042156,0.9015520948487894
OSM83,Candi Kedaton,-7.5704583,112.3796406,soft_positive,1,wet,2024-02-12,18.72402,0.4231598956009343,0.16618324232175152,0.3675339846699622,0.43508250060517545,-0.06754851593521327,0.004621162831986802,-0.3892600007907701,0.13144349572074795,-0.3551104515336171,-0.39709571406616795,0.04198526253255086,0.0030897633102986667,0.5726153860192431,0.5073033881103243,-0.07924815514607608,1.3664037346683915,0.9148958160691771
OSM85,Situs Siti Hinggil,-7.5503366,112.3692731,soft_positive,1,wet,2024-02-12,18.72402,0.43945606642906315,0.15818262027657792,0.3977247557929482,0.4340756506656191,-0.0363508948726709,0.0025699915808598084,-0.40111785037386405,0.1251995021273411,-0.35969134655016655,-0.39801371694522314,0.03832237039505659,0.0017911706979777781,0.5909227130987081,0.5560622247842253,-0.026388165647755146,1.399049840370547,0.9036259140962064
OSM86,candi jawar,-8.1680934,112.8953201,soft_positive,1,wet,2024-03-20,0.035696,0.5594200230456245,0.07789814763241942,0.529153517901231,0.5632364114518036,-0.03408289355057259,0.001171418015425666,-0.5027903099491237,0.06546785609872612,-0.47581391738268486,-0.505460080397366,0.02964616301468115,0.0007619879711481662,0.7138284026177877,0.6873055031779074,-0.030297805350392726,1.5385705515792392,0.8512168656986021
OSM87,Cagar Budaya Candi Pendem,-7.497183,111.2241471,soft_positive,1,wet,2024-03-23,12.649371,0.372922477656717,0.1385227715312899,0.3825567434766998,0.36937854369970957,0.013178199776990251,0.004364924244610077,-0.35128140675416913,0.1085527549620236,-0.36338469865214795,-0.347939513316019,-0.01544518533612893,0.002692877513875919,0.5275851171015915,0.5418586523529996,0.01746603965982474,1.3547918242576409,0.9468919770307428
OSM88,Candi Songgoriti,-7.8672218,112.4927191,soft_positive,1,wet,2024-03-20,11.039311,0.4499258201669715,0.14844588053113128,0.4545541318931535,0.464817195778012,-0.010263063884858481,0.003210722200452268,-0.4074622027092871,0.12381333879291724,-0.41022402664295254,-0.4233849568838035,0.013160930240850965,0.0022692865536093664,0.6035166009560887,0.6192834292453984,0.003990433999672027,1.4228189867295113,0.8951413135698882
WIKI0005,Candi Sumberawan,-7.85722,112.652,soft_positive,1,wet,2024-03-20,11.039311,0.32805377750819564,0.1883572498548435,0.21761625674995172,0.3571325102781394,-0.1395162535281877,0.005091529624803904,-0.31068022952562785,0.15833939095110316,-0.22936704989651577,-0.33229554442599224,0.10292849452947647,0.0038015901747044745,0.46159373283112437,0.3346892103874666,-0.16123882405275902,1.2719444373661528,0.9557092109741023
WIKI0016,Situs Menggung,-7.67177,111.13019,soft_positive,1,wet,2024-03-23,12.649371,-0.008022127014968666,0.03286933845291733,-0.008177901151952416,-0.0070521598843158,-0.0011257412676366155,0.00012693876528797608,0.02433166684527573,0.026219446503835484,0.024714118751346294,0.023968234080901745,0.0007458846704445493,4.3849716227042016e-05,-0.018256556534198443,-0.016859735966843346,-4.149861893154236e-05,1.1797569660352898,0.968146171300176
WIKI0017,Situs Plangatan,-7.63508,111.13254,soft_positive,1,wet,2024-03-23,12.649371,-0.017007240729512294,0.03489662367109718,-0.030165327290745284,-0.014959396897271377,-0.015205930393473907,0.00023676355517856013,0.03750181246521414,0.023616569521756357,0.0481785926087094,0.03445682693478009,0.013721765673929312,8.394837108022921e-05,-0.03713792255384369,-0.06353089092079585,-0.030355275907497647,1.1780919575476767,0.9605855169908875
OSM93,Candi Satu,-8.4078258,114.1649588,soft_positive,1,wet,2024-02-29,15.557764,0.37353094922315483,0.1314088735455085,0.270561311528543,0.38390696868878527,-0.11334565716024225,0.0033447827999612606,-0.3402575853124999,0.10888253154815374,-0.27142723901283644,-0.34603383898405937,0.07460659997122293,0.002248433484297108,0.5295917111562716,0.40161848459464067,-0.1396644314223472,1.3329673199477177,0.9229464439864346
OSM94,Candi Jepara,-6.5245208,110.7752538,soft_positive,1,wet,2024-03-23,12.526086,0.3876997519425815,0.1265197710224984,0.2986546351581079,0.3863281959271167,-0.08767356076900878,0.002775682668799244,-0.3559198204081962,0.09837601147046535,-0.2888760140451416,-0.35472889828694965,0.06585288424180802,0.0018086175389647517,0.5457104655050945,0.44878185108068464,-0.09409254770500503,1.343069014674882,0.9249012637206162
OSM95,Candi Borobudur,-8.2011378,111.088786,soft_positive,1,wet,2024-03-23,5.261585,0.3711325156614735,0.1550330837841757,0.33016311842134877,0.3721982521043774,-0.042035133683028636,0.005114593854929219,-0.3449544760732882,0.12041097070714143,-0.3108635191461229,-0.3472301660957426,0.03636664694961966,0.0034584541480809266,0.5206752694263842,0.47448176476675885,-0.04779804695391143,1.3027073309303911,0.9373808962417305
OSM96,Candi Mendut,-7.9405761,112.6271802,soft_positive,1,wet,2024-03-20,11.039311,0.1538566964794252,0.1214094821152096,0.11689090425706931,0.15526392003517858,-0.03837301577810927,0.004995428226714404,-0.1712266585753046,0.10312094526160265,-0.14220377981564208,-0.17233255882868967,0.030128779013047585,0.003852673950470236,0.24948137456993058,0.20244296466595302,-0.048153325391910695,1.0967055768464797,1.0371969566703167
OSM98,Candi Prambanan,-8.1992747,111.0914972,soft_positive,1,wet,2024-03-23,5.261585,0.3502422444583567,0.15840893331737327,0.27979896420501815,0.3604034507359492,-0.08060448653093105,0.005826612129130244,-0.32675572457318647,0.12330870183853723,-0.2920878789143965,-0.333520917896567,0.04143303898217049,0.0039055907423100203,0.4966637274061848,0.42290893605287694,-0.08674217498264003,1.2724782797835006,0.9447374050080667
OSM99,Candi Plaosan,-8.2182728,114.3671726,soft_positive,1,wet,2024-02-29,15.557764,0.19597738254567093,0.1541426016984437,0.19593460972695984,0.20099195040997636,-0.005057340683016526,0.007268209978892672,-0.22245058322504216,0.1251972348798289,-0.23436329485680235,-0.22371181352649175,-0.010651481330310603,0.005516673610056072,0.30207433314693183,0.3067043877725689,-0.001964414583808638,1.1304848489425903,1.060793530590784
OSM100,Candi Plaosan Kidul,-7.7426813,110.5047479,soft_positive,1,wet,2024-03-23,15.984333,0.38777453356702163,0.13828503510861948,0.3412400760713136,0.38762659236799607,-0.046386516296682445,0.005125855695412687,-0.3650219495579059,0.10749907557287784,-0.3364349409623245,-0.36454530304390603,0.02811036208158152,0.0032095752668829256,0.5435962549657051,0.48959483072473176,-0.05384390403589234,1.3160266810942038,0.9439698500259854
OSM101,Candi Sewu,-7.940663,112.6343583,soft_positive,1,wet,2024-03-20,11.039311,0.1368738735896008,0.1067462439891766,0.11134824604417609,0.14591947917063164,-0.03457123312645555,0.0036454991927585604,-0.15933069691780072,0.09203917959495904,-0.14328965959737988,-0.16725932165278642,0.023969662055406543,0.0030714187685623303,0.22701504161549446,0.19316176987142059,-0.04730625463478322,1.0812591219424874,1.0483741464577714
WIKI0004,Candi Sukuh,-7.6274,111.13118,soft_positive,1,wet,2024-03-23,12.649371,-0.036672305946111296,0.015665415570830166,-0.025996514715688347,-0.03790328325147042,0.01190676853578207,7.679146634629145e-05,0.05870168732334008,0.010717419377090238,0.0458147472204471,0.06025242832154491,-0.014437681101097811,2.3706163946575272e-05,-0.07669595348675448,-0.053470704729375026,0.025988049548581818,1.2231286666910226,0.9571174299197719
OSM106,Candi Arjuna,-7.8767471,112.6705275,soft_positive,1,wet,2024-03-20,11.039311,0.3222506018530487,0.18265181717924683,0.20799585065894471,0.3373502724593442,-0.12935442180039947,0.005748952284634588,-0.306164987088212,0.1488395573105532,-0.2215942859268269,-0.3180362240820203,0.09644193815519342,0.004003943414072291,0.45801588149853617,0.3234008848932353,-0.15414545207975544,1.245608886096682,0.9585658336834713
OSM107,Candi Bima,-7.9435133,112.6349423,soft_positive,1,wet,2024-03-20,11.039311,0.14522118907342896,0.10856589871914675,0.1133885071160134,0.150116368638526,-0.0367278615225126,0.003937688814088254,-0.1676927428949085,0.09228195295533446,-0.1445385461680163,-0.1718914769312461,0.027352930763229782,0.00317941754922456,0.2395931915887859,0.19690254284700018,-0.048454619808048216,1.0860505993435865,1.0485711958716868
OSM109,Candi Bubrah (Jepara),-6.6034772,110.8649112,soft_positive,1,wet,2024-03-23,12.526086,0.28605382717032496,0.22508382450807324,0.2632325809931618,0.29816644374771584,-0.03493386275455401,0.00041398129226444215,-0.23928225356269694,0.20281702638437699,-0.21890363827733142,-0.25013338175177857,0.031229743474447152,0.0003209782846930201,0.39423246429309805,0.4050612137660858,0.0039596217663341315,1.3564885456612445,0.8945723013214621
OSM111,Candi Kalasan,-7.9423387,112.6396959,soft_positive,1,wet,2024-03-20,11.039311,0.1524036247616519,0.12266145543427336,0.17619572509673276,0.14404407522964893,0.032151649867083826,0.004288295337374639,-0.16983907305622134,0.10472834950602875,-0.19435358653680715,-0.162580049484368,-0.031773537052439155,0.003472744484684443,0.24695875815285032,0.2854702926582422,0.04869263563983511,1.0938698086671512,1.037162945867356
OSM112,Candi Ratu Boko,-7.7710173,110.5040988,soft_positive,1,wet,2024-03-23,15.984333,0.3818361001062005,0.1982722776930776,0.42382438355099267,0.3579683862934725,0.06585599725752017,0.0019959310729508422,-0.3421499249140278,0.1725121300602883,-0.3885087182324227,-0.320497211014099,-0.06801150721832372,0.0013692978594284381,0.5199780767993963,0.5857512671368101,0.09499533668859239,1.3901332536443494,0.902323604428702
OSM113,Candi Sari,-7.9418671,112.6317556,soft_positive,1,wet,2024-03-20,11.039311,0.14006196555092892,0.107762795743124,0.1234867105852351,0.1420490088750499,-0.018562298289814802,0.003942335263651315,-0.16285341229562067,0.09417954560152611,-0.15621420028241034,-0.16375296246570026,0.007538762183289915,0.0032220005453665497,0.23169005080181546,0.21260892648262938,-0.021284356195854948,1.0821986504155483,1.0492651141457359
OSM114,Candi Ijo,-7.7837641,110.5114895,soft_positive,1,wet,2024-03-23,15.984333,0.17776816588722785,0.14017545764942865,0.0724508516858115,0.20180648424104802,-0.12935563255523652,0.0010475720502587118,-0.1493133837445811,0.12748422147053295,-0.05107330111064336,-0.17073120913847273,0.11965790802782937,0.0006855065816293377,0.2788060054401455,0.1324264879105101,-0.1752214234679571,1.2232904128350466,0.9419098859488546
OSM118,Candi Kidal,-8.0258439,112.7091054,soft_positive,1,wet,2024-03-20,11.039311,0.4462181956805899,0.1621823207925264,0.37416079165530114,0.453510121202476,-0.07934932954717488,0.004319599947564185,-0.41148085159093833,0.13020127723019945,-0.360641864278859,-0.4170121904220588,0.056370326143199756,0.003016422601812974,0.5972788369205747,0.5118056558047601,-0.09458870956676668,1.369468140955127,0.910176530407118
OSM119,Candi Singosari,-7.8877437,112.6639091,soft_positive,1,wet,2024-03-20,11.039311,0.2078461562951405,0.13594152355661918,0.1774020976841711,0.20885248217857424,-0.031450384494403155,0.005693094828876553,-0.21811585153380464,0.11292825832940873,-0.19119702281792605,-0.21866422550676318,0.027467202688837122,0.004373511459029488,0.3246579614466551,0.28546935103995225,-0.040569200696776,1.1303063865165375,1.0210098020934364
OSM125,Candi Lor,-8.1796471,113.0723519,soft_positive,1,wet,2024-03-20,5.430708,0.4148539170923128,0.13486189198950008,0.29781615083279817,0.4134379646408651,-0.11562181380806691,0.0028943907111786933,-0.3768251050179625,0.1070970464683293,-0.2937742863902356,-0.3738620337810768,0.08008774739084118,0.0018729976439676875,0.5725936438167786,0.43719749151458925,-0.13492174597706158,1.3704746903262772,0.908394608539273
OSM150,Candi Baru,-7.2716198,112.664791,soft_positive,1,wet,2024-03-20,3.175667,0.2266288573420776,0.20393717095206318,0.18027187715105164,0.25781792945788806,-0.07754605230683642,0.007336305813997031,-0.23526225766418837,0.1676087799248885,-0.19250104024897324,-0.26194239928700247,0.06944135903802923,0.00560732163009576,0.3268531365270916,0.2803756213945451,-0.08437949246947751,1.1992470231914854,1.0153637961101052
OSM164,Candi Deres,-8.2989723,113.4190438,soft_positive,1,wet,2024-03-20,5.430708,0.36040602430423935,0.12347596795129286,0.2555249735606268,0.37779094615451103,-0.12226597259388422,0.0009239179340053764,-0.3119680130906765,0.11371741023934656,-0.2003662895184828,-0.33269009458330356,0.13232380506482078,0.0006277789247753108,0.5166383493162507,0.40433054524653245,-0.1294695539310855,1.3622889046512376,0.8939500595936901
OSM167,Candi Agung,-8.396529,114.1601135,soft_positive,1,wet,2024-02-29,15.557764,0.2758021473935272,0.15232586082110383,0.18039666441600352,0.29708978461912827,-0.11669312020312475,0.0034754171123851894,-0.24925709118894457,0.1358105287809987,-0.15721788489386815,-0.2700004347250987,0.11278254983123057,0.0025437328856259094,0.41035807909158756,0.27552073361400803,-0.1615386247587801,1.2158945482067312,0.9417899751555866
OSM168,Candi,-7.4853909,112.726104,soft_positive,1,wet,2024-03-20,11.039311,0.21101307498538577,0.1449939028455623,0.20752677360266644,0.21560201811976423,-0.00807524451709779,0.005818790549955195,-0.2137923947106177,0.11732010493234354,-0.20519386799262387,-0.21653303804093654,0.011339170048312669,0.004013698899968987,0.3258848732178433,0.3194684854392267,-0.014558225139120695,1.1669165497571938,1.0059022969804794
WIKI0009,Kolam Segaran,-7.558,112.3829,soft_positive,1,wet,2024-02-12,18.72402,0.36739909985995073,0.17301752958156225,0.1775363522946666,0.4068533557118191,-0.22931700341715247,0.004653455169235781,-0.33744264211903685,0.14197675827308925,-0.149420168840938,-0.3710241290957583,0.22160396025482032,0.0031239585640377853,0.5117309485377826,0.290301444621673,-0.26497095137695553,1.3339297278523672,0.9274805085401223
WIKI0019,Trinil,-7.3743,111.3578,soft_positive,1,wet,2024-03-23,12.649371,0.3684696580527923,0.1826852403710664,0.43277751457868463,0.3607787483840738,0.07199876619461082,0.005342836674285108,-0.34591359501077884,0.1425124018503768,-0.3997756130390097,-0.33900363060080685,-0.060771982438202865,0.003230511726103481,0.5085321693795133,0.5846826227950538,0.08729034882214359,1.3653901992824078,0.9425542634995512
WIKI0020,Trowulan,-7.55,112.366667,soft_positive,1,wet,2024-02-12,18.72402,0.47071656894108016,0.1280433539717569,0.37298913491235103,0.468799741440434,-0.09581060652808299,0.0023194333277897932,-0.4245754691995913,0.10572869624926802,-0.33400889016093754,-0.4239055198450528,0.08989662968411527,0.00166844323078387,0.6281722099617267,0.5357563242522622,-0.08942561117347203,1.4334558428392539,0.8852579552365474
HN001,Ctrl_plain_north,-7.45,112.6,hard_negative,-2,wet,2024-03-20,11.039311,0.3595682738080915,0.13964536134578184,0.3143022814286655,0.3849184832215699,-0.0706162017929044,0.0026017256825024058,-0.3357121084426005,0.10110941823456628,-0.3082753792900131,-0.3502231036150362,0.04194772432502314,0.0014131403763917444,0.5123006575866333,0.46883902925329607,-0.07102879535425072,1.3556689167682139,0.9438319123426471
HN002,Ctrl_slope_south,-8.15,112.7,hard_negative,-2,wet,2024-03-20,0.035696,0.4496526844828952,0.16584342837456556,0.2922940410998995,0.4378799797311376,-0.14558593863123814,0.004358342542719291,-0.4169876634300601,0.1309982927050735,-0.30198038269384364,-0.40798746488411924,0.1060070821902756,0.0028504968597707534,0.599741486893183,0.4285305273764823,-0.15805879294068242,1.3919136693881777,0.9135772812284962
HN003,Ctrl_plain_east,-7.85,113.0,hard_negative,-2,wet,2024-03-30,15.717179,0.1995262494267339,0.15271830446931542,0.37214997073931216,0.15187523163828603,0.22027473910102613,0.0007532029741712838,-0.16298747835463645,0.13533928257227876,-0.3146653001734688,-0.12136799828191615,-0.19329730189155264,0.0005535197683210862,0.3066705533268644,0.5394038266687096,0.3004030839971308,1.1878635325465352,0.9240883991430812
HN004,Ctrl_slope_north,-7.6,112.45,hard_negative,-2,wet,2024-02-12,18.72402,0.3853835326419717,0.12797874913037105,0.4020532024637993,0.37338224078060717,0.02867096168319211,0.0032586388469857666,-0.3559954751105049,0.10120342741712027,-0.36965781998979597,-0.34444361551356395,-0.025214204476232016,0.002107078028668312,0.5431781406638841,0.5634268321125785,0.03473063783355068,1.3655342003610051,0.9302206685657809
HN005,Ctrl_plain_west,-7.9,112.15,hard_negative,-2,wet,2024-02-12,18.72402,0.4283688635190809,0.1595304085370867,0.3848784300187465,0.4417270840015023,-0.05684865398275579,0.002980338633793708,-0.38817314955335935,0.13159382416899482,-0.36567204561945954,-0.39580965794308,0.030137612323620444,0.0020920474507722664,0.5801913136363718,0.5338941571304321,-0.06201151566659746,1.3661296094469166,0.9003220107362735
RN0003,RandomNeg_0003,-6.764233478924364,111.76699487422911,random_negative,-1,dry,2024-07-16,0.002893,-0.106701991124386,0.03141915369862673,-0.10531395685459949,-0.10844283711169272,0.003128880257093236,4.5951177428159934e-05,0.25490485443805316,0.024995974096474548,0.25651354196713005,0.25519620308373886,0.0013173388833911948,1.9988548293188997e-05,-0.24158248543950422,-0.23614571025784756,0.010578076727894792,1.0151383324579293,0.7356081774883878
RN0006,RandomNeg_0006,-8.26594987306955,110.05355288103362,random_negative,-1,dry,2024-08-20,0.0,-0.010479787385203835,0.005122156041797778,-0.010273787343629775,-0.010488288580258522,0.00021450123662874673,1.9714533066364567e-05,0.03792542368450699,0.004664241823732556,0.03749832536037531,0.038079596518254065,-0.000581271157878753,1.7329634386092438e-05,-0.021225400804625302,-0.02080719207603636,0.00043521171363009037,1.0070698485738556,0.9466016587947031
RN0008,RandomNeg_0008,-7.015335130439382,110.44941480603217,random_negative,-1,dry,2024-07-16,0.001765,0.12857526388243745,0.09846164846793401,0.12919368326315386,0.136908623414373,-0.007714940151219124,0.0025283421072040207,-0.1607524137496421,0.08160393831271295,-0.1658526244413371,-0.16779228121415507,0.0019396567728179603,0.002070512850906362,0.2159533759444448,0.22075109091913533,-0.006838927234928155,1.0347708968245697,1.0699392271068178
RN0009,RandomNeg_0009,-8.26072219608198,110.89265683875908,random_negative,-1,dry,2024-08-20,0.128932,-0.004893708075525205,0.010360387971500693,-0.005417011238707114,-0.004920436629500709,-0.0004965746092064054,7.691337441262413e-05,0.03721642626691164,0.006907345582893353,0.03850515254313037,0.036883296402628045,0.001621856140502323,3.7336909231235986e-05,-0.010049046330896101,-0.011075649457260396,-0.0009696204762696843,1.0058309968714663,0.9375089693897185
RN0011,RandomNeg_0011,-6.563124169684857,111.98139394988227,random_negative,-1,dry,2024-07-16,0.002893,-0.02045469198727763,0.006764290645499382,-0.02020728781521465,-0.020579904581887732,0.0003726167666730819,3.7129301324748095e-05,0.06652971807921326,0.005022809505615724,0.0657429932676154,0.0667619803864387,-0.0010189871188232974,2.0402598234337436e-05,-0.041841340962979416,-0.04132760320515672,0.0007760575765204739,1.014896070987232,0.9118545207660216
RN0015,RandomNeg_0015,-6.4422663375923666,111.03726031366891,random_negative,-1,dry,2024-07-16,0.001765,0.1149943892506646,0.1669035740282591,0.06950630948279227,0.1232838116039547,-0.05377750212116243,0.003994746319629627,-0.07338601417187082,0.1789136068641999,-0.006274690428707013,-0.08204317761617866,0.07576848718747164,0.003900676347913437,0.1678736416175155,0.1157779347042424,-0.05879316479948392,1.1508160645304404,0.9191351822750791
RN0016,RandomNeg_0016,-6.5593280075042975,112.29731786693817,random_negative,-1,dry,2024-07-16,0.011199,-0.015148016361135427,0.00815346871959839,-0.015050962177132105,-0.015207646581379545,0.00015668440424744003,5.319937115035898e-05,0.053487509909824246,0.0062743667462211005,0.05327716903455979,0.05345687067899197,-0.00017970164443217862,3.056718108183191e-05,-0.030886218305677927,-0.030708096862913408,0.0002968206571313213,1.0018872408976558,0.9261903704955956
RN0017,RandomNeg_0017,-6.494726473666315,111.18519752364246,random_negative,-1,dry,2024-07-16,0.002893,-0.06735731278412393,0.006815254128434808,-0.06610732063056718,-0.06754360239706722,0.0014362817665000416,2.265059220610193e-05,0.23781730309962795,0.008453085528491559,0.2368137031663397,0.23815650498958577,-0.0013428018232460592,1.4839539567341005e-05,-0.14448453248197943,-0.14157828537182582,0.003350813626382121,1.0078191276272763,0.7047124455363746
RN0018,RandomNeg_0018,-6.4010499890987465,110.77352145256762,random_negative,-1,dry,2024-07-16,0.001765,-0.03328504310779393,0.004015760647850568,-0.03366162651662386,-0.03326471730076607,-0.0003969092158577908,1.1456480812067778e-05,0.13700939112269783,0.0066464674237296205,0.1371193291570446,0.13706961834687684,4.9710810167774566e-05,1.1654841549966147e-05,-0.0688646202112645,-0.06966637288084598,-0.0008441584296306481,1.0135921886239698,0.8113155101369214
RN0026,RandomNeg_0026,-7.020697382784879,111.09131005666988,random_negative,-1,dry,2024-07-16,0.002893,0.36741158732815304,0.07661275184772916,0.3608720252748037,0.36485893089248483,-0.0039869056176811135,0.0010884834565940112,-0.3486523056762971,0.04970601980828927,-0.3455818229222881,-0.3471200999591724,0.0015382770368843057,0.0005594105187733338,0.5326741359749352,0.527692411268456,-0.0018773341079544315,1.4068914309449863,0.9572316046801322
RN0029,RandomNeg_0029,-6.030382283153873,111.39999759854093,random_negative,-1,dry,2024-08-25,0.16777,-0.011591959462641722,0.01560331781032354,-0.011559600314917736,-0.011591687689812996,3.2087374895260756e-05,0.000210595681076996,0.03378924472762541,0.00925400092092673,0.033469372386681365,0.03366203235313117,-0.00019265996644980687,7.470967541456504e-05,-0.02394946395619488,-0.023770286760485534,0.00017678499016706914,1.0006784483943147,0.956843256478916
RN0030,RandomNeg_0030,-7.284845743053526,111.84614250989874,random_negative,-1,dry,2024-08-21,4.4e-05,0.004097787043662835,0.01359190212204994,0.005142802499988735,0.003988906685676033,0.0011538958143127017,0.00014777103135786448,0.001555708917798988,0.010819530612907139,0.00043292730702533874,0.001917355470152757,-0.0014844281631274181,9.76439837576968e-05,0.007793404626492418,0.00981566090345865,0.002238633422330648,1.0309603728538586,0.9890300550157856
RN0031,RandomNeg_0031,-6.455729431449552,112.75999911546245,random_negative,-1,dry,2024-07-16,0.011199,-0.011694362892135384,0.008305916773812644,-0.011037084838196123,-0.011708569213721315,0.0006714843755251925,5.525966139752316e-05,0.05957555946148765,0.0066889931701146965,0.05914688899129965,0.059552490984285784,-0.00040560199298613625,3.525532811439036e-05,-0.023797044689393466,-0.022477459188082777,0.001343862943417342,1.010984481580428,0.9086513905393582
RN0037,RandomNeg_0037,-6.2478119897524245,109.588518525874,random_negative,-1,dry,2024-07-19,0.53176,-0.021700362396363783,0.014340894179330084,-0.021338320348588163,-0.02165684629960188,0.00031852595101371575,0.0001636586047561015,0.14147812407673713,0.010325011816195372,0.1425862435392784,0.14132822137496767,0.0012580221643107292,7.073805225183742e-05,-0.044781836132968385,-0.04400433997617057,0.0006968383912139414,1.0111232279667608,0.7856987418663467
RN0040,RandomNeg_0040,-7.204700628351732,113.97822883602477,random_negative,-1,dry,2024-09-01,0.157737,-0.03589540434892434,0.007765789259117831,-0.03647972348964641,-0.03574681548196502,-0.0007329080076813946,5.007852564607098e-05,0.15787088857149134,0.007154677177833101,0.15768345108568504,0.15783984152937733,-0.0001563904436922836,3.065826584438561e-05,-0.07456537455611358,-0.075826073781883,-0.0015821427522704906,1.0094480864095807,0.7815352121615964
RN0042,RandomNeg_0042,-6.00714094116418,110.09526293676464,random_negative,-1,dry,2024-07-19,0.53176,-0.011553779139308926,0.01309054036351512,-0.0130530238486203,-0.011625145263521257,-0.0014278785850990426,0.0001380647192876625,0.041162797122563564,0.009555755052663626,0.041157603026066206,0.04126780486936079,-0.00011020184329458421,6.600374679346666e-05,-0.023723413375567475,-0.026759279652096665,-0.002874434485837688,0.9976971037647527,0.9427196552008834
RN0045,RandomNeg_0045,-6.602969843347404,109.22159966799684,random_negative,-1,dry,2024-08-13,0.325483,-0.020562804483447935,0.01424399642654119,-0.0196344984014576,-0.02058861253932623,0.0009541141378686287,0.0001641982255162345,0.05205235888957888,0.008908289662581162,0.051062512244290516,0.052105245985299684,-0.0010427337410091678,6.605815127652898e-05,-0.042402153079898745,-0.04046186287115802,0.0019949681654085408,1.010835565695405,0.9391048338693428
RN0047,RandomNeg_0047,-6.01124799730372,110.29114345099137,random_negative,-1,dry,2024-09-02,0.217031,-0.005156733862020751,0.028738398874825932,-0.005970016375978176,-0.0052107953754664095,-0.0007592210005117669,0.0007568617079570122,0.0036905318692839494,0.014912519757288228,0.003360436907911324,0.0035419407006163878,-0.00018150379270506388,0.000196924160485567,-0.012041700186727644,-0.013263337706542302,-0.001051434549271946,1.02554397875788,1.0039670631153335
RN0048,RandomNeg_0048,-6.083872704920507,113.60779702234498,random_negative,-1,dry,2024-07-22,0.275029,-0.05751727069945939,0.010483441539229614,-0.05893751658844858,-0.05737581267934175,-0.001561703909106829,8.704818470137686e-05,0.21638914762197892,0.00903566418448534,0.2197750990603874,0.21561573498245568,0.004159364077931715,5.2298028189338836e-05,-0.12225612845076803,-0.1254671789381598,-0.003532456438213899,1.003081099699324,0.7229478095244184
RN0050,RandomNeg_0050,-6.9230399298229335,110.36970330408795,random_negative,-1,dry,2024-07-16,0.001765,-0.05739167651967991,0.004652273139465537,-0.057795207737874936,-0.057095802539053796,-0.0006994051988211403,1.206828324136679e-05,0.18402846423124747,0.004824302546523663,0.18422444053902268,0.18376951264518515,0.00045492789383752563,1.2500358711448134e-05,-0.12176240655119165,-0.1226517364171508,-0.001547081360745467,1.012563986338288,0.7730922105831626
RN0055,RandomNeg_0055,-6.253379265900021,113.70518569836767,random_negative,-1,dry,2024-07-22,0.275029,0.13600608486023924,0.17105500384218514,0.07058276709900356,0.14729047263027095,-0.07670770553126739,0.008286293706296284,-0.10385856955467151,0.18491022692662645,-0.02054731247984067,-0.11508785300298449,0.09454054052314383,0.008418936114376543,0.1959233790905471,0.11559383260152828,-0.09812891534312626,1.1244385898859346,0.9388550996136564
RN0058,RandomNeg_0058,-6.6887186797820615,110.39379030119626,random_negative,-1,dry,2024-08-18,0.00015,-0.016221988478773625,0.007542907106932439,-0.016929478124350642,-0.016017083295096057,-0.0009123948292545855,4.6120520189536444e-05,0.06475715465495371,0.007235981481652767,0.06748454928670043,0.06430847342521126,0.003176075861489172,2.1378695190690896e-05,-0.033085295561245405,-0.034567800424080704,-0.0019065255175278392,1.0305954733769616,0.9074204634887328
RN0059,RandomNeg_0059,-6.641983211971381,110.30353672195177,random_negative,-1,dry,2024-08-18,0.00015,-0.01278314045500436,0.010394403426352524,-0.012945395509098713,-0.012756969762587961,-0.00018842574651075153,8.911423004701441e-05,0.04549915425740861,0.006472914659026003,0.045876162859821434,0.045462691389135855,0.0004134714706855794,3.4789952368215684e-05,-0.026111402935006685,-0.02651159450543048,-0.00045377564089207553,1.0317963045122458,0.9367221616325758
RN0062,RandomNeg_0062,-6.351706554312766,113.3166552936118,random_negative,-1,dry,2024-07-22,0.275029,0.3324903423551744,0.14421458368437953,0.25013637317363574,0.3422571384907188,-0.09212076531708308,0.002569994992050048,-0.32308530555924586,0.11506430793126206,-0.2547233905231901,-0.3304161500335458,0.0756927595103557,0.0016355617687751917,0.4805511179587481,0.38544407172537376,-0.10586292847165896,1.285796697861877,0.9763827000075138
RN0064,RandomNeg_0064,-6.353772162308283,114.46949445297994,random_negative,-1,dry,2024-09-01,0.157737,-0.012069588028079949,0.009658065160730402,-0.013080478296237921,-0.011855902820011721,-0.0012245754762261994,8.339430094820067e-05,0.04409400824407736,0.007010533826462796,0.043694395080323876,0.04408677423592323,-0.0003923791555993511,4.26556478063129e-05,-0.02461767974687707,-0.026714877438254802,-0.00253654181194218,1.023934007412,0.9380625464485616
RN0066,RandomNeg_0066,-8.699283696441688,112.60602165257231,random_negative,-1,dry,2024-08-12,0.897034,-0.015080256796919388,0.0047712344665063085,-0.016115349999952133,-0.014932296430911122,-0.0011830535690410104,1.7512303994178562e-05,0.054516319707301156,0.004542913441494986,0.05462537227685196,0.054491302839772285,0.00013406943707967856,1.610698740499732e-05,-0.030655131035114982,-0.032786146712525124,-0.0024362314099720464,1.0045249550256108,0.9241038061498799
RN0068,RandomNeg_0068,-7.5216811035136795,110.49803593494944,random_negative,-1,dry,2024-07-21,0.068991,0.4919168841745286,0.12092783601141889,0.5557124743379677,0.4701462427992162,0.08556623153875148,0.003427082280820906,-0.4419050987416483,0.09248158933142185,-0.48909185434498276,-0.4263505661766955,-0.06274128816828728,0.0021125866734863987,0.6491400671289067,0.7128905624537731,0.08588013400893313,1.4048669482227105,0.8742242596047559
RN0069,RandomNeg_0069,-8.13133577607383,113.72433041085257,random_negative,-1,dry,2024-08-12,0.215202,0.3772247973101722,0.1545961650257724,0.3219582457709154,0.40303960379167036,-0.08108135802075495,0.004596273635724766,-0.37254125900255924,0.11998765455479021,-0.33509054737763827,-0.39390687851328265,0.058816331135644384,0.0029149895762444564,0.5283589508765975,0.4644489407287085,-0.09324256771985523,1.3092339333312986,0.9840503004483889
RN0071,RandomNeg_0071,-7.336041342539571,112.29931069089976,random_negative,-1,dry,2024-08-21,0.056697,-0.022777893092365456,0.007882609901253626,-0.023655677534101808,-0.022724657356318616,-0.0009310201777831921,4.452082254672232e-05,0.054852251793304684,0.006340714566379693,0.05663122269434304,0.054618577888511474,0.002012644805831569,3.073224157451218e-05,-0.046731279114774246,-0.04854276050340672,-0.0019235574069290315,1.0294722993587297,0.9378440808963268
RN0073,RandomNeg_0073,-6.0140668656834055,111.49878057639454,random_negative,-1,dry,2024-08-25,0.16777,-0.01062144873229394,0.015553731197122772,-0.00965446928029906,-0.01070880731460072,0.0010543380343016589,0.00020928604247856064,0.03498976364107731,0.009122950544553986,0.03440560075036517,0.03514053371910948,-0.0007349329687443146,7.263872596003345e-05,-0.021960708455643112,-0.020011505577236334,0.002126949624062357,1.0009198060960411,0.9527123401443464
RN0074,RandomNeg_0074,-7.629509756647939,110.17575841035591,random_negative,-1,dry,2024-07-21,0.068991,0.48117689348383846,0.06951084319711809,0.4280892007535735,0.4800240167892028,-0.05193481603562933,0.0012463731566211402,-0.4436973351323063,0.05496648935674147,-0.3984440078993605,-0.4435547174555765,0.04511070955621599,0.0007879093833732342,0.6465620258302633,0.5972101274447152,-0.047908813265232775,1.4835900901709291,0.9070940666610428
RN0076,RandomNeg_0076,-7.91955186977238,110.88308718457233,random_negative,-1,dry,2024-07-21,0.068991,0.07900046299470234,0.1786183045975131,0.018743766195169514,0.09304037184928206,-0.07429660565411254,0.00042142760871080267,-0.032654407398239556,0.19379155009368193,0.015410897034090775,-0.04572462426146039,0.061135521295551165,0.00037468035704436056,0.10168661179931378,0.02004116860927411,-0.10005920358806716,1.1415023849884773,0.9099757814836558
RN0083,RandomNeg_0083,-6.187008702316055,110.71043093325284,random_negative,-1,dry,2024-07-16,0.002221,-0.00792461363749484,0.006943384851143113,-0.007250906485906372,-0.007881584093587624,0.0006306776076812522,3.9749099472652664e-05,0.037538661923087406,0.006624856366015124,0.037377470313296364,0.03764724165488681,-0.0002697713415904454,3.5708309835822076e-05,-0.016066466721046935,-0.014689446971999587,0.001288120024477469,0.9999464907062051,0.9425551129213858
RN0084,RandomNeg_0084,-7.529254023695797,112.84619424290753,random_negative,-1,dry,2024-08-21,0.056697,-0.015629080686684015,0.015147871715248592,-0.014458971149246349,-0.01595577227614103,0.0014968011268946813,0.00016472119343664354,0.03712852672399196,0.010271240545467497,0.03597276031821604,0.03763903334456555,-0.0016662730263495087,6.976017494437359e-05,-0.03222392135030575,-0.029927700593150915,0.002981184537083407,1.0131605187334543,0.9581395911673988
RN0088,RandomNeg_0088,-6.785680036566433,111.73364547293302,random_negative,-1,dry,2024-07-16,0.002893,0.22488844069745728,0.07679784768582891,0.19930375436766568,0.2294264684243774,-0.030122714056711714,0.0020187553135153887,-0.28245717495625483,0.04877962743758465,-0.2843891370388938,-0.2846265968043783,0.00023745976548450454,0.0008485344370661746,0.3610381358038018,0.32851893154527717,-0.03830496983640902,1.260132679910813,1.1323224076989729
RN0090,RandomNeg_0090,-7.7323982819034205,108.39302605394963,random_negative,-1,dry,2024-08-12,0.611575,-0.007742911311911412,0.007959399697187357,-0.008633761814880285,-0.007582601952842755,-0.0010511598620375302,5.334753569897235e-05,0.028954027082829573,0.005699598905419525,0.030206434571985064,0.028765624482416152,0.001440810089568912,2.707799386000502e-05,-0.015729380482079273,-0.017562716864981665,-0.00215824431153944,1.0052611578424502,0.9585267573188557
RN0092,RandomNeg_0092,-8.348394165521647,109.48613547833132,random_negative,-1,dry,2024-08-13,0.11128,-0.006289465532820887,0.010758023165237331,-0.006361074452127575,-0.006400222624081619,3.914817195404402e-05,7.311605216785124e-05,0.028763561578510427,0.006854827553711377,0.029627027142282505,0.028763365576344575,0.0008636615659379301,3.0534088069656666e-05,-0.012887939994685167,-0.012952598878089815,0.0001625289313399135,1.027154358889858,0.956151619406023
RN0095,RandomNeg_0095,-7.614920839344975,113.61349104761831,random_negative,-1,dry,2024-08-21,0.070361,-0.019035126602877147,0.014284120291150353,-0.020900627415268894,-0.019028161733046462,-0.0018724656822224316,0.0001305794214808399,0.1025347070542875,0.011306659742859866,0.09945883808513022,0.10320794724470803,-0.0037491091595778098,5.0642708049332314e-05,-0.03922366720550779,-0.04302813332942151,-0.003813372042067692,1.0263127605413893,0.8457927414426407
RN0097,RandomNeg_0097,-6.002080841603092,113.36027585079952,random_negative,-1,dry,2024-07-22,0.275029,-0.0492403653748121,0.07818300241452236,-0.031210582351928317,-0.05363577079481337,0.02242518844288505,0.001480869607627169,0.11019946009215757,0.08991411135153325,0.10404503791925634,0.11257112077198254,-0.0085260828527262,0.002182431644313267,-0.11636011093406298,-0.07314302884465804,0.053203315579302995,1.0267287170116892,0.8849130085931348
RN0098,RandomNeg_0098,-6.089910853874221,114.26366983008128,random_negative,-1,dry,2024-08-18,0.205614,-0.02860236774204995,0.00783984457604675,-0.027661184467167338,-0.028800276503100592,0.0011390920359332542,4.7224451719668724e-05,0.1308651540829717,0.011013940685592766,0.12986139467929256,0.1314293663572597,-0.001567971677967156,3.225985267837894e-05,-0.058993668264982,-0.05698728412490084,0.0024282909103063785,1.0074218934941286,0.8139727489505332
RN0102,RandomNeg_0102,-8.13091113130076,112.8407060194857,random_negative,-1,dry,2024-08-12,0.215202,0.4359866892945728,0.06362820571981637,0.4387670453186696,0.4303079717795463,0.008459073539123285,0.0007340803881418033,-0.3954437517430046,0.04791967599081677,-0.39455293510889095,-0.3926023602783839,-0.0019505748305070347,0.000435252269407734,0.6042525637458968,0.6093668292340112,0.01127265836133251,1.398751794270798,0.9056263774890702
RN0103,RandomNeg_0103,-7.580475734716485,109.23007485990163,random_negative,-1,dry,2024-08-12,0.611575,-0.005786937996566283,0.010785375588583874,-0.0055200166189421805,-0.0057581534195255525,0.00023813680058337207,0.00010202269167490398,0.025544329343673122,0.00796088430738903,0.025811141956461888,0.025485333371482143,0.00032580858497974555,5.624915572599485e-05,-0.011873080243092476,-0.011369972391713645,0.000437770963170046,1.0239515166493904,0.9614101016216493
RN0104,RandomNeg_0104,-7.2882718621237075,112.18408275296326,random_negative,-1,dry,2024-07-16,0.011199,0.28721982211417363,0.13130644524492852,0.23994342052105794,0.3015121764450701,-0.061568755924012175,0.002673795531842177,-0.29794459153583797,0.09035034301210683,-0.26806979237743833,-0.3076804639069486,0.039610671529510255,0.0015313571995840536,0.43018182966629903,0.3744505115038578,-0.07370204392740187,1.2745472110683498,1.022306033015442
RN0106,RandomNeg_0106,-6.09074284158944,110.79180290816257,random_negative,-1,dry,2024-07-16,0.002221,-0.011705790292734747,0.007455245372702542,-0.012266645776213529,-0.011601375245064825,-0.0006652705311487039,4.535519838845324e-05,0.06558012683330287,0.006295626247482539,0.06694643598502235,0.06543855949436089,0.0015078764906614611,3.064518999499018e-05,-0.023792072882077592,-0.02493289139121714,-0.0013546423354910617,1.0004025593756294,0.8977839345453577
RN0107,RandomNeg_0107,-7.327633916014605,112.47975560379064,random_negative,-1,dry,2024-08-21,0.056697,0.3924287051977913,0.1034372250872381,0.38825317047328417,0.4014095529388848,-0.013156382465600636,0.002339397297028948,-0.3809300111281382,0.06970638446134428,-0.38213951718074346,-0.38543729601818105,0.0032977788374375927,0.001126979523538091,0.5554244437788253,0.5524007497948696,-0.013393543001413266,1.3996978856144198,0.9708834436518459
RN0109,RandomNeg_0109,-7.441733889533411,113.52719892048285,random_negative,-1,dry,2024-08-21,0.070361,0.4490738811593491,0.09464796183901689,0.3729759180919923,0.4474357558385486,-0.07445983774655629,0.0022192677323719617,-0.41406774023214804,0.07183760966248252,-0.3539966595673523,-0.4141854703787699,0.06018881081141758,0.001362799328412901,0.6133289126804006,0.5304802612605443,-0.08167804966322167,1.4227761804924224,0.9146733068747992
RN0111,RandomNeg_0111,-7.1743981912949195,111.75212553604091,random_negative,-1,dry,2024-07-16,0.002893,0.3429931546588685,0.11543259157163449,0.39277973176963316,0.33385370522559155,0.05892602654404161,0.00319014245716784,-0.33350748504518807,0.08616248578982585,-0.3743863985980114,-0.3261074527947328,-0.04827894580327863,0.0018600336778914646,0.4994112365235196,0.5555496765451187,0.0659947819540404,1.3570763414749567,0.9764429497481084
RN0114,RandomNeg_0114,-7.175894454753021,111.19381510332103,random_negative,-1,dry,2024-07-16,0.002893,0.3473443662448906,0.09927984566917036,0.3970711564295623,0.34021005703043583,0.05686109939912648,0.002225144276492601,-0.34096362561634996,0.07029362755991773,-0.3705903985191286,-0.335823787263741,-0.0347666112553876,0.001154060844538604,0.507329141987493,0.563882419777367,0.06555489510258083,1.3500373430045147,0.9844864366719732
RN0115,RandomNeg_0115,-7.68424774552597,110.83672289291225,random_negative,-1,dry,2024-07-21,0.068991,0.1714805063217651,0.09232647141293307,0.16396865239482303,0.17017750054492986,-0.006208848150106833,0.003680035818899974,-0.1954830098858248,0.07846314779675155,-0.19682080105526054,-0.19436197455841359,-0.0024588264968469498,0.0026316431684270127,0.28276643080384645,0.27413097161295014,-0.006780769929091102,1.1221722906723732,1.0534292022052627
RN0118,RandomNeg_0118,-8.207810737414047,108.95785846791254,random_negative,-1,dry,2024-08-12,0.611575,0.2984558791454714,0.12265293238434957,0.4282619608521355,0.2747633542124084,0.15349860663972714,0.002447338602177617,-0.28931310251202147,0.10565607262795844,-0.3941996965136895,-0.26614079826078035,-0.12805889825290917,0.0016262878826953356,0.44620256906878275,0.5944122416157779,0.17627635676995446,1.2609016991657287,0.9793816048727555
RN0120,RandomNeg_0120,-7.983086130811624,112.51864492414403,random_negative,-1,dry,2024-08-12,0.720913,0.5013813196478979,0.07810753627921639,0.5073480014810542,0.4976328821609436,0.009715119320110599,0.0012156810319172435,-0.4549752388333243,0.06500646665987081,-0.4554390583675277,-0.4535343202120082,-0.001904738155519503,0.0007926790004063812,0.6640325004002164,0.6707884607727135,0.01017609117053142,1.4591955517211896,0.8845360183485574
RN0124,RandomNeg_0124,-6.345493896309325,113.79270242484543,random_negative,-1,dry,2024-07-22,0.000542,0.17017733014342443,0.0827512949672848,0.1781440144833556,0.15522591751007833,0.022918096973277263,0.0008011642194094591,-0.1569776585179739,0.05974648249243408,-0.15636108741803326,-0.14709466267516422,-0.00926642474286904,0.0004927115343972755,0.2824628659822755,0.29859614694041625,0.03948070916085544,1.1489282397754474,0.9739653952985853
RN0126,RandomNeg_0126,-6.48213963154456,112.03539925087371,random_negative,-1,dry,2024-07-16,0.011199,-0.013093187693793888,0.008673666004612841,-0.01394633569764797,-0.012936260914244957,-0.0010100747834030123,6.209295424491268e-05,0.0532934542862281,0.006472611073947911,0.05394787243452682,0.05323837582607926,0.0007094966084475601,3.499321165494609e-05,-0.02667757844523703,-0.028408546227344688,-0.0020576786776528543,1.0105644453106666,0.9227615140236914
RN0131,RandomNeg_0131,-8.110190184287033,111.04829827030224,random_negative,-1,dry,2024-07-21,0.068991,0.440757454124772,0.0896298629465046,0.38875556010430445,0.44455967406740193,-0.05580411396309748,0.0025465177487134353,-0.42780483219751175,0.06249339674595036,-0.3880154608132414,-0.4302526399004483,0.04223717908720692,0.0012924450573845593,0.6061137229472595,0.5508697953116609,-0.0591937045825629,1.4419094685072777,0.9662517349050569
RN0136,RandomNeg_0136,-8.889717501645432,112.71119223019627,random_negative,-1,dry,2024-08-12,0.897034,-0.012917814736541813,0.006350193562503519,-0.014095217152472911,-0.012670987090176942,-0.001424230062295969,3.006936088306104e-05,0.046865372136953354,0.004966312984974352,0.04755756435537416,0.046651929282710294,0.0009056350726638629,1.9121854310401178e-05,-0.026245033716383523,-0.028667259506273125,-0.002929485936160957,1.0049929940721254,0.9343595978794714
RN0138,RandomNeg_0138,-6.750430365791001,110.51680421126392,random_negative,-1,dry,2024-07-16,0.001765,-0.08507347454239396,0.009006409478900121,-0.08483486843232449,-0.08426190901441792,-0.0005729594179065683,1.4382115350246997e-05,0.24091724910775283,0.009928945126773496,0.24090396369099792,0.2395803157755557,0.0013236479154422331,1.4796023436886421e-05,-0.186079294542768,-0.1853588686205194,-0.0011607768913029504,1.0076649048849824,0.7254804787346764
RN0141,RandomNeg_0141,-6.27860714247631,110.45590289205522,random_negative,-1,dry,2024-07-16,0.002221,-0.00888747738546881,0.006943146253906765,-0.00882623373469323,-0.009101571382242228,0.0002753376475489993,3.926035880957151e-05,0.044725716183794645,0.006451867709507995,0.04473283664573934,0.04481925417912217,-8.641753338282931e-05,3.355428542829879e-05,-0.018024308910829574,-0.01789325379073716,0.0005672600858879842,1.0034534282652112,0.93087033771631
RN0142,RandomNeg_0142,-6.479674442330552,110.82509566489794,random_negative,-1,dry,2024-07-16,0.001765,0.43363773779239845,0.11454647836865821,0.46474835855297975,0.43452602798950835,0.0302223305634714,0.002410356793732672,-0.40634669039279125,0.08553909808005017,-0.43961520782802155,-0.404693057417802,-0.034922150410219566,0.001394462986924882,0.5950752842694432,0.627382276264949,0.030254626666228468,1.4178882942395148,0.9322470605496859
RN0148,RandomNeg_0148,-6.637662898572817,113.84134701451009,random_negative,-1,dry,2024-09-01,0.157737,-0.01739556824183748,0.007394332625148741,-0.016784057698473392,-0.017487941421944528,0.0007038837234711361,4.788309950211071e-05,0.05025094095950268,0.006214863941193518,0.04981342621645256,0.05024415771508275,-0.0004307314986301894,3.282419447541424e-05,-0.03550610039395476,-0.03422534842647622,0.0014685799841966246,1.0061850673216872,0.9363987542282622
RN0151,RandomNeg_0151,-6.548762012172849,113.81416204663324,random_negative,-1,dry,2024-09-01,0.157737,-0.01724909732382916,0.008234692768330052,-0.018156946094774373,-0.016998580019388948,-0.0011583660753854245,5.9746870755765e-05,0.04633839256870284,0.007261097887723991,0.04738842090629772,0.04621390112339381,0.0011745197829039072,4.616314492860727e-05,-0.035230299755126745,-0.03709996779989183,-0.0023884372960650477,1.0074431559338868,0.9435402372503491
RN0152,RandomNeg_0152,-8.828119550495254,112.36564471755082,random_negative,-1,dry,2024-08-12,0.897034,-0.01219931248684439,0.005336140877424065,-0.011397784068195214,-0.012462236768029942,0.001064452699834727,2.1485716343908438e-05,0.045137664142324035,0.0049405908309126875,0.04436412109071641,0.04529493742830032,-0.0009308163375839063,1.963789347281438e-05,-0.024747069166273467,-0.02310482363518872,0.0021812815998455554,1.0036039823481722,0.9362464036455765
RN0157,RandomNeg_0157,-6.37071632957234,113.58593251337781,random_negative,-1,dry,2024-07-22,0.275029,0.1336582521840194,0.10615518359320922,0.18294209386893123,0.12861418523790924,0.05432790863102199,0.002032352556279828,-0.16219578861331269,0.0957380577180321,-0.19771262374312087,-0.15934106040010312,-0.03837156334301775,0.0014076551469457503,0.2219790867374236,0.2839986940059629,0.06638656455846037,1.157354439996279,1.061098130823907
RN0162,RandomNeg_0162,-7.948040341526651,113.64352942030287,random_negative,-1,dry,2024-08-12,0.215202,0.4863989267718325,0.08906770514070268,0.48583914509631476,0.4811912779992214,0.004647867097093361,0.0014471138830290332,-0.44063567256164476,0.06616074882698907,-0.4378488982116291,-0.4378824501182399,3.355190661080698e-05,0.0008442165643054835,0.648918982107123,0.6525234154543387,0.00995203199669914,1.4194839621922266,0.8872562657113201
RN0165,RandomNeg_0165,-6.054665907125045,110.36215732478722,random_negative,-1,dry,2024-07-16,0.002221,-0.006085052568808174,0.006845195089247079,-0.008128821863632696,-0.005903648263684356,-0.0022251735999483406,3.730444456214621e-05,0.03565224394254688,0.006756533846306761,0.03733861982532413,0.0353607510022509,0.0019778688230732352,3.613862771223307e-05,-0.012333832834298016,-0.016477238912660824,-0.00451232273144715,1.0003072748714483,0.9426451878167456
RN0170,RandomNeg_0170,-7.141994325412185,110.11423059669478,random_negative,-1,dry,2024-08-18,0.00015,0.4803552152103667,0.07604118843290444,0.4903318484767913,0.4833810624545607,0.006950786022230593,0.0013881193118356983,-0.4367179158636387,0.06036144338114043,-0.4432063590476225,-0.44013176040771,-0.003074598639912496,0.0009590972168874003,0.6449675401456225,0.656623675759904,0.008976828033404383,1.4821758073791595,0.8933391751998963
RN0171,RandomNeg_0171,-7.782933243300292,110.765880434966,random_negative,-1,dry,2024-07-21,0.068991,0.3615614544312345,0.10794764131726768,0.3143746248983886,0.36980237330420546,-0.05542774840581688,0.0029239555876078107,-0.3509863685945632,0.07655981848369997,-0.3172243552113279,-0.35622562574938926,0.03900127053806135,0.0016249307611935562,0.5214816353677665,0.47110575248600184,-0.058820678818575556,1.3591190477300326,0.9742294151537426
RN0172,RandomNeg_0172,-8.161304732198113,112.0878528383417,random_negative,-1,dry,2024-07-16,0.767885,0.33131320902367345,0.1201252553897917,0.26018064933901175,0.3459239207368401,-0.08574327139782834,0.002896772247908703,-0.33205154050842756,0.09154893354063162,-0.27886212415123524,-0.3425936853288731,0.06373156117763784,0.0017866563910777487,0.48500610436399877,0.40482403110982207,-0.09583953615210411,1.2860857494272848,0.999773384485144
RN0174,RandomNeg_0174,-7.338489208430904,112.19429999144846,random_negative,-1,dry,2024-08-21,0.056697,-0.02214373822168385,0.00795827089562028,-0.02215575038578499,-0.022206977022028694,5.122663624370499e-05,4.7184713224915347e-05,0.0574536876422707,0.006249983542931591,0.057279963399614185,0.057575389634698576,-0.00029542623508439086,3.038122434376873e-05,-0.045406731440493016,-0.04545336000485065,8.184711518825771e-05,1.0286524618981767,0.9317804567926774
RN0175,RandomNeg_0175,-6.748344774265519,111.70628504433,random_negative,-1,dry,2024-07-16,0.002893,-0.10054967872666751,0.021097793975938424,-0.09548162250676462,-0.10300960681712593,0.0075279843103613076,4.743246232173909e-05,0.2538175956842635,0.019244048054095013,0.2529652525120507,0.2548705127536395,-0.0019052602415887687,2.0732214781365376e-05,-0.2247108233468462,-0.21118166015419207,0.020019379072694576,1.0125053373261914,0.7281681030156743
RN0178,RandomNeg_0178,-7.9896446293307575,113.48015279506336,random_negative,-1,dry,2024-08-21,0.070361,-0.003972553327221054,0.014809439343161639,-0.004446137766925985,-0.00429251544987299,-0.00015362231705299493,0.00014256627638459105,0.02149549459019,0.009168323609023454,0.021524999398655344,0.02157903883049201,-5.40394318366659e-05,6.74134071839023e-05,-0.008416547290243876,-0.009275324171533726,-0.0002079735583632933,1.02855672321708,0.9658062665023642
RN0180,RandomNeg_0180,-8.003074479594906,109.08392908619217,random_negative,-1,dry,2024-08-12,0.611575,-0.0059326273523019404,0.0036944036062642586,-0.005442256931167675,-0.006014029818857985,0.00057177288769031,1.0521279634782565e-05,0.0342860671283558,0.004080099145900721,0.03425455183145436,0.03435581464450673,-0.00010126281305237322,1.3238741066107562e-05,-0.011957953518554177,-0.0109624651304415,0.0011598238436780414,1.0018573857377746,0.9448763974185402
RN0183,RandomNeg_0183,-6.172945354882469,111.77317945272733,random_negative,-1,dry,2024-08-25,0.16777,-0.01226806141710662,0.0171889315340519,-0.011332961264593594,-0.01220816756498726,0.0008752063003936664,0.00025924318253017146,0.032932292365130976,0.010794250139494485,0.03296028568178648,0.0327945312375814,0.00016575444420507957,0.00010367048371365367,-0.025443013103089832,-0.023501880533492,0.0018253007693982658,0.9995906546029623,0.9597892394691022
RN0184,RandomNeg_0184,-6.28186391737551,111.15514915951381,random_negative,-1,dry,2024-08-25,0.16777,-0.014246789445294906,0.008704681813191341,-0.013524912727767568,-0.014287700856581492,0.0007627881288139234,6.45073286470776e-05,0.05902851876417106,0.005831611601836739,0.058462257460374936,0.05920354362569787,-0.0007412861653229366,2.870092327193983e-05,-0.029050039017669838,-0.027592758243742993,0.001540572983317539,1.0088215663869677,0.9143008525999876
RN0185,RandomNeg_0185,-8.02724536375986,110.47937213135698,random_negative,-1,dry,2024-07-21,0.068991,0.3088230131827475,0.08846134639451936,0.32524816377323407,0.31276750879550375,0.012480654977730321,0.0016651723609574453,-0.3214771931250129,0.05799607162873845,-0.33968443120481995,-0.32225549241819573,-0.017428938786624215,0.0007760859322997099,0.46488994678044565,0.4841359927137205,0.014225538405937044,1.3678647320747805,1.0286372695571853
RN0187,RandomNeg_0187,-7.65332436502948,110.79984781195682,random_negative,-1,dry,2024-07-21,0.068991,0.1798370250058575,0.090456369498321,0.12752095691992152,0.19332704194649633,-0.06580608502657481,0.0016327247758971064,-0.18131878036129243,0.07818888973140976,-0.13837498926029412,-0.19259688928115232,0.054221900020858194,0.0011207230153097325,0.2957179272549526,0.22463068232464367,-0.08881891844571033,1.2847968724412495,1.0032677882571084
RN0188,RandomNeg_0188,-7.001353691261093,109.64988190247014,random_negative,-1,dry,2024-08-13,0.325483,0.38236772274960384,0.1459276806561269,0.4024294226257927,0.38115952520149493,0.021269897424297746,0.0033687710205719426,-0.36848824977822003,0.11446663806883628,-0.3748156008651822,-0.3708246912884121,-0.003990909576770063,0.0021148486228852216,0.5360225825601546,0.5599365209233457,0.025906894296549243,1.3591062381406727,0.9636148008751406
RN0194,RandomNeg_0194,-6.526571952843674,112.51138137540732,random_negative,-1,dry,2024-07-16,0.011199,-0.020105136663627274,0.00953741492011196,-0.01906397600046034,-0.020331292673172775,0.0012673166727124353,7.352046545385462e-05,0.050542988036071254,0.006872711853646839,0.04998577733729198,0.05098252991598641,-0.0009967525786944292,3.5697679168483864e-05,-0.041209790520097725,-0.03907030245429951,0.002614260625875671,1.0056339772391867,0.9409781379397655
RN0197,RandomNeg_0197,-8.189956622172785,109.75136344218805,random_negative,-1,dry,2024-08-13,0.11128,-0.010585630006876798,0.01068714986907984,-0.009457978181440521,-0.01072278748801771,0.0012648093065771894,7.807409748811541e-05,0.02396935596774012,0.007183213563230269,0.022395192291337036,0.024089519869251962,-0.0016943275779149267,3.907517922164863e-05,-0.021624015912217624,-0.01937213275683007,0.0025245733854473325,1.0075363371314365,0.9737315697369473
RN0003,RandomNeg_0003,-6.764233478924364,111.76699487422911,random_negative,-1,wet,2024-03-23,9.198669,-0.035211606844929494,0.012904882912599017,-0.03449081189491071,-0.03601376352694108,0.001522951632030367,3.227392703133455e-05,0.12231724453226211,0.01911616478649911,0.11571668665460567,0.12459378279170265,-0.008877096137096974,2.8796275332292627e-05,-0.0733335338014873,-0.07148127247078889,0.003658734671664124,1.0841675577750902,0.8392157779499814
RN0006,RandomNeg_0006,-8.26594987306955,110.05355288103362,random_negative,-1,wet,2024-03-21,1.242075,-0.008698995543242178,0.03067593266951506,-0.007410757422957953,-0.008790892778508395,0.0013801353555504417,0.000674502636976439,0.02484004610594524,0.015760607875866205,0.02347011925060023,0.025112588408323182,-0.0016424691577229533,0.00019897161124963653,-0.019477579371575803,-0.016901711783782504,0.0028193163416745277,1.043497845922602,0.9691853758475976
RN0008,RandomNeg_0008,-7.015335130439382,110.44941480603217,random_negative,-1,wet,2024-03-23,12.526086,0.1097617320010819,0.11648138657991235,0.11908651458917557,0.11700024947802481,0.002086265111150759,0.0025998021182041383,-0.13518164171105854,0.10639853165449947,-0.15719691778100262,-0.13832191000120886,-0.018875007779793757,0.0022178177714772367,0.18071646704240613,0.20259684473989067,0.01267984554433399,1.073164415420547,1.05534034401394
RN0009,RandomNeg_0009,-8.26072219608198,110.89265683875908,random_negative,-1,wet,2024-01-28,8.913953,-0.0064490548202139905,0.012374888607978408,-0.008220599813305795,-0.006116716613252633,-0.0021038832000531615,0.00011129667050016914,0.06278547814841037,0.008635622226818868,0.06467925540747992,0.062417996017870486,0.0022612593896094296,5.756836793948795e-05,-0.013288410855598853,-0.01691084912701484,-0.004299900753066393,1.0061097902122609,0.8934865090367817
RN0011,RandomNeg_0011,-6.563124169684857,111.98139394988227,random_negative,-1,wet,2024-03-23,9.198669,-0.030131478094431195,0.006243256749940838,-0.030067873695353704,-0.03022113167027437,0.00015325797492066542,3.189607005989809e-05,0.06800146386241569,0.0057064724748283205,0.06841066393441732,0.0680330399017878,0.00037762403262951716,2.665735458892261e-05,-0.06219665652619251,-0.062057583748776894,0.00032854523518430906,1.0427321981172677,0.9269355233242929
RN0013,RandomNeg_0013,-6.124082090600334,108.36594545112627,random_negative,-1,wet,2024-02-19,7.349413,-0.015383068325779197,0.011302182365551798,-0.014397019737320908,-0.015600725264694349,0.0012037055273734412,0.0001091937597054571,0.039953152381585144,0.007466391037951051,0.0396554632576167,0.040057963233540855,-0.0004024999759241546,4.762897241037091e-05,-0.03149994093972476,-0.02941987354524258,0.0025341618809670632,1.008838733728832,0.9521772978840661
RN0015,RandomNeg_0015,-6.4422663375923666,111.03726031366891,random_negative,-1,wet,2024-03-23,9.198669,0.10166968220203469,0.16768248281661835,0.022541916831592387,0.11559698252294137,-0.09305506569134898,0.00466885394024646,-0.04662354214114301,0.17680588959390842,0.038684678439035086,-0.06223391048245132,0.1009185889214864,0.004404882894347587,0.1443007766611523,0.024377848384490905,-0.13897201489039046,1.173608869575361,0.893518518437518
RN0017,RandomNeg_0017,-6.494726473666315,111.18519752364246,random_negative,-1,wet,2024-03-23,9.198669,-0.05935441430146252,0.0052585801191840885,-0.059840824733831274,-0.05932142335866475,-0.0005194013751665255,2.231243066955904e-05,0.2085360852441433,0.005238030850819779,0.2087147002648658,0.2085938998241812,0.00012080044068460416,1.9542982829068395e-05,-0.12620871899951652,-0.1273138752705097,-0.0011793446248319073,1.026856398175538,0.7375748171289656
RN0018,RandomNeg_0018,-6.4010499890987465,110.77352145256762,random_negative,-1,wet,2024-03-23,1.681215,-0.049366117022418846,0.00811616423027174,-0.048592130967188334,-0.04998679413572102,0.0013946631685326852,4.722024864175436e-05,0.20155366818158504,0.007837046239466856,0.1997325686631656,0.20247539905454282,-0.00274283039137721,4.16491816858461e-05,-0.103964159789769,-0.1022310266084935,0.0031146010001511792,1.0241418483060665,0.7336035434893702
RN0023,RandomNeg_0023,-7.05651511163324,108.64832178970084,random_negative,-1,wet,2024-02-29,13.679287,-0.011459091458900466,0.009394064077751773,-0.011541406988211562,-0.011321590907514022,-0.00021981608069754008,7.116145082165807e-05,0.034350124832969946,0.007349109621938262,0.033850984045051095,0.03438143928250057,-0.0005304552374494759,3.899518210072549e-05,-0.023356873820672128,-0.02352813496143824,-0.0004618223832509108,1.018271286878698,0.9553617128377678
RN0025,RandomNeg_0025,-8.125764316057571,114.36654587712493,random_negative,-1,wet,2024-03-30,10.26075,0.5066695746666388,0.11862128690474168,0.39811254013034714,0.5050492332435677,-0.10693669311322052,0.0016456610733407186,-0.45704098681249833,0.1031224967903047,-0.3565624941912002,-0.4560948953036339,0.09953240111243372,0.0011143985524552388,0.663339317149766,0.5581538382218366,-0.10302846994179293,1.4574306689048748,0.872971158474074
RN0026,RandomNeg_0026,-7.020697382784879,111.09131005666988,random_negative,-1,wet,2024-03-23,9.198669,0.3916377918058634,0.15897612672431488,0.3731017647092118,0.37774111492832785,-0.004639350219116045,0.0018303313768077533,-0.3625411305773943,0.13061352500293819,-0.3651167076387442,-0.3481011589702287,-0.017015548668515512,0.0010590239911353132,0.5419342725765516,0.5344542118392905,0.011946828995769265,1.4748897220576143,0.9281533289170828
RN0027,RandomNeg_0027,-8.403697920225518,112.29126797950349,random_negative,-1,wet,2024-03-23,15.284145,-0.009396088904942769,0.026622463466507932,-0.010163912068741596,-0.009631344482654368,-0.0005325675860872285,0.0004589450576711143,0.026139888816867664,0.013945997112218477,0.026350398816989466,0.02630757396328177,4.282485370769515e-05,0.00015011426887174764,-0.020446831042371185,-0.022060836714979926,-0.0010871523222396075,1.003286621130151,0.967880397384997
RN0028,RandomNeg_0028,-8.426132768090408,108.79455441757648,random_negative,-1,wet,2024-02-19,10.846432,-0.027182248659874016,0.00915599071838146,-0.024926162704564644,-0.028352385561839215,0.0034262228572745704,4.933161135995003e-05,0.06330322113737041,0.009488264071647332,0.05839382526151959,0.06515081330800455,-0.006756988046484967,3.518787491583368e-05,-0.056049700168435905,-0.05128493565054043,0.0072484028412060295,1.0512748219983055,0.9303018862832305
RN0029,RandomNeg_0029,-6.030382283153873,111.39999759854093,random_negative,-1,wet,2024-03-23,2.991646,-0.010495597114062524,0.00998654886295531,-0.010455708078099453,-0.010634388805210428,0.00017868072711097437,7.54624177133112e-05,0.02465009592876708,0.010923387512600847,0.025421336722660684,0.024726659002024583,0.0006946777206361006,7.980505953592029e-05,-0.021409850862635835,-0.02131604904759115,0.000382837533334561,1.0256671684763967,0.972292446000254
RN0030,RandomNeg_0030,-7.284845743053526,111.84614250989874,random_negative,-1,wet,2024-02-23,2.88326,-0.014479122011266207,0.011762870218514953,-0.01430567848277009,-0.014779018821356833,0.0004733403385867429,7.331610141221797e-05,0.040023567966728436,0.00792595883480246,0.03971127166696361,0.04016484708605396,-0.00045357541909035043,5.148524677728548e-05,-0.02966902874528307,-0.029183684980487783,0.001166137346903292,1.0282437220394938,0.950299599599666
RN0034,RandomNeg_0034,-8.288149753599654,114.42909714335055,random_negative,-1,wet,2024-01-26,9.036228,-0.01450518659909697,0.017501477075891954,-0.015674007901625576,-0.014156828723719612,-0.0015171791779059647,0.00014365950064364262,0.04634425376590304,0.02622687651030079,0.052935969822612595,0.0426885122836376,0.010247457538974998,0.00031888426712788217,-0.023834427468752858,-0.03215493164746249,-0.011758248720511677,1.0175268108217346,0.9394004695346189
RN0036,RandomNeg_0036,-6.999227870644848,108.95631901060665,random_negative,-1,wet,2024-02-29,13.679287,-0.013452229319403526,0.016802943333898368,-0.014383076529725975,-0.013077780804621679,-0.0013052957251042958,0.00024217289435971183,0.020609839351456372,0.0116442537193121,0.020789389419453366,0.020459657449166446,0.00032973197028692003,0.00011863242060423946,-0.027850446901219426,-0.029630755709607114,-0.0025297649391146128,1.0464549949315147,0.9861739719228648
RN0037,RandomNeg_0037,-6.2478119897524245,109.588518525874,random_negative,-1,wet,2024-02-20,4.864065,-0.008660628559552323,0.0137702138449998,-0.009177378054166104,-0.008794189078946506,-0.00038318897521959737,0.00016729859513541382,0.026752837769147095,0.010695279557974953,0.02708279664081402,0.026752750438361162,0.00033004620245285707,9.741986307252679e-05,-0.017854825958548575,-0.019022912124349887,-0.0008974534784412583,1.0172826136896145,0.964789541109102
RN0040,RandomNeg_0040,-7.204700628351732,113.97822883602477,random_negative,-1,wet,2024-02-29,9.738512,-0.01767575336381706,0.004475624501279365,-0.019029941821332965,-0.017638983852921456,-0.001390957968411509,1.242784939704657e-05,0.0965758734046296,0.008579616819817643,0.09763737218681419,0.09683120031927059,0.0008061718675436008,1.522484922590502e-05,-0.03601135810807402,-0.03881675614798581,-0.0028800716978719595,1.0035197026328315,0.8535813982759389
RN0042,RandomNeg_0042,-6.00714094116418,110.09526293676464,random_negative,-1,wet,2024-02-20,4.864065,-0.012736671100120462,0.01610118640720792,-0.012206352231201558,-0.012805238936203228,0.0005988867050016698,0.0002214983652867554,0.020515144788676117,0.013154472644102707,0.020581046296230355,0.0203896474024233,0.00019139889380705502,0.0001432397677778252,-0.026332893501377838,-0.025118864811829553,0.0013404866136262697,1.0140377506370915,0.985032676179499
RN0044,RandomNeg_0044,-8.582017521983088,111.2744604170309,random_negative,-1,wet,2024-03-23,5.261585,-0.015181467043688474,0.014590128093251796,-0.014357179524497131,-0.015236062961790373,0.000878883437293242,0.00014242484522935977,0.026650729835414125,0.008918113614253691,0.027920627875779678,0.02646245732571186,0.0014581705500678194,6.123004952393622e-05,-0.03126494135727671,-0.02960503123974206,0.0017682972737077286,1.0136996113025905,0.9776292575264312
RN0045,RandomNeg_0045,-6.602969843347404,109.22159966799684,random_negative,-1,wet,2024-02-29,13.679287,-0.01912840390009249,0.025480283227637075,-0.01945087337860441,-0.0190890328001498,-0.0003618405784546093,0.0005686289999339178,0.02777057058999735,0.014400983708973313,0.027550657003646402,0.028034647982685002,-0.0004839909790386003,0.0001636764704809729,-0.040365752447409205,-0.04061713492998081,-0.0002547738719474099,1.0590952435374048,0.9838134449891266
RN0046,RandomNeg_0046,-8.715769652159324,108.81619286506537,random_negative,-1,wet,2024-02-19,10.846432,-0.008234976160482113,0.027994968016422494,-0.010883364847432766,-0.008084971240221017,-0.0027983936072117493,0.0005231067376527193,0.02531828425827162,0.019770323845434846,0.025983543456729107,0.025413322104196095,0.0005702213525330124,0.00029257598758258455,-0.018214705594777773,-0.023359474709861276,-0.005440086237453096,1.0429595079909886,0.9675400954916442
RN0047,RandomNeg_0047,-6.01124799730372,110.29114345099137,random_negative,-1,wet,2024-02-20,6.208825,-0.012222233227557269,0.014616938767451505,-0.011046361469685528,-0.01219012021443043,0.0011437587447449028,0.00018072087485577253,0.013714739010342297,0.01159458785139018,0.014233812114326774,0.013440376399373679,0.0007934357149530953,0.00011146692205206201,-0.02518362141093776,-0.022822853235038566,0.0023059571799323927,1.0296360277328207,0.9973418010204623
RN0048,RandomNeg_0048,-6.083872704920507,113.60779702234498,random_negative,-1,wet,2024-03-19,9.500395,-0.03777722768446,0.00996983684226567,-0.03667817860853928,-0.03802782558060061,0.0013496469720613302,7.617340686961836e-05,0.10773286928701616,0.011543193483573438,0.10413572513011977,0.10835027123655068,-0.004214546106430905,3.651861227805223e-05,-0.07871956013771692,-0.07637144673773605,0.0028928266659956903,1.0326332239531473,0.8689076108098783
RN0049,RandomNeg_0049,-8.866705036365824,112.20721819360195,random_negative,-1,wet,2024-03-23,15.284145,-0.00552078498499213,0.0421706485885967,0.010108197331935328,-0.008880288322945136,0.018988485654880462,0.0007359138402302255,0.02135299812645689,0.0233076396559535,0.010381252792805334,0.022493748434549845,-0.01211249564174451,0.0003031958318228437,-0.014597124397483277,0.01172191965217678,0.032542187945407405,1.068439127516327,0.9707843178881234
RN0050,RandomNeg_0050,-6.9230399298229335,110.36970330408795,random_negative,-1,wet,2024-03-23,12.526086,-0.030307733583445327,0.005880372726301603,-0.029442666374622766,-0.03056754879241452,0.0011248824177917532,2.5610631773369693e-05,0.11679986466451076,0.005928843283241748,0.11521780395420204,0.11751328069607514,-0.0022954767418730954,2.489267016183816e-05,-0.06255772270646358,-0.060714798660249585,0.002397851644499592,1.0196152683184743,0.8403205397421569
RN0051,RandomNeg_0051,-8.126206949137627,111.40961798579808,random_negative,-1,wet,2024-03-23,12.649371,0.48821072728982606,0.09869392279664782,0.5270897139683877,0.4709189552294836,0.056170758738904036,0.0016138066282157706,-0.4352993497099738,0.08714889033557381,-0.48052735191869667,-0.418542582718978,-0.06198476919971868,0.0010273308532713144,0.6495553890063532,0.6850012447195308,0.05272917002818567,1.4526556334967877,0.8712215361364868
RN0055,RandomNeg_0055,-6.253379265900021,113.70518569836767,random_negative,-1,wet,2024-03-19,9.500395,0.09643832010977778,0.15692757734313245,0.04265572366903656,0.10030135322858723,-0.05764562955955067,0.007319920370826284,-0.07518746578856021,0.15365570891956248,-0.014032790459042304,-0.07901929945911068,0.06498650900006837,0.006532130884933476,0.140549062489392,0.07265661361510467,-0.06871294621522572,1.1157163067230342,0.958183376772253
RN0056,RandomNeg_0056,-8.034510104798965,111.38949494866006,random_negative,-1,wet,2024-03-23,12.649371,0.5101607340192134,0.08949786500891091,0.5039492690228016,0.5139018422314124,-0.009952573208610871,0.002652646130335969,-0.46354669340763266,0.0701692871422759,-0.46532593235676806,-0.4649532971280335,-0.00037263522873454136,0.0016536695704010673,0.6703987697678363,0.6644662479028011,-0.0099532047966846,1.445668076315686,0.8819311783024303
RN0058,RandomNeg_0058,-6.6887186797820615,110.39379030119626,random_negative,-1,wet,2024-02-20,10.529043,-0.010681458384844774,0.011481450894571539,-0.011177401184964176,-0.009999394542082355,-0.0011780066428818212,6.740671012842649e-05,0.0105996522261031,0.015106615262113524,0.01934023267835281,0.0074683790006731705,0.01187185367767964,5.19843876590645e-05,-0.021862029898596803,-0.022775595734837565,-0.002320418874813726,1.0429858721145329,1.0004244272217178
RN0059,RandomNeg_0059,-6.641983211971381,110.30353672195177,random_negative,-1,wet,2024-02-20,10.529043,-0.012347064720075048,0.008387597172700439,-0.01286809742474463,-0.01256724541927917,-0.00030085200546546044,5.072587906600293e-05,0.016284928794672,0.008726420514564558,0.014911208928199972,0.016589241507897444,-0.0016780325796974718,4.537476628675375e-05,-0.02514266302518315,-0.02619737004830597,-0.0006034829732439219,1.0436691749640794,0.9922746187716585
RN0061,RandomNeg_0061,-8.843517447081087,114.29098616264616,random_negative,-1,wet,2024-02-29,15.557764,-0.010569558690709557,0.020936920279034776,-0.012333446351585384,-0.01065845956671799,-0.0016749867848673931,0.0003107202694976606,0.039048523712936614,0.01338412934898194,0.03887373066093128,0.038937408457719876,-6.367779678859847e-05,0.00013174139968086758,-0.022258431506042904,-0.025670122127629327,-0.003169044309835573,1.0136519172059544,0.9453381003226259
RN0062,RandomNeg_0062,-6.351706554312766,113.3166552936118,random_negative,-1,wet,2024-03-19,6.737675,0.35932507238144823,0.1387203142532156,0.34685489769949784,0.3553755189313728,-0.00852062123187497,0.002994345041968885,-0.33346534682732243,0.11427898652173678,-0.32007164548184996,-0.33056231044101425,0.010490664959164286,0.001981040876140011,0.511563659213718,0.4942309431919119,-0.01204293269532647,1.3369721355961959,0.9392777587711182
RN0064,RandomNeg_0064,-6.353772162308283,114.46949445297994,random_negative,-1,wet,2024-02-19,7.891348,-0.01661813476482146,0.015500719572669998,-0.01646012599912015,-0.016465536375257158,5.4103761370077885e-06,0.00020469393405555785,0.0345042055459126,0.00848649089592236,0.03481505329290388,0.034368661391657146,0.00044639190124673434,6.080183922211547e-05,-0.034288900945403336,-0.03398110080430399,1.0987818209573508e-05,1.0137366430497448,0.9651233339245782
RN0066,RandomNeg_0066,-8.699283696441688,112.60602165257231,random_negative,-1,wet,2024-03-20,0.035696,-0.0066193275617893906,0.017266415589464828,-0.008443242870968,-0.006618352467983576,-0.0018248904029844236,0.0002193495500764219,0.024796670996994598,0.010163772997183459,0.024410531432900458,0.024715888317683274,-0.00030535688478281614,8.366359942715753e-05,-0.013929895983769211,-0.017674211395475366,-0.0037583706516257104,1.012136123596719,0.964666767335278
RN0068,RandomNeg_0068,-7.5216811035136795,110.49803593494944,random_negative,-1,wet,2024-03-23,15.984333,0.3408618675047352,0.13395202299419653,0.3411381350955645,0.34881154657518876,-0.007673411479624248,0.004471592304585854,-0.3179553403017922,0.10705090939441175,-0.319484989694687,-0.3241584876797124,0.0046734979850253655,0.0028731240044131802,0.49336005247674763,0.4930705898993199,-0.00785050601227305,1.3002014900279228,0.9459572043334922
RN0069,RandomNeg_0069,-8.13133577607383,113.72433041085257,random_negative,-1,wet,2024-03-30,10.26075,0.14437168589510194,0.13353287893696164,0.09368831606163543,0.15747461464774987,-0.06378629858611444,0.001177877573161603,-0.12037154152730543,0.11908468057999266,-0.07905759780285548,-0.1313595677076128,0.05230196990475733,0.0007860378134758507,0.23124591076674145,0.1668851201799286,-0.08144848264893367,1.1941553129659166,0.9511050311868368
RN0071,RandomNeg_0071,-7.336041342539571,112.29931069089976,random_negative,-1,wet,2024-03-19,2.114968,-0.0019460066165548969,0.015830482188919408,-0.0016612136621195843,-0.002113213932916804,0.00045200027079721986,0.00019308855118846974,0.026979884442183102,0.010051726841406131,0.027875862047618227,0.02686594833088929,0.0010099137167289378,8.085416711398221e-05,-0.004402697017111074,-0.0038853897208588253,0.0008763978180929928,1.0111201068762072,0.9514988460801768
RN0073,RandomNeg_0073,-6.0140668656834055,111.49878057639454,random_negative,-1,wet,2024-03-23,2.991646,-0.006049484373115401,0.009928241838571399,-0.004828124203851803,-0.0063970948333124155,0.0015689706294606124,8.027179080793585e-05,0.026250581794393435,0.010391757615339997,0.022372561739080865,0.0268505852423028,-0.004478023503221934,8.213851752957084e-05,-0.012367645086758467,-0.009900950681514474,0.003173403776708347,1.0325322478014167,0.96060222565242
RN0074,RandomNeg_0074,-7.629509756647939,110.17575841035591,random_negative,-1,wet,2024-03-23,15.984333,0.5168706466680031,0.08698749192715896,0.34470945597888447,0.5284525220704153,-0.1837430660915308,0.0011580051622721846,-0.4601826818599303,0.0763276893790743,-0.2901683105582011,-0.4724781086307401,0.182309798072539,0.0007651891403179886,0.6766811565178081,0.5057371424975338,-0.18265568307038138,1.5348317711189312,0.8583603826823936
RN0076,RandomNeg_0076,-7.91955186977238,110.88308718457233,random_negative,-1,wet,2024-03-23,15.984333,-0.017182366183939406,0.11011263261579098,-0.0529833623065876,0.0011011541051790651,-0.05408451641176667,0.00024774466362648015,0.09224977095619902,0.12000278285191619,0.13703414797299937,0.07184694292450901,0.06518720504849036,0.00023550789419247487,-0.05327468156673396,-0.11186175207916961,-0.0877541021298858,1.0367957296672587,0.8590153351186475
RN0078,RandomNeg_0078,-8.694120050573806,111.31102957270099,random_negative,-1,wet,2024-03-23,5.261585,-0.015686343029719878,0.014579090173499792,-0.015446652553522528,-0.015628811541599234,0.0001821589880767055,0.0001400826595483086,0.028554436795432018,0.009137804772878334,0.02840712323734322,0.02852958279624417,-0.0001224595589009482,6.60860641871602e-05,-0.03230620754501035,-0.03174319624672592,0.00044757987240014174,1.014664354657297,0.9748889909937541
RN0079,RandomNeg_0079,-8.236068826947653,114.05420013006128,random_negative,-1,wet,2024-02-29,15.557764,0.053661381079186665,0.04344950295226386,0.029211177538930475,0.06221867510269737,-0.0330074975637669,0.00022131870279472422,-0.019304648474495922,0.033912785786051836,0.0077133798715652594,-0.02811517010719816,0.03582854997876342,6.782940692351914e-05,0.0987166969085918,0.05605808972904242,-0.057233076412201954,1.1709230010277898,0.9339518848717687
RN0081,RandomNeg_0081,-8.209786560329913,111.6897777829628,random_negative,-1,wet,2024-03-23,5.261585,0.5293838483110042,0.10263879240929066,0.5880367901469077,0.5116277557098582,0.0764090344370495,0.001572849539499764,-0.47514303304736766,0.09011809486785878,-0.5247871490312234,-0.4588852031045464,-0.06590194592667697,0.0010464192034821639,0.685618797839012,0.7401624773343167,0.07167682648562446,1.4938609364480893,0.8602605776937178
RN0083,RandomNeg_0083,-6.187008702316055,110.71043093325284,random_negative,-1,wet,2024-03-23,1.681215,-0.03662879403625921,0.007105000716255393,-0.034793201544689484,-0.0367093180470742,0.0019161165023847196,4.017021200045695e-05,0.08421878811648743,0.00788019782532773,0.08252676451313007,0.08456376056518636,-0.002036996052056289,4.7612276010444966e-05,-0.07612140527198323,-0.07217277532837726,0.0041232603713543675,1.0344078527421963,0.9089788068119761
RN0084,RandomNeg_0084,-7.529254023695797,112.84619424290753,random_negative,-1,wet,2024-03-19,2.114968,-0.014342270925259902,0.023065342387676283,-0.01062640964394287,-0.014186467827877039,0.0035600581839341696,0.00040590124634376956,0.025584566387427607,0.012419374039736693,0.02505378380549347,0.025351438130748315,-0.00029765432525484525,0.00012865572408841448,-0.030205800904333887,-0.022668726855853832,0.007208871342477857,1.01593584662776,0.9785027814860663
RN0088,RandomNeg_0088,-6.785680036566433,111.73364547293302,random_negative,-1,wet,2024-03-23,9.198669,0.034568552924802244,0.07927913017361002,0.0051443048071044065,0.04134905232946254,-0.03620474752235813,0.00034037653741352734,0.018123839798545576,0.06321728628093716,0.03264829596085841,0.013399810701740749,0.01924848525911766,7.685545722328577e-05,0.055893621087333256,0.006040965916763525,-0.05945843880045906,1.2183996271453237,0.9006425630833541
RN0090,RandomNeg_0090,-7.7323982819034205,108.39302605394963,random_negative,-1,wet,2024-03-30,5.510589,-0.016495798569971812,0.008945720666070618,-0.016365946441444096,-0.016572712309784677,0.0002067658683405811,7.111464621843927e-05,0.03047165330010003,0.006326240225122119,0.03110458773541699,0.030416635938030446,0.0006879517973865448,3.510291818891615e-05,-0.033700548902420836,-0.03339390794541714,0.0004726542669810374,1.0128426219853863,0.9725377028367825
RN0092,RandomNeg_0092,-8.348394165521647,109.48613547833132,random_negative,-1,wet,2024-03-21,1.242075,-0.01327131498491272,0.018500592921547526,-0.01369601889785019,-0.013173394240548562,-0.0005226246573016291,0.0002610624704885388,0.03337186224370828,0.008970266072382034,0.03440977434552976,0.03328736054783359,0.0011224137976961687,6.091238143360707e-05,-0.027603148892151264,-0.02855106781399911,-0.0011628344862559085,1.0075944873523246,0.9608979770698521
RN0094,RandomNeg_0094,-8.175561301141908,114.23265599276013,random_negative,-1,wet,2024-01-26,9.036228,-0.013979254647577943,0.010180586737870633,-0.014290914976185282,-0.013906394829505437,-0.00038452014667984466,7.063382980136832e-05,0.04580030908694701,0.00660055846500415,0.04557363132645872,0.045825450111770166,-0.0002518187853114487,3.455965031467421e-05,-0.028558194443398792,-0.029257997847717546,-0.0008515277008938303,1.0160635394084685,0.9384261325823391
RN0095,RandomNeg_0095,-7.614920839344975,113.61349104761831,random_negative,-1,wet,2024-03-19,3.296654,-0.007615811762861481,0.02008214675554068,-0.009938960662403464,-0.00767880779153326,-0.0022601528708702037,0.00028982596594387806,0.031465506007629776,0.01188904600843068,0.032964621065487434,0.031329573081479746,0.0016350479840076884,0.00011248607862017403,-0.016169656026336975,-0.021035540077480163,-0.004744701680014778,1.0575931486538281,0.9538661787967238
RN0097,RandomNeg_0097,-6.002080841603092,113.36027585079952,random_negative,-1,wet,2024-03-19,9.500395,-0.05101571843616107,0.07199009329219941,-0.03489880552171201,-0.05293406993966961,0.0180352644179576,0.0018975514956940985,0.08257594110000353,0.07260479552887318,0.06946271801262131,0.08332341124912176,-0.013860693236500451,0.001992009895921306,-0.11761913346061399,-0.08268039643031784,0.03858451518771784,1.076490046382059,0.9385211210934061
RN0098,RandomNeg_0098,-6.089910853874221,114.26366983008128,random_negative,-1,wet,2024-02-19,7.891348,-0.01452942637928345,0.009825610503888305,-0.013658741273399388,-0.01442295884733181,0.0007642175739324217,7.907605428383794e-05,0.03699464419420137,0.007131639110749268,0.03687763493098524,0.03686275413934708,1.488079163815964e-05,4.159794597995729e-05,-0.029675486400697865,-0.02790537909104728,0.0015485285723518954,1.0098180251865094,0.9561715390541969
RN0102,RandomNeg_0102,-8.13091113130076,112.8407060194857,random_negative,-1,wet,2024-03-20,11.039311,0.5848110248843759,0.07102743245824755,0.6053739059643207,0.5761722033881236,0.02920170257619714,0.0009134716776722127,-0.5065921832993207,0.05662181775729878,-0.5173580885581759,-0.5015680125789426,-0.01579007597923332,0.0005781950759670359,0.7350621945562571,0.7539578144140069,0.02664394101122869,1.5593663280061985,0.7978379785394958
RN0103,RandomNeg_0103,-7.580475734716485,109.23007485990163,random_negative,-1,wet,2024-03-30,5.510589,-0.009376063929707279,0.009853832133693664,-0.00994977521725328,-0.009191028425650314,-0.0007587467916029666,8.411826017234181e-05,0.026064535953644885,0.007353848817706784,0.026449632893171638,0.02603334473787091,0.0004162881553007279,4.585422287365169e-05,-0.019122967866372027,-0.020265079014640152,-0.0015210980910060103,1.0521733724600733,0.9672979486525685
RN0104,RandomNeg_0104,-7.2882718621237075,112.18408275296326,random_negative,-1,wet,2024-03-19,2.114968,-0.0031651661652788874,0.011514384093156369,-0.0051385936400686685,-0.0031551536635692824,-0.001983439976499386,9.604413599620359e-05,0.02902574735834669,0.008059002336378853,0.029011348720408895,0.029201121203301195,-0.0001897724828923003,5.188518492408026e-05,-0.0066154495497915715,-0.010529437813541164,-0.003934828868813369,1.0029065456033157,0.9497729769014052
RN0106,RandomNeg_0106,-6.09074284158944,110.79180290816257,random_negative,-1,wet,2024-03-23,1.681215,-0.021826439148370604,0.007495763073174366,-0.02085448862210022,-0.02217888667639557,0.0013243980542953504,4.5353489417193564e-05,0.06869773926159412,0.008190641962690318,0.0686154624387706,0.06875838721192745,-0.0001429247731568467,5.292080274283401e-05,-0.04472537269353527,-0.04268128562886602,0.0027815506202252746,1.019168877091571,0.9104496626895667
RN0107,RandomNeg_0107,-7.327633916014605,112.47975560379064,random_negative,-1,wet,2024-03-19,2.114968,0.5278337993354234,0.10116194647807107,0.4907053159517843,0.5358851105358902,-0.04517979458410587,0.002606024423824165,-0.4809830466349577,0.07475978933927457,-0.4590137252002691,-0.48476017545608824,0.02574645025581912,0.001419420274682203,0.6846000756800706,0.6516096605955943,-0.04077733132033412,1.487033736791712,0.8772482803915432
RN0109,RandomNeg_0109,-7.441733889533411,113.52719892048285,random_negative,-1,wet,2024-03-19,3.296654,0.5132429606711477,0.09610616020293501,0.4099629389422658,0.5121120053708645,-0.10214906642859872,0.0023652651341177712,-0.47038501805081995,0.07735188334552809,-0.38950598746508897,-0.470202040033528,0.08069605256843904,0.0015758589134116261,0.6721793932616924,0.5678047828214136,-0.10380232351081364,1.4453976956742884,0.8894147295407429
RN0111,RandomNeg_0111,-7.1743981912949195,111.75212553604091,random_negative,-1,wet,2024-03-23,9.198669,0.4326109216320749,0.13962909209460722,0.35670505592115354,0.43879025285367673,-0.0820851969325232,0.0028377836187609626,-0.38986523104754944,0.11793491824428406,-0.32333622687228497,-0.39643937755576447,0.0731031506834795,0.0018708236433645042,0.5893878694835375,0.5177201379037433,-0.07753817630657456,1.4113150797408796,0.8966162735781807
RN0114,RandomNeg_0114,-7.175894454753021,111.19381510332103,random_negative,-1,wet,2024-03-23,9.198669,0.43859927110924546,0.11787263590065152,0.5260204057954947,0.42697313577622564,0.09904727001926905,0.0026961174620599468,-0.39979074098714784,0.09280157048926618,-0.4707586189541731,-0.38878100549430017,-0.08197761345987292,0.0015519276960653566,0.5998449274694609,0.6844014200709546,0.0959403805338247,1.4649983054240725,0.9062197498860969
RN0115,RandomNeg_0115,-7.68424774552597,110.83672289291225,random_negative,-1,wet,2024-03-23,15.984333,0.20574890560582476,0.1296185281725468,0.17405114000208918,0.2067266421281586,-0.03267550212606943,0.0052711561133945515,-0.22487540867630915,0.10221964151766057,-0.21139629245285896,-0.2250182465119413,0.013621954059082342,0.004019541805942988,0.32311876240514603,0.2861237549739519,-0.037908059203985045,1.145323153161083,1.0439057468619979
RN0116,RandomNeg_0116,-7.3839301249573195,114.34706257736427,random_negative,-1,wet,2024-03-30,10.26075,-0.00890089341253231,0.010180688641961665,-0.008514348392517919,-0.008963681343964873,0.0004493329514469544,9.251732344444333e-05,0.029120786379309208,0.0068653153668194345,0.028639893516693445,0.02918185723320508,-0.0005419637165116342,3.966080667390321e-05,-0.018167194197974936,-0.017378527542026633,0.0009209882827082051,1.030139168829844,0.9605096440621129
RN0117,RandomNeg_0117,-8.307648321671744,112.16191800789414,random_negative,-1,wet,2024-03-23,15.284145,0.4221419914065422,0.15742104945685223,0.4137741695565333,0.44836454955527005,-0.034590379998736764,0.0037489658642721447,-0.39551062414007354,0.12048151049900233,-0.3912476889393317,-0.41666076133238994,0.025413072393058234,0.0022933231293005537,0.5745450076047572,0.5691693956851606,-0.0327256186962378,1.405933386286265,0.9309750113868599
RN0118,RandomNeg_0118,-8.207810737414047,108.95785846791254,random_negative,-1,wet,2024-01-26,5.198023,-0.01608141386182087,0.02103167516635832,-0.01636451024069343,-0.016296556699999794,-6.795354069363477e-05,0.0003026815421380139,0.04286181142335682,0.013102273890889431,0.042649779617698565,0.042979497508392035,-0.00032971789069347057,0.00014154799541569776,-0.03360603504832115,-0.034172184749536996,-0.00010682271161360779,1.0255272047448944,0.9482064719139643
RN0120,RandomNeg_0120,-7.983086130811624,112.51864492414403,random_negative,-1,wet,2024-03-20,11.039311,0.556244800679952,0.0713272398009703,0.5638790929201878,0.5509513184397177,0.012927774480470111,0.0008621387502752488,-0.4929625721744752,0.06348810487744784,-0.4976886268907971,-0.48923385550087256,-0.008454771389924565,0.0006228098822357296,0.711938040581022,0.7191386400868294,0.011491553246626762,1.5571526014841852,0.8372607820787696
RN0123,RandomNeg_0123,-8.130918797223837,114.33259377993708,random_negative,-1,wet,2024-01-26,9.036228,-0.027761579399121807,0.022004601741305713,-0.0187934571087584,-0.032292134633703555,0.013498677524945154,0.0001520142286066906,0.04573959727362054,0.014009470808323302,0.03794192897457196,0.048712460746417933,-0.010770531771845976,2.5241082604893243e-05,-0.05813962711363172,-0.03864387068464263,0.029204234859831604,1.340779961138982,0.9651105227695927
RN0124,RandomNeg_0124,-6.345493896309325,113.79270242484543,random_negative,-1,wet,2024-03-19,1.65634,0.6089757563050041,0.03944585957354716,0.6394016255896756,0.6028704602036767,0.036531165385998876,0.00025251241529014785,-0.5641769125327933,0.0384092613539194,-0.5983697086475321,-0.5575651937707942,-0.040804514876737974,0.0002264529622772092,0.756162302981394,0.7799406136011794,0.028490090528628498,1.4595325740976717,0.8716947137831068
RN0130,RandomNeg_0130,-8.589595664642689,110.53223640884816,random_negative,-1,wet,2024-03-23,12.096344,-0.011907902557773034,0.009859318993998865,-0.011300221724391738,-0.011700292706434343,0.0004000709820426041,6.366492947200871e-05,0.03262051731346314,0.007025263097246938,0.03294542520240647,0.032486659380227226,0.0004587658221792412,3.779036294749155e-05,-0.024293238898344498,-0.02302893725298702,0.0008415360680604084,1.0149369851219585,0.9595623694290223
RN0131,RandomNeg_0131,-8.110190184287033,111.04829827030224,random_negative,-1,wet,2024-03-23,12.649371,0.46191705023324864,0.14168141136055806,0.4179504149198914,0.4426932423761906,-0.024742827456299243,0.002479547319167925,-0.42659810966785044,0.12233946975648023,-0.39325962836996403,-0.40929360871857595,0.01603398034861192,0.001402555245828289,0.6179984185842984,0.5757072304259668,-0.022538745159258466,1.4166413851127495,0.908933307133207
RN0134,RandomNeg_0134,-7.4832576287668084,114.05336491079323,random_negative,-1,wet,2024-03-30,10.26075,-0.012883895484523933,0.0054525307656138975,-0.012372397889353562,-0.012887325751458479,0.0005149278621049171,2.2721903572256565e-05,0.04209450810903459,0.005327906721001354,0.04256124770961032,0.04182233953731673,0.0007389081722935856,2.2230371206402865e-05,-0.026152805138600514,-0.025082950916219603,0.0010778703497638271,0.9995022736663035,0.9432666920276884
RN0136,RandomNeg_0136,-8.889717501645432,112.71119223019627,random_negative,-1,wet,2024-03-20,0.035696,-0.008297410741696019,0.01869526294028518,-0.007080413787311314,-0.00838097675734379,0.0013005629700324761,0.0002619737953590071,0.02341079551283569,0.01140507196269547,0.022849133872634778,0.023499596905293102,-0.0006504630326583244,0.0001119318655251311,-0.01744361320045598,-0.014990989620117148,0.0026251515288586783,1.0140211999660231,0.9706605251644805
RN0138,RandomNeg_0138,-6.750430365791001,110.51680421126392,random_negative,-1,wet,2024-03-23,12.526086,-0.11354863566379757,0.010783052539949484,-0.11180032724049528,-0.11413143436261279,0.0023311071221175095,2.233159583059629e-05,0.22936007088590205,0.0069343286688389304,0.22552323933381976,0.23027457857662825,-0.004751339242808489,2.277699541509111e-05,-0.25638398733611045,-0.2517192533645186,0.006205806792918489,1.0213556255382439,0.7875616560853458
RN0140,RandomNeg_0140,-8.681792805786076,113.83106393300143,random_negative,-1,wet,2024-02-29,15.557764,-0.018270817630840746,0.004090544918908548,-0.017942373771877206,-0.018311883341949456,0.0003695095700722503,1.321784737711311e-05,0.05363056039560831,0.0047193319925704184,0.05365157642618824,0.05365914986081173,-7.573434623493747e-06,1.735282459014854e-05,-0.03723845368477031,-0.03655102718451701,0.000773044293008382,1.006650367349631,0.9316718491970339
RN0141,RandomNeg_0141,-6.27860714247631,110.45590289205522,random_negative,-1,wet,2024-03-23,1.681215,-0.022919230346061276,0.0071479499370929785,-0.022892890659595055,-0.023090698182021207,0.00019780752242615218,4.134580962884308e-05,0.05155540895896927,0.008340532596510946,0.05197730448225127,0.05197142806563886,5.876416612406177e-06,5.534820608388681e-05,-0.04699982772294759,-0.04693555225756711,0.0004252430234285495,1.0207657127515222,0.9443930615965915
RN0142,RandomNeg_0142,-6.479674442330552,110.82509566489794,random_negative,-1,wet,2024-03-23,12.526086,0.47147652337703183,0.12303146818757071,0.49591194266937255,0.4826144153451011,0.013297527324271474,0.0029082496805943004,-0.43274230793642593,0.09407097508329403,-0.4430049421128936,-0.4424577723093621,-0.0005471698035314776,0.0017707745944052526,0.6297671285128521,0.6605743462568455,0.020754456040939506,1.4379172986912352,0.9019368223321537
RN0144,RandomNeg_0144,-8.006050785202612,113.9898148874259,random_negative,-1,wet,2024-03-30,10.26075,0.5132535510976779,0.09725277239647521,0.5661524538959605,0.49820478303615956,0.06794767085980091,0.0012755674264308796,-0.4556826363827476,0.08621864312220287,-0.5051057694072211,-0.4417610966278319,-0.06334467277938916,0.0009023593959527289,0.6723708695969397,0.7199728665819713,0.06189144214082565,1.4836003178058792,0.8562557953373758
RN0145,RandomNeg_0145,-6.591245315824679,113.60702582000903,random_negative,-1,wet,2024-03-19,6.737675,0.48287513597824816,0.09317791992698847,0.4295753383177069,0.48329278347562105,-0.053717445157914157,0.002079737794412077,-0.4333230585435405,0.07434615864465313,-0.38912208413777877,-0.4345240509622403,0.045401966824461515,0.0014451598782036286,0.6450328957736715,0.589104118437914,-0.05700900938902176,1.4902440132292993,0.8789823021144091
RN0148,RandomNeg_0148,-6.637662898572817,113.84134701451009,random_negative,-1,wet,2024-03-19,8.294672,0.5063866145532303,0.07163634781215346,0.5137209093870791,0.5018785698336636,0.011842339553415515,0.0009372252609554379,-0.4509916656385556,0.05862453588457421,-0.45295492222415135,-0.44891598397695387,-0.004038938247197477,0.0005910056985921888,0.669043273915758,0.6779782420636968,0.01390125701691336,1.5091922363263834,0.8638204472789259
RN0149,RandomNeg_0149,-7.721505569486862,111.20661510150713,random_negative,-1,wet,2024-03-23,12.649371,0.4962897097427003,0.06959041646338136,0.4752309365704498,0.5002569098194728,-0.025025973249023004,0.0005793398762136594,-0.44228722835419004,0.057435451457450486,-0.4190758018229529,-0.4466759624759325,0.0276001606529796,0.0004266441766831186,0.6604398334636856,0.6411747984620797,-0.022963706854032595,1.47775854606289,0.8682558440880775
RN0150,RandomNeg_0150,-8.451795318836608,114.29881015693674,random_negative,-1,wet,2024-02-29,15.557764,0.46104010375919335,0.11247387593917763,0.4175148566165474,0.4663494938721701,-0.048834637255622704,0.0029124984532609105,-0.4177489609342322,0.08815628624110926,-0.3925538559141018,-0.4190339312609687,0.026480075346866916,0.0019408338032536794,0.6219863322881889,0.5731339568725593,-0.05560398694710722,1.4078142910353157,0.8947758049501013
RN0151,RandomNeg_0151,-6.548762012172849,113.81416204663324,random_negative,-1,wet,2024-03-19,8.294672,0.3500028119600274,0.1522636381742351,0.4068331018192092,0.3624842436019516,0.04434885821725759,0.0039703775969713,-0.3284650030559281,0.13206997883133467,-0.36263352957511286,-0.34060738158433074,-0.02202614799078212,0.0033558255498343,0.4980045340489898,0.5599269172148206,0.046601670695002206,1.2902906416792659,0.9515637719222294
RN0152,RandomNeg_0152,-8.828119550495254,112.36564471755082,random_negative,-1,wet,2024-03-20,0.035696,-0.00889256998760099,0.01425391558927446,-0.009954695658602675,-0.008953840212211803,-0.0010008554463908723,0.00015248246440184056,0.02593476058614648,0.007587162571186414,0.02648549630768353,0.02584856233088446,0.000636933976799068,4.613601613589866e-05,-0.018353935571626904,-0.020514018493033744,-0.0020305650148575057,1.0109497353000225,0.9667475973616625
RN0153,RandomNeg_0153,-7.936662142955357,114.30815886048326,random_negative,-1,wet,2024-03-30,10.26075,0.5428009576582161,0.03845141482233428,0.5573714390807508,0.5404007168845811,0.016970722196169685,0.00042039339814481093,-0.4812751686918698,0.037306873323014696,-0.4867774932871561,-0.48016829762013447,-0.006609195667021617,0.00032550814611621615,0.702806908382103,0.7154922266507981,0.014634537147694582,1.5432713700279725,0.8459496784650757
RN0154,RandomNeg_0154,-6.573518097082298,113.64064028375279,random_negative,-1,wet,2024-03-19,6.737675,0.4822453781059814,0.11410822443686126,0.4982634685613906,0.48850370319558534,0.00975976536580525,0.002105406374475524,-0.4346325998128288,0.08651836811180799,-0.44240561572170284,-0.43968204402217687,-0.002723571699525973,0.0013061129773107108,0.6412625309264243,0.6627127543751908,0.015924176238639176,1.5070450208552155,0.881615076375146
RN0157,RandomNeg_0157,-6.37071632957234,113.58593251337781,random_negative,-1,wet,2024-03-19,6.737675,0.38195039579509027,0.11662266607113099,0.4080364617548512,0.37358323061693854,0.034453231137912654,0.0015132551384674558,-0.35563249307794603,0.09380247105864588,-0.3823588909162066,-0.34857733163057925,-0.03378155928562737,0.0009805636583671525,0.5416205752365442,0.570739989906067,0.03783611220201377,1.3671055103420628,0.9383621062239594
RN0158,RandomNeg_0158,-8.254942219117574,113.16586605596929,random_negative,-1,wet,2024-03-20,5.430708,0.46472284294285937,0.1779645212127716,0.5329277562627763,0.4296906141444843,0.10323714211829205,0.003204939520455891,-0.42550577462353495,0.1443140669126069,-0.48333000724152614,-0.39657584275070124,-0.0867541644908249,0.0019086405663771178,0.6106740417276074,0.6885848929411407,0.116743220048657,1.4494118998815462,0.895609802960413
RN0162,RandomNeg_0162,-7.948040341526651,113.64352942030287,random_negative,-1,wet,2024-03-30,15.717179,0.42984920144544503,0.13027799608115836,0.524246735888428,0.40955640911934876,0.1146903267690792,0.0010148339993633283,-0.3742179216280759,0.1092811796688408,-0.45521027265125846,-0.35723992049750514,-0.09797035215375333,0.0006658552746151915,0.5883742222394397,0.686525717749173,0.12041688394659555,1.3984778249212544,0.8700815497168324
RN0164,RandomNeg_0164,-7.03970295803788,108.99678384360061,random_negative,-1,wet,2024-02-29,13.679287,-0.12408572830712701,0.03224641425109066,-0.12153011284945568,-0.12541164329182547,0.0038815304423697877,6.406715911569306e-05,0.2869417922438847,0.030580439610530044,0.2973913544655849,0.2873627577823856,0.010028596683199276,0.00019401581873786726,-0.28630982533911814,-0.2784446034179291,0.011402986629866552,1.0104462675816517,0.7124868775753006
RN0165,RandomNeg_0165,-6.054665907125045,110.36215732478722,random_negative,-1,wet,2024-03-23,1.681215,-0.033854635411702964,0.015495038788715934,-0.03315336218281878,-0.03438239097505904,0.0012290287922402596,0.00010769186458601569,0.06697558390984473,0.013121417720822294,0.05989790009002954,0.06875159158407822,-0.008853691494048674,5.521737363210186e-05,-0.0705861451779896,-0.06903677685123057,0.0026350237494705553,1.048217631941383,0.9361127757012128
RN0170,RandomNeg_0170,-7.141994325412185,110.11423059669478,random_negative,-1,wet,2024-02-20,10.529043,0.21474287946454992,0.14719500349403192,0.25355556705110555,0.2175361095309939,0.03601945752011165,0.0007415116558886487,-0.1784530274164723,0.13061298215334322,-0.203330913962706,-0.18239000275945869,-0.020940911203247314,0.0005241095011564383,0.3298771142450913,0.404048126711009,0.07871273972367204,1.264825427558287,0.9244709871083469
RN0171,RandomNeg_0171,-7.782933243300292,110.765880434966,random_negative,-1,wet,2024-03-23,15.984333,0.44535112850341774,0.12593570969040085,0.35419020843414317,0.44507816335685324,-0.09088795492271007,0.003990130391122816,-0.4078291350833824,0.09188640079209014,-0.3452743068702929,-0.4072410829924948,0.06196677612220186,0.002201105141202923,0.6045776842805395,0.5091585428382143,-0.0949293519375003,1.3923426694886727,0.9076689497486478
RN0172,RandomNeg_0172,-8.161304732198113,112.0878528383417,random_negative,-1,wet,2024-03-23,15.284145,0.31294189403156203,0.1397434632353288,0.3809665104377058,0.2957557444820565,0.0852107659556493,0.0026256903166871604,-0.2864152546930357,0.12212727197516117,-0.34943294501596045,-0.27107552316167605,-0.0783574218542844,0.0017057488546542968,0.45947384883528114,0.5404181425415459,0.10138260498085866,1.2546066693380438,0.9407774252013175
RN0173,RandomNeg_0173,-8.895095293165975,114.25575165499083,random_negative,-1,wet,2024-02-29,15.557764,-0.013509571862620032,0.02592161648171961,-0.008193768931069175,-0.01401742671342983,0.005823657782360655,0.0004865683209287918,0.026862706458779622,0.02100106772235471,0.025814538717247686,0.026901127025213453,-0.001086588307965767,0.0003903602995805081,-0.028783527947624295,-0.01818596071265233,0.01157057854425858,1.0196670724872365,0.974996732918759
RN0174,RandomNeg_0174,-7.338489208430904,112.19429999144846,random_negative,-1,wet,2024-03-19,2.114968,-0.0039318570137945,0.013789223288379641,-0.005487824755590132,-0.0035986376077842912,-0.0018891871478058406,0.0001478911482743689,0.02934912285744721,0.009251016943432963,0.030958415356225472,0.029090237389796325,0.0018681779664291472,7.009186532231152e-05,-0.00827614559017958,-0.011379886309491383,-0.003794813258695005,1.0083067631301024,0.9506820149969629
RN0175,RandomNeg_0175,-6.748344774265519,111.70628504433,random_negative,-1,wet,2024-03-23,9.198669,-0.022031679054511945,0.012506937457753501,-0.01730527716766924,-0.02209250567783104,0.004787228510161799,3.481427938933586e-05,0.11213035311341403,0.010657162246985869,0.10982812172173934,0.11247230089242474,-0.0026441791706854068,2.9768110817463215e-05,-0.04536414059309418,-0.03533654108080782,0.01022304551313926,1.0569239362082798,0.8343926301256953
RN0177,RandomNeg_0177,-6.973710713757311,108.30200036042596,random_negative,-1,wet,2024-02-29,13.679287,-0.03412539045904942,0.007064534870457048,-0.03476417672706832,-0.03391340015658133,-0.0008507765704869955,1.230436624443472e-05,0.15635665035071042,0.022511467375533774,0.1607450553184254,0.1548641072846932,0.005880948033732208,1.3640147308786446e-05,-0.07073585308816165,-0.07202982855651242,-0.0017230980279259872,1.0040991012745177,0.7814718403224864
RN0178,RandomNeg_0178,-7.9896446293307575,113.48015279506336,random_negative,-1,wet,2024-03-19,3.296654,-0.00837766404215083,0.027760161700959927,-0.013918554114531361,-0.008641424762842654,-0.005277129351688708,0.0005299108622799535,0.02018888903690027,0.015179735351760877,0.022793348044818557,0.02019744698120055,0.002595901063618008,0.00018281187448449302,-0.01847398054878722,-0.029929850580709284,-0.010907020687387178,1.0656994841725487,0.9773837383842898
RN0180,RandomNeg_0180,-8.003074479594906,109.08392908619217,random_negative,-1,wet,2024-03-30,5.510589,-0.008727607980072074,0.009502971975721222,-0.012283981420443714,-0.008208651514950201,-0.004075329905493513,6.647913021948671e-05,0.042681127590531096,0.0086457033460416,0.04685586781969922,0.04187094449597996,0.004984923323719262,4.9412214876820175e-05,-0.017778316997671642,-0.02500025047931956,-0.008273661153660222,1.0217413391436723,0.9344469587850351
RN0183,RandomNeg_0183,-6.172945354882469,111.77317945272733,random_negative,-1,wet,2024-03-23,2.991646,-0.010887573504184013,0.01037722195854644,-0.011950603115174508,-0.01021190445472123,-0.0017386986604532775,8.556515664953168e-05,0.01640299526503075,0.010909168553672768,0.01961719323123502,0.015103010199609516,0.004514183031625502,8.826408829192303e-05,-0.022227451977758505,-0.024401091533713382,-0.003551979386581045,1.02462025949295,0.989273839826473
RN0184,RandomNeg_0184,-6.28186391737551,111.15514915951381,random_negative,-1,wet,2024-03-23,2.991646,-0.008009528659616556,0.009207444961332035,-0.006551911253944237,-0.008405400502731052,0.0018534892487868148,6.96634764661752e-05,0.04793198279283762,0.0096999660714018,0.04662106003531788,0.048425119358117816,-0.0018040593227999363,7.783373335299222e-05,-0.016314146944123958,-0.01336755608556473,0.003750193261910473,1.0293778878827153,0.9233709474230749
RN0185,RandomNeg_0185,-8.02724536375986,110.47937213135698,random_negative,-1,wet,2024-03-23,15.984333,0.5026940950972124,0.08931716172257191,0.5433343271287917,0.4942125157417351,0.049121811387056624,0.0020044366135931195,-0.44776023863313474,0.062142544895198513,-0.483051736190977,-0.44002223379119626,-0.04302950239978076,0.0010503475740520397,0.6639269857808842,0.700590000980202,0.04483459646298882,1.4970985173062674,0.864997143838804
RN0187,RandomNeg_0187,-7.65332436502948,110.79984781195682,random_negative,-1,wet,2024-03-23,15.984333,0.3719400750153081,0.12337729079073591,0.41691466037185665,0.36005232024178624,0.05686234013007041,0.0031101277623425804,-0.3289019648320287,0.10402708996467254,-0.36042027205217086,-0.31940627003701977,-0.041014002015151096,0.0021835661291301424,0.5295500375033917,0.5840015410947239,0.06650882120885382,1.3541990130826655,0.9033057149278673
RN0190,RandomNeg_0190,-7.5277600608629545,114.01180825828254,random_negative,-1,wet,2024-03-30,10.26075,-0.012157500985664559,0.014807591042490067,-0.011941368615148766,-0.012368866867628366,0.00042749825247959984,0.00019920837906473748,0.04035715709056677,0.014420377890237295,0.0401600523220109,0.04053452015228279,-0.0003744678302718893,0.00018939874147720065,-0.03320917061235716,-0.0241998268851367,0.01425801704696577,0.9979321516585995,0.9451569920493701
RN0193,RandomNeg_0193,-7.064471518279193,108.35188255409801,random_negative,-1,wet,2024-02-29,13.679287,-0.04366932711672215,0.05480288475602448,-0.02943244807914593,-0.05007440219473846,0.02064195411559253,0.00022286292658420587,0.09545818512522039,0.0912203406044011,0.0544933965629381,0.10328743959900237,-0.04879404303606427,0.00026684650176562075,-0.0984341901912932,-0.06076863558828563,0.05506197631358696,1.0184875840864918,0.9047164731794206
RN0197,RandomNeg_0197,-8.189956622172785,109.75136344218805,random_negative,-1,wet,2024-03-21,1.242075,-0.015045485774215182,0.027018395351391233,-0.013529467718978214,-0.01496997347405788,0.001440505755079667,0.0005855084773819228,0.021860781522329998,0.011371355811521763,0.02123849278055678,0.021816903628240646,-0.0005784108476838655,0.0001037515313724812,-0.032068542036143934,-0.029302946499810786,0.0025266504750552365,1.0147377361325234,0.9873284834028017
RN0199,RandomNeg_0199,-7.698121068106614,111.29765380737713,random_negative,-1,wet,2024-03-23,12.649371,0.5095973660251564,0.08132492921563335,0.5023290561289542,0.5071852899641766,-0.004856233835222379,0.002240321220767195,-0.4626954091657487,0.05986567330445783,-0.45611298805344064,-0.46159116725020044,0.005478179196759803,0.0012796555602452154,0.6708454073324086,0.664673332577529,-0.003781243725103356,1.4943267427883444,0.8814942961697784
RN0200,RandomNeg_0200,-8.336137813454844,111.96354250490505,random_negative,-1,wet,2024-03-23,5.261585,0.002618884447249938,0.022497787286351174,-0.002315934862972653,0.002780452738368423,-0.005096387601341076,0.0002991757387609485,0.015891328787966157,0.011745859721032679,0.018006829509217004,0.015858822626662935,0.002148006882554069,9.791839853254948e-05,0.004216827611981558,-0.005739252380741391,-0.010277199036850568,1.0345939325458808,0.9641959054282866
