kode,desa,kecamatan,kabupaten,zone,kel_or_desa
33.04.01.2001,Berta,Susukan,Kabupaten Banjarnegara,buffer,desa
33.04.01.2002,Derik,Susukan,Kabupaten Banjarnegara,buffer,desa
33.04.01.2003,Gumelem Wetan,Susukan,Kabupaten Banjarnegara,buffer,desa
33.04.01.2004,Gumelem Kulon,Susukan,Kabupaten Banjarnegara,buffer,desa
33.04.01.2005,Penarusan Wetan,Susukan,Kabupaten Banjarnegara,buffer,desa
33.04.01.2006,Penarusan Kulon,Susukan,Kabupaten Banjarnegara,buffer,desa
33.04.01.2007,Brengkok,Susukan,Kabupaten Banjarnegara,buffer,desa
33.04.01.2008,Pekikiran,Susukan,Kabupaten Banjarnegara,buffer,desa
33.04.01.2009,Piasa Wetan,Susukan,Kabupaten Banjarnegara,buffer,desa
33.04.01.2010,Karangsalam,Susukan,Kabupaten Banjarnegara,buffer,desa
33.04.01.2011,Kemranggon,Susukan,Kabupaten Banjarnegara,buffer,desa
33.04.01.2012,Susukan,Susukan,Kabupaten Banjarnegara,buffer,desa
33.04.01.2013,Dermasari,Susukan,Kabupaten Banjarnegara,buffer,desa
33.04.01.2014,Kedawung,Susukan,Kabupaten Banjarnegara,buffer,desa
33.04.01.2015,Karangjati,Susukan,Kabupaten Banjarnegara,buffer,desa
33.04.02.2001,Sirkandi,Purworeja Klampok,Kabupaten Banjarnegara,buffer,desa
33.04.02.2002,Pagak,Purworeja Klampok,Kabupaten Banjarnegara,buffer,desa
33.04.02.2003,Kecitran,Purworeja Klampok,Kabupaten Banjarnegara,buffer,desa
33.04.02.2004,Purwareja,Purworeja Klampok,Kabupaten Banjarnegara,buffer,desa
33.04.02.2005,Klampok,Purworeja Klampok,Kabupaten Banjarnegara,buffer,desa
33.04.02.2006,Kalilandak,Purworeja Klampok,Kabupaten Banjarnegara,buffer,desa
33.04.02.2007,Kalimandi,Purworeja Klampok,Kabupaten Banjarnegara,buffer,desa
33.04.02.2008,Kaliwinasuh,Purworeja Klampok,Kabupaten Banjarnegara,buffer,desa
33.04.03.2001,Jalatunda,Mandiraja,Kabupaten Banjarnegara,buffer,desa
33.04.03.2002,Somawangi,Mandiraja,Kabupaten Banjarnegara,buffer,desa
33.04.03.2003,Kaliwungu,Mandiraja,Kabupaten Banjarnegara,buffer,desa
33.04.03.2004,Kebanaran,Mandiraja,Kabupaten Banjarnegara,buffer,desa
33.04.03.2005,Glempang,Mandiraja,Kabupaten Banjarnegara,buffer,desa
33.04.03.2006,Salamerta,Mandiraja,Kabupaten Banjarnegara,buffer,desa
33.04.03.2007,Purwasaba,Mandiraja,Kabupaten Banjarnegara,buffer,desa
33.04.03.2008,Blimbing,Mandiraja,Kabupaten Banjarnegara,buffer,desa
33.04.03.2009,Panggisari,Mandiraja,Kabupaten Banjarnegara,buffer,desa
33.04.03.2010,Candiwulan,Mandiraja,Kabupaten Banjarnegara,buffer,desa
33.04.03.2011,Simbang,Mandiraja,Kabupaten Banjarnegara,buffer,desa
33.04.03.2012,Kertayasa,Mandiraja,Kabupaten Banjarnegara,buffer,desa
33.04.03.2013,Banjengan,Mandiraja,Kabupaten Banjarnegara,buffer,desa
33.04.03.2014,Mandiraja Kulon,Mandiraja,Kabupaten Banjarnegara,buffer,desa
33.04.03.2015,Kebakalan,Mandiraja,Kabupaten Banjarnegara,buffer,desa
33.04.03.2016,Mandiraja Wetan,Mandiraja,Kabupaten Banjarnegara,buffer,desa
33.04.04.2001,Kalitengah,Purwanegara,Kabupaten Banjarnegara,buffer,desa
33.04.04.2002,Merden,Purwanegara,Kabupaten Banjarnegara,buffer,desa
33.04.04.2003,Karanganyar,Purwanegara,Kabupaten Banjarnegara,buffer,desa
33.04.04.2004,Kaliajir,Purwanegara,Kabupaten Banjarnegara,buffer,desa
33.04.04.2005,Petir,Purwanegara,Kabupaten Banjarnegara,buffer,desa
33.04.04.2006,Pucungbedug,Purwanegara,Kabupaten Banjarnegara,buffer,desa
33.04.04.2007,Parakan,Purwanegara,Kabupaten Banjarnegara,buffer,desa
33.04.04.2008,Mertasari,Purwanegara,Kabupaten Banjarnegara,buffer,desa
33.04.04.2009,Danaraja,Purwanegara,Kabupaten Banjarnegara,buffer,desa
33.04.04.2010,Purwonegoro,Purwanegara,Kabupaten Banjarnegara,buffer,desa
33.04.04.2011,Kalipelus,Purwanegara,Kabupaten Banjarnegara,buffer,desa
33.04.04.2012,Gumiwang,Purwanegara,Kabupaten Banjarnegara,buffer,desa
33.04.04.2013,Kutawuluh,Purwanegara,Kabupaten Banjarnegara,buffer,desa
33.04.05.2001,Wanadri,Bawang,Kabupaten Banjarnegara,buffer,desa
33.04.05.2002,Kebondalem,Bawang,Kabupaten Banjarnegara,buffer,desa
33.04.05.2003,Majalengka,Bawang,Kabupaten Banjarnegara,buffer,desa
33.04.05.2004,Wiramastra,Bawang,Kabupaten Banjarnegara,buffer,desa
33.04.05.2005,Kutayasa,Bawang,Kabupaten Banjarnegara,buffer,desa
33.04.05.2006,Winong,Bawang,Kabupaten Banjarnegara,buffer,desa
33.04.05.2007,Depok,Bawang,Kabupaten Banjarnegara,buffer,desa
33.04.05.2008,Watuurip,Bawang,Kabupaten Banjarnegara,buffer,desa
33.04.05.2009,Masaran,Bawang,Kabupaten Banjarnegara,buffer,desa
33.04.05.2010,Serang,Bawang,Kabupaten Banjarnegara,buffer,desa
33.04.05.2011,Mantrianom,Bawang,Kabupaten Banjarnegara,buffer,desa
33.04.05.2012,Binorong,Bawang,Kabupaten Banjarnegara,buffer,desa
33.04.05.2013,Joho,Bawang,Kabupaten Banjarnegara,buffer,desa
33.04.05.2014,Bawang,Bawang,Kabupaten Banjarnegara,buffer,desa
33.04.05.2015,Bandingan,Bawang,Kabupaten Banjarnegara,buffer,desa
33.04.05.2016,Blambangan,Bawang,Kabupaten Banjarnegara,buffer,desa
33.04.05.2017,Gemuruh,Bawang,Kabupaten Banjarnegara,buffer,desa
33.04.05.2018,Pucang,Bawang,Kabupaten Banjarnegara,buffer,desa
33.04.06.1001,Argasoka,Banjarnegara,Kabupaten Banjarnegara,buffer,kelurahan
33.04.06.1006,Karangtengah,Banjarnegara,Kabupaten Banjarnegara,buffer,kelurahan
33.04.06.1007,Wangon,Banjarnegara,Kabupaten Banjarnegara,buffer,kelurahan
33.04.06.1008,Semampir,Banjarnegara,Kabupaten Banjarnegara,buffer,kelurahan
33.04.06.1009,Sokanandi,Banjarnegara,Kabupaten Banjarnegara,buffer,kelurahan
33.04.06.1010,Parakancanggah,Banjarnegara,Kabupaten Banjarnegara,buffer,kelurahan
33.04.06.1011,Semarang,Banjarnegara,Kabupaten Banjarnegara,buffer,kelurahan
33.04.06.1012,Krandegan,Banjarnegara,Kabupaten Banjarnegara,buffer,kelurahan
33.04.06.1013,Kutabanjarnegara,Banjarnegara,Kabupaten Banjarnegara,buffer,kelurahan
33.04.06.2002,Ampelsari,Banjarnegara,Kabupaten Banjarnegara,buffer,desa
33.04.06.2003,Tlagawera,Banjarnegara,Kabupaten Banjarnegara,buffer,desa
33.04.06.2004,Cendana,Banjarnegara,Kabupaten Banjarnegara,buffer,desa
33.04.06.2005,Sokayasa,Banjarnegara,Kabupaten Banjarnegara,buffer,desa
33.04.07.1015,Kalibenda,Sigaluh,Kabupaten Banjarnegara,buffer,kelurahan
33.04.07.2001,Pringamba,Sigaluh,Kabupaten Banjarnegara,buffer,desa
33.04.07.2002,Sawal,Sigaluh,Kabupaten Banjarnegara,buffer,desa
33.04.07.2003,Panawaren,Sigaluh,Kabupaten Banjarnegara,buffer,desa
33.04.07.2004,Tunggara,Sigaluh,Kabupaten Banjarnegara,buffer,desa
33.04.07.2005,Randegan,Sigaluh,Kabupaten Banjarnegara,buffer,desa
33.04.07.2006,Bojanegara,Sigaluh,Kabupaten Banjarnegara,buffer,desa
33.04.07.2007,Bandingan,Sigaluh,Kabupaten Banjarnegara,buffer,desa
33.04.07.2008,Prigi,Sigaluh,Kabupaten Banjarnegara,buffer,desa
33.04.07.2009,Gembongan,Sigaluh,Kabupaten Banjarnegara,buffer,desa
33.04.07.2010,Kemiri,Sigaluh,Kabupaten Banjarnegara,buffer,desa
33.04.07.2011,Karangmangu,Sigaluh,Kabupaten Banjarnegara,buffer,desa
33.04.07.2012,Wanacipta,Sigaluh,Kabupaten Banjarnegara,buffer,desa
33.04.07.2013,Sigaluh,Sigaluh,Kabupaten Banjarnegara,buffer,desa
33.04.07.2014,Singamerta,Sigaluh,Kabupaten Banjarnegara,buffer,desa
33.04.08.1011,Kenteng,Madukara,Kabupaten Banjarnegara,buffer,kelurahan
33.04.08.1012,Rejasa,Madukara,Kabupaten Banjarnegara,buffer,kelurahan
33.04.08.2001,Limbangan,Madukara,Kabupaten Banjarnegara,buffer,desa
33.04.08.2002,Penawangan,Madukara,Kabupaten Banjarnegara,buffer,desa
33.04.08.2003,Talunamba,Madukara,Kabupaten Banjarnegara,buffer,desa
33.04.08.2004,Madukara,Madukara,Kabupaten Banjarnegara,buffer,desa
33.04.08.2005,Kutayasa,Madukara,Kabupaten Banjarnegara,buffer,desa
33.04.08.2006,Pekauman,Madukara,Kabupaten Banjarnegara,buffer,desa
33.04.08.2007,Pagelak,Madukara,Kabupaten Banjarnegara,buffer,desa
33.04.08.2008,Dawuhan,Madukara,Kabupaten Banjarnegara,buffer,desa
33.04.08.2009,Bantarwaru,Madukara,Kabupaten Banjarnegara,buffer,desa
33.04.08.2010,Sered,Madukara,Kabupaten Banjarnegara,buffer,desa
33.04.08.2013,Petambakan,Madukara,Kabupaten Banjarnegara,buffer,desa
33.04.08.2014,Rakitan,Madukara,Kabupaten Banjarnegara,buffer,desa
33.04.08.2015,Blitar,Madukara,Kabupaten Banjarnegara,buffer,desa
33.04.08.2016,Kaliurip,Madukara,Kabupaten Banjarnegara,buffer,desa
33.04.08.2017,Karanganyar,Madukara,Kabupaten Banjarnegara,buffer,desa
33.04.08.2018,Gununggiana,Madukara,Kabupaten Banjarnegara,buffer,desa
33.04.08.2019,Clapar,Madukara,Kabupaten Banjarnegara,buffer,desa
33.04.08.2020,Pakelen,Madukara,Kabupaten Banjarnegara,buffer,desa
33.04.09.2001,Jenggawur,Banjarmangu,Kabupaten Banjarnegara,buffer,desa
33.04.09.2002,Banjarkulon,Banjarmangu,Kabupaten Banjarnegara,buffer,desa
33.04.09.2003,Banjarmangu,Banjarmangu,Kabupaten Banjarnegara,buffer,desa
33.04.09.2004,Rejasari,Banjarmangu,Kabupaten Banjarnegara,buffer,desa
33.04.09.2005,Kesenet,Banjarmangu,Kabupaten Banjarnegara,buffer,desa
33.04.09.2006,Kalilunjar,Banjarmangu,Kabupaten Banjarnegara,buffer,desa
33.04.09.2007,Sijeruk,Banjarmangu,Kabupaten Banjarnegara,buffer,desa
33.04.09.2008,Kendaga,Banjarmangu,Kabupaten Banjarnegara,buffer,desa
33.04.09.2009,Gripit,Banjarmangu,Kabupaten Banjarnegara,buffer,desa
33.04.09.2010,Pekandangan,Banjarmangu,Kabupaten Banjarnegara,buffer,desa
33.04.09.2011,Sigeblog,Banjarmangu,Kabupaten Banjarnegara,buffer,desa
33.04.09.2012,Paseh,Banjarmangu,Kabupaten Banjarnegara,buffer,desa
33.04.09.2013,Sipedang,Banjarmangu,Kabupaten Banjarnegara,buffer,desa
33.04.09.2014,Sijenggung,Banjarmangu,Kabupaten Banjarnegara,buffer,desa
33.04.09.2015,Beji,Banjarmangu,Kabupaten Banjarnegara,buffer,desa
33.04.09.2016,Prendengan,Banjarmangu,Kabupaten Banjarnegara,buffer,desa
33.04.09.2017,Majatengah,Banjarmangu,Kabupaten Banjarnegara,buffer,desa
33.04.10.2001,Kasilib,Wanadadi,Kabupaten Banjarnegara,buffer,desa
33.04.10.2002,Tapen,Wanadadi,Kabupaten Banjarnegara,buffer,desa
33.04.10.2003,Karangjambe,Wanadadi,Kabupaten Banjarnegara,buffer,desa
33.04.10.2004,Wanadadi,Wanadadi,Kabupaten Banjarnegara,buffer,desa
33.04.10.2005,Wanakarsa,Wanadadi,Kabupaten Banjarnegara,buffer,desa
33.04.10.2006,Lemahjaya,Wanadadi,Kabupaten Banjarnegara,buffer,desa
33.04.10.2007,Karangkemiri,Wanadadi,Kabupaten Banjarnegara,buffer,desa
33.04.10.2008,Kandangwangi,Wanadadi,Kabupaten Banjarnegara,buffer,desa
33.04.10.2009,Medayu,Wanadadi,Kabupaten Banjarnegara,buffer,desa
33.04.10.2010,Linggasari,Wanadadi,Kabupaten Banjarnegara,buffer,desa
33.04.10.2011,Gumingsir,Wanadadi,Kabupaten Banjarnegara,buffer,desa
33.04.11.2001,Pingit,Rakit,Kabupaten Banjarnegara,buffer,desa
33.04.11.2002,Situwangi,Rakit,Kabupaten Banjarnegara,buffer,desa
33.04.11.2003,Gelang,Rakit,Kabupaten Banjarnegara,buffer,desa
33.04.11.2004,Rakit,Rakit,Kabupaten Banjarnegara,buffer,desa
33.04.11.2005,Adipasir,Rakit,Kabupaten Banjarnegara,buffer,desa
33.04.11.2006,Bandingan,Rakit,Kabupaten Banjarnegara,buffer,desa
33.04.11.2007,Kincang,Rakit,Kabupaten Banjarnegara,buffer,desa
33.04.11.2008,Badamita,Rakit,Kabupaten Banjarnegara,buffer,desa
33.04.11.2009,Tanjunganom,Rakit,Kabupaten Banjarnegara,buffer,desa
33.04.11.2010,Luwung,Rakit,Kabupaten Banjarnegara,buffer,desa
33.04.11.2011,Lengkong,Rakit,Kabupaten Banjarnegara,buffer,desa
33.04.12.2001,Sambong,Punggelan,Kabupaten Banjarnegara,buffer,desa
33.04.12.2002,Danakerta,Punggelan,Kabupaten Banjarnegara,buffer,desa
33.04.12.2003,Klapa,Punggelan,Kabupaten Banjarnegara,buffer,desa
33.04.12.2004,Kecepit,Punggelan,Kabupaten Banjarnegara,buffer,desa
33.04.12.2005,Karangsari,Punggelan,Kabupaten Banjarnegara,buffer,desa
33.04.12.2006,Tribuana,Punggelan,Kabupaten Banjarnegara,buffer,desa
33.04.12.2007,Sawangan,Punggelan,Kabupaten Banjarnegara,buffer,desa
33.04.12.2008,Sidarata,Punggelan,Kabupaten Banjarnegara,buffer,desa
33.04.12.2009,Badakarya,Punggelan,Kabupaten Banjarnegara,buffer,desa
33.04.12.2010,Punggelan,Punggelan,Kabupaten Banjarnegara,buffer,desa
33.04.12.2011,Jembangan,Punggelan,Kabupaten Banjarnegara,buffer,desa
33.04.12.2012,Purwasana,Punggelan,Kabupaten Banjarnegara,buffer,desa
33.04.12.2013,Petuguran,Punggelan,Kabupaten Banjarnegara,buffer,desa
33.04.12.2014,Bondolharjo,Punggelan,Kabupaten Banjarnegara,buffer,desa
33.04.12.2015,Tanjungtirta,Punggelan,Kabupaten Banjarnegara,buffer,desa
33.04.12.2016,Tlaga,Punggelan,Kabupaten Banjarnegara,buffer,desa
33.04.12.2017,Mlaya,Punggelan,Kabupaten Banjarnegara,buffer,desa
33.04.13.2001,Paweden,Karangkobar,Kabupaten Banjarnegara,buffer,desa
33.04.13.2002,Gumelar,Karangkobar,Kabupaten Banjarnegara,buffer,desa
33.04.13.2003,Purwodadi,Karangkobar,Kabupaten Banjarnegara,buffer,desa
33.04.13.2004,Sampang,Karangkobar,Kabupaten Banjarnegara,buffer,desa
33.04.13.2005,Slatri,Karangkobar,Kabupaten Banjarnegara,buffer,desa
33.04.13.2006,Pagerpelah,Karangkobar,Kabupaten Banjarnegara,buffer,desa
33.04.13.2007,Pasuruhan,Karangkobar,Kabupaten Banjarnegara,buffer,desa
33.04.13.2008,Karanggondang,Karangkobar,Kabupaten Banjarnegara,buffer,desa
33.04.13.2009,Jlegong,Karangkobar,Kabupaten Banjarnegara,buffer,desa
33.04.13.2010,Ambal,Karangkobar,Kabupaten Banjarnegara,buffer,desa
33.04.13.2011,Binangun,Karangkobar,Kabupaten Banjarnegara,buffer,desa
33.04.13.2012,Karangkobar,Karangkobar,Kabupaten Banjarnegara,buffer,desa
33.04.13.2013,Leksana,Karangkobar,Kabupaten Banjarnegara,buffer,desa
33.04.14.2001,Larangan,Pagentan,Kabupaten Banjarnegara,buffer,desa
33.04.14.2002,Karangnangka,Pagentan,Kabupaten Banjarnegara,buffer,desa
33.04.14.2003,Aribaya,Pagentan,Kabupaten Banjarnegara,buffer,desa
33.04.14.2004,Nagasari,Pagentan,Kabupaten Banjarnegara,buffer,desa
33.04.14.2005,Gumingsir,Pagentan,Kabupaten Banjarnegara,buffer,desa
33.04.14.2006,Sokaraja,Pagentan,Kabupaten Banjarnegara,buffer,desa
33.04.14.2007,Kayuares,Pagentan,Kabupaten Banjarnegara,buffer,desa
33.04.14.2008,Metawana,Pagentan,Kabupaten Banjarnegara,buffer,desa
33.04.14.2009,Kalitlaga,Pagentan,Kabupaten Banjarnegara,buffer,desa
33.04.14.2010,Karekan,Pagentan,Kabupaten Banjarnegara,buffer,desa
33.04.14.2011,Plumbungan,Pagentan,Kabupaten Banjarnegara,buffer,desa
33.04.14.2012,Pagentan,Pagentan,Kabupaten Banjarnegara,buffer,desa
33.04.14.2013,Kasmaran,Pagentan,Kabupaten Banjarnegara,buffer,desa
33.04.14.2014,Majasari,Pagentan,Kabupaten Banjarnegara,buffer,desa
33.04.14.2015,Babadan,Pagentan,Kabupaten Banjarnegara,buffer,desa
33.04.14.2016,Tegaljeruk,Pagentan,Kabupaten Banjarnegara,buffer,desa
33.04.15.2001,Kalilunjar,Pejawaran,Kabupaten Banjarnegara,buffer,desa
33.04.15.2002,Karangsari,Pejawaran,Kabupaten Banjarnegara,buffer,desa
33.04.15.2003,Sarwodadi,Pejawaran,Kabupaten Banjarnegara,buffer,desa
33.04.15.2004,Grogol,Pejawaran,Kabupaten Banjarnegara,buffer,desa
33.04.15.2005,Giritirta,Pejawaran,Kabupaten Banjarnegara,buffer,desa
33.04.15.2006,Biting,Pejawaran,Kabupaten Banjarnegara,buffer,desa
33.04.15.2007,Tlahab,Pejawaran,Kabupaten Banjarnegara,buffer,desa
33.04.15.2008,Darmayasa,Pejawaran,Kabupaten Banjarnegara,buffer,desa
33.04.15.2009,Pejawaran,Pejawaran,Kabupaten Banjarnegara,buffer,desa
33.04.15.2010,Penusupan,Pejawaran,Kabupaten Banjarnegara,buffer,desa
33.04.15.2011,Ratamba,Pejawaran,Kabupaten Banjarnegara,buffer,desa
33.04.15.2012,Sidengok,Pejawaran,Kabupaten Banjarnegara,buffer,desa
33.04.15.2013,Pegundungan,Pejawaran,Kabupaten Banjarnegara,buffer,desa
33.04.15.2014,Beji,Pejawaran,Kabupaten Banjarnegara,buffer,desa
33.04.15.2015,Semangkung,Pejawaran,Kabupaten Banjarnegara,buffer,desa
33.04.15.2016,Condongcampur,Pejawaran,Kabupaten Banjarnegara,buffer,desa
33.04.15.2017,Gembol,Pejawaran,Kabupaten Banjarnegara,buffer,desa
33.04.16.2001,Batur,Batur,Kabupaten Banjarnegara,buffer,desa
33.04.16.2002,Sumberejo,Batur,Kabupaten Banjarnegara,buffer,desa
33.04.16.2003,Pasurenan,Batur,Kabupaten Banjarnegara,buffer,desa
33.04.16.2004,Pekasiran,Batur,Kabupaten Banjarnegara,buffer,desa
33.04.16.2005,Kepakisan,Batur,Kabupaten Banjarnegara,buffer,desa
33.04.16.2006,Bakal,Batur,Kabupaten Banjarnegara,buffer,desa
33.04.16.2007,Karangtengah,Batur,Kabupaten Banjarnegara,buffer,desa
33.04.16.2008,Dieng Kulon,Batur,Kabupaten Banjarnegara,buffer,desa
33.04.17.2001,Karangtengah,Wanayasa,Kabupaten Banjarnegara,buffer,desa
33.04.17.2002,Suwidak,Wanayasa,Kabupaten Banjarnegara,buffer,desa
33.04.17.2003,Bantar,Wanayasa,Kabupaten Banjarnegara,buffer,desa
33.04.17.2004,Pandansari,Wanayasa,Kabupaten Banjarnegara,buffer,desa
33.04.17.2005,Pagergunung,Wanayasa,Kabupaten Banjarnegara,buffer,desa
33.04.17.2006,Dawuhan,Wanayasa,Kabupaten Banjarnegara,buffer,desa
33.04.17.2007,Kubang,Wanayasa,Kabupaten Banjarnegara,buffer,desa
33.04.17.2008,Susukan,Wanayasa,Kabupaten Banjarnegara,buffer,desa
33.04.17.2009,Wanayasa,Wanayasa,Kabupaten Banjarnegara,buffer,desa
33.04.17.2010,Pesantren,Wanayasa,Kabupaten Banjarnegara,buffer,desa
33.04.17.2011,Balun,Wanayasa,Kabupaten Banjarnegara,buffer,desa
33.04.17.2012,Tempuran,Wanayasa,Kabupaten Banjarnegara,buffer,desa
33.04.17.2013,Wanaraja,Wanayasa,Kabupaten Banjarnegara,buffer,desa
33.04.17.2014,Jatilawang,Wanayasa,Kabupaten Banjarnegara,buffer,desa
33.04.17.2015,Legoksayem,Wanayasa,Kabupaten Banjarnegara,buffer,desa
33.04.17.2016,Kasimpar,Wanayasa,Kabupaten Banjarnegara,buffer,desa
33.04.17.2017,Penanggungan,Wanayasa,Kabupaten Banjarnegara,buffer,desa
33.04.18.2001,Kalibening,Kalibening,Kabupaten Banjarnegara,buffer,desa
33.04.18.2002,Asinan,Kalibening,Kabupaten Banjarnegara,buffer,desa
33.04.18.2003,Sembawa,Kalibening,Kabupaten Banjarnegara,buffer,desa
33.04.18.2004,Kalibombong,Kalibening,Kabupaten Banjarnegara,buffer,desa
33.04.18.2005,Majatengah,Kalibening,Kabupaten Banjarnegara,buffer,desa
33.04.18.2006,Kalisat Kidul,Kalibening,Kabupaten Banjarnegara,buffer,desa
33.04.18.2007,Sirukem,Kalibening,Kabupaten Banjarnegara,buffer,desa
33.04.18.2008,Kertosari,Kalibening,Kabupaten Banjarnegara,buffer,desa
33.04.18.2009,Sidakangen,Kalibening,Kabupaten Banjarnegara,buffer,desa
33.04.18.2010,Sikumpul,Kalibening,Kabupaten Banjarnegara,buffer,desa
33.04.18.2011,Gununglangit,Kalibening,Kabupaten Banjarnegara,buffer,desa
33.04.18.2012,Bedana,Kalibening,Kabupaten Banjarnegara,buffer,desa
33.04.18.2013,Sirukun,Kalibening,Kabupaten Banjarnegara,buffer,desa
33.04.18.2014,Karanganyar,Kalibening,Kabupaten Banjarnegara,buffer,desa
33.04.18.2015,Plorengan,Kalibening,Kabupaten Banjarnegara,buffer,desa
33.04.18.2016,Kasinoman,Kalibening,Kabupaten Banjarnegara,buffer,desa
33.04.19.2001,Pandanarum,Pandanarum,Kabupaten Banjarnegara,buffer,desa
33.04.19.2002,Sinduaji,Pandanarum,Kabupaten Banjarnegara,buffer,desa
33.04.19.2003,Pasegeran,Pandanarum,Kabupaten Banjarnegara,buffer,desa
33.04.19.2004,Pingit Lor,Pandanarum,Kabupaten Banjarnegara,buffer,desa
33.04.19.2005,Lawen,Pandanarum,Kabupaten Banjarnegara,buffer,desa
33.04.19.2006,Sirongge,Pandanarum,Kabupaten Banjarnegara,buffer,desa
33.04.19.2007,Pringamba,Pandanarum,Kabupaten Banjarnegara,buffer,desa
33.04.19.2008,Beji,Pandanarum,Kabupaten Banjarnegara,buffer,desa
33.04.20.2001,Pagedongan,Pagedongan,Kabupaten Banjarnegara,buffer,desa
33.04.20.2002,Gunungjati,Pagedongan,Kabupaten Banjarnegara,buffer,desa
33.04.20.2003,Twelagiri,Pagedongan,Kabupaten Banjarnegara,buffer,desa
33.04.20.2004,Kebutuhduwur,Pagedongan,Kabupaten Banjarnegara,buffer,desa
33.04.20.2005,Kebutuhjurang,Pagedongan,Kabupaten Banjarnegara,buffer,desa
33.04.20.2006,Pesangkalan,Pagedongan,Kabupaten Banjarnegara,buffer,desa
33.04.20.2007,Duren,Pagedongan,Kabupaten Banjarnegara,buffer,desa
33.04.20.2008,Lebakwangi,Pagedongan,Kabupaten Banjarnegara,buffer,desa
33.04.20.2009,Gentansari,Pagedongan,Kabupaten Banjarnegara,buffer,desa
33.05.01.2001,Argopeni,Ayah,Kabupaten Kebumen,buffer,desa
33.05.01.2002,Karangduwur,Ayah,Kabupaten Kebumen,buffer,desa
33.05.01.2003,Srati,Ayah,Kabupaten Kebumen,buffer,desa
33.05.01.2004,Pasir,Ayah,Kabupaten Kebumen,buffer,desa
33.05.01.2005,Jintung,Ayah,Kabupaten Kebumen,buffer,desa
33.05.01.2006,Banjararjo,Ayah,Kabupaten Kebumen,buffer,desa
33.05.01.2007,Argosari,Ayah,Kabupaten Kebumen,buffer,desa
33.05.01.2008,Watukelir,Ayah,Kabupaten Kebumen,buffer,desa
33.05.01.2009,Kalibangkang,Ayah,Kabupaten Kebumen,buffer,desa
33.05.01.2010,Tlogosari,Ayah,Kabupaten Kebumen,buffer,desa
33.05.01.2011,Kalipoh,Ayah,Kabupaten Kebumen,buffer,desa
33.05.01.2012,Ayah,Ayah,Kabupaten Kebumen,buffer,desa
33.05.01.2013,Candirenggo,Ayah,Kabupaten Kebumen,buffer,desa
33.05.01.2014,Mangunweni,Ayah,Kabupaten Kebumen,buffer,desa
33.05.01.2015,Jatijajar,Ayah,Kabupaten Kebumen,buffer,desa
33.05.01.2016,Demangsari,Ayah,Kabupaten Kebumen,buffer,desa
33.05.01.2017,Bulurejo,Ayah,Kabupaten Kebumen,buffer,desa
33.05.01.2018,Kedungweru,Ayah,Kabupaten Kebumen,buffer,desa
33.05.02.2001,Karangbolong,Buayan,Kabupaten Kebumen,buffer,desa
33.05.02.2002,Jladri,Buayan,Kabupaten Kebumen,buffer,desa
33.05.02.2003,Adiwarno,Buayan,Kabupaten Kebumen,buffer,desa
33.05.02.2004,Rangkah,Buayan,Kabupaten Kebumen,buffer,desa
33.05.02.2005,Wonodadi,Buayan,Kabupaten Kebumen,buffer,desa
33.05.02.2006,Geblug,Buayan,Kabupaten Kebumen,buffer,desa
33.05.02.2007,Rogodadi,Buayan,Kabupaten Kebumen,buffer,desa
33.05.02.2008,Pakuran,Buayan,Kabupaten Kebumen,buffer,desa
33.05.02.2009,Buayan,Buayan,Kabupaten Kebumen,buffer,desa
33.05.02.2010,Sikayu,Buayan,Kabupaten Kebumen,buffer,desa
33.05.02.2011,Karangsari,Buayan,Kabupaten Kebumen,buffer,desa
33.05.02.2012,Rogodono,Buayan,Kabupaten Kebumen,buffer,desa
33.05.02.2013,Banyumudal,Buayan,Kabupaten Kebumen,buffer,desa
33.05.02.2014,Tugu,Buayan,Kabupaten Kebumen,buffer,desa
33.05.02.2015,Nogoraji,Buayan,Kabupaten Kebumen,buffer,desa
33.05.02.2016,Mergosono,Buayan,Kabupaten Kebumen,buffer,desa
33.05.02.2017,Semampir,Buayan,Kabupaten Kebumen,buffer,desa
33.05.02.2018,Jogomulyo,Buayan,Kabupaten Kebumen,buffer,desa
33.05.02.2019,Purbowangi,Buayan,Kabupaten Kebumen,buffer,desa
33.05.02.2020,Jatiroto,Buayan,Kabupaten Kebumen,buffer,desa
33.05.03.2001,Tambakmulyo,Puring,Kabupaten Kebumen,buffer,desa
33.05.03.2002,Surorejan,Puring,Kabupaten Kebumen,buffer,desa
33.05.03.2003,Waluyorejo,Puring,Kabupaten Kebumen,buffer,desa
33.05.03.2004,Sidoharjo,Puring,Kabupaten Kebumen,buffer,desa
33.05.03.2005,Puliharjo,Puring,Kabupaten Kebumen,buffer,desa
33.05.03.2006,Purwosari,Puring,Kabupaten Kebumen,buffer,desa
33.05.03.2007,Arjowinangun,Puring,Kabupaten Kebumen,buffer,desa
33.05.03.2008,Krandegan,Puring,Kabupaten Kebumen,buffer,desa
33.05.03.2009,Kaleng,Puring,Kabupaten Kebumen,buffer,desa
33.05.03.2010,Tukinggedong,Puring,Kabupaten Kebumen,buffer,desa
33.05.03.2011,Purwoharjo,Puring,Kabupaten Kebumen,buffer,desa
33.05.03.2012,Banjarejo,Puring,Kabupaten Kebumen,buffer,desa
33.05.03.2013,Wetonkulon,Puring,Kabupaten Kebumen,buffer,desa
33.05.03.2014,Pesuruhan,Puring,Kabupaten Kebumen,buffer,desa
33.05.03.2015,Wetonwetan,Puring,Kabupaten Kebumen,buffer,desa
33.05.03.2016,Kedalemankulon,Puring,Kabupaten Kebumen,buffer,desa
33.05.03.2017,Kedalemanwetan,Puring,Kabupaten Kebumen,buffer,desa
33.05.03.2018,Srusuhjurutengah,Puring,Kabupaten Kebumen,buffer,desa
33.05.03.2019,Sitiadi,Puring,Kabupaten Kebumen,buffer,desa
33.05.03.2020,Bumirejo,Puring,Kabupaten Kebumen,buffer,desa
33.05.03.2021,Madurejo,Puring,Kabupaten Kebumen,buffer,desa
33.05.03.2022,Sidobunder,Puring,Kabupaten Kebumen,buffer,desa
33.05.03.2023,Sidodadi,Puring,Kabupaten Kebumen,buffer,desa
33.05.04.2001,Karangrejo,Petanahan,Kabupaten Kebumen,buffer,desa
33.05.04.2002,Karanggadung,Petanahan,Kabupaten Kebumen,buffer,desa
33.05.04.2003,Tegalretno,Petanahan,Kabupaten Kebumen,buffer,desa
33.05.04.2004,Ampelsari,Petanahan,Kabupaten Kebumen,buffer,desa
33.05.04.2005,Munggu,Petanahan,Kabupaten Kebumen,buffer,desa
33.05.04.2006,Kewangunan,Petanahan,Kabupaten Kebumen,buffer,desa
33.05.04.2007,Karangduwur,Petanahan,Kabupaten Kebumen,buffer,desa
33.05.04.2008,Petanahan,Petanahan,Kabupaten Kebumen,buffer,desa
33.05.04.2009,Kebonsari,Petanahan,Kabupaten Kebumen,buffer,desa
33.05.04.2010,Grogolpenatus,Petanahan,Kabupaten Kebumen,buffer,desa
33.05.04.2011,Grogolbeningsari,Petanahan,Kabupaten Kebumen,buffer,desa
33.05.04.2012,Jogomertan,Petanahan,Kabupaten Kebumen,buffer,desa
33.05.04.2013,Tanjungsari,Petanahan,Kabupaten Kebumen,buffer,desa
33.05.04.2014,Sidomulyo,Petanahan,Kabupaten Kebumen,buffer,desa
33.05.04.2015,Grujugan,Petanahan,Kabupaten Kebumen,buffer,desa
33.05.04.2016,Kritig,Petanahan,Kabupaten Kebumen,buffer,desa
33.05.04.2017,Nampudadi,Petanahan,Kabupaten Kebumen,buffer,desa
33.05.04.2018,Tresnorejo,Petanahan,Kabupaten Kebumen,buffer,desa
33.05.04.2019,Podourip,Petanahan,Kabupaten Kebumen,buffer,desa
33.05.04.2020,Jatimulyo,Petanahan,Kabupaten Kebumen,buffer,desa
33.05.04.2021,Banjarwinangun,Petanahan,Kabupaten Kebumen,buffer,desa
33.05.05.2001,Jogosimo,Klirong,Kabupaten Kebumen,buffer,desa
33.05.05.2002,Tanggulangin,Klirong,Kabupaten Kebumen,buffer,desa
33.05.05.2003,Pandanlor,Klirong,Kabupaten Kebumen,buffer,desa
33.05.05.2004,Tambakprogaten,Klirong,Kabupaten Kebumen,buffer,desa
33.05.05.2005,Gebangsari,Klirong,Kabupaten Kebumen,buffer,desa
33.05.05.2006,Klegenrejo,Klirong,Kabupaten Kebumen,buffer,desa
33.05.05.2007,Bendogarap,Klirong,Kabupaten Kebumen,buffer,desa
33.05.05.2008,Kedungsari,Klirong,Kabupaten Kebumen,buffer,desa
33.05.05.2009,Jerukagung,Klirong,Kabupaten Kebumen,buffer,desa
33.05.05.2010,Klegenwonosari,Klirong,Kabupaten Kebumen,buffer,desa
33.05.05.2011,Klirong,Klirong,Kabupaten Kebumen,buffer,desa
33.05.05.2012,Kaliwungu,Klirong,Kabupaten Kebumen,buffer,desa
33.05.05.2013,Jatimalang,Klirong,Kabupaten Kebumen,buffer,desa
33.05.05.2014,Karangglonggong,Klirong,Kabupaten Kebumen,buffer,desa
33.05.05.2015,Ranterejo,Klirong,Kabupaten Kebumen,buffer,desa
33.05.05.2016,Wotbuwono,Klirong,Kabupaten Kebumen,buffer,desa
33.05.05.2017,Tambakagung,Klirong,Kabupaten Kebumen,buffer,desa
33.05.05.2018,Sitirejo,Klirong,Kabupaten Kebumen,buffer,desa
33.05.05.2019,Gadungrejo,Klirong,Kabupaten Kebumen,buffer,desa
33.05.05.2020,Dorowati,Klirong,Kabupaten Kebumen,buffer,desa
33.05.05.2021,Bumiharjo,Klirong,Kabupaten Kebumen,buffer,desa
33.05.05.2022,Kebadongan,Klirong,Kabupaten Kebumen,buffer,desa
33.05.05.2023,Podoluhur,Klirong,Kabupaten Kebumen,buffer,desa
33.05.05.2024,Kedungwinangun,Klirong,Kabupaten Kebumen,buffer,desa
33.05.06.2001,Ayamputih,Buluspesantren,Kabupaten Kebumen,buffer,desa
33.05.06.2002,Setrojenar,Buluspesantren,Kabupaten Kebumen,buffer,desa
33.05.06.2003,Brecong,Buluspesantren,Kabupaten Kebumen,buffer,desa
33.05.06.2004,Banjurpasar,Buluspesantren,Kabupaten Kebumen,buffer,desa
33.05.06.2005,Indrosari,Buluspesantren,Kabupaten Kebumen,buffer,desa
33.05.06.2006,Buluspesantren,Buluspesantren,Kabupaten Kebumen,buffer,desa
33.05.06.2007,Banjurmukadan,Buluspesantren,Kabupaten Kebumen,buffer,desa
33.05.06.2008,Waluyo,Buluspesantren,Kabupaten Kebumen,buffer,desa
33.05.06.2009,Bocor,Buluspesantren,Kabupaten Kebumen,buffer,desa
33.05.06.2010,Maduretno,Buluspesantren,Kabupaten Kebumen,buffer,desa
33.05.06.2011,Ambalkumolo,Buluspesantren,Kabupaten Kebumen,buffer,desa
33.05.06.2012,Rantewringin,Buluspesantren,Kabupaten Kebumen,buffer,desa
33.05.06.2013,Tambakrejo,Buluspesantren,Kabupaten Kebumen,buffer,desa
33.05.06.2014,Sangubanyu,Buluspesantren,Kabupaten Kebumen,buffer,desa
33.05.06.2015,Arjowinangun,Buluspesantren,Kabupaten Kebumen,buffer,desa
33.05.06.2016,Ampih,Buluspesantren,Kabupaten Kebumen,buffer,desa
33.05.06.2017,Jogopaten,Buluspesantren,Kabupaten Kebumen,buffer,desa
33.05.06.2018,Klapasawit,Buluspesantren,Kabupaten Kebumen,buffer,desa
33.05.06.2019,Sidomoro,Buluspesantren,Kabupaten Kebumen,buffer,desa
33.05.06.2020,Tanjungrejo,Buluspesantren,Kabupaten Kebumen,buffer,desa
33.05.06.2021,Tanjungsari,Buluspesantren,Kabupaten Kebumen,buffer,desa
33.05.07.2001,Entak,Ambal,Kabupaten Kebumen,buffer,desa
33.05.07.2002,Plempukankembaran,Ambal,Kabupaten Kebumen,buffer,desa
33.05.07.2003,Kenoyojayan,Ambal,Kabupaten Kebumen,buffer,desa
33.05.07.2004,Ambalresmi,Ambal,Kabupaten Kebumen,buffer,desa
33.05.07.2005,Kaibonpetangkuran,Ambal,Kabupaten Kebumen,buffer,desa
33.05.07.2006,Kaibon,Ambal,Kabupaten Kebumen,buffer,desa
33.05.07.2007,Sumberjati,Ambal,Kabupaten Kebumen,buffer,desa
33.05.07.2008,Blengorwetan,Ambal,Kabupaten Kebumen,buffer,desa
33.05.07.2009,Blengorkulon,Ambal,Kabupaten Kebumen,buffer,desa
33.05.07.2010,Benerwetan,Ambal,Kabupaten Kebumen,buffer,desa
33.05.07.2011,Benerkulon,Ambal,Kabupaten Kebumen,buffer,desa
33.05.07.2012,Ambalkliwonan,Ambal,Kabupaten Kebumen,buffer,desa
33.05.07.2013,Pasarsenen,Ambal,Kabupaten Kebumen,buffer,desa
33.05.07.2014,Pucangan,Ambal,Kabupaten Kebumen,buffer,desa
33.05.07.2015,Ambalkebrek,Ambal,Kabupaten Kebumen,buffer,desa
33.05.07.2016,Gondanglegi,Ambal,Kabupaten Kebumen,buffer,desa
33.05.07.2017,Banjarsari,Ambal,Kabupaten Kebumen,buffer,desa
33.05.07.2018,Lajer,Ambal,Kabupaten Kebumen,buffer,desa
33.05.07.2019,Singosari,Ambal,Kabupaten Kebumen,buffer,desa
33.05.07.2020,Sidoluhur,Ambal,Kabupaten Kebumen,buffer,desa
33.05.07.2021,Sinungrejo,Ambal,Kabupaten Kebumen,buffer,desa
33.05.07.2022,Ambarwinangun,Ambal,Kabupaten Kebumen,buffer,desa
33.05.07.2023,Peneket,Ambal,Kabupaten Kebumen,buffer,desa
33.05.07.2024,Sidorejo,Ambal,Kabupaten Kebumen,buffer,desa
33.05.07.2025,Sidomulyo,Ambal,Kabupaten Kebumen,buffer,desa
33.05.07.2026,Sidomukti,Ambal,Kabupaten Kebumen,buffer,desa
33.05.07.2027,Prasutan,Ambal,Kabupaten Kebumen,buffer,desa
33.05.07.2028,Kradenan,Ambal,Kabupaten Kebumen,buffer,desa
33.05.07.2029,Pagedangan,Ambal,Kabupaten Kebumen,buffer,desa
33.05.07.2030,Surobayan,Ambal,Kabupaten Kebumen,buffer,desa
33.05.07.2031,Dukuhrejosari,Ambal,Kabupaten Kebumen,buffer,desa
33.05.07.2032,Kembangsawit,Ambal,Kabupaten Kebumen,buffer,desa
33.05.08.2001,Miritpetikusan,Mirit,Kabupaten Kebumen,buffer,desa
33.05.08.2002,Tlogodepok,Mirit,Kabupaten Kebumen,buffer,desa
33.05.08.2003,Mirit,Mirit,Kabupaten Kebumen,buffer,desa
33.05.08.2004,Tlogopragoto,Mirit,Kabupaten Kebumen,buffer,desa
33.05.08.2005,Lembupurwo,Mirit,Kabupaten Kebumen,buffer,desa
33.05.08.2006,Wiromartan,Mirit,Kabupaten Kebumen,buffer,desa
33.05.08.2007,Rowo,Mirit,Kabupaten Kebumen,buffer,desa
33.05.08.2008,Singoyudan,Mirit,Kabupaten Kebumen,buffer,desa
33.05.08.2009,Wergonayan,Mirit,Kabupaten Kebumen,buffer,desa
33.05.08.2010,Selotumpeng,Mirit,Kabupaten Kebumen,buffer,desa
33.05.08.2011,Sitibentar,Mirit,Kabupaten Kebumen,buffer,desa
33.05.08.2012,Karanggede,Mirit,Kabupaten Kebumen,buffer,desa
33.05.08.2013,Kertodeso,Mirit,Kabupaten Kebumen,buffer,desa
33.05.08.2014,Patukrejomulyo,Mirit,Kabupaten Kebumen,buffer,desa
33.05.08.2015,Patukgawemulyo,Mirit,Kabupaten Kebumen,buffer,desa
33.05.08.2016,Mangunranan,Mirit,Kabupaten Kebumen,buffer,desa
33.05.08.2017,Pekutan,Mirit,Kabupaten Kebumen,buffer,desa
33.05.08.2018,Wirogaten,Mirit,Kabupaten Kebumen,buffer,desa
33.05.08.2019,Winong,Mirit,Kabupaten Kebumen,buffer,desa
33.05.08.2020,Ngabean,Mirit,Kabupaten Kebumen,buffer,desa
33.05.08.2021,Sarwogadung,Mirit,Kabupaten Kebumen,buffer,desa
33.05.08.2022,Krubungan,Mirit,Kabupaten Kebumen,buffer,desa
33.05.09.2001,Tersobo,Prembun,Kabupaten Kebumen,buffer,desa
33.05.09.2002,Prembun,Prembun,Kabupaten Kebumen,buffer,desa
33.05.09.2003,Kabekelan,Prembun,Kabupaten Kebumen,buffer,desa
33.05.09.2004,Tunggalroso,Prembun,Kabupaten Kebumen,buffer,desa
33.05.09.2005,Kedungwaru,Prembun,Kabupaten Kebumen,buffer,desa
33.05.09.2006,Bagung,Prembun,Kabupaten Kebumen,buffer,desa
33.05.09.2007,Sidogede,Prembun,Kabupaten Kebumen,buffer,desa
33.05.09.2008,Sembirkadipaten,Prembun,Kabupaten Kebumen,buffer,desa
33.05.09.2009,Kedungbulus,Prembun,Kabupaten Kebumen,buffer,desa
33.05.09.2010,Mulyosri,Prembun,Kabupaten Kebumen,buffer,desa
33.05.09.2011,Pesuningan,Prembun,Kabupaten Kebumen,buffer,desa
33.05.09.2012,Pecarikan,Prembun,Kabupaten Kebumen,buffer,desa
33.05.09.2013,Kabuaran,Prembun,Kabupaten Kebumen,buffer,desa
33.05.10.2001,Pekunden,Kutowinangun,Kabupaten Kebumen,buffer,desa
33.05.10.2002,Tanjungmeru,Kutowinangun,Kabupaten Kebumen,buffer,desa
33.05.10.2003,Kuwarisan,Kutowinangun,Kabupaten Kebumen,buffer,desa
33.05.10.2004,Kutowinangun,Kutowinangun,Kabupaten Kebumen,buffer,desa
33.05.10.2005,Lundong,Kutowinangun,Kabupaten Kebumen,buffer,desa
33.05.10.2006,Mekarsari,Kutowinangun,Kabupaten Kebumen,buffer,desa
33.05.10.2007,Babadsari,Kutowinangun,Kabupaten Kebumen,buffer,desa
33.05.10.2008,Ungaran,Kutowinangun,Kabupaten Kebumen,buffer,desa
33.05.10.2009,Mrinen,Kutowinangun,Kabupaten Kebumen,buffer,desa
33.05.10.2010,Pejagatan,Kutowinangun,Kabupaten Kebumen,buffer,desa
33.05.10.2011,Triwarno,Kutowinangun,Kabupaten Kebumen,buffer,desa
33.05.10.2012,Korowelang,Kutowinangun,Kabupaten Kebumen,buffer,desa
33.05.10.2013,Jlegiwinangun,Kutowinangun,Kabupaten Kebumen,buffer,desa
33.05.10.2014,Lumbu,Kutowinangun,Kabupaten Kebumen,buffer,desa
33.05.10.2015,Tanjungsari,Kutowinangun,Kabupaten Kebumen,buffer,desa
33.05.10.2016,Kaliputih,Kutowinangun,Kabupaten Kebumen,buffer,desa
33.05.10.2017,Tunjungseto,Kutowinangun,Kabupaten Kebumen,buffer,desa
33.05.10.2018,Pesalakan,Kutowinangun,Kabupaten Kebumen,buffer,desa
33.05.10.2019,Karangsari,Kutowinangun,Kabupaten Kebumen,buffer,desa
33.05.11.2001,Bojongsari,Alian,Kabupaten Kebumen,buffer,desa
33.05.11.2002,Surotrunan,Alian,Kabupaten Kebumen,buffer,desa
33.05.11.2003,Kambangsari,Alian,Kabupaten Kebumen,buffer,desa
33.05.11.2004,Jatimulyo,Alian,Kabupaten Kebumen,buffer,desa
33.05.11.2005,Tanuharjo,Alian,Kabupaten Kebumen,buffer,desa
33.05.11.2006,Karangtanjung,Alian,Kabupaten Kebumen,buffer,desa
33.05.11.2007,Kemangguan,Alian,Kabupaten Kebumen,buffer,desa
33.05.11.2008,Kalijaya,Alian,Kabupaten Kebumen,buffer,desa
33.05.11.2009,Karangkembang,Alian,Kabupaten Kebumen,buffer,desa
33.05.11.2010,Seliling,Alian,Kabupaten Kebumen,buffer,desa
33.05.11.2011,Tlogowulung,Alian,Kabupaten Kebumen,buffer,desa
33.05.11.2012,Kaliputih,Alian,Kabupaten Kebumen,buffer,desa
33.05.11.2013,Wonokromo,Alian,Kabupaten Kebumen,buffer,desa
33.05.11.2014,Sawangan,Alian,Kabupaten Kebumen,buffer,desa
33.05.11.2015,Kalirancang,Alian,Kabupaten Kebumen,buffer,desa
33.05.11.2016,Krakal,Alian,Kabupaten Kebumen,buffer,desa
33.05.12.1010,Selang,Kebumen,Kabupaten Kebumen,buffer,kelurahan
33.05.12.1012,Tamanwinangun,Kebumen,Kabupaten Kebumen,buffer,kelurahan
33.05.12.1013,Panjer,Kebumen,Kabupaten Kebumen,buffer,kelurahan
33.05.12.1024,Kebumen,Kebumen,Kabupaten Kebumen,buffer,kelurahan
33.05.12.1026,Bumirejo,Kebumen,Kabupaten Kebumen,buffer,kelurahan
33.05.12.2001,Muktisari,Kebumen,Kabupaten Kebumen,buffer,desa
33.05.12.2002,Murtirejo,Kebumen,Kabupaten Kebumen,buffer,desa
33.05.12.2003,Depokrejo,Kebumen,Kabupaten Kebumen,buffer,desa
33.05.12.2004,Mengkowo,Kebumen,Kabupaten Kebumen,buffer,desa
33.05.12.2005,Gesikan,Kebumen,Kabupaten Kebumen,buffer,desa
33.05.12.2006,Kalibagor,Kebumen,Kabupaten Kebumen,buffer,desa
33.05.12.2007,Argopeni,Kebumen,Kabupaten Kebumen,buffer,desa
33.05.12.2008,Jatisari,Kebumen,Kabupaten Kebumen,buffer,desa
33.05.12.2009,Kalirejo,Kebumen,Kabupaten Kebumen,buffer,desa
33.05.12.2011,Adikarso,Kebumen,Kabupaten Kebumen,buffer,desa
33.05.12.2014,Kembaran,Kebumen,Kabupaten Kebumen,buffer,desa
33.05.12.2015,Sumberadi,Kebumen,Kabupaten Kebumen,buffer,desa
33.05.12.2016,Wonosari,Kebumen,Kabupaten Kebumen,buffer,desa
33.05.12.2017,Roworejo,Kebumen,Kabupaten Kebumen,buffer,desa
33.05.12.2018,Tanahsari,Kebumen,Kabupaten Kebumen,buffer,desa
33.05.12.2019,Bandung,Kebumen,Kabupaten Kebumen,buffer,desa
33.05.12.2020,Candimulyo,Kebumen,Kabupaten Kebumen,buffer,desa
33.05.12.2021,Kalijirek,Kebumen,Kabupaten Kebumen,buffer,desa
33.05.12.2022,Candiwulan,Kebumen,Kabupaten Kebumen,buffer,desa
33.05.12.2023,Kawedusan,Kebumen,Kabupaten Kebumen,buffer,desa
33.05.12.2025,Kutosari,Kebumen,Kabupaten Kebumen,buffer,desa
33.05.12.2027,Gemeksekti,Kebumen,Kabupaten Kebumen,buffer,desa
33.05.12.2028,Karangsari,Kebumen,Kabupaten Kebumen,buffer,desa
33.05.12.2029,Jemur,Kebumen,Kabupaten Kebumen,buffer,desa
33.05.13.2001,Logede,Pejagoan,Kabupaten Kebumen,buffer,desa
33.05.13.2002,Kuwayuhan,Pejagoan,Kabupaten Kebumen,buffer,desa
33.05.13.2003,Kedawung,Pejagoan,Kabupaten Kebumen,buffer,desa
33.05.13.2004,Pejagoan,Pejagoan,Kabupaten Kebumen,buffer,desa
33.05.13.2005,Kebulusan,Pejagoan,Kabupaten Kebumen,buffer,desa
33.05.13.2006,Aditirto,Pejagoan,Kabupaten Kebumen,buffer,desa
33.05.13.2007,Karangpoh,Pejagoan,Kabupaten Kebumen,buffer,desa
33.05.13.2008,Jemur,Pejagoan,Kabupaten Kebumen,buffer,desa
33.05.13.2009,Prigi,Pejagoan,Kabupaten Kebumen,buffer,desa
33.05.13.2010,Kebagoran,Pejagoan,Kabupaten Kebumen,buffer,desa
33.05.13.2011,Pengaringan,Pejagoan,Kabupaten Kebumen,buffer,desa
33.05.13.2012,Peniron,Pejagoan,Kabupaten Kebumen,buffer,desa
33.05.13.2013,Watulawang,Pejagoan,Kabupaten Kebumen,buffer,desa
33.05.14.2001,Menganti,Sruweng,Kabupaten Kebumen,buffer,desa
33.05.14.2002,Trikarso,Sruweng,Kabupaten Kebumen,buffer,desa
33.05.14.2003,Sidoharjo,Sruweng,Kabupaten Kebumen,buffer,desa
33.05.14.2004,Giwangretno,Sruweng,Kabupaten Kebumen,buffer,desa
33.05.14.2005,Jabres,Sruweng,Kabupaten Kebumen,buffer,desa
33.05.14.2006,Sruweng,Sruweng,Kabupaten Kebumen,buffer,desa
33.05.14.2007,Karanggedang,Sruweng,Kabupaten Kebumen,buffer,desa
33.05.14.2008,Purwodeso,Sruweng,Kabupaten Kebumen,buffer,desa
33.05.14.2009,Klepusanggar,Sruweng,Kabupaten Kebumen,buffer,desa
33.05.14.2010,Tanggeran,Sruweng,Kabupaten Kebumen,buffer,desa
33.05.14.2011,Karangsari,Sruweng,Kabupaten Kebumen,buffer,desa
33.05.14.2012,Karangpule,Sruweng,Kabupaten Kebumen,buffer,desa
33.05.14.2013,Pakuran,Sruweng,Kabupaten Kebumen,buffer,desa
33.05.14.2014,Pengempon,Sruweng,Kabupaten Kebumen,buffer,desa
33.05.14.2015,Kejawang,Sruweng,Kabupaten Kebumen,buffer,desa
33.05.14.2016,Karangjambu,Sruweng,Kabupaten Kebumen,buffer,desa
33.05.14.2017,Sidoagung,Sruweng,Kabupaten Kebumen,buffer,desa
33.05.14.2018,Penusupan,Sruweng,Kabupaten Kebumen,buffer,desa
33.05.14.2019,Donosari,Sruweng,Kabupaten Kebumen,buffer,desa
33.05.14.2020,Pandansari,Sruweng,Kabupaten Kebumen,buffer,desa
33.05.14.2021,Condongcampur,Sruweng,Kabupaten Kebumen,buffer,desa
33.05.15.2001,Sugihwaras,Adimulyo,Kabupaten Kebumen,buffer,desa
33.05.15.2002,Tambaharjo,Adimulyo,Kabupaten Kebumen,buffer,desa
33.05.15.2003,Tepakyang,Adimulyo,Kabupaten Kebumen,buffer,desa
33.05.15.2004,Sidomulyo,Adimulyo,Kabupaten Kebumen,buffer,desa
33.05.15.2005,Wajasari,Adimulyo,Kabupaten Kebumen,buffer,desa
33.05.15.2006,Candiwulan,Adimulyo,Kabupaten Kebumen,buffer,desa
33.05.15.2007,Adikarto,Adimulyo,Kabupaten Kebumen,buffer,desa
33.05.15.2008,Adimulyo,Adimulyo,Kabupaten Kebumen,buffer,desa
33.05.15.2009,Temanggal,Adimulyo,Kabupaten Kebumen,buffer,desa
33.05.15.2010,Joho,Adimulyo,Kabupaten Kebumen,buffer,desa
33.05.15.2011,Adiluhur,Adimulyo,Kabupaten Kebumen,buffer,desa
33.05.15.2012,Tegalsari,Adimulyo,Kabupaten Kebumen,buffer,desa
33.05.15.2013,Sekarteja,Adimulyo,Kabupaten Kebumen,buffer,desa
33.05.15.2014,Kemujan,Adimulyo,Kabupaten Kebumen,buffer,desa
33.05.15.2015,Mangunharjo,Adimulyo,Kabupaten Kebumen,buffer,desa
33.05.15.2016,Banyurata,Adimulyo,Kabupaten Kebumen,buffer,desa
33.05.15.2017,Meles,Adimulyo,Kabupaten Kebumen,buffer,desa
33.05.15.2018,Caruban,Adimulyo,Kabupaten Kebumen,buffer,desa
33.05.15.2019,Bonjok,Adimulyo,Kabupaten Kebumen,buffer,desa
33.05.15.2020,Arjomulyo,Adimulyo,Kabupaten Kebumen,buffer,desa
33.05.15.2021,Arjosari,Adimulyo,Kabupaten Kebumen,buffer,desa
33.05.15.2022,Pekuwon,Adimulyo,Kabupaten Kebumen,buffer,desa
33.05.15.2023,Sidomukti,Adimulyo,Kabupaten Kebumen,buffer,desa
33.05.16.2001,Kamulyan,Kuwarasan,Kabupaten Kebumen,buffer,desa
33.05.16.2002,Sidomukti,Kuwarasan,Kabupaten Kebumen,buffer,desa
33.05.16.2003,Tambaksari,Kuwarasan,Kabupaten Kebumen,buffer,desa
33.05.16.2004,Kalipurwo,Kuwarasan,Kabupaten Kebumen,buffer,desa
33.05.16.2005,Purwodadi,Kuwarasan,Kabupaten Kebumen,buffer,desa
33.05.16.2006,Pondokgebangsari,Kuwarasan,Kabupaten Kebumen,buffer,desa
33.05.16.2007,Kuwarasan,Kuwarasan,Kabupaten Kebumen,buffer,desa
33.05.16.2008,Harjodowo,Kuwarasan,Kabupaten Kebumen,buffer,desa
33.05.16.2009,Lemahduwur,Kuwarasan,Kabupaten Kebumen,buffer,desa
33.05.16.2010,Madureso,Kuwarasan,Kabupaten Kebumen,buffer,desa
33.05.16.2011,Mangli,Kuwarasan,Kabupaten Kebumen,buffer,desa
33.05.16.2012,Gandusari,Kuwarasan,Kabupaten Kebumen,buffer,desa
33.05.16.2013,Ori,Kuwarasan,Kabupaten Kebumen,buffer,desa
33.05.16.2014,Serut,Kuwarasan,Kabupaten Kebumen,buffer,desa
33.05.16.2015,Banjareja,Kuwarasan,Kabupaten Kebumen,buffer,desa
33.05.16.2016,Gumawang,Kuwarasan,Kabupaten Kebumen,buffer,desa
33.05.16.2017,Wonoyoso,Kuwarasan,Kabupaten Kebumen,buffer,desa
33.05.16.2018,Gunungmujil,Kuwarasan,Kabupaten Kebumen,buffer,desa
33.05.16.2019,Kuwaru,Kuwarasan,Kabupaten Kebumen,buffer,desa
33.05.16.2020,Bendungan,Kuwarasan,Kabupaten Kebumen,buffer,desa
33.05.16.2021,Jatimulyo,Kuwarasan,Kabupaten Kebumen,buffer,desa
33.05.16.2022,Sawangan,Kuwarasan,Kabupaten Kebumen,buffer,desa
33.05.17.2001,Redisari,Rowokele,Kabupaten Kebumen,buffer,desa
33.05.17.2002,Kalisari,Rowokele,Kabupaten Kebumen,buffer,desa
33.05.17.2003,Pringtutul,Rowokele,Kabupaten Kebumen,buffer,desa
33.05.17.2004,Rowokele,Rowokele,Kabupaten Kebumen,buffer,desa
33.05.17.2005,Bumiagung,Rowokele,Kabupaten Kebumen,buffer,desa
33.05.17.2006,Jatiluhur,Rowokele,Kabupaten Kebumen,buffer,desa
33.05.17.2007,Kretek,Rowokele,Kabupaten Kebumen,buffer,desa
33.05.17.2008,Sukomulyo,Rowokele,Kabupaten Kebumen,buffer,desa
33.05.17.2009,Giyanti,Rowokele,Kabupaten Kebumen,buffer,desa
33.05.17.2010,Wonoharjo,Rowokele,Kabupaten Kebumen,buffer,desa
33.05.17.2011,Wagirpandan,Rowokele,Kabupaten Kebumen,buffer,desa
33.05.18.2001,Sidoharum,Sempor,Kabupaten Kebumen,buffer,desa
33.05.18.2002,Selokerto,Sempor,Kabupaten Kebumen,buffer,desa
33.05.18.2003,Kalibeji,Sempor,Kabupaten Kebumen,buffer,desa
33.05.18.2004,Jatinegara,Sempor,Kabupaten Kebumen,buffer,desa
33.05.18.2005,Bejiruyung,Sempor,Kabupaten Kebumen,buffer,desa
33.05.18.2006,Pekuncen,Sempor,Kabupaten Kebumen,buffer,desa
33.05.18.2007,Kedungjati,Sempor,Kabupaten Kebumen,buffer,desa
33.05.18.2008,Semali,Sempor,Kabupaten Kebumen,buffer,desa
33.05.18.2009,Bonosari,Sempor,Kabupaten Kebumen,buffer,desa
33.05.18.2010,Sempor,Sempor,Kabupaten Kebumen,buffer,desa
33.05.18.2011,Tunjungseto,Sempor,Kabupaten Kebumen,buffer,desa
33.05.18.2012,Sampang,Sempor,Kabupaten Kebumen,buffer,desa
33.05.18.2013,Donorojo,Sempor,Kabupaten Kebumen,buffer,desa
33.05.18.2014,Kedungwringin,Sempor,Kabupaten Kebumen,buffer,desa
33.05.18.2015,Kenteng,Sempor,Kabupaten Kebumen,buffer,desa
33.05.18.2016,Somagede,Sempor,Kabupaten Kebumen,buffer,desa
33.05.19.1008,Gombong,Gombong,Kabupaten Kebumen,buffer,kelurahan
33.05.19.1009,Wonokriyo,Gombong,Kabupaten Kebumen,buffer,kelurahan
33.05.19.2001,Kalitengah,Gombong,Kabupaten Kebumen,buffer,desa
33.05.19.2002,Kemukus,Gombong,Kabupaten Kebumen,buffer,desa
33.05.19.2003,Banjarsari,Gombong,Kabupaten Kebumen,buffer,desa
33.05.19.2004,Panjangsari,Gombong,Kabupaten Kebumen,buffer,desa
33.05.19.2005,Patemon,Gombong,Kabupaten Kebumen,buffer,desa
33.05.19.2006,Kedungpuji,Gombong,Kabupaten Kebumen,buffer,desa
33.05.19.2007,Wero,Gombong,Kabupaten Kebumen,buffer,desa
33.05.19.2010,Semondo,Gombong,Kabupaten Kebumen,buffer,desa
33.05.19.2011,Semanding,Gombong,Kabupaten Kebumen,buffer,desa
33.05.19.2012,Sidayu,Gombong,Kabupaten Kebumen,buffer,desa
33.05.19.2013,Wonosigro,Gombong,Kabupaten Kebumen,buffer,desa
33.05.19.2014,Klopogodo,Gombong,Kabupaten Kebumen,buffer,desa
33.05.20.1002,Panjatan,Karanganyar,Kabupaten Kebumen,buffer,kelurahan
33.05.20.1003,Karanganyar,Karanganyar,Kabupaten Kebumen,buffer,kelurahan
33.05.20.1004,Jatiluhur,Karanganyar,Kabupaten Kebumen,buffer,kelurahan
33.05.20.1007,Plarangan,Karanganyar,Kabupaten Kebumen,buffer,kelurahan
33.05.20.2001,Sidomulyo,Karanganyar,Kabupaten Kebumen,buffer,desa
33.05.20.2005,Candi,Karanganyar,Kabupaten Kebumen,buffer,desa
33.05.20.2006,Giripurno,Karanganyar,Kabupaten Kebumen,buffer,desa
33.05.20.2008,Karangkemiri,Karanganyar,Kabupaten Kebumen,buffer,desa
33.05.20.2009,Wonorejo,Karanganyar,Kabupaten Kebumen,buffer,desa
33.05.20.2010,Grenggeng,Karanganyar,Kabupaten Kebumen,buffer,desa
33.05.20.2011,Pohkumbang,Karanganyar,Kabupaten Kebumen,buffer,desa
33.05.21.2001,Karanggayam,Karanggayam,Kabupaten Kebumen,buffer,desa
33.05.21.2002,Kajoran,Karanggayam,Kabupaten Kebumen,buffer,desa
33.05.21.2003,Karangtengah,Karanggayam,Kabupaten Kebumen,buffer,desa
33.05.21.2004,Karangmojo,Karanggayam,Kabupaten Kebumen,buffer,desa
33.05.21.2005,Penimbun,Karanggayam,Kabupaten Kebumen,buffer,desa
33.05.21.2006,Kalirejo,Karanggayam,Kabupaten Kebumen,buffer,desa
33.05.21.2007,Pagebangan,Karanggayam,Kabupaten Kebumen,buffer,desa
33.05.21.2008,Clapar,Karanggayam,Kabupaten Kebumen,buffer,desa
33.05.21.2009,Logandu,Karanggayam,Kabupaten Kebumen,buffer,desa
33.05.21.2010,Kebakalan,Karanggayam,Kabupaten Kebumen,buffer,desa
33.05.21.2011,Karangrejo,Karanggayam,Kabupaten Kebumen,buffer,desa
33.05.21.2012,Wonotirto,Karanggayam,Kabupaten Kebumen,buffer,desa
33.05.21.2013,Kalibening,Karanggayam,Kabupaten Kebumen,buffer,desa
33.05.21.2014,Gunungsari,Karanggayam,Kabupaten Kebumen,buffer,desa
33.05.21.2015,Ginandong,Karanggayam,Kabupaten Kebumen,buffer,desa
33.05.21.2016,Binangun,Karanggayam,Kabupaten Kebumen,buffer,desa
33.05.21.2017,Glontor,Karanggayam,Kabupaten Kebumen,buffer,desa
33.05.21.2018,Selogiri,Karanggayam,Kabupaten Kebumen,buffer,desa
33.05.21.2019,Giritirto,Karanggayam,Kabupaten Kebumen,buffer,desa
33.05.22.2001,Pucangan,Sadang,Kabupaten Kebumen,buffer,desa
33.05.22.2002,Seboro,Sadang,Kabupaten Kebumen,buffer,desa
33.05.22.2003,Wonosari,Sadang,Kabupaten Kebumen,buffer,desa
33.05.22.2004,Sadangkulon,Sadang,Kabupaten Kebumen,buffer,desa
33.05.22.2005,Cangkring,Sadang,Kabupaten Kebumen,buffer,desa
33.05.22.2006,Sadangwetan,Sadang,Kabupaten Kebumen,buffer,desa
33.05.22.2007,Kedunggong,Sadang,Kabupaten Kebumen,buffer,desa
33.05.23.2001,Patukrejo,Bonorowo,Kabupaten Kebumen,buffer,desa
33.05.23.2002,Ngasinan,Bonorowo,Kabupaten Kebumen,buffer,desa
33.05.23.2003,Pujodadi,Bonorowo,Kabupaten Kebumen,buffer,desa
33.05.23.2004,Balorejo,Bonorowo,Kabupaten Kebumen,buffer,desa
33.05.23.2005,Rowosari,Bonorowo,Kabupaten Kebumen,buffer,desa
33.05.23.2006,Tlogorejo,Bonorowo,Kabupaten Kebumen,buffer,desa
33.05.23.2007,Bonorowo,Bonorowo,Kabupaten Kebumen,buffer,desa
33.05.23.2008,Sirnoboyo,Bonorowo,Kabupaten Kebumen,buffer,desa
33.05.23.2009,Bonjokkidul,Bonorowo,Kabupaten Kebumen,buffer,desa
33.05.23.2010,Bonjoklor,Bonorowo,Kabupaten Kebumen,buffer,desa
33.05.23.2011,Mrentul,Bonorowo,Kabupaten Kebumen,buffer,desa
33.05.24.2001,Pejengkolan,Padureso,Kabupaten Kebumen,buffer,desa
33.05.24.2002,Balingasal,Padureso,Kabupaten Kebumen,buffer,desa
33.05.24.2003,Merden,Padureso,Kabupaten Kebumen,buffer,desa
33.05.24.2004,Kalijering,Padureso,Kabupaten Kebumen,buffer,desa
33.05.24.2005,Kaligubug,Padureso,Kabupaten Kebumen,buffer,desa
33.05.24.2006,Sidototo,Padureso,Kabupaten Kebumen,buffer,desa
33.05.24.2007,Rahayu,Padureso,Kabupaten Kebumen,buffer,desa
33.05.24.2008,Sendangdalem,Padureso,Kabupaten Kebumen,buffer,desa
33.05.24.2009,Padureso,Padureso,Kabupaten Kebumen,buffer,desa
33.05.25.2001,Jatipurus,Poncowarno,Kabupaten Kebumen,buffer,desa
33.05.25.2002,Lerepkebumen,Poncowarno,Kabupaten Kebumen,buffer,desa
33.05.25.2003,Blater,Poncowarno,Kabupaten Kebumen,buffer,desa
33.05.25.2004,Poncowarno,Poncowarno,Kabupaten Kebumen,buffer,desa
33.05.25.2005,Tegalrejo,Poncowarno,Kabupaten Kebumen,buffer,desa
33.05.25.2006,Jembangan,Poncowarno,Kabupaten Kebumen,buffer,desa
33.05.25.2007,Kedungdowo,Poncowarno,Kabupaten Kebumen,buffer,desa
33.05.25.2008,Karangtengah,Poncowarno,Kabupaten Kebumen,buffer,desa
33.05.25.2009,Tirtomoyo,Poncowarno,Kabupaten Kebumen,buffer,desa
33.05.25.2010,Soka,Poncowarno,Kabupaten Kebumen,buffer,desa
33.05.25.2011,Kebapangan,Poncowarno,Kabupaten Kebumen,buffer,desa
33.05.26.2001,Widoro,Karangsambung,Kabupaten Kebumen,buffer,desa
33.05.26.2002,Seling,Karangsambung,Kabupaten Kebumen,buffer,desa
33.05.26.2003,Pencil,Karangsambung,Kabupaten Kebumen,buffer,desa
33.05.26.2004,Kedungwaru,Karangsambung,Kabupaten Kebumen,buffer,desa
33.05.26.2005,Kaligending,Karangsambung,Kabupaten Kebumen,buffer,desa
33.05.26.2006,Plumbon,Karangsambung,Kabupaten Kebumen,buffer,desa
33.05.26.2007,Pujotirto,Karangsambung,Kabupaten Kebumen,buffer,desa
33.05.26.2008,Wadasmalang,Karangsambung,Kabupaten Kebumen,buffer,desa
33.05.26.2009,Tlepok,Karangsambung,Kabupaten Kebumen,buffer,desa
33.05.26.2010,Kalisono,Karangsambung,Kabupaten Kebumen,buffer,desa
33.05.26.2011,Langse,Karangsambung,Kabupaten Kebumen,buffer,desa
33.05.26.2012,Banioro,Karangsambung,Kabupaten Kebumen,buffer,desa
33.05.26.2013,Karangsambung,Karangsambung,Kabupaten Kebumen,buffer,desa
33.05.26.2014,Totogan,Karangsambung,Kabupaten Kebumen,buffer,desa
33.06.01.2001,Harjobinangun,Grabag,Kabupaten Purworejo,frame,desa
33.06.01.2002,Patutrejo,Grabag,Kabupaten Purworejo,frame,desa
33.06.01.2003,Ketawangrejo,Grabag,Kabupaten Purworejo,frame,desa
33.06.01.2004,Munggangsari,Grabag,Kabupaten Purworejo,frame,desa
33.06.01.2005,Kertojayan,Grabag,Kabupaten Purworejo,frame,desa
33.06.01.2006,Pasaranom,Grabag,Kabupaten Purworejo,frame,desa
33.06.01.2007,Ukirsari,Grabag,Kabupaten Purworejo,frame,desa
33.06.01.2008,Nambangan,Grabag,Kabupaten Purworejo,frame,desa
33.06.01.2009,Sumberagung,Grabag,Kabupaten Purworejo,frame,desa
33.06.01.2010,Bendungan,Grabag,Kabupaten Purworejo,frame,desa
33.06.01.2011,Rowodadi,Grabag,Kabupaten Purworejo,frame,desa
33.06.01.2012,Bakurejo,Grabag,Kabupaten Purworejo,frame,desa
33.06.01.2013,Duduwetan,Grabag,Kabupaten Purworejo,frame,desa
33.06.01.2014,Dudukulon,Grabag,Kabupaten Purworejo,frame,desa
33.06.01.2015,Rejosari,Grabag,Kabupaten Purworejo,frame,desa
33.06.01.2016,Trimulyo,Grabag,Kabupaten Purworejo,frame,desa
33.06.01.2017,Tulusrejo,Grabag,Kabupaten Purworejo,frame,desa
33.06.01.2018,Tegalrejo,Grabag,Kabupaten Purworejo,frame,desa
33.06.01.2019,Kalirejo,Grabag,Kabupaten Purworejo,frame,desa
33.06.01.2020,Wonoenggal,Grabag,Kabupaten Purworejo,frame,desa
33.06.01.2021,Banyuyoso,Grabag,Kabupaten Purworejo,frame,desa
33.06.01.2022,Grabag,Grabag,Kabupaten Purworejo,frame,desa
33.06.01.2023,Aglik,Grabag,Kabupaten Purworejo,frame,desa
33.06.01.2024,Roworejo,Grabag,Kabupaten Purworejo,frame,desa
33.06.01.2025,Tunggulrejo,Grabag,Kabupaten Purworejo,frame,desa
33.06.01.2026,Kedungkamal,Grabag,Kabupaten Purworejo,frame,desa
33.06.01.2027,Sangubanyu,Grabag,Kabupaten Purworejo,frame,desa
33.06.01.2028,Dukuhdungus,Grabag,Kabupaten Purworejo,frame,desa
33.06.01.2029,Tlepokwetan,Grabag,Kabupaten Purworejo,frame,desa
33.06.01.2030,Tlepokkulon,Grabag,Kabupaten Purworejo,frame,desa
33.06.01.2031,Kumpulrejo,Grabag,Kabupaten Purworejo,frame,desa
33.06.01.2032,Kese,Grabag,Kabupaten Purworejo,frame,desa
33.06.02.2001,Ngentak,Ngombol,Kabupaten Purworejo,frame,desa
33.06.02.2002,Girirejo,Ngombol,Kabupaten Purworejo,frame,desa
33.06.02.2003,Wero,Ngombol,Kabupaten Purworejo,frame,desa
33.06.02.2004,Pagak,Ngombol,Kabupaten Purworejo,frame,desa
33.06.02.2005,Malang,Ngombol,Kabupaten Purworejo,frame,desa
33.06.02.2006,Depokrejo,Ngombol,Kabupaten Purworejo,frame,desa
33.06.02.2007,Keburuhan,Ngombol,Kabupaten Purworejo,frame,desa
33.06.02.2008,Awu-awu,Ngombol,Kabupaten Purworejo,frame,desa
33.06.02.2009,Kumpulsari,Ngombol,Kabupaten Purworejo,frame,desa
33.06.02.2010,Kesidan,Ngombol,Kabupaten Purworejo,frame,desa
33.06.02.2011,Wonoroto,Ngombol,Kabupaten Purworejo,frame,desa
33.06.02.2012,Pejagran,Ngombol,Kabupaten Purworejo,frame,desa
33.06.02.2013,Wonosari,Ngombol,Kabupaten Purworejo,frame,desa
33.06.02.2014,Wonosri,Ngombol,Kabupaten Purworejo,frame,desa
33.06.02.2015,Jeruken,Ngombol,Kabupaten Purworejo,frame,desa
33.06.02.2016,Tanjungrejo,Ngombol,Kabupaten Purworejo,frame,desa
33.06.02.2017,Kalitanjung,Ngombol,Kabupaten Purworejo,frame,desa
33.06.02.2018,Kuwukan,Ngombol,Kabupaten Purworejo,frame,desa
33.06.02.2019,Kedondong,Ngombol,Kabupaten Purworejo,frame,desa
33.06.02.2020,Rasukan,Ngombol,Kabupaten Purworejo,frame,desa
33.06.02.2021,Laban,Ngombol,Kabupaten Purworejo,frame,desa
33.06.02.2022,Wasiat,Ngombol,Kabupaten Purworejo,frame,desa
33.06.02.2023,Tunjungan,Ngombol,Kabupaten Purworejo,frame,desa
33.06.02.2024,Ringgit,Ngombol,Kabupaten Purworejo,frame,desa
33.06.02.2025,Kaliwungukidul,Ngombol,Kabupaten Purworejo,frame,desa
33.06.02.2026,Kaliwungulor,Ngombol,Kabupaten Purworejo,frame,desa
33.06.02.2027,Cokroyasan,Ngombol,Kabupaten Purworejo,frame,desa
33.06.02.2028,Bojong,Ngombol,Kabupaten Purworejo,frame,desa
33.06.02.2029,Karangtalun,Ngombol,Kabupaten Purworejo,frame,desa
33.06.02.2030,Susuk,Ngombol,Kabupaten Purworejo,frame,desa
33.06.02.2031,Klandaran,Ngombol,Kabupaten Purworejo,frame,desa
33.06.02.2032,Briyan,Ngombol,Kabupaten Purworejo,frame,desa
33.06.02.2033,Ngombol,Ngombol,Kabupaten Purworejo,frame,desa
33.06.02.2034,Joso,Ngombol,Kabupaten Purworejo,frame,desa
33.06.02.2035,Candi,Ngombol,Kabupaten Purworejo,frame,desa
33.06.02.2036,Pulutan,Ngombol,Kabupaten Purworejo,frame,desa
33.06.02.2037,Walikoro,Ngombol,Kabupaten Purworejo,frame,desa
33.06.02.2038,Sruwoh,Ngombol,Kabupaten Purworejo,frame,desa
33.06.02.2039,Wonoboyo,Ngombol,Kabupaten Purworejo,frame,desa
33.06.02.2040,Kembangkuning,Ngombol,Kabupaten Purworejo,frame,desa
33.06.02.2041,Jombang,Ngombol,Kabupaten Purworejo,frame,desa
33.06.02.2042,Mendiro,Ngombol,Kabupaten Purworejo,frame,desa
33.06.02.2043,Wunut,Ngombol,Kabupaten Purworejo,frame,desa
33.06.02.2044,Sumberrejo,Ngombol,Kabupaten Purworejo,frame,desa
33.06.02.2045,Wingkosigromulyo,Ngombol,Kabupaten Purworejo,frame,desa
33.06.02.2046,Wingkoharjo,Ngombol,Kabupaten Purworejo,frame,desa
33.06.02.2047,Singkilkulon,Ngombol,Kabupaten Purworejo,frame,desa
33.06.02.2048,Singkilwetan,Ngombol,Kabupaten Purworejo,frame,desa
33.06.02.2049,Tumenggungan,Ngombol,Kabupaten Purworejo,frame,desa
33.06.02.2050,Curug,Ngombol,Kabupaten Purworejo,frame,desa
33.06.02.2051,Wingkosanggrahan,Ngombol,Kabupaten Purworejo,frame,desa
33.06.02.2052,Wingkomulyo,Ngombol,Kabupaten Purworejo,frame,desa
33.06.02.2053,Wingkotinumpuk,Ngombol,Kabupaten Purworejo,frame,desa
33.06.02.2054,Piyono,Ngombol,Kabupaten Purworejo,frame,desa
33.06.02.2055,Tanjung,Ngombol,Kabupaten Purworejo,frame,desa
33.06.02.2056,Secang,Ngombol,Kabupaten Purworejo,frame,desa
33.06.02.2057,Seboropasar,Ngombol,Kabupaten Purworejo,frame,desa
33.06.03.2001,Jatimalang,Purwodadi,Kabupaten Purworejo,frame,desa
33.06.03.2002,Jatikontal,Purwodadi,Kabupaten Purworejo,frame,desa
33.06.03.2003,Gedangan,Purwodadi,Kabupaten Purworejo,frame,desa
33.06.03.2004,Karanganyar,Purwodadi,Kabupaten Purworejo,frame,desa
33.06.03.2005,Jogoboyo,Purwodadi,Kabupaten Purworejo,frame,desa
33.06.03.2006,Watukuro,Purwodadi,Kabupaten Purworejo,frame,desa
33.06.03.2007,Karangsari,Purwodadi,Kabupaten Purworejo,frame,desa
33.06.03.2008,Banjarsari,Purwodadi,Kabupaten Purworejo,frame,desa
33.06.03.2009,Kebonsari,Purwodadi,Kabupaten Purworejo,frame,desa
33.06.03.2010,Sidoharjo,Purwodadi,Kabupaten Purworejo,frame,desa
33.06.03.2011,Jogoresan,Purwodadi,Kabupaten Purworejo,frame,desa
33.06.03.2012,Geparang,Purwodadi,Kabupaten Purworejo,frame,desa
33.06.03.2013,Nampurejo,Purwodadi,Kabupaten Purworejo,frame,desa
33.06.03.2014,Kentengrejo,Purwodadi,Kabupaten Purworejo,frame,desa
33.06.03.2015,Nampu,Purwodadi,Kabupaten Purworejo,frame,desa
33.06.03.2016,Gesing,Purwodadi,Kabupaten Purworejo,frame,desa
33.06.03.2017,Keponggok,Purwodadi,Kabupaten Purworejo,frame,desa
33.06.03.2018,Bubutan,Purwodadi,Kabupaten Purworejo,frame,desa
33.06.03.2019,Tegalaren,Purwodadi,Kabupaten Purworejo,frame,desa
33.06.03.2020,Sukomanah,Purwodadi,Kabupaten Purworejo,frame,desa
33.06.03.2021,Blendung,Purwodadi,Kabupaten Purworejo,frame,desa
33.06.03.2022,Guyangan,Purwodadi,Kabupaten Purworejo,frame,desa
33.06.03.2023,Bongkot,Purwodadi,Kabupaten Purworejo,frame,desa
33.06.03.2024,Purwodadi,Purwodadi,Kabupaten Purworejo,frame,desa
33.06.03.2025,Sumbersari,Purwodadi,Kabupaten Purworejo,frame,desa
33.06.03.2026,Purwosari,Purwodadi,Kabupaten Purworejo,frame,desa
33.06.03.2027,Jenarwetan,Purwodadi,Kabupaten Purworejo,frame,desa
33.06.03.2028,Jenarkidul,Purwodadi,Kabupaten Purworejo,frame,desa
33.06.03.2029,Jenarlor,Purwodadi,Kabupaten Purworejo,frame,desa
33.06.03.2030,Pundensari,Purwodadi,Kabupaten Purworejo,frame,desa
33.06.03.2031,Kesugihan,Purwodadi,Kabupaten Purworejo,frame,desa
33.06.03.2032,Tlogorejo,Purwodadi,Kabupaten Purworejo,frame,desa
33.06.03.2033,Plandi,Purwodadi,Kabupaten Purworejo,frame,desa
33.06.03.2034,Bragolan,Purwodadi,Kabupaten Purworejo,frame,desa
33.06.03.2035,Ketangi,Purwodadi,Kabupaten Purworejo,frame,desa
33.06.03.2036,Karangmulyo,Purwodadi,Kabupaten Purworejo,frame,desa
33.06.03.2037,Keduren,Purwodadi,Kabupaten Purworejo,frame,desa
33.06.03.2038,Sumberrejo,Purwodadi,Kabupaten Purworejo,frame,desa
33.06.03.2039,Brondongrejo,Purwodadi,Kabupaten Purworejo,frame,desa
33.06.03.2040,Sendangsari,Purwodadi,Kabupaten Purworejo,frame,desa
33.06.04.2001,Dadirejo,Bagelen,Kabupaten Purworejo,frame,desa
33.06.04.2002,Tlogokotes,Bagelen,Kabupaten Purworejo,frame,desa
33.06.04.2003,Bapangsari,Bagelen,Kabupaten Purworejo,frame,desa
33.06.04.2004,Bugel,Bagelen,Kabupaten Purworejo,frame,desa
33.06.04.2005,Bagelen,Bagelen,Kabupaten Purworejo,frame,desa
33.06.04.2006,Krendetan,Bagelen,Kabupaten Purworejo,frame,desa
33.06.04.2007,Somorejo,Bagelen,Kabupaten Purworejo,frame,desa
33.06.04.2008,Hargorojo,Bagelen,Kabupaten Purworejo,frame,desa
33.06.04.2009,Durensari,Bagelen,Kabupaten Purworejo,frame,desa
33.06.04.2010,Semono,Bagelen,Kabupaten Purworejo,frame,desa
33.06.04.2011,Sokoagung,Bagelen,Kabupaten Purworejo,frame,desa
33.06.04.2012,Kalirejo,Bagelen,Kabupaten Purworejo,frame,desa
33.06.04.2013,Clapar,Bagelen,Kabupaten Purworejo,frame,desa
33.06.04.2014,Soko,Bagelen,Kabupaten Purworejo,frame,desa
33.06.04.2015,Semagung,Bagelen,Kabupaten Purworejo,frame,desa
33.06.04.2016,Piji,Bagelen,Kabupaten Purworejo,frame,desa
33.06.04.2017,Kemanukan,Bagelen,Kabupaten Purworejo,frame,desa
33.06.05.2001,Jatirejo,Kaligesing,Kabupaten Purworejo,frame,desa
33.06.05.2002,Somongari,Kaligesing,Kabupaten Purworejo,frame,desa
33.06.05.2003,Donorejo,Kaligesing,Kabupaten Purworejo,frame,desa
33.06.05.2004,Hulosobo,Kaligesing,Kabupaten Purworejo,frame,desa
33.06.05.2005,Kaliharjo,Kaligesing,Kabupaten Purworejo,frame,desa
33.06.05.2006,Kaligono,Kaligesing,Kabupaten Purworejo,frame,desa
33.06.05.2007,Tlogoguwo,Kaligesing,Kabupaten Purworejo,frame,desa
33.06.05.2008,Pandanrejo,Kaligesing,Kabupaten Purworejo,frame,desa
33.06.05.2009,Tawangsari,Kaligesing,Kabupaten Purworejo,frame,desa
33.06.05.2010,Tlogobulu,Kaligesing,Kabupaten Purworejo,frame,desa
33.06.05.2011,Purbowono,Kaligesing,Kabupaten Purworejo,frame,desa
33.06.05.2012,Ngaran,Kaligesing,Kabupaten Purworejo,frame,desa
33.06.05.2013,Kedunggubah,Kaligesing,Kabupaten Purworejo,frame,desa
33.06.05.2014,Jelok,Kaligesing,Kabupaten Purworejo,frame,desa
33.06.05.2015,Tlogorejo,Kaligesing,Kabupaten Purworejo,frame,desa
33.06.05.2016,Gunungwangi,Kaligesing,Kabupaten Purworejo,frame,desa
33.06.05.2017,Hardimulyo,Kaligesing,Kabupaten Purworejo,frame,desa
33.06.05.2018,Sudorogo,Kaligesing,Kabupaten Purworejo,frame,desa
33.06.05.2019,Sumowono,Kaligesing,Kabupaten Purworejo,frame,desa
33.06.05.2020,Ngadirejo,Kaligesing,Kabupaten Purworejo,frame,desa
33.06.05.2021,Pucungroto,Kaligesing,Kabupaten Purworejo,frame,desa
33.06.06.1007,Cangkrepkidul,Purworejo,Kabupaten Purworejo,frame,kelurahan
33.06.06.1008,Cangkreplor,Purworejo,Kabupaten Purworejo,frame,kelurahan
33.06.06.1010,Tambakrejo,Purworejo,Kabupaten Purworejo,frame,kelurahan
33.06.06.1011,Kedungsari,Purworejo,Kabupaten Purworejo,frame,kelurahan
33.06.06.1012,Pangenrejo,Purworejo,Kabupaten Purworejo,frame,kelurahan
33.06.06.1013,Pangenjurutengah,Purworejo,Kabupaten Purworejo,frame,kelurahan
33.06.06.1014,Doplang,Purworejo,Kabupaten Purworejo,frame,kelurahan
33.06.06.1015,Sindurjan,Purworejo,Kabupaten Purworejo,frame,kelurahan
33.06.06.1016,Paduroso,Purworejo,Kabupaten Purworejo,frame,kelurahan
33.06.06.1017,Purworejo,Purworejo,Kabupaten Purworejo,frame,kelurahan
33.06.06.1018,Mranti,Purworejo,Kabupaten Purworejo,frame,kelurahan
33.06.06.1019,Mudal,Purworejo,Kabupaten Purworejo,frame,kelurahan
33.06.06.1020,Keseneng,Purworejo,Kabupaten Purworejo,frame,kelurahan
33.06.06.1021,Baledono,Purworejo,Kabupaten Purworejo,frame,kelurahan
33.06.06.2001,Pacekelan,Purworejo,Kabupaten Purworejo,frame,desa
33.06.06.2002,Plipir,Purworejo,Kabupaten Purworejo,frame,desa
33.06.06.2003,Brenggong,Purworejo,Kabupaten Purworejo,frame,desa
33.06.06.2004,Ganggeng,Purworejo,Kabupaten Purworejo,frame,desa
33.06.06.2005,Semawung,Purworejo,Kabupaten Purworejo,frame,desa
33.06.06.2006,Wonoroto,Purworejo,Kabupaten Purworejo,frame,desa
33.06.06.2009,Sidorejo,Purworejo,Kabupaten Purworejo,frame,desa
33.06.06.2022,Wonotulus,Purworejo,Kabupaten Purworejo,frame,desa
33.06.06.2023,Sidomulyo,Purworejo,Kabupaten Purworejo,frame,desa
33.06.06.2024,Sudimoro,Purworejo,Kabupaten Purworejo,frame,desa
33.06.06.2025,Donorati,Purworejo,Kabupaten Purworejo,frame,desa
33.06.07.1010,Borokulon,Banyuurip,Kabupaten Purworejo,frame,kelurahan
33.06.07.1026,Kledungkradenan,Banyuurip,Kabupaten Purworejo,frame,kelurahan
33.06.07.1027,Kledung Karangdalem,Banyuurip,Kabupaten Purworejo,frame,kelurahan
33.06.07.2001,Seborokrapyak,Banyuurip,Kabupaten Purworejo,frame,desa
33.06.07.2002,Triwarno,Banyuurip,Kabupaten Purworejo,frame,desa
33.06.07.2003,Bajangrejo,Banyuurip,Kabupaten Purworejo,frame,desa
33.06.07.2004,Bencorejo,Banyuurip,Kabupaten Purworejo,frame,desa
33.06.07.2005,Surorejo,Banyuurip,Kabupaten Purworejo,frame,desa
33.06.07.2006,Wangunrejo,Banyuurip,Kabupaten Purworejo,frame,desa
33.06.07.2007,Cengkawakrejo,Banyuurip,Kabupaten Purworejo,frame,desa
33.06.07.2008,Popongan,Banyuurip,Kabupaten Purworejo,frame,desa
33.06.07.2009,Borowetan,Banyuurip,Kabupaten Purworejo,frame,desa
33.06.07.2011,Tegalrejo,Banyuurip,Kabupaten Purworejo,frame,desa
33.06.07.2012,Banyuurip,Banyuurip,Kabupaten Purworejo,frame,desa
33.06.07.2013,Malangrejo,Banyuurip,Kabupaten Purworejo,frame,desa
33.06.07.2014,Tegalkuning,Banyuurip,Kabupaten Purworejo,frame,desa
33.06.07.2015,Kliwonan,Banyuurip,Kabupaten Purworejo,frame,desa
33.06.07.2016,Kertosono,Banyuurip,Kabupaten Purworejo,frame,desa
33.06.07.2017,Tanjunganom,Banyuurip,Kabupaten Purworejo,frame,desa
33.06.07.2018,Sawit,Banyuurip,Kabupaten Purworejo,frame,desa
33.06.07.2019,Sumbersari,Banyuurip,Kabupaten Purworejo,frame,desa
33.06.07.2020,Pakisrejo,Banyuurip,Kabupaten Purworejo,frame,desa
33.06.07.2021,Candingasinan,Banyuurip,Kabupaten Purworejo,frame,desa
33.06.07.2022,Sokowaten,Banyuurip,Kabupaten Purworejo,frame,desa
33.06.07.2023,Golok,Banyuurip,Kabupaten Purworejo,frame,desa
33.06.07.2024,Candisari,Banyuurip,Kabupaten Purworejo,frame,desa
33.06.07.2025,Condongsari,Banyuurip,Kabupaten Purworejo,frame,desa
33.06.08.1020,Sucenjurutengah,Bayan,Kabupaten Purworejo,frame,kelurahan
33.06.08.2001,Jono,Bayan,Kabupaten Purworejo,frame,desa
33.06.08.2002,Pogungjurutengah,Bayan,Kabupaten Purworejo,frame,desa
33.06.08.2003,Pogungrejo,Bayan,Kabupaten Purworejo,frame,desa
33.06.08.2004,Banjarejo,Bayan,Kabupaten Purworejo,frame,desa
33.06.08.2005,Pogungkalangan,Bayan,Kabupaten Purworejo,frame,desa
33.06.08.2006,Ketiwijayan,Bayan,Kabupaten Purworejo,frame,desa
33.06.08.2007,Krandegan,Bayan,Kabupaten Purworejo,frame,desa
33.06.08.2008,Tanjungrejo,Bayan,Kabupaten Purworejo,frame,desa
33.06.08.2009,Dewi,Bayan,Kabupaten Purworejo,frame,desa
33.06.08.2010,Tangkisan,Bayan,Kabupaten Purworejo,frame,desa
33.06.08.2011,Jatingarang,Bayan,Kabupaten Purworejo,frame,desa
33.06.08.2012,Bandungkidul,Bayan,Kabupaten Purworejo,frame,desa
33.06.08.2013,Bandungrejo,Bayan,Kabupaten Purworejo,frame,desa
33.06.08.2014,Besole,Bayan,Kabupaten Purworejo,frame,desa
33.06.08.2015,Botorejo,Bayan,Kabupaten Purworejo,frame,desa
33.06.08.2016,Botodaleman,Bayan,Kabupaten Purworejo,frame,desa
33.06.08.2017,Dukuhrejo,Bayan,Kabupaten Purworejo,frame,desa
33.06.08.2018,Grantung,Bayan,Kabupaten Purworejo,frame,desa
33.06.08.2019,Kalimiru,Bayan,Kabupaten Purworejo,frame,desa
33.06.08.2021,Bringin,Bayan,Kabupaten Purworejo,frame,desa
33.06.08.2022,Bayan,Bayan,Kabupaten Purworejo,frame,desa
33.06.08.2023,Pekutan,Bayan,Kabupaten Purworejo,frame,desa
33.06.08.2024,Jrakah,Bayan,Kabupaten Purworejo,frame,desa
33.06.08.2025,Sambeng,Bayan,Kabupaten Purworejo,frame,desa
33.06.08.2026,Pucangagung,Bayan,Kabupaten Purworejo,frame,desa
33.06.09.1009,Bayem,Kutoarjo,Kabupaten Purworejo,frame,kelurahan
33.06.09.1010,Semawung Kembaran,Kutoarjo,Kabupaten Purworejo,frame,kelurahan
33.06.09.1014,Semawung Daleman,Kutoarjo,Kabupaten Purworejo,frame,kelurahan
33.06.09.1015,Bandung,Kutoarjo,Kabupaten Purworejo,frame,kelurahan
33.06.09.1016,Kutoarjo,Kutoarjo,Kabupaten Purworejo,frame,kelurahan
33.06.09.1017,Katerban,Kutoarjo,Kabupaten Purworejo,frame,kelurahan
33.06.09.2001,Kebondalem,Kutoarjo,Kabupaten Purworejo,frame,desa
33.06.09.2002,Tuntungpait,Kutoarjo,Kabupaten Purworejo,frame,desa
33.06.09.2003,Kiyangkongrejo,Kutoarjo,Kabupaten Purworejo,frame,desa
33.06.09.2004,Suren,Kutoarjo,Kabupaten Purworejo,frame,desa
33.06.09.2005,Karangwuluh,Kutoarjo,Kabupaten Purworejo,frame,desa
33.06.09.2006,Purwosari,Kutoarjo,Kabupaten Purworejo,frame,desa
33.06.09.2007,Kepuh,Kutoarjo,Kabupaten Purworejo,frame,desa
33.06.09.2008,Majir,Kutoarjo,Kabupaten Purworejo,frame,desa
33.06.09.2011,Kuwurejo,Kutoarjo,Kabupaten Purworejo,frame,desa
33.06.09.2012,Pringgowijayan,Kutoarjo,Kabupaten Purworejo,frame,desa
33.06.09.2013,Sidarum,Kutoarjo,Kabupaten Purworejo,frame,desa
33.06.09.2018,Pacor,Kutoarjo,Kabupaten Purworejo,frame,desa
33.06.09.2019,Tunggorono,Kutoarjo,Kabupaten Purworejo,frame,desa
33.06.09.2020,Tepus Kulon,Kutoarjo,Kabupaten Purworejo,frame,desa
33.06.09.2021,Sokoharjo,Kutoarjo,Kabupaten Purworejo,frame,desa
33.06.09.2022,Kemadu Lor,Kutoarjo,Kabupaten Purworejo,frame,desa
33.06.09.2023,Kaligesing,Kutoarjo,Kabupaten Purworejo,frame,desa
33.06.09.2024,Tepus Wetan,Kutoarjo,Kabupaten Purworejo,frame,desa
33.06.09.2025,Wirun,Kutoarjo,Kabupaten Purworejo,frame,desa
33.06.09.2026,Karangrejo,Kutoarjo,Kabupaten Purworejo,frame,desa
33.06.09.2027,Tursino,Kutoarjo,Kabupaten Purworejo,frame,desa
33.06.10.2001,Kedungmulyo,Butuh,Kabupaten Purworejo,frame,desa
33.06.10.2002,Mangunjayan,Butuh,Kabupaten Purworejo,frame,desa
33.06.10.2003,Karanganom,Butuh,Kabupaten Purworejo,frame,desa
33.06.10.2004,Tanjunganom,Butuh,Kabupaten Purworejo,frame,desa
33.06.10.2005,Sidomulyo,Butuh,Kabupaten Purworejo,frame,desa
33.06.10.2006,Sumbersari,Butuh,Kabupaten Purworejo,frame,desa
33.06.10.2007,Langenrejo,Butuh,Kabupaten Purworejo,frame,desa
33.06.10.2008,Tamansari,Butuh,Kabupaten Purworejo,frame,desa
33.06.10.2009,Wareng,Butuh,Kabupaten Purworejo,frame,desa
33.06.10.2010,Ketug,Butuh,Kabupaten Purworejo,frame,desa
33.06.10.2011,Rowodadi,Butuh,Kabupaten Purworejo,frame,desa
33.06.10.2012,Kedungsari,Butuh,Kabupaten Purworejo,frame,desa
33.06.10.2013,Sruwohdukuh,Butuh,Kabupaten Purworejo,frame,desa
33.06.10.2014,Wonodadi,Butuh,Kabupaten Purworejo,frame,desa
33.06.10.2015,Wonorejowetan,Butuh,Kabupaten Purworejo,frame,desa
33.06.10.2016,Wonorejokulon,Butuh,Kabupaten Purworejo,frame,desa
33.06.10.2017,Kunirejokulon,Butuh,Kabupaten Purworejo,frame,desa
33.06.10.2018,Kunirejowetan,Butuh,Kabupaten Purworejo,frame,desa
33.06.10.2019,Kedungsri,Butuh,Kabupaten Purworejo,frame,desa
33.06.10.2020,Kedungagung,Butuh,Kabupaten Purworejo,frame,desa
33.06.10.2021,Sruwohrejo,Butuh,Kabupaten Purworejo,frame,desa
33.06.10.2022,Lugurejo,Butuh,Kabupaten Purworejo,frame,desa
33.06.10.2023,Lugu,Butuh,Kabupaten Purworejo,frame,desa
33.06.10.2024,Kunir,Butuh,Kabupaten Purworejo,frame,desa
33.06.10.2025,Lubangdukuh,Butuh,Kabupaten Purworejo,frame,desa
33.06.10.2026,Tlogorejo,Butuh,Kabupaten Purworejo,frame,desa
33.06.10.2027,Polomarto,Butuh,Kabupaten Purworejo,frame,desa
33.06.10.2028,Tegalgondo,Butuh,Kabupaten Purworejo,frame,desa
33.06.10.2029,Lubanglor,Butuh,Kabupaten Purworejo,frame,desa
33.06.10.2030,Lubangindangan,Butuh,Kabupaten Purworejo,frame,desa
33.06.10.2031,Lubangkidul,Butuh,Kabupaten Purworejo,frame,desa
33.06.10.2032,Lubangsampang,Butuh,Kabupaten Purworejo,frame,desa
33.06.10.2033,Dlangu,Butuh,Kabupaten Purworejo,frame,desa
33.06.10.2034,Andong,Butuh,Kabupaten Purworejo,frame,desa
33.06.10.2035,Kaliwatubumi,Butuh,Kabupaten Purworejo,frame,desa
33.06.10.2036,Kaliwatukranggan,Butuh,Kabupaten Purworejo,frame,desa
33.06.10.2037,Panggeldlangu,Butuh,Kabupaten Purworejo,frame,desa
33.06.10.2038,Binangun,Butuh,Kabupaten Purworejo,frame,desa
33.06.10.2039,Butuh,Butuh,Kabupaten Purworejo,frame,desa
33.06.10.2040,Klepu,Butuh,Kabupaten Purworejo,frame,desa
33.06.10.2041,Wironatan,Butuh,Kabupaten Purworejo,frame,desa
33.06.11.2001,Kendalrejo,Pituruh,Kabupaten Purworejo,frame,desa
33.06.11.2002,Kalimati,Pituruh,Kabupaten Purworejo,frame,desa
33.06.11.2003,Pepe,Pituruh,Kabupaten Purworejo,frame,desa
33.06.11.2004,Tunjungtejo,Pituruh,Kabupaten Purworejo,frame,desa
33.06.11.2005,Sekartejo,Pituruh,Kabupaten Purworejo,frame,desa
33.06.11.2006,Tersidilor,Pituruh,Kabupaten Purworejo,frame,desa
33.06.11.2007,Tersidikidul,Pituruh,Kabupaten Purworejo,frame,desa
33.06.11.2008,Tasikmadu,Pituruh,Kabupaten Purworejo,frame,desa
33.06.11.2009,Pangkalan,Pituruh,Kabupaten Purworejo,frame,desa
33.06.11.2010,Sumber,Pituruh,Kabupaten Purworejo,frame,desa
33.06.11.2011,Gumawangrejo,Pituruh,Kabupaten Purworejo,frame,desa
33.06.11.2012,Keburusan,Pituruh,Kabupaten Purworejo,frame,desa
33.06.11.2013,Wonoyoso,Pituruh,Kabupaten Purworejo,frame,desa
33.06.11.2014,Tapen,Pituruh,Kabupaten Purworejo,frame,desa
33.06.11.2015,Waru,Pituruh,Kabupaten Purworejo,frame,desa
33.06.11.2016,Blekatuk,Pituruh,Kabupaten Purworejo,frame,desa
33.06.11.2017,Dlisen Wetan,Pituruh,Kabupaten Purworejo,frame,desa
33.06.11.2018,Dlisenkulon,Pituruh,Kabupaten Purworejo,frame,desa
33.06.11.2019,Semampir,Pituruh,Kabupaten Purworejo,frame,desa
33.06.11.2020,Petuguran,Pituruh,Kabupaten Purworejo,frame,desa
33.06.11.2021,Pekacangan,Pituruh,Kabupaten Purworejo,frame,desa
33.06.11.2022,Karanggetas,Pituruh,Kabupaten Purworejo,frame,desa
33.06.11.2023,Luweng Kidul,Pituruh,Kabupaten Purworejo,frame,desa
33.06.11.2024,Sambeng,Pituruh,Kabupaten Purworejo,frame,desa
33.06.11.2025,Megulungkidul,Pituruh,Kabupaten Purworejo,frame,desa
33.06.11.2026,Pituruh,Pituruh,Kabupaten Purworejo,frame,desa
33.06.11.2027,Sikambang,Pituruh,Kabupaten Purworejo,frame,desa
33.06.11.2028,Ngampel,Pituruh,Kabupaten Purworejo,frame,desa
33.06.11.2029,Prigelan,Pituruh,Kabupaten Purworejo,frame,desa
33.06.11.2030,Ngandagan,Pituruh,Kabupaten Purworejo,frame,desa
33.06.11.2031,Karanganyar,Pituruh,Kabupaten Purworejo,frame,desa
33.06.11.2032,Megulunglor,Pituruh,Kabupaten Purworejo,frame,desa
33.06.11.2033,Prapagkidul,Pituruh,Kabupaten Purworejo,frame,desa
33.06.11.2034,Kembangkuning,Pituruh,Kabupaten Purworejo,frame,desa
33.06.11.2035,Luwenglor,Pituruh,Kabupaten Purworejo,frame,desa
33.06.11.2036,Brengkol,Pituruh,Kabupaten Purworejo,frame,desa
33.06.11.2037,Girigondo,Pituruh,Kabupaten Purworejo,frame,desa
33.06.11.2038,Prapaglor,Pituruh,Kabupaten Purworejo,frame,desa
33.06.11.2039,Kalikotes,Pituruh,Kabupaten Purworejo,frame,desa
33.06.11.2040,Kesawen,Pituruh,Kabupaten Purworejo,frame,desa
33.06.11.2041,Kedungbatur,Pituruh,Kabupaten Purworejo,frame,desa
33.06.11.2042,Polowangi,Pituruh,Kabupaten Purworejo,frame,desa
33.06.11.2043,Kalijering,Pituruh,Kabupaten Purworejo,frame,desa
33.06.11.2044,Somogede,Pituruh,Kabupaten Purworejo,frame,desa
33.06.11.2045,Kaligondang,Pituruh,Kabupaten Purworejo,frame,desa
33.06.11.2046,Kaligintung,Pituruh,Kabupaten Purworejo,frame,desa
33.06.11.2047,Sawangan,Pituruh,Kabupaten Purworejo,frame,desa
33.06.11.2048,Wonosido,Pituruh,Kabupaten Purworejo,frame,desa
33.06.11.2049,Pamriyan,Pituruh,Kabupaten Purworejo,frame,desa
33.06.12.2001,Waled,Kemiri,Kabupaten Purworejo,frame,desa
33.06.12.2002,Kroyokulon,Kemiri,Kabupaten Purworejo,frame,desa
33.06.12.2003,Rejosari,Kemiri,Kabupaten Purworejo,frame,desa
33.06.12.2004,Gesikan,Kemiri,Kabupaten Purworejo,frame,desa
33.06.12.2005,Paitan,Kemiri,Kabupaten Purworejo,frame,desa
33.06.12.2006,Gedong,Kemiri,Kabupaten Purworejo,frame,desa
33.06.12.2007,Rowobayem,Kemiri,Kabupaten Purworejo,frame,desa
33.06.12.2008,Kemiri Kidul,Kemiri,Kabupaten Purworejo,frame,desa
33.06.12.2009,Bedono Kluwung,Kemiri,Kabupaten Purworejo,frame,desa
33.06.12.2010,Bedono Pageron,Kemiri,Kabupaten Purworejo,frame,desa
33.06.12.2011,Bedono Karangduwur,Kemiri,Kabupaten Purworejo,frame,desa
33.06.12.2012,Rebug,Kemiri,Kabupaten Purworejo,frame,desa
33.06.12.2013,Loning,Kemiri,Kabupaten Purworejo,frame,desa
33.06.12.2014,Winong,Kemiri,Kabupaten Purworejo,frame,desa
33.06.12.2015,Sutoragan,Kemiri,Kabupaten Purworejo,frame,desa
33.06.12.2016,Jatiwangsan,Kemiri,Kabupaten Purworejo,frame,desa
33.06.12.2017,Girimulyo,Kemiri,Kabupaten Purworejo,frame,desa
33.06.12.2018,Girijoyo,Kemiri,Kabupaten Purworejo,frame,desa
33.06.12.2019,Turus,Kemiri,Kabupaten Purworejo,frame,desa
33.06.12.2020,Dilem,Kemiri,Kabupaten Purworejo,frame,desa
33.06.12.2021,Kedunglo,Kemiri,Kabupaten Purworejo,frame,desa
33.06.12.2022,Wonosuko,Kemiri,Kabupaten Purworejo,frame,desa
33.06.12.2023,Sidodadi,Kemiri,Kabupaten Purworejo,frame,desa
33.06.12.2024,Kalimeneng,Kemiri,Kabupaten Purworejo,frame,desa
33.06.12.2025,Kemirilor,Kemiri,Kabupaten Purworejo,frame,desa
33.06.12.2026,Kerep,Kemiri,Kabupaten Purworejo,frame,desa
33.06.12.2027,Kroyolor,Kemiri,Kabupaten Purworejo,frame,desa
33.06.12.2028,Samping,Kemiri,Kabupaten Purworejo,frame,desa
33.06.12.2029,Wonosari,Kemiri,Kabupaten Purworejo,frame,desa
33.06.12.2030,Kaliglagah,Kemiri,Kabupaten Purworejo,frame,desa
33.06.12.2031,Kapiteran,Kemiri,Kabupaten Purworejo,frame,desa
33.06.12.2032,Wanurojo,Kemiri,Kabupaten Purworejo,frame,desa
33.06.12.2033,Rejowinangun,Kemiri,Kabupaten Purworejo,frame,desa
33.06.12.2034,Kaliurip,Kemiri,Kabupaten Purworejo,frame,desa
33.06.12.2035,Kedungpomahanwetan,Kemiri,Kabupaten Purworejo,frame,desa
33.06.12.2036,Karangluas,Kemiri,Kabupaten Purworejo,frame,desa
33.06.12.2037,Kedungpomahankulon,Kemiri,Kabupaten Purworejo,frame,desa
33.06.12.2038,Sukogelap,Kemiri,Kabupaten Purworejo,frame,desa
33.06.12.2039,Gunungteges,Kemiri,Kabupaten Purworejo,frame,desa
33.06.12.2040,Purbayan,Kemiri,Kabupaten Purworejo,frame,desa
33.06.13.2001,Puspo,Bruno,Kabupaten Purworejo,frame,desa
33.06.13.2002,Plipiran,Bruno,Kabupaten Purworejo,frame,desa
33.06.13.2003,Pakisarum,Bruno,Kabupaten Purworejo,frame,desa
33.06.13.2004,Brunorejo,Bruno,Kabupaten Purworejo,frame,desa
33.06.13.2005,Brunosari,Bruno,Kabupaten Purworejo,frame,desa
33.06.13.2006,Somoleter,Bruno,Kabupaten Purworejo,frame,desa
33.06.13.2007,Blimbing,Bruno,Kabupaten Purworejo,frame,desa
33.06.13.2008,Gowong,Bruno,Kabupaten Purworejo,frame,desa
33.06.13.2009,Brondong,Bruno,Kabupaten Purworejo,frame,desa
33.06.13.2010,Cepedak,Bruno,Kabupaten Purworejo,frame,desa
33.06.13.2011,Gunungcondong,Bruno,Kabupaten Purworejo,frame,desa
33.06.13.2012,Kemranggen,Bruno,Kabupaten Purworejo,frame,desa
33.06.13.2013,Karanggedang,Bruno,Kabupaten Purworejo,frame,desa
33.06.13.2014,Giyombong,Bruno,Kabupaten Purworejo,frame,desa
33.06.13.2015,Kambangan,Bruno,Kabupaten Purworejo,frame,desa
33.06.13.2016,Watuduwur,Bruno,Kabupaten Purworejo,frame,desa
33.06.13.2017,Kaliwungu,Bruno,Kabupaten Purworejo,frame,desa
33.06.13.2018,Tegalsari,Bruno,Kabupaten Purworejo,frame,desa
33.06.14.1003,Lugosobo,Gebang,Kabupaten Purworejo,frame,kelurahan
33.06.14.2001,Winongkidul,Gebang,Kabupaten Purworejo,frame,desa
33.06.14.2002,Seren,Gebang,Kabupaten Purworejo,frame,desa
33.06.14.2004,Gintungan,Gebang,Kabupaten Purworejo,frame,desa
33.06.14.2005,Bulus,Gebang,Kabupaten Purworejo,frame,desa
33.06.14.2006,Rendeng,Gebang,Kabupaten Purworejo,frame,desa
33.06.14.2007,Kroyo,Gebang,Kabupaten Purworejo,frame,desa
33.06.14.2008,Winonglor,Gebang,Kabupaten Purworejo,frame,desa
33.06.14.2009,Mlaran,Gebang,Kabupaten Purworejo,frame,desa
33.06.14.2010,Pelutan,Gebang,Kabupaten Purworejo,frame,desa
33.06.14.2011,Bendosari,Gebang,Kabupaten Purworejo,frame,desa
33.06.14.2012,Gebang,Gebang,Kabupaten Purworejo,frame,desa
33.06.14.2013,Salam,Gebang,Kabupaten Purworejo,frame,desa
33.06.14.2014,Pakem,Gebang,Kabupaten Purworejo,frame,desa
33.06.14.2015,Wonotopo,Gebang,Kabupaten Purworejo,frame,desa
33.06.14.2016,Sidoleren,Gebang,Kabupaten Purworejo,frame,desa
33.06.14.2017,Penungkulan,Gebang,Kabupaten Purworejo,frame,desa
33.06.14.2018,Redin,Gebang,Kabupaten Purworejo,frame,desa
33.06.14.2019,Tlogosono,Gebang,Kabupaten Purworejo,frame,desa
33.06.14.2020,Ngemplak,Gebang,Kabupaten Purworejo,frame,desa
33.06.14.2021,Kragilan,Gebang,Kabupaten Purworejo,frame,desa
33.06.14.2022,Prumben,Gebang,Kabupaten Purworejo,frame,desa
33.06.14.2023,Ngaglik,Gebang,Kabupaten Purworejo,frame,desa
33.06.14.2024,Kemiri,Gebang,Kabupaten Purworejo,frame,desa
33.06.14.2025,Kalitengkek,Gebang,Kabupaten Purworejo,frame,desa
33.06.15.2001,Kalinongko,Loano,Kabupaten Purworejo,frame,desa
33.06.15.2002,Trirejo,Loano,Kabupaten Purworejo,frame,desa
33.06.15.2003,Karangrejo,Loano,Kabupaten Purworejo,frame,desa
33.06.15.2004,Kalikalong,Loano,Kabupaten Purworejo,frame,desa
33.06.15.2005,Rimun,Loano,Kabupaten Purworejo,frame,desa
33.06.15.2006,Tepansari,Loano,Kabupaten Purworejo,frame,desa
33.06.15.2007,Kaliglagah,Loano,Kabupaten Purworejo,frame,desa
33.06.15.2008,Tridadi,Loano,Kabupaten Purworejo,frame,desa
33.06.15.2009,Banyuasin Separe,Loano,Kabupaten Purworejo,frame,desa
33.06.15.2010,Guyangan,Loano,Kabupaten Purworejo,frame,desa
33.06.15.2011,Kalisemo,Loano,Kabupaten Purworejo,frame,desa
33.06.15.2012,Loano,Loano,Kabupaten Purworejo,frame,desa
33.06.15.2013,Jetis,Loano,Kabupaten Purworejo,frame,desa
33.06.15.2014,Kedungpoh,Loano,Kabupaten Purworejo,frame,desa
33.06.15.2015,Maron,Loano,Kabupaten Purworejo,frame,desa
33.06.15.2016,Kebongunung,Loano,Kabupaten Purworejo,frame,desa
33.06.15.2017,Mudalrejo,Loano,Kabupaten Purworejo,frame,desa
33.06.15.2018,Kemejing,Loano,Kabupaten Purworejo,frame,desa
33.06.15.2019,Banyuasin Kembaran,Loano,Kabupaten Purworejo,frame,desa
33.06.15.2020,Sedayu,Loano,Kabupaten Purworejo,frame,desa
33.06.15.2021,Ngargosari,Loano,Kabupaten Purworejo,frame,desa
33.06.16.2001,Benowo,Bener,Kabupaten Purworejo,frame,desa
33.06.16.2002,Kalitapas,Bener,Kabupaten Purworejo,frame,desa
33.06.16.2003,Kaliwader,Bener,Kabupaten Purworejo,frame,desa
33.06.16.2004,Kedungpucang,Bener,Kabupaten Purworejo,frame,desa
33.06.16.2005,Sendangsari,Bener,Kabupaten Purworejo,frame,desa
33.06.16.2006,Kaliboto,Bener,Kabupaten Purworejo,frame,desa
33.06.16.2007,Kaliurip,Bener,Kabupaten Purworejo,frame,desa
33.06.16.2008,Kedungloteng,Bener,Kabupaten Purworejo,frame,desa
33.06.16.2009,Wadas,Bener,Kabupaten Purworejo,frame,desa
33.06.16.2010,Cacaban Kidul,Bener,Kabupaten Purworejo,frame,desa
33.06.16.2011,Cacaban Lor,Bener,Kabupaten Purworejo,frame,desa
33.06.16.2012,Pekacangan,Bener,Kabupaten Purworejo,frame,desa
33.06.16.2013,Medono,Bener,Kabupaten Purworejo,frame,desa
33.06.16.2014,Bleber,Bener,Kabupaten Purworejo,frame,desa
33.06.16.2015,Bener,Bener,Kabupaten Purworejo,frame,desa
33.06.16.2016,Karangsari,Bener,Kabupaten Purworejo,frame,desa
33.06.16.2017,Guntur,Bener,Kabupaten Purworejo,frame,desa
33.06.16.2018,Legetan,Bener,Kabupaten Purworejo,frame,desa
33.06.16.2019,Ketosari,Bener,Kabupaten Purworejo,frame,desa
33.06.16.2020,Kamijoro,Bener,Kabupaten Purworejo,frame,desa
33.06.16.2021,Jati,Bener,Kabupaten Purworejo,frame,desa
33.06.16.2022,Mayungsari,Bener,Kabupaten Purworejo,frame,desa
33.06.16.2023,Kalijambe,Bener,Kabupaten Purworejo,frame,desa
33.06.16.2024,Sukowuwuh,Bener,Kabupaten Purworejo,frame,desa
33.06.16.2025,Limbangan,Bener,Kabupaten Purworejo,frame,desa
33.06.16.2026,Nglaris,Bener,Kabupaten Purworejo,frame,desa
33.06.16.2027,Sidomukti,Bener,Kabupaten Purworejo,frame,desa
33.06.16.2028,Ngasinan,Bener,Kabupaten Purworejo,frame,desa
33.07.01.1007,Wadaslintang,Wadaslintang,Kabupaten Wonosobo,frame,kelurahan
33.07.01.2001,Kaligowong,Wadaslintang,Kabupaten Wonosobo,frame,desa
33.07.01.2002,Sumbersari,Wadaslintang,Kabupaten Wonosobo,frame,desa
33.07.01.2003,Sumberejo,Wadaslintang,Kabupaten Wonosobo,frame,desa
33.07.01.2004,Erorejo,Wadaslintang,Kabupaten Wonosobo,frame,desa
33.07.01.2005,Karanganyar,Wadaslintang,Kabupaten Wonosobo,frame,desa
33.07.01.2006,Panerusan,Wadaslintang,Kabupaten Wonosobo,frame,desa
33.07.01.2008,Plunjaran,Wadaslintang,Kabupaten Wonosobo,frame,desa
33.07.01.2009,Kumejing,Wadaslintang,Kabupaten Wonosobo,frame,desa
33.07.01.2010,Lancar,Wadaslintang,Kabupaten Wonosobo,frame,desa
33.07.01.2011,Somogede,Wadaslintang,Kabupaten Wonosobo,frame,desa
33.07.01.2012,Trimulyo,Wadaslintang,Kabupaten Wonosobo,frame,desa
33.07.01.2013,Tirip,Wadaslintang,Kabupaten Wonosobo,frame,desa
33.07.01.2014,Besuki,Wadaslintang,Kabupaten Wonosobo,frame,desa
33.07.01.2015,Gumelar,Wadaslintang,Kabupaten Wonosobo,frame,desa
33.07.01.2016,Ngalian,Wadaslintang,Kabupaten Wonosobo,frame,desa
33.07.01.2017,Kalidadap,Wadaslintang,Kabupaten Wonosobo,frame,desa
33.07.02.1008,Kepil,Kepil,Kabupaten Wonosobo,frame,kelurahan
33.07.02.2001,Gondowulan,Kepil,Kabupaten Wonosobo,frame,desa
33.07.02.2002,Jangkrikan,Kepil,Kabupaten Wonosobo,frame,desa
33.07.02.2003,Tegeswetan,Kepil,Kabupaten Wonosobo,frame,desa
33.07.02.2004,Gadingsukuh,Kepil,Kabupaten Wonosobo,frame,desa
33.07.02.2005,Burat,Kepil,Kabupaten Wonosobo,frame,desa
33.07.02.2006,Bener,Kepil,Kabupaten Wonosobo,frame,desa
33.07.02.2007,Gadingrejo,Kepil,Kabupaten Wonosobo,frame,desa
33.07.02.2009,Beran,Kepil,Kabupaten Wonosobo,frame,desa
33.07.02.2010,Kapulogo,Kepil,Kabupaten Wonosobo,frame,desa
33.07.02.2011,Kagungan,Kepil,Kabupaten Wonosobo,frame,desa
33.07.02.2012,Randusari,Kepil,Kabupaten Wonosobo,frame,desa
33.07.02.2013,Rejosari,Kepil,Kabupaten Wonosobo,frame,desa
33.07.02.2014,Ngalian,Kepil,Kabupaten Wonosobo,frame,desa
33.07.02.2015,Kalipuru,Kepil,Kabupaten Wonosobo,frame,desa
33.07.02.2016,Tanjunganom,Kepil,Kabupaten Wonosobo,frame,desa
33.07.02.2017,Kaliwuluh,Kepil,Kabupaten Wonosobo,frame,desa
33.07.02.2018,Tegalgot,Kepil,Kabupaten Wonosobo,frame,desa
33.07.02.2019,Warangan,Kepil,Kabupaten Wonosobo,frame,desa
33.07.02.2020,Ropoh,Kepil,Kabupaten Wonosobo,frame,desa
33.07.02.2021,Pulosaren,Kepil,Kabupaten Wonosobo,frame,desa
33.07.03.1008,Sapuran,Sapuran,Kabupaten Wonosobo,frame,kelurahan
33.07.03.2001,Bogoran,Sapuran,Kabupaten Wonosobo,frame,desa
33.07.03.2002,Karangsari,Sapuran,Kabupaten Wonosobo,frame,desa
33.07.03.2003,Pecekelan,Sapuran,Kabupaten Wonosobo,frame,desa
33.07.03.2004,Glagah,Sapuran,Kabupaten Wonosobo,frame,desa
33.07.03.2005,Surojoyo,Sapuran,Kabupaten Wonosobo,frame,desa
33.07.03.2006,Talunombo,Sapuran,Kabupaten Wonosobo,frame,desa
33.07.03.2007,Tempursari,Sapuran,Kabupaten Wonosobo,frame,desa
33.07.03.2009,Jolontoro,Sapuran,Kabupaten Wonosobo,frame,desa
33.07.03.2010,Sedayu,Sapuran,Kabupaten Wonosobo,frame,desa
33.07.03.2011,Ngadisalam,Sapuran,Kabupaten Wonosobo,frame,desa
33.07.03.2012,Tempuranduwur,Sapuran,Kabupaten Wonosobo,frame,desa
33.07.03.2013,Marongsari,Sapuran,Kabupaten Wonosobo,frame,desa
33.07.03.2014,Batursari,Sapuran,Kabupaten Wonosobo,frame,desa
33.07.03.2015,Banyumudal,Sapuran,Kabupaten Wonosobo,frame,desa
33.07.03.2016,Ngadikerso,Sapuran,Kabupaten Wonosobo,frame,desa
33.07.03.2017,Rimpak,Sapuran,Kabupaten Wonosobo,frame,desa
33.07.04.1015,Kaliwiro,Kaliwiro,Kabupaten Wonosobo,frame,kelurahan
33.07.04.2001,Selomanik,Kaliwiro,Kabupaten Wonosobo,frame,desa
33.07.04.2002,Bendungan,Kaliwiro,Kabupaten Wonosobo,frame,desa
33.07.04.2003,Medono,Kaliwiro,Kabupaten Wonosobo,frame,desa
33.07.04.2004,Ngadisono,Kaliwiro,Kabupaten Wonosobo,frame,desa
33.07.04.2005,Lebak,Kaliwiro,Kabupaten Wonosobo,frame,desa
33.07.04.2006,Ngasinan,Kaliwiro,Kabupaten Wonosobo,frame,desa
33.07.04.2007,Kaliguwo,Kaliwiro,Kabupaten Wonosobo,frame,desa
33.07.04.2008,Pesodongan,Kaliwiro,Kabupaten Wonosobo,frame,desa
33.07.04.2009,Lamuk,Kaliwiro,Kabupaten Wonosobo,frame,desa
33.07.04.2010,Pucungkerep,Kaliwiro,Kabupaten Wonosobo,frame,desa
33.07.04.2011,Gambaran,Kaliwiro,Kabupaten Wonosobo,frame,desa
33.07.04.2012,Purwosari,Kaliwiro,Kabupaten Wonosobo,frame,desa
33.07.04.2013,Grugu,Kaliwiro,Kabupaten Wonosobo,frame,desa
33.07.04.2014,Tracap,Kaliwiro,Kabupaten Wonosobo,frame,desa
33.07.04.2016,Kauman,Kaliwiro,Kabupaten Wonosobo,frame,desa
33.07.04.2017,Cledok,Kaliwiro,Kabupaten Wonosobo,frame,desa
33.07.04.2018,Winongsari,Kaliwiro,Kabupaten Wonosobo,frame,desa
33.07.04.2019,Sukoreno,Kaliwiro,Kabupaten Wonosobo,frame,desa
33.07.04.2020,Kemiriombo,Kaliwiro,Kabupaten Wonosobo,frame,desa
33.07.04.2021,Tanjunganom,Kaliwiro,Kabupaten Wonosobo,frame,desa
33.07.05.1006,Leksono,Leksono,Kabupaten Wonosobo,frame,kelurahan
33.07.05.2001,Sawangan,Leksono,Kabupaten Wonosobo,frame,desa
33.07.05.2002,Lipursari,Leksono,Kabupaten Wonosobo,frame,desa
33.07.05.2003,Selokromo,Leksono,Kabupaten Wonosobo,frame,desa
33.07.05.2004,Sojokerto,Leksono,Kabupaten Wonosobo,frame,desa
33.07.05.2005,Besani,Leksono,Kabupaten Wonosobo,frame,desa
33.07.05.2007,Jlamprang,Leksono,Kabupaten Wonosobo,frame,desa
33.07.05.2008,Wonokerto,Leksono,Kabupaten Wonosobo,frame,desa
33.07.05.2009,Jonggolsari,Leksono,Kabupaten Wonosobo,frame,desa
33.07.05.2010,Kalimendong,Leksono,Kabupaten Wonosobo,frame,desa
33.07.05.2011,Timbang,Leksono,Kabupaten Wonosobo,frame,desa
33.07.05.2012,Pacarmulyo,Leksono,Kabupaten Wonosobo,frame,desa
33.07.05.2013,Durensawit,Leksono,Kabupaten Wonosobo,frame,desa
33.07.05.2014,Manggis,Leksono,Kabupaten Wonosobo,frame,desa
33.07.06.1008,Selomerto,Selomerto,Kabupaten Wonosobo,frame,kelurahan
33.07.06.1011,Wonorejo,Selomerto,Kabupaten Wonosobo,frame,kelurahan
33.07.06.2001,Kecis,Selomerto,Kabupaten Wonosobo,frame,desa
33.07.06.2002,Kaliputih,Selomerto,Kabupaten Wonosobo,frame,desa
33.07.06.2003,Candi,Selomerto,Kabupaten Wonosobo,frame,desa
33.07.06.2004,Balekambang,Selomerto,Kabupaten Wonosobo,frame,desa
33.07.06.2005,Karangrejo,Selomerto,Kabupaten Wonosobo,frame,desa
33.07.06.2006,Krasak,Selomerto,Kabupaten Wonosobo,frame,desa
33.07.06.2007,Gunungtawang,Selomerto,Kabupaten Wonosobo,frame,desa
33.07.06.2009,Pakuncen,Selomerto,Kabupaten Wonosobo,frame,desa
33.07.06.2010,Kalierang,Selomerto,Kabupaten Wonosobo,frame,desa
33.07.06.2012,Wilayu,Selomerto,Kabupaten Wonosobo,frame,desa
33.07.06.2013,Sinduagung,Selomerto,Kabupaten Wonosobo,frame,desa
33.07.06.2014,Sumberwulan,Selomerto,Kabupaten Wonosobo,frame,desa
33.07.06.2015,Plobangan,Selomerto,Kabupaten Wonosobo,frame,desa
33.07.06.2016,Simbarejo,Selomerto,Kabupaten Wonosobo,frame,desa
33.07.06.2017,Wulungsari,Selomerto,Kabupaten Wonosobo,frame,desa
33.07.06.2018,Bumitirto,Selomerto,Kabupaten Wonosobo,frame,desa
33.07.06.2019,Semayu,Selomerto,Kabupaten Wonosobo,frame,desa
33.07.06.2020,Adiwarno,Selomerto,Kabupaten Wonosobo,frame,desa
33.07.06.2021,Kadipaten,Selomerto,Kabupaten Wonosobo,frame,desa
33.07.06.2022,Sidorejo,Selomerto,Kabupaten Wonosobo,frame,desa
33.07.06.2023,Tumenggungan,Selomerto,Kabupaten Wonosobo,frame,desa
33.07.06.2024,Ngadimulyo,Selomerto,Kabupaten Wonosobo,frame,desa
33.07.07.1006,Kalikajar,Kalikajar,Kabupaten Wonosobo,frame,kelurahan
33.07.07.2001,Mangunrejo,Kalikajar,Kabupaten Wonosobo,frame,desa
33.07.07.2002,Mungkung,Kalikajar,Kabupaten Wonosobo,frame,desa
33.07.07.2003,Perboto,Kalikajar,Kabupaten Wonosobo,frame,desa
33.07.07.2004,Kedalon,Kalikajar,Kabupaten Wonosobo,frame,desa
33.07.07.2005,Rejosari,Kalikajar,Kabupaten Wonosobo,frame,desa
33.07.07.2007,Simbang,Kalikajar,Kabupaten Wonosobo,frame,desa
33.07.07.2008,Karangduwur,Kalikajar,Kabupaten Wonosobo,frame,desa
33.07.07.2009,Kwadungan,Kalikajar,Kabupaten Wonosobo,frame,desa
33.07.07.2010,Purwojiwo,Kalikajar,Kabupaten Wonosobo,frame,desa
33.07.07.2011,Wonosari,Kalikajar,Kabupaten Wonosobo,frame,desa
33.07.07.2012,Kalikuning,Kalikajar,Kabupaten Wonosobo,frame,desa
33.07.07.2013,Maduretno,Kalikajar,Kabupaten Wonosobo,frame,desa
33.07.07.2014,Tegalombo,Kalikajar,Kabupaten Wonosobo,frame,desa
33.07.07.2015,Kembaran,Kalikajar,Kabupaten Wonosobo,frame,desa
33.07.07.2016,lamuk,Kalikajar,Kabupaten Wonosobo,frame,desa
33.07.07.2017,Bowongso,Kalikajar,Kabupaten Wonosobo,frame,desa
33.07.07.2018,Butuh,Kalikajar,Kabupaten Wonosobo,frame,desa
33.07.07.2019,Butuh Kidul,Kalikajar,Kabupaten Wonosobo,frame,desa
33.07.08.1001,Wringinanom,Kertek,Kabupaten Wonosobo,frame,kelurahan
33.07.08.1008,Kertek,Kertek,Kabupaten Wonosobo,frame,kelurahan
33.07.08.2002,Sudungdewo,Kertek,Kabupaten Wonosobo,frame,desa
33.07.08.2003,Bejiarum,Kertek,Kabupaten Wonosobo,frame,desa
33.07.08.2004,Ngadikusuman,Kertek,Kabupaten Wonosobo,frame,desa
33.07.08.2005,Bojasari,Kertek,Kabupaten Wonosobo,frame,desa
33.07.08.2006,Surengede,Kertek,Kabupaten Wonosobo,frame,desa
33.07.08.2007,Sindupaten,Kertek,Kabupaten Wonosobo,frame,desa
33.07.08.2009,Sumberdalem,Kertek,Kabupaten Wonosobo,frame,desa
33.07.08.2010,Purwojati,Kertek,Kabupaten Wonosobo,frame,desa
33.07.08.2011,Karangluhur,Kertek,Kabupaten Wonosobo,frame,desa
33.07.08.2012,Tlogodalem,Kertek,Kabupaten Wonosobo,frame,desa
33.07.08.2013,Banjar,Kertek,Kabupaten Wonosobo,frame,desa
33.07.08.2014,Damarkasiyan,Kertek,Kabupaten Wonosobo,frame,desa
33.07.08.2015,Tlogomulyo,Kertek,Kabupaten Wonosobo,frame,desa
33.07.08.2016,Pagerejo,Kertek,Kabupaten Wonosobo,frame,desa
33.07.08.2017,Candimulyo,Kertek,Kabupaten Wonosobo,frame,desa
33.07.08.2018,Purbosono,Kertek,Kabupaten Wonosobo,frame,desa
33.07.08.2019,Candiyasan,Kertek,Kabupaten Wonosobo,frame,desa
33.07.08.2020,Kapencar,Kertek,Kabupaten Wonosobo,frame,desa
33.07.08.2021,Reco,Kertek,Kabupaten Wonosobo,frame,desa
33.07.09.1002,Tawangsari,Wonosobo,Kabupaten Wonosobo,frame,kelurahan
33.07.09.1003,Mlipak,Wonosobo,Kabupaten Wonosobo,frame,kelurahan
33.07.09.1004,Jaraksari,Wonosobo,Kabupaten Wonosobo,frame,kelurahan
33.07.09.1006,Kramatan,Wonosobo,Kabupaten Wonosobo,frame,kelurahan
33.07.09.1008,Bumireso,Wonosobo,Kabupaten Wonosobo,frame,kelurahan
33.07.09.1009,Rojoimo,Wonosobo,Kabupaten Wonosobo,frame,kelurahan
33.07.09.1010,Pagerkukuh,Wonosobo,Kabupaten Wonosobo,frame,kelurahan
33.07.09.1011,Sambek,Wonosobo,Kabupaten Wonosobo,frame,kelurahan
33.07.09.1013,Kejiwan,Wonosobo,Kabupaten Wonosobo,frame,kelurahan
33.07.09.1014,Kalianget,Wonosobo,Kabupaten Wonosobo,frame,kelurahan
33.07.09.1015,Jlamprang,Wonosobo,Kabupaten Wonosobo,frame,kelurahan
33.07.09.1020,Wonosobo Barat,Wonosobo,Kabupaten Wonosobo,frame,kelurahan
33.07.09.1021,Wonosobo Timur,Wonosobo,Kabupaten Wonosobo,frame,kelurahan
33.07.09.2001,Wonolelo,Wonosobo,Kabupaten Wonosobo,frame,desa
33.07.09.2005,Jogoyitnan,Wonosobo,Kabupaten Wonosobo,frame,desa
33.07.09.2007,Pancurwening,Wonosobo,Kabupaten Wonosobo,frame,desa
33.07.09.2016,Wonosari,Wonosobo,Kabupaten Wonosobo,frame,desa
33.07.09.2017,Bomerto,Wonosobo,Kabupaten Wonosobo,frame,desa
33.07.09.2018,Sariyoso,Wonosobo,Kabupaten Wonosobo,frame,desa
33.07.09.2019,Tlogojati,Wonosobo,Kabupaten Wonosobo,frame,desa
33.07.10.1010,Wonoroto,Watumalang,Kabupaten Wonosobo,frame,kelurahan
33.07.10.2001,Bumiroso,Watumalang,Kabupaten Wonosobo,frame,desa
33.07.10.2002,Gondang,Watumalang,Kabupaten Wonosobo,frame,desa
33.07.10.2003,Limbangan,Watumalang,Kabupaten Wonosobo,frame,desa
33.07.10.2004,Kuripan,Watumalang,Kabupaten Wonosobo,frame,desa
33.07.10.2005,Banyukembar,Watumalang,Kabupaten Wonosobo,frame,desa
33.07.10.2006,Gumawangkidul,Watumalang,Kabupaten Wonosobo,frame,desa
33.07.10.2007,Wonosroyo,Watumalang,Kabupaten Wonosobo,frame,desa
33.07.10.2008,Watumalang,Watumalang,Kabupaten Wonosobo,frame,desa
33.07.10.2009,Pasuruhan,Watumalang,Kabupaten Wonosobo,frame,desa
33.07.10.2011,Lumajang,Watumalang,Kabupaten Wonosobo,frame,desa
33.07.10.2012,Binangun,Watumalang,Kabupaten Wonosobo,frame,desa
33.07.10.2013,Wonokampir,Watumalang,Kabupaten Wonosobo,frame,desa
33.07.10.2014,Krinjing,Watumalang,Kabupaten Wonosobo,frame,desa
33.07.10.2015,Mutisari,Watumalang,Kabupaten Wonosobo,frame,desa
33.07.10.2016,Kalidesel,Watumalang,Kabupaten Wonosobo,frame,desa
33.07.11.1004,Mudal,Mojotengah,Kabupaten Wonosobo,frame,kelurahan
33.07.11.1005,Andongsili,Mojotengah,Kabupaten Wonosobo,frame,kelurahan
33.07.11.1009,Kalibeber,Mojotengah,Kabupaten Wonosobo,frame,kelurahan
33.07.11.2001,Sojopuro,Mojotengah,Kabupaten Wonosobo,frame,desa
33.07.11.2002,candirejo,Mojotengah,Kabupaten Wonosobo,frame,desa
33.07.11.2003,Keseneng,Mojotengah,Kabupaten Wonosobo,frame,desa
33.07.11.2006,Krasak,Mojotengah,Kabupaten Wonosobo,frame,desa
33.07.11.2007,Bumirejo,Mojotengah,Kabupaten Wonosobo,frame,desa
33.07.11.2008,Blederan,Mojotengah,Kabupaten Wonosobo,frame,desa
33.07.11.2010,Sukorejo,Mojotengah,Kabupaten Wonosobo,frame,desa
33.07.11.2011,Larangankulon,Mojotengah,Kabupaten Wonosobo,frame,desa
33.07.11.2012,Pungangan,Mojotengah,Kabupaten Wonosobo,frame,desa
33.07.11.2013,Gunturmadu,Mojotengah,Kabupaten Wonosobo,frame,desa
33.07.11.2014,Mojosari,Mojotengah,Kabupaten Wonosobo,frame,desa
33.07.11.2015,wonokromo,Mojotengah,Kabupaten Wonosobo,frame,desa
33.07.11.2016,Derongisor,Mojotengah,Kabupaten Wonosobo,frame,desa
33.07.11.2017,Deroduwur,Mojotengah,Kabupaten Wonosobo,frame,desa
33.07.11.2018,Slukatan,Mojotengah,Kabupaten Wonosobo,frame,desa
33.07.11.2019,Kebrengan,Mojotengah,Kabupaten Wonosobo,frame,desa
33.07.12.1005,Garung,Garung,Kabupaten Wonosobo,frame,kelurahan
33.07.12.2001,Lengkong,Garung,Kabupaten Wonosobo,frame,desa
33.07.12.2002,Gemblengan,Garung,Kabupaten Wonosobo,frame,desa
33.07.12.2003,Sendangsari,Garung,Kabupaten Wonosobo,frame,desa
33.07.12.2004,Kayugiyang,Garung,Kabupaten Wonosobo,frame,desa
33.07.12.2006,Siwuran,Garung,Kabupaten Wonosobo,frame,desa
33.07.12.2007,Kuripan,Garung,Kabupaten Wonosobo,frame,desa
33.07.12.2008,Jengkol,Garung,Kabupaten Wonosobo,frame,desa
33.07.12.2009,Tlogo,Garung,Kabupaten Wonosobo,frame,desa
33.07.12.2010,Maron,Garung,Kabupaten Wonosobo,frame,desa
33.07.12.2011,Menjer,Garung,Kabupaten Wonosobo,frame,desa
33.07.12.2012,Mlandi,Garung,Kabupaten Wonosobo,frame,desa
33.07.12.2013,Laranganlor,Garung,Kabupaten Wonosobo,frame,desa
33.07.12.2014,Sitiharjo,Garung,Kabupaten Wonosobo,frame,desa
33.07.12.2015,Tegalsari,Garung,Kabupaten Wonosobo,frame,desa
33.07.13.1008,Kejajar,Kejajar,Kabupaten Wonosobo,frame,kelurahan
33.07.13.2001,Campursari,Kejajar,Kabupaten Wonosobo,frame,desa
33.07.13.2002,Sikunang,Kejajar,Kabupaten Wonosobo,frame,desa
33.07.13.2003,Sembungan,Kejajar,Kabupaten Wonosobo,frame,desa
33.07.13.2004,Kreo,Kejajar,Kabupaten Wonosobo,frame,desa
33.07.13.2005,Tambi,Kejajar,Kabupaten Wonosobo,frame,desa
33.07.13.2006,Buntu,Kejajar,Kabupaten Wonosobo,frame,desa
33.07.13.2007,Sigedang,Kejajar,Kabupaten Wonosobo,frame,desa
33.07.13.2009,Serang,Kejajar,Kabupaten Wonosobo,frame,desa
33.07.13.2010,Tieng,Kejajar,Kabupaten Wonosobo,frame,desa
33.07.13.2011,Parikesit,Kejajar,Kabupaten Wonosobo,frame,desa
33.07.13.2012,Jojogan,Kejajar,Kabupaten Wonosobo,frame,desa
33.07.13.2013,Dieng,Kejajar,Kabupaten Wonosobo,frame,desa
33.07.13.2014,Patakbanteng,Kejajar,Kabupaten Wonosobo,frame,desa
33.07.13.2015,Surengede,Kejajar,Kabupaten Wonosobo,frame,desa
33.07.13.2016,Igirmranak,Kejajar,Kabupaten Wonosobo,frame,desa
33.07.14.2001,Kupangan,Sukoharjo,Kabupaten Wonosobo,frame,desa
33.07.14.2002,Mergosari,Sukoharjo,Kabupaten Wonosobo,frame,desa
33.07.14.2003,Sukoharjo,Sukoharjo,Kabupaten Wonosobo,frame,desa
33.07.14.2004,Rogojati,Sukoharjo,Kabupaten Wonosobo,frame,desa
33.07.14.2005,Karanganyar,Sukoharjo,Kabupaten Wonosobo,frame,desa
33.07.14.2006,Sempol,Sukoharjo,Kabupaten Wonosobo,frame,desa
33.07.14.2007,Plodongan,Sukoharjo,Kabupaten Wonosobo,frame,desa
33.07.14.2008,Suroyudan,Sukoharjo,Kabupaten Wonosobo,frame,desa
33.07.14.2009,Gumiwang,Sukoharjo,Kabupaten Wonosobo,frame,desa
33.07.14.2010,Gunungtugel,Sukoharjo,Kabupaten Wonosobo,frame,desa
33.07.14.2011,Pulus,Sukoharjo,Kabupaten Wonosobo,frame,desa
33.07.14.2012,Pucungwetan,Sukoharjo,Kabupaten Wonosobo,frame,desa
33.07.14.2013,Kajeksan,Sukoharjo,Kabupaten Wonosobo,frame,desa
33.07.14.2014,Tlogo,Sukoharjo,Kabupaten Wonosobo,frame,desa
33.07.14.2015,Kalibening,Sukoharjo,Kabupaten Wonosobo,frame,desa
33.07.14.2016,Garunglor,Sukoharjo,Kabupaten Wonosobo,frame,desa
33.07.14.2017,Jebengplampitan,Sukoharjo,Kabupaten Wonosobo,frame,desa
33.07.15.2001,Pengarengan,Kalibawang,Kabupaten Wonosobo,frame,desa
33.07.15.2002,Kalikarung,Kalibawang,Kabupaten Wonosobo,frame,desa
33.07.15.2003,Dempel,Kalibawang,Kabupaten Wonosobo,frame,desa
33.07.15.2004,Karangsambung,Kalibawang,Kabupaten Wonosobo,frame,desa
33.07.15.2005,Tempurejo,Kalibawang,Kabupaten Wonosobo,frame,desa
33.07.15.2006,Mergolangu,Kalibawang,Kabupaten Wonosobo,frame,desa
33.07.15.2007,Depok,Kalibawang,Kabupaten Wonosobo,frame,desa
33.07.15.2008,Kalialang,Kalibawang,Kabupaten Wonosobo,frame,desa
33.08.01.2001,Ngargoretno,Salaman,Kabupaten Magelang,frame,desa
33.08.01.2002,Paripurno,Salaman,Kabupaten Magelang,frame,desa
33.08.01.2003,Kalirejo,Salaman,Kabupaten Magelang,frame,desa
33.08.01.2004,Menoreh,Salaman,Kabupaten Magelang,frame,desa
33.08.01.2005,Ngadirejo,Salaman,Kabupaten Magelang,frame,desa
33.08.01.2006,Sidomulyo,Salaman,Kabupaten Magelang,frame,desa
33.08.01.2007,Kebonrejo,Salaman,Kabupaten Magelang,frame,desa
33.08.01.2008,Salaman,Salaman,Kabupaten Magelang,frame,desa
33.08.01.2009,Kalisalak,Salaman,Kabupaten Magelang,frame,desa
33.08.01.2010,Sriwedari,Salaman,Kabupaten Magelang,frame,desa
33.08.01.2011,Jebengsari,Salaman,Kabupaten Magelang,frame,desa
33.08.01.2012,Tanjunganom,Salaman,Kabupaten Magelang,frame,desa
33.08.01.2013,Banjarharjo,Salaman,Kabupaten Magelang,frame,desa
33.08.01.2014,Purwosari,Salaman,Kabupaten Magelang,frame,desa
33.08.01.2015,Ngampeldento,Salaman,Kabupaten Magelang,frame,desa
33.08.01.2016,Sidosari,Salaman,Kabupaten Magelang,frame,desa
33.08.01.2017,Sawangargo,Salaman,Kabupaten Magelang,frame,desa
33.08.01.2018,Krasak,Salaman,Kabupaten Magelang,frame,desa
33.08.01.2019,Margoyoso,Salaman,Kabupaten Magelang,frame,desa
33.08.01.2020,Kaliabu,Salaman,Kabupaten Magelang,frame,desa
33.08.02.2001,Giripurno,Borobudur,Kabupaten Magelang,frame,desa
33.08.02.2002,Giritengah,Borobudur,Kabupaten Magelang,frame,desa
33.08.02.2003,Tuksongo,Borobudur,Kabupaten Magelang,frame,desa
33.08.02.2004,Majaksingi,Borobudur,Kabupaten Magelang,frame,desa
33.08.02.2005,Kenalan,Borobudur,Kabupaten Magelang,frame,desa
33.08.02.2006,Bigaran,Borobudur,Kabupaten Magelang,frame,desa
33.08.02.2007,Sambeng,Borobudur,Kabupaten Magelang,frame,desa
33.08.02.2008,Candirejo,Borobudur,Kabupaten Magelang,frame,desa
33.08.02.2009,Ngargogondo,Borobudur,Kabupaten Magelang,frame,desa
33.08.02.2010,Wanurejo,Borobudur,Kabupaten Magelang,frame,desa
33.08.02.2011,Borobudur,Borobudur,Kabupaten Magelang,frame,desa
33.08.02.2012,Tanjungsari,Borobudur,Kabupaten Magelang,frame,desa
33.08.02.2013,Karanganyar,Borobudur,Kabupaten Magelang,frame,desa
33.08.02.2014,Karangrejo,Borobudur,Kabupaten Magelang,frame,desa
33.08.02.2015,Ngadiharjo,Borobudur,Kabupaten Magelang,frame,desa
33.08.02.2016,Kebonsari,Borobudur,Kabupaten Magelang,frame,desa
33.08.02.2017,Tegalarum,Borobudur,Kabupaten Magelang,frame,desa
33.08.02.2018,Kembanglimus,Borobudur,Kabupaten Magelang,frame,desa
33.08.02.2019,Wringinputih,Borobudur,Kabupaten Magelang,frame,desa
33.08.02.2020,Bumiharjo,Borobudur,Kabupaten Magelang,frame,desa
33.08.03.2001,Bligo,Ngluwar,Kabupaten Magelang,frame,desa
33.08.03.2002,Pakunden,Ngluwar,Kabupaten Magelang,frame,desa
33.08.03.2003,Somokaton,Ngluwar,Kabupaten Magelang,frame,desa
33.08.03.2004,Ngluwar,Ngluwar,Kabupaten Magelang,frame,desa
33.08.03.2005,Karangtalun,Ngluwar,Kabupaten Magelang,frame,desa
33.08.03.2006,Jamuskauman,Ngluwar,Kabupaten Magelang,frame,desa
33.08.03.2007,Plosogede,Ngluwar,Kabupaten Magelang,frame,desa
33.08.03.2008,Blongkeng,Ngluwar,Kabupaten Magelang,frame,desa
33.08.04.2001,Mantingan,Salam,Kabupaten Magelang,frame,desa
33.08.04.2002,Salam,Salam,Kabupaten Magelang,frame,desa
33.08.04.2003,Sucen,Salam,Kabupaten Magelang,frame,desa
33.08.04.2004,Kadiluwih,Salam,Kabupaten Magelang,frame,desa
33.08.04.2005,Somoketro,Salam,Kabupaten Magelang,frame,desa
33.08.04.2006,Jumoyo,Salam,Kabupaten Magelang,frame,desa
33.08.04.2007,Tirto,Salam,Kabupaten Magelang,frame,desa
33.08.04.2008,Baturono,Salam,Kabupaten Magelang,frame,desa
33.08.04.2009,Tersangede,Salam,Kabupaten Magelang,frame,desa
33.08.04.2010,Sirahan,Salam,Kabupaten Magelang,frame,desa
33.08.04.2011,Seloboro,Salam,Kabupaten Magelang,frame,desa
33.08.04.2012,Gulon,Salam,Kabupaten Magelang,frame,desa
33.08.05.2001,Sudimoro,Srumbung,Kabupaten Magelang,frame,desa
33.08.05.2002,Pandanretno,Srumbung,Kabupaten Magelang,frame,desa
33.08.05.2003,Kaliurang,Srumbung,Kabupaten Magelang,frame,desa
33.08.05.2004,Tegalrandu,Srumbung,Kabupaten Magelang,frame,desa
33.08.05.2005,Kamongan,Srumbung,Kabupaten Magelang,frame,desa
33.08.05.2006,Jerukagung,Srumbung,Kabupaten Magelang,frame,desa
33.08.05.2007,Kradenan,Srumbung,Kabupaten Magelang,frame,desa
33.08.05.2008,Banyuadem,Srumbung,Kabupaten Magelang,frame,desa
33.08.05.2009,Ngablak,Srumbung,Kabupaten Magelang,frame,desa
33.08.05.2010,Srumbung,Srumbung,Kabupaten Magelang,frame,desa
33.08.05.2011,Bringin,Srumbung,Kabupaten Magelang,frame,desa
33.08.05.2012,Mranggen,Srumbung,Kabupaten Magelang,frame,desa
33.08.05.2013,Ngargosoko,Srumbung,Kabupaten Magelang,frame,desa
33.08.05.2014,Polengan,Srumbung,Kabupaten Magelang,frame,desa
33.08.05.2015,Pucanganom,Srumbung,Kabupaten Magelang,frame,desa
33.08.05.2016,Kemiren,Srumbung,Kabupaten Magelang,frame,desa
33.08.05.2017,Nglumut,Srumbung,Kabupaten Magelang,frame,desa
33.08.06.2001,Ketunggeng,Dukun,Kabupaten Magelang,frame,desa
33.08.06.2002,Wates,Dukun,Kabupaten Magelang,frame,desa
33.08.06.2003,Ngadipuro,Dukun,Kabupaten Magelang,frame,desa
33.08.06.2004,Banyubiru,Dukun,Kabupaten Magelang,frame,desa
33.08.06.2005,Banyudono,Dukun,Kabupaten Magelang,frame,desa
33.08.06.2006,Dukun,Dukun,Kabupaten Magelang,frame,desa
33.08.06.2007,Kalibening,Dukun,Kabupaten Magelang,frame,desa
33.08.06.2008,Ngargomulyo,Dukun,Kabupaten Magelang,frame,desa
33.08.06.2009,Sumber,Dukun,Kabupaten Magelang,frame,desa
33.08.06.2010,Mangunsoko,Dukun,Kabupaten Magelang,frame,desa
33.08.06.2011,Sewukan,Dukun,Kabupaten Magelang,frame,desa
33.08.06.2012,Sengi,Dukun,Kabupaten Magelang,frame,desa
33.08.06.2013,Paten,Dukun,Kabupaten Magelang,frame,desa
33.08.06.2014,Krinjing,Dukun,Kabupaten Magelang,frame,desa
33.08.06.2015,Keningar,Dukun,Kabupaten Magelang,frame,desa
33.08.07.2001,Gondowangi,Sawangan,Kabupaten Magelang,frame,desa
33.08.07.2002,Sawangan,Sawangan,Kabupaten Magelang,frame,desa
33.08.07.2003,Krogowanan,Sawangan,Kabupaten Magelang,frame,desa
33.08.07.2004,Kapuhan,Sawangan,Kabupaten Magelang,frame,desa
33.08.07.2005,Ketep,Sawangan,Kabupaten Magelang,frame,desa
33.08.07.2006,Wonolelo,Sawangan,Kabupaten Magelang,frame,desa
33.08.07.2007,Banyuroto,Sawangan,Kabupaten Magelang,frame,desa
33.08.07.2008,Wulunggunung,Sawangan,Kabupaten Magelang,frame,desa
33.08.07.2009,Gantang,Sawangan,Kabupaten Magelang,frame,desa
33.08.07.2010,Jati,Sawangan,Kabupaten Magelang,frame,desa
33.08.07.2011,Butuh,Sawangan,Kabupaten Magelang,frame,desa
33.08.07.2012,Mangunsari,Sawangan,Kabupaten Magelang,frame,desa
33.08.07.2013,Tirtosari,Sawangan,Kabupaten Magelang,frame,desa
33.08.07.2014,Podosoko,Sawangan,Kabupaten Magelang,frame,desa
33.08.07.2015,Soronalan,Sawangan,Kabupaten Magelang,frame,desa
33.08.08.1014,Muntilan,Muntilan,Kabupaten Magelang,frame,kelurahan
33.08.08.2001,Tanjung,Muntilan,Kabupaten Magelang,frame,desa
33.08.08.2002,Sokorini,Muntilan,Kabupaten Magelang,frame,desa
33.08.08.2003,Sriwedari,Muntilan,Kabupaten Magelang,frame,desa
33.08.08.2004,Congkrang,Muntilan,Kabupaten Magelang,frame,desa
33.08.08.2005,Adikarto,Muntilan,Kabupaten Magelang,frame,desa
33.08.08.2006,Menayu,Muntilan,Kabupaten Magelang,frame,desa
33.08.08.2007,Keji,Muntilan,Kabupaten Magelang,frame,desa
33.08.08.2008,Ngawen,Muntilan,Kabupaten Magelang,frame,desa
33.08.08.2009,Gunungpring,Muntilan,Kabupaten Magelang,frame,desa
33.08.08.2010,Pucungrejo,Muntilan,Kabupaten Magelang,frame,desa
33.08.08.2011,Tamanagung,Muntilan,Kabupaten Magelang,frame,desa
33.08.08.2012,Gondosuli,Muntilan,Kabupaten Magelang,frame,desa
33.08.08.2013,Sedayu,Muntilan,Kabupaten Magelang,frame,desa
33.08.09.1003,Mendut,Mungkid,Kabupaten Magelang,frame,kelurahan
33.08.09.1004,Sawitan,Mungkid,Kabupaten Magelang,frame,kelurahan
33.08.09.2001,Progowati,Mungkid,Kabupaten Magelang,frame,desa
33.08.09.2002,Ngrajek,Mungkid,Kabupaten Magelang,frame,desa
33.08.09.2005,Rambeanak,Mungkid,Kabupaten Magelang,frame,desa
33.08.09.2006,Paremono,Mungkid,Kabupaten Magelang,frame,desa
33.08.09.2007,Pabelan,Mungkid,Kabupaten Magelang,frame,desa
33.08.09.2008,Bojong,Mungkid,Kabupaten Magelang,frame,desa
33.08.09.2009,Pagersari,Mungkid,Kabupaten Magelang,frame,desa
33.08.09.2010,Mungkid,Mungkid,Kabupaten Magelang,frame,desa
33.08.09.2011,Ambartawang,Mungkid,Kabupaten Magelang,frame,desa
33.08.09.2012,Bumirejo,Mungkid,Kabupaten Magelang,frame,desa
33.08.09.2013,Blondo,Mungkid,Kabupaten Magelang,frame,desa
33.08.09.2014,Senden,Mungkid,Kabupaten Magelang,frame,desa
33.08.09.2015,Gondang,Mungkid,Kabupaten Magelang,frame,desa
33.08.09.2016,Treko,Mungkid,Kabupaten Magelang,frame,desa
33.08.10.1009,Sumberrejo,Mertoyudan,Kabupaten Magelang,frame,kelurahan
33.08.10.2001,Deyangan,Mertoyudan,Kabupaten Magelang,frame,desa
33.08.10.2002,Pasuruhan,Mertoyudan,Kabupaten Magelang,frame,desa
33.08.10.2003,Donorojo,Mertoyudan,Kabupaten Magelang,frame,desa
33.08.10.2004,Kalinegoro,Mertoyudan,Kabupaten Magelang,frame,desa
33.08.10.2005,Jogonegoro,Mertoyudan,Kabupaten Magelang,frame,desa
33.08.10.2006,Sukorejo,Mertoyudan,Kabupaten Magelang,frame,desa
33.08.10.2007,Bondowoso,Mertoyudan,Kabupaten Magelang,frame,desa
33.08.10.2008,Danurejo,Mertoyudan,Kabupaten Magelang,frame,desa
33.08.10.2010,Banyurojo,Mertoyudan,Kabupaten Magelang,frame,desa
33.08.10.2011,Banjarnegoro,Mertoyudan,Kabupaten Magelang,frame,desa
33.08.10.2012,Bulurejo,Mertoyudan,Kabupaten Magelang,frame,desa
33.08.10.2013,Mertoyudan,Mertoyudan,Kabupaten Magelang,frame,desa
33.08.11.2001,Ringinanom,Tempuran,Kabupaten Magelang,frame,desa
33.08.11.2002,Sumberarum,Tempuran,Kabupaten Magelang,frame,desa
33.08.11.2003,Sidoagung,Tempuran,Kabupaten Magelang,frame,desa
33.08.11.2004,Tanggulrejo,Tempuran,Kabupaten Magelang,frame,desa
33.08.11.2005,Kalisari,Tempuran,Kabupaten Magelang,frame,desa
33.08.11.2006,Girirejo,Tempuran,Kabupaten Magelang,frame,desa
33.08.11.2007,Tempurejo,Tempuran,Kabupaten Magelang,frame,desa
33.08.11.2008,Prajeksari,Tempuran,Kabupaten Magelang,frame,desa
33.08.11.2009,Jogomulyo,Tempuran,Kabupaten Magelang,frame,desa
33.08.11.2010,Growong,Tempuran,Kabupaten Magelang,frame,desa
33.08.11.2011,Temanggal,Tempuran,Kabupaten Magelang,frame,desa
33.08.11.2012,Pringombo,Tempuran,Kabupaten Magelang,frame,desa
33.08.11.2013,Kemutuk,Tempuran,Kabupaten Magelang,frame,desa
33.08.11.2014,Bawang,Tempuran,Kabupaten Magelang,frame,desa
33.08.11.2015,Tugurejo,Tempuran,Kabupaten Magelang,frame,desa
33.08.12.2001,Wonogiri,Kajoran,Kabupaten Magelang,frame,desa
33.08.12.2002,Kwaderan,Kajoran,Kabupaten Magelang,frame,desa
33.08.12.2003,Madukoro,Kajoran,Kabupaten Magelang,frame,desa
33.08.12.2004,Bumiayu,Kajoran,Kabupaten Magelang,frame,desa
33.08.12.2005,Madugondo,Kajoran,Kabupaten Magelang,frame,desa
33.08.12.2006,Ngargosari,Kajoran,Kabupaten Magelang,frame,desa
33.08.12.2007,Ngendrosari,Kajoran,Kabupaten Magelang,frame,desa
33.08.12.2008,Lesanpuro,Kajoran,Kabupaten Magelang,frame,desa
33.08.12.2009,Banjaretno,Kajoran,Kabupaten Magelang,frame,desa
33.08.12.2010,Krinjing,Kajoran,Kabupaten Magelang,frame,desa
33.08.12.2011,Bangsri,Kajoran,Kabupaten Magelang,frame,desa
33.08.12.2012,Wadas,Kajoran,Kabupaten Magelang,frame,desa
33.08.12.2013,Kajoran,Kajoran,Kabupaten Magelang,frame,desa
33.08.12.2014,Mangunrejo,Kajoran,Kabupaten Magelang,frame,desa
33.08.12.2015,Sambak,Kajoran,Kabupaten Magelang,frame,desa
33.08.12.2016,Bambusari,Kajoran,Kabupaten Magelang,frame,desa
33.08.12.2017,Wuwuharjo,Kajoran,Kabupaten Magelang,frame,desa
33.08.12.2018,Pandansari,Kajoran,Kabupaten Magelang,frame,desa
33.08.12.2019,Pandanretno,Kajoran,Kabupaten Magelang,frame,desa
33.08.12.2020,Krumpakan,Kajoran,Kabupaten Magelang,frame,desa
33.08.12.2021,Banjaragung,Kajoran,Kabupaten Magelang,frame,desa
33.08.12.2022,Sangen,Kajoran,Kabupaten Magelang,frame,desa
33.08.12.2023,Pucungroto,Kajoran,Kabupaten Magelang,frame,desa
33.08.12.2024,Sidorejo,Kajoran,Kabupaten Magelang,frame,desa
33.08.12.2025,Sidowangi,Kajoran,Kabupaten Magelang,frame,desa
33.08.12.2026,Sukomulyo,Kajoran,Kabupaten Magelang,frame,desa
33.08.12.2027,Sukorejo,Kajoran,Kabupaten Magelang,frame,desa
33.08.12.2028,Sutopati,Kajoran,Kabupaten Magelang,frame,desa
33.08.12.2029,Sukomakmur,Kajoran,Kabupaten Magelang,frame,desa
33.08.13.2001,Kaliangkrik,Kaliangkrik,Kabupaten Magelang,frame,desa
33.08.13.2002,Ngawonggo,Kaliangkrik,Kabupaten Magelang,frame,desa
33.08.13.2003,Munggangsari,Kaliangkrik,Kabupaten Magelang,frame,desa
33.08.13.2004,Ngargosoko,Kaliangkrik,Kabupaten Magelang,frame,desa
33.08.13.2005,Ngendrokilo,Kaliangkrik,Kabupaten Magelang,frame,desa
33.08.13.2006,Maduretno,Kaliangkrik,Kabupaten Magelang,frame,desa
33.08.13.2007,Temanggung,Kaliangkrik,Kabupaten Magelang,frame,desa
33.08.13.2008,Pengarengan,Kaliangkrik,Kabupaten Magelang,frame,desa
33.08.13.2009,Mangli,Kaliangkrik,Kabupaten Magelang,frame,desa
33.08.13.2010,Selomoyo,Kaliangkrik,Kabupaten Magelang,frame,desa
33.08.13.2011,Banjarejo,Kaliangkrik,Kabupaten Magelang,frame,desa
33.08.13.2012,Giriwarno,Kaliangkrik,Kabupaten Magelang,frame,desa
33.08.13.2013,Girirejo,Kaliangkrik,Kabupaten Magelang,frame,desa
33.08.13.2014,Kebonlegi,Kaliangkrik,Kabupaten Magelang,frame,desa
33.08.13.2015,Balerejo,Kaliangkrik,Kabupaten Magelang,frame,desa
33.08.13.2016,Beseran,Kaliangkrik,Kabupaten Magelang,frame,desa
33.08.13.2017,Bumirejo,Kaliangkrik,Kabupaten Magelang,frame,desa
33.08.13.2018,Ketangi,Kaliangkrik,Kabupaten Magelang,frame,desa
33.08.13.2019,Balekerto,Kaliangkrik,Kabupaten Magelang,frame,desa
33.08.13.2020,Adipuro,Kaliangkrik,Kabupaten Magelang,frame,desa
33.08.14.2001,Bandongan,Bandongan,Kabupaten Magelang,frame,desa
33.08.14.2002,Salamkanci,Bandongan,Kabupaten Magelang,frame,desa
33.08.14.2003,Sukosari,Bandongan,Kabupaten Magelang,frame,desa
33.08.14.2004,Tonoboyo,Bandongan,Kabupaten Magelang,frame,desa
33.08.14.2005,Gandusari,Bandongan,Kabupaten Magelang,frame,desa
33.08.14.2006,Sidorejo,Bandongan,Kabupaten Magelang,frame,desa
33.08.14.2007,Trasan,Bandongan,Kabupaten Magelang,frame,desa
33.08.14.2008,Banyuwangi,Bandongan,Kabupaten Magelang,frame,desa
33.08.14.2009,Kedungsari,Bandongan,Kabupaten Magelang,frame,desa
33.08.14.2010,Sukodadi,Bandongan,Kabupaten Magelang,frame,desa
33.08.14.2011,Kebonagung,Bandongan,Kabupaten Magelang,frame,desa
33.08.14.2012,Kalegen,Bandongan,Kabupaten Magelang,frame,desa
33.08.14.2013,Ngepanrejo,Bandongan,Kabupaten Magelang,frame,desa
33.08.14.2014,Rejosari,Bandongan,Kabupaten Magelang,frame,desa
33.08.15.2001,Surojoyo,Candimulyo,Kabupaten Magelang,frame,desa
33.08.15.2002,Tempak,Candimulyo,Kabupaten Magelang,frame,desa
33.08.15.2003,Sidomulyo,Candimulyo,Kabupaten Magelang,frame,desa
33.08.15.2004,Mejing,Candimulyo,Kabupaten Magelang,frame,desa
33.08.15.2005,Purworejo,Candimulyo,Kabupaten Magelang,frame,desa
33.08.15.2006,Candimulyo,Candimulyo,Kabupaten Magelang,frame,desa
33.08.15.2007,Giyanti,Candimulyo,Kabupaten Magelang,frame,desa
33.08.15.2008,Kembaran,Candimulyo,Kabupaten Magelang,frame,desa
33.08.15.2009,Tegalsari,Candimulyo,Kabupaten Magelang,frame,desa
33.08.15.2010,Podosoko,Candimulyo,Kabupaten Magelang,frame,desa
33.08.15.2011,Tampirkulon,Candimulyo,Kabupaten Magelang,frame,desa
33.08.15.2012,Tempursari,Candimulyo,Kabupaten Magelang,frame,desa
33.08.15.2013,Kebonrejo,Candimulyo,Kabupaten Magelang,frame,desa
33.08.15.2014,Tampirwetan,Candimulyo,Kabupaten Magelang,frame,desa
33.08.15.2015,Tembelang,Candimulyo,Kabupaten Magelang,frame,desa
33.08.15.2016,Sonorejo,Candimulyo,Kabupaten Magelang,frame,desa
33.08.15.2017,Trenten,Candimulyo,Kabupaten Magelang,frame,desa
33.08.15.2018,Bateh,Candimulyo,Kabupaten Magelang,frame,desa
33.08.15.2019,Surodadi,Candimulyo,Kabupaten Magelang,frame,desa
33.08.16.2001,Pakis,Pakis,Kabupaten Magelang,frame,desa
33.08.16.2002,Banyusidi,Pakis,Kabupaten Magelang,frame,desa
33.08.16.2003,Losari,Pakis,Kabupaten Magelang,frame,desa
33.08.16.2004,Daseh,Pakis,Kabupaten Magelang,frame,desa
33.08.16.2005,Gumelem,Pakis,Kabupaten Magelang,frame,desa
33.08.16.2006,Kaponan,Pakis,Kabupaten Magelang,frame,desa
33.08.16.2007,Kragilan,Pakis,Kabupaten Magelang,frame,desa
33.08.16.2008,Ketundan,Pakis,Kabupaten Magelang,frame,desa
33.08.16.2009,Daleman Kidul,Pakis,Kabupaten Magelang,frame,desa
33.08.16.2010,Petung,Pakis,Kabupaten Magelang,frame,desa
33.08.16.2011,Bawang,Pakis,Kabupaten Magelang,frame,desa
33.08.16.2012,Rejosari,Pakis,Kabupaten Magelang,frame,desa
33.08.16.2013,Kajangkoso,Pakis,Kabupaten Magelang,frame,desa
33.08.16.2014,Munengwarangan,Pakis,Kabupaten Magelang,frame,desa
33.08.16.2015,Gondangsari,Pakis,Kabupaten Magelang,frame,desa
33.08.16.2016,Kenalan,Pakis,Kabupaten Magelang,frame,desa
33.08.16.2017,Pogalan,Pakis,Kabupaten Magelang,frame,desa
33.08.16.2018,Gejagan,Pakis,Kabupaten Magelang,frame,desa
33.08.16.2019,Muneng,Pakis,Kabupaten Magelang,frame,desa
33.08.16.2020,Jambewangi,Pakis,Kabupaten Magelang,frame,desa
33.08.17.2001,Ngablak,Ngablak,Kabupaten Magelang,frame,desa
33.08.17.2002,Jogonayan,Ngablak,Kabupaten Magelang,frame,desa
33.08.17.2003,Tejosari,Ngablak,Kabupaten Magelang,frame,desa
33.08.17.2004,Sumberejo,Ngablak,Kabupaten Magelang,frame,desa
33.08.17.2005,Girirejo,Ngablak,Kabupaten Magelang,frame,desa
33.08.17.2006,Pandean,Ngablak,Kabupaten Magelang,frame,desa
33.08.17.2007,Genikan,Ngablak,Kabupaten Magelang,frame,desa
33.08.17.2008,Bandungrejo,Ngablak,Kabupaten Magelang,frame,desa
33.08.17.2009,Madyogondo,Ngablak,Kabupaten Magelang,frame,desa
33.08.17.2010,Jogoyasan,Ngablak,Kabupaten Magelang,frame,desa
33.08.17.2011,Keditan,Ngablak,Kabupaten Magelang,frame,desa
33.08.17.2012,Magersari,Ngablak,Kabupaten Magelang,frame,desa
33.08.17.2013,Kanigoro,Ngablak,Kabupaten Magelang,frame,desa
33.08.17.2014,Selomirah,Ngablak,Kabupaten Magelang,frame,desa
33.08.17.2015,Pagergunung,Ngablak,Kabupaten Magelang,frame,desa
33.08.17.2016,Seloprojo,Ngablak,Kabupaten Magelang,frame,desa
33.08.18.2001,Grabag,Grabag,Kabupaten Magelang,frame,desa
33.08.18.2002,Sumurarum,Grabag,Kabupaten Magelang,frame,desa
33.08.18.2003,Banyusari,Grabag,Kabupaten Magelang,frame,desa
33.08.18.2004,Kartoharjo,Grabag,Kabupaten Magelang,frame,desa
33.08.18.2005,Sidogede,Grabag,Kabupaten Magelang,frame,desa
33.08.18.2006,Citrosono,Grabag,Kabupaten Magelang,frame,desa
33.08.18.2007,Kleteran,Grabag,Kabupaten Magelang,frame,desa
33.08.18.2008,Ngasinan,Grabag,Kabupaten Magelang,frame,desa
33.08.18.2009,Banaran,Grabag,Kabupaten Magelang,frame,desa
33.08.18.2010,Baleagung,Grabag,Kabupaten Magelang,frame,desa
33.08.18.2011,Klegen,Grabag,Kabupaten Magelang,frame,desa
33.08.18.2012,Kalikuto,Grabag,Kabupaten Magelang,frame,desa
33.08.18.2013,Kalipucang,Grabag,Kabupaten Magelang,frame,desa
33.08.18.2014,Seworan,Grabag,Kabupaten Magelang,frame,desa
33.08.18.2015,Banjarsari,Grabag,Kabupaten Magelang,frame,desa
33.08.18.2016,Sambungrejo,Grabag,Kabupaten Magelang,frame,desa
33.08.18.2017,Tlogorejo,Grabag,Kabupaten Magelang,frame,desa
33.08.18.2018,Tirto,Grabag,Kabupaten Magelang,frame,desa
33.08.18.2019,Ketawang,Grabag,Kabupaten Magelang,frame,desa
33.08.18.2020,Salam,Grabag,Kabupaten Magelang,frame,desa
33.08.18.2021,Cokro,Grabag,Kabupaten Magelang,frame,desa
33.08.18.2022,Losari,Grabag,Kabupaten Magelang,frame,desa
33.08.18.2023,Ngrancah,Grabag,Kabupaten Magelang,frame,desa
33.08.18.2024,Sugihmas,Grabag,Kabupaten Magelang,frame,desa
33.08.18.2025,Pesidi,Grabag,Kabupaten Magelang,frame,desa
33.08.18.2026,Giriwetan,Grabag,Kabupaten Magelang,frame,desa
33.08.18.2027,Pucungsari,Grabag,Kabupaten Magelang,frame,desa
33.08.18.2028,Lebak,Grabag,Kabupaten Magelang,frame,desa
33.08.19.2001,Tegalrejo,Tegalrejo,Kabupaten Magelang,frame,desa
33.08.19.2002,Soroyudan,Tegalrejo,Kabupaten Magelang,frame,desa
33.08.19.2003,Sidorejo,Tegalrejo,Kabupaten Magelang,frame,desa
33.08.19.2004,Purwosari,Tegalrejo,Kabupaten Magelang,frame,desa
33.08.19.2005,Dlimas,Tegalrejo,Kabupaten Magelang,frame,desa
33.08.19.2006,Banyusari,Tegalrejo,Kabupaten Magelang,frame,desa
33.08.19.2007,Sukorejo,Tegalrejo,Kabupaten Magelang,frame,desa
33.08.19.2008,Tampingan,Tegalrejo,Kabupaten Magelang,frame,desa
33.08.19.2009,Banyuurip,Tegalrejo,Kabupaten Magelang,frame,desa
33.08.19.2010,Glagahombo,Tegalrejo,Kabupaten Magelang,frame,desa
33.08.19.2011,Purwodadi,Tegalrejo,Kabupaten Magelang,frame,desa
33.08.19.2012,Wonokerto,Tegalrejo,Kabupaten Magelang,frame,desa
33.08.19.2013,Dawung,Tegalrejo,Kabupaten Magelang,frame,desa
33.08.19.2014,Klopo,Tegalrejo,Kabupaten Magelang,frame,desa
33.08.19.2015,Japan,Tegalrejo,Kabupaten Magelang,frame,desa
33.08.19.2016,Kebonagung,Tegalrejo,Kabupaten Magelang,frame,desa
33.08.19.2017,Ngasem,Tegalrejo,Kabupaten Magelang,frame,desa
33.08.19.2018,Girirejo,Tegalrejo,Kabupaten Magelang,frame,desa
33.08.19.2019,Ngadirejo,Tegalrejo,Kabupaten Magelang,frame,desa
33.08.19.2020,Donorejo,Tegalrejo,Kabupaten Magelang,frame,desa
33.08.19.2021,Mangunrejo,Tegalrejo,Kabupaten Magelang,frame,desa
33.08.20.1001,Secang,Secang,Kabupaten Magelang,frame,kelurahan
33.08.20.2002,Madusari,Secang,Kabupaten Magelang,frame,desa
33.08.20.2003,Madyocondro,Secang,Kabupaten Magelang,frame,desa
33.08.20.2004,Ngabean,Secang,Kabupaten Magelang,frame,desa
33.08.20.2005,Krincing,Secang,Kabupaten Magelang,frame,desa
33.08.20.2006,Donorejo,Secang,Kabupaten Magelang,frame,desa
33.08.20.2007,Candisari,Secang,Kabupaten Magelang,frame,desa
33.08.20.2008,Candiretno,Secang,Kabupaten Magelang,frame,desa
33.08.20.2009,Pancuranmas,Secang,Kabupaten Magelang,frame,desa
33.08.20.2010,Jambewangi,Secang,Kabupaten Magelang,frame,desa
33.08.20.2011,Payaman,Secang,Kabupaten Magelang,frame,desa
33.08.20.2012,Kalijoso,Secang,Kabupaten Magelang,frame,desa
33.08.20.2013,Ngadirojo,Secang,Kabupaten Magelang,frame,desa
33.08.20.2014,Karangkajen,Secang,Kabupaten Magelang,frame,desa
33.08.20.2015,Sidomulyo,Secang,Kabupaten Magelang,frame,desa
33.08.20.2016,Pucang,Secang,Kabupaten Magelang,frame,desa
33.08.20.2017,Purwosari,Secang,Kabupaten Magelang,frame,desa
33.08.20.2018,Donomulyo,Secang,Kabupaten Magelang,frame,desa
33.08.20.2019,Girikulon,Secang,Kabupaten Magelang,frame,desa
33.08.20.2020,Pirikan,Secang,Kabupaten Magelang,frame,desa
33.08.21.2001,Windusari,Windusari,Kabupaten Magelang,frame,desa
33.08.21.2002,Pasangsari,Windusari,Kabupaten Magelang,frame,desa
33.08.21.2003,Candisari,Windusari,Kabupaten Magelang,frame,desa
33.08.21.2004,Bandarsedayu,Windusari,Kabupaten Magelang,frame,desa
33.08.21.2005,Banjarsari,Windusari,Kabupaten Magelang,frame,desa
33.08.21.2006,Balesari,Windusari,Kabupaten Magelang,frame,desa
33.08.21.2007,Kembangkuning,Windusari,Kabupaten Magelang,frame,desa
33.08.21.2008,Tanjungsari,Windusari,Kabupaten Magelang,frame,desa
33.08.21.2009,Wonoroto,Windusari,Kabupaten Magelang,frame,desa
33.08.21.2010,Genito,Windusari,Kabupaten Magelang,frame,desa
33.08.21.2011,Kentengsari,Windusari,Kabupaten Magelang,frame,desa
33.08.21.2012,Umbulsari,Windusari,Kabupaten Magelang,frame,desa
33.08.21.2013,Semen,Windusari,Kabupaten Magelang,frame,desa
33.08.21.2014,Dampit,Windusari,Kabupaten Magelang,frame,desa
33.08.21.2015,Girimulyo,Windusari,Kabupaten Magelang,frame,desa
33.08.21.2016,Ngemplak,Windusari,Kabupaten Magelang,frame,desa
33.08.21.2017,Gunungsari,Windusari,Kabupaten Magelang,frame,desa
33.08.21.2018,Kalijoso,Windusari,Kabupaten Magelang,frame,desa
33.08.21.2019,Mangunsari,Windusari,Kabupaten Magelang,frame,desa
33.08.21.2020,Gondangrejo,Windusari,Kabupaten Magelang,frame,desa
33.09.01.2001,Tlogolele,Selo,Kabupaten Boyolali,buffer,desa
33.09.01.2002,Klakah,Selo,Kabupaten Boyolali,buffer,desa
33.09.01.2003,Jrakah,Selo,Kabupaten Boyolali,buffer,desa
33.09.01.2004,Lencoh,Selo,Kabupaten Boyolali,buffer,desa
33.09.01.2005,Suroteleng,Selo,Kabupaten Boyolali,buffer,desa
33.09.01.2006,Samiran,Selo,Kabupaten Boyolali,buffer,desa
33.09.01.2007,Selo,Selo,Kabupaten Boyolali,buffer,desa
33.09.01.2008,Tarubatang,Selo,Kabupaten Boyolali,buffer,desa
33.09.01.2009,Senden,Selo,Kabupaten Boyolali,buffer,desa
33.09.01.2010,Jeruk,Selo,Kabupaten Boyolali,buffer,desa
33.09.02.2002,Tanduk,Ampel,Kabupaten Boyolali,buffer,desa
33.09.02.2003,Banyuanyar,Ampel,Kabupaten Boyolali,buffer,desa
33.09.02.2004,Sidomulyo,Ampel,Kabupaten Boyolali,buffer,desa
33.09.02.2005,Ngargosari,Ampel,Kabupaten Boyolali,buffer,desa
33.09.02.2006,Selodoko,Ampel,Kabupaten Boyolali,buffer,desa
33.09.02.2007,Ngenden,Ampel,Kabupaten Boyolali,buffer,desa
33.09.02.2008,Ngampon,Ampel,Kabupaten Boyolali,buffer,desa
33.09.02.2009,Gondangslamet,Ampel,Kabupaten Boyolali,buffer,desa
33.09.02.2010,Candi,Ampel,Kabupaten Boyolali,buffer,desa
33.09.02.2011,Urutsewu,Ampel,Kabupaten Boyolali,buffer,desa
33.09.03.2001,Wonodoyo,Cepogo,Kabupaten Boyolali,buffer,desa
33.09.03.2002,Jombong,Cepogo,Kabupaten Boyolali,buffer,desa
33.09.03.2003,Gedangan,Cepogo,Kabupaten Boyolali,buffer,desa
33.09.03.2004,Sumbung,Cepogo,Kabupaten Boyolali,buffer,desa
33.09.03.2005,Paras,Cepogo,Kabupaten Boyolali,buffer,desa
33.09.03.2006,Jelok,Cepogo,Kabupaten Boyolali,buffer,desa
33.09.03.2007,Bakulan,Cepogo,Kabupaten Boyolali,buffer,desa
33.09.03.2008,Candigatak,Cepogo,Kabupaten Boyolali,buffer,desa
33.09.03.2009,Cabeankunti,Cepogo,Kabupaten Boyolali,buffer,desa
33.09.03.2010,Mliwis,Cepogo,Kabupaten Boyolali,buffer,desa
33.09.03.2011,Sukabumi,Cepogo,Kabupaten Boyolali,buffer,desa
33.09.03.2012,Genting,Cepogo,Kabupaten Boyolali,buffer,desa
33.09.03.2013,Cepogo,Cepogo,Kabupaten Boyolali,buffer,desa
33.09.03.2014,Kembangkuning,Cepogo,Kabupaten Boyolali,buffer,desa
33.09.03.2015,Gubug,Cepogo,Kabupaten Boyolali,buffer,desa
33.09.04.2011,Pagerjurang,Musuk,Kabupaten Boyolali,buffer,desa
33.09.04.2012,Sukorejo,Musuk,Kabupaten Boyolali,buffer,desa
33.09.04.2013,Sruni,Musuk,Kabupaten Boyolali,buffer,desa
33.09.04.2014,Cluntang,Musuk,Kabupaten Boyolali,buffer,desa
33.09.04.2015,Kembangsari,Musuk,Kabupaten Boyolali,buffer,desa
33.09.04.2016,Ringinlarik,Musuk,Kabupaten Boyolali,buffer,desa
33.09.04.2017,Kebongulo,Musuk,Kabupaten Boyolali,buffer,desa
33.09.04.2018,Musuk,Musuk,Kabupaten Boyolali,buffer,desa
33.09.04.2019,Sukorame,Musuk,Kabupaten Boyolali,buffer,desa
33.09.04.2020,Pusporenggo,Musuk,Kabupaten Boyolali,buffer,desa
33.09.05.1001,Pulisen,Boyolali,Kabupaten Boyolali,buffer,kelurahan
33.09.05.1002,Siswodipuran,Boyolali,Kabupaten Boyolali,buffer,kelurahan
33.09.05.1004,Banaran,Boyolali,Kabupaten Boyolali,buffer,kelurahan
33.09.05.2003,Karanggeneng,Boyolali,Kabupaten Boyolali,buffer,desa
33.09.05.2005,Winong,Boyolali,Kabupaten Boyolali,buffer,desa
33.09.05.2006,Penggung,Boyolali,Kabupaten Boyolali,buffer,desa
33.09.05.2007,Kiringan,Boyolali,Kabupaten Boyolali,buffer,desa
33.09.05.2008,Mudal,Boyolali,Kabupaten Boyolali,buffer,desa
33.09.05.2009,Kebonbimo,Boyolali,Kabupaten Boyolali,buffer,desa
33.09.06.1007,Kemiri,Mojosongo,Kabupaten Boyolali,buffer,kelurahan
33.09.06.1009,Mojosongo,Mojosongo,Kabupaten Boyolali,buffer,kelurahan
33.09.06.2001,Madu,Mojosongo,Kabupaten Boyolali,buffer,desa
33.09.06.2002,Singosari,Mojosongo,Kabupaten Boyolali,buffer,desa
33.09.06.2003,Tambak,Mojosongo,Kabupaten Boyolali,buffer,desa
33.09.06.2004,Manggis,Mojosongo,Kabupaten Boyolali,buffer,desa
33.09.06.2005,Jurug,Mojosongo,Kabupaten Boyolali,buffer,desa
33.09.06.2006,Karangnongko,Mojosongo,Kabupaten Boyolali,buffer,desa
33.09.06.2008,Butuh,Mojosongo,Kabupaten Boyolali,buffer,desa
33.09.06.2010,Kragilan,Mojosongo,Kabupaten Boyolali,buffer,desa
33.09.06.2011,Brajan,Mojosongo,Kabupaten Boyolali,buffer,desa
33.09.06.2012,Metuk,Mojosongo,Kabupaten Boyolali,buffer,desa
33.09.06.2013,Dlingo,Mojosongo,Kabupaten Boyolali,buffer,desa
33.09.07.2001,Kopen,Teras,Kabupaten Boyolali,buffer,desa
33.09.07.2002,Doplang,Teras,Kabupaten Boyolali,buffer,desa
33.09.07.2003,Kadireso,Teras,Kabupaten Boyolali,buffer,desa
33.09.07.2004,Nepen,Teras,Kabupaten Boyolali,buffer,desa
33.09.07.2005,Sudimoro,Teras,Kabupaten Boyolali,buffer,desa
33.09.07.2006,Bangsalan,Teras,Kabupaten Boyolali,buffer,desa
33.09.07.2007,Salakan,Teras,Kabupaten Boyolali,buffer,desa
33.09.07.2008,Teras,Teras,Kabupaten Boyolali,buffer,desa
33.09.07.2009,Randusari,Teras,Kabupaten Boyolali,buffer,desa
33.09.07.2010,Mojolegi,Teras,Kabupaten Boyolali,buffer,desa
33.09.07.2011,Gumukrejo,Teras,Kabupaten Boyolali,buffer,desa
33.09.07.2012,Tawangsari,Teras,Kabupaten Boyolali,buffer,desa
33.09.07.2013,Krasak,Teras,Kabupaten Boyolali,buffer,desa
33.09.08.2001,Kateguhan,Sawit,Kabupaten Boyolali,buffer,desa
33.09.08.2002,Manjung,Sawit,Kabupaten Boyolali,buffer,desa
33.09.08.2003,Gombang,Sawit,Kabupaten Boyolali,buffer,desa
33.09.08.2004,Tegalrejo,Sawit,Kabupaten Boyolali,buffer,desa
33.09.08.2005,Tlawong,Sawit,Kabupaten Boyolali,buffer,desa
33.09.08.2006,Jenengan,Sawit,Kabupaten Boyolali,buffer,desa
33.09.08.2007,Cepokosawit,Sawit,Kabupaten Boyolali,buffer,desa
33.09.08.2008,Kemasan,Sawit,Kabupaten Boyolali,buffer,desa
33.09.08.2009,Jatirejo,Sawit,Kabupaten Boyolali,buffer,desa
33.09.08.2010,Bendosari,Sawit,Kabupaten Boyolali,buffer,desa
33.09.08.2011,Karangduren,Sawit,Kabupaten Boyolali,buffer,desa
33.09.08.2012,Guwokajen,Sawit,Kabupaten Boyolali,buffer,desa
33.09.09.2001,Dukuh,Banyudono,Kabupaten Boyolali,buffer,desa
33.09.09.2002,Jipangan,Banyudono,Kabupaten Boyolali,buffer,desa
33.09.09.2003,Jembungan,Banyudono,Kabupaten Boyolali,buffer,desa
33.09.09.2004,Sambon,Banyudono,Kabupaten Boyolali,buffer,desa
33.09.09.2005,Kuwiran,Banyudono,Kabupaten Boyolali,buffer,desa
33.09.09.2006,Cangkringan,Banyudono,Kabupaten Boyolali,buffer,desa
33.09.09.2007,Ngaru-aru,Banyudono,Kabupaten Boyolali,buffer,desa
33.09.09.2008,Bendan,Banyudono,Kabupaten Boyolali,buffer,desa
33.09.09.2009,Ketaon,Banyudono,Kabupaten Boyolali,buffer,desa
33.09.09.2010,Banyudono,Banyudono,Kabupaten Boyolali,buffer,desa
33.09.09.2011,Batan,Banyudono,Kabupaten Boyolali,buffer,desa
33.09.09.2012,Denggungan,Banyudono,Kabupaten Boyolali,buffer,desa
33.09.09.2013,Bangak,Banyudono,Kabupaten Boyolali,buffer,desa
33.09.09.2014,Trayu,Banyudono,Kabupaten Boyolali,buffer,desa
33.09.09.2015,Tanjungsari,Banyudono,Kabupaten Boyolali,buffer,desa
33.09.10.2001,Canden,Sambi,Kabupaten Boyolali,buffer,desa
33.09.10.2002,Senting,Sambi,Kabupaten Boyolali,buffer,desa
33.09.10.2003,Tempursari,Sambi,Kabupaten Boyolali,buffer,desa
33.09.10.2004,Jatisari,Sambi,Kabupaten Boyolali,buffer,desa
33.09.10.2005,Glintang,Sambi,Kabupaten Boyolali,buffer,desa
33.09.10.2006,Catur,Sambi,Kabupaten Boyolali,buffer,desa
33.09.10.2007,Tawengan,Sambi,Kabupaten Boyolali,buffer,desa
33.09.10.2008,Sambi,Sambi,Kabupaten Boyolali,buffer,desa
33.09.10.2009,Demangan,Sambi,Kabupaten Boyolali,buffer,desa
33.09.10.2010,Kepoh,Sambi,Kabupaten Boyolali,buffer,desa
33.09.10.2011,Jagoan,Sambi,Kabupaten Boyolali,buffer,desa
33.09.10.2012,Babadan,Sambi,Kabupaten Boyolali,buffer,desa
33.09.10.2013,Ngaglik,Sambi,Kabupaten Boyolali,buffer,desa
33.09.10.2014,Trosobo,Sambi,Kabupaten Boyolali,buffer,desa
33.09.10.2015,Cermo,Sambi,Kabupaten Boyolali,buffer,desa
33.09.10.2016,Nglembu,Sambi,Kabupaten Boyolali,buffer,desa
33.09.11.2001,Ngargorejo,Ngemplak,Kabupaten Boyolali,buffer,desa
33.09.11.2002,Sobokerto,Ngemplak,Kabupaten Boyolali,buffer,desa
33.09.11.2003,Ngesrep,Ngemplak,Kabupaten Boyolali,buffer,desa
33.09.11.2004,Gagaksipat,Ngemplak,Kabupaten Boyolali,buffer,desa
33.09.11.2005,Donohudan,Ngemplak,Kabupaten Boyolali,buffer,desa
33.09.11.2006,Sawahan,Ngemplak,Kabupaten Boyolali,buffer,desa
33.09.11.2007,Pandeyan,Ngemplak,Kabupaten Boyolali,buffer,desa
33.09.11.2008,Kismoyoso,Ngemplak,Kabupaten Boyolali,buffer,desa
33.09.11.2009,Dibal,Ngemplak,Kabupaten Boyolali,buffer,desa
33.09.11.2010,Sindon,Ngemplak,Kabupaten Boyolali,buffer,desa
33.09.11.2011,Manggung,Ngemplak,Kabupaten Boyolali,buffer,desa
33.09.11.2012,Giriroto,Ngemplak,Kabupaten Boyolali,buffer,desa
33.09.12.2001,Kenteng,Nogosari,Kabupaten Boyolali,buffer,desa
33.09.12.2002,Potronayan,Nogosari,Kabupaten Boyolali,buffer,desa
33.09.12.2003,Sembungan,Nogosari,Kabupaten Boyolali,buffer,desa
33.09.12.2004,Jeron,Nogosari,Kabupaten Boyolali,buffer,desa
33.09.12.2005,Ketitang,Nogosari,Kabupaten Boyolali,buffer,desa
33.09.12.2006,Rembun,Nogosari,Kabupaten Boyolali,buffer,desa
33.09.12.2007,Guli,Nogosari,Kabupaten Boyolali,buffer,desa
33.09.12.2008,Tegalgiri,Nogosari,Kabupaten Boyolali,buffer,desa
33.09.12.2009,Bendo,Nogosari,Kabupaten Boyolali,buffer,desa
33.09.12.2010,Keyongan,Nogosari,Kabupaten Boyolali,buffer,desa
33.09.12.2011,Pojok,Nogosari,Kabupaten Boyolali,buffer,desa
33.09.12.2012,Glonggong,Nogosari,Kabupaten Boyolali,buffer,desa
33.09.12.2013,Pulutan,Nogosari,Kabupaten Boyolali,buffer,desa
33.09.13.2001,Pelem,Simo,Kabupaten Boyolali,buffer,desa
33.09.13.2002,Bendungan,Simo,Kabupaten Boyolali,buffer,desa
33.09.13.2003,Temon,Simo,Kabupaten Boyolali,buffer,desa
33.09.13.2004,Teter,Simo,Kabupaten Boyolali,buffer,desa
33.09.13.2005,Simo,Simo,Kabupaten Boyolali,buffer,desa
33.09.13.2006,Walen,Simo,Kabupaten Boyolali,buffer,desa
33.09.13.2007,Pentur,Simo,Kabupaten Boyolali,buffer,desa
33.09.13.2008,Gunung,Simo,Kabupaten Boyolali,buffer,desa
33.09.13.2009,Talakbroto,Simo,Kabupaten Boyolali,buffer,desa
33.09.13.2010,Kedunglengkong,Simo,Kabupaten Boyolali,buffer,desa
33.09.13.2011,Blagung,Simo,Kabupaten Boyolali,buffer,desa
33.09.13.2012,Sumber,Simo,Kabupaten Boyolali,buffer,desa
33.09.13.2013,Wates,Simo,Kabupaten Boyolali,buffer,desa
33.09.14.2001,Manyaran,Karanggede,Kabupaten Boyolali,buffer,desa
33.09.14.2002,Sempulur,Karanggede,Kabupaten Boyolali,buffer,desa
33.09.14.2003,Klumpit,Karanggede,Kabupaten Boyolali,buffer,desa
33.09.14.2004,Pinggir,Karanggede,Kabupaten Boyolali,buffer,desa
33.09.14.2005,Bantengan,Karanggede,Kabupaten Boyolali,buffer,desa
33.09.14.2006,Tegalsari,Karanggede,Kabupaten Boyolali,buffer,desa
33.09.14.2007,Sranten,Karanggede,Kabupaten Boyolali,buffer,desa
33.09.14.2008,Grogolan,Karanggede,Kabupaten Boyolali,buffer,desa
33.09.14.2009,Mojosari,Karanggede,Kabupaten Boyolali,buffer,desa
33.09.14.2010,Pengkol,Karanggede,Kabupaten Boyolali,buffer,desa
33.09.14.2011,Karangkepoh,Karanggede,Kabupaten Boyolali,buffer,desa
33.09.14.2012,Sendang,Karanggede,Kabupaten Boyolali,buffer,desa
33.09.14.2013,Kebonan,Karanggede,Kabupaten Boyolali,buffer,desa
33.09.14.2014,Klari,Karanggede,Kabupaten Boyolali,buffer,desa
33.09.14.2015,Bangkok,Karanggede,Kabupaten Boyolali,buffer,desa
33.09.14.2016,Dologan,Karanggede,Kabupaten Boyolali,buffer,desa
33.09.15.2001,Kalangan,Klego,Kabupaten Boyolali,buffer,desa
33.09.15.2002,Sendangrejo,Klego,Kabupaten Boyolali,buffer,desa
33.09.15.2003,Tanjung,Klego,Kabupaten Boyolali,buffer,desa
33.09.15.2004,Jaten,Klego,Kabupaten Boyolali,buffer,desa
33.09.15.2005,Blumbang,Klego,Kabupaten Boyolali,buffer,desa
33.09.15.2006,Sangge,Klego,Kabupaten Boyolali,buffer,desa
33.09.15.2007,Banyuurip,Klego,Kabupaten Boyolali,buffer,desa
33.09.15.2008,Bade,Klego,Kabupaten Boyolali,buffer,desa
33.09.15.2009,Klego,Klego,Kabupaten Boyolali,buffer,desa
33.09.15.2010,Gondanglegi,Klego,Kabupaten Boyolali,buffer,desa
33.09.15.2011,Karanggatak,Klego,Kabupaten Boyolali,buffer,desa
33.09.15.2012,Sumberagung,Klego,Kabupaten Boyolali,buffer,desa
33.09.15.2013,Karangmojo,Klego,Kabupaten Boyolali,buffer,desa
33.09.16.2001,Pakel,Andong,Kabupaten Boyolali,buffer,desa
33.09.16.2002,Gondangrawe,Andong,Kabupaten Boyolali,buffer,desa
33.09.16.2003,Sempu,Andong,Kabupaten Boyolali,buffer,desa
33.09.16.2004,Beji,Andong,Kabupaten Boyolali,buffer,desa
33.09.16.2005,Mojo,Andong,Kabupaten Boyolali,buffer,desa
33.09.16.2006,Senggrong,Andong,Kabupaten Boyolali,buffer,desa
33.09.16.2007,Kedungdowo,Andong,Kabupaten Boyolali,buffer,desa
33.09.16.2008,Kacangan,Andong,Kabupaten Boyolali,buffer,desa
33.09.16.2009,Andong,Andong,Kabupaten Boyolali,buffer,desa
33.09.16.2010,Munggur,Andong,Kabupaten Boyolali,buffer,desa
33.09.16.2011,Pakang,Andong,Kabupaten Boyolali,buffer,desa
33.09.16.2012,Pranggong,Andong,Kabupaten Boyolali,buffer,desa
33.09.16.2013,Kunti,Andong,Kabupaten Boyolali,buffer,desa
33.09.16.2014,Pelemrejo,Andong,Kabupaten Boyolali,buffer,desa
33.09.16.2015,Semawung,Andong,Kabupaten Boyolali,buffer,desa
33.09.16.2016,Kadipaten,Andong,Kabupaten Boyolali,buffer,desa
33.09.17.2001,Watugede,Kemusu,Kabupaten Boyolali,buffer,desa
33.09.17.2002,Kedungrejo,Kemusu,Kabupaten Boyolali,buffer,desa
33.09.17.2003,Sarimulyo,Kemusu,Kabupaten Boyolali,buffer,desa
33.09.17.2004,Klewor,Kemusu,Kabupaten Boyolali,buffer,desa
33.09.17.2005,Bawu,Kemusu,Kabupaten Boyolali,buffer,desa
33.09.17.2006,Kendel,Kemusu,Kabupaten Boyolali,buffer,desa
33.09.17.2010,Kemusu,Kemusu,Kabupaten Boyolali,buffer,desa
33.09.17.2011,Genengsari,Kemusu,Kabupaten Boyolali,buffer,desa
33.09.17.2012,Kedungmulyo,Kemusu,Kabupaten Boyolali,buffer,desa
33.09.17.2013,Wonoharjo,Kemusu,Kabupaten Boyolali,buffer,desa
33.09.18.2002,Karangjati,Wonosegoro,Kabupaten Boyolali,buffer,desa
33.09.18.2003,Ketoyan,Wonosegoro,Kabupaten Boyolali,buffer,desa
33.09.18.2004,Bolo,Wonosegoro,Kabupaten Boyolali,buffer,desa
33.09.18.2005,Banyusri,Wonosegoro,Kabupaten Boyolali,buffer,desa
33.09.18.2006,Gosono,Wonosegoro,Kabupaten Boyolali,buffer,desa
33.09.18.2007,Wonosegoro,Wonosegoro,Kabupaten Boyolali,buffer,desa
33.09.18.2008,Bandung,Wonosegoro,Kabupaten Boyolali,buffer,desa
33.09.18.2014,Bojong,Wonosegoro,Kabupaten Boyolali,buffer,desa
33.09.18.2019,Kauman,Wonosegoro,Kabupaten Boyolali,buffer,desa
33.09.18.2020,Lemahireng,Wonosegoro,Kabupaten Boyolali,buffer,desa
33.09.18.2021,Guwo,Wonosegoro,Kabupaten Boyolali,buffer,desa
33.09.19.1006,Sambeng,Juwangi,Kabupaten Boyolali,buffer,kelurahan
33.09.19.2001,Krobokan,Juwangi,Kabupaten Boyolali,buffer,desa
33.09.19.2002,Ngaren,Juwangi,Kabupaten Boyolali,buffer,desa
33.09.19.2003,Kalimati,Juwangi,Kabupaten Boyolali,buffer,desa
33.09.19.2004,Kayen,Juwangi,Kabupaten Boyolali,buffer,desa
33.09.19.2005,Jerukan,Juwangi,Kabupaten Boyolali,buffer,desa
33.09.19.2007,Pilangrejo,Juwangi,Kabupaten Boyolali,buffer,desa
33.09.19.2008,Cerme,Juwangi,Kabupaten Boyolali,buffer,desa
33.09.19.2009,Juwangi,Juwangi,Kabupaten Boyolali,buffer,desa
33.09.19.2010,Ngleses,Juwangi,Kabupaten Boyolali,buffer,desa
33.09.20.2001,Seboto,Gladagsari,Kabupaten Boyolali,buffer,desa
33.09.20.2002,Kaligentong,Gladagsari,Kabupaten Boyolali,buffer,desa
33.09.20.2003,Gladagsari,Gladagsari,Kabupaten Boyolali,buffer,desa
33.09.20.2004,Kembang,Gladagsari,Kabupaten Boyolali,buffer,desa
33.09.20.2005,Ngagrong,Gladagsari,Kabupaten Boyolali,buffer,desa
33.09.20.2006,Candisari,Gladagsari,Kabupaten Boyolali,buffer,desa
33.09.20.2007,Ngargoloka,Gladagsari,Kabupaten Boyolali,buffer,desa
33.09.20.2008,Sampetan,Gladagsari,Kabupaten Boyolali,buffer,desa
33.09.20.2009,Ngadirojo,Gladagsari,Kabupaten Boyolali,buffer,desa
33.09.20.2010,Jlarem,Gladagsari,Kabupaten Boyolali,buffer,desa
33.09.21.2001,Lampar,Tamansari,Kabupaten Boyolali,buffer,desa
33.09.21.2002,Dragan,Tamansari,Kabupaten Boyolali,buffer,desa
33.09.21.2003,Karanganyar,Tamansari,Kabupaten Boyolali,buffer,desa
33.09.21.2004,Jemowo,Tamansari,Kabupaten Boyolali,buffer,desa
33.09.21.2005,Sumur,Tamansari,Kabupaten Boyolali,buffer,desa
33.09.21.2006,Sangup,Tamansari,Kabupaten Boyolali,buffer,desa
33.09.21.2007,Mriyan,Tamansari,Kabupaten Boyolali,buffer,desa
33.09.21.2008,Lanjaran,Tamansari,Kabupaten Boyolali,buffer,desa
33.09.21.2009,Karangkendal,Tamansari,Kabupaten Boyolali,buffer,desa
33.09.21.2010,Keposong,Tamansari,Kabupaten Boyolali,buffer,desa
33.09.22.2001,Ngablak,Wonosamodro,Kabupaten Boyolali,buffer,desa
33.09.22.2002,Kedungpilang,Wonosamodro,Kabupaten Boyolali,buffer,desa
33.09.22.2003,Kalinanas,Wonosamodro,Kabupaten Boyolali,buffer,desa
33.09.22.2004,Gilirejo,Wonosamodro,Kabupaten Boyolali,buffer,desa
33.09.22.2005,Jatilawang,Wonosamodro,Kabupaten Boyolali,buffer,desa
33.09.22.2006,Garangan,Wonosamodro,Kabupaten Boyolali,buffer,desa
33.09.22.2007,Bercak,Wonosamodro,Kabupaten Boyolali,buffer,desa
33.09.22.2008,Bengle,Wonosamodro,Kabupaten Boyolali,buffer,desa
33.09.22.2009,Gunungsari,Wonosamodro,Kabupaten Boyolali,buffer,desa
33.09.22.2010,Repaking,Wonosamodro,Kabupaten Boyolali,buffer,desa
33.10.01.2001,Sengon,Prambanan,Kabupaten Klaten,frame,desa
33.10.01.2002,Cucukan,Prambanan,Kabupaten Klaten,frame,desa
33.10.01.2003,Kotesan,Prambanan,Kabupaten Klaten,frame,desa
33.10.01.2004,Pereng,Prambanan,Kabupaten Klaten,frame,desa
33.10.01.2005,Kebondalem Kidul,Prambanan,Kabupaten Klaten,frame,desa
33.10.01.2006,Tlogo,Prambanan,Kabupaten Klaten,frame,desa
33.10.01.2007,Taji,Prambanan,Kabupaten Klaten,frame,desa
33.10.01.2008,Sanggrahan,Prambanan,Kabupaten Klaten,frame,desa
33.10.01.2009,Geneng,Prambanan,Kabupaten Klaten,frame,desa
33.10.01.2010,Kemudo,Prambanan,Kabupaten Klaten,frame,desa
33.10.01.2011,Bugisan,Prambanan,Kabupaten Klaten,frame,desa
33.10.01.2012,Kokosan,Prambanan,Kabupaten Klaten,frame,desa
33.10.01.2013,Kebondalem Lor,Prambanan,Kabupaten Klaten,frame,desa
33.10.01.2014,Brajan,Prambanan,Kabupaten Klaten,frame,desa
33.10.01.2015,Randusari,Prambanan,Kabupaten Klaten,frame,desa
33.10.01.2016,Joho,Prambanan,Kabupaten Klaten,frame,desa
33.10.02.2001,Gentan,Gantiwarno,Kabupaten Klaten,frame,desa
33.10.02.2002,Karangturi,Gantiwarno,Kabupaten Klaten,frame,desa
33.10.02.2003,Jogoprayan,Gantiwarno,Kabupaten Klaten,frame,desa
33.10.02.2004,Kragilan,Gantiwarno,Kabupaten Klaten,frame,desa
33.10.02.2005,Ngandong,Gantiwarno,Kabupaten Klaten,frame,desa
33.10.02.2006,Kerten,Gantiwarno,Kabupaten Klaten,frame,desa
33.10.02.2007,Katekan,Gantiwarno,Kabupaten Klaten,frame,desa
33.10.02.2008,Sawit,Gantiwarno,Kabupaten Klaten,frame,desa
33.10.02.2009,Muruh,Gantiwarno,Kabupaten Klaten,frame,desa
33.10.02.2010,Mutihan,Gantiwarno,Kabupaten Klaten,frame,desa
33.10.02.2011,Baturan,Gantiwarno,Kabupaten Klaten,frame,desa
33.10.02.2012,Mlese,Gantiwarno,Kabupaten Klaten,frame,desa
33.10.02.2013,Gesikan,Gantiwarno,Kabupaten Klaten,frame,desa
33.10.02.2014,Jabung,Gantiwarno,Kabupaten Klaten,frame,desa
33.10.02.2015,Towangsan,Gantiwarno,Kabupaten Klaten,frame,desa
33.10.02.2016,Ceporan,Gantiwarno,Kabupaten Klaten,frame,desa
33.10.03.2001,Pesu,Wedi,Kabupaten Klaten,frame,desa
33.10.03.2002,Dengkeng,Wedi,Kabupaten Klaten,frame,desa
33.10.03.2003,Pacing,Wedi,Kabupaten Klaten,frame,desa
33.10.03.2004,Kadilanggon,Wedi,Kabupaten Klaten,frame,desa
33.10.03.2005,Kaligayam,Wedi,Kabupaten Klaten,frame,desa
33.10.03.2006,Melikan,Wedi,Kabupaten Klaten,frame,desa
33.10.03.2007,Jiwowetan,Wedi,Kabupaten Klaten,frame,desa
33.10.03.2008,Brangkal,Wedi,Kabupaten Klaten,frame,desa
33.10.03.2009,Pasung,Wedi,Kabupaten Klaten,frame,desa
33.10.03.2010,Tanjungan,Wedi,Kabupaten Klaten,frame,desa
33.10.03.2011,Canan,Wedi,Kabupaten Klaten,frame,desa
33.10.03.2012,Kalitengah,Wedi,Kabupaten Klaten,frame,desa
33.10.03.2013,Gadungan,Wedi,Kabupaten Klaten,frame,desa
33.10.03.2014,Pandes,Wedi,Kabupaten Klaten,frame,desa
33.10.03.2015,Birit,Wedi,Kabupaten Klaten,frame,desa
33.10.03.2016,Sukorejo,Wedi,Kabupaten Klaten,frame,desa
33.10.03.2017,Sembung,Wedi,Kabupaten Klaten,frame,desa
33.10.03.2018,Trotok,Wedi,Kabupaten Klaten,frame,desa
33.10.03.2019,Kadibolo,Wedi,Kabupaten Klaten,frame,desa
33.10.04.2001,Ngerangan,Bayat,Kabupaten Klaten,frame,desa
33.10.04.2002,Jambakan,Bayat,Kabupaten Klaten,frame,desa
33.10.04.2003,Dukuh,Bayat,Kabupaten Klaten,frame,desa
33.10.04.2004,Jarum,Bayat,Kabupaten Klaten,frame,desa
33.10.04.2005,Nengahan,Bayat,Kabupaten Klaten,frame,desa
33.10.04.2006,Bogem,Bayat,Kabupaten Klaten,frame,desa
33.10.04.2007,Paseban,Bayat,Kabupaten Klaten,frame,desa
33.10.04.2008,Krikilan,Bayat,Kabupaten Klaten,frame,desa
33.10.04.2009,Beluk,Bayat,Kabupaten Klaten,frame,desa
33.10.04.2010,Banyuripan,Bayat,Kabupaten Klaten,frame,desa
33.10.04.2011,Gununggajah,Bayat,Kabupaten Klaten,frame,desa
33.10.04.2012,Tegalrejo,Bayat,Kabupaten Klaten,frame,desa
33.10.04.2013,Talang,Bayat,Kabupaten Klaten,frame,desa
33.10.04.2014,Tawangrejo,Bayat,Kabupaten Klaten,frame,desa
33.10.04.2015,Kebon,Bayat,Kabupaten Klaten,frame,desa
33.10.04.2016,Jotangan,Bayat,Kabupaten Klaten,frame,desa
33.10.04.2017,Krakitan,Bayat,Kabupaten Klaten,frame,desa
33.10.04.2018,Wiro,Bayat,Kabupaten Klaten,frame,desa
33.10.05.2001,Karangasem,Cawas,Kabupaten Klaten,frame,desa
33.10.05.2002,Burikan,Cawas,Kabupaten Klaten,frame,desa
33.10.05.2003,Nanggulan,Cawas,Kabupaten Klaten,frame,desa
33.10.05.2004,Bendungan,Cawas,Kabupaten Klaten,frame,desa
33.10.05.2005,Tugu,Cawas,Kabupaten Klaten,frame,desa
33.10.05.2006,Kedungampel,Cawas,Kabupaten Klaten,frame,desa
33.10.05.2007,Bawak,Cawas,Kabupaten Klaten,frame,desa
33.10.05.2008,Barepan,Cawas,Kabupaten Klaten,frame,desa
33.10.05.2009,Pakisan,Cawas,Kabupaten Klaten,frame,desa
33.10.05.2010,Balak,Cawas,Kabupaten Klaten,frame,desa
33.10.05.2011,Cawas,Cawas,Kabupaten Klaten,frame,desa
33.10.05.2012,Plosowangi,Cawas,Kabupaten Klaten,frame,desa
33.10.05.2013,Baran,Cawas,Kabupaten Klaten,frame,desa
33.10.05.2014,Tirtomarto,Cawas,Kabupaten Klaten,frame,desa
33.10.05.2015,Japanan,Cawas,Kabupaten Klaten,frame,desa
33.10.05.2016,Tlingsing,Cawas,Kabupaten Klaten,frame,desa
33.10.05.2017,Mlese,Cawas,Kabupaten Klaten,frame,desa
33.10.05.2018,Gombang,Cawas,Kabupaten Klaten,frame,desa
33.10.05.2019,Pogung,Cawas,Kabupaten Klaten,frame,desa
33.10.05.2020,Bogor,Cawas,Kabupaten Klaten,frame,desa
33.10.06.2001,Karangpakel,Trucuk,Kabupaten Klaten,frame,desa
33.10.06.2002,Wanglu,Trucuk,Kabupaten Klaten,frame,desa
33.10.06.2003,Trucuk,Trucuk,Kabupaten Klaten,frame,desa
33.10.06.2004,Kalikebo,Trucuk,Kabupaten Klaten,frame,desa
33.10.06.2005,Gaden,Trucuk,Kabupaten Klaten,frame,desa
33.10.06.2006,Planggu,Trucuk,Kabupaten Klaten,frame,desa
33.10.06.2007,Pundungsari,Trucuk,Kabupaten Klaten,frame,desa
33.10.06.2008,Sajen,Trucuk,Kabupaten Klaten,frame,desa
33.10.06.2009,Puluhan,Trucuk,Kabupaten Klaten,frame,desa
33.10.06.2010,Kradenan,Trucuk,Kabupaten Klaten,frame,desa
33.10.06.2011,Sabranglor,Trucuk,Kabupaten Klaten,frame,desa
33.10.06.2012,Jatipuro,Trucuk,Kabupaten Klaten,frame,desa
33.10.06.2013,Wonosari,Trucuk,Kabupaten Klaten,frame,desa
33.10.06.2014,Mireng,Trucuk,Kabupaten Klaten,frame,desa
33.10.06.2015,Bero,Trucuk,Kabupaten Klaten,frame,desa
33.10.06.2016,Mandong,Trucuk,Kabupaten Klaten,frame,desa
33.10.06.2017,Sumber,Trucuk,Kabupaten Klaten,frame,desa
33.10.06.2018,Palar,Trucuk,Kabupaten Klaten,frame,desa
33.10.07.2001,Gondang,Kebonarum,Kabupaten Klaten,frame,desa
33.10.07.2002,Basin,Kebonarum,Kabupaten Klaten,frame,desa
33.10.07.2003,Pluneng,Kebonarum,Kabupaten Klaten,frame,desa
33.10.07.2004,Ngrundul,Kebonarum,Kabupaten Klaten,frame,desa
33.10.07.2005,Malangjiwan,Kebonarum,Kabupaten Klaten,frame,desa
33.10.07.2006,Karangduren,Kebonarum,Kabupaten Klaten,frame,desa
33.10.07.2007,Menden,Kebonarum,Kabupaten Klaten,frame,desa
33.10.08.2001,Pakahan,Jogonalan,Kabupaten Klaten,frame,desa
33.10.08.2002,Ngering,Jogonalan,Kabupaten Klaten,frame,desa
33.10.08.2003,Rejoso,Jogonalan,Kabupaten Klaten,frame,desa
33.10.08.2004,Titang,Jogonalan,Kabupaten Klaten,frame,desa
33.10.08.2005,Somopuro,Jogonalan,Kabupaten Klaten,frame,desa
33.10.08.2006,Tangkisan Pos,Jogonalan,Kabupaten Klaten,frame,desa
33.10.08.2007,Gondangan,Jogonalan,Kabupaten Klaten,frame,desa
33.10.08.2008,Bakung,Jogonalan,Kabupaten Klaten,frame,desa
33.10.08.2009,Sumyang,Jogonalan,Kabupaten Klaten,frame,desa
33.10.08.2010,Karangdukuh,Jogonalan,Kabupaten Klaten,frame,desa
33.10.08.2011,Plawikan,Jogonalan,Kabupaten Klaten,frame,desa
33.10.08.2012,Kraguman,Jogonalan,Kabupaten Klaten,frame,desa
33.10.08.2013,Granting,Jogonalan,Kabupaten Klaten,frame,desa
33.10.08.2014,Prawatan,Jogonalan,Kabupaten Klaten,frame,desa
33.10.08.2015,Wonoboyo,Jogonalan,Kabupaten Klaten,frame,desa
33.10.08.2016,Dompyongan,Jogonalan,Kabupaten Klaten,frame,desa
33.10.08.2017,Joton,Jogonalan,Kabupaten Klaten,frame,desa
33.10.08.2018,Tambakan,Jogonalan,Kabupaten Klaten,frame,desa
33.10.09.2001,Nangsri,Manisrenggo,Kabupaten Klaten,frame,desa
33.10.09.2002,Barukan,Manisrenggo,Kabupaten Klaten,frame,desa
33.10.09.2003,Borangan,Manisrenggo,Kabupaten Klaten,frame,desa
33.10.09.2004,Sukorini,Manisrenggo,Kabupaten Klaten,frame,desa
33.10.09.2005,Ngemplakseneng,Manisrenggo,Kabupaten Klaten,frame,desa
33.10.09.2006,Sapen,Manisrenggo,Kabupaten Klaten,frame,desa
33.10.09.2007,Kecemen,Manisrenggo,Kabupaten Klaten,frame,desa
33.10.09.2008,Tijayan,Manisrenggo,Kabupaten Klaten,frame,desa
33.10.09.2009,Bendan,Manisrenggo,Kabupaten Klaten,frame,desa
33.10.09.2010,Tanjungsari,Manisrenggo,Kabupaten Klaten,frame,desa
33.10.09.2011,Solodiran,Manisrenggo,Kabupaten Klaten,frame,desa
33.10.09.2012,Taskombang,Manisrenggo,Kabupaten Klaten,frame,desa
33.10.09.2013,Kranggan,Manisrenggo,Kabupaten Klaten,frame,desa
33.10.09.2014,Kebonalas,Manisrenggo,Kabupaten Klaten,frame,desa
33.10.09.2015,Leses,Manisrenggo,Kabupaten Klaten,frame,desa
33.10.09.2016,Kepurun,Manisrenggo,Kabupaten Klaten,frame,desa
33.10.10.2001,Gumul,Karangnongko,Kabupaten Klaten,frame,desa
33.10.10.2002,Banyuaeng,Karangnongko,Kabupaten Klaten,frame,desa
33.10.10.2003,Kadilajo,Karangnongko,Kabupaten Klaten,frame,desa
33.10.10.2004,Somokaton,Karangnongko,Kabupaten Klaten,frame,desa
33.10.10.2005,Jetis,Karangnongko,Kabupaten Klaten,frame,desa
33.10.10.2006,Karangnongko,Karangnongko,Kabupaten Klaten,frame,desa
33.10.10.2007,Jagalan,Karangnongko,Kabupaten Klaten,frame,desa
33.10.10.2008,Demakijo,Karangnongko,Kabupaten Klaten,frame,desa
33.10.10.2009,Blimbing,Karangnongko,Kabupaten Klaten,frame,desa
33.10.10.2010,Kanoman,Karangnongko,Kabupaten Klaten,frame,desa
33.10.10.2011,Gemampir,Karangnongko,Kabupaten Klaten,frame,desa
33.10.10.2012,Jiwan,Karangnongko,Kabupaten Klaten,frame,desa
33.10.10.2013,Logede,Karangnongko,Kabupaten Klaten,frame,desa
33.10.10.2014,Ngemplak,Karangnongko,Kabupaten Klaten,frame,desa
33.10.11.2001,Srebegan,Ceper,Kabupaten Klaten,frame,desa
33.10.11.2002,Kajen,Ceper,Kabupaten Klaten,frame,desa
33.10.11.2003,Jambukidul,Ceper,Kabupaten Klaten,frame,desa
33.10.11.2004,Kujon,Ceper,Kabupaten Klaten,frame,desa
33.10.11.2005,Pokak,Ceper,Kabupaten Klaten,frame,desa
33.10.11.2006,Pasungan,Ceper,Kabupaten Klaten,frame,desa
33.10.11.2007,Mlese,Ceper,Kabupaten Klaten,frame,desa
33.10.11.2008,Jombor,Ceper,Kabupaten Klaten,frame,desa
33.10.11.2009,Meger,Ceper,Kabupaten Klaten,frame,desa
33.10.11.2010,Dlimas,Ceper,Kabupaten Klaten,frame,desa
33.10.11.2011,Jambukulon,Ceper,Kabupaten Klaten,frame,desa
33.10.11.2012,Ceper,Ceper,Kabupaten Klaten,frame,desa
33.10.11.2013,Kurung,Ceper,Kabupaten Klaten,frame,desa
33.10.11.2014,Cetan,Ceper,Kabupaten Klaten,frame,desa
33.10.11.2015,Tegalrejo,Ceper,Kabupaten Klaten,frame,desa
33.10.11.2016,Ngawonggo,Ceper,Kabupaten Klaten,frame,desa
33.10.11.2017,Klepu,Ceper,Kabupaten Klaten,frame,desa
33.10.11.2018,Kuncen,Ceper,Kabupaten Klaten,frame,desa
33.10.12.2001,Temuwangi,Pedan,Kabupaten Klaten,frame,desa
33.10.12.2002,Beji,Pedan,Kabupaten Klaten,frame,desa
33.10.12.2003,Ngaren,Pedan,Kabupaten Klaten,frame,desa
33.10.12.2004,Jatimulyo,Pedan,Kabupaten Klaten,frame,desa
33.10.12.2005,Jetiswetan,Pedan,Kabupaten Klaten,frame,desa
33.10.12.2006,Keden,Pedan,Kabupaten Klaten,frame,desa
33.10.12.2007,Bendo,Pedan,Kabupaten Klaten,frame,desa
33.10.12.2008,Tambakboyo,Pedan,Kabupaten Klaten,frame,desa
33.10.12.2009,Kedungan,Pedan,Kabupaten Klaten,frame,desa
33.10.12.2010,Sobayan,Pedan,Kabupaten Klaten,frame,desa
33.10.12.2011,Kalangan,Pedan,Kabupaten Klaten,frame,desa
33.10.12.2012,Troketon,Pedan,Kabupaten Klaten,frame,desa
33.10.12.2013,Kaligawe,Pedan,Kabupaten Klaten,frame,desa
33.10.12.2014,Lemahireng,Pedan,Kabupaten Klaten,frame,desa
33.10.13.2001,Tulas,Karangdowo,Kabupaten Klaten,frame,desa
33.10.13.2002,Bulusan,Karangdowo,Kabupaten Klaten,frame,desa
33.10.13.2003,Ringinputih,Karangdowo,Kabupaten Klaten,frame,desa
33.10.13.2004,Soka,Karangdowo,Kabupaten Klaten,frame,desa
33.10.13.2005,Tumpukan,Karangdowo,Kabupaten Klaten,frame,desa
33.10.13.2006,Karangjoho,Karangdowo,Kabupaten Klaten,frame,desa
33.10.13.2007,Demangan,Karangdowo,Kabupaten Klaten,frame,desa
33.10.13.2008,Tambak,Karangdowo,Kabupaten Klaten,frame,desa
33.10.13.2009,Karangdowo,Karangdowo,Kabupaten Klaten,frame,desa
33.10.13.2010,Munggung,Karangdowo,Kabupaten Klaten,frame,desa
33.10.13.2011,Sentono,Karangdowo,Kabupaten Klaten,frame,desa
33.10.13.2012,Pugeran,Karangdowo,Kabupaten Klaten,frame,desa
33.10.13.2013,Ngolodono,Karangdowo,Kabupaten Klaten,frame,desa
33.10.13.2014,Karangwungu,Karangdowo,Kabupaten Klaten,frame,desa
33.10.13.2015,Karangtalun,Karangdowo,Kabupaten Klaten,frame,desa
33.10.13.2016,Babadan,Karangdowo,Kabupaten Klaten,frame,desa
33.10.13.2017,Tegalampel,Karangdowo,Kabupaten Klaten,frame,desa
33.10.13.2018,Bakungan,Karangdowo,Kabupaten Klaten,frame,desa
33.10.13.2019,Kupang,Karangdowo,Kabupaten Klaten,frame,desa
33.10.14.2001,Trasan,Juwiring,Kabupaten Klaten,frame,desa
33.10.14.2002,Sawahan,Juwiring,Kabupaten Klaten,frame,desa
33.10.14.2003,Juwiran,Juwiring,Kabupaten Klaten,frame,desa
33.10.14.2004,Jetis,Juwiring,Kabupaten Klaten,frame,desa
33.10.14.2005,Ketitang,Juwiring,Kabupaten Klaten,frame,desa
33.10.14.2006,Gondangsari,Juwiring,Kabupaten Klaten,frame,desa
33.10.14.2007,Serenan,Juwiring,Kabupaten Klaten,frame,desa
33.10.14.2008,Tlogorandu,Juwiring,Kabupaten Klaten,frame,desa
33.10.14.2009,Bolopleret,Juwiring,Kabupaten Klaten,frame,desa
33.10.14.2010,Tanjung,Juwiring,Kabupaten Klaten,frame,desa
33.10.14.2011,Kenaiban,Juwiring,Kabupaten Klaten,frame,desa
33.10.14.2012,Bulurejo,Juwiring,Kabupaten Klaten,frame,desa
33.10.14.2013,Jaten,Juwiring,Kabupaten Klaten,frame,desa
33.10.14.2014,Mrisen,Juwiring,Kabupaten Klaten,frame,desa
33.10.14.2015,Pundungan,Juwiring,Kabupaten Klaten,frame,desa
33.10.14.2016,Juwiring,Juwiring,Kabupaten Klaten,frame,desa
33.10.14.2017,Kwarasan,Juwiring,Kabupaten Klaten,frame,desa
33.10.14.2018,Carikan,Juwiring,Kabupaten Klaten,frame,desa
33.10.14.2019,Taji,Juwiring,Kabupaten Klaten,frame,desa
33.10.15.2001,Sidowarno,Wonosari,Kabupaten Klaten,frame,desa
33.10.15.2002,Bener,Wonosari,Kabupaten Klaten,frame,desa
33.10.15.2003,Gunting,Wonosari,Kabupaten Klaten,frame,desa
33.10.15.2004,Kingkang,Wonosari,Kabupaten Klaten,frame,desa
33.10.15.2005,Jelobo,Wonosari,Kabupaten Klaten,frame,desa
33.10.15.2006,Lumbungkerep,Wonosari,Kabupaten Klaten,frame,desa
33.10.15.2007,Ngreden,Wonosari,Kabupaten Klaten,frame,desa
33.10.15.2008,Bulan,Wonosari,Kabupaten Klaten,frame,desa
33.10.15.2009,Boto,Wonosari,Kabupaten Klaten,frame,desa
33.10.15.2010,Wadunggetas,Wonosari,Kabupaten Klaten,frame,desa
33.10.15.2011,Tegalgondo,Wonosari,Kabupaten Klaten,frame,desa
33.10.15.2012,Bolali,Wonosari,Kabupaten Klaten,frame,desa
33.10.15.2013,Sukorejo,Wonosari,Kabupaten Klaten,frame,desa
33.10.15.2014,Sekaran,Wonosari,Kabupaten Klaten,frame,desa
33.10.15.2015,Bentangan,Wonosari,Kabupaten Klaten,frame,desa
33.10.15.2016,Duwet,Wonosari,Kabupaten Klaten,frame,desa
33.10.15.2017,Pandanan,Wonosari,Kabupaten Klaten,frame,desa
33.10.15.2018,Teloyo,Wonosari,Kabupaten Klaten,frame,desa
33.10.16.2001,Dukuh,Delanggu,Kabupaten Klaten,frame,desa
33.10.16.2002,Jetis,Delanggu,Kabupaten Klaten,frame,desa
33.10.16.2003,Butuhan,Delanggu,Kabupaten Klaten,frame,desa
33.10.16.2004,Banaran,Delanggu,Kabupaten Klaten,frame,desa
33.10.16.2005,Bowan,Delanggu,Kabupaten Klaten,frame,desa
33.10.16.2006,Sribit,Delanggu,Kabupaten Klaten,frame,desa
33.10.16.2007,Mendak,Delanggu,Kabupaten Klaten,frame,desa
33.10.16.2008,Krecek,Delanggu,Kabupaten Klaten,frame,desa
33.10.16.2009,Karang,Delanggu,Kabupaten Klaten,frame,desa
33.10.16.2010,Sabrang,Delanggu,Kabupaten Klaten,frame,desa
33.10.16.2011,Tlobong,Delanggu,Kabupaten Klaten,frame,desa
33.10.16.2012,Gatak,Delanggu,Kabupaten Klaten,frame,desa
33.10.16.2013,Delanggu,Delanggu,Kabupaten Klaten,frame,desa
33.10.16.2014,Kepanjen,Delanggu,Kabupaten Klaten,frame,desa
33.10.16.2015,Segaran,Delanggu,Kabupaten Klaten,frame,desa
33.10.16.2016,Sidomulyo,Delanggu,Kabupaten Klaten,frame,desa
33.10.17.2001,Glagahwangi,Polanharjo,Kabupaten Klaten,frame,desa
33.10.17.2002,Kapungan,Polanharjo,Kabupaten Klaten,frame,desa
33.10.17.2003,Kahuman,Polanharjo,Kabupaten Klaten,frame,desa
33.10.17.2004,Ngaran,Polanharjo,Kabupaten Klaten,frame,desa
33.10.17.2005,Borongan,Polanharjo,Kabupaten Klaten,frame,desa
33.10.17.2006,Nganjat,Polanharjo,Kabupaten Klaten,frame,desa
33.10.17.2007,Jimus,Polanharjo,Kabupaten Klaten,frame,desa
33.10.17.2008,Turus,Polanharjo,Kabupaten Klaten,frame,desa
33.10.17.2009,Polan,Polanharjo,Kabupaten Klaten,frame,desa
33.10.17.2010,Karanglo,Polanharjo,Kabupaten Klaten,frame,desa
33.10.17.2011,Ponggok,Polanharjo,Kabupaten Klaten,frame,desa
33.10.17.2012,Wangen,Polanharjo,Kabupaten Klaten,frame,desa
33.10.17.2013,Keprabon,Polanharjo,Kabupaten Klaten,frame,desa
33.10.17.2014,Kranggan,Polanharjo,Kabupaten Klaten,frame,desa
33.10.17.2015,Kebonharjo,Polanharjo,Kabupaten Klaten,frame,desa
33.10.17.2016,Janti,Polanharjo,Kabupaten Klaten,frame,desa
33.10.17.2017,Sidowayah,Polanharjo,Kabupaten Klaten,frame,desa
33.10.17.2018,Sidoharjo,Polanharjo,Kabupaten Klaten,frame,desa
33.10.18.2001,Jambeyan,Karanganom,Kabupaten Klaten,frame,desa
33.10.18.2002,Jungkare,Karanganom,Kabupaten Klaten,frame,desa
33.10.18.2003,Kadirejo,Karanganom,Kabupaten Klaten,frame,desa
33.10.18.2004,Tarubasan,Karanganom,Kabupaten Klaten,frame,desa
33.10.18.2005,Troso,Karanganom,Kabupaten Klaten,frame,desa
33.10.18.2006,Blanceran,Karanganom,Kabupaten Klaten,frame,desa
33.10.18.2007,Kunden,Karanganom,Kabupaten Klaten,frame,desa
33.10.18.2008,Brangkal,Karanganom,Kabupaten Klaten,frame,desa
33.10.18.2009,Beku,Karanganom,Kabupaten Klaten,frame,desa
33.10.18.2010,Karangan,Karanganom,Kabupaten Klaten,frame,desa
33.10.18.2011,Karanganom,Karanganom,Kabupaten Klaten,frame,desa
33.10.18.2012,Padas,Karanganom,Kabupaten Klaten,frame,desa
33.10.18.2013,Soropaten,Karanganom,Kabupaten Klaten,frame,desa
33.10.18.2014,Jurangjero,Karanganom,Kabupaten Klaten,frame,desa
33.10.18.2015,Ngabeyan,Karanganom,Kabupaten Klaten,frame,desa
33.10.18.2016,Gledeg,Karanganom,Kabupaten Klaten,frame,desa
33.10.18.2017,Gempol,Karanganom,Kabupaten Klaten,frame,desa
33.10.18.2018,Pondok,Karanganom,Kabupaten Klaten,frame,desa
33.10.18.2019,Jeblog,Karanganom,Kabupaten Klaten,frame,desa
33.10.19.2001,Mundu,Tulung,Kabupaten Klaten,frame,desa
33.10.19.2002,Sedayu,Tulung,Kabupaten Klaten,frame,desa
33.10.19.2003,Pomah,Tulung,Kabupaten Klaten,frame,desa
33.10.19.2004,Bono,Tulung,Kabupaten Klaten,frame,desa
33.10.19.2005,Kiringan,Tulung,Kabupaten Klaten,frame,desa
33.10.19.2006,Majegan,Tulung,Kabupaten Klaten,frame,desa
33.10.19.2007,Dalangan,Tulung,Kabupaten Klaten,frame,desa
33.10.19.2008,Gedongjetis,Tulung,Kabupaten Klaten,frame,desa
33.10.19.2009,Sorogaten,Tulung,Kabupaten Klaten,frame,desa
33.10.19.2010,Beji,Tulung,Kabupaten Klaten,frame,desa
33.10.19.2011,Kemiri,Tulung,Kabupaten Klaten,frame,desa
33.10.19.2012,Sudimoro,Tulung,Kabupaten Klaten,frame,desa
33.10.19.2013,Tulung,Tulung,Kabupaten Klaten,frame,desa
33.10.19.2014,Malangan,Tulung,Kabupaten Klaten,frame,desa
33.10.19.2015,Pucangmiliran,Tulung,Kabupaten Klaten,frame,desa
33.10.19.2016,Cokro,Tulung,Kabupaten Klaten,frame,desa
33.10.19.2017,Daleman,Tulung,Kabupaten Klaten,frame,desa
33.10.19.2018,Wunut,Tulung,Kabupaten Klaten,frame,desa
33.10.20.1015,Jatinom,Jatinom,Kabupaten Klaten,frame,kelurahan
33.10.20.2001,Beteng,Jatinom,Kabupaten Klaten,frame,desa
33.10.20.2002,Randulanang,Jatinom,Kabupaten Klaten,frame,desa
33.10.20.2003,Mranggen,Jatinom,Kabupaten Klaten,frame,desa
33.10.20.2004,Jemawan,Jatinom,Kabupaten Klaten,frame,desa
33.10.20.2005,Gedaren,Jatinom,Kabupaten Klaten,frame,desa
33.10.20.2006,Cawan,Jatinom,Kabupaten Klaten,frame,desa
33.10.20.2007,Tibayan,Jatinom,Kabupaten Klaten,frame,desa
33.10.20.2008,Bengking,Jatinom,Kabupaten Klaten,frame,desa
33.10.20.2009,Temuireng,Jatinom,Kabupaten Klaten,frame,desa
33.10.20.2010,Bandungan,Jatinom,Kabupaten Klaten,frame,desa
33.10.20.2011,Kayumas,Jatinom,Kabupaten Klaten,frame,desa
33.10.20.2012,Socokangsi,Jatinom,Kabupaten Klaten,frame,desa
33.10.20.2013,Glagah,Jatinom,Kabupaten Klaten,frame,desa
33.10.20.2014,Krajan,Jatinom,Kabupaten Klaten,frame,desa
33.10.20.2016,Bonyokan,Jatinom,Kabupaten Klaten,frame,desa
33.10.20.2017,Pandeyan,Jatinom,Kabupaten Klaten,frame,desa
33.10.20.2018,Puluhan,Jatinom,Kabupaten Klaten,frame,desa
33.10.21.2001,Bawukan,Kemalang,Kabupaten Klaten,frame,desa
33.10.21.2002,Talun,Kemalang,Kabupaten Klaten,frame,desa
33.10.21.2003,Panggang,Kemalang,Kabupaten Klaten,frame,desa
33.10.21.2004,Balerante,Kemalang,Kabupaten Klaten,frame,desa
33.10.21.2005,Sidorejo,Kemalang,Kabupaten Klaten,frame,desa
33.10.21.2006,Tegalmulyo,Kemalang,Kabupaten Klaten,frame,desa
33.10.21.2007,Tlogowatu,Kemalang,Kabupaten Klaten,frame,desa
33.10.21.2008,Tangkil,Kemalang,Kabupaten Klaten,frame,desa
33.10.21.2009,Bumiharjo,Kemalang,Kabupaten Klaten,frame,desa
33.10.21.2010,Kendalsari,Kemalang,Kabupaten Klaten,frame,desa
33.10.21.2011,Dompol,Kemalang,Kabupaten Klaten,frame,desa
33.10.21.2012,Kemalang,Kemalang,Kabupaten Klaten,frame,desa
33.10.21.2013,Keputran,Kemalang,Kabupaten Klaten,frame,desa
33.10.22.2001,Manjung,Ngawen,Kabupaten Klaten,frame,desa
33.10.22.2002,Gatak,Ngawen,Kabupaten Klaten,frame,desa
33.10.22.2003,Duwet,Ngawen,Kabupaten Klaten,frame,desa
33.10.22.2004,Senden,Ngawen,Kabupaten Klaten,frame,desa
33.10.22.2005,Ngawen,Ngawen,Kabupaten Klaten,frame,desa
33.10.22.2006,Kahuman,Ngawen,Kabupaten Klaten,frame,desa
33.10.22.2007,Pepe,Ngawen,Kabupaten Klaten,frame,desa
33.10.22.2008,Manjungan,Ngawen,Kabupaten Klaten,frame,desa
33.10.22.2009,Kwaren,Ngawen,Kabupaten Klaten,frame,desa
33.10.22.2010,Mayungan,Ngawen,Kabupaten Klaten,frame,desa
33.10.22.2011,Tempursari,Ngawen,Kabupaten Klaten,frame,desa
33.10.22.2012,Candirejo,Ngawen,Kabupaten Klaten,frame,desa
33.10.22.2013,Drono,Ngawen,Kabupaten Klaten,frame,desa
33.10.23.2001,Jimbung,Kalikotes,Kabupaten Klaten,frame,desa
33.10.23.2002,Ngemplak,Kalikotes,Kabupaten Klaten,frame,desa
33.10.23.2003,Kalikotes,Kalikotes,Kabupaten Klaten,frame,desa
33.10.23.2004,Krajan,Kalikotes,Kabupaten Klaten,frame,desa
33.10.23.2005,Tambongwetan,Kalikotes,Kabupaten Klaten,frame,desa
33.10.23.2006,Jogosetran,Kalikotes,Kabupaten Klaten,frame,desa
33.10.23.2007,Gemblegan,Kalikotes,Kabupaten Klaten,frame,desa
33.10.24.1002,Barenglor,Klaten Utara,Kabupaten Klaten,frame,kelurahan
33.10.24.1007,Gergunung,Klaten Utara,Kabupaten Klaten,frame,kelurahan
33.10.24.2001,Sekarsuli,Klaten Utara,Kabupaten Klaten,frame,desa
33.10.24.2003,Karanganom,Klaten Utara,Kabupaten Klaten,frame,desa
33.10.24.2004,Ketandan,Klaten Utara,Kabupaten Klaten,frame,desa
33.10.24.2005,Belangwetan,Klaten Utara,Kabupaten Klaten,frame,desa
33.10.24.2006,Jonggrangan,Klaten Utara,Kabupaten Klaten,frame,desa
33.10.24.2008,Jebugan,Klaten Utara,Kabupaten Klaten,frame,desa
33.10.25.1001,Bareng,Klaten Tengah,Kabupaten Klaten,frame,kelurahan
33.10.25.1002,Kabupaten,Klaten Tengah,Kabupaten Klaten,frame,kelurahan
33.10.25.1003,Klaten,Klaten Tengah,Kabupaten Klaten,frame,kelurahan
33.10.25.1004,Tonggalan,Klaten Tengah,Kabupaten Klaten,frame,kelurahan
33.10.25.1006,Buntalan,Klaten Tengah,Kabupaten Klaten,frame,kelurahan
33.10.25.1008,Mojayan,Klaten Tengah,Kabupaten Klaten,frame,kelurahan
33.10.25.2005,Semangkak,Klaten Tengah,Kabupaten Klaten,frame,desa
33.10.25.2007,Jomboran,Klaten Tengah,Kabupaten Klaten,frame,desa
33.10.25.2009,Gumulan,Klaten Tengah,Kabupaten Klaten,frame,desa
33.10.26.1009,Gayamprit,Klaten Selatan,Kabupaten Klaten,frame,kelurahan
33.10.26.2001,Kajoran,Klaten Selatan,Kabupaten Klaten,frame,desa
33.10.26.2002,Glodogan,Klaten Selatan,Kabupaten Klaten,frame,desa
33.10.26.2003,Ngalas,Klaten Selatan,Kabupaten Klaten,frame,desa
33.10.26.2004,Danguran,Klaten Selatan,Kabupaten Klaten,frame,desa
33.10.26.2005,Trunuh,Klaten Selatan,Kabupaten Klaten,frame,desa
33.10.26.2006,Sumberejo,Klaten Selatan,Kabupaten Klaten,frame,desa
33.10.26.2007,Merbung,Klaten Selatan,Kabupaten Klaten,frame,desa
33.10.26.2008,Tegalyoso,Klaten Selatan,Kabupaten Klaten,frame,desa
33.10.26.2010,Karanglo,Klaten Selatan,Kabupaten Klaten,frame,desa
33.10.26.2011,Nglinggi,Klaten Selatan,Kabupaten Klaten,frame,desa
33.10.26.2012,Jetis,Klaten Selatan,Kabupaten Klaten,frame,desa
33.22.01.2001,Tajuk,Getasan,Kabupaten Semarang,buffer,desa
33.22.01.2002,Batur,Getasan,Kabupaten Semarang,buffer,desa
33.22.01.2003,Kopeng,Getasan,Kabupaten Semarang,buffer,desa
33.22.01.2004,Tolokan,Getasan,Kabupaten Semarang,buffer,desa
33.22.01.2005,Wates,Getasan,Kabupaten Semarang,buffer,desa
33.22.01.2006,Getasan,Getasan,Kabupaten Semarang,buffer,desa
33.22.01.2007,Sumogawe,Getasan,Kabupaten Semarang,buffer,desa
33.22.01.2008,Samirono,Getasan,Kabupaten Semarang,buffer,desa
33.22.01.2009,Jetak,Getasan,Kabupaten Semarang,buffer,desa
33.22.01.2010,Polobogo,Getasan,Kabupaten Semarang,buffer,desa
33.22.01.2011,Manggihan,Getasan,Kabupaten Semarang,buffer,desa
33.22.01.2012,Ngrawan,Getasan,Kabupaten Semarang,buffer,desa
33.22.01.2013,Nogosaren,Getasan,Kabupaten Semarang,buffer,desa
33.22.02.2001,Duren,Tengaran,Kabupaten Semarang,buffer,desa
33.22.02.2002,Sugihan,Tengaran,Kabupaten Semarang,buffer,desa
33.22.02.2003,Sruwen,Tengaran,Kabupaten Semarang,buffer,desa
33.22.02.2004,Tegalrejo,Tengaran,Kabupaten Semarang,buffer,desa
33.22.02.2005,Tengaran,Tengaran,Kabupaten Semarang,buffer,desa
33.22.02.2006,Klero,Tengaran,Kabupaten Semarang,buffer,desa
33.22.02.2007,Regunung,Tengaran,Kabupaten Semarang,buffer,desa
33.22.02.2008,Cukil,Tengaran,Kabupaten Semarang,buffer,desa
33.22.02.2009,Karangduren,Tengaran,Kabupaten Semarang,buffer,desa
33.22.02.2010,Butuh,Tengaran,Kabupaten Semarang,buffer,desa
33.22.02.2011,Patemon,Tengaran,Kabupaten Semarang,buffer,desa
33.22.02.2012,Bener,Tengaran,Kabupaten Semarang,buffer,desa
33.22.02.2013,Tegalwaton,Tengaran,Kabupaten Semarang,buffer,desa
33.22.02.2014,Barukan,Tengaran,Kabupaten Semarang,buffer,desa
33.22.02.2015,Nyamat,Tengaran,Kabupaten Semarang,buffer,desa
33.22.03.2001,Badran,Susukan,Kabupaten Semarang,buffer,desa
33.22.03.2002,Timpik,Susukan,Kabupaten Semarang,buffer,desa
33.22.03.2003,Tawang,Susukan,Kabupaten Semarang,buffer,desa
33.22.03.2004,Bakalrejo,Susukan,Kabupaten Semarang,buffer,desa
33.22.03.2005,Ketapang,Susukan,Kabupaten Semarang,buffer,desa
33.22.03.2006,Susukan,Susukan,Kabupaten Semarang,buffer,desa
33.22.03.2007,Sidoharjo,Susukan,Kabupaten Semarang,buffer,desa
33.22.03.2008,Gentan,Susukan,Kabupaten Semarang,buffer,desa
33.22.03.2009,Muncar,Susukan,Kabupaten Semarang,buffer,desa
33.22.03.2010,Ngasinan,Susukan,Kabupaten Semarang,buffer,desa
33.22.03.2011,Koripan,Susukan,Kabupaten Semarang,buffer,desa
33.22.03.2012,Kenteng,Susukan,Kabupaten Semarang,buffer,desa
33.22.03.2013,Kemetul,Susukan,Kabupaten Semarang,buffer,desa
33.22.04.2001,Kebowan,Suruh,Kabupaten Semarang,buffer,desa
33.22.04.2002,Beji Lor,Suruh,Kabupaten Semarang,buffer,desa
33.22.04.2003,Jatirejo,Suruh,Kabupaten Semarang,buffer,desa
33.22.04.2004,Dersansari,Suruh,Kabupaten Semarang,buffer,desa
33.22.04.2005,Purworejo,Suruh,Kabupaten Semarang,buffer,desa
33.22.04.2006,Ketanggi,Suruh,Kabupaten Semarang,buffer,desa
33.22.04.2007,Medayu,Suruh,Kabupaten Semarang,buffer,desa
33.22.04.2008,Bonomerto,Suruh,Kabupaten Semarang,buffer,desa
33.22.04.2009,Sukorejo,Suruh,Kabupaten Semarang,buffer,desa
33.22.04.2010,Kedungringin,Suruh,Kabupaten Semarang,buffer,desa
33.22.04.2011,Gunung Tumpeng,Suruh,Kabupaten Semarang,buffer,desa
33.22.04.2012,Reksosari,Suruh,Kabupaten Semarang,buffer,desa
33.22.04.2013,Suruh,Suruh,Kabupaten Semarang,buffer,desa
33.22.04.2014,Plumbon,Suruh,Kabupaten Semarang,buffer,desa
33.22.04.2015,Krandon Lor,Suruh,Kabupaten Semarang,buffer,desa
33.22.04.2016,Cukilan,Suruh,Kabupaten Semarang,buffer,desa
33.22.04.2017,Dadap Ayam,Suruh,Kabupaten Semarang,buffer,desa
33.22.05.2001,Sumberejo,Pabelan,Kabupaten Semarang,buffer,desa
33.22.05.2002,Ujung-ujung,Pabelan,Kabupaten Semarang,buffer,desa
33.22.05.2003,Sukoharjo,Pabelan,Kabupaten Semarang,buffer,desa
33.22.05.2004,Karang Gondang,Pabelan,Kabupaten Semarang,buffer,desa
33.22.05.2005,Segiri,Pabelan,Kabupaten Semarang,buffer,desa
33.22.05.2006,Terban,Pabelan,Kabupaten Semarang,buffer,desa
33.22.05.2007,Tukang,Pabelan,Kabupaten Semarang,buffer,desa
33.22.05.2008,Semowo,Pabelan,Kabupaten Semarang,buffer,desa
33.22.05.2009,Bendungan,Pabelan,Kabupaten Semarang,buffer,desa
33.22.05.2010,Jembrak,Pabelan,Kabupaten Semarang,buffer,desa
33.22.05.2011,Glawan,Pabelan,Kabupaten Semarang,buffer,desa
33.22.05.2012,Pabelan,Pabelan,Kabupaten Semarang,buffer,desa
33.22.05.2013,Kauman Lor,Pabelan,Kabupaten Semarang,buffer,desa
33.22.05.2014,Bejaten,Pabelan,Kabupaten Semarang,buffer,desa
33.22.05.2015,Kadirejo,Pabelan,Kabupaten Semarang,buffer,desa
33.22.05.2016,Giling,Pabelan,Kabupaten Semarang,buffer,desa
33.22.05.2017,Padaan,Pabelan,Kabupaten Semarang,buffer,desa
33.22.06.2001,Gedangan,Tuntang,Kabupaten Semarang,buffer,desa
33.22.06.2002,Kalibeji,Tuntang,Kabupaten Semarang,buffer,desa
33.22.06.2003,Rowosari,Tuntang,Kabupaten Semarang,buffer,desa
33.22.06.2004,Sraten,Tuntang,Kabupaten Semarang,buffer,desa
33.22.06.2005,Jombor,Tuntang,Kabupaten Semarang,buffer,desa
33.22.06.2006,Candirejo,Tuntang,Kabupaten Semarang,buffer,desa
33.22.06.2007,Kesongo,Tuntang,Kabupaten Semarang,buffer,desa
33.22.06.2008,Watuagung,Tuntang,Kabupaten Semarang,buffer,desa
33.22.06.2009,Lopait,Tuntang,Kabupaten Semarang,buffer,desa
33.22.06.2010,Tuntang,Tuntang,Kabupaten Semarang,buffer,desa
33.22.06.2011,Delik,Tuntang,Kabupaten Semarang,buffer,desa
33.22.06.2012,Tlogo,Tuntang,Kabupaten Semarang,buffer,desa
33.22.06.2013,Karangtengah,Tuntang,Kabupaten Semarang,buffer,desa
33.22.06.2014,Karanganyar,Tuntang,Kabupaten Semarang,buffer,desa
33.22.06.2015,Tlompakan,Tuntang,Kabupaten Semarang,buffer,desa
33.22.06.2016,Ngajaran,Tuntang,Kabupaten Semarang,buffer,desa
33.22.07.2001,Gedong,Banyubiru,Kabupaten Semarang,buffer,desa
33.22.07.2002,Kebumen,Banyubiru,Kabupaten Semarang,buffer,desa
33.22.07.2003,Sepakung,Banyubiru,Kabupaten Semarang,buffer,desa
33.22.07.2004,Wirogomo,Banyubiru,Kabupaten Semarang,buffer,desa
33.22.07.2005,Kemambang,Banyubiru,Kabupaten Semarang,buffer,desa
33.22.07.2006,Tegaron,Banyubiru,Kabupaten Semarang,buffer,desa
33.22.07.2007,Rowoboni,Banyubiru,Kabupaten Semarang,buffer,desa
33.22.07.2008,Kebondowo,Banyubiru,Kabupaten Semarang,buffer,desa
33.22.07.2009,Banyubiru,Banyubiru,Kabupaten Semarang,buffer,desa
33.22.07.2010,Ngrapah,Banyubiru,Kabupaten Semarang,buffer,desa
33.22.08.1006,Gondoriyo,Jambu,Kabupaten Semarang,buffer,kelurahan
33.22.08.2001,Gemawang,Jambu,Kabupaten Semarang,buffer,desa
33.22.08.2002,Bedono,Jambu,Kabupaten Semarang,buffer,desa
33.22.08.2003,Kelurahan,Jambu,Kabupaten Semarang,buffer,desa
33.22.08.2004,Brongkol,Jambu,Kabupaten Semarang,buffer,desa
33.22.08.2005,Jambu,Jambu,Kabupaten Semarang,buffer,desa
33.22.08.2007,Kuwarasan,Jambu,Kabupaten Semarang,buffer,desa
33.22.08.2008,Kebondalem,Jambu,Kabupaten Semarang,buffer,desa
33.22.08.2009,Rejosari,Jambu,Kabupaten Semarang,buffer,desa
33.22.08.2010,Genting,Jambu,Kabupaten Semarang,buffer,desa
33.22.09.2001,Kebonagung,Sumowono,Kabupaten Semarang,buffer,desa
33.22.09.2002,Candigaron,Sumowono,Kabupaten Semarang,buffer,desa
33.22.09.2003,Ngadikerso,Sumowono,Kabupaten Semarang,buffer,desa
33.22.09.2004,Lanjan,Sumowono,Kabupaten Semarang,buffer,desa
33.22.09.2005,Jubelan,Sumowono,Kabupaten Semarang,buffer,desa
33.22.09.2006,Sumowono,Sumowono,Kabupaten Semarang,buffer,desa
33.22.09.2007,Trayu,Sumowono,Kabupaten Semarang,buffer,desa
33.22.09.2008,Kemitir,Sumowono,Kabupaten Semarang,buffer,desa
33.22.09.2009,Duren,Sumowono,Kabupaten Semarang,buffer,desa
33.22.09.2010,Pledokan,Sumowono,Kabupaten Semarang,buffer,desa
33.22.09.2011,Mendongan,Sumowono,Kabupaten Semarang,buffer,desa
33.22.09.2012,Bumen,Sumowono,Kabupaten Semarang,buffer,desa
33.22.09.2013,Losari,Sumowono,Kabupaten Semarang,buffer,desa
33.22.09.2014,Kemawi,Sumowono,Kabupaten Semarang,buffer,desa
33.22.09.2015,Piyanggang,Sumowono,Kabupaten Semarang,buffer,desa
33.22.09.2016,Keseneng,Sumowono,Kabupaten Semarang,buffer,desa
33.22.10.1001,Ngampin,Ambarawa,Kabupaten Semarang,buffer,kelurahan
33.22.10.1002,Pojoksari,Ambarawa,Kabupaten Semarang,buffer,kelurahan
33.22.10.1004,Tambakboyo,Ambarawa,Kabupaten Semarang,buffer,kelurahan
33.22.10.1005,Lodoyong,Ambarawa,Kabupaten Semarang,buffer,kelurahan
33.22.10.1006,Kupang,Ambarawa,Kabupaten Semarang,buffer,kelurahan
33.22.10.1007,Kranggan,Ambarawa,Kabupaten Semarang,buffer,kelurahan
33.22.10.1008,Panjang,Ambarawa,Kabupaten Semarang,buffer,kelurahan
33.22.10.1010,Baran,Ambarawa,Kabupaten Semarang,buffer,kelurahan
33.22.10.2003,Bejalen,Ambarawa,Kabupaten Semarang,buffer,desa
33.22.10.2009,Pasekan,Ambarawa,Kabupaten Semarang,buffer,desa
33.22.11.1002,Bawen,Bawen,Kabupaten Semarang,buffer,kelurahan
33.22.11.1007,Harjosari,Bawen,Kabupaten Semarang,buffer,kelurahan
33.22.11.2001,Doplang,Bawen,Kabupaten Semarang,buffer,desa
33.22.11.2003,Asinan,Bawen,Kabupaten Semarang,buffer,desa
33.22.11.2004,Polosiri,Bawen,Kabupaten Semarang,buffer,desa
33.22.11.2005,Kandangan,Bawen,Kabupaten Semarang,buffer,desa
33.22.11.2006,Lemahireng,Bawen,Kabupaten Semarang,buffer,desa
33.22.11.2008,Samban,Bawen,Kabupaten Semarang,buffer,desa
33.22.11.2009,Poncoruso,Bawen,Kabupaten Semarang,buffer,desa
33.22.12.2001,Bringin,Bringin,Kabupaten Semarang,buffer,desa
33.22.12.2002,Popongan,Bringin,Kabupaten Semarang,buffer,desa
33.22.12.2003,Pakis,Bringin,Kabupaten Semarang,buffer,desa
33.22.12.2004,Rembes,Bringin,Kabupaten Semarang,buffer,desa
33.22.12.2005,Tanjung,Bringin,Kabupaten Semarang,buffer,desa
33.22.12.2006,Sambirejo,Bringin,Kabupaten Semarang,buffer,desa
33.22.12.2007,Kalijambe,Bringin,Kabupaten Semarang,buffer,desa
33.22.12.2008,Kalikurmo,Bringin,Kabupaten Semarang,buffer,desa
33.22.12.2009,Gogodalem,Bringin,Kabupaten Semarang,buffer,desa
33.22.12.2010,Lebak,Bringin,Kabupaten Semarang,buffer,desa
33.22.12.2011,Wiru,Bringin,Kabupaten Semarang,buffer,desa
33.22.12.2012,Nyemoh,Bringin,Kabupaten Semarang,buffer,desa
33.22.12.2013,Tempuran,Bringin,Kabupaten Semarang,buffer,desa
33.22.12.2014,Sendang,Bringin,Kabupaten Semarang,buffer,desa
33.22.12.2015,Truko,Bringin,Kabupaten Semarang,buffer,desa
33.22.12.2016,Banding,Bringin,Kabupaten Semarang,buffer,desa
33.22.13.1001,Ngempon,Bergas,Kabupaten Semarang,buffer,kelurahan
33.22.13.1002,Karangjati,Bergas,Kabupaten Semarang,buffer,kelurahan
33.22.13.1005,Wujil,Bergas,Kabupaten Semarang,buffer,kelurahan
33.22.13.1009,Bergas Lor,Bergas,Kabupaten Semarang,buffer,kelurahan
33.22.13.2003,Wringinputih,Bergas,Kabupaten Semarang,buffer,desa
33.22.13.2004,Gondoriyo,Bergas,Kabupaten Semarang,buffer,desa
33.22.13.2006,Gebugan,Bergas,Kabupaten Semarang,buffer,desa
33.22.13.2007,Pagersari,Bergas,Kabupaten Semarang,buffer,desa
33.22.13.2008,Munding,Bergas,Kabupaten Semarang,buffer,desa
33.22.13.2010,Bergas Kidul,Bergas,Kabupaten Semarang,buffer,desa
33.22.13.2011,Randugunting,Bergas,Kabupaten Semarang,buffer,desa
33.22.13.2012,Jatijajar,Bergas,Kabupaten Semarang,buffer,desa
33.22.13.2013,Diwak,Bergas,Kabupaten Semarang,buffer,desa
33.22.15.1004,Pringapus,Pringapus,Kabupaten Semarang,buffer,kelurahan
33.22.15.2001,Klepu,Pringapus,Kabupaten Semarang,buffer,desa
33.22.15.2002,Derekan,Pringapus,Kabupaten Semarang,buffer,desa
33.22.15.2003,Jatirunggo,Pringapus,Kabupaten Semarang,buffer,desa
33.22.15.2005,Pringsari,Pringapus,Kabupaten Semarang,buffer,desa
33.22.15.2006,Wonorejo,Pringapus,Kabupaten Semarang,buffer,desa
33.22.15.2007,Wonoyoso,Pringapus,Kabupaten Semarang,buffer,desa
33.22.15.2008,Candirejo,Pringapus,Kabupaten Semarang,buffer,desa
33.22.15.2009,Penawangan,Pringapus,Kabupaten Semarang,buffer,desa
33.22.16.2001,Bancak,Bancak,Kabupaten Semarang,buffer,desa
33.22.16.2002,Wonokerto,Bancak,Kabupaten Semarang,buffer,desa
33.22.16.2003,Jlumpang,Bancak,Kabupaten Semarang,buffer,desa
33.22.16.2004,Bantal,Bancak,Kabupaten Semarang,buffer,desa
33.22.16.2005,Rejosari,Bancak,Kabupaten Semarang,buffer,desa
33.22.16.2006,Plumutan,Bancak,Kabupaten Semarang,buffer,desa
33.22.16.2007,Lembu,Bancak,Kabupaten Semarang,buffer,desa
33.22.16.2008,Pucung,Bancak,Kabupaten Semarang,buffer,desa
33.22.16.2009,Boto,Bancak,Kabupaten Semarang,buffer,desa
33.22.17.2001,Kaliwungu,Kaliwungu,Kabupaten Semarang,buffer,desa
33.22.17.2002,Jetis,Kaliwungu,Kabupaten Semarang,buffer,desa
33.22.17.2003,Kener,Kaliwungu,Kabupaten Semarang,buffer,desa
33.22.17.2004,Kradenan,Kaliwungu,Kabupaten Semarang,buffer,desa
33.22.17.2005,Mukiran,Kaliwungu,Kabupaten Semarang,buffer,desa
33.22.17.2006,Pager,Kaliwungu,Kabupaten Semarang,buffer,desa
33.22.17.2007,Papringan,Kaliwungu,Kabupaten Semarang,buffer,desa
33.22.17.2008,Payungan,Kaliwungu,Kabupaten Semarang,buffer,desa
33.22.17.2009,Rogomulyo,Kaliwungu,Kabupaten Semarang,buffer,desa
33.22.17.2010,Siwal,Kaliwungu,Kabupaten Semarang,buffer,desa
33.22.17.2011,Udanwuh,Kaliwungu,Kabupaten Semarang,buffer,desa
33.22.18.1006,Candirejo,Ungaran Barat,Kabupaten Semarang,buffer,kelurahan
33.22.18.1007,Genuk,Ungaran Barat,Kabupaten Semarang,buffer,kelurahan
33.22.18.1008,Ungaran,Ungaran Barat,Kabupaten Semarang,buffer,kelurahan
33.22.18.1009,Bandarjo,Ungaran Barat,Kabupaten Semarang,buffer,kelurahan
33.22.18.1010,Langensari,Ungaran Barat,Kabupaten Semarang,buffer,kelurahan
33.22.18.2001,Branjang,Ungaran Barat,Kabupaten Semarang,buffer,desa
33.22.18.2002,Kalisidi,Ungaran Barat,Kabupaten Semarang,buffer,desa
33.22.18.2003,Keji,Ungaran Barat,Kabupaten Semarang,buffer,desa
33.22.18.2004,Lerep,Ungaran Barat,Kabupaten Semarang,buffer,desa
33.22.18.2005,Nyatnyono,Ungaran Barat,Kabupaten Semarang,buffer,desa
33.22.18.2011,Gogik,Ungaran Barat,Kabupaten Semarang,buffer,desa
33.22.19.1001,Sidomulyo,Ungaran Timur,Kabupaten Semarang,buffer,kelurahan
33.22.19.1002,Kalirejo,Ungaran Timur,Kabupaten Semarang,buffer,kelurahan
33.22.19.1003,Susukan,Ungaran Timur,Kabupaten Semarang,buffer,kelurahan
33.22.19.1007,Gedanganak,Ungaran Timur,Kabupaten Semarang,buffer,kelurahan
33.22.19.1008,Beji,Ungaran Timur,Kabupaten Semarang,buffer,kelurahan
33.22.19.2004,Mluweh,Ungaran Timur,Kabupaten Semarang,buffer,desa
33.22.19.2005,Kawengen,Ungaran Timur,Kabupaten Semarang,buffer,desa
33.22.19.2006,Kalikayen,Ungaran Timur,Kabupaten Semarang,buffer,desa
33.22.19.2009,Leyangan,Ungaran Timur,Kabupaten Semarang,buffer,desa
33.22.19.2010,Kalongan,Ungaran Timur,Kabupaten Semarang,buffer,desa
33.22.20.1011,Bandungan,Bandungan,Kabupaten Semarang,buffer,kelurahan
33.22.20.2001,Mlilir,Bandungan,Kabupaten Semarang,buffer,desa
33.22.20.2002,Duren,Bandungan,Kabupaten Semarang,buffer,desa
33.22.20.2003,Jetis,Bandungan,Kabupaten Semarang,buffer,desa
33.22.20.2004,Kenteng,Bandungan,Kabupaten Semarang,buffer,desa
33.22.20.2005,Candi,Bandungan,Kabupaten Semarang,buffer,desa
33.22.20.2006,Jimbaran,Bandungan,Kabupaten Semarang,buffer,desa
33.22.20.2007,Pakopen,Bandungan,Kabupaten Semarang,buffer,desa
33.22.20.2008,Sidomukti,Bandungan,Kabupaten Semarang,buffer,desa
33.22.20.2009,Banyukuning,Bandungan,Kabupaten Semarang,buffer,desa
33.23.01.2001,Bulu,Bulu,Kabupaten Temanggung,frame,desa
33.23.01.2002,Tegalurung,Bulu,Kabupaten Temanggung,frame,desa
33.23.01.2003,Campursari,Bulu,Kabupaten Temanggung,frame,desa
33.23.01.2004,Gandurejo,Bulu,Kabupaten Temanggung,frame,desa
33.23.01.2005,Tegalrejo,Bulu,Kabupaten Temanggung,frame,desa
33.23.01.2006,Gondosuli,Bulu,Kabupaten Temanggung,frame,desa
33.23.01.2007,Ngimbrang,Bulu,Kabupaten Temanggung,frame,desa
33.23.01.2008,Putat,Bulu,Kabupaten Temanggung,frame,desa
33.23.01.2009,Danupayan,Bulu,Kabupaten Temanggung,frame,desa
33.23.01.2010,Mondoretno,Bulu,Kabupaten Temanggung,frame,desa
33.23.01.2011,Pandemulyo,Bulu,Kabupaten Temanggung,frame,desa
33.23.01.2012,Pasuruan,Bulu,Kabupaten Temanggung,frame,desa
33.23.01.2013,Pakurejo,Bulu,Kabupaten Temanggung,frame,desa
33.23.01.2014,Malangsari,Bulu,Kabupaten Temanggung,frame,desa
33.23.01.2015,Pagergunung,Bulu,Kabupaten Temanggung,frame,desa
33.23.01.2016,Wonosari,Bulu,Kabupaten Temanggung,frame,desa
33.23.01.2017,Bansari,Bulu,Kabupaten Temanggung,frame,desa
33.23.01.2018,Wonotirto,Bulu,Kabupaten Temanggung,frame,desa
33.23.01.2019,Pengilon,Bulu,Kabupaten Temanggung,frame,desa
33.23.02.2001,Tembarak,Tembarak,Kabupaten Temanggung,frame,desa
33.23.02.2002,Menggoro,Tembarak,Kabupaten Temanggung,frame,desa
33.23.02.2003,Purwodadi,Tembarak,Kabupaten Temanggung,frame,desa
33.23.02.2004,Wonokerso,Tembarak,Kabupaten Temanggung,frame,desa
33.23.02.2005,Kemloko,Tembarak,Kabupaten Temanggung,frame,desa
33.23.02.2006,Gandu,Tembarak,Kabupaten Temanggung,frame,desa
33.23.02.2007,Botoputih,Tembarak,Kabupaten Temanggung,frame,desa
33.23.02.2008,Tawangsari,Tembarak,Kabupaten Temanggung,frame,desa
33.23.02.2009,Greges,Tembarak,Kabupaten Temanggung,frame,desa
33.23.02.2010,Krajan,Tembarak,Kabupaten Temanggung,frame,desa
33.23.02.2011,Jragan,Tembarak,Kabupaten Temanggung,frame,desa
33.23.02.2012,Drono,Tembarak,Kabupaten Temanggung,frame,desa
33.23.02.2013,Banaran,Tembarak,Kabupaten Temanggung,frame,desa
33.23.03.1001,Temanggung I,Temanggung,Kabupaten Temanggung,frame,kelurahan
33.23.03.1002,Temanggung II,Temanggung,Kabupaten Temanggung,frame,kelurahan
33.23.03.1003,Butuh,Temanggung,Kabupaten Temanggung,frame,kelurahan
33.23.03.1004,Jampiroso,Temanggung,Kabupaten Temanggung,frame,kelurahan
33.23.03.1005,Jampirejo,Temanggung,Kabupaten Temanggung,frame,kelurahan
33.23.03.1006,Kertosari,Temanggung,Kabupaten Temanggung,frame,kelurahan
33.23.03.1007,Banyuurip,Temanggung,Kabupaten Temanggung,frame,kelurahan
33.23.03.1008,Kowangan,Temanggung,Kabupaten Temanggung,frame,kelurahan
33.23.03.1009,Jurang,Temanggung,Kabupaten Temanggung,frame,kelurahan
33.23.03.1010,Tlogorejo,Temanggung,Kabupaten Temanggung,frame,kelurahan
33.23.03.1012,Kebonsari,Temanggung,Kabupaten Temanggung,frame,kelurahan
33.23.03.1013,Manding,Temanggung,Kabupaten Temanggung,frame,kelurahan
33.23.03.1014,Mungseng,Temanggung,Kabupaten Temanggung,frame,kelurahan
33.23.03.1015,Purworejo,Temanggung,Kabupaten Temanggung,frame,kelurahan
33.23.03.1016,Giyanti,Temanggung,Kabupaten Temanggung,frame,kelurahan
33.23.03.1018,Madureso,Temanggung,Kabupaten Temanggung,frame,kelurahan
33.23.03.1022,Sidorejo,Temanggung,Kabupaten Temanggung,frame,kelurahan
33.23.03.1025,Walitelon Utara,Temanggung,Kabupaten Temanggung,frame,kelurahan
33.23.03.1026,Walitelon Selatan,Temanggung,Kabupaten Temanggung,frame,kelurahan
33.23.03.2011,Joho,Temanggung,Kabupaten Temanggung,frame,desa
33.23.03.2017,Guntur,Temanggung,Kabupaten Temanggung,frame,desa
33.23.03.2019,Lungge,Temanggung,Kabupaten Temanggung,frame,desa
33.23.03.2020,Mudal,Temanggung,Kabupaten Temanggung,frame,desa
33.23.03.2021,Gilingsari,Temanggung,Kabupaten Temanggung,frame,desa
33.23.03.2024,Nampirejo,Temanggung,Kabupaten Temanggung,frame,desa
33.23.04.2001,Pringsurat,Pringsurat,Kabupaten Temanggung,frame,desa
33.23.04.2002,Kebumen,Pringsurat,Kabupaten Temanggung,frame,desa
33.23.04.2003,Soropadan,Pringsurat,Kabupaten Temanggung,frame,desa
33.23.04.2004,Kupen,Pringsurat,Kabupaten Temanggung,frame,desa
33.23.04.2005,Karangwuni,Pringsurat,Kabupaten Temanggung,frame,desa
33.23.04.2006,Gowak,Pringsurat,Kabupaten Temanggung,frame,desa
33.23.04.2007,Rejosari,Pringsurat,Kabupaten Temanggung,frame,desa
33.23.04.2008,Ngipik,Pringsurat,Kabupaten Temanggung,frame,desa
33.23.04.2009,Pingit,Pringsurat,Kabupaten Temanggung,frame,desa
33.23.04.2010,Klepu,Pringsurat,Kabupaten Temanggung,frame,desa
33.23.04.2011,Soborejo,Pringsurat,Kabupaten Temanggung,frame,desa
33.23.04.2012,Nglorog,Pringsurat,Kabupaten Temanggung,frame,desa
33.23.04.2013,Pagergunung,Pringsurat,Kabupaten Temanggung,frame,desa
33.23.04.2014,Wonokerso,Pringsurat,Kabupaten Temanggung,frame,desa
33.23.05.2001,Kaloran,Kaloran,Kabupaten Temanggung,frame,desa
33.23.05.2002,Tlogowungu,Kaloran,Kabupaten Temanggung,frame,desa
33.23.05.2003,Gandon,Kaloran,Kabupaten Temanggung,frame,desa
33.23.05.2004,Tleter,Kaloran,Kabupaten Temanggung,frame,desa
33.23.05.2005,Getas,Kaloran,Kabupaten Temanggung,frame,desa
33.23.05.2006,Kalimanggis,Kaloran,Kabupaten Temanggung,frame,desa
33.23.05.2007,Tempuran,Kaloran,Kabupaten Temanggung,frame,desa
33.23.05.2008,Kemiri,Kaloran,Kabupaten Temanggung,frame,desa
33.23.05.2009,Geblog,Kaloran,Kabupaten Temanggung,frame,desa
33.23.05.2010,Tegowanuh,Kaloran,Kabupaten Temanggung,frame,desa
33.23.05.2011,Keblukan,Kaloran,Kabupaten Temanggung,frame,desa
33.23.05.2012,Tepusen,Kaloran,Kabupaten Temanggung,frame,desa
33.23.05.2013,Gandulan,Kaloran,Kabupaten Temanggung,frame,desa
33.23.05.2014,Kwarakan,Kaloran,Kabupaten Temanggung,frame,desa
33.23.06.2001,Kandangan,Kandangan,Kabupaten Temanggung,frame,desa
33.23.06.2002,Baledu,Kandangan,Kabupaten Temanggung,frame,desa
33.23.06.2003,Caruban,Kandangan,Kabupaten Temanggung,frame,desa
33.23.06.2004,Wadas,Kandangan,Kabupaten Temanggung,frame,desa
33.23.06.2005,Samiranan,Kandangan,Kabupaten Temanggung,frame,desa
33.23.06.2006,Ngemplak,Kandangan,Kabupaten Temanggung,frame,desa
33.23.06.2007,Kembangsari,Kandangan,Kabupaten Temanggung,frame,desa
33.23.06.2008,Gesing,Kandangan,Kabupaten Temanggung,frame,desa
33.23.06.2009,Margolelo,Kandangan,Kabupaten Temanggung,frame,desa
33.23.06.2010,Blimbing,Kandangan,Kabupaten Temanggung,frame,desa
33.23.06.2011,Kedungumpul,Kandangan,Kabupaten Temanggung,frame,desa
33.23.06.2012,Rowo,Kandangan,Kabupaten Temanggung,frame,desa
33.23.06.2013,Malebo,Kandangan,Kabupaten Temanggung,frame,desa
33.23.06.2014,Tlogopucang,Kandangan,Kabupaten Temanggung,frame,desa
33.23.06.2015,Kedawung,Kandangan,Kabupaten Temanggung,frame,desa
33.23.06.2016,Banjarsari,Kandangan,Kabupaten Temanggung,frame,desa
33.23.07.2001,Kedu,Kedu,Kabupaten Temanggung,frame,desa
33.23.07.2002,Candimulyo,Kedu,Kabupaten Temanggung,frame,desa
33.23.07.2003,Salamsari,Kedu,Kabupaten Temanggung,frame,desa
33.23.07.2004,Danurejo,Kedu,Kabupaten Temanggung,frame,desa
33.23.07.2005,Mojotengah,Kedu,Kabupaten Temanggung,frame,desa
33.23.07.2006,Karangtejo,Kedu,Kabupaten Temanggung,frame,desa
33.23.07.2007,Mergowati,Kedu,Kabupaten Temanggung,frame,desa
33.23.07.2008,Kutoanyar,Kedu,Kabupaten Temanggung,frame,desa
33.23.07.2009,Kundisari,Kedu,Kabupaten Temanggung,frame,desa
33.23.07.2010,Ngadimulyo,Kedu,Kabupaten Temanggung,frame,desa
33.23.07.2011,Gondangwayang,Kedu,Kabupaten Temanggung,frame,desa
33.23.07.2012,Bojonegoro,Kedu,Kabupaten Temanggung,frame,desa
33.23.07.2013,Bandunggede,Kedu,Kabupaten Temanggung,frame,desa
33.23.07.2014,Tegalsari,Kedu,Kabupaten Temanggung,frame,desa
33.23.08.1001,Parakan Wetan,Parakan,Kabupaten Temanggung,frame,kelurahan
33.23.08.1006,Parakan Kauman,Parakan,Kabupaten Temanggung,frame,kelurahan
33.23.08.2002,Campursalam,Parakan,Kabupaten Temanggung,frame,desa
33.23.08.2003,Wanutengah,Parakan,Kabupaten Temanggung,frame,desa
33.23.08.2004,Nglondong,Parakan,Kabupaten Temanggung,frame,desa
33.23.08.2005,Bagusan,Parakan,Kabupaten Temanggung,frame,desa
33.23.08.2007,Dangkel,Parakan,Kabupaten Temanggung,frame,desa
33.23.08.2008,Mandisari,Parakan,Kabupaten Temanggung,frame,desa
33.23.08.2009,Tegalroso,Parakan,Kabupaten Temanggung,frame,desa
33.23.08.2010,Traji,Parakan,Kabupaten Temanggung,frame,desa
33.23.08.2011,Watukumpul,Parakan,Kabupaten Temanggung,frame,desa
33.23.08.2012,Ringinanom,Parakan,Kabupaten Temanggung,frame,desa
33.23.08.2013,Depokharjo,Parakan,Kabupaten Temanggung,frame,desa
33.23.08.2014,Caturanom,Parakan,Kabupaten Temanggung,frame,desa
33.23.08.2015,Glapansari,Parakan,Kabupaten Temanggung,frame,desa
33.23.08.2016,Sunggingsari,Parakan,Kabupaten Temanggung,frame,desa
33.23.09.1019,Manggong,Ngadirejo,Kabupaten Temanggung,frame,kelurahan
33.23.09.2001,Ngadirejo,Ngadirejo,Kabupaten Temanggung,frame,desa
33.23.09.2002,Gondangwinangun,Ngadirejo,Kabupaten Temanggung,frame,desa
33.23.09.2003,Gandu Wetan,Ngadirejo,Kabupaten Temanggung,frame,desa
33.23.09.2004,Ngaren,Ngadirejo,Kabupaten Temanggung,frame,desa
33.23.09.2005,Mangunsari,Ngadirejo,Kabupaten Temanggung,frame,desa
33.23.09.2006,Dlimoyo,Ngadirejo,Kabupaten Temanggung,frame,desa
33.23.09.2007,Purbosari,Ngadirejo,Kabupaten Temanggung,frame,desa
33.23.09.2008,Campursari,Ngadirejo,Kabupaten Temanggung,frame,desa
33.23.09.2009,Tegalrejo,Ngadirejo,Kabupaten Temanggung,frame,desa
33.23.09.2010,Giripurno,Ngadirejo,Kabupaten Temanggung,frame,desa
33.23.09.2011,Katekan,Ngadirejo,Kabupaten Temanggung,frame,desa
33.23.09.2012,Banjarsari,Ngadirejo,Kabupaten Temanggung,frame,desa
33.23.09.2013,Medari,Ngadirejo,Kabupaten Temanggung,frame,desa
33.23.09.2014,Karanggedong,Ngadirejo,Kabupaten Temanggung,frame,desa
33.23.09.2015,Munggangsari,Ngadirejo,Kabupaten Temanggung,frame,desa
33.23.09.2016,Kataan,Ngadirejo,Kabupaten Temanggung,frame,desa
33.23.09.2017,Petirejo,Ngadirejo,Kabupaten Temanggung,frame,desa
33.23.09.2018,Pringapus,Ngadirejo,Kabupaten Temanggung,frame,desa
33.23.09.2020,Gejagan,Ngadirejo,Kabupaten Temanggung,frame,desa
33.23.10.2001,Jumo,Jumo,Kabupaten Temanggung,frame,desa
33.23.10.2002,Jamusan,Jumo,Kabupaten Temanggung,frame,desa
33.23.10.2003,Kertosari,Jumo,Kabupaten Temanggung,frame,desa
33.23.10.2004,Giyono,Jumo,Kabupaten Temanggung,frame,desa
33.23.10.2005,Gununggempol,Jumo,Kabupaten Temanggung,frame,desa
33.23.10.2006,Padureso,Jumo,Kabupaten Temanggung,frame,desa
33.23.10.2007,Barang,Jumo,Kabupaten Temanggung,frame,desa
33.23.10.2008,Jombor,Jumo,Kabupaten Temanggung,frame,desa
33.23.10.2009,Ketitang,Jumo,Kabupaten Temanggung,frame,desa
33.23.10.2010,Morobongo,Jumo,Kabupaten Temanggung,frame,desa
33.23.10.2011,Karangtejo,Jumo,Kabupaten Temanggung,frame,desa
33.23.10.2012,Sukomarto,Jumo,Kabupaten Temanggung,frame,desa
33.23.10.2013,Gedongsari,Jumo,Kabupaten Temanggung,frame,desa
33.23.11.2001,Tretep,Tretep,Kabupaten Temanggung,frame,desa
33.23.11.2002,Donorojo,Tretep,Kabupaten Temanggung,frame,desa
33.23.11.2003,Nglarangan,Tretep,Kabupaten Temanggung,frame,desa
33.23.11.2004,Sigedong,Tretep,Kabupaten Temanggung,frame,desa
33.23.11.2005,Bonjor,Tretep,Kabupaten Temanggung,frame,desa
33.23.11.2006,Tempelsari,Tretep,Kabupaten Temanggung,frame,desa
33.23.11.2007,Campurejo,Tretep,Kabupaten Temanggung,frame,desa
33.23.11.2008,Bojong,Tretep,Kabupaten Temanggung,frame,desa
33.23.11.2009,Bendungan,Tretep,Kabupaten Temanggung,frame,desa
33.23.11.2010,Simpar,Tretep,Kabupaten Temanggung,frame,desa
33.23.11.2011,Tlogo,Tretep,Kabupaten Temanggung,frame,desa
33.23.12.2001,Candiroto,Candiroto,Kabupaten Temanggung,frame,desa
33.23.12.2002,Lempuyang,Candiroto,Kabupaten Temanggung,frame,desa
33.23.12.2003,Canggal,Candiroto,Kabupaten Temanggung,frame,desa
33.23.12.2004,Kentengsari,Candiroto,Kabupaten Temanggung,frame,desa
33.23.12.2005,Ngabeyan,Candiroto,Kabupaten Temanggung,frame,desa
33.23.12.2006,Bantir,Candiroto,Kabupaten Temanggung,frame,desa
33.23.12.2007,Krawitan,Candiroto,Kabupaten Temanggung,frame,desa
33.23.12.2008,Muntung,Candiroto,Kabupaten Temanggung,frame,desa
33.23.12.2009,Batursari,Candiroto,Kabupaten Temanggung,frame,desa
33.23.12.2010,Mento,Candiroto,Kabupaten Temanggung,frame,desa
33.23.12.2011,Muneng,Candiroto,Kabupaten Temanggung,frame,desa
33.23.12.2012,Plosogaden,Candiroto,Kabupaten Temanggung,frame,desa
33.23.12.2013,Sidoharjo,Candiroto,Kabupaten Temanggung,frame,desa
33.23.12.2014,Gunungpayung,Candiroto,Kabupaten Temanggung,frame,desa
33.23.13.1001,Kranggan,Kranggan,Kabupaten Temanggung,frame,kelurahan
33.23.13.2002,Badran,Kranggan,Kabupaten Temanggung,frame,desa
33.23.13.2003,Bengkal,Kranggan,Kabupaten Temanggung,frame,desa
33.23.13.2004,Pare,Kranggan,Kabupaten Temanggung,frame,desa
33.23.13.2005,Nguwet,Kranggan,Kabupaten Temanggung,frame,desa
33.23.13.2006,Ngropoh,Kranggan,Kabupaten Temanggung,frame,desa
33.23.13.2007,Pendowo,Kranggan,Kabupaten Temanggung,frame,desa
33.23.13.2008,Sanggrahan,Kranggan,Kabupaten Temanggung,frame,desa
33.23.13.2009,Klepu,Kranggan,Kabupaten Temanggung,frame,desa
33.23.13.2010,Kemloko,Kranggan,Kabupaten Temanggung,frame,desa
33.23.13.2011,Gentan,Kranggan,Kabupaten Temanggung,frame,desa
33.23.13.2012,Kramat,Kranggan,Kabupaten Temanggung,frame,desa
33.23.13.2013,Purwosari,Kranggan,Kabupaten Temanggung,frame,desa
33.23.14.2001,Tlogomulyo,Tlogomulyo,Kabupaten Temanggung,frame,desa
33.23.14.2002,Candisari,Tlogomulyo,Kabupaten Temanggung,frame,desa
33.23.14.2003,Sriwungu,Tlogomulyo,Kabupaten Temanggung,frame,desa
33.23.14.2004,Langgeng,Tlogomulyo,Kabupaten Temanggung,frame,desa
33.23.14.2005,Tanjungsari,Tlogomulyo,Kabupaten Temanggung,frame,desa
33.23.14.2006,Losari,Tlogomulyo,Kabupaten Temanggung,frame,desa
33.23.14.2007,Balerejo,Tlogomulyo,Kabupaten Temanggung,frame,desa
33.23.14.2008,Kerokan,Tlogomulyo,Kabupaten Temanggung,frame,desa
33.23.14.2009,Legoksari,Tlogomulyo,Kabupaten Temanggung,frame,desa
33.23.14.2010,Tlilir,Tlogomulyo,Kabupaten Temanggung,frame,desa
33.23.14.2011,Gedegan,Tlogomulyo,Kabupaten Temanggung,frame,desa
33.23.14.2012,Pagersari,Tlogomulyo,Kabupaten Temanggung,frame,desa
33.23.15.2001,Selopampang,Selopampang,Kabupaten Temanggung,frame,desa
33.23.15.2002,Tanggulanom,Selopampang,Kabupaten Temanggung,frame,desa
33.23.15.2003,Jetis,Selopampang,Kabupaten Temanggung,frame,desa
33.23.15.2004,Salamrejo,Selopampang,Kabupaten Temanggung,frame,desa
33.23.15.2005,Ngaditirto,Selopampang,Kabupaten Temanggung,frame,desa
33.23.15.2006,Bulan,Selopampang,Kabupaten Temanggung,frame,desa
33.23.15.2007,Kacepit,Selopampang,Kabupaten Temanggung,frame,desa
33.23.15.2008,Gambasan,Selopampang,Kabupaten Temanggung,frame,desa
33.23.15.2009,Bumiayu,Selopampang,Kabupaten Temanggung,frame,desa
33.23.15.2010,Kebonagung,Selopampang,Kabupaten Temanggung,frame,desa
33.23.15.2011,Bagusan,Selopampang,Kabupaten Temanggung,frame,desa
33.23.15.2012,Plumbon,Selopampang,Kabupaten Temanggung,frame,desa
33.23.16.2001,Bansari,Bansari,Kabupaten Temanggung,frame,desa
33.23.16.2002,Mojosari,Bansari,Kabupaten Temanggung,frame,desa
33.23.16.2003,Rejosari,Bansari,Kabupaten Temanggung,frame,desa
33.23.16.2004,Gunungsari,Bansari,Kabupaten Temanggung,frame,desa
33.23.16.2005,Balesari,Bansari,Kabupaten Temanggung,frame,desa
33.23.16.2006,Purborejo,Bansari,Kabupaten Temanggung,frame,desa
33.23.16.2007,Tlogowero,Bansari,Kabupaten Temanggung,frame,desa
33.23.16.2008,Mranggen Kidul,Bansari,Kabupaten Temanggung,frame,desa
33.23.16.2009,Mranggen Tengah,Bansari,Kabupaten Temanggung,frame,desa
33.23.16.2010,Candisari,Bansari,Kabupaten Temanggung,frame,desa
33.23.16.2011,Campuranom,Bansari,Kabupaten Temanggung,frame,desa
33.23.16.2012,Gentingsari,Bansari,Kabupaten Temanggung,frame,desa
33.23.16.2013,Tanurejo,Bansari,Kabupaten Temanggung,frame,desa
33.23.17.2001,Kledung,Kledung,Kabupaten Temanggung,frame,desa
33.23.17.2002,Kalirejo,Kledung,Kabupaten Temanggung,frame,desa
33.23.17.2003,Paponan,Kledung,Kabupaten Temanggung,frame,desa
33.23.17.2004,Jeketro,Kledung,Kabupaten Temanggung,frame,desa
33.23.17.2005,Kwadungan Gunung,Kledung,Kabupaten Temanggung,frame,desa
33.23.17.2006,Kwadungan Jurang,Kledung,Kabupaten Temanggung,frame,desa
33.23.17.2007,Tlahab,Kledung,Kabupaten Temanggung,frame,desa
33.23.17.2008,Petarangan,Kledung,Kabupaten Temanggung,frame,desa
33.23.17.2009,Canggal,Kledung,Kabupaten Temanggung,frame,desa
33.23.17.2010,Jambu,Kledung,Kabupaten Temanggung,frame,desa
33.23.17.2011,Kruwisan,Kledung,Kabupaten Temanggung,frame,desa
33.23.17.2012,Batursari,Kledung,Kabupaten Temanggung,frame,desa
33.23.17.2013,Tuksari,Kledung,Kabupaten Temanggung,frame,desa
33.23.18.2001,Bejen,Bejen,Kabupaten Temanggung,frame,desa
33.23.18.2002,Banjarsari,Bejen,Kabupaten Temanggung,frame,desa
33.23.18.2003,Jlegong,Bejen,Kabupaten Temanggung,frame,desa
33.23.18.2004,Prangkokan,Bejen,Kabupaten Temanggung,frame,desa
33.23.18.2005,Lowungu,Bejen,Kabupaten Temanggung,frame,desa
33.23.18.2006,Larangan Luwok,Bejen,Kabupaten Temanggung,frame,desa
33.23.18.2007,Congkrang,Bejen,Kabupaten Temanggung,frame,desa
33.23.18.2008,Kebondalem,Bejen,Kabupaten Temanggung,frame,desa
33.23.18.2009,Kemuning,Bejen,Kabupaten Temanggung,frame,desa
33.23.18.2010,Selosabrang,Bejen,Kabupaten Temanggung,frame,desa
33.23.18.2011,Tanjungsari,Bejen,Kabupaten Temanggung,frame,desa
33.23.18.2012,Petung,Bejen,Kabupaten Temanggung,frame,desa
33.23.18.2013,Duren,Bejen,Kabupaten Temanggung,frame,desa
33.23.18.2014,Ngaliyan,Bejen,Kabupaten Temanggung,frame,desa
33.23.19.2001,Wonoboyo,Wonoboyo,Kabupaten Temanggung,frame,desa
33.23.19.2002,Pateken,Wonoboyo,Kabupaten Temanggung,frame,desa
33.23.19.2003,Pitrosari,Wonoboyo,Kabupaten Temanggung,frame,desa
33.23.19.2004,Purwosari,Wonoboyo,Kabupaten Temanggung,frame,desa
33.23.19.2005,Kebonsari,Wonoboyo,Kabupaten Temanggung,frame,desa
33.23.19.2006,Semen,Wonoboyo,Kabupaten Temanggung,frame,desa
33.23.19.2007,Tening,Wonoboyo,Kabupaten Temanggung,frame,desa
33.23.19.2008,Wonocoyo,Wonoboyo,Kabupaten Temanggung,frame,desa
33.23.19.2009,Pesantren,Wonoboyo,Kabupaten Temanggung,frame,desa
33.23.19.2010,Rejosari,Wonoboyo,Kabupaten Temanggung,frame,desa
33.23.19.2011,Tawangsari,Wonoboyo,Kabupaten Temanggung,frame,desa
33.23.19.2012,Cemoro,Wonoboyo,Kabupaten Temanggung,frame,desa
33.23.19.2013,Wates,Wonoboyo,Kabupaten Temanggung,frame,desa
33.23.20.2001,Gemawang,Gemawang,Kabupaten Temanggung,frame,desa
33.23.20.2002,Muncar,Gemawang,Kabupaten Temanggung,frame,desa
33.23.20.2003,Kemiriombo,Gemawang,Kabupaten Temanggung,frame,desa
33.23.20.2004,Ngadisepi,Gemawang,Kabupaten Temanggung,frame,desa
33.23.20.2005,Krempong,Gemawang,Kabupaten Temanggung,frame,desa
33.23.20.2006,Sucen,Gemawang,Kabupaten Temanggung,frame,desa
33.23.20.2007,Karangseneng,Gemawang,Kabupaten Temanggung,frame,desa
33.23.20.2008,Banaran,Gemawang,Kabupaten Temanggung,frame,desa
33.23.20.2009,Kalibanger,Gemawang,Kabupaten Temanggung,frame,desa
33.23.20.2010,Jambon,Gemawang,Kabupaten Temanggung,frame,desa
33.24.01.2001,Blumah,Plantungan,Kabupaten Kendal,buffer,desa
33.24.01.2002,Kediten,Plantungan,Kabupaten Kendal,buffer,desa
33.24.01.2003,Tlogopayung,Plantungan,Kabupaten Kendal,buffer,desa
33.24.01.2004,Wonodadi,Plantungan,Kabupaten Kendal,buffer,desa
33.24.01.2005,Manggungmangu,Plantungan,Kabupaten Kendal,buffer,desa
33.24.01.2006,Tirtomulyo,Plantungan,Kabupaten Kendal,buffer,desa
33.24.01.2007,Karanganyar,Plantungan,Kabupaten Kendal,buffer,desa
33.24.01.2008,Jurangagung,Plantungan,Kabupaten Kendal,buffer,desa
33.24.01.2009,Jati,Plantungan,Kabupaten Kendal,buffer,desa
33.24.01.2010,Wadas,Plantungan,Kabupaten Kendal,buffer,desa
33.24.01.2011,Bendosari,Plantungan,Kabupaten Kendal,buffer,desa
33.24.01.2012,Mojoagung,Plantungan,Kabupaten Kendal,buffer,desa
33.24.02.2002,Getasblawong,Pageruyung,Kabupaten Kendal,buffer,desa
33.24.02.2003,Parakansebaran,Pageruyung,Kabupaten Kendal,buffer,desa
33.24.02.2004,Petung,Pageruyung,Kabupaten Kendal,buffer,desa
33.24.02.2005,Krikil,Pageruyung,Kabupaten Kendal,buffer,desa
33.24.02.2006,Pucakwangi,Pageruyung,Kabupaten Kendal,buffer,desa
33.24.02.2007,Pageruyung,Pageruyung,Kabupaten Kendal,buffer,desa
33.24.02.2008,Tambahrejo,Pageruyung,Kabupaten Kendal,buffer,desa
33.24.02.2009,Gebangan,Pageruyung,Kabupaten Kendal,buffer,desa
33.24.02.2010,Surokonto Wetan,Pageruyung,Kabupaten Kendal,buffer,desa
33.24.02.2011,Bangunsari,Pageruyung,Kabupaten Kendal,buffer,desa
33.24.02.2012,Kebongembong,Pageruyung,Kabupaten Kendal,buffer,desa
33.24.02.2013,Surokonto Kulon,Pageruyung,Kabupaten Kendal,buffer,desa
33.24.02.2014,Pagergunung,Pageruyung,Kabupaten Kendal,buffer,desa
33.24.02.2015,Gondoharum,Pageruyung,Kabupaten Kendal,buffer,desa
33.24.03.2001,Gentinggunung,Sukorejo,Kabupaten Kendal,buffer,desa
33.24.03.2002,Bringinsari,Sukorejo,Kabupaten Kendal,buffer,desa
33.24.03.2003,Purwosari,Sukorejo,Kabupaten Kendal,buffer,desa
33.24.03.2004,Ngargosari,Sukorejo,Kabupaten Kendal,buffer,desa
33.24.03.2005,Pesaren,Sukorejo,Kabupaten Kendal,buffer,desa
33.24.03.2006,Tamanrejo,Sukorejo,Kabupaten Kendal,buffer,desa
33.24.03.2007,Harjodowo,Sukorejo,Kabupaten Kendal,buffer,desa
33.24.03.2008,Peron,Sukorejo,Kabupaten Kendal,buffer,desa
33.24.03.2009,Damarjati,Sukorejo,Kabupaten Kendal,buffer,desa
33.24.03.2010,Mulyosari,Sukorejo,Kabupaten Kendal,buffer,desa
33.24.03.2011,Kalipakis,Sukorejo,Kabupaten Kendal,buffer,desa
33.24.03.2012,Trimulyo,Sukorejo,Kabupaten Kendal,buffer,desa
33.24.03.2013,Selokaton,Sukorejo,Kabupaten Kendal,buffer,desa
33.24.03.2014,Ngadiwarno,Sukorejo,Kabupaten Kendal,buffer,desa
33.24.03.2015,Tampingwinarno,Sukorejo,Kabupaten Kendal,buffer,desa
33.24.03.2016,Kebumen,Sukorejo,Kabupaten Kendal,buffer,desa
33.24.03.2017,Sukorejo,Sukorejo,Kabupaten Kendal,buffer,desa
33.24.03.2018,Kalibogor,Sukorejo,Kabupaten Kendal,buffer,desa
33.24.04.2001,Pakisan,Patean,Kabupaten Kendal,buffer,desa
33.24.04.2002,Plososari,Patean,Kabupaten Kendal,buffer,desa
33.24.04.2003,Mlatiharjo,Patean,Kabupaten Kendal,buffer,desa
33.24.04.2004,Wirosari,Patean,Kabupaten Kendal,buffer,desa
33.24.04.2005,Pagersari,Patean,Kabupaten Kendal,buffer,desa
33.24.04.2006,Selo,Patean,Kabupaten Kendal,buffer,desa
33.24.04.2007,Curugsewu,Patean,Kabupaten Kendal,buffer,desa
33.24.04.2008,Gedong,Patean,Kabupaten Kendal,buffer,desa
33.24.04.2009,Sukomangli,Patean,Kabupaten Kendal,buffer,desa
33.24.04.2010,Kalibareng,Patean,Kabupaten Kendal,buffer,desa
33.24.04.2011,Kalilumpang,Patean,Kabupaten Kendal,buffer,desa
33.24.04.2012,Kalices,Patean,Kabupaten Kendal,buffer,desa
33.24.04.2013,Sidokumpul,Patean,Kabupaten Kendal,buffer,desa
33.24.04.2014,Sidodadi,Patean,Kabupaten Kendal,buffer,desa
33.24.05.2001,Cening,Singorojo,Kabupaten Kendal,buffer,desa
33.24.05.2002,Sukodadi,Singorojo,Kabupaten Kendal,buffer,desa
33.24.05.2003,Kaliputih,Singorojo,Kabupaten Kendal,buffer,desa
33.24.05.2004,Getas,Singorojo,Kabupaten Kendal,buffer,desa
33.24.05.2005,Banyuringin,Singorojo,Kabupaten Kendal,buffer,desa
33.24.05.2006,Kedungsari,Singorojo,Kabupaten Kendal,buffer,desa
33.24.05.2007,Ngareanak,Singorojo,Kabupaten Kendal,buffer,desa
33.24.05.2008,Singorojo,Singorojo,Kabupaten Kendal,buffer,desa
33.24.05.2009,Cacaban,Singorojo,Kabupaten Kendal,buffer,desa
33.24.05.2010,Kalirejo,Singorojo,Kabupaten Kendal,buffer,desa
33.24.05.2011,Merbuh,Singorojo,Kabupaten Kendal,buffer,desa
33.24.05.2012,Trayu,Singorojo,Kabupaten Kendal,buffer,desa
33.24.05.2013,Kertosari,Singorojo,Kabupaten Kendal,buffer,desa
33.24.06.2001,Kedungboto,Limbangan,Kabupaten Kendal,buffer,desa
33.24.06.2002,Peron,Limbangan,Kabupaten Kendal,buffer,desa
33.24.06.2003,Gondang,Limbangan,Kabupaten Kendal,buffer,desa
33.24.06.2004,Pakis,Limbangan,Kabupaten Kendal,buffer,desa
33.24.06.2005,Sumberahayu,Limbangan,Kabupaten Kendal,buffer,desa
33.24.06.2006,Tambahsari,Limbangan,Kabupaten Kendal,buffer,desa
33.24.06.2007,Limbangan,Limbangan,Kabupaten Kendal,buffer,desa
33.24.06.2008,Pagertoyo,Limbangan,Kabupaten Kendal,buffer,desa
33.24.06.2009,Sriwulan,Limbangan,Kabupaten Kendal,buffer,desa
33.24.06.2010,Tabet,Limbangan,Kabupaten Kendal,buffer,desa
33.24.06.2011,Ngesrepbalong,Limbangan,Kabupaten Kendal,buffer,desa
33.24.06.2012,Gonoharjo,Limbangan,Kabupaten Kendal,buffer,desa
33.24.06.2013,Jawisari,Limbangan,Kabupaten Kendal,buffer,desa
33.24.06.2014,Margosari,Limbangan,Kabupaten Kendal,buffer,desa
33.24.06.2015,Tamanrejo,Limbangan,Kabupaten Kendal,buffer,desa
33.24.06.2016,Pagerwojo,Limbangan,Kabupaten Kendal,buffer,desa
33.24.07.2001,Medono,Boja,Kabupaten Kendal,buffer,desa
33.24.07.2002,Pasigitan,Boja,Kabupaten Kendal,buffer,desa
33.24.07.2003,Banjarejo,Boja,Kabupaten Kendal,buffer,desa
33.24.07.2004,Leban,Boja,Kabupaten Kendal,buffer,desa
33.24.07.2005,Kliris,Boja,Kabupaten Kendal,buffer,desa
33.24.07.2006,Puguh,Boja,Kabupaten Kendal,buffer,desa
33.24.07.2007,Ngabean,Boja,Kabupaten Kendal,buffer,desa
33.24.07.2008,Karangmanggis,Boja,Kabupaten Kendal,buffer,desa
33.24.07.2009,Kaligading,Boja,Kabupaten Kendal,buffer,desa
33.24.07.2010,Purwogondo,Boja,Kabupaten Kendal,buffer,desa
33.24.07.2011,Blimbing,Boja,Kabupaten Kendal,buffer,desa
33.24.07.2012,Salamsari,Boja,Kabupaten Kendal,buffer,desa
33.24.07.2013,Tampingan,Boja,Kabupaten Kendal,buffer,desa
33.24.07.2014,Campurejo,Boja,Kabupaten Kendal,buffer,desa
33.24.07.2015,Boja,Boja,Kabupaten Kendal,buffer,desa
33.24.07.2016,Bebengan,Boja,Kabupaten Kendal,buffer,desa
33.24.07.2017,Meteseh,Boja,Kabupaten Kendal,buffer,desa
33.24.07.2018,Trisobo,Boja,Kabupaten Kendal,buffer,desa
33.24.08.2003,Sumberejo,Kaliwungu,Kabupaten Kendal,buffer,desa
33.24.08.2004,Nolokerto,Kaliwungu,Kabupaten Kendal,buffer,desa
33.24.08.2009,Kumpulrejo,Kaliwungu,Kabupaten Kendal,buffer,desa
33.24.08.2010,Karangtengah,Kaliwungu,Kabupaten Kendal,buffer,desa
33.24.08.2011,Sarirejo,Kaliwungu,Kabupaten Kendal,buffer,desa
33.24.08.2012,Krajankulon,Kaliwungu,Kabupaten Kendal,buffer,desa
33.24.08.2013,Kutoharjo,Kaliwungu,Kabupaten Kendal,buffer,desa
33.24.08.2014,Wonorejo,Kaliwungu,Kabupaten Kendal,buffer,desa
33.24.08.2015,Mororejo,Kaliwungu,Kabupaten Kendal,buffer,desa
33.24.09.2001,Tunggulsari,Brangsong,Kabupaten Kendal,buffer,desa
33.24.09.2002,Sumur,Brangsong,Kabupaten Kendal,buffer,desa
33.24.09.2003,Blorok,Brangsong,Kabupaten Kendal,buffer,desa
33.24.09.2004,Penjalin,Brangsong,Kabupaten Kendal,buffer,desa
33.24.09.2005,Kertomulyo,Brangsong,Kabupaten Kendal,buffer,desa
33.24.09.2006,Sidorejo,Brangsong,Kabupaten Kendal,buffer,desa
33.24.09.2007,Tosari,Brangsong,Kabupaten Kendal,buffer,desa
33.24.09.2008,Rejosari,Brangsong,Kabupaten Kendal,buffer,desa
33.24.09.2009,Turunrejo,Brangsong,Kabupaten Kendal,buffer,desa
33.24.09.2010,Purwokerto,Brangsong,Kabupaten Kendal,buffer,desa
33.24.09.2011,Brangsong,Brangsong,Kabupaten Kendal,buffer,desa
33.24.09.2012,Kebonadem,Brangsong,Kabupaten Kendal,buffer,desa
33.24.10.2001,Margomulyo,Pegandon,Kabupaten Kendal,buffer,desa
33.24.10.2002,Tegorejo,Pegandon,Kabupaten Kendal,buffer,desa
33.24.10.2003,Pesawahan,Pegandon,Kabupaten Kendal,buffer,desa
33.24.10.2004,Pekuncen,Pegandon,Kabupaten Kendal,buffer,desa
33.24.10.2005,Puguh,Pegandon,Kabupaten Kendal,buffer,desa
33.24.10.2006,Dawungsari,Pegandon,Kabupaten Kendal,buffer,desa
33.24.10.2007,Pucangrejo,Pegandon,Kabupaten Kendal,buffer,desa
33.24.10.2008,Gubugsari,Pegandon,Kabupaten Kendal,buffer,desa
33.24.10.2009,Pegandon,Pegandon,Kabupaten Kendal,buffer,desa
33.24.10.2010,Penanggulan,Pegandon,Kabupaten Kendal,buffer,desa
33.24.10.2011,Wonosari,Pegandon,Kabupaten Kendal,buffer,desa
33.24.10.2012,Karangmulyo,Pegandon,Kabupaten Kendal,buffer,desa
33.24.11.2001,Sedayu,Gemuh,Kabupaten Kendal,buffer,desa
33.24.11.2002,Pamriyan,Gemuh,Kabupaten Kendal,buffer,desa
33.24.11.2003,Jenarsari,Gemuh,Kabupaten Kendal,buffer,desa
33.24.11.2004,Poncorejo,Gemuh,Kabupaten Kendal,buffer,desa
33.24.11.2005,Gebang,Gemuh,Kabupaten Kendal,buffer,desa
33.24.11.2006,Krompaan,Gemuh,Kabupaten Kendal,buffer,desa
33.24.11.2007,Gemuhblanten,Gemuh,Kabupaten Kendal,buffer,desa
33.24.11.2008,Tamangede,Gemuh,Kabupaten Kendal,buffer,desa
33.24.11.2009,Lumansari,Gemuh,Kabupaten Kendal,buffer,desa
33.24.11.2010,Johorejo,Gemuh,Kabupaten Kendal,buffer,desa
33.24.11.2011,Tlahab,Gemuh,Kabupaten Kendal,buffer,desa
33.24.11.2012,Pucangrejo,Gemuh,Kabupaten Kendal,buffer,desa
33.24.11.2013,Sojomerto,Gemuh,Kabupaten Kendal,buffer,desa
33.24.11.2014,Triharjo,Gemuh,Kabupaten Kendal,buffer,desa
33.24.11.2015,Cepokomulyo,Gemuh,Kabupaten Kendal,buffer,desa
33.24.11.2016,Galih,Gemuh,Kabupaten Kendal,buffer,desa
33.24.12.2001,Sidomukti,Weleri,Kabupaten Kendal,buffer,desa
33.24.12.2002,Penyangkringan,Weleri,Kabupaten Kendal,buffer,desa
33.24.12.2003,Bumiayu,Weleri,Kabupaten Kendal,buffer,desa
33.24.12.2004,Manggungsari,Weleri,Kabupaten Kendal,buffer,desa
33.24.12.2005,Sumberagung,Weleri,Kabupaten Kendal,buffer,desa
33.24.12.2006,Ngasinan,Weleri,Kabupaten Kendal,buffer,desa
33.24.12.2007,Weleri,Weleri,Kabupaten Kendal,buffer,desa
33.24.12.2008,Nawangsari,Weleri,Kabupaten Kendal,buffer,desa
33.24.12.2009,Karangdowo,Weleri,Kabupaten Kendal,buffer,desa
33.24.12.2010,Penaruban,Weleri,Kabupaten Kendal,buffer,desa
33.24.12.2011,Sambongsari,Weleri,Kabupaten Kendal,buffer,desa
33.24.12.2012,Karanganom,Weleri,Kabupaten Kendal,buffer,desa
33.24.12.2013,Payung,Weleri,Kabupaten Kendal,buffer,desa
33.24.12.2014,Pucuksari,Weleri,Kabupaten Kendal,buffer,desa
33.24.12.2015,Tratemulyo,Weleri,Kabupaten Kendal,buffer,desa
33.24.12.2016,Montongsari,Weleri,Kabupaten Kendal,buffer,desa
33.24.13.2001,Pandes,Cepiring,Kabupaten Kendal,buffer,desa
33.24.13.2002,Podosari,Cepiring,Kabupaten Kendal,buffer,desa
33.24.13.2003,Botomulyo,Cepiring,Kabupaten Kendal,buffer,desa
33.24.13.2004,Cepiring,Cepiring,Kabupaten Kendal,buffer,desa
33.24.13.2005,Damarsari,Cepiring,Kabupaten Kendal,buffer,desa
33.24.13.2006,Karangayu,Cepiring,Kabupaten Kendal,buffer,desa
33.24.13.2007,Karangsuno,Cepiring,Kabupaten Kendal,buffer,desa
33.24.13.2008,Gondang,Cepiring,Kabupaten Kendal,buffer,desa
33.24.13.2009,Sidomulyo,Cepiring,Kabupaten Kendal,buffer,desa
33.24.13.2010,Juwiring,Cepiring,Kabupaten Kendal,buffer,desa
33.24.13.2011,Kaliayu,Cepiring,Kabupaten Kendal,buffer,desa
33.24.13.2012,Kalirandugede,Cepiring,Kabupaten Kendal,buffer,desa
33.24.13.2013,Korowelangkulon,Cepiring,Kabupaten Kendal,buffer,desa
33.24.13.2014,Korowelanganyar,Cepiring,Kabupaten Kendal,buffer,desa
33.24.13.2015,Margorejo,Cepiring,Kabupaten Kendal,buffer,desa
33.24.14.2001,Bulugede,Patebon,Kabupaten Kendal,buffer,desa
33.24.14.2002,Margosari,Patebon,Kabupaten Kendal,buffer,desa
33.24.14.2003,Donosari,Patebon,Kabupaten Kendal,buffer,desa
33.24.14.2004,Lanji,Patebon,Kabupaten Kendal,buffer,desa
33.24.14.2005,Tambakrejo,Patebon,Kabupaten Kendal,buffer,desa
33.24.14.2006,Kebonharjo,Patebon,Kabupaten Kendal,buffer,desa
33.24.14.2007,Purwokerto,Patebon,Kabupaten Kendal,buffer,desa
33.24.14.2008,Jambearum,Patebon,Kabupaten Kendal,buffer,desa
33.24.14.2009,Purwosari,Patebon,Kabupaten Kendal,buffer,desa
33.24.14.2010,Sukolilan,Patebon,Kabupaten Kendal,buffer,desa
33.24.14.2011,Bangunrejo,Patebon,Kabupaten Kendal,buffer,desa
33.24.14.2012,Kumpulrejo,Patebon,Kabupaten Kendal,buffer,desa
33.24.14.2013,Magersari,Patebon,Kabupaten Kendal,buffer,desa
33.24.14.2014,Wonosari,Patebon,Kabupaten Kendal,buffer,desa
33.24.14.2015,Pidodo Wetan,Patebon,Kabupaten Kendal,buffer,desa
33.24.14.2016,Pidodo Kulon,Patebon,Kabupaten Kendal,buffer,desa
33.24.14.2017,Bangunsari,Patebon,Kabupaten Kendal,buffer,desa
33.24.14.2018,Kartika Jaya,Patebon,Kabupaten Kendal,buffer,desa
33.24.15.1001,Candiroto,Kendal,Kabupaten Kendal,buffer,kelurahan
33.24.15.1002,Sukodono,Kendal,Kabupaten Kendal,buffer,kelurahan
33.24.15.1003,Jotang,Kendal,Kabupaten Kendal,buffer,kelurahan
33.24.15.1004,Trompo,Kendal,Kabupaten Kendal,buffer,kelurahan
33.24.15.1005,Ketapang,Kendal,Kabupaten Kendal,buffer,kelurahan
33.24.15.1006,Kebondalem,Kendal,Kabupaten Kendal,buffer,kelurahan
33.24.15.1007,Kalibuntu Wetan,Kendal,Kabupaten Kendal,buffer,kelurahan
33.24.15.1008,Sijeruk,Kendal,Kabupaten Kendal,buffer,kelurahan
33.24.15.1009,Tunggulrejo,Kendal,Kabupaten Kendal,buffer,kelurahan
33.24.15.1010,Jetis,Kendal,Kabupaten Kendal,buffer,kelurahan
33.24.15.1011,Bugangin,Kendal,Kabupaten Kendal,buffer,kelurahan
33.24.15.1012,Langenharjo,Kendal,Kabupaten Kendal,buffer,kelurahan
33.24.15.1013,Pekauman,Kendal,Kabupaten Kendal,buffer,kelurahan
33.24.15.1014,Patukangan,Kendal,Kabupaten Kendal,buffer,kelurahan
33.24.15.1015,Pegulon,Kendal,Kabupaten Kendal,buffer,kelurahan
33.24.15.1016,Banyutowo,Kendal,Kabupaten Kendal,buffer,kelurahan
33.24.15.1017,Karangsari,Kendal,Kabupaten Kendal,buffer,kelurahan
33.24.15.1018,Ngilir,Kendal,Kabupaten Kendal,buffer,kelurahan
33.24.15.1019,Bandengan,Kendal,Kabupaten Kendal,buffer,kelurahan
33.24.15.1020,Balok,Kendal,Kabupaten Kendal,buffer,kelurahan
33.24.16.2001,Wonotenggang,Rowosari,Kabupaten Kendal,buffer,desa
33.24.16.2002,Pojoksari,Rowosari,Kabupaten Kendal,buffer,desa
33.24.16.2003,Randusari,Rowosari,Kabupaten Kendal,buffer,desa
33.24.16.2004,Karangsari,Rowosari,Kabupaten Kendal,buffer,desa
33.24.16.2005,Parakan,Rowosari,Kabupaten Kendal,buffer,desa
33.24.16.2006,Tambaksari,Rowosari,Kabupaten Kendal,buffer,desa
33.24.16.2007,Jatipurwo,Rowosari,Kabupaten Kendal,buffer,desa
33.24.16.2008,Rowosari,Rowosari,Kabupaten Kendal,buffer,desa
33.24.16.2009,Tanjungsari,Rowosari,Kabupaten Kendal,buffer,desa
33.24.16.2010,Tanjunganom,Rowosari,Kabupaten Kendal,buffer,desa
33.24.16.2011,Sendangdawuhan,Rowosari,Kabupaten Kendal,buffer,desa
33.24.16.2012,Kebonsari,Rowosari,Kabupaten Kendal,buffer,desa
33.24.16.2013,Bulak,Rowosari,Kabupaten Kendal,buffer,desa
33.24.16.2014,Gebanganom,Rowosari,Kabupaten Kendal,buffer,desa
33.24.16.2015,Gempolsewu,Rowosari,Kabupaten Kendal,buffer,desa
33.24.16.2016,Sendangsikucing,Rowosari,Kabupaten Kendal,buffer,desa
33.24.17.2001,Truko,Kangkung,Kabupaten Kendal,buffer,desa
33.24.17.2002,Lebosari,Kangkung,Kabupaten Kendal,buffer,desa
33.24.17.2003,Kadilangu,Kangkung,Kabupaten Kendal,buffer,desa
33.24.17.2004,Gebanganomwetan,Kangkung,Kabupaten Kendal,buffer,desa
33.24.17.2005,Kaliyoso,Kangkung,Kabupaten Kendal,buffer,desa
33.24.17.2006,Sukodadi,Kangkung,Kabupaten Kendal,buffer,desa
33.24.17.2007,Sendang Kulon,Kangkung,Kabupaten Kendal,buffer,desa
33.24.17.2008,Sendang Dawung,Kangkung,Kabupaten Kendal,buffer,desa
33.24.17.2009,Laban,Kangkung,Kabupaten Kendal,buffer,desa
33.24.17.2010,Karangmalang Wetan,Kangkung,Kabupaten Kendal,buffer,desa
33.24.17.2011,Jungsemi,Kangkung,Kabupaten Kendal,buffer,desa
33.24.17.2012,Kangkung,Kangkung,Kabupaten Kendal,buffer,desa
33.24.17.2013,Tanjungmojo,Kangkung,Kabupaten Kendal,buffer,desa
33.24.17.2014,Rejosari,Kangkung,Kabupaten Kendal,buffer,desa
33.24.17.2015,Kalirejo,Kangkung,Kabupaten Kendal,buffer,desa
33.24.18.2001,Ngerjo,Ringinarum,Kabupaten Kendal,buffer,desa
33.24.18.2002,Kedungasri,Ringinarum,Kabupaten Kendal,buffer,desa
33.24.18.2003,Kedunggading,Ringinarum,Kabupaten Kendal,buffer,desa
33.24.18.2004,Ringinarum,Ringinarum,Kabupaten Kendal,buffer,desa
33.24.18.2005,Ngawensari,Ringinarum,Kabupaten Kendal,buffer,desa
33.24.18.2006,Tejorejo,Ringinarum,Kabupaten Kendal,buffer,desa
33.24.18.2007,Wungurejo,Ringinarum,Kabupaten Kendal,buffer,desa
33.24.18.2008,Rowobranten,Ringinarum,Kabupaten Kendal,buffer,desa
33.24.18.2009,Caruban,Ringinarum,Kabupaten Kendal,buffer,desa
33.24.18.2010,Mojo,Ringinarum,Kabupaten Kendal,buffer,desa
33.24.18.2011,Purworejo,Ringinarum,Kabupaten Kendal,buffer,desa
33.24.18.2012,Pagerdawung,Ringinarum,Kabupaten Kendal,buffer,desa
33.24.19.2001,Dempelrejo,Ngampel,Kabupaten Kendal,buffer,desa
33.24.19.2002,Putatgede,Ngampel,Kabupaten Kendal,buffer,desa
33.24.19.2003,Jatirejo,Ngampel,Kabupaten Kendal,buffer,desa
33.24.19.2004,Winong,Ngampel,Kabupaten Kendal,buffer,desa
33.24.19.2005,Rejosari,Ngampel,Kabupaten Kendal,buffer,desa
33.24.19.2006,Sumbersari,Ngampel,Kabupaten Kendal,buffer,desa
33.24.19.2007,Bojong Gede,Ngampel,Kabupaten Kendal,buffer,desa
33.24.19.2008,Kebonagung,Ngampel,Kabupaten Kendal,buffer,desa
33.24.19.2009,Ngampel Kulon,Ngampel,Kabupaten Kendal,buffer,desa
33.24.19.2010,Ngampel Wetan,Ngampel,Kabupaten Kendal,buffer,desa
33.24.19.2011,Sudipayung,Ngampel,Kabupaten Kendal,buffer,desa
33.24.19.2012,Banyuurip,Ngampel,Kabupaten Kendal,buffer,desa
33.24.20.2001,Jeruk Giling,Kaliwungu Selatan,Kabupaten Kendal,buffer,desa
33.24.20.2002,Kedungsuren,Kaliwungu Selatan,Kabupaten Kendal,buffer,desa
33.24.20.2003,Darupono,Kaliwungu Selatan,Kabupaten Kendal,buffer,desa
33.24.20.2004,Protomulyo,Kaliwungu Selatan,Kabupaten Kendal,buffer,desa
33.24.20.2005,Magelung,Kaliwungu Selatan,Kabupaten Kendal,buffer,desa
33.24.20.2006,Plantaran,Kaliwungu Selatan,Kabupaten Kendal,buffer,desa
33.24.20.2007,Sukomulyo,Kaliwungu Selatan,Kabupaten Kendal,buffer,desa
33.24.20.2008,Sidomakmur,Kaliwungu Selatan,Kabupaten Kendal,buffer,desa
33.71.01.1003,Rejowinangun Selatan,Magelang Selatan,Kota Magelang,frame,kelurahan
33.71.01.1007,Magersari,Magelang Selatan,Kota Magelang,frame,kelurahan
33.71.01.1008,Jurangombo Utara,Magelang Selatan,Kota Magelang,frame,kelurahan
33.71.01.1009,Jurangombo Selatan,Magelang Selatan,Kota Magelang,frame,kelurahan
33.71.01.1010,Tidar Utara,Magelang Selatan,Kota Magelang,frame,kelurahan
33.71.01.1011,Tidar Selatan,Magelang Selatan,Kota Magelang,frame,kelurahan
33.71.02.1003,Wates,Magelang Utara,Kota Magelang,frame,kelurahan
33.71.02.1004,Potrobangsan,Magelang Utara,Kota Magelang,frame,kelurahan
33.71.02.1005,Kedungsari,Magelang Utara,Kota Magelang,frame,kelurahan
33.71.02.1008,Kramat Utara,Magelang Utara,Kota Magelang,frame,kelurahan
33.71.02.1009,Kramat Selatan,Magelang Utara,Kota Magelang,frame,kelurahan
33.71.03.1001,Kemirirejo,Magelang Tengah,Kota Magelang,frame,kelurahan
33.71.03.1002,Cacaban,Magelang Tengah,Kota Magelang,frame,kelurahan
33.71.03.1003,Rejowinangun Utara,Magelang Tengah,Kota Magelang,frame,kelurahan
33.71.03.1004,Magelang,Magelang Tengah,Kota Magelang,frame,kelurahan
33.71.03.1005,Panjang,Magelang Tengah,Kota Magelang,frame,kelurahan
33.71.03.1006,Gelangan,Magelang Tengah,Kota Magelang,frame,kelurahan
34.01.01.2001,Jangkaran,Temon,Kabupaten Kulon Progo,frame,desa
34.01.01.2002,Sindutan,Temon,Kabupaten Kulon Progo,frame,desa
34.01.01.2003,Palihan,Temon,Kabupaten Kulon Progo,frame,desa
34.01.01.2004,Glagah,Temon,Kabupaten Kulon Progo,frame,desa
34.01.01.2005,Kalidengen,Temon,Kabupaten Kulon Progo,frame,desa
34.01.01.2006,Plumbon,Temon,Kabupaten Kulon Progo,frame,desa
34.01.01.2007,Kedundang,Temon,Kabupaten Kulon Progo,frame,desa
34.01.01.2008,Demen,Temon,Kabupaten Kulon Progo,frame,desa
34.01.01.2009,Kulur,Temon,Kabupaten Kulon Progo,frame,desa
34.01.01.2010,Kaligintung,Temon,Kabupaten Kulon Progo,frame,desa
34.01.01.2011,Temon Wetan,Temon,Kabupaten Kulon Progo,frame,desa
34.01.01.2012,Temon Kulon,Temon,Kabupaten Kulon Progo,frame,desa
34.01.01.2013,Kebonrejo,Temon,Kabupaten Kulon Progo,frame,desa
34.01.01.2014,Janten,Temon,Kabupaten Kulon Progo,frame,desa
34.01.01.2015,Karangwuluh,Temon,Kabupaten Kulon Progo,frame,desa
34.01.02.1008,Wates,Wates,Kabupaten Kulon Progo,frame,kelurahan
34.01.02.2001,Karangwuni,Wates,Kabupaten Kulon Progo,frame,desa
34.01.02.2002,Sogan,Wates,Kabupaten Kulon Progo,frame,desa
34.01.02.2003,Kulwaru,Wates,Kabupaten Kulon Progo,frame,desa
34.01.02.2004,Ngestiharjo,Wates,Kabupaten Kulon Progo,frame,desa
34.01.02.2005,Bendungan,Wates,Kabupaten Kulon Progo,frame,desa
34.01.02.2006,Triharjo,Wates,Kabupaten Kulon Progo,frame,desa
34.01.02.2007,Giripeni,Wates,Kabupaten Kulon Progo,frame,desa
34.01.03.2001,Garongan,Panjatan,Kabupaten Kulon Progo,frame,desa
34.01.03.2002,Pleret,Panjatan,Kabupaten Kulon Progo,frame,desa
34.01.03.2003,Bugel,Panjatan,Kabupaten Kulon Progo,frame,desa
34.01.03.2004,Kanoman,Panjatan,Kabupaten Kulon Progo,frame,desa
34.01.03.2005,Depok,Panjatan,Kabupaten Kulon Progo,frame,desa
34.01.03.2006,Bojong,Panjatan,Kabupaten Kulon Progo,frame,desa
34.01.03.2007,Tayuban,Panjatan,Kabupaten Kulon Progo,frame,desa
34.01.03.2008,Gotakan,Panjatan,Kabupaten Kulon Progo,frame,desa
34.01.03.2009,Panjatan,Panjatan,Kabupaten Kulon Progo,frame,desa
34.01.03.2010,Cerme,Panjatan,Kabupaten Kulon Progo,frame,desa
34.01.03.2011,Krembangan,Panjatan,Kabupaten Kulon Progo,frame,desa
34.01.04.2001,Banaran,Galur,Kabupaten Kulon Progo,frame,desa
34.01.04.2002,Kranggan,Galur,Kabupaten Kulon Progo,frame,desa
34.01.04.2003,Nomporejo,Galur,Kabupaten Kulon Progo,frame,desa
34.01.04.2004,Karangsewu,Galur,Kabupaten Kulon Progo,frame,desa
34.01.04.2005,Tirtorahayu,Galur,Kabupaten Kulon Progo,frame,desa
34.01.04.2006,Pandowan,Galur,Kabupaten Kulon Progo,frame,desa
34.01.04.2007,Brosot,Galur,Kabupaten Kulon Progo,frame,desa
34.01.05.2001,Wahyuharjo,Lendah,Kabupaten Kulon Progo,frame,desa
34.01.05.2002,Bumirejo,Lendah,Kabupaten Kulon Progo,frame,desa
34.01.05.2003,Jatirejo,Lendah,Kabupaten Kulon Progo,frame,desa
34.01.05.2004,Sidorejo,Lendah,Kabupaten Kulon Progo,frame,desa
34.01.05.2005,Gulurejo,Lendah,Kabupaten Kulon Progo,frame,desa
34.01.05.2006,Ngentakrejo,Lendah,Kabupaten Kulon Progo,frame,desa
34.01.06.2001,Demangrejo,Sentolo,Kabupaten Kulon Progo,frame,desa
34.01.06.2002,Srikayangan,Sentolo,Kabupaten Kulon Progo,frame,desa
34.01.06.2003,Tuksono,Sentolo,Kabupaten Kulon Progo,frame,desa
34.01.06.2004,Salamrejo,Sentolo,Kabupaten Kulon Progo,frame,desa
34.01.06.2005,Sukoreno,Sentolo,Kabupaten Kulon Progo,frame,desa
34.01.06.2006,Kaliagung,Sentolo,Kabupaten Kulon Progo,frame,desa
34.01.06.2007,Sentolo,Sentolo,Kabupaten Kulon Progo,frame,desa
34.01.06.2008,Banguncipto,Sentolo,Kabupaten Kulon Progo,frame,desa
34.01.07.2001,Tawangsari,Pengasih,Kabupaten Kulon Progo,frame,desa
34.01.07.2002,Karangsari,Pengasih,Kabupaten Kulon Progo,frame,desa
34.01.07.2003,Kedungsari,Pengasih,Kabupaten Kulon Progo,frame,desa
34.01.07.2004,Margosari,Pengasih,Kabupaten Kulon Progo,frame,desa
34.01.07.2005,Pengasih,Pengasih,Kabupaten Kulon Progo,frame,desa
34.01.07.2006,Sendangsari,Pengasih,Kabupaten Kulon Progo,frame,desa
34.01.07.2007,Sidomulyo,Pengasih,Kabupaten Kulon Progo,frame,desa
34.01.08.2001,Hargomulyo,Kokap,Kabupaten Kulon Progo,frame,desa
34.01.08.2002,Hargorejo,Kokap,Kabupaten Kulon Progo,frame,desa
34.01.08.2003,Hargowilis,Kokap,Kabupaten Kulon Progo,frame,desa
34.01.08.2004,Kalirejo,Kokap,Kabupaten Kulon Progo,frame,desa
34.01.08.2005,Hargotirto,Kokap,Kabupaten Kulon Progo,frame,desa
34.01.09.2001,Jatimulyo,Girimulyo,Kabupaten Kulon Progo,frame,desa
34.01.09.2002,Giripurwo,Girimulyo,Kabupaten Kulon Progo,frame,desa
34.01.09.2003,Pendoworejo,Girimulyo,Kabupaten Kulon Progo,frame,desa
34.01.09.2004,Purwosari,Girimulyo,Kabupaten Kulon Progo,frame,desa
34.01.10.2001,Banyuroto,Nanggulan,Kabupaten Kulon Progo,frame,desa
34.01.10.2002,Donomulyo,Nanggulan,Kabupaten Kulon Progo,frame,desa
34.01.10.2003,Wijimulyo,Nanggulan,Kabupaten Kulon Progo,frame,desa
34.01.10.2004,Tanjungharjo,Nanggulan,Kabupaten Kulon Progo,frame,desa
34.01.10.2005,Jatisarono,Nanggulan,Kabupaten Kulon Progo,frame,desa
34.01.10.2006,Kembang,Nanggulan,Kabupaten Kulon Progo,frame,desa
34.01.11.2001,Kebonharjo,Samigaluh,Kabupaten Kulon Progo,frame,desa
34.01.11.2002,Banjarsari,Samigaluh,Kabupaten Kulon Progo,frame,desa
34.01.11.2003,Purwoharjo,Samigaluh,Kabupaten Kulon Progo,frame,desa
34.01.11.2004,Sidoharjo,Samigaluh,Kabupaten Kulon Progo,frame,desa
34.01.11.2005,Gerbosari,Samigaluh,Kabupaten Kulon Progo,frame,desa
34.01.11.2006,Ngargosari,Samigaluh,Kabupaten Kulon Progo,frame,desa
34.01.11.2007,Pagerharjo,Samigaluh,Kabupaten Kulon Progo,frame,desa
34.01.12.2001,Banjararum,Kalibawang,Kabupaten Kulon Progo,frame,desa
34.01.12.2002,Banjarasri,Kalibawang,Kabupaten Kulon Progo,frame,desa
34.01.12.2003,Banjarharjo,Kalibawang,Kabupaten Kulon Progo,frame,desa
34.01.12.2004,Banjaroyo,Kalibawang,Kabupaten Kulon Progo,frame,desa
34.02.01.2001,Poncosari,Srandakan,Kabupaten Bantul,frame,desa
34.02.01.2002,Trimurti,Srandakan,Kabupaten Bantul,frame,desa
34.02.02.2001,Gadingsari,Sanden,Kabupaten Bantul,frame,desa
34.02.02.2002,Gadingharjo,Sanden,Kabupaten Bantul,frame,desa
34.02.02.2003,Srigading,Sanden,Kabupaten Bantul,frame,desa
34.02.02.2004,Murtigading,Sanden,Kabupaten Bantul,frame,desa
34.02.03.2001,Tirtomulyo,Kretek,Kabupaten Bantul,frame,desa
34.02.03.2002,Parangtritis,Kretek,Kabupaten Bantul,frame,desa
34.02.03.2003,Donotirto,Kretek,Kabupaten Bantul,frame,desa
34.02.03.2004,Tirtosari,Kretek,Kabupaten Bantul,frame,desa
34.02.03.2005,Tirtohargo,Kretek,Kabupaten Bantul,frame,desa
34.02.04.2001,Seloharjo,Pundong,Kabupaten Bantul,frame,desa
34.02.04.2002,Panjangrejo,Pundong,Kabupaten Bantul,frame,desa
34.02.04.2003,Srihardono,Pundong,Kabupaten Bantul,frame,desa
34.02.05.2001,Sidomulyo,Bambanglipuro,Kabupaten Bantul,frame,desa
34.02.05.2002,Mulyodadi,Bambanglipuro,Kabupaten Bantul,frame,desa
34.02.05.2003,Sumbermulyo,Bambanglipuro,Kabupaten Bantul,frame,desa
34.02.06.2001,Caturharjo,Pandak,Kabupaten Bantul,frame,desa
34.02.06.2002,Triharjo,Pandak,Kabupaten Bantul,frame,desa
34.02.06.2003,Gilangharjo,Pandak,Kabupaten Bantul,frame,desa
34.02.06.2004,Wijirejo,Pandak,Kabupaten Bantul,frame,desa
34.02.07.2001,Triwidadi,Pajangan,Kabupaten Bantul,frame,desa
34.02.07.2002,Sendangsari,Pajangan,Kabupaten Bantul,frame,desa
34.02.07.2003,Guwosari,Pajangan,Kabupaten Bantul,frame,desa
34.02.08.2001,Palbapang,Bantul,Kabupaten Bantul,frame,desa
34.02.08.2002,Ringinharjo,Bantul,Kabupaten Bantul,frame,desa
34.02.08.2003,Bantul,Bantul,Kabupaten Bantul,frame,desa
34.02.08.2004,Trirenggo,Bantul,Kabupaten Bantul,frame,desa
34.02.08.2005,Sabdodadi,Bantul,Kabupaten Bantul,frame,desa
34.02.09.2001,Patalan,Jetis,Kabupaten Bantul,frame,desa
34.02.09.2002,Canden,Jetis,Kabupaten Bantul,frame,desa
34.02.09.2003,Sumberagung,Jetis,Kabupaten Bantul,frame,desa
34.02.09.2004,Trimulyo,Jetis,Kabupaten Bantul,frame,desa
34.02.10.2001,Selopamioro,Imogiri,Kabupaten Bantul,frame,desa
34.02.10.2002,Sriharjo,Imogiri,Kabupaten Bantul,frame,desa
34.02.10.2003,Wukirsari,Imogiri,Kabupaten Bantul,frame,desa
34.02.10.2004,Kebonagung,Imogiri,Kabupaten Bantul,frame,desa
34.02.10.2005,Karangtengah,Imogiri,Kabupaten Bantul,frame,desa
34.02.10.2006,Girirejo,Imogiri,Kabupaten Bantul,frame,desa
34.02.10.2007,Karangtalun,Imogiri,Kabupaten Bantul,frame,desa
34.02.10.2008,Imogiri,Imogiri,Kabupaten Bantul,frame,desa
34.02.11.2001,Mangunan,Dlingo,Kabupaten Bantul,frame,desa
34.02.11.2002,Muntuk,Dlingo,Kabupaten Bantul,frame,desa
34.02.11.2003,Dlingo,Dlingo,Kabupaten Bantul,frame,desa
34.02.11.2004,Temuwuh,Dlingo,Kabupaten Bantul,frame,desa
34.02.11.2005,Terong,Dlingo,Kabupaten Bantul,frame,desa
34.02.11.2006,Jatimulyo,Dlingo,Kabupaten Bantul,frame,desa
34.02.12.2001,Baturetno,Banguntapan,Kabupaten Bantul,frame,desa
34.02.12.2002,Banguntapan,Banguntapan,Kabupaten Bantul,frame,desa
34.02.12.2003,Jagalan,Banguntapan,Kabupaten Bantul,frame,desa
34.02.12.2004,Singosaren,Banguntapan,Kabupaten Bantul,frame,desa
34.02.12.2005,Jambidan,Banguntapan,Kabupaten Bantul,frame,desa
34.02.12.2006,Potorono,Banguntapan,Kabupaten Bantul,frame,desa
34.02.12.2007,Tamanan,Banguntapan,Kabupaten Bantul,frame,desa
34.02.12.2008,Wirokerten,Banguntapan,Kabupaten Bantul,frame,desa
34.02.13.2001,Wonokromo,Pleret,Kabupaten Bantul,frame,desa
34.02.13.2002,Pleret,Pleret,Kabupaten Bantul,frame,desa
34.02.13.2003,Segoroyoso,Pleret,Kabupaten Bantul,frame,desa
34.02.13.2004,Bawuran,Pleret,Kabupaten Bantul,frame,desa
34.02.13.2005,Wonolelo,Pleret,Kabupaten Bantul,frame,desa
34.02.14.2001,Sitimulyo,Piyungan,Kabupaten Bantul,frame,desa
34.02.14.2002,Srimulyo,Piyungan,Kabupaten Bantul,frame,desa
34.02.14.2003,Srimartani,Piyungan,Kabupaten Bantul,frame,desa
34.02.15.2001,Pendowoharjo,Sewon,Kabupaten Bantul,frame,desa
34.02.15.2002,Timbulharjo,Sewon,Kabupaten Bantul,frame,desa
34.02.15.2003,Bangunharjo,Sewon,Kabupaten Bantul,frame,desa
34.02.15.2004,Panggungharjo,Sewon,Kabupaten Bantul,frame,desa
34.02.16.2001,Bangunjiwo,Kasihan,Kabupaten Bantul,frame,desa
34.02.16.2002,Tirtonirmolo,Kasihan,Kabupaten Bantul,frame,desa
34.02.16.2003,Tamantirto,Kasihan,Kabupaten Bantul,frame,desa
34.02.16.2004,Ngestiharjo,Kasihan,Kabupaten Bantul,frame,desa
34.02.17.2001,Argodadi,Sedayu,Kabupaten Bantul,frame,desa
34.02.17.2002,Argorejo,Sedayu,Kabupaten Bantul,frame,desa
34.02.17.2003,Argosari,Sedayu,Kabupaten Bantul,frame,desa
34.02.17.2004,Argomulyo,Sedayu,Kabupaten Bantul,frame,desa
34.03.01.2001,Wonosari,Wonosari,Kabupaten Gunungkidul,frame,desa
34.03.01.2002,Kepek,Wonosari,Kabupaten Gunungkidul,frame,desa
34.03.01.2003,Piyaman,Wonosari,Kabupaten Gunungkidul,frame,desa
34.03.01.2004,Gari,Wonosari,Kabupaten Gunungkidul,frame,desa
34.03.01.2005,Karangtengah,Wonosari,Kabupaten Gunungkidul,frame,desa
34.03.01.2006,Selang,Wonosari,Kabupaten Gunungkidul,frame,desa
34.03.01.2007,Baleharjo,Wonosari,Kabupaten Gunungkidul,frame,desa
34.03.01.2008,Siraman,Wonosari,Kabupaten Gunungkidul,frame,desa
34.03.01.2009,Pulutan,Wonosari,Kabupaten Gunungkidul,frame,desa
34.03.01.2010,Wareng,Wonosari,Kabupaten Gunungkidul,frame,desa
34.03.01.2011,Duwet,Wonosari,Kabupaten Gunungkidul,frame,desa
34.03.01.2012,Mulo,Wonosari,Kabupaten Gunungkidul,frame,desa
34.03.01.2013,Wunung,Wonosari,Kabupaten Gunungkidul,frame,desa
34.03.01.2014,Karangrejek,Wonosari,Kabupaten Gunungkidul,frame,desa
34.03.02.2001,Natah,Nglipar,Kabupaten Gunungkidul,frame,desa
34.03.02.2002,Pilangrejo,Nglipar,Kabupaten Gunungkidul,frame,desa
34.03.02.2003,Kedungpoh,Nglipar,Kabupaten Gunungkidul,frame,desa
34.03.02.2004,Pengkol,Nglipar,Kabupaten Gunungkidul,frame,desa
34.03.02.2005,Kedungkeris,Nglipar,Kabupaten Gunungkidul,frame,desa
34.03.02.2006,Nglipar,Nglipar,Kabupaten Gunungkidul,frame,desa
34.03.02.2007,Katongan,Nglipar,Kabupaten Gunungkidul,frame,desa
34.03.03.2001,Banyusoco,Playen,Kabupaten Gunungkidul,frame,desa
34.03.03.2002,Plembutan,Playen,Kabupaten Gunungkidul,frame,desa
34.03.03.2003,Bleberan,Playen,Kabupaten Gunungkidul,frame,desa
34.03.03.2004,Getas,Playen,Kabupaten Gunungkidul,frame,desa
34.03.03.2005,Dengok,Playen,Kabupaten Gunungkidul,frame,desa
34.03.03.2006,Ngunut,Playen,Kabupaten Gunungkidul,frame,desa
34.03.03.2007,Playen,Playen,Kabupaten Gunungkidul,frame,desa
34.03.03.2008,Ngawu,Playen,Kabupaten Gunungkidul,frame,desa
34.03.03.2009,Bandung,Playen,Kabupaten Gunungkidul,frame,desa
34.03.03.2010,Logandeng,Playen,Kabupaten Gunungkidul,frame,desa
34.03.03.2011,Gading,Playen,Kabupaten Gunungkidul,frame,desa
34.03.03.2012,Banaran,Playen,Kabupaten Gunungkidul,frame,desa
34.03.03.2013,Ngleri,Playen,Kabupaten Gunungkidul,frame,desa
34.03.04.2001,Bunder,Patuk,Kabupaten Gunungkidul,frame,desa
34.03.04.2002,Beji,Patuk,Kabupaten Gunungkidul,frame,desa
34.03.04.2003,Pengkok,Patuk,Kabupaten Gunungkidul,frame,desa
34.03.04.2004,Semoyo,Patuk,Kabupaten Gunungkidul,frame,desa
34.03.04.2005,Salam,Patuk,Kabupaten Gunungkidul,frame,desa
34.03.04.2006,Patuk,Patuk,Kabupaten Gunungkidul,frame,desa
34.03.04.2007,Ngoro-oro,Patuk,Kabupaten Gunungkidul,frame,desa
34.03.04.2008,Nglanggeran,Patuk,Kabupaten Gunungkidul,frame,desa
34.03.04.2009,Putat,Patuk,Kabupaten Gunungkidul,frame,desa
34.03.04.2010,Nglegi,Patuk,Kabupaten Gunungkidul,frame,desa
34.03.04.2011,Terbah,Patuk,Kabupaten Gunungkidul,frame,desa
34.03.05.2001,Sodo,Paliyan,Kabupaten Gunungkidul,frame,desa
34.03.05.2002,Pampang,Paliyan,Kabupaten Gunungkidul,frame,desa
34.03.05.2003,Grogol,Paliyan,Kabupaten Gunungkidul,frame,desa
34.03.05.2004,Karangduwet,Paliyan,Kabupaten Gunungkidul,frame,desa
34.03.05.2005,Karangasem,Paliyan,Kabupaten Gunungkidul,frame,desa
34.03.05.2006,Mulusan,Paliyan,Kabupaten Gunungkidul,frame,desa
34.03.05.2007,Giring,Paliyan,Kabupaten Gunungkidul,frame,desa
34.03.06.2001,Girikarto,Panggang,Kabupaten Gunungkidul,frame,desa
34.03.06.2002,Girisekar,Panggang,Kabupaten Gunungkidul,frame,desa
34.03.06.2003,Girimulyo,Panggang,Kabupaten Gunungkidul,frame,desa
34.03.06.2004,Giriwungu,Panggang,Kabupaten Gunungkidul,frame,desa
34.03.06.2005,Giriharjo,Panggang,Kabupaten Gunungkidul,frame,desa
34.03.06.2006,Girisuko,Panggang,Kabupaten Gunungkidul,frame,desa
34.03.07.2001,Giripanggung,Tepus,Kabupaten Gunungkidul,frame,desa
34.03.07.2002,Sumberwungu,Tepus,Kabupaten Gunungkidul,frame,desa
34.03.07.2003,Sidoharjo,Tepus,Kabupaten Gunungkidul,frame,desa
34.03.07.2004,Tepus,Tepus,Kabupaten Gunungkidul,frame,desa
34.03.07.2005,Purwodadi,Tepus,Kabupaten Gunungkidul,frame,desa
34.03.08.2001,Ngeposari,Semanu,Kabupaten Gunungkidul,frame,desa
34.03.08.2002,Semanu,Semanu,Kabupaten Gunungkidul,frame,desa
34.03.08.2003,Pacarejo,Semanu,Kabupaten Gunungkidul,frame,desa
34.03.08.2004,Candirejo,Semanu,Kabupaten Gunungkidul,frame,desa
34.03.08.2005,Dadapayu,Semanu,Kabupaten Gunungkidul,frame,desa
34.03.09.2001,Bejiharjo,Karangmojo,Kabupaten Gunungkidul,frame,desa
34.03.09.2002,Wiladeg,Karangmojo,Kabupaten Gunungkidul,frame,desa
34.03.09.2003,Bendungan,Karangmojo,Kabupaten Gunungkidul,frame,desa
34.03.09.2004,Kelor,Karangmojo,Kabupaten Gunungkidul,frame,desa
34.03.09.2005,Ngipak,Karangmojo,Kabupaten Gunungkidul,frame,desa
34.03.09.2006,Karangmojo,Karangmojo,Kabupaten Gunungkidul,frame,desa
34.03.09.2007,Gedangrejo,Karangmojo,Kabupaten Gunungkidul,frame,desa
34.03.09.2008,Ngawis,Karangmojo,Kabupaten Gunungkidul,frame,desa
34.03.09.2009,Jatiayu,Karangmojo,Kabupaten Gunungkidul,frame,desa
34.03.10.2001,Umbulrejo,Ponjong,Kabupaten Gunungkidul,frame,desa
34.03.10.2002,Sawahan,Ponjong,Kabupaten Gunungkidul,frame,desa
34.03.10.2003,Tambakromo,Ponjong,Kabupaten Gunungkidul,frame,desa
34.03.10.2004,Kenteng,Ponjong,Kabupaten Gunungkidul,frame,desa
34.03.10.2005,Sumbergiri,Ponjong,Kabupaten Gunungkidul,frame,desa
34.03.10.2006,Genjahan,Ponjong,Kabupaten Gunungkidul,frame,desa
34.03.10.2007,Ponjong,Ponjong,Kabupaten Gunungkidul,frame,desa
34.03.10.2008,Karangasem,Ponjong,Kabupaten Gunungkidul,frame,desa
34.03.10.2009,Bedoyo,Ponjong,Kabupaten Gunungkidul,frame,desa
34.03.10.2010,Sidorejo,Ponjong,Kabupaten Gunungkidul,frame,desa
34.03.10.2011,Gombang,Ponjong,Kabupaten Gunungkidul,frame,desa
34.03.11.2001,Bohol,Rongkop,Kabupaten Gunungkidul,frame,desa
34.03.11.2002,Pringombo,Rongkop,Kabupaten Gunungkidul,frame,desa
34.03.11.2003,Botodayaan,Rongkop,Kabupaten Gunungkidul,frame,desa
34.03.11.2004,Petir,Rongkop,Kabupaten Gunungkidul,frame,desa
34.03.11.2005,Pucanganom,Rongkop,Kabupaten Gunungkidul,frame,desa
34.03.11.2006,Semugih,Rongkop,Kabupaten Gunungkidul,frame,desa
34.03.11.2007,Melikan,Rongkop,Kabupaten Gunungkidul,frame,desa
34.03.11.2008,Karangwuni,Rongkop,Kabupaten Gunungkidul,frame,desa
34.03.12.2001,Kalitekuk,Semin,Kabupaten Gunungkidul,frame,desa
34.03.12.2002,Kemejing,Semin,Kabupaten Gunungkidul,frame,desa
34.03.12.2003,Bulurejo,Semin,Kabupaten Gunungkidul,frame,desa
34.03.12.2004,Sumberejo,Semin,Kabupaten Gunungkidul,frame,desa
34.03.12.2005,Bendung,Semin,Kabupaten Gunungkidul,frame,desa
34.03.12.2006,Candirejo,Semin,Kabupaten Gunungkidul,frame,desa
34.03.12.2007,Rejosari,Semin,Kabupaten Gunungkidul,frame,desa
34.03.12.2008,Karangsari,Semin,Kabupaten Gunungkidul,frame,desa
34.03.12.2009,Pundungsari,Semin,Kabupaten Gunungkidul,frame,desa
34.03.12.2010,Semin,Semin,Kabupaten Gunungkidul,frame,desa
34.03.13.2001,Tancep,Ngawen,Kabupaten Gunungkidul,frame,desa
34.03.13.2002,Sambirejo,Ngawen,Kabupaten Gunungkidul,frame,desa
34.03.13.2003,Jurangjero,Ngawen,Kabupaten Gunungkidul,frame,desa
34.03.13.2004,Kampung,Ngawen,Kabupaten Gunungkidul,frame,desa
34.03.13.2005,Beji,Ngawen,Kabupaten Gunungkidul,frame,desa
34.03.13.2006,Watusigar,Ngawen,Kabupaten Gunungkidul,frame,desa
34.03.14.2001,Hargomulyo,Gedangsari,Kabupaten Gunungkidul,frame,desa
34.03.14.2002,Mertelu,Gedangsari,Kabupaten Gunungkidul,frame,desa
34.03.14.2003,Watugajah,Gedangsari,Kabupaten Gunungkidul,frame,desa
34.03.14.2004,Sampang,Gedangsari,Kabupaten Gunungkidul,frame,desa
34.03.14.2005,Serut,Gedangsari,Kabupaten Gunungkidul,frame,desa
34.03.14.2006,Ngalang,Gedangsari,Kabupaten Gunungkidul,frame,desa
34.03.14.2007,Tegalrejo,Gedangsari,Kabupaten Gunungkidul,frame,desa
34.03.15.2001,Krambilsawit,Saptosari,Kabupaten Gunungkidul,frame,desa
34.03.15.2002,Ngloro,Saptosari,Kabupaten Gunungkidul,frame,desa
34.03.15.2003,Jetis,Saptosari,Kabupaten Gunungkidul,frame,desa
34.03.15.2004,Kepek,Saptosari,Kabupaten Gunungkidul,frame,desa
34.03.15.2005,Kanigoro,Saptosari,Kabupaten Gunungkidul,frame,desa
34.03.15.2006,Monggol,Saptosari,Kabupaten Gunungkidul,frame,desa
34.03.15.2007,Planjan,Saptosari,Kabupaten Gunungkidul,frame,desa
34.03.16.2001,Balong,Girisubo,Kabupaten Gunungkidul,frame,desa
34.03.16.2002,Jepitu,Girisubo,Kabupaten Gunungkidul,frame,desa
34.03.16.2003,Karangawen,Girisubo,Kabupaten Gunungkidul,frame,desa
34.03.16.2004,Nglindur,Girisubo,Kabupaten Gunungkidul,frame,desa
34.03.16.2005,Jerukwudel,Girisubo,Kabupaten Gunungkidul,frame,desa
34.03.16.2006,Tileng,Girisubo,Kabupaten Gunungkidul,frame,desa
34.03.16.2007,Pucung,Girisubo,Kabupaten Gunungkidul,frame,desa
34.03.16.2008,Songbanyu,Girisubo,Kabupaten Gunungkidul,frame,desa
34.03.17.2001,Hargosari,Tanjungsari,Kabupaten Gunungkidul,frame,desa
34.03.17.2002,Kemiri,Tanjungsari,Kabupaten Gunungkidul,frame,desa
34.03.17.2003,Kemadang,Tanjungsari,Kabupaten Gunungkidul,frame,desa
34.03.17.2004,Banjarejo,Tanjungsari,Kabupaten Gunungkidul,frame,desa
34.03.17.2005,Ngestirejo,Tanjungsari,Kabupaten Gunungkidul,frame,desa
34.03.18.2001,Giripurwo,Purwosari,Kabupaten Gunungkidul,frame,desa
34.03.18.2002,Giricahyo,Purwosari,Kabupaten Gunungkidul,frame,desa
34.03.18.2003,Girijati,Purwosari,Kabupaten Gunungkidul,frame,desa
34.03.18.2004,Giriasih,Purwosari,Kabupaten Gunungkidul,frame,desa
34.03.18.2005,Giritirto,Purwosari,Kabupaten Gunungkidul,frame,desa
34.04.01.2001,Balecatur,Gamping,Kabupaten Sleman,frame,desa
34.04.01.2002,Ambarketawang,Gamping,Kabupaten Sleman,frame,desa
34.04.01.2003,Banyuraden,Gamping,Kabupaten Sleman,frame,desa
34.04.01.2004,Nogotirto,Gamping,Kabupaten Sleman,frame,desa
34.04.01.2005,Trihanggo,Gamping,Kabupaten Sleman,frame,desa
34.04.02.2001,Sidorejo,Godean,Kabupaten Sleman,frame,desa
34.04.02.2002,Sidoluhur,Godean,Kabupaten Sleman,frame,desa
34.04.02.2003,Sidomulyo,Godean,Kabupaten Sleman,frame,desa
34.04.02.2004,Sidoagung,Godean,Kabupaten Sleman,frame,desa
34.04.02.2005,Sidokarto,Godean,Kabupaten Sleman,frame,desa
34.04.02.2006,Sidoarum,Godean,Kabupaten Sleman,frame,desa
34.04.02.2007,Sidomoyo,Godean,Kabupaten Sleman,frame,desa
34.04.03.2001,Sumberrahayu,Moyudan,Kabupaten Sleman,frame,desa
34.04.03.2002,Sumbersari,Moyudan,Kabupaten Sleman,frame,desa
34.04.03.2003,Sumberagung,Moyudan,Kabupaten Sleman,frame,desa
34.04.03.2004,Sumberarum,Moyudan,Kabupaten Sleman,frame,desa
34.04.04.2001,Sendangarum,Minggir,Kabupaten Sleman,frame,desa
34.04.04.2002,Sendangmulyo,Minggir,Kabupaten Sleman,frame,desa
34.04.04.2003,Sendangagung,Minggir,Kabupaten Sleman,frame,desa
34.04.04.2004,Sendangsari,Minggir,Kabupaten Sleman,frame,desa
34.04.04.2005,Sendangrejo,Minggir,Kabupaten Sleman,frame,desa
34.04.05.2001,Margoluwih,Seyegan,Kabupaten Sleman,frame,desa
34.04.05.2002,Margodadi,Seyegan,Kabupaten Sleman,frame,desa
34.04.05.2003,Margokaton,Seyegan,Kabupaten Sleman,frame,desa
34.04.05.2004,Margomulyo,Seyegan,Kabupaten Sleman,frame,desa
34.04.05.2005,Margoagung,Seyegan,Kabupaten Sleman,frame,desa
34.04.06.2001,Sinduadi,Mlati,Kabupaten Sleman,frame,desa
34.04.06.2002,Sendangadi,Mlati,Kabupaten Sleman,frame,desa
34.04.06.2003,Tlogoadi,Mlati,Kabupaten Sleman,frame,desa
34.04.06.2004,Tirtoadi,Mlati,Kabupaten Sleman,frame,desa
34.04.06.2005,Sumberadi,Mlati,Kabupaten Sleman,frame,desa
34.04.07.2001,Caturtunggal,Depok,Kabupaten Sleman,frame,desa
34.04.07.2002,Maguwoharjo,Depok,Kabupaten Sleman,frame,desa
34.04.07.2003,Condongcatur,Depok,Kabupaten Sleman,frame,desa
34.04.08.2001,Sendangtirto,Berbah,Kabupaten Sleman,frame,desa
34.04.08.2002,Tegaltirto,Berbah,Kabupaten Sleman,frame,desa
34.04.08.2003,Kalitirto,Berbah,Kabupaten Sleman,frame,desa
34.04.08.2004,Jogotirto,Berbah,Kabupaten Sleman,frame,desa
34.04.09.2001,Sumberharjo,Prambanan,Kabupaten Sleman,frame,desa
34.04.09.2002,Wukirharjo,Prambanan,Kabupaten Sleman,frame,desa
34.04.09.2003,Gayamharjo,Prambanan,Kabupaten Sleman,frame,desa
34.04.09.2004,Sambirejo,Prambanan,Kabupaten Sleman,frame,desa
34.04.09.2005,Madurejo,Prambanan,Kabupaten Sleman,frame,desa
34.04.09.2006,Bokoharjo,Prambanan,Kabupaten Sleman,frame,desa
34.04.10.2001,Purwomartani,Kalasan,Kabupaten Sleman,frame,desa
34.04.10.2002,Tirtomartani,Kalasan,Kabupaten Sleman,frame,desa
34.04.10.2003,Tamanmartani,Kalasan,Kabupaten Sleman,frame,desa
34.04.10.2004,Selomartani,Kalasan,Kabupaten Sleman,frame,desa
34.04.11.2001,Sindumartani,Ngemplak,Kabupaten Sleman,frame,desa
34.04.11.2002,Bimomartani,Ngemplak,Kabupaten Sleman,frame,desa
34.04.11.2003,Widodomartani,Ngemplak,Kabupaten Sleman,frame,desa
34.04.11.2004,Wedomartani,Ngemplak,Kabupaten Sleman,frame,desa
34.04.11.2005,Umbulmartani,Ngemplak,Kabupaten Sleman,frame,desa
34.04.12.2001,Sariharjo,Ngaglik,Kabupaten Sleman,frame,desa
34.04.12.2002,Minomartani,Ngaglik,Kabupaten Sleman,frame,desa
34.04.12.2003,Sinduharjo,Ngaglik,Kabupaten Sleman,frame,desa
34.04.12.2004,Sukoharjo,Ngaglik,Kabupaten Sleman,frame,desa
34.04.12.2005,Sardonoharjo,Ngaglik,Kabupaten Sleman,frame,desa
34.04.12.2006,Donoharjo,Ngaglik,Kabupaten Sleman,frame,desa
34.04.13.2001,Caturharjo,Sleman,Kabupaten Sleman,frame,desa
34.04.13.2002,Triharjo,Sleman,Kabupaten Sleman,frame,desa
34.04.13.2003,Tridadi,Sleman,Kabupaten Sleman,frame,desa
34.04.13.2004,Pandowoharjo,Sleman,Kabupaten Sleman,frame,desa
34.04.13.2005,Trimulyo,Sleman,Kabupaten Sleman,frame,desa
34.04.14.2001,Banyurejo,Tempel,Kabupaten Sleman,frame,desa
34.04.14.2002,Tambakrejo,Tempel,Kabupaten Sleman,frame,desa
34.04.14.2003,Sumberrejo,Tempel,Kabupaten Sleman,frame,desa
34.04.14.2004,Pondokrejo,Tempel,Kabupaten Sleman,frame,desa
34.04.14.2005,Mororejo,Tempel,Kabupaten Sleman,frame,desa
34.04.14.2006,Margorejo,Tempel,Kabupaten Sleman,frame,desa
34.04.14.2007,Lumbungrejo,Tempel,Kabupaten Sleman,frame,desa
34.04.14.2008,Merdikorejo,Tempel,Kabupaten Sleman,frame,desa
34.04.15.2001,Bangunkerto,Turi,Kabupaten Sleman,frame,desa
34.04.15.2002,Donokerto,Turi,Kabupaten Sleman,frame,desa
34.04.15.2003,Girikerto,Turi,Kabupaten Sleman,frame,desa
34.04.15.2004,Wonokerto,Turi,Kabupaten Sleman,frame,desa
34.04.16.2001,Purwobinangun,Pakem,Kabupaten Sleman,frame,desa
34.04.16.2002,Candibinangun,Pakem,Kabupaten Sleman,frame,desa
34.04.16.2003,Harjobinangun,Pakem,Kabupaten Sleman,frame,desa
34.04.16.2004,Pakembinangun,Pakem,Kabupaten Sleman,frame,desa
34.04.16.2005,Hargobinangun,Pakem,Kabupaten Sleman,frame,desa
34.04.17.2001,Argomulyo,Cangkringan,Kabupaten Sleman,frame,desa
34.04.17.2002,Wukirsari,Cangkringan,Kabupaten Sleman,frame,desa
34.04.17.2003,Glagaharjo,Cangkringan,Kabupaten Sleman,frame,desa
34.04.17.2004,Kepuharjo,Cangkringan,Kabupaten Sleman,frame,desa
34.04.17.2005,Umbulharjo,Cangkringan,Kabupaten Sleman,frame,desa
34.71.01.1001,Kricak,Tegalrejo,Kota Yogyakarta,frame,kelurahan
34.71.01.1002,Karangwaru,Tegalrejo,Kota Yogyakarta,frame,kelurahan
34.71.01.1003,Tegalrejo,Tegalrejo,Kota Yogyakarta,frame,kelurahan
34.71.01.1004,Bener,Tegalrejo,Kota Yogyakarta,frame,kelurahan
34.71.02.1001,Bumijo,Jetis,Kota Yogyakarta,frame,kelurahan
34.71.02.1002,Cokrodiningratan,Jetis,Kota Yogyakarta,frame,kelurahan
34.71.02.1003,Gowongan,Jetis,Kota Yogyakarta,frame,kelurahan
34.71.03.1001,Demangan,Gondokusuman,Kota Yogyakarta,frame,kelurahan
34.71.03.1002,Kotabaru,Gondokusuman,Kota Yogyakarta,frame,kelurahan
34.71.03.1003,Klitren,Gondokusuman,Kota Yogyakarta,frame,kelurahan
34.71.03.1004,Baciro,Gondokusuman,Kota Yogyakarta,frame,kelurahan
34.71.03.1005,Terban,Gondokusuman,Kota Yogyakarta,frame,kelurahan
34.71.04.1001,Suryatmajan,Danurejan,Kota Yogyakarta,frame,kelurahan
34.71.04.1002,Tegalpanggung,Danurejan,Kota Yogyakarta,frame,kelurahan
34.71.04.1003,Bausasran,Danurejan,Kota Yogyakarta,frame,kelurahan
34.71.05.1001,Sosromenduran,Gedongtengen,Kota Yogyakarta,frame,kelurahan
34.71.05.1002,Pringgokusuman,Gedongtengen,Kota Yogyakarta,frame,kelurahan
34.71.06.1001,Ngampilan,Ngampilan,Kota Yogyakarta,frame,kelurahan
34.71.06.1002,Notoprajan,Ngampilan,Kota Yogyakarta,frame,kelurahan
34.71.07.1001,Pakuncen,Wirobrajan,Kota Yogyakarta,frame,kelurahan
34.71.07.1002,Wirobrajan,Wirobrajan,Kota Yogyakarta,frame,kelurahan
34.71.07.1003,Patangpuluhan,Wirobrajan,Kota Yogyakarta,frame,kelurahan
34.71.08.1001,Gedongkiwo,Mantrijeron,Kota Yogyakarta,frame,kelurahan
34.71.08.1002,Suryodiningratan,Mantrijeron,Kota Yogyakarta,frame,kelurahan
34.71.08.1003,Mantrijeron,Mantrijeron,Kota Yogyakarta,frame,kelurahan
34.71.09.1001,Patehan,Kraton,Kota Yogyakarta,frame,kelurahan
34.71.09.1002,Panembahan,Kraton,Kota Yogyakarta,frame,kelurahan
34.71.09.1003,Kadipaten,Kraton,Kota Yogyakarta,frame,kelurahan
34.71.10.1001,Ngupasan,Gondomanan,Kota Yogyakarta,frame,kelurahan
34.71.10.1002,Prawirodirjan,Gondomanan,Kota Yogyakarta,frame,kelurahan
34.71.11.1001,Purwokinanti,Pakualaman,Kota Yogyakarta,frame,kelurahan
34.71.11.1002,Gunungketur,Pakualaman,Kota Yogyakarta,frame,kelurahan
34.71.12.1001,Keparakan,Mergangsan,Kota Yogyakarta,frame,kelurahan
34.71.12.1002,Wirogunan,Mergangsan,Kota Yogyakarta,frame,kelurahan
34.71.12.1003,Brontokusuman,Mergangsan,Kota Yogyakarta,frame,kelurahan
34.71.13.1001,Semaki,Umbulharjo,Kota Yogyakarta,frame,kelurahan
34.71.13.1002,Muja Muju,Umbulharjo,Kota Yogyakarta,frame,kelurahan
34.71.13.1003,Tahunan,Umbulharjo,Kota Yogyakarta,frame,kelurahan
34.71.13.1004,Warungboto,Umbulharjo,Kota Yogyakarta,frame,kelurahan
34.71.13.1005,Pandeyan,Umbulharjo,Kota Yogyakarta,frame,kelurahan
34.71.13.1006,Sorosutan,Umbulharjo,Kota Yogyakarta,frame,kelurahan
34.71.13.1007,Giwangan,Umbulharjo,Kota Yogyakarta,frame,kelurahan
34.71.14.1001,Rejowinangun,Kotagede,Kota Yogyakarta,frame,kelurahan
34.71.14.1002,Prenggan,Kotagede,Kota Yogyakarta,frame,kelurahan
34.71.14.1003,Purbayan,Kotagede,Kota Yogyakarta,frame,kelurahan
