ann_id,source_file,sentence_text,auto_mention_types,auto_keywords,ann_is_archaeological,ann_correct_types,ann_notes
ANN0001,paras_1499.txt,"Van Cormandel den 19:' Septemb:r 1691 — Heere Commisss generael int voortaer, by syn hoog Ed. s aanwesen op tutucorijn, Considererende het gebrek van kattoen indese landen, aldaer believen te laten incopen, en vervolgens over manaar, en taffenepatnam ons toegesonden een quantit:t van 139452. lb. ongesuijvert, oft nog met de korls vermengt kattoen in 1000: balen, dewelke volgens facturo komt te kosten met de ongelden, debhaar van 480. lb pagode 4 3/3 off. f 26: 6. –. waermede wij als nog niet anders om voor verhaalde redenen hebben uijtgeregt, als een klene quantiteyt vande korls te laten suijveren, daerbij bevonden is, dat van vier ponden een pont schaars word behouden ende ongelden van dien 1: lb 1½ banimn oft 7½ ligte sthrs belopen, off op een bhaer van 480: lb pr 7½ f 45:—:— van dese partije hebben wij na pallecatta 100: balen versonden om te ondervinden hoedanigd' zuijvering aldaermede mogte toedragen, mitsgsz: garen van gesponnen, en verbruijkt te werden daer en sodanig sy nogte nodig vinden, off wel voor reecq: vande Comp: omsetten soo de prijs passeren kan, dog terwyle demensch en indielanden meest gewoon sijn in gesuijvert kattoen te handelen, en vande Instrumenten daertoe niet genoeg versien sijn, soo heeft het spinnen geen voortgang willen nemen nog Comp: koopluyjden en wevens",MONUMENT,pagode,,,
ANN0002,paras_1111.txt,"van 16 stx. , diemen voordesen Gecocht heeft voor een pagode 13 ofte 14 Ø voor d'selve prijs bequame tot dat de tijden veranderen, t Cattoen beter coop ende de wevers weder verhandelt sullen wesen, Jambijen de west Custe hebben van dese sorteringhe Jaerlice veel van doene, batta van Gelijcke, hier Nevens gaen twee verscheijde Monsters van Negros Cleeden, die meene dat door de portugijsen om de zuijt sijn doen maecken, de molucos Eijscht partije van dese soorte te becomen sijn. , laet die int werck stellen ende Geeft ons daer van advijs, daer in Can werden Gedaen, Soo lange t' Gunees linnen inde quartieren Van paricol en datcheron soo schaers blijft en gelijck OE schrijven niet te becomen is, dient' selve van zuijt geprocureert, en soo Goeden quantite als eenichsints doenljk is, Grooten menichten gelijk ve weten hebben Iaerlicx soo voor India als neerlant van doene, over sulcx dienende wevers ontrent masilipatnam tot het maecken van Gunees linnen geanimeert op dat niet Geheel vant maecken deser lijwaten en vervreemden, en dient al aengenomen dat leveren, schoon wat Grover en dierder mocht wesen ofte Geraeckt anders in handen van dEngelsche en d'eenen, tis oock seecker de wevers meer tot maecken van salampourij en betilles inclineren, als tot dese Croue lijwaeten, vermits hun lichter int weven vallen, soo veel Caeren niet van Noode hebben, en dat de salampourij ende betilles van ijder een Getrocken worden, men soude oock t' gebreeckenlijk Gunees linnen met Grone salampourij connen suppleren, tot dat de landen in beter Gestalte comen, t' Cattoen goeden Coop, en t' gunees linnen weder in tranj sal wesen, Gemaeckte hemden ende broucken, sullen volgens VE: schrijven vr t'eerstcomene schip dat wtrecht soo wij verhoopen sal wesen, werwachten, en dient daer inne gecontinueert, nevens eenige van goet lijnwaet, Hier nevens sende Monsters van fijne ende Grove tappasarassen, de fijne worden om de suijt gemaeckt, ende begeeren voor eerst 10 packen Conform de monster, mits dat wel geleth wert t' bomwerck niet grooter wert Gemaeckt en de hooffden schoon root daer Java seer op siet en wel betaelt, dat vande slechte is een snoch ordre urij der 10 rnam oort ijse nie kennis Jan 6 pan, dient sal de ecken genooct. die laet de 16. asta ,ende volle tot het d. r seer lij rden, pen, geleij masamlwaert schieden sijn ckx comen houden men ugen fs tot van dat plaets",MONUMENT,pagode,,,
ANN0003,paras_1063.txt,"Dtegenstaende pthyen. /32 :5228. . . . . . . . . . . . . . . . . . . f24412 4 14 1 pack Indigo No 331 wegende 6¼ man a 40 /8 1- . . . pagode de candz..... 1 dito No: 334 wegende 6 man, 10 ceer 12 Do: No: 335. 337. 338. 339: 340: 342. 343. 344. 346. 347. 348. 349. wegende yder 6¼ man k 44b. pagode de cande. . . . . . . . . 165:9/ 1 dito No. 350 weecht 6 man 10 ceer  17. 14 /8 12 do: No: 353, 355, 357, 358, 363, 365, 366. 367. 368. 369. 370. 371. wegende yder 6¼ man a 64 pagode de candy. . . . . . 240- 1do: No: 372 weecht 6 man 10 ceer 5 do: No: 373. 375: 376. 378. 379. wegende yder 6¼ man a 55 pagode de Candy. . . . . . . 85. 14 1/16 22 do: No: 382. 383: 384, 386, 387, 388, 389, 390. 391, 393, 394, 395, 396, 398. 399, 400. 501. 503. 504. 510. 512. 516. wegende yder 6¼ man a pagode 70 de candx. . . . . . . . . . . . 481. 3/¾ 3 do: No: 518. 522. 532. wegende yder 6¼ man a —. . . . 60. 14 1/8 65 pagode de canden: 5 do: No. 547. 548. 549. 553. 559. wegende yder 6¼ man a 65 pagode de candz. . . . . . . . . . . 101. 8 1/16 1d:o N:o 577. wegende 6¼ man tosten. . . . . . . . 14. 1/16 26 do: No: 579. 580. 583, 584. 590. 592, 593, 594. 596. 598, 602, 607, 609, 611, 614, 614, 624, 625. 626, 627. 628. 629. 631. 633. 633. 634. wegen yder 6¼ man a 65. pagode de candy. . . . . . 528. 1 3/8 2 D:o N:o 678. 639. wegende yder 6¼ man a 85 pagode 53. 1 3/8 90de cande. 7do: No:. 640. 651. 652. 654. 655. 656. 658. wegende 185. 14 1/16 yder 6¼ man a 85 pagoden de canden. 13 Cassen Indigo van No 1 tot 13 wegende tsamen 2467 5/8 lb hollants costende 385. 9 3/8 6937 18¾ p. ongelten op voors Indigo op de iuste gedaen 22412 4 gereeckent pro rato der factuijre. . . .",MONUMENT,pagode,,,
ANN0004,paras_1227.txt,"groote schip, naseret op prlmo stantij soo seij ledich van daer herwarts is vertrocken ende gedeelte sijner lading drie daeren geleden, vr 7. aronte boots hier aengeboden, dd Compes om de geleende penningen niet moeijelijck te sullen vallen, in Cas wij met de aencompste vande taijoanse schepen — geen capitael genoch bequamen, en daerenboven oock toegestaen hier ter plaetse vant schuijtsilver etc: ropias temogen slaen, dat voor waer geen clene benefitie soude wesen, soo deselve slecht — onder dese superstitieuse heijdenen in trijn conden gebracht werden, Waertoe veld sal helpen — als sijn hoocheijt op ons gedane nader versoeck gelieft tebevelen tlants tollen daermede— a 3/8 ropia per pagoode alomme mogen betaelt werden, op welcke gonstige toestaen wij dan de topie op de waerde vande bengaelse tk Kopien sullen doen maecken, die wel d'hoogste van alloij oock alomme ganckbaer zijn, ende volgens t gevoelen van St Coulster— op masulipatam a 3½ pr een palliacatse — vagoodt wel in trijn soude tebrengen — wesen, sulcx dan soo volgende soude de Compe opt vermunten vant schuijtsilver tot ropien (affgetrocken des munts gerechtigheijt, tot 5 str pr va 1¾ percento ende 3½ per pagode n VCo comen te proffiteren, dat veele met den Jegenwoordige prijs des silver, dat — present met geen 10 Rs verlies hier ter — plaetse can gedebiteert werden verscheelt, leggende dat minerael ende de abassies — present vermits de landen voorden Coopman niet veijl zijn, hier als een doot effect sulcx wd voornemens zijn met teerste weijfffelen vant noorde moussson met eene der oorlogh Chialoepen daervan ten minsten een — tonne gout naer masulibatam versenden Jn voorsz. brieff versoeck den nababserr beleefdelijck om paspoort voor een sijner seven nae maccassar onder vaste belofte",MONUMENT|ARTIFACT,pagode|penningen,,,
ANN0005,paras_1175.txt,"Rutgerus Tascseragh apparentelijck naer Tagouan te vertrecken, die reste blijft voor als noch alhier continueeren, om die wacht des Heeren waer te neemen. leij en wran niet naerlanten uEd: op 't hooghste te dancken, dat eenmael door nae Ed: authoritatie beveelen den Chineeschen afhadt van die publiqúe straaten uijt t' gerichte van onse jeught en tedere in landtsche Christenen geweert is: Ende alhoewel den tempel der Chineesen noch vervult met chineesche beelden, reliquien en vervaarlijcke gedaan der duijvelen openstaat, hebben evenwel kope dat dieselve ten vollen van onse overighen, zijnde een grouwel den grouwelen, verbannen en verbroocken sal worden; doen niet te min versoucken eerbiedelijck (of misschien eenighe consideratien dit werck alhier tardeerden) dat deese Christlijck ordre uijt 't Vaderlandt van UEd: gesonden wierde, dat ten vollen uijtgeroeijt, en in plaatze van dien een maleijtsche kercke getimmert ende opgerecht wierde, soude sulckx zijn een seer christelick werck over het welcke sonder twijffel Godts handen openstaen om het selve te begeradighen.",MONUMENT|ARTIFACT,tempel|beelden,,,
ANN0006,paras_1158.txt,"In't Casteel Batavia waer uijt 't meerderen van d'ongelden resulteerde, wird bij — nevens comende Memorie verthoont, besijden dat was 't quarnisoen stercker als voorige Jaren, om te beter op hoede en — deffensie te sijn, desmalle winsten waren door den gedurigen Oorlogh, en geringen afftreck der Coopman. veroorsaeckt Van: 't dorp Tonnemanantam omtrendt Tegenapatnam gelegen, bleeff d' Comp. e noch niet wel versekert, 't incomen — van dat als andere dorpen Mansjnwacke anwour ende — Erecan, alle oncosten in vereeringh affgetrocken, hadt gemelten heere 't generael goet gedaen, ende gaff in bedencken — off voort aen 't overcomende van die dorpen, niet behoorde op — schenckagie gebracht te worden, alsoo deselve daer door — vergroot, ende vereijsschte recognitie derwegen geschiede, — waerjegens eenlijck te crediteren had, den halven Tol van — d' in en uijtgaende goederen over Zee, 't gunt weijnigh emporteerde, Item de toegestane pagode op ijder pack ende bhaer met — Letchemaneijck gecontracteert, daerop sijn E. ordre te — genoot sagh./ Om van Chimanna voldaen te worden, wbird goede hoop gegeven, Immers buijten sijne presentie, maer sou beswaerlijck — uijt desselffs. travailles geraecken, tot restauratie werd — hem soo veel doenelijk de hand gebooden, om denselven aende Comp. e te verbinden, ende geen Oorsaeck, te geven, andere Jegens ons aen sehitsen., 312: Een",MONUMENT,pagode,,,
ANN0007,paras_1119.txt,"Wij waren door dese tijdinge wat beter getroost, ende bejden olvangh tsiat, dat morgen als met den Coninck uijt spelen voer, hem bij oloangh sapartiban ende des maijts camerlingen vervoegen, ende haer Eden volcomentlijck vande gelegentheijt onser saecken informeeren soude met vriendelijk versoeck haere hulpe, ons in desen gunstelijck te bewusen, alle 't welcke neersteli te verechten olvangh tsiat seer gaerne aengenomen heeft Ai 6en d. o is den coninck met alle sijnen adel nae vrae kheeuw gevaeren (een tempel ontrent 4: mijlen van India gelegen) om de hoden aldaer sijn off erhande te doen waer over in onse hooch nodige saken, tot mijn groot herten leel. niet gevordert",MONUMENT,tempel,,,
ANN0008,paras_1108.txt,"Manendagh den 30n Maijo A:o 1633:— Hel schip weesp heden van Marta Pura, olim — Bandarmassingh alhier gearriveert, hebbende cleene negotie gedaen, doordien de Mancassaren alle den peper van daer vervoert hadden, Is feresolveert dat opt spoedichste gelost ende claer gemaect sall werden, om met 75 man daer onder soldaten de reijse naer de Custe van China mede te doen in Compe vande heere putmant ende sall geprovideert werden gelijck alle d'ander schepen ende Jachten naer de Custe van China geordineert, Sal is voor twaelf maenden van rijt ende aracq, ende voor se maenden van vleesch speck olij ende azijn Ende was ondertreckent Henrick Brouwer, Pieter Vlack, Marten Isbrantsz, Joan vander burch, ende hant putmane.",MONUMENT,Pura,,,
ANN0009,paras_1417.txt,"Van bantam den 19e augustus Ao 1685: van't Hoofdt van den misdadiger heeft gestraft, zoo neemt zulcx egter niet weg het misnoegen dat zijn Hoogheijt daar over getoont, en aan ons heeft laten betuijgen, daarbij nog Comt dat een ander soldaat, vol en drocken zijnde, straat schenderije aangeregt zelfs in de wooninge der Javanen, en aldaar met zijdgeweer zekeren Javaan door den Arm heeft gesteeken; behalven dat deser dagen nog een ander soldaat uijt het Casteel den geheelen Tempel met zijn houwer schoon gemaackt, en zelfs den priester daar uijt heeft verdreven, waarover d'een en ander bij ons geapprehendeert en in hegtenisse zijn gestelt, maar wij vinden ons al vrij wat verlegen op wat voedt wij haar te Regt stellen en zullen konnen sententieren in eenige vergelijkinge van de parate Iustitie, die den zulthan over 't dodelijk quetsen van voorsz: onsen soldaat heeft geexerceert, onstaande alle dese quade exempelen ende onstigtige voorgangen van hare officieren, het welke het opperhooft aanneemt wat nader te deduceren, wanneer zijn beterschap met Godes hulpe wat meer toegenomen, en hij in staat zal wesen depen te konnen voeren gister avondt zijn de Chialoupen de leeuw en paliacatta met de vier pantsjallangs daartoe geschickt, volgens uw: Hoog Eden schriftelijke ordre naar 't nauw der straat vertrocken, om aldaar het vaar water te becruijssen en op de aankomende scheepen te passen, en is mede hier aangekomen het scheepje westbroek, uijt het vaderlandt vervallen op Zillebaar, met verscheijde zieken en jnpotenten, ons open toebrengende dese bijgevoegde missive aan uw: Hoog Edns vervattende den toestandt der zaken aldaar, waar van wij Copije hebben behouden, om ons daar van, daar 't vereijscht, te konnen dienen; den zulthan heeft mede een brief van zijne gevanten derwaarts ontfangen, en ons desen avond dezelve toegesonden, om bij ons schrijvens aan uw: Hoog Edns te vougen, en daarbij te melden, dat bij aldien uw Hoog Edn mogten Resolveren, eenige scheeps magt naar dat gewest te zenden, Hij wel zoude genegen wesen een duijsent man of meer daarmede te laten overvaren, tot afwijsinge der vreemdelingen, en dempen van de Rebellen aldaar, met verdere aansegginge dat sij daarover apparent een briefije zoude laten schrijven, maar of daar wat van vallen zal, weten wij niet, monsr Caaf is thans nog met zijn Hoogheijt in Conferentie van de middag is de schenckagie onder genoemde monsr Caaf met statie afgehaalt, en met 't lossen van 20: Conon schoten door zijn Hoogheijt aangenaamelijk ontfangen, zijnde het kooijetje met 8: Siamse Hoendertjes mede onder de geschencken na binnen gedragen, het welcke in 't Casteel door den Capitaijn feijth daar van is afgenomen, met dese woorden: dat is mij particulier door zijn Edt belast om aan de Conink te bestellen, gelijk hij 't oock eenigen tijd daarna binnen gebragt en daarover een particuliere Reden met de zulthan gevoert heeft, d'omstandigheden van 't een en ander daar omtrent Refereren wij aan 't Rapport van opgem: Sr Caaf.",MONUMENT|RUIN,Tempel|vervallen,,,
ANN0010,paras_1103.txt,"Ed: dienaengaende met de Schepen toecomen sal, want te gemoet sie, dewijle onse Vlote apparent heel laet in Gambron verschijnen sal, weijnich Coopluijden bij den Bandar resten sullen, ofte door d'Engelsen ende Mooren die opden eersten merct comen, al versadicht ende voor ons weijnich sal te doene sijn, maer ingeval noch eenige Caffilaas (hoe laet d'Engelsen ende de mooren dit Jaer vertrocken sijn, evenwel gelijck wel meer gebeurt) met ijet dienstichs voor Parsia verschijnen mochten, sullen niet nalaten middel hebbende, s.Compe: meesten dienst ende voordeel te betrachten. - Het tarderen ofte t'laet verschijnen der Schepen valt ons int versorgen vanden last voornementlijck int fournieren van penningen seer beswaerlijck, maer t'verlicht ons daer en tegen veel de Vlote dese gepasseerde drije maenden geen provisien ofte vivres, en hebben te versorgen gehadt, want behalven dat het selve boven maten costelijcke soude geweest hebben, soo en wete naeuw waer soo veel mantemientos om gelt becomen hadden, ontrent de 40000 lb broodt ofte beschuijt hebben tegenvoor: dich gereet, ende maecke rekeninge noch ontrent halff soo veel te mogen vaerdich crijgen, voorts partije Terw ende niet meer dan 10 a 12 lasten Rijs, sonder eenige boonen ofte ijet anders bequaem tot potspijse, sal 't al wesen dat de Vlote sullen connen bijsetten, de terruw gelt tegenwoordich 170 mamondi de candi is tegen 850 mamondj t'last, den Rijs door dien niet te coop en is, en heeft geen prijs, maer soude graech 12 a 1400 - mamondi betaelt worden, derhalven aen Sr.",MONUMENT|ARTIFACT,candi|penningen,,,
ANN0011,paras_1459.txt,"Jaars dicterende ten principalen, de gro en wonderlijke veranderingen ao vo leden in dat coningrijk voorgevallen veroorsaackt door de sieckte vande coningh, vermits verscheijde grooten o de croon toelagen, en onder de welck wel 't sterckste eenen moonxi g'adom teerde, soon des conings ijverde, gestijft werdende door den groten minister van staat constantin phaulcan, dogh ra te de eerste seer schielijk en d' ander lange tijt gevangen geseten hebbende aen een rampsaligh eijnde: wanneer de 2 broeders van den coningh elck in't bijsonder de croon pretendeerden maar wierden vercloeckt gevangen genomen, en buijten de stadt livo in een pagode met sandelhoute stokken dootgeslagen; na 't welcke den coningh maar twee dagen leefde, en op den 11e Julij passado in't 55e Jaar sijns onderdoms aan de watersught quam te overlijd na dat hij 'd' siamse rijck hadde geregeelt ruijm een en dertigh Jaren, alsoo plaat makende voor sijn swager en schoon 15e _o 15e do vader pitcatjaij, die sigh op 1 augo daer aanvolgende als coningh had laten croonen, gelijk dat alles circumstanter in ons aancomend brieffn van siam bij een relaas can werden b'ooght. 16e do verschijnt te deser rhede van andragirij de chaloup de leeuw met schrijvens van 't pl hooft Ir Jan heij en den raadt de dato 4e deser continerende ten princi palen een cort verhael op wat prysen de lijwaten waren gestelt en hoedanig vernegotieert wierden wij bequamen nu 409. ¾ l Japans gewight, sijnde 350 an dragirise teijlen gout, ter monture (ne vens 't gene de besettelingen op reecq: was verstreckt, en eenige weijnige beschadigde goederen, mitsgaders vaet wercken) van f 22455. 14. 14. en sagen, op 't spoedigste te gemoet, soda nigh guinees brede, halve br: sm: bastas cannekijns, sucretans rode parcallen rode bethillis gebt: dos salemps gebte en bl: en voorts sodanige goederen als. we haar geliefden te senden, alsoo daar vader van",MONUMENT,pagode,,,
ANN0012,paras_1341.txt,"Persia en zalhet ned: hier vooren inde Zouranse man oocq al gebleken wesen, dat wy voor beyde de dinerctien: aangelegt en over Ceylonsa derbaarts aangesonden hebben de schepen Coeverder en china Jnwelcq laaste voor persia gescheept is. 9055: lb: Netto gewigt gariossel nagelen 25050: lb zuijver gewigt versche rompen 12623: lbr Pataviase poeyerzuijcker, zonder dat ren met conden magtigh werden, want dewijle de oost tegenwoordigh geenpoeyer zuyjcker uijtgeesft zoo moet de Bataviase consumnie uijt eygen gewasch gevonden werden, zynde derhalven vano onvermogen bijdige advertentie naar bengalenig 11300 lb gesorteerde benjuyn Baros voorts weynig medicamenten en provisien tesamen ten bedragen van f 19528:12:14. ene dit is het al geweest wat wij vermogens waren op den provisioneler eysch van hier teconnen versorgen sulx daar 500000: lb peper off van hier off van mallabaar te voldoen, dat hier jn ons vermogen niet was want wy niet meer als 50 pls by de packhuyjsen over hebben voor de consumtie. 850: kisten poegen zuijcker die, als gesecht niet te crygen zijn geweest,; en mipas zoo veel alsmen voor het dagelix gebruijcq van noden heefft. 500: kisten Candi zuijcker 1000: stux Torequinsie pelangs die jonst vandaar gevordert zijn Persia daar aan nogh gebraeg. 5000: lb nagelen om dat uyt onsen voorraat jndere partice den vollen eysch niet is connen ver allen, ten aansien uijt amboina maar 65000 lb: jnplaats vande geconjertureerde 5 â 600 G Eb:a volgens de amboinse adrijsen des verleden jaars dit raysoen waren toegecomen aan nogh 300 lb",MONUMENT,Candi,,,
ANN0013,paras_1068.txt,"Incoop 7 riaelen t: 100 sijne clapmutsen dit Jaer vcocht 3 pag d' corg wel getrocken - - - - - - 3½ rd t 100 sx ¼ ditos - - - - - - - -  —  1¼ fas t corg voor die prijs wel begeert. . . 6½ res t 100. fruijtschalen. . . . 2 pag d' corg wel begeert - . . . 5 en 6 ren t' 100 gedructe copkens. . . . . 3 pag d'corg 2 pagd' corge redel getrocken. . . . . 6½ ren te 100 botterschotels redelijk getrocken. . . . . 1½ ren 1 100 copkens met voetgens. . . 1½ en 2 pag d' cors wel begeert alwaer . 3 ren t' 100. warmoes coppen daer onder enige groone root verlact met opstaen canten als oock een slach ditos wat grooten ende sinder. . 12 fal tot 1 pags. corge 1 aen 1 stuck fijne groote schootels. . 35 a 40 pagd corg 5½ ren de 10 stx ½ ditos. . . . . . . . . . 20 a 24 pad' corg 4 ren de 10 stx 1/3 ditos 15 a 16 pa d' corg 3 ren d' 10 stx ¼ ditos . . . . . . . . 7 a 8 pad' corg pimpelkens niet begeert 1½ een stuck hijne groote cannen holle, hoe grooter effende opstaende van canten ende schoone schilderij hoe beter begeert - - - - - - - . 3: a. 4 pa: t stuck 19 ren t' 100. groote groone schootels. 7: a 8 pa: d' corge . . 6 ren t' 100  ½ groone ditos. . . . . . . 4: a 4½ pad' corg can niet te veel comen. . 17ren t:1000  ¼ ditos ofte schaffbax - - - - 1½: a 2 pa d' cooh 11¼ fas wel getrocken - - . . 3½ en t 100 sausieren - - - - - - - - - - Nota dat alle dese porcel op voors prijs in onsen tijt soo sijn vercocht, doch apperent met de comste vand' enge sen ^ verhoogen sal Loot van 20 tot 24 pag de candi vermilioen 30 page de man — cannen redel. getrocken redel. getrocken wel getrocken redel getrocken een groote quantiteijt",MONUMENT,candi,,,
ANN0014,paras_1067.txt,"Im Candi suijcker ende Corcuma sal mede ordre gegeven worden, als oock op den Sanguij draconi OP het geruchte van Engelandt loopende sal wel gedocht worden, ende sullen de Mollucq, Anboijna, ende banda, van schepen ende andersints oock behoorlijck versorcht houden, Op avontiere off bij geval opt onversients door d'engels oft andre een tocht gedaen wierde.",MONUMENT,Candi,,,
ANN0015,paras_1105.txt,"Goede gelegentheijt wij hebben geduurende onde voyagie geen ofte weynich siecken gehadt, daer toe seer heeft geholpen de verversinghe (die aen) Bancka ende d'eijlanden van Lado hebben genooten inde Vloote sijn geweest omtrent de 8 a 9' dooden, de Jachten altsam en sijn tegenwoordich well versien, ende zullen desen tocht, ende den anderen om de noort well connen wthonden, wt genoomen t Jacht de Salm dat sall dienen wat versien, doch sullent int vaerwater Connen becoomen Dadelijk sijn affgecoomen die geene die naer Jambij gesonden waren, omme de gelegentheijt ende goetvinden vande E Daniel Tresel, op onse - propositie te verneemen, Rapporteeren dat t' Jacht Brouckerhaven met eenige peper aff gedepescheert was ons naer beneden te Comen &n dese goederen ende volck over te comen, ende daer mede naer Battavia te Heeren, den Lieven Godt geve in salvo mogen arriveeren Ende hebben derhalven geresolveert dadelons ancker te Lichten, ende onse voijagie met Godeshulpe aen te vangen, ende onsen wech ende passag te nemen, binnen door de straedte van Sabon ende Cincque pura, nae de eylanden van puloe tijmon en Lasar, om te verneemen ende ons te Informeeren van des vijants Constitutie, ende waer de Armade ende dienvolgende ons naerder te Regulen hem is onthoudende in Ons voorder reffererende aen t Tappat van de Hr. vise Commendeur Lieve douwesen, die hare Ede. naerder sall connen onderrechten, alsoo de voornomde vice Commandeur bij sijne verlossinge persisteeren, soo is achtervolgende hare Ede Commissie Instructie ende missive wederom inder selver plaatse getreden, ende neffens ons geauthoriseert de Balthaser Wijntgiens, den Luven Godtgeve dat alles merch gedien tot voordeel ende proffijt ende e geett succes van onse vopagie De Constitutie ende wesen van 't Comptoir Janvij hebber de heere bij Loff in goeden standt, ende 't volcq In tamelijk dispositie gevonden, hier Lach— voor de Reviere een engelsschip de William genaemt, dat peper Laade een Jacht was Boven, sij meunden in 2 weecken ofte weijnich meer hare ladinge ten deelen oft meest te hebben, vermits twater seer was gewassen, dat wij behoopen de onse oock sall dienen connen, wij hadden — verhoopt, dat wij met wat meerder genegentheijdt gelijck alst well behoorde ter wijle wij op Jambij ofte voorde Reviere sij geweest beiegent ende gerespecteert souden geworden zijn, maer willen sulcx als d'oorsaecke de fortuinae toe schrijven, die ons niet Beters heeft willen verleenen; ende verhoopen hier naer Beeter Jan111",MONUMENT,pura,,,
ANN0016,paras_1229.txt,"8e: Augusti 1659. 214 1/12 lb schilfpatshoorn, alles 't sedert ons aenwesen ingesamelt ende getrocqueert costende gelijck de ingeslotene facture uijt wijst een somme van 28214, 11, Tot besluijt soo blijven h: Edns mede in beleeftheijdt indachticht, dat onder onsen couverte mede gaen een pacquet Castiliaensche brieven geteeckent lra C: ons door den prins Craingh Crongro (om di volgens opschrift haers weghs te laten gaen,) te handt gestelt, gelijck mede hier bij een missive van d'Engelsche vrunden (met de letter B: gemerckt) ten eijnde als boven is g'encloseert Waer mede dan Ede.",INSCRIPTION,opschrift,,,
ANN0017,paras_1239.txt,"casje den schipper ter met opschrift aen d'Ede: hren bewintheb:r/ apart versegelt den schipper behandicht, N:o 9 Copia brieff door d' hr van Goens 9e novembr 1662: uijt Coijlangh nae batavia. — In een langhwerpigh/ Caerte der stadt en revier van Coetchijn afbeeldingh der stadt Coetchijn ao 1660: — hantgestelt get:t No 10: Caerte der landen hier omtrent Coetchijn 11: factura van 't geladene Jn d' maijboom 12: Cognoissement van tselve.",INSCRIPTION,opschrift,,,
ANN0018,paras_1358.txt,"Voorts wert in Raade geopent 't besloten Testament verleden, bij den Eerw: predikant Christoffel Stevense zal:r de dato 7. ' — Novemb. r. 1679. sijnde 't opschrift behoorlijk bevonden, welke - Christoffel stevens gelesen wesende, soo is 't selve voor valide aangesien, en dienvolgende g'approbeert, nogtans met dien verstaende, dat de gelegateerde 200: rx: aan de gereformeerde kerke tot maastrigt beert wert. door d'heeren Weesmeesteren alhier, na usantie, sullen overgemaakt werden; Eijndelijk gesprooken sijnde vande formaliteijt van de Victorie, die tegen toekomende donderdag, na 't eijndigen vande predicatie sal gehouden werden, soo is beslooten dat de publicatie van de Ureede morgen in behoorlijkke forma— sal gepubliceert werden, en voorts ten dage voorn:t— des avonts ontrent vijff uijren al d' clokken sullen beginderdag. — nen te luijden, tot soo lange 't canon gelost, en d' vreugde — vuuren aangesteeken sullen sijn, en sal 't geschut ten- oop lutie &e. van zalr. van Rin",INSCRIPTION,opschrift,,,
ANN0019,paras_1392.txt,"Comt de huijsvrouwe vanden gewesene jnlands schoolm:r bastiaan taijdij jn rade, en versoekt Egtscheijdinge, dat haer toegestaen 5en  zijn nogh wacker doende op macq:, met 'tuijtroeyen der specerijbomen, en komt vandaar weder te rugge de chialoep malacco. . . .  72 6n  de agtergehaelde goederen vanden Jongst gestraften van oubij, werden jnt openbaar door de raad van justitie verkoght - - - - - - . . . . - 8en  de chirloep malacca vertrekt naer macq: om kalcq. - - - - - . - . . . .- . . - .  bekendmakinge vanden thidorees gen:t kedagh, aanden H:r gouvr wegens specerijbomen op motier - - - - - - - - -  - - - - - 9en  de ternataansche groten bekomt een brieff vanden thidoresen koningh -73 . . . .  beveeld den H:r gouv:r hun; deselve te beantwoorden - - - - - - -  - - - - - - - - -  21: stucx nagelbomen omgeveld - - - - - - - - - - - - - -  - - - - - - 10en den gouvr behandicht aanden Rigter der ternatanen, een silver signetringh met 's Comp:s merck daar op gegraveerd - - -  74: . . . . -  den batsiansen afgesant Caitchila verschijnd alhier p:r prauw, aen desselfs versoek - - - - - - - - - - - - - - -  - - - - - . . . . . .  de tweede aancondinge aande pretendenten, vande agtergehaalde 11en de pretendenten van gemelde goederen verschijnen jn raden. . . . . . . . . . . - - - - .  de thidorese gesanten komen weder bijden h:r gouvr. . . . . . . . . . . . 12en  de gemelde gesanten, vertrecken weder te rugge. . . . . . . .  76 . . . . .  92: rxrs en 44: stuijvers over jnkoop van kalck uijt Cassa geteld. . . . . . . . 13en de chialoep Malacca komt van macq: te rugge. . . . . .  77 14n de fluijt soestdijck vertreckt naer jelolo, om kalcq - - - - - . . . - 15en  28: stucx vrugtdragende nagelbomen, op ternaten uijtgeroeijd - - - - - goederen van oubij - - - - - - - - - - - - - - -  75 beckenslagh bekend gemaekt - - - - - - - - - ros  71werd - - - - - - - - - - - - - - - - - - - - - - -  - - - - -",INSCRIPTION,gegraveerd,,,
ANN0020,paras_1068.txt,"Dewelcke den voorn Dierick Leenderts verclaerde te houden aen Runalaha Sabasyn, Stadthouwder van wegen den Coningh van Ternate op Loue, ende Cambella, gelijck het selve soo de Spaensche inscriptie, als de tytels van illustrissimo, ende doorluchtige te kennen geven, ende de voorn Kimalaha ofte om beter te seggen de Conningh van Tarnate noijt de voorighe tytels noch oock eenich recht op de Landen ende Eylanden van Amboyna gehadt heeft, ende d voorn tijtel van Gouverneur over w Eylanden in niemandt anders, als die gene die van wegen de hooge Mog: Heeren Staten & aldaer gecommandeert hebben, es bekent geweest.) Soo est dat de Heer Generael, ende de presente Raeden overwoogen hebbende de consequentien die hier uijt souden mogen ontstaen, als off met de selffde tytels de voorn kimalaha uijten naeme van Coningh van Ternate eenige Anctoriteyt, ende preminentie geredeert, en geemologeert mochte wesen dewelcke door de Ternatieren, ende andere Mooren net als al to veel van haer selven wert gearrogeert , Waeruijt oock de voorn naem sullen commen te besluijten, hoe cleene wetenschap haere hoge Mogentheden, mitsgaders syne princelycke Exce. van haer eygen saecken alhier zyn hebbende, Oemme dese, ende andere redenen meer goetgevonden hebben, de voorverhaelde twee missiven op te houden, ende de heeren Mrs aviseren datse haere mo gentheden en zijne princelycke Excie. van haere macht, Authoriteijt en recht over dese Exlanden beter willen informeren.",INSCRIPTION,inscriptie,,,
ANN0021,paras_1381.txt,"Pr augo ontffn Geene te contenteeren en genoegen te geven, die hier willen comen, om hem te dienen en tot verseeckeringh van dit soo heeft zyn zegel in — dese jegenwoordichen (brieff gestelt) gelyck hij Inde eerste gedaan heeft, en van vat natie een soldaat oock zij, hij sal wellecom wesen het opschrift hielt aen eenen nicola hacar op de Boom bescheijden Het derde luijt als volgt. uijt Turtiassa L: S. als vooren— Wessrs d' Eerste die desen brieff zal lesen sal daar uijt Leeren, dat de gouverneurs van Curtiassa staan tegaan met 10000. man zoo maccassaren, bailiers, als Javaanen de gene, die zich hier willen— vervoegen bi den coninck, zullen goet quartier hebben maar degene, die in dienst vande hollaeders— zullen blijven, zullen geen quartier hebben — het opschrift hield aan eenen Alardt tot bantam Inde Nederlantse tale Den seer vrindelycke groetenisse zy gesz aanden heelen Treijn van bantam, vande oostjndische compe alle de geene die genegen zijn om overtecoomen die komt maar vry aen, want hy sall vrindelycke vellekom geketen worden, want het is hierwel te wesen, en daar wort ons hier geen Leet gedaan, en EEen en drincken genoegh, en je hoeft niet bangk te wesen als datje hoeft te comen, vorders en weet ick niet te schryven, als ick wensch vl altesamen hondert goede nackt Onderstont 31 Julij hier gearriveert. saturdagh",INSCRIPTION,opschrift,,,
ANN0022,paras_1198.txt,"bn 2 170 mondelinge te confereren, brengende met u herwaerts aen alle sodane personen, als vermeijnt, dat ons jnde zaken, der Jhamauwesz, mitsgaders in dat van Radja Touaha noch eenige naerder bericht souden doen mogen, maer, aen ul vertreck, eenigh het minste verles sijnde gelegen, sult daer te blijven hebben, ende ons die gene, wie daer noch uijtvinden mooght, neffens ul aple advijses laten toecomen wanneer ul ons schrijft, als wij hier aen het Casteel sijn, ofte dat verneemt d' Here Gouvernr elders bij ons is, soo subt, onvermindert d'ordre die wij ul voor desen thebben gegeven, &ne door desen noch confirmeren, d' opschriften van ul brieven beijde aen ons ende d' Heere Gouvernr consigneren, den oock ul schrijven, daer naer dirigeren, — alsoo zijn gedachte EE die dere buyten twijffel toecomt ende wij hem dan oock het minste hoijs niet in vercorten — willen, ofte gedogen, door een ander gedaen te werden; Bij ons hier nu onder verscheijde andere zaken den dienst van Generale Compe aengaende, oock specialj gelet sijnde, opde veelheijt der officeeren, waer mede de Comp hier rechtevoort in verscheijde qualiteijten is versien tot haren dienst wel nodie onder anderen oock ver van Capn luijtent can gefolereert wer laeten voorstaen redelijcke Here die al vrij hoger comen te loven dan als gemeijnt wert, detul qualiteijt tgeodegtl. soo hebben dan Begr ontans quartieren vanden",INSCRIPTION,opschriften,,,
ANN0023,paras_1453.txt,"Van toncquin den 18' Januarij 1689. — generael den conincq in 't aanstaande met eenige barnsteen geliefde te versien, omtrent hoog gedagte sijn Edlet te versoecken, datse jmmers hoog root en kelder van coleur mogt zijn, want den coning— zeijden zij schrijvers, sigh met een weinighe— dat goet is, ende vereijste coleur, heeft vrij meer gecontenteert zal houden, als met een — groote quantiteijt waar onder eenige miterdeuse stucken mogte sijn, In eenigh gevogelte van Loeris en kakatoes zoude zijn majesteijt mede wel genegentheijt hebbe maar hadt sulx niet hart aengebonden te recommanderen. — Doe nu op den 20. e der afgeweecke maant aen't gouvernement Hier quam en mijn aescheijt vanden — Gouverneur aldaar gingh nemen, wiert van dien heer jnder minne met spijs en dranck op die lants wijse getracteert, Edogh na dat 'er eenige discoersen van geen belangh ominden desen aan te halen waren gepasseert, versogt zijn E. instantelijk off wij met onseparesse tot batavia uijt zijnen naem aenden Edelen heer Gouverneur generael en de Edele heeren Raden van jndia wilde versoecken dat in toecomende met twee merrij voolens moght werde versien, dogh vande grootste caste om deselvige te laten voort telen, aengesien de engelse zijn E. ao 1681. een groote hengst van bantam hebbe gebragt, die ons nog vertoonde, onder belofte 't costende daar voor gaarn te willen betalen, en dewijl dien heer d' E:comp:e zeer genoegen is, en omtrent den coning veel vermagh heb niet derven nalaten dit zijn versoeck uw Hoogh Edelhedens te communiceren, oock stelde zijn E. mij ter handt een packie en een Doosje omvolgens de opschriften aen twee Chineese— nagkodessen",INSCRIPTION,opschriften,,,
ANN0024,paras_1403.txt,"Van Sumatras Wt Cust den 1e aug: 1684: benevens de afschriften der brieven van Cabo de boa Esperance, Coetchin ende gale aan ons gesz: mitsgaders een pacquet aan haar hoog Ede houdende, Jtem 3. dos met arabise opschriften, ende verders zoodanige papieren meer, als 't gem: appart Register zal vertoonen, aan welck een: en: ander ons dan verder gedragen, zijnde dit waarlijck een alte kostelijck ende te lastig varen ende handelen voor d' E: Comp:, ende 't mijnwerck van tot sleger slegter verwagtinge, ende gevolgelijck niet alleen geen meer slaven behoudende, maar oock Reets veel meer hebbende, als benodigt zijn, te wenschen zijnde dat op't Rapport van wijlen Den heer berghopman benjamin Olitsz: de dispositie en Resolutie der heeren Majores, ende u Edle hoog agtb: ordre aan ons al ware gevolgt, om ons in dit bekommerlijck werck nader na te mogen reguleren, ende den dienst der E: Comp:e met geruster herten te Connen ende te durven bevorderen, ende bevoordeelingen. zijnde tot gale den opperstuurman willem vermeij tot prov: schipper op approbatie van haar hoog Eden gestelt, ende die wij oock voor een nugter ende bequaam man houden, maar verklaart hij van den gehouden slaven handel van den schipper en Commijs niets te weten, nog daarvan de minste kennisse niet te hebben, nog door hun aan hem gedaan te zijn, ende is den boeckhouder tot Coetchin op 't schip gestelt, hier sieck aangekomen, ende weijnig dagen daaraan, als mede den opperstuurman, tot gale daarop gestelt, overleden, werdende. de loopende scheeps boecken gehouden bij den ondercoopman Constantin butter, ende houden de geslotene dos al van Coetchin na batavia zijn versonden; gaande den Madagascarsen slaaf genaamt Ijsack, ende voor tolck van de Caap mede gegeven, nu met dese hoecker over, maar deselve heeft volgens verklaring van den schipper Abraham Malot niet Connen Jnnemen d' 12. hal: leg: met aloua. door do overleden vrunden van hooger geeft aan 't Eijlandt Jucatori voor d E: Comp:e tot een quantiteijt van 6125: lb: ingekogt, ende hebben wij 't meer gemelte Jagt hier aangehouden, om zoodanige",INSCRIPTION,opschriften,,,
ANN0025,paras_1440.txt,"Van Siam onder dato primo November 1687. haare ontwijffelbaare plightplegingen hebben g'domitteert mitsgaders volgens de voorgemelte E: compe ordre (:als off het eerste geen magh genoegh had overd' onderdanen — sigh aan boort te begeven vande fregatte Curtanna capn anto weltden, commandr hebbende — sijne majesteijts commissie, ende den selven capn antho Weltden, jn alles de behulpsame hand te bieden, ende te adsisteeren, om satisfactie te mogen bekomen, vanden koning van Siam, voorgeledene affrenten, schaden, ende verliesen, ter oorsaake van sijnen Eersten minister van staat, volgens eene Commissie, geadresseert aanden selven Capn— weltder, van sijne majesteijt van Engelant dewelcke hem gebiedt, de ordres te volgen, die — hen door ons sullen werden gegeven, van waar het vorders komt tot een protest, tegens de gene— die sig daer tegens opposeeren, ende waar uijt de — werelt magt oordeelen, wegens de jntentien— der E. compe en haare Dienaaren, het tweede en derde papier 't zaamen gevoegt, haer opschrift was alduus,  Eijschen ofte pretentien tegens den — koning van Siam, mitsgaders declaratie van repusaille hoewel den voorn: gouvernr den oorlogh allang te vooren gedeclareert had, (als blijckt bij haaren brieff aanden Francen Directeur tot puddicherrij — en hoe gantsch ongerymt haare pretentien (inde voorgemelte papieren tot mergen overgelevert zijn — (bestaande onder voorgevinge van geledene affronten, schaden, ende verliesen) behoeft geen andere verklaringe als den Gouverneur en Raadt vant fort st Glorge selve doen, van eene van sijne — maijesteijts ministers, in eene missive gedateert den 4' Junij 1686. , dewelke handelt van 't verplaatsen van hare Logie, segt dat gene twelcq sij tegenwoordig soo qualijck van sijne Exellentie opnemen is 't naar huijssenden van Aubonij den jnterlooper vol geladen, ofte ten minsten van hem sulcx —",INSCRIPTION,opschrift,,,
ANN0026,paras_1380.txt,"uijt 't veltleger onder d' Capn Hartsincg ond dt 21 april 1682 ontfangen tot batavia den 26 april 1682 Pr. den lantmeeter cornelis doornick des namiddagh — voorn: plaats niet winnen alsmen maar aende — oversyde ons voeten vast setten, soo ben wij dan dickter bij derhandt, dese reden heb Ick ontrent ons velt overten 2 a 3 maalen voorgedragen maar — zijn E. heeft daar van stil geswegen daarom — keere Ick mits desen seer Ootmoedelick u Ede— waarts, dese mijne geringen sentiment voor te dragen, met Reverentlijck versoeck, soo u E. — Edle Ho: a: eenigsints dit goetvinden mijne dienst Reverentlyck presenteert om vooruyt te mogen vaaren, als maar mij met vaartuijgen mack versien worden daar bij eenige nederlanders tot mijn versterckingh, dan Hoope Jck met godes zegeningen revengie te haalen over mijn geleden schaaden voor al om mijn schanden te bedecken, Eyndelyck soo bidde Ick wanneer dits omtrent u Ed:e H: a: niet connen goetvinden dat dan mijne Persoon — goetjongstiglyck gelieven te pardonneeren Einde Onderstont den 21 april ao 1682. is desen brieff geschreven was geteekent dain mattara — Lagerstont desen mijn schryven bij aldien— aengenaem off niet jck reverentlijk my in't geheel in u Eds goede discretie opschrift stont desen brieff van dan matara aen den Gouvernr Generael Pr sergiant panjang Batavia aen d' Edle Hr.",INSCRIPTION,opschrift,,,
ANN0027,paras_1343.txt,"aerd bodem. geheele werelt, dien welcken seer vernoegt was daer uijt te verstaen, dat de officieren in 't Casteel Colombo (:onder sijn opsicht staende :) bij goetleven, en gesontht waeren, en oock den hver gouverneur, voor wien de geschencken, en Eerteeckenen vervaerdicht sijn, om met eeniche hoofden die vaerdich staen, en afscheijt bekomen hebben, om tegensondach den 11e deser maene (:sijnde den 21en maij:) een dach a 2: onbegreepen, af te gaen, en aldaer over te geven, om 'tselve geschiet sijnde, in't retourneeren de presenten en geschencken die op sitavaecke sijn, van daer hier te brengen, de reedenen waeromme tot noch daermede getardeert zijns, om dat sijn maij:t te geljk wilde Expedieeren, en met genoegen afsenden, de persoonen, die met de brieven, geschencken, en om andere diensten hiergecomen sijn, en oock met eenende blancken, die rocken, en broecken dragen, op arandore gevangen, en hier noch sijn, die met de gem: hoofden sullen werden afgesonden, van welcken dach harer vertreck, en— wanneer aldaer aen te komen, staen, wij uE: nader advijs sullen geven, desen woensdach sijnde den 8e deser mine wissachmaha (:sijnde 18e maij:) sijn deese twee maijoraels, en andere die van daer herwaerts— gesonden sijn, voor sijn maijt geparresst wanneer wij dit bevel van sijn maijt met eerbiedigheijt op onse hoofden hebben ontfangen, om dese maijoraels met dit teecken aftesenden (:onderstont:) de grooten, vanthof, die de minste onderdan en sijn vande dispence van godt onsen heere die afkomstich is van de sonne. — het binnenste opschrift der ola was— Aen den officier die komt, en in Zituvaecke is met de presenten en geschencken voor godt onsen heere die een heere is van den geheelen het buijten opschrift op een apart ooltjeen was. — Aenden Capn , en hooft op Sitavaecke. — het zegel waermede dese ola was toegemaeckt was",INSCRIPTION,opschrift,,,
ANN0028,paras_1230.txt,"verset geweest gelyck de acte aen syn E: gepasseert myn Insiehten connen getuijgen, dewelcke soo u Ed: die gelieven te doen resumeren, sodanigh ende niet onfatsoenelick sullen vinden, my hebbende laten voorstaen dat een goet soldaeten Capitael hooft officier, in sulcken geval buyten verbant dienende, wel wat monht werden geanineert ende de verbeteringe die hy 16 maenden te voren van uEd ontfangen hadde, al verdient was. de acte aenden Coopman ooms verleent is op sin Iteratif versoeck geschiet, hebbende (als sijn brieven van Tutucoryn getuygen) my sonder ophouden, mits vyff Jaren nae syn tyts expiratie, om syn verlossingh na batavia aengehouden, al ten tyde dat ick noch op Jaffenapatam was, ene also ick niemand had hem te vervangen, hebbe hem aldus (als men seyt, een appel om mede te spelen gegeven, hem in d'opschriften van myn brieven tsitulerende oppercoopman, om waer van nu een acte te hebben, hy my op syn versoeck niet ongequelt liet, des hem op uEd: approbatie een verleent hebbe, sonder eenige verhogingh, en dienvolgens buyten eenige schade van d' E: compe d'ondercoopman valckenburch heeft noyt acte van my gehadt, maer is ten dienste vande E: Compe en noch naermaels verstaen, hem niet minder dan syn anticesseur te intituleren, om't aensien onder de parruas niet te verminderen, die haer daer aen lichtel. vergapen, voerende de naem van Capitein, ende waerom mits desen versoecke, dat het uEd: goede gelieven mocht zyn, hem onder dien tytul niet alleen te continueren, maer de gagie die daertoe staet te vergunnen, hebbende geen mindergaven, en meer trouwe aend' E: Compe bewesen, dan Jacob van Ree zynde met denselven gelyck voor ondercoopman in nieu verbant getreden, van vyf Jaren, ene heeft valckenburch",INSCRIPTION,opschriften,,,
ANN0029,paras_1348.txt,"Chaijlen 14½ maes gesmolten gout van 108 Condrijn ijder toetsende 22 Caraet waer onder alleen 10251514 mt van plo chinco en tesamen in een met rottang omwonden wel versegelt kisje gemt E met het opschrift vande qualiteijt, besloten. 881. bhaeren netto peper met 2½ lb op ijder weegsel boven d' balance uijtslag, waer onder 660 1/8 lb brutto, sonder eenigen uijtslag in 13 stx: met's Comp:s chiap verzegelde stro sacken om Costij nagewogen te werden 16900. lb. tweederleijsoort benzuijt in 63 kisten met damak van baros becomen 164. lb Camphur Cooop, priaman als hier genegotieert, 30. kannen Camphur olij, in een kelder van baros als boven gesonden: — 40. halve aemen klappus olij in 20 heele, tesamen ter — monture van f10106082 benevens dan nog 3 snaphaenen, en eenige onbequaeme bassen, kamers, vierkantse schoppen, nagt glasen, anckertjens, dregen, etc:a gelijck sulx de factuura en Cognoissement uw wel Ed: g'a: naeckter sullen connen verthoonen, en waer voor — gedienstelijk versoecken dat dese Commanderije inde generaele hooft Comptoirs boecken mag gecrediteert insgelijcx hier in tegendeel oock sal gedaen werden, en nogh wenschen daer nevens oock met  sommige gereetschappen dreggen etca voor onse arbeijders en Chialoupen boven tgeene reets becomen hebben, volgens 't memorie eijschjen no 26 te mogen erlangen. nog hebben wij op haer versoecken, door tijts Expiratie sieckte, als ander insigten, verlost d' onderstaende pr sonen",INSCRIPTION,opschrift,,,
ANN0030,paras_1389.txt,"Van Carwangh onder dato 16 Mai 1683. tot onse proviande als vE: bij een apart memoritje heeft gespecificeert, sijnde de Europianen alle— fris en gesont hier verscheenen, en wacker volck daer vE. bij betoont heeft een man te sijn die weet en verstaat hoe nootsaackelijck en ten alderhoogsten nodigh men in alsulcke gelegentheden als wij sijn kloeck en volck dat wel ter been, slucx en gesont is van noden is, Jmmers sy steeken al vry ver uyt- boven het getal van veertien die wij van batavia onder een Europiaens sergiant, onvoorsien van steenen met bandeliers van ses en acht maten geen alte ficx geweer, kreuxel manck, en onvoorsien van kleedije nu switelingh gecregen hebben, — Ja waar mede wij verclaaren niets te sullen connen uytreckten, ende syn op 2 a 3. na sieck sin van twelcke ons een sergiant bericht den vendrick jnt fort Harman strangh enelick d'oorsaack te sijn die soodanick volck, schoon 't hem vand' Heer Holsteyn anders was belast heeft gecommandt onder tseggen, 'tsal maar een toghje van twee dagen wesen, zij luij hebt Jnt minste niet mede te nemen als u zeedick Liff, het is maar om een brieff te bestellen, en al wat dat volck nogh hebben gemarchieert wil jck in twee dagen aennemen te gaen, sonder dat die— onnosele luytjens is geseght waer nae toe sy haer Cours mosten setten, anders als volgens 't opschrift vande brieff nade boven landen van cravan, off haer yets op de reyse tot mondt cost is mede gegeven, waar uijt VE. ligtelijck sult konnen dencken, wat een volck dat dit geweest is, waarlick sulcke officiers behooren daerjnne meerder Ijver te toonen, en haar concientie — wat beeter te gebruijcken, maer si dencken alse maar wegh sijn en vande handt, dan is 't genoegh—",INSCRIPTION,opschrift,,,
ANN0031,paras_1139.txt,"gemoeten ons een bode uijt 't hoff, expres van barckelangh wegen den Coninc gezonden, cundichden: dat de matematicue inde hemel teeckenen gezien, hadden, opheden geen goeden dach is om zoo waerdigen missive op te brengen, derhalven tot morgen zouden vertoeven, op deze ordre voeren eenige Mandorijns neffens ons na huurie huijzen, en d'ander mosten tot bewaringe, der princelijk missive aen zeecker Tempel (daer de praeu die den brief in hadde aenleijde) vertoeven, int opcomen hadden d'onze inde logie de 20 metale stucken ider drie mael gelost, de soldaten hadden oock eenige kergies met hunne musquetten met den adij 5en do tegens den middaeh zijn wij met ons gevolch gevaren aenden Tempel daer den princelucken brief den verleden nacht aengelegen heeft, vonden alle d'officieren me't hunne praeuwen die op gieteren de missive geaccompaigneert hebben oock daer, en voeren in statige ordre met 26 praeuwen achter den ander na 't paleur des Conincx, int opvaren dedende soldaten verscheyden Chergies met musquetten, uijt de logie wiert doorgaens met 't metaele canon geschoten, aen 't paleijs gecomen zijnde, wiert den brief zeer eerbiedich uijt de Coninclijcke staet praeu aen lant gebracht, in goude Coppen drie hooch van een aenzienl persoon op zijn schouder gedragen, op 't buijten hoff en voor de poorten des hoff stonden groote menichte gewapende siamse soldaten, oock veele speelluijden met schuijftrompetten, baruijnen, Cromhoorne pijpen en bommen, die den princelijcken brief binnen 't paleujr geleijden, wij volchden gezamentlij in ordre, te weten, achter de missive vier trompetters, gestadich blazende, daeraenvolchden zeven soldaten, alle uijt eenderhant int root perpetuaen gecleet, daer na vier assistenten en vier Nederlantsche kinders, daerop volchden wij, voorts sr van erumensr Moerduck, daer aen in ordre de Coopluijden en assistenten van't Compte en schepen, alle ruckel gecleet, ene geleijden alzoo zeer statich den brief tot int paleijs, aende baleije daer den zelven getranslateert zoude werden, veele groote heeren waren door den Coninck gezonden, om den brieff harer presentie te translateren, jder hadde goet genoegen inden teneur; terwijle met 't overreten bezich waren, heeft den Coninck drie distinte reijzen, een oprage zonden, die de secretarissen aenzeyde: dat hun met 't overzetten spoeden zouden, want dat de Maijt groote begeerte hadde te weten, wat wegen den Coninck in hollant geschreven wert, 't Translaet wiert datelijck (na d' overrettinge, voor den Conincq gebracht, de Maijt hadde zoo grooten behagen inden teneur des briefs, als noch ooijt gehadt heeft, in een der missiven die uijt Nederlant gecomen zijn, den gouden brief wiert in een Coninclijck cabinet gebracht, aldaer gestelt neffens de goude  beelden der vorige siamse Coninghen ende brieven die vande Coningen uijt China successive in dit rujck gecomen zijn, 't verhaelde beschickt zijnde, naemen affscheijt vande gecommitteerden des Conincx, en keerden met ouren sleep na de logie. adu6ern do zijn de brieven van d' Ede Hr gouvr generael aenden Coninck ende barckel na dezes lants couetumen en gewoone statie uijt de logie gehaelt, en op barckelk baleije gedracht, wij volchden met ouzengantschen en g Noebel tot pen ender grooten huijsx brief: den war den mer andesch neert. euwen enom20 roe enau int op Missive, aren. brief, erenm chten srum ,dat den Compe. man omme ander tolcken our ervoegen hoffte langh rs m praeuw eschepen euwen alzoo dt, de it vornor nederde stadt en ovr sleep in gedaen./ Octob. 1641",MONUMENT|ARTIFACT,Tempel|beelden,,,
ANN0032,paras_1055.txt,"Angaende de lape dragam beyvl hierneffens ontrent 14 pack van dijtos sendende de caijn goulong soo van hier als van paliacale ontrent 100 pack ken alles blijckende dese neffens gaende factuere, verhoopen die van paliacate in alles egnael het monster sullen bevonden werden, die van alhier niet ten vollen naer ons begeeren vercregen, een deels van wegen de verwe, als, boorden die naer luijt het monster wit ende alhier weerschijn gemaeckt sijn, voorder omme mij over d'inperfectie der selve te diffendeeren, sal vl met conte regulen den handel alhier verclaren — Alsoo alhier sonder toelatinge vande Gouerneurs niet: connen handelen over mits het beletsel silueden ons daer inne ponnen doen, soo ist nochtans dat wijlie den dese 2 verleden Jaersn insiende de sware uitstaende schulden soo ten tijden van Sledswijck Isaackxz gemaeckt ende uijt het selve gesprooten met de governeurs van beidel plaetse soo weijnich als mogelijck te weten ijeder 2500 pageden met dijtos ge contracteert het resterende door E pieter Isaackxsz alhier in muscipatan van andre cooplieden die overmits de vreese vanden gouerneur t' selue bij nacht in huijs brachten) gehandelt de betalinge vant voors contracht daer aen fael geent ontrent 600 pagoden, niet tegenstaende door dito Isaackxsz het meeste voor dijto leveringe ontfangen minder alst monster prtorsse omme geen uijt staende schulden te maecken aengenomen is, van welcke bovenverhaelde 600 pagodies ick besorge doort affsetten vanden gouerneur van sijn gouerne weijnich ofte ges betalinge sal geschieden, sijnde niet alleenlijck vande voornoemde pen ningen gefrusteert, dan alle de cooplieden soo heeft connen verstaen met ons alhier sonder sijn consent handelden op extreme boete gestelt als affgenomen daer bijt ul cont presumeeren het perijckel soo alhier int contracteeren met dijto bestaet, als mede den treck soo de cooplieden hebben om met ons te handelen, als soo gedwongen werden het sij br tijde ofte ontijde bijt ons huijs te bliven derhalven Dijuersche persoonen voor dese niet ons gehandelt, van haer goederen berooft varmt als vluchtich geworden sijn, wat belangt de page van de gouerneurs leueren ons dickmaels soo inde berue onbequaemheijt der doecken als andersins tgene halff gelt werdich wijlieden sulckx niet ontfangende sijn naert vertreck onsser scheepen doort veranderen van haer gouerne van ons resterende penningen be roost, derhalven p forsse doecken als ons voorcomen hebben moeten ontfangen hebben haer voorde patcherij goulong 1¼ pagode op leveringe gedaen, daer van sijlieden de woeners 12 ofte 14 fanam bethaelen, niet in gelt maer verwe ende andersins die sijluijden haer ten diersten aenreeckenen de wevers niet naer behooren bethaelt pagen haer daer naer aude doecken, welcke schude ende intrest daer door comende de compe. in haer goederen moet boeten, int maecken der selve hebben gee moijte noch Costen gespaert omme haer in alles soo inde boorden passementen als goeds verwe te onderrichten, hoe wel door de voornoemde quade betalinge, weijnich proteijt gedaen, alsoo dat wij in sulckx daechlijck te sien geen weijnich virdruct hebben ende niet tegenstaende in petapolij hen groote quantateijt onbequame doecken over mits de vrees van quade betalinge vvanden gouerneur aengenomen, blijfft, ons nochtans ontrent 120 pagode schuldich, daer van ouermits van sijn gouernegestelt niet van sullen becomen, daer uijt vl genochsaem sult connen ver staen in wat manieaen den handel alhier tot noch toe geschiet, geeft mij",MONUMENT|ARTIFACT,pagode|penningen,,,
ANN0033,paras_1125.txt,"Augusti: 1637 wilden doen marcheeren, op dat hy die gestaedich onder syn ogh bespecule A ren mochte, wy antwoorden op alles vrundelyck, waer met gesaementlyck opstonden, ene trocken comforme sin Edte wille tot voor den Rappatat, int in gaen den Tempels, greep Berckelangh mij by derhant ende belaste dat al ons gevolgh met binnen comen soude, ende derbyle syn Eds doende was met 't asseren der Gooden, wiert ons Insgelycx Raadje Ebehem ene Sediamet een bequame rustplaets gegeuen den Rappatat is den schoonsten, ende vermaersten Tempel int gants Coninckryck, den thoorn des Tempels is int Jaer 1632: omtrent augusto, sonder datter wint, donder, Blixem ofte eenich ouweder aenden hemel was, van selfs plotselyck te neder gevallen, 'twelc voor een miraculeus teecken gehouden wiert, doch te Bramenes ende waerseggers hebben noijt uijtlegginge vant miraeckel willen doen, t' sedert is den geseijden 'thoorn door 't aendriuen des Conincie, weder op geboudt ende ao. 1633: by nae volmaeckt, opde hoochtte van 200: voet synde is ge gantsche stellinge (die van bamboesen constich gevlochten, ende waerlyck sterck was) mmmer soo wonderlyck te neder geslagen, als s jaers te vooren den thoorn, echter is werck hervadt seer constich volmaeckt, den gantschen thoorn van bouen tot beneeden met loot becleedt, ende vergult, in deesen thoorn staen veel goude ende siluere beelden, ende naer ons bericht is, syn onder den selven soo veel schatten begraven ( bestaende in gemaeckt ende clompen gout, gemunt silver, Item costelycke gesteenten ende ander Juweelen, dat al waert 't gantsche ConincRyck van Siam # verwoest souden die basteeren, om 't selve weder in staedt te stellen, den tempel is constich en curieus gemaeckt, maer om alle perticuliereteyten te verhaelen soude een aparte beschryvinge noodich syn, den ommeganck is verciert niet meer als 8a: soo copere als steene beelden, eenige synde van extraordinarie groote, ende de minste van ontrent 3: weten hoogh, alle van d'onbeweeghlycke heofden tot d'onroerlycke voeten",MONUMENT|GRAVE|ARTIFACT,Tempel|begraven|schatten|beelden,,,
ANN0034,paras_1236.txt,"zullen niet verder als tot Janu 1662 met de rysstrecken eyschen 800. lasten rijs, de penningen vanden de naeste schepen volgen, bedragende de Comptanten 81205. 15 es. eysch van houtwercken tot reparatie van de gebouwen. — Item een fluyt met last poorten om hout van Ceram te halem maer op ½ lb daegs en comp. s dienaren en lyffeygenen op 30. lb smaents getaxeert, met verder dan tot Januarij 1662. sal strecken connen, jnvoegen de zagou, dewelcke onderwylen van de borgeren gehaelt en vremdelingen aengebracht wert, tot steusel dienen moet, also de gemene man, en voor al deslaven, die dagelycx arbeijden, hun met soo geringe quantiteyt niet behoorlyk versaden connen, wes demoedighlyk versoecken u Ed. dese aensienelyke provintie, om in geen grooter noot te vervallen, per den eersten met bestante quantiteyt, namentlijck 800. lasten van die granen gelieve te provideren. — De penningen van d' E. h. r gouv. r en directeur Abraham weyns zal.r. naergelatene en verkochte meubelen, als uytstaende schulden, zyn tot boedel van den gouv. r heden (vermits onvermogentheyt der Jngeletenen niet ingecomen, en weyns zullen eerst met sien wij daer toe in corten noch weynigh apparentie, also de gemeente door de schrale gewalsen, en 't verlies harer slaven geheel verarmt, en geldeloos gevonden werden sulcx wij genootsaekt zyn daermede sachjens te handelen, want zoo daer mede forcelyk naer behoren wierde geprocedeert, souden vele tot haer verderf gedrongen werden, hunne goederen ett te vercopen, jngevolge de Erfgenamen om de luijties niet te ruyneren, (hoewel het ons van herten leet zy, eenigen tyt tot 't naeste gewas incomt dienen te patientieren, wes halven de Comptanten (die maer in't geheel 8120 3/60 rx. bereyken, als den staet des boedels uytwyst) eerst met de naeste schepen staen te volgen, wy sullen egene debvoiren sparen, dat de penningen met alle yver gint, en de wees besorgers omp. r wissel over te maken tot bewaringe toegebracht werden. de bouvalligheden en d' vereyste hoognodige reparatie van s' comp. s sterckten, logien en packhuysen, alomme en hier ten casteele des coopmans woninge, de redout op belgica, de Cap, solder en pakhuys van de conthoirse logie, 't geheele regiement van s Coopmans huijs en kerck op poulo an, mitsgaders ourien, wayer etc: is inde laetste missive p. r sluys 16. maij passato naer batavia aen u Ed. afgevaerdight, naecktelyk ontledight, waeromme indesen ook van vorder verhael desisteren, gedienstelyk versoeckende, u Ed. met den naesten een scheeps-ladinge durable gesorteerde houtwercken en wat meer tot nootsakelyke herbouwingh derselver, nevens s' heeren tempel op Neira, van noodenzy, gelieve herwaerts te schicken, op dat delang vervallene, en dagelycx dreygende neer stortende gebouwen, eenmael mogen gerepareert en versien werden.",MONUMENT|RUIN|ARTIFACT,tempel|vervallen|penningen,,,
ANN0035,paras_9626B.txt,"vanden behoorlijken alloij en stand. penning, sonder eenige verdere exten mij eenlijk gedragen, aanden inhoude van mijne nedrige brieven deswegen successive naar Batavia aan haar Ho: Edelhns gerigt, dan dewijl ik tot nader verstand dienstig heb geoordeelt, U Edle gestr: daar omtrent eenige meerdere Elucidatie te geven zoo zegge in Eerbied dat de 80000: pagode inden Jare 1702: geslagen alle in den behoorlijken allos zijn vermindert geworden, gelijk bij preuve ten mijnen huijse genomen ten overstaan van den Essaijeur van Gelder en den boekhouder Lambert Nieuwenhuijsen is ondervonden namentlijk: dat Ider van voorsz: pagoden 28: mostert zaden off 114. greijn minder in goud als de oude palliacatse dos heeft ingehouden insgelijks heeft, men mede met de massa der fanums omgesprongen dog door 't volk vanden landheer daar omtrent",MONUMENT|ARTIFACT,pagode|penning,,,
ANN0036,paras_1122.txt,"October passato, daervan copie hierneven gaet, aen welckers Inhoude ons gedragen, omme rediten t'excuseren, te meer daer weijnigh bij g'Innoveert wert, als dat Barent pessart voor Reecke. vande deense Pagoden in diamanten Compe. inde mijne 8000: pagoden in diamanten heeft besteet, wel dier, soo geseyjt wort, ende dat een steen wegende een — ende een halve pagode soude gecocht hebben voor 1400:— pagoden, daer noijt meer als 700: pagoden voor geboden, ende verscheijde mael in goa, als golcanda ter vente gepresent. rt is, wat hier van sij, connen niet wel raden, wij oordeelen pessaert soo slecht niet is, ende als voor desen geseijt, denckt het ons vreempt, de deenen diamanten becomen, inde Mijne reijsen, ende men ons aenschrijft gen diamanten te crijghen sijn, wij sullen daer naerder reden van voorderen, Soo - wert oock geadviseert, dat geseijde deenen geresolveert waren partije Nagelen tot 6½ pagoden de 24:' lb. aff te staen, dat schaers 24½ stv t'pondt is, ende in Maccassar. coopen die voor contant 180: realen de 540: lb. , die hun — met de laccagie ten minsten op 18: stuijvers t' S. comen te staen, sijnde daerenboven met groote somma van penningen tot een excessiven Intrest belast, sulcx dat wij niet connen bevroeden bij wat middelen dese luijden — bestaen, Ten ware d'onse van derselver gelegentheijt niet grondich g'Informeert, ende verseeckert sijn, dat den tijt wel ontdecken sal/. 'Engels Jacht comt vande Cust Choromandel recht door Zee, heeft onderwegen geen plaets aengedaen, echter is ruijm seven weecken opden wech geweest, voor dat tot Bantam aenlanghde, hebben niet connen vernemen dat ijet wes. ver",MONUMENT|ARTIFACT,pagode|penningen,,,
ANN0037,paras_1133.txt,"Maccasser ende Banthum Jongst becomen 60 Candi sandel hout Partije diamanten ende Paerlen, tot de waerde van ontrent d'5060 pagooden, alle van outs beneffens noch Eenige weijnige goederen van Cleene Inportantie De stucken niet langer (te meer hem 't verwachte ontseth uijt dene marcken Comt te dificieeren) bij ee anderen zullen connen houden Hun s:t Jacob is 18 september. passto sonder Iets Ingenomen t hebben naer banthum, de Coursour ende loubij Corts daer aen met halve 640 packen. tobacq (waer onder 613 dos op vracht) met partije suijcker naer Niepelij genavigeert met voornemen de selve suijcker met geleijde Courcour van daer adroicture naer Hersia te versenden, Want grootelijk beducht sijn Indien van hier d' Equipagie onderstonden door hun crediteuren, (die nu geheel buijten Gelooff sijn) verhindert, ende alles tot meerder verseeckeringh. aengehouden souden werden, wat nu voorts op seen ende t ander. staet te volgen, daer van sal den tijt de seeckerste leer Meester zijn eegen e Cocq van: weduwe van Caesenbroodt. met voornoemd pessaerts huijsvrouwe Herwaerts gecomen, hebben den selven pessa als mede d' Engels dievers male aengesproocken, behalven dien noch Eenige Enqueste scondidie gedaen) doch tot noch te geen andere seeckerheijt becomen, als dat soo raschde Cock alhier aengelangt, Is deurgegaen, sondert seedert geweeten te hebben, Waer sich getransporteert, ofte versteecken heeft en toestant deser landen. schijnt sich voor veelen, ten besten niet te neijgen Tractiseeren: en sercheijk Miermametlahij (die nu de Cleene Coninck genoemt, ende genouchsaem meerder, als zijn Maijt gevreest wert) dagelijk nieuwe Impositien ende lasten, ontrecken: eenige Onder. vreemde pretecxten, hun middelen, andere hun gewoone preemumenten ende vrijheeden, om sijn Maij:t (diens Hare ende Oogen opgelt, ende schatten ende niet verder sien h. groote Conquesten ende schenckagien toe te brengen, daer door zijn maijts gunste eenihl. te Capteeren, ende zijn Wanckelbaren staet, meerder te bevestigen. sijn:  oocq gouverno van.",MONUMENT|ARTIFACT,Candi|schatten,,,
ANN0038,paras_1433.txt,"onststaende in Verlegentheijt zoude konnen brengen oock onmagtigh maeken, eenigen rijs voor ul op te coopen off met penningen te voorsien Aengaende het Overbrengen van gem areck en peper hebben Wij die van Tutucorijn geordonneerd hare gedachten te openbaeren aen den commandeur en Raed van Mallabaer die daer op sodanige brieffjes en antwoord daer henen hebben geschreven als in de Jnleggende Copia van het selve ul zal konnen verthoonen en bij aldien volgens gevoelen van die vrinden den overvoer Wilde succederen waren Comp bodems gespaard, en wij hadden— gelegentheijt úl met die particúlier gehuurde Vaertuygen in reroer met rijs te assisteren Waer over úl hare gedachten gelieven te laeten gaen en ons deselve te adviseren den 4en deser hebben wij ul missive van den 8en november ontfmet de papieren volgens haer register daer nevens gaende, waer op — Wij kortelijck zúllen antwoorden, dat de factúra vande lijwaren den met de beurs en die hier boven gem staen ul door den raed al is toegeton dat den arreeck op madure voor de gemeente niet minder dan tegens 4½ pagode jder amms van 20000 stuck zal mogen werden verkogt den Jncoop van de Maldivese Couris zal mogelijck ten Overvloede zijn om dat den gesaghebber en raed van bengala ordre hadden, de selve op te koopen, in haer eijgen directie het geene door de Eerw: broederen predicanten tot batavia aen den kercken raad van Jaffenapatnam had den gesz: Ons van daer door den commandeur en raed in Copia toegesonden, is na palliacatia Voortgegaen, nevens een Extract úijt de missive vande hoge regering van Jndia aen ul der wegen en het beroep van do backer geschreven niet tegenstaende de slaven hier dagelijks langer hoe meer verduuren werden die noch successive voor uE gouvernemt opgekogt Om bij gelegentheijt uE deselve toe te senden tot gebruijck en dienst.",MONUMENT|ARTIFACT,pagode|penningen,,,
ANN0039,paras_1055.txt,"Ende naer salutatie dient desen naer UE. nerfrem van hier anderdaechs gedria so seijden 3 gerolde monsters gelongs nan paleratte ontfang aen ons gesonden heeft de welen in alles met die nan Leijden UE mede genomen accorderden daer neffens verstaen sij in palecatte stijff 10 packen van dier gelijcke sortering laet maken noorder op huijden verstaen een masel van godia heijder van palelatte ontrent 2 mijl boven Carloutre gecomen is de welcke overmits de Contrarie winden alhier qualit, Jan Comen heeft derhalven dito seijder tot meerder versekeringe van sijn ingeladen goederen deselve vande daer tot alhier, over lant ontboden sijnde voor ons daerinne gescheept 100 pat: dijversche geschilderde doenen met een paer Raijn gelopen alles uijt wijsende sijn seggen naer ons monster ende also presumere UE. negotie aldaer niet sal loenenlijden om UE tot raet inde prijs van dien alhier te nermogen, sal dersalven UE aduijs van dien believe te schrijven, hoe wel ons bedumnens voor deselve besucsticht weinich van te schrijven is, also dat wij Ul adwijs verwacsten ofte wij ditto prijs alhier achtervolgende de Lijnte deneset ende schilderije oem die van de gelonge indien sij met de twe deesen UE nan hier mede genomen avcorderen de 4. pag 3, fanem de taxes 7 pag ende andre naer advenant hoe wel aende sonder deselve doenseh Correctelin niet gesz. werden twelen indien Tol den prijs doer ons te manen alhier goet mint aen ons ordel gestelt moet werden verstaen noorder in andre masels, der voorsz. van palecaste Volgende tresterende gedaen sijnde gescheept sal werden aengaende 2 Candij Jande sout voor Mijr Camaldij ½ ditto noor den kleijne Engna van hier tes eijnden Ren voor de Comste van den sabandaer die oner 10 daegen tuijs nedwacht wert niet geschieden also ditto aen den weger alhier ontboden geen voor sijn comste te wegen gelijc aen ons in andelpolij oen selffs versoft ende geschreven heeft also sij deselve voor hem alhier naer sijne schrijven noor geereet gelt wilt lopen twelm leere den tijt, believe der alven mijn expluse aen mijn Camaldij te doen, soot dito geraetsam Vint aen den sabandat alhier te schrijven sal goet sijn also ik uijt geene dito sandelsen z noor het ontfang schrijven van den sabandaer aen mijr lamaldij in Maalijpatan toe geseijs hadde daer naer UE hem kan reguleren eijnde UE alhier in de geras gepant 26 pagode de welce onder de ontfang van de Cleijne lingna voor de realen nan ons ser aff alhier noor quade geordelt sijn daervan UE believe de Verschoten penningen noor ons alhier als te treven de resterende datelus wederom te seijnden bij aldien is tot Majulij paten ware soude Cristna die mijn pag aldaer bach noor sijn moijten een tasserijff de bengala ofte Vuijstlem Casems en welike moijten UE mij blieve aldaer aff te nemen zijnde alhier Cobidos uijt het laemene cost achtervolgende de faeme gelijc delle dae naer UE Event reguleeren teijnde uE alhier de Crommelriss",MONUMENT|ARTIFACT,pagode|penningen,,,
ANN0040,paras_1258.txt,"palleacatte Int Casteel geldria 31 augustij 1666 deel sal opentlijck gesien worden als een verduringe inden ophoop der lijwaten dat inder daet geen verduringe ende is, maer alleeneljk een schyn daer van door de verhoogde Reductie der gelden door gants India soo wel op de Contoiren der negotie als Comps eigen conquesten ende waer over de Pagoden alhier die te vooren 96 stvers wierd gerekent, volgens U ordre in desen nieuwe boecken voortaen werden gereduceert tot 105 stver. t' stuck ofte 1¾ ra van 60 stver yder welcke Realen op Batavia jegens 64 stver. op reecke. van verdiende maentgelden werdende gestelt soo komt in die uijtgifte wederom t 1 / ra voor een pagode gereeckent, de pagode te bedragn 112 stver. ten laste vant soldije volck ende so sullen wy deselve hier ter kuste ooc doen boecken anders alsmen voor elke 16 ster. eene bet soude reeckenen uijt den regel der vorige opgelden van 48 tot 51 ste: de kroon so quame daer uijt eene moeijelycke breucke van 111 /6 stuijvers voor een pagood die daer mede nu wert vermijt het guarnisoes volck is so veel andre alsergeen maendelijcx kostgelt genieten, maer alleenelick de bedongen Gagie sonder subsidie sullen nog ooc volgens VEE: ordre elc en parre rijs ter maend tot onderhoud doen geven In pegu ende kunnen wij niet oordeelen dat verhoginge van Reductie na venant vande stantpenning ofte provintiedaaldr van 60 stver op debitsen gans voor ditmael behoort plaats te hebben ende sullense daerom nog blijven laten opde 10 stvr. daerse t verleden Jaer nog op zijn gestelt want 4043¼ marc zijlver aldaer gecoft zijnde tegens voors reductie van 10 stxr d'bits gans voor f 97830: 2:8 en dit Jaer uijt dat land alhier aengebragt soude te deser kuste opde marct of byde wisselaers mogen gelden 4¾ pr het marck maer 't is de Coopluijden ¼ pagood hoger op reecq gegeven dat bedraagt tot 105 stver de pmo. t'samen f 92879:17: 10½ zynde het verschil omtrent 5 ten hondert te weten dat de bitsen gans nog so veel hoger als de verhoogde pagode werde gereduceert, in zijlver opde specie van den stant penning",MONUMENT|ARTIFACT,pagode|penning,,,
ANN0041,paras_1399.txt,"den 28en. xber In 't Casteel sourousouangh Anno 1682:— Maandagh. — smorgers relateert den pangerangh Jouda ningrat gisteren avont uijt den train herwaerts geretourneert de brant voorsz: bij ons gesien op sioedioe ontrent turtiassa ilken geweest was, welcke plaatse naer weijnigh wederstant verlaten, en door de verlatens selve inde brant gesteecken was, en ons volck een canon schoot van turtiassa Costgenomen hadden quam, den capit: de rooij met het Jagie de suame gevolgt van sijn eijgen vaertuijgh, herwaerts uijt den train op pontang door een quetsure den 26en te voren inde attacque den paggers aldaer bekomen, relateerde dat de heer veltovenrste francois tacq sich bij tuntiassa dilken geposteert en begraren hadde soo nae, dat de eijant over d'onse kenen met het canon conde speelen; dat sijn E. van meninge was, die — vastigheijt, den tijt daer toe dienende, op 't spoedigste aen te tasten, tot welcken eijnde den voorsz: bodem sonden uijtsel weden te rugge sij verwagtende. den capit: nicolaes feijth rapporteerde dat hij bij den sulthan was geroeper en versoegt een opschrift te willen stellen op een brieff door hen aen d' E. heer lacq staende gesonden te werden, verhalende den capit: voorts, dat gemelte sijn hoogheijt als doen meede hat voorgeslagen, van nieninge te sijn op 'tlijff en lever van sijn broeder den pangerang pourbaija gelt te setten, en off 500: r: niet genoegh soude sijn! waer op geantwoort hadde, dat sijn believen daer in konde doen, maer evenwel na de grootgroot vande opgesette somma penningen stondt devoir gedaen te werden, replicerende sijn hoogh:t daer op, dat hij dan 1000: realen wilde opsetten, waermeede naer andere discoursen met den anderen hofflijk gescheijden waren; en is de opgemelde",ARTIFACT|INSCRIPTION,penningen|opschrift,,,
ANN0042,paras_1435.txt,"tot Tegenepatnam genoten soude hebben (na dat de selve aanden landheer had overgeleverden 200: pagoden, en sijn dienaar condapa 50: pa/a, is mijn mede bedeeld. dat meer gedagten condapa vande verwers tot ponto novo soude genoten hebben bo pagoden, die hij op de naam van dat een tempel soude doen maacken, van haar afge vorderd heeft, is mijn mede bekent gemaackt. dat de contanten in coop der lijwaten inden beginne— vande negotie, tot Porto novo soude met 20 pr cto beswaart zijn, is mij ter ore gebragt welken in coop volgens de boeken beloopt Pa/a 25624 1/8 soo dat 'et be swaarde soude monteren ruijm 5124. pa/o dat den — Levenancien best bekent is. — dat Pr clement op den vercoop van 1727. amms arreeck inden Jaare 1681. aande coopluijden tot ponto novo- op reeke verstrekt mede eenige penningen geprofitt heeft, en wat voor een quantiteijt 't selve beloopt sullen de coopluijden wel openbaren. — het uijterste hoekhuijs dat op de rij aande rivier tot porto novo staat en aan 's comps coopluijden is ver cogt door sr clemient voor 500 pa/a is wa met 's comps Gelt gecogt, en door mij aangedagte sr daar voor betaalt pa/a 300: die inde verbrande oesten reeqs mijn weder zijn te goede gedaan. dat seker 's comps coopman gent aboka markaij— van porto novo door sr clement na nagapatnam is gesonden, met last om den tolck van sijn ho: Edele den hr commissaris Generaal, 't zij met goede beloften en woorden of penningen soeken te bewegen, dat gedagten tolck alle saaken 't zij hoe quaad sie hem voorquamen ten beste van gedagte sr ontrent sijn ho: Ede soude uijten is — mijn mede ter ons gebragt dat alle de balcken die en tot den bouw vande logie en tot et maken van stellingen om de cleden packen op te leg gen, sijn verbruijckt geworden daar sr manuel Tipera en den sjolia assena marcaij leveranciers van sijn ge weest, en die alle op den bouwingelde dEcomp: zijn ten laste gebragt, tot nog toe door sr clement niet zijn betaalt, daar voor sijn E egter 't geld van mijn heeft getrocken en soo vervolgens sal opgestoocken hebben. — oock dat gedagten sr clement sonder een goede — somma gelds genoten te hebben, den sjolia nalla Geld bocka",MONUMENT|ARTIFACT,tempel|penningen,,,
ANN0043,paras_1455.txt,"Van Japara den 9' Julij Ao 1688sijn Hooght een verstandig wat tot zijn Rijxwelstant dienstig is. vefgelijke dent noordenalar de gesanten verklaren nog nader zijn Hoogheijts goede een ersoe ko ommandeekmaer hij behijnit tot het afkomen den Command. r neemt zulx daar van aanstonts zijn Ed. behertigen; hun met enen versekerende, dat zij hierbij Continuerende grote eer bij zijn majesteijt zouden in leggen; dog wat aangong het advijs, dat zij afgesanten, nopende het aantasten, en verdelgen van den moorde naar sourapattij, van hem versogten:' antwoorde anteboort door den Command:r den Commandeur; dat het zijn Hoogheijtslandt, en volk d'afgesanten toegepast was, die daar moesten g'ordonneert, en gecommandeert wesen, tegens een vijandt, die wel algemeen; maar dE: Comp:e voornamentlijk, geleert had, en dat zijn Hoogheijt, om te betoonen: dat hij nog part, nog deel hadde aan de bewuste moort, tot Cartasoura, onder de oogen, en in het bij wesen van zijn majesteijt geschiedt, zoo moeste zijn Hoogheijt dit selfs, als een vorst zijnde, moetweten verstandig, en ervaren vorst zijnde, weten, wat dienstig, en ten hoogsten nodig was, voor de jntrest van zijn Rijk, daar, om het zelve van zijn majesteijt en zijn wettige nasaten te bevestigen, d' Hollanders zoo veel bloet gestort, en zulke grote somma van penningen hadden gespilt, dat derhalven zijn Hooght hierin zijn welgevallen geliefde te doen, dat het ook d' E: Comp:e niet en verveheelde, op wart wijse, wertesdelgd, en angebragt en in hoedanigen form, de vijanden van sijn majestt wierden aangetast, en verdelgt, hierop Repliceerden genoemde afgesanten, dat zijn Hoogheijt versogt, den Commandeur beliefde nog drie weken, of ten uijttersten een maandt, geduldt te nemen, dit zoude nu het laaste middel zijn, waarbij kragtdadig soude blijken, zijn Hoogheijts goede meijninge, en intentie. den commandeur beliefde maar te laten weten, naar het uijtgaan van hun pouasse, off vasten, waar dat zijn Hoogheijt zoude verschijnen, belieft tespreken 't zij tot Japara, Samarang, of damak, in welke laast genoemde plaatse, zijn Hoogheijt, als d' Heijligste Tempel, hier om ter sijnde, wel de meeste genegentheijt op demag meest genegen toe hadde, om aldaar sijn trouw voor d'E: Comp: solemnelijk, met dier gestaafde Eden te bevestigen: 'twelk den Commandeur aannam zodanig, als zij beleefdelijk aan, en belooft gt afgesanten voorgaven, van zijn Hoogheijt te verwagten ende Raden van Jndiate belovende met enen ook aanstonts zijn Edl d' Ede Heer gouverneur Generaal, ende d' Ed. e Heren Raden De adviseren. intentie. van",MONUMENT|ARTIFACT,Tempel|penningen,,,
ANN0044,paras_1329.txt,"Van Iapara en Iavas oost Cust onder dato 14 Junij 1677 haar uijtterste vermogen, met goet en bloet, te willen — voorstaen volgens den swaaren Eet, die sy ten overstaan van onse gecommitteerden inden Tempel op ampil naar haare wijse hebben gepresteert, soo dat wij bij kans souden beginnen te derven gelooven dat het bi deselve oprechtelijck gemeent werdt, en wat aenbelanght de bovenstaende 2 andere hooffden, daar vertrouwen wij dat het oock niet aengebreecken sal doch offse wel soo veel ervacentheyt hebben sullen, als die andere van sourabaija daat soudemen aen komen twijffelen, maan t een en tander sal ul bi desen occagie, de ondervindinge nader connen aenwijsen. met dit legertie is de meeninge der voors Javaense hoofden, om in het dorp zypanjangh een myle weeghs van hierbyeen te coomen, waar naer toe ul sullen marcheeren; daar— van daar sult ghy ten eersten met de Europiaenen en misschien oock met onse jnlanders in vaartuijgen de Rivier connen opvaeren, gelick haar voornemen is en dat sy luiden langs de Gevers van deselve Rivier souden marcheeren, als haar vaartuijg quam te gebreecken— om alsoo met de minste ombragie en op de bedeckste wise — te advanceeren tot inde provintie van dviera saba, twee Etmaal keysers, nae haare Rekeninge van hier dat wy echter schatten niet Boven 12 a 14 mylen te sullen wesen, en dit Landtschap twiffelen si dan niet, off sal sich teenemael weder aen side vanden Sousoukouran voegen, schoon het nu met Troenajaja hout en jnsgelyck de nabij gelegen plaatsen gelyck paetsie, berbagh Etc: als wanneer verder de jntentie is, te trecken naar hartesara dut dan hunnes gevoelens haar selven meede wel schicken sullen, schoon het de Plaats is daar— Troenajaja sijn eerste toevluckt heeft genomen, en waar van daan hy volgens de tidinge gisteren en van daag becomen, op die van kadierij is ingevallen, die hem niet en hebben derven staen, schoon sy met — een",MONUMENT|ARTIFACT,Tempel|schatten,,,
ANN0045,paras_1351.txt,"Roeden, elke zijde vierkant beplant met eenige groote waringijn, en mangus boomen, het binnenhof aande Zuijd zijde van tpleijn bestaat uijt vijff distincte en afgemuuerde plaatsen, dog niet kostelijk beband, int agterste waren twee vivers, daar goede groote Rivier visch uijtgehaald wierd; aande west zijde van 'tpleijn staat Een tempel die met soo cierlijk is, als die van goenonsarij boven genoemd, waernevens eenige — oude koninglijke graven gesien worden; d'oostzyde was betimmert met eenige huijsen der grooten. d Erven mede met vierkante gemetselde muiren omtrocken. de Noord zijde slegts door een houte heijninge hekx gewijs afgeslooten zijnde. hier Does soek mad",MONUMENT|GRAVE,tempel|graven,,,
ANN0046,paras_1074.txt,"Soo sijn wij met een groote partije musquettiers, ondert beleijt vande Gou:r: mette tingans, eenige correcorre, ende prauwen met swarten vertrocken naer waeijer, daer gecomen sijnde, hebben den tempel met alle de huijsen in brant gesteecken ende alles gedistrueert maer geen volck gevonden, als een out man die sieckelijck was, die donse het hooft aff sloegen, ende op een staeck aen het strant setten. hier vooren hebt ghij gehoort, als dat door last van d' heer Generael op waeijer een ondercoopman Jan de bie van middelburch, was gelaten met een assistent ende jonge, om op sicht te hebben dat hare vasticht. affgeworpen soude worden, daer gecomen sijnde, hebben hem doot gevonden opt strant seer leelijck mishandelt, ende den jongen seer leelijck gequetst die soo haest als hij ons vernam bij ons is comen cruijpen, seggende de bandaneesen niet beter en wisten off hij was doot, voorder vhaelde ons hoe dat den assistent, boven op den hoogen berch gehangen was, den onder Coopm om leege gebracht hadden ende gedoot, ende dat dit geschiet was doen de bandaneesen, van salamme gevlucht quamen, seggende dat de hollander het op salamme al vingen, ende doot sloegen, ende alsoo sijn die van waeijer ende ende demmer gevlucht nae den hoogen berch bij d'andere daer was groote op spraecke ondert volck, seggende men hadde dese persoonen, wel bij tijts connen waerschouwen, om bij d'onse te comen eermen de bandaneesen alsoo aentasten, want waeijer en demmer waren mede int vbont beslooten, watter vans is sij sijn doot, godt salt oordeelen Aldus op waeijer alles verbrant ende vernielt hebbende sijn vertrocken naer demmer, sendende t doode lichaem nae salamme, ende is daer begraven op demmer is 't oock al verbrant ende vwoest, den tempel ende alle de schoone huijsen, het doel mij wee te verhaelen de verwoestinge ene schade die geschiet is op dese twee plaetse, want ick in mijn leven noijt schoo der noch plaijsanter gesien en hebbe, van woonplaetse als van vruchten seer bequaem geplant, soude te lanck vallen te verhalen, daer en wert om te vluchten.",MONUMENT|GRAVE,tempel|begraven,,,
ANN0047,paras_1386.txt,"Julij 225 desen ogtent verthoonde sig nog een chinees Ionk hebbende 3 prince vleugelties: waeruyt presumeren een batavise Ionkte wesen: gelyk ons kort daer aen dooreender Compradoors wierde de weet gedaen dat het Ionk van bacquam was die intvoorleden Jaer hier van daen was vertrocken en nu den 17e Junij Jongstleden van batavia sijn recise herwaers aengenomen hadt sijnde de andre twee vangisteren het eene een ziams en het andre een taijowangs Ionk waer vandaen komen sal de morgendag openbaeren.— Maendag 26 de Jonk van gisteren avont is mede van zige gekomen kunnende tot nog toe niet vernemen eenig schrijven met het selve off met het vorige vant opperhooft saa aldaer te sullen erlangen Sondagh Dingsdag 27 van desen morgen heeft nog eijndeling den oppertolk satsizeim zyn agterstal ten bedrage van 97 goude boebs komen afleggen en syne schult hier mede voldoen woensdag 28. verhaelen de tolken, dat met de Iongste groote aertbe ving de tempel Nico sij ingestort; alwaer de keyser Nico met nog 3 van sijne successeurs begraven leggen; ook naer desselfs naem genaemt om dat d. o keijser gem:te tempel heeft opgebouwt, alwaer opgemte keijsers graven ook die groote Copere lantaerns gehangen hebben die door den E gruijs salr aen sijn maijes. t doenmaels uyjt de naem vand' ECompverschonken sijn melden mede dat nog 8 stx Ionken van togouan en 2 van Canton stonden te bekomen waer vande waerheijt sig bij ondervinding sal moeten openbaeren. — Donderdag de tolken 29 het ook door den gouverneur versoeken dat de schippers van beijde de batavise Ionken mogten gelicentieert werden eens aende poort van teijlant te komen om haer lieden dewijl sij geen brieven van batavia mede bragten aen ons naer het welvaren van d'E Comp",MONUMENT|GRAVE,tempel|graven|begraven,,,
ANN0048,paras_1329.txt,"Van Iapara en Iavas oostcust den 3 september 1677 vooren jn dien tyt, de gantsche stadt mattaram sien jn coolen leggen, sonder ijets te spaaren als de grooten tempel, de hoven vanden sonsouhounan, pangeran axia panoelaer een der Jongste soonen des majts van pangerans pourbaya sampan ende sirrebon alle drie gelick boven gesegt aende sijde van Troenadjaja overgeslagen en met den buijt naat cadierij gesonden: die binnen gemelde— 5 daagen op carten en dragh beesten geladen nevens alle de vrouwen dochters en dienstwyven sonder iets— Int hoff te laaten, al ten eersten voortgeschickt wierden, onder t' geleijde van wassingh gattij bestaande de contanten die hy selve meede had helpen afpacken in 300000 Sx ra maer van al 't canon was niet meer als een metaal middelbaar stuck genaemt Satomij besyden aldebassen en schiet geweeren vervoert, de — Rest tot noch toe inde mattarom gebleven, alwaar oock nu van wegen troenadjaja noch bleven huijshouden; jnt hoff vanden sousouhouran manco jonda en angan tacca hebbende wiera mangala sin verbliff in dat van— pangeran panoelaer ende 3 Hoofden noch ongevaar— bij haar, tusschen 20 a 25000 man Javanen ende — niet boven 6 a 700 madouresen daer onder gemengt pangeran pourbaga, neemt de graven van syn voor onders waar, sonder sick verders ergens met te moyen, — off niet gemoeyt te werden, de 2 broeders cadjaram — daat van was den ontsten bi troenadjaja tot cadjetij en den anderen hielt sick op syn selven sonder troenadjaja off den sousoukounan te Erkennen soo dede oock eene — vander Regenten van madion met de grootste helft van 't madionse volck den anderen Regert hielt het meede tot cadierij sijnde de mataramse jngesetenen die naar cadierij opgesonden en vervoert waren, alle weder te Rugh gekeert de meesten hoop van halverwegen, ende rest uijt cadierij verloopen genoegsaem met connivertie en dese verlanghden nu al weder naar iemandt van haere wettige princen om deselve",MONUMENT|GRAVE,tempel|graven,,,
ANN0049,paras_1455.txt,"Het Caartie tot speculatie van den sultan door uw Hoog Ed. overgesonden, is zijne maijesteijt door handen van den pangerang diepannigrat bestelt, sonder dat wij den Coning of gem: pangerang, tot het graven van de gragt langs de zeestrandt van speel,wijk tot Caringantoe verdeer aangemaandt hebben, als uw Hoog Ed: e nadere bevelen mede brengen, waar omtrent schoon den Conink door inductie van de Rijxbestierder op onse eerst gedane voorstellinge een grote bereijtwilligheijt betoonde, zoo meijnen wij nogtans dat het graven langsaam genoeg voortgaan zal, voor namentl:k zoo den pangiran met zijne geestelijke timmeragien (gel: sij dagelijx doet) voort gaat. sijne excell:t is zelder te huijs, maar altoos op Carringantoe, daar hij meer ijver in 't laten maken van een mossegi, als in de Rijxbestieringe, besteet, en leijt sijne intentie om een twede tempel tot Canaria bij de graven der ouwde Coningen op te Regten, apparent om den landt aart door dese gewaande godsdienstigheijt tot zig te trecken. de boom staat absoluijt aan de dispositie van den sultan, waar omtrent uw Hoog Ed. ministers gene het alderminste gesag oefenen, gel: wanneerse aan deoost zijde der Revier verplaatst zal wesen, insgelijx staat g'observeert toe wesen werden. . . dog al eer het tolhuijs over te brengen, hadden wij gaarnede walgang om de pagger voltoijt, daar niet meer als de zijde langs de Revierkant aan ontbreekt. het kleijne kruijtkeldertje onder 't Rivier pungtje",MONUMENT|GRAVE,tempel|graven,,,
ANN0050,paras_1400.txt,"de bedewing niet onderworpen en is, als welde noten, ende onzen gouvernr nog voorstaat aldaar soo heel veel in voorraat niet geweest te zijn, wat het andere namentlijk de Marmelade of in gesuijkerde noten-pap, is gantsch dienstig voort zieken huijs, en voornamentljk d'marmel: in alle quaadaardige afgang, de pest van Jndia, en ook van cleijne costen, zijnde 't een ent andere met een goede meninge ons van de Bandasche vrunden toegesonden, die uEds naar t aant opschrift der kasjes bleek, soo veel als ons een soeten mond gunden, en broe derlte van elx evenveel deden, zoo uEEs nu die soetigheijt als nog niet aanstaan mogte zoo gelieve uEEs ons die maar weder toe te schicken, alzoo alhier goeden baat in voorn. siektens bij vinden: maar wat den hing off duijvels drek aanbelangd daar af en hebben wij geheel en al geen kennis en moet uEEs van elders, of van de droes zelvs toegecomen wesen; om den geweldigen stank te weren, diend de selve wel diep in de grond begraven en daar omtrent meijnen wij egter niet dat de witte mieren haar woonstede sullen kiesen, bij onsen voorraad van heel en genees-middelen hebben wij nog een stuk als een vuijst groot ende dat algeheel droog is, waar mede het nog wel een dozijn jaren sullen connen stellen, zoo dat ons dien drek dog niet en gelieft toe te senden, alzoo daar geen schuldt aan hebben.",GRAVE|INSCRIPTION,begraven|opschrift,,,
ANN0051,paras_1138.txt,Armosijnen 200 ps slechte grauwe hoeden 300 ps sijde Cousen ofte ten ware met eenige sayjetten conde geholpen worden 50: sts gecoleurde Cnopen 300 ps. drooglere schoenen 40 vellen spaens leer ende eenigh leer om schede te maken 10 huijden soolleen 30 ps Croonrassen ofte sempetianen ende eenige stene tot vuurroers sijn E schrijft mede dat benevens de twedisteleerde ketels voor desen toegesonden noch twe mochte becomen soude daermede het hele gearnisoen van arac connen provideren Den Conincx broeder die sich in octob bijde portugesen in Columbo vervoeght hadde wiert bij de selve heel suspect ende bij naer als gevangen gehouden so gesecht wierd was van meninge geweest sich weder naer candi te begeven De stad Gale aende land sijde liet sijn E.r mits nu de gelegentheijt vande inwoonders daer binnen hebbende fortificeren ende de gracht die opde 30 voeten brete begonnen was 10 voetwijder ende 3 voet dieper graven en president sent met dito schip een missive van 26. martij aen sijs Eb ende een ander aende Ed:t Hr genr,MONUMENT|GRAVE,candi|graven,,,
ANN0052,paras_1336.txt,"Aan de Edle keer mijn heer Robbertus Padt Brugge, gouver mitsgaders directeur, deser moluccos mijn E: heer gouverr, dese dient tot een hortelijke — groetenisse terwijl nu den tijt vande goede maanden verschenen zijn soo versoekende wij aen uE: heer gouverr om goede maende te cunnen genieten, — vorders versoek ik aen uE: heer gouverr, om smaendelijks kostgelt te cunnen genieten, 't welck noch voor te komende maendt is uijt te deelen, en hier beneffens bekomt uE: hr gouverr 't rantsoen rollen met de rollen om goede maenden, 't welk is de rantsoen rolle vandemaent april en de maent maeij, — voorts soo heeft den cappl lauwt den vierden kalck oven doen branden en is seer wel gebrandt, doen seijde den cappt lauwt dat heij soude doen decken, en met een grop omgraven laten, en soo versoekte en aenden lauwt cappiteijn, dat hf offe hem geliefde de kortegaer boven op het fort mouritius wadt doendecken, hij seijde jae en hij belaste sijn volck, datse dattelijk maeken soude het welck gedeelt is, voorts versoek ik aen uE: heer gouverr om seis — pedacken 't welk ik seer om verlegen ben, om de — ruijghte rondom 't fortresse af te laten kappen— vorders versoek ik als mijn E: hr gelieft om een nieuwen koestal te laten maken, want den oude heel vervallen is, het welk de jonge beeste inden negen moeten staen — voorts versoek ik om een stuck zeijlcleet om het kruijt op te droogen vorders mijn E: hr, bennen de mardijkers met heur f 203 vrouwen soo onwilligh om sondaeghs inde kerck te komen en den schoolmeester heeft ook alle verscheijde reijsen aen mijn geklaeght, om datse swoonsdaeghs niet inde catikiesasie en koomen, altemet komender twee, a drie, en alte met gheen, en ik seijde tegen den schoolmeester dat ik dat aen de E: hr gouverr— bekent maeken zoude, vorders soo versoekt den schoolmeester aen mijn E: Hr gouverr om een huijsie te mogen werden gemaekt want 't oude huijsie heel vervallen is, voorts soo heeft den capptle lauwt op den 16 ditto hondert man van heet lant met een carcorre naer ternaten toe te brengen, soo seijde de capple lauwt tegen mijn dat volck mosten op ternaten voor den konink een nieuwen tempel maeken voorts soo is den 8 dito den oncristen chinees overleden, hier nevens versoeck den suppmt philip Jansen van macquian soldaet de welke sijn ruijme tijt verschenen zijn om noch drie Jaer te verbinden, aen de E: compe — voorts en isser bij ons niet voor gevallen den als — goedts, hiermede afbreek ik, en wil uE: hr gouverr in de protexcie des alderhooghsten, jk blijve uE: hr gouvernr sijn geringe, dienst gewillige dienaer, onder stondt en was geteekent, michiel Thiel, in margine stondt, macquian Int fortresse, zeeburgh adij den 17 meij ao. 1678 vorders mijn",MONUMENT|RUIN,tempel|vervallen,,,
ANN0053,paras_1111.txt,"als de vlackten van Caruan en den schadelijk houck gepasseert sult wesen ot omtrent madura sult dienen op te stoppen aleer u van Javansche Custe begeeft om over te steecken om den houck van Oedjongh salatan te beseijlen en mente vervallen bij westen banjars reviere alsoo door d'onschsuijverheijt vande borneose Custe aldaer miet meer der moijte sondet op comen als langes Jala Des Comps dienst isser aengelegen dat ul wat spoe dich inde reviere van martavura mocht comen om daencompste der maccassaren aldaer te verhinderen alsoo dese veele peper van daer comen haelen die dan van maccasar naer chijna ene de filippinas vervoert werden Hoe wij geresolveert sijn alle vaertuijgen aen te slaen die sonder onse passen sullen pogen naer martapura te seijlen is u l bij monde gecomuniceert en schrijven sulcx mede bij onse Missive aenden Coninck ald:r met de principaelste redenen waerom sulcx geschiet daer van de crachtichste sijn dat den Coninck ons niet en soude connen beschermen ijegens de Javanen maccasaren ende andere onse vianden die in sijn landt comen handelen inde wijde monde des reviers soose daer stercker als wij lieden mochten comen, Item dattet ons niet langer staet te verdragen, dat den macasare haer proffijten sullen trecken uijt den peper handel aldaer de wijle ons den Coninck belooft heeft gehad datter geen vreemdelingen peper souden coopen soo lange als wij daer met onse scheepen souden leggen om te handelen het welcke soo niet en is gevolcht tot onser excessive Costen en verachteringe en voorders dat wij van onse onderdanen die met onse passen naer marta pura gevaeren en wedergecomen sijn verneemen datse den Coninck qualick bejegent en den macasaren en Javanen beter als haer tracteerende is, u l: sullen derhalve alle het vaertuijch dat geduijrende uwe reijse ende inde reviere van martapura sonder onse passen sult comen te bejegenen aenslaen ene vermeesteren het sij oock wat vaertuijch het soude mogen wesen te weten spanjaerden portuguijsen maccassaren Javanen maleijen en alle andere die bevinden sult sonder onse passe te vaeren alsoo wij bij ervaerentheijt bevinden datse meest alle ofte oock vast alle hunne op maccasar en van daer op Cerum bura pula manit kelangh Tijdor Talamahera Ceram laut en daer all om hermaecken trachtende ons alsoo te verderven den Nagel handel en de ondercruijpen die van macis en muscaten sult derhalven niemant excuseeren dan die als gesegt is met onse passen vaeren mits dat deese oock niet en sullen in hebben de verbodere waeren als sijn foulie nooten muscaten nagelen peper ofte Caneel alle welcke specerijen ul onder Recepisse sult overnemen uijt de soodanige assigneerende deselve",MONUMENT|RUIN,pura|vervallen,,,
ANN0054,paras_1097.txt,"Ren-Hangh neffens een Jachtge toebehoorende Jan Brijs waren in december van Arracan beijde volladen naer Battavia vertrocken, Soo dat hoope Battavia van rijs redelick geprovideert sal blyven Naer dat alles In palicol geindt ende hier soo veel als becoomen conde: ende de goederen aenboordt vande Jacht gescheept waren: Soo sijn wij op primo Desers naer boor gevaren met alle man niet een persoon gelaten als een Jonge in palicol alwaer wij seer gelucklyck aenboor sijn gecoomen, Ende leggen Jegenwoordich ter reede met de Jachten der Schellinck: Vlielandt de bouremer ende de Sloep en de Cameel aende hoeck die meede een kruijsser verstrecken sal, soo dat van vaertuych wel versien syn Ende de Cust hierom heel besedt sullen houde Godt geve de ricke moorsche Scheepen wt pegia Ende Atchin verwacht werde, In onse handen moogen Coomen te vervallen, op dat de Ed: Compe. eens van haere swaere lasten ende Intresten mach voldaen ende beta werde, ende 't swaren Jock dat eenige Jaeren herwaerop den hals gehadt hebben nu mede geremedieert ende afgeleijdt mach werde de saecken hebbe geen langer wt sedt connen liden: Alsoo van Jaer tot Jaer slimme ende Erger werde: ende meerder in Schulden verviele mede mochte niet vercoopen nochte Coopen ofte leveren Sonder Licentie vanden Gouverneur, Soo dat den Hooch dringende noodt ons hier toe gedreven heeft, hoe de Saecken voorder af sullen loopen leert den tijt De moorsche Gouverneur sal wel cleen singe: maer sa ons ny niet langer met Praetges paeijen de Engelsche leggen hier ter reede met een Jacht end Sloep hebbe menichte van Sengolies vaerders aengehaelt waer mede verhoopt hadde haer schulden geindt Soude hebben dat tot noch toe niet heeft willen wesen Dan aen haer garant sullen wel geraecken alsoo Jegenwoordich meer in handen hebben als haer schult aen landt naer ons vertreck van landt hebbe Dengelsche eenige van haer Schulden becoomen ende op van Daege Duijsent pagode contant: haer schult is in alles niet meer als 40 pa. geweest wat inden sin hebben connen niet weten: naer verluiden laeten sullen t'Comptoir verlaeten Wij verhoope V: E: aldaer in geen moeijten om desen 22½ saecken vervallen sult: offer eenige mooren goeder inde",MONUMENT|RUIN,pagode|vervallen,,,
ANN0055,paras_1329.txt,"Van Iapare en Javas oost Cus den 14 Junius 1677 als battarien in de Rivier te dienen, naar den Tempel op te dringen zulcx wij met al den ovrlogh, den 6e daar aen volgende niet alleen gejnquatieert, maar Oock al een goede patij clappus boomen gevelt en jnde mooten van 12. voeten lenghten gezeet Laagen om op een bequame uijt gekipte plaatse een batterie voor onse vier aengebrachte— 12 lbrs op te richten, dock ons volck jnsonderheyt de matroosen, ende eenige amboinesen, als andere jnlanders door continuelen, arbeyt vermoeyt wierden den voortganck gedilayeert tot des anderen daags savonts, wesende in dees verloopen— twee daagen, soo wel wat schermutselens voorgevallen maat sonder veel klemn off ernst alsoo de madouresen weijnich standt hielden zulcx wij geen schaade aen d' onse zoude gelegen hebben, ter waare een borger, een matroos, den Eersten dagh van onse Landinge, en daags daar aen een — amboinees hun uijt moeskoppen vande troepen aff begeven, en alsoo d' eerste het Leven en d' andere beijde haar koppen verlooten hadden zijnde den amboinesen Sergeant Oenoes— op dieselve wijse, ergens uyt het bosch met een koegel in de half gequest, en omtrent 14 daagen daar naa aen de — quetsuere gestorven, daar en tegens waren ons d' Eerste twee daagen, vijff vijandelijk hooffden gebracht, en boven die 12 a 13 Liken gevonden, diese niet en hadde connen— affsleepen, Ten selven dage smorgens voor dat wij s' naar — middags uyt onse eerste quartier naar den Tempel op trocken, is opgemerckt dat nevens d'ordinaire vlagge op — Tronajajas kat in d' andere hoeck oock affwoeij een — puer witte vlagge, ende alsoo eenige uren voor ons vertreck uijt de Rheede voor Sourabaija met seker madurees vaartuyen in onse handen was vervallen seker vrouw mensch en een— kindt, die seijde haar man Sourabaya te hebben, soo hadden wij deselve doen aen landt comen, en op vrije — voeten gestelt haar versorgende met een kleyn geley, brieffie, op datse door niemant van d' onse tusschen wegen mogt verhindert werden, en is daar meede ongevaar ten 8: uyjten, door twee maleytse Soldaaten tot overhalff wegen",MONUMENT|RUIN,Tempel|vervallen,,,
ANN0056,paras_1118.txt,"Op heden arriveerde fransisco pinto met sijn fergat Jambij, hebbende in passant tot Jambij aengeweest, alwaer sijne Joncke door outheijt gelaten heeft, end met pertije Cleeden, peper en diergelijcke waren, soo in Jambij als tot Batavia opgecocht, herrewaerts gecomen is/. adij 30en dito sijn hier uijt lijgor gearriveert 8n Castiliaenen, die aldaer eenige maenden verleden, met een Chinnese wanckangh door storm, masteloos, vervallen ene gevangen waeren, haere Joncque ende Carga van omtrent 125: p:s Rouwe sijde ende andere Coop: manschappen, als mede hunne slaven, heeft den Coninck aengeslagen, en haere persoonen in gerarckenisse doen sluijten, wij informeeren ons opde gelegentheijt deser Spaenjaerden, en verstonden seecker. lijck dat hoet luijden waren van qualiteijt, den oversten derselver was genaempt lovis de Guseman, sij sergeant maijor van Ilie fermosa, welcke den Coninck van spangen meer als 20: Jaeren, tot manilos, dee de molucque, ende fermosa, in verscheijden militaire officien hadde gedient, sijn geselschap waren onse 5: alphoeros, een padro, frere derordene van santo domingo, en eenen marinero Italiaen van Ge soen nua, dese lieden waeren int verleden noorder mouson, met gem: Wanchangh van fermosa nae mani eck Jla vertrocken, maer door storm (als gemelt) in lijger vervallen/ Aij 4en Augustij nae dat den Diamant poinct, mij door de Ed: Heer Anthonio van dienen behandicht, om aen den Coninck alhier te vendeeren, de voorige dagen van sijne Meij:t en des selfs Juweliers was gevisiteert, soo ben met den oija sij caijladt ende andere gecommitteerden des Conincx, nae verscheijden confrentien veraccordeert, dat sijne Maij:t gem: Juweel voor 60: Cattij silver siamse munte aennemen soude, waer op t' selve de gecommitteerden geintregeert, door hun lieden uijt den Rinck gelicht, scherpelijk besichticht en aenden Coninck, tot sonderlingh genoegen zijner Maij:ts overgelevert is /. adij 6en dito wierden door bevel des Conincx, bij sekeren Tempel geroepen alwaer opra sarapaendt secretario des Conincx, met drie Maleijse tolcken vonden, welcke ons proponeerden, dat vanden Coninck waeren gecomitteert, omme seeckerlijk te vernemen hoedanige lasten de Comp:e eertijts in sijn Coninck rijck onderworpen was geweest, ende hoedanige nde",MONUMENT|RUIN,Tempel|vervallen,,,
ANN0057,paras_1125.txt,"septemb. 1637 der vellen seer hindert, maer alsoo de vasten over een maent ten eyndeen weesen sal, bleef gemelten Japander van gevoelen, dat den vanck der herten haelt sal toeneemen, dat Godt geven wil aen 6:e ditto wierden aen des Coningie heerlyersten Tempel wat: 14: serput by Berckelangh ontbooden daer gecomen zynde, verhaelde syn Edt met veele siamsche pluymstryckerien, hoe aengenaem dat het de Mant is, een 5: stxc: balcken geleent, ende een d. o geschoncken hebben, daer wy minnelyck doch waersaem op antwoorden, nae 't eyndigen van d. o siccours, thoone sijn Eds ons alle de vervalle tempels, thoorens eene piramiers, die ontrent si- ser-put, staen verhaelte dat den Coninck hem geordonneert hadde omme alle t'vervallen te repareeren. noemde veele Siamse als moorsche Mandoryns, die hunne hulpe r gepresteert, ende hoe veel yder by gebracht hadde, Eyndtlyck voeghente sijn Ede daer noch bij dat den Coninck hem geleest hadde, mij int minnelyck te doen vraegen, of ick de helpende hant niet bieden wil da de, dat ick met vriendelickht socht t'excuseeren, maer te vergeefs want eer dat scheyden most toezegginge doen, dat mijn hulpe oock nae cleen vermoogen bij brengen wouden, waer over Berckelang seer vernoeght was aen 8en ditto in quasaemon Japander ine logie gecomen verhaelende hoe alle d' hier synde Japanders op gisteren by Oya, pitsia, jong-cram (die haer voor spraack ten hove is) op syn ontbieden geweest syn ende dat do. oya haer uijt sConincx naem voor droegh, de Mant voornemens is int aenstaende suyder mousun, een Jonck met een Ambassadeur naer Japan te senden, omme met den keyser aldaer te reconsilieeren, belasten dat iij een bequaem persoon uyt kiesen die als anachoda der Joncke derrewaerts vertrecken soude Item dat de stemmen te gelycken op hem gevallen waeren, doch dat hyj 't selue op veel insichtige swaericheeden gewergert ende plaet af geslaegen hadde, eyndelyck versocht gemelten quosaemen te ons gevoelen, Ingeval den Coninck enckel syn vertreck derrewaerts begeere, off hij buyten veryckel des doots, ende d'ambassade oock sch aengenomen",MONUMENT|RUIN,Tempel|vervallen,,,
ANN0058,paras_1111.txt,"aengenaem sal sijn te verneemen, Actum in Batta desen 28 feb: 1634. was onderteecqt Henricq Brouwer,  Antonij van diemen Pieter Vlack, ende Joan vander Burch Hot bevoorderinge uwer reijse sult op morgen met den dach t' seijl gaen, cours stellende vanden hoeck van Caruan Oost noord oost naer de Custe van Borneo om te vervallen, opde Vlachten tusschen den slijckhoeck ende den oosthoeck van marta pura ofte Banjarmassingh, Oedjangh Salatan genaempt Op de gem: vlachten gecomen sijnde sult op omtrent de thien ofte elff vademen diepte seijlen, voor bij den gemelten hoeck van Salatan, ende als dan met oost ten suijen gangh seijlen benoorden de drie hooge eijlanden, van Pulo laut ende die van Nusasive en kukat over de vlacke gronden, tusschen beijde gelegen, om alsoo te vervallen op het macassaerse lant op 5 graden en 15 minuijten, ene niet Noordelijcker om dat de maccassaerse Custe Noordelijk heel vuijl met veele verbergen clijppen en sanden beset is, doch op dese hoochte schoon ende suijver met goede ancker gronden, Onderwegen sult naerslich uijtsien naer vreemde seijlen, alsoo Het Jegenwoordich int saijsoen is, dat de Jongste vaertuijgen van Malacca op macassar comen, eenige verneemende, poocht die te vermeesteren sonder lichtvaerdich te enteren, alsoo obstinaet ende desperaet volck is, maer dwinghtse met Canon — verseeckert u vande gevangene ende brenghtse nevens t' geene ghij sout mogen comen te veroveren, aenden Heere lodensteijn voor Macassar, opdat daer van disponeeren mach als naer behooren, Voor Macassar sal Batt. a dienst doen, als aende heere Lodensteijn nevens desen ordineeren, ende Textel sal van gemelte Heere lodensteijn nevens desen ordineeren, ende texcel sal van gemelten heere sijn depeche voorderen, om voorts opt' spoedichste naer moluco te seijlen, bij de oostcuste van Celebes door de Straete van Buton ofte bij oosten Camboijno, soo als bij den scheepsraed geraedsaemst sal werden gevonden.",MONUMENT|RUIN,pura|vervallen,,,
ANN0059,paras_1399.txt,"Bantham In't Casteel sourousouang 1682: die naar de Manitgas— contrarie wint alhier vervallen was. — En hun gerecommandt naar bata voort te zeijlen den nachoda met zijn pas ren de hren gesaghebbrs aldaer de vereijste ordres te stellen. — den 20en Maij als stuurman op vaart genaamt Jan kievit geboortigh uijt destreek in noorthollandzer gelegen, die zijn seggen — met 't schip st Jan voor stuurman met de francen hier in Jndia soude gecomen wesen, en noijt onse Compe — gedient, zijnde van daar nu ontrent de twee maanden — geleden met gemelte bodem 't zeijl gegaen, en na— de manilhas gedeclineert, maar was door contrarie gedeclineert en door- wint en sroom vervallen en daar om dese plaets— aangegiert mitsgaders om haar hier mede soo van — branthout als water en teen en tander meer te versien waar op den selven vande heeren gesachebbers ten antwoorde is gedient, dat te deser stede aan haare nooddruftigheden thans met dese ontslaene Troubelen niet en souden — connen geholpen werden, maar wel op batavia, en — oordeelden voor haar daarom wel het beste te wesen — dat met hun schip naderwarts voort zeijlden alwaar— zij van alles souden connen gerieft werden, belackende — hem in beleefde termen weder na boort te varen, — mitsgads gelast dat en op morgen met zijn nachoda nevens hun pas — aanlant moete comen, hier weder aanlant te verschijnen als wanneer haar— Es dan wel nader met geleijde naetoda daar over — souden spreeken, waar mede denselven in comp:e van den capiteijn Jacob been naar 't drinken van een gaesie wijn zijn afscheijt genomen heeft en na boort gevaren Even hier nae gaen de heeren st martin en Francois tack met een gevole van 14: â 15: oppassers het — naar de boom om - casteel uijt na de boom om aldaar de buijten waerten en posten als in het verdelen van het nieuw aan gecomen volcq goede ordre te stellen en met eenen devisite — hier en daar te doen, bekijkende onder wegen den — Javaansen Tempel die hier even buijten het casteel aande rievier kant staet als de chinese straet die — zuijt en noort vande boom afrecht door dese stadt strekt, keerende deselve naar genome opmerckinge tegens den avont weder te rugh. — woonsdagh. — is. — heden",MONUMENT|RUIN,Tempel|vervallen,,,
ANN0060,paras_1399.txt,"Primo augo Bantam int Casteel Sourousouangh Anno 1682:— briefjes die buijten op het velt in despleet van een stockje hadt vinden slaan, wesende inde francetale, en met deselve hand gesz:, daar mede het voor dees gevondene nu 7 dagen geleden met onderschrijving Van mattijs timmerman is gesz: geweest, luijdende inonsetale overgeset sijnde aldus, het eerste.— uijt Turtiassa L: S: Van eenen aria Soeria dimarta mons:tr, naar mijn Eerste soobidt ick uw noghmael te geloven, dat den conincq mij belooft heeft, om alle de gene te Contenteren en genoegen te geven, die hier willen komen, om hem te dienen, en tot verseeckeringh van dit, soo heeft sijn zegel in desen jegenwoordigen gestelt, gelijcq hij inden eersten gedaan heeft, en van wat natie een soodanige soldaat ook sij hij sal welcom wesen. het opschrift kieldt aan eenen nicolla Crocar, op de boombescheijden het tweede translaat hielt in het naarvolgende L: S: als boven. mons:r de Eerste die dese brief sal lesen, sal daar uijt leeren dat de gouverneurs van turtiassa staan te gaan na bantam met 10000 man, soo macassaren, baleijers als Javanen, de geene diesigh hier willen vervoegen bij den conincq sullen goet quartier hebben, maar de gene die indienst vande hollanders sullen blijven, en sullen geen quartier hebben het opschrift hielde aan eenen allard tot banta Connende die godt vergetenschelms nogh niet nalaten om andre mede tot verlies van ziel, en saligheijt aan te porren, en sulcx op hun maniere met schoone beloften, als off een jder soo van alle deughden ontaart was, als sij met hun vaderlant, eer, plight, en eedt vergetentheijt komen te bewijsen, tot haar onseijlbaar tijdelycq en eeuwighe Ruine, evenwel isser van desen morgen dat Eijgen padt opgevolght, den sold. t, laurens Vooght van winckel, onder de comp. e vanden luijtenant bijstervelt,",RUIN|INSCRIPTION,Ruine|opschrift,,,
ANN0061,paras_1455.txt,"Van Seribon den 9en Maart Ao 1688 plaatsen, en gronde zodanig verdeelt waren, want zoo hij sig aan de verdeling door de bantammers gedaan, wilde houden, was sultan soppo genoodsaakt op een ander plaats te wonen, en dan zoude de scheijding Regt te midden door de stadt en desselfs Hoff moeten gaan, alzoo die seijde, daar den Tempel, en de grondt van Radeen-aria gelegen zijn aan annoms deel vervallen: daar hij Rapanagara op antwoorde, die verdeling door de bantammers geschiet; weten wij niet van, maar wel gel: bij den sousouhounan gedaan is; dese van annom vraagde off in die tijde ook, de gronden, en woningen verdeelt waren geworden, daar Rapanagara op seijde neen, de gronden niet verdeelt waren, maar dat door de twee groten uijt de mataram als enen angabeij Ebira Chiaesia, en angab: singa wangsa, gecomen sijnde alle de Chirebonders ordonneerde wie onder sultan soppo, als annom, staan zoude: die van sultan annom weder, of hij daaruijt bewees dat dese plaatse meer onder soppo als annom hoorde, seijde dat doen der tijdt daar volk op gewoont hadde, die onder hem geordonneert wierden; en dat de grondt die gene volgde diese bewoonden, daar andermaal op gevraagt wiert, als 'er dan na de verdeling een persoon, of meer van sultan annom onder sultan soppo overgegaan waren, off de grondt, en woning aan den eersten Heer verblijft, en in eijgendom gehouden wierdt, antwoorde dat zoo bij aldien een onderdaan van den enen prins bij den ander quam over te gaan, als dan de grondt en woning volgden, want onder wien ijemandt laast stondt, desselff wonng hoorde; waarop de mantrijs van sultan annom seijde, dat dan waarl:, dese woning haar sultan toequam, want hij Radeen aria met bewilliging van sultan soppo onder gem: prins al lang gestaan had: en nog te meer nu sodanig onder 't amok Roepen doot gebleven waar, want van de sodanige, den Heer",MONUMENT|RUIN,Tempel|vervallen,,,
ANN0062,paras_1429.txt,"Van Mallabaar onder dato 3:' Maij Ao 1686 malkanderen konnen krijgen zijnde eenelijk aan'thoff verschenen den onder Coning of tweeden prince erorma, en den vrijheer aijnacoete mambedij, waar wanneer hun d' andere herwaarts begeven sullen konnen wij niet wel gifsen in middens salder niet weijnig moeijten aan vastwesen om inde generale bij eenkomst soo veel hoofden en sinnen tot een vast besluijt tebrengen, vermits een ijder zin eijgen belang sal tragten waar tenemen evenwel sullen wij nade mate onser kennisse het beste tot welstant van't Coechinse rijk en Comp:s meesten Intrest betragten, gelijk wij ten desen op sigte bij ons Jongste schrijvens van den 7. ' Julij deses Iaars aan de hoge regeringe van Jndia na batavia verkondigt en ins gelijx onse bedenkingen tekennen gegeven hebben, welkers uijtslag wij moeten afwagten dat wij uw ho: Ed: dan nadesen schuel pligtig sullen bedelen, sijnde den Coechinsen Coning bevorens ettelijke dagen in een seer gevaarlijk krankheijd vervallen, sa soodanig, dat men niet anders als de dood verwagten ter welker tijd sijn hoogheijd den Commandeur vosburg liet versoeken om eens bij hem aan't hof te komen die sig nevens eenige leden uijt den raad ilens derwaarts vervoegde en aldaar gekomen wesende gem: sijn hoogheijd in een dodelijk krankheijd bevonden, niet temin soo dede denselve aan zijn neve den tweden prince, en andere raadsheren des rijx een kragtige aan sprake en versogt aanden Commandeur dat hij gelijk voorheen na zijn overlijden, alsoo hij sig seer swak en met grote benantheden beladen was, bevindende het Coechinse rijk van Comp:s wegen wilde onderschragen en tegens der selver vijanden de hand bieden twelk zijn hoogheijt tot gerustheijd ook van onse zijde wierde belooft het gunt ingelijker voegen op het nader of tweede besoek mede gedaan sinde scheen dese toesegginge gem: sijn hoogheijd geheel te verkwikken te meer alsoo wij door een omstandige toesprak, tot sijn herstellinge goede hope gaven, maar voor het afscheijd quamer een andere swarigheijt vande zijde des Conings te voorschijn, namentlijk een versoek tot het verstrekken van een goede somma geld te minsten een duijsend rd:s om te dienen tot onderhoud van een groot getal heijdense voorbidders, die hun aanthoff en in sijn hoogh:t afgodisen Tempel onthielden behalven de offerhanden die dagelijx tot verlenging van des Conings leven, soo men meende aan meer andere Tempels moesten geschieden, edog dit versoek is op onvermogen afgeslagen, ende onder horige des rijx ten antwoorde toegepast dat sij verschuldigt waren haren Coning indese verlegentheijd t'onderschragen, vermits sulx met ons maar haar int particulier raakten, en ook wel wisten hoedanigen groten somma geld sijn hoogheijd nog aande Comp: schuldig stond waer",MONUMENT|RUIN,Tempel|vervallen,,,
ANN0063,paras_1318.txt,"Jannuarij Maleijo Int Casteel orangie ao 1676 / 08 Item heeft den konink amsterdam de tidoreesen babatos haare preetentie voldaan, aangaande de vijff persoonen; hier vooren meermaalen gemt voor drie personen die vrije luijden waaren jeder a 60 rxos voldaan in kleeden en contanten, voor d'andere twee welke slaasse zyn geweest, geruijlt en weder om andere twee vande over geloopene slaaven van den konink van ternaten op tidoor, inplaatse gegeven Jtem werdt den tolcq naternaten gesonden om sijn hooght amsterdam indaghtig te maaken, datet nu wel gevougelijk was, dat sijn majt de tidoreese babatos, pom vergiffenissen van haaren konink, versoghte, welke op eijgen authoriteijt zijn majt van ternatens Chialoup op 11en december vijandlijk hadden aan getast; waar door deselve in zijn Hooghts onguust waaren vervallen, jaa dat zijn majt. zedert dien tijdt, met heeft willen, als haare konink gaght te werden; boven dien ook dat zijn majts naem in haare gebeeden inden tempel off anders sints, zoude genoempt werden; 'tgeene zijn majt den konink amsterdam voor lieff aan genomen heeft; en belooffde zijne babatos eerstdaghs met den tolcq naar tidoor senden, op dat niets Zoude ontbreeken, dat aan dit heijlsam werk behoorde Vrijdagh 17en do zijnde tidoreese babatos met haar geselschap— naar dat haar affscheijdt genomen hadden wel vergedtrfft nought vertrocken Iem op heeden int hospitael den onder Zeijlmaaker gerrit Jacobsz van amsterdam Saturdagh 18en do niet van belangh voor gevallen, als dat den pel gesalt hebber werdt met een harde koorse aan getaest Sondigh onder",MONUMENT|RUIN,tempel|vervallen,,,
ANN0064,paras_1243.txt,"907. palliacatta den 25 maert rapport van Pr. de Lange aengaende syne vrichtinge. inde Diamant myne, Van d'andere sijde Mijlen 30½ Masulipatam de pagoodt off heijdense Tempel op de bergh besightighde, hier verlaet men de beneden wegh, ende breeckt Noort Noort west wel soo westelijck regt aghter desen bergh lantwaert in nae de mijnen, ende quam jck nogh savonts ten 8en in een schoon dorp genaempt nirmaloer ende bevont dat bij en om dese plaets dijser steen, sant, ende verder minerael daerse het ijser uijt branden vergadert wort, ende isser oock redelijcke weverin van chialou, en gekeperde gingams 11Den 8en smorgens ten drien op Reijs, ende quam ten halffachten In nogh schoon der dorp genaemt Noecle parij daer mede en wel soo veel weverin van boven gerepeteerde gingams was diese heijden D'engelsen haer luijden quamen affcoopen Eenige weijnige stucken dogh grove soorten bij mij daer gekogt, konnen uEdle: verthoonen dat bij onstentenis In andere gewesten D E: Compe: aldaer van die soor te soude konnen werden gedient, hier was overvloet van lijfftoght, Ende naer 't seggen der Commeties, en weverse, sonder een tamelijcke quantiteijt kooper peguse gans, en pitties als thin konnen werden vertiert, en hebben dees bevenstaende plaetsen de Woruparij op de Distantie van 3½ hollantse mijlen, en Carrera op 5: tot Seeplaetsen 'tsavonts quam dan nogh in adinck dat ten tijden der gentijven maghtigh schijnt geweest te hebben maer Den 9en smorgens ten 3. uijren op reijs, en kom ter 8ten in moertessera daer groote weverin was van gevolde kleeden geruijte chelas, Madaphons Romaels, en longijs voor persia, als diverse slagh Negros cleeden diese seijden haer luijden D'engelsen als golcondte en visiapoerse mooren quam affcoopen, dees inwoonderen gaven voor dat ten tijden de portugesen nogh groote vaert op Java, mallacca, siam Combodia pegu, En banasserce hadden dat die plaetse doen seer gerenomeert was, om dat de sorteeringe voor die quartieren aldaer in groote menighte wierden aenbestaet, wat ser doen konnen blijck uEdne: almede tot speculatie, aen een gecoght monster stuck 3 a: 4 van daer mede gebraght, 'tsavonts quam nogh in Rajpoer een boeren Dorp dight onder swaer geberght 9:- was nu vervallen  9: Den 10en smorgens mijlen 59½",MONUMENT|RUIN,Tempel|vervallen,,,
ANN0065,paras_1293.txt,"mondelijk tot narigt bekent gemaakt, maar dewijl deszelfs voorgeven in dit Cas niet mag werden gelooft, nog wij ook van meijning zijn gerepeteerde— hunne verschillen op te lossen, ten eijnde, van beslissing derzelve, veelmin om ov de schuldige de vereijschte correctie te doen, maar dat defereert latende aan d' E h. r gouvern. r anthonio huret in amboina, wanneer zijn E: met de Corcor hongie daar komt te verschijnen, zoo zult ul: de hoofden van de negorije wirnamma, tobbo, en tannavoro aleen deze brieven op hare wijze in caracter geschreven, en waar af ul. een maleijts, en nederlants afschrift is ter hand gesteld toebrengen, mitsgrs: ijder den zijnen na het opschrift, met zoo veel nader vermaning in woorden over geven, als nodig wezen zal, om hun te doen gevoelen, dat bij aldien ordre daar in vervat, om zig van de aldermin verdere hostiliteijt in woorden en feijlen tegens den anderen te hoeden, niet precijselijk zonder eenige inbreuk agtervolgens hoe zij dan nr al was hare zaken nog zoo goet en regtveerdig, in hooge straffen zullen vervallen maar moeten zij de komste en dispositie van welgemelte heer gouvern:r volkomentlijk afwagten, dit dan zoo verrigt mitsgrs: na uw: vermogen ook verders op den grond en bewegende oorzaak van haren tweespalt— g'inquireert, en dezelve in uw memorie ter degen geprent hebbende, om ons daar van bondig en goed raport de doen is d'oorzaak van uwe zending derwaarts voldaan, en hebt gij dan maar op't alderspoedigste te retourneren, mitsgrs: keffing en passant eens aan te doen, om te vernemi hoe de bakens daar mede geschapen staan, overmits ons tegens gewoon te zoo weijnig vaartuigen sedert eenigen tijd uijt dien hoek zijn toegeko men. — gegeven int Casteel Nass:s 23en Iunij 1673. onderstond ue: vrient was geteijkent willem maatsuijker, — Nademael ons  hier ter ooren gekomen is, hoe gij met uw: volk tegens d' orangkaijen en ingezeten van tannavoro, om diverse reden, die wij nu niet willen moveren, zoo ver in verwijdering geraakt zijt, dat niet aleen in drijgementen. maar ook dadelijk als vijanden den een den anderen hebt Willem Maatsuijker gouvernr der Eijlanden.",RUIN|INSCRIPTION,vervallen|opschrift,,,
