title,date,source,identifier,description,relevance,tags
UIT MIDDEN-JAVA. DJOKJA. (Van onzen redacteur). Kostbare oudheidkundige vondsten. Steenplaten-graven uit Bronstijdperk.,1934/06/29,Koninklijke Bibliotheek C 64,http://resolver.kb.nl/resolve?urn=ddd:011110022:mpeg21:a0255:ocr,,7,ARCHAEOLOGY; STONE; METAL; JAVA
MIDDEN-JAVA Het sprekende Vrouwenbeeld OPGRAVING IN KAMPONG.,1938/10/23,Koninklijke Bibliotheek,http://resolver.kb.nl/resolve?urn=MMKB27:021093037:mpeg21:a00152:ocr,,6,ARCHAEOLOGY; STATUE; JAVA
EEN TOCHT NAAR DE KLOETHELLING. (Van onzen correspondent te Malang.) III. Het Penataran-tempelcomplex. – Chineesche muur. Van tempels en badplaatsen. – De bezoekers. Verdere opgravingen.,1939/03/10,KB C 248,http://resolver.kb.nl/resolve?urn=ddd:010285671:mpeg21:a0224:ocr,,6,ARCHAEOLOGY; TEMPLE; JAVA
"OOST-JAVA Oudheidkundige Vondsten STEENEN, MESSEN, SPEREN EN BIJLEN.",1939/08/20,Koninklijke Bibliotheek,http://resolver.kb.nl/resolve?urn=MMKB27:021096085:mpeg21:a00117:ocr,,5,ARCHAEOLOGY; STONE; JAVA
"Natuur en Historie op het Diëng-Plateau De Rijke Flora, de Vele Sporen van Vulcanisme, en de Hindoe-Oudheden. Eenmaal Dicht Bevolkt, zegt Overlevering. Vroeger een Enorme Vulkaan.",1935/05/31,Universitaire Bibliotheken Leiden,http://resolver.kb.nl/resolve?urn=MMKB23:001754066:mpeg21:a00322:ocr,,5,ARCHAEOLOGY; VOLCANIC
Op de Kloethelling III. Het Penataran – tempelcomplex Chineesche muur. — Van tempels en badplaatsen. — De bezoekers. — Verde. re opgravingen.,1939/03/09,Koninklijke Bibliotheek C 64,http://resolver.kb.nl/resolve?urn=ddd:011121248:mpeg21:a0199:ocr,,5,ARCHAEOLOGY; TEMPLE
GROOT IRRIGATIEWERK IN ZUID-SUMATRA Op Javanenkolonie. Oudheidkundige vondsten.,1939/11/07,Koninklijke Bibliotheek,http://resolver.kb.nl/resolve?urn=KBNRC01:000087703:mpeg21:a0151:ocr,,4,ARCHAEOLOGY; JAVA
Oudheidkundige vondsten in Oost-Java.,1929/11/01,KB NBM Mfm MMK 0030 [Microfilm],http://resolver.kb.nl/resolve?urn=ddd:010030560:mpeg21:a0251:ocr,,4,ARCHAEOLOGY; JAVA
VONDST OP MIDDEN JAVA OUDHEDEN HEBBEN DOOR BEVING WEINIG GELEDEN.,1937/10/17,Koninklijke Bibliotheek,http://resolver.kb.nl/resolve?urn=MMKB27:021089029:mpeg21:a00115:ocr,,4,ARCHAEOLOGY; JAVA
Vondst op Midden-Java Oudheden hebben door beving weinig geleden,1937/09/30,Koninklijke Bibliotheek C 96,http://resolver.kb.nl/resolve?urn=ddd:011074738:mpeg21:a0050:ocr,,4,ARCHAEOLOGY; JAVA
Oudheidkundige vondsten. Onze Midden Java-redacteur meldt:,1926/04/01,Universitaire Bibliotheken Leiden,http://resolver.kb.nl/resolve?urn=MMKB23:001693079:mpeg21:a00079:ocr,,4,ARCHAEOLOGY; JAVA
VONDST OP MIDDEN-JAVA OUDHEDEN HEBBEN DOOR BEVING WEINIG GELEDEN.,1937/10/20,Stadsarchief Breda,http://resolver.kb.nl/resolve?urn=MMSAB03:000067156:mpeg21:a0030:ocr,,4,ARCHAEOLOGY; JAVA
Boorput van meer dan. 3 k.m. diepte Olie-exploratie in West-Java EEN RECORD VOOR NED.-INDIë,1939/03/11,Gemeentearchief Delft,http://resolver.kb.nl/resolve?urn=MMKB08:000079123:mpeg21:a0136:ocr,,4,DEPTH; JAVA
Boorput van meer =dan 3 k.m. diepte Olie-exploratie in West-Java,1939/03/10,Koninklijke Bibliotheek,http://resolver.kb.nl/resolve?urn=MMKB27:021094115:mpeg21:a00106:ocr,,4,DEPTH; JAVA
OLIE-EXPLORATIE IN WEST-JAVA De B. P. M. heeft de diepste boring in Nederlandsch-Indië op haar naam,1939/03/10,KB C 236,http://resolver.kb.nl/resolve?urn=ddd:010406426:mpeg21:a0186:ocr,,4,DEPTH; JAVA
Olie-exploratie in West-Java DE DIEPSTE BORING IN NEDERLANDSCHINDIË,1939/03/10,Regionaal Archief Nijmegen,http://resolver.kb.nl/resolve?urn=MMRANM02:000034182:mpeg21:a0005:ocr,,4,DEPTH; JAVA
Olie-exploratie in West-Java De diepste boring in Nederlandsch-Indië,1939/03/10,Koninklijke Bibliotheek,http://resolver.kb.nl/resolve?urn=MMKB04:000150097:mpeg21:a0245:ocr,,4,DEPTH; JAVA
MODJOKERTO. (Van onzen correspondent.) Oudheidkundig bodemonderzoek in Majaphit.,1941/07/11,"Koninklijk Instituut voor Taal-, Land- en Volkenku DP IC/41-3",http://resolver.kb.nl/resolve?urn=ddd:011176484:mpeg21:a0105:ocr,,4,ARCHAEOLOGY; JAVA
Modjokerto OUDHEIDKUNDIG BODEM. ONDERZOEK MADJAPAHIT.,1941/07/12,Koninklijke Bibliotheek C 64,http://resolver.kb.nl/resolve?urn=ddd:011122387:mpeg21:a0232:ocr,,4,ARCHAEOLOGY; JAVA
Oudheden op Java.,1914/03/12,KB 1634 B1,http://resolver.kb.nl/resolve?urn=ddd:010324083:mpeg21:a0049:ocr,,4,ARCHAEOLOGY; JAVA
Oudheidkundige vondsten. Merkwaardige steenen.,1935/04/08,KB C 248,http://resolver.kb.nl/resolve?urn=ddd:010284815:mpeg21:a0307:ocr,,4,ARCHAEOLOGY; STONE
KEDIRI. (Van onzen correspondent.) Oudheidkundig verkenningswerk.,1941/10/09,"Koninklijk Instituut voor Taal-, Land- en Volkenku",http://resolver.kb.nl/resolve?urn=ddd:011176327:mpeg21:a0110:ocr,,4,ARCHAEOLOGY; JAVA
Kediri OUDHEIDKUNDIG ONDERZOEK.,1940/11/27,Koninklijke Bibliotheek C 64,http://resolver.kb.nl/resolve?urn=ddd:011121494:mpeg21:a0239:ocr,,4,ARCHAEOLOGY; JAVA
Kediri OUDHEIDKUNDIG VERKENNINGSWERK.,1941/10/11,Koninklijke Bibliotheek C64,http://resolver.kb.nl/resolve?urn=ddd:011122830:mpeg21:a0210:ocr,,4,ARCHAEOLOGY; JAVA
UIT DEN OOSTHOEK. UIT MALANG. (Van onzen redacteur). Oudheidkundige dienst.,1931/08/08,Koninklijke Bibliotheek C 64,http://resolver.kb.nl/resolve?urn=ddd:011109238:mpeg21:a0186:ocr,,4,ARCHAEOLOGY; JAVA
Modjokerto OUDHEIDKUNDIGE VEREENIGING „MAJAPAHIT”.,1940/07/15,Koninklijke Bibliotheek C 64,http://resolver.kb.nl/resolve?urn=ddd:011122428:mpeg21:a0093:ocr,,4,ARCHAEOLOGY; JAVA
MODJOKERTO. (Van onzen correspondent.) Oudheidkundige vereeniging „Majapahit.”,1939/07/19,KB C 248,http://resolver.kb.nl/resolve?urn=ddd:010285830:mpeg21:a0221:ocr,,4,ARCHAEOLOGY; JAVA
Modjokerto OUDHEIDKUNDIGE VEREENIGING „MAJAPAHIT”.,1939/07/18,Koninklijke Bibliotheek C 64,http://resolver.kb.nl/resolve?urn=ddd:011121789:mpeg21:a0243:ocr,,4,ARCHAEOLOGY; JAVA
WETENSCHAPPEN. HOOFD OUDHEIDKUNDIGEN DIENST TE MALANG. De regionale oudheidkundige musea.,1940/03/07,"Koninklijk Instituut voor Taal-, Land- en Volkenku DP IC/40-1",http://resolver.kb.nl/resolve?urn=ddd:011176811:mpeg21:a0211:ocr,,4,ARCHAEOLOGY; JAVA
WETENSCHAPPEN. HOOFD OUDHEIDKUNDIGEN DIENST TE MALANG. De regionale oudheidkundige  musea.,1940/03/07,KB C 248,http://resolver.kb.nl/resolve?urn=ddd:010286278:mpeg21:a0217:ocr,,4,ARCHAEOLOGY; JAVA
Wetenschappelijke Berichten. De opgravingen van Graikeiders te Emmen.,1913/07/23,KB NBM Mfm MMK 0030 [Microfilm],http://resolver.kb.nl/resolve?urn=ddd:010032927:mpeg21:a0126:ocr,,3,ARCHAEOLOGY
MUSEUM VAN OUDHEDEN TE LEYDEN.,1844/02/06,KB T948,http://resolver.kb.nl/resolve?urn=ddd:010088942:mpeg21:a0006:ocr,,3,ARCHAEOLOGY
MUSEUM VAN OUDHEDEN TE LEYDEN.,1854/03/15,Koninklijke Bibliotheek T 948,http://resolver.kb.nl/resolve?urn=ddd:010787982:mpeg21:a0010:ocr,,3,ARCHAEOLOGY
Oude tempels bij Malang.,1925/06/06,KB C 21,http://resolver.kb.nl/resolve?urn=ddd:010657593:mpeg21:a0145:ocr,,3,TEMPLE; JAVA
Oudheidkundige vondsten in Palembang.,1935/05/04,KB C 21,http://resolver.kb.nl/resolve?urn=ddd:010663926:mpeg21:a0198:ocr,,3,ARCHAEOLOGY
OUDHEIDKUNDIGE VONDSTEN. Geen ophef gewettigd.,1935/07/22,KB 1634 C1,http://resolver.kb.nl/resolve?urn=ddd:010382280:mpeg21:a0048:ocr,,3,ARCHAEOLOGY
Oudheidkundige vondsten ERNSTIGE OVERDRIJVING,1935/06/11,Koninklijke Bibliotheek 1634 C1,http://resolver.kb.nl/resolve?urn=ddd:010971191:mpeg21:a0082:ocr,,3,ARCHAEOLOGY
OUDHEIDKUNDIGE VONDSTEN IN INDIE.,1937/08/18,Koninklijke Bibliotheek,http://resolver.kb.nl/resolve?urn=MMKB32:164690042:mpeg21:a00046:ocr,,3,ARCHAEOLOGY
BEELDEN VIT MIDDEN- EN OOST-JAVA.,1937/11/20,Universitaire Bibliotheken Leiden,http://resolver.kb.nl/resolve?urn=MMKB23:003465039:mpeg21:a00302:ocr,,3,STATUE; JAVA
Oudheden in het Loemadjangsche. Belangrijke vondsten.,1938/01/13,Universitaire Bibliotheken Leiden,http://resolver.kb.nl/resolve?urn=MMKB23:003460021:mpeg21:a00130:ocr,,3,ARCHAEOLOGY
"De Vondsten op Celebes. Verwachtingen verre overtroffen, zegt dr. Stein. De eerste conclusies van den oudheidkundige.",1933/09/18,Universitaire Bibliotheken Leiden,http://resolver.kb.nl/resolve?urn=MMKB23:001747032:mpeg21:a00154:ocr,,3,ARCHAEOLOGY
Oudheidkundige dienst.,1937/10/14,KB NBM C 44 [Microfilm],http://resolver.kb.nl/resolve?urn=ddd:010017463:mpeg21:a0238:ocr,,3,ARCHAEOLOGY
Op zoek naar de aapmens Ned. oudheidkundige naar Z. Afrika,1951/01/09,Regionaal Archief Zutphen,http://resolver.kb.nl/resolve?urn=MMRAZ03:179298007:mpeg21:a00078:ocr,,3,ARCHAEOLOGY
Op zoek naar de aapmens Ned. oudheidkundige naar Z. Afrika,1950/12/28,Historisch Centrum Overijssel,http://resolver.kb.nl/resolve?urn=MMHCO02:163902100:mpeg21:a00119:ocr,,3,ARCHAEOLOGY
"De Oudheidkundige Dienst, Het jaarverslag over 1938.",1939/06/06,Universitaire Bibliotheken Leiden,http://resolver.kb.nl/resolve?urn=MMKB23:003473065:mpeg21:a00131:ocr,,3,ARCHAEOLOGY
Oudheidkundige Dienst.,1939/06/07,Koninklijke Bibliotheek,http://resolver.kb.nl/resolve?urn=MMKB19:000477054:mpeg21:a00041:ocr,,3,ARCHAEOLOGY
Oudheidkundige vondsten op Bali.,1925/09/26,Universitaire Bibliotheken Leiden,http://resolver.kb.nl/resolve?urn=MMKB23:001695061:mpeg21:a00011:ocr,,3,ARCHAEOLOGY
Voorwerpen met Oudheidkundige Waarde.,1925/11/20,Koninklijke Bibliotheek,http://resolver.kb.nl/resolve?urn=MMKB19:000429069:mpeg21:a00087:ocr,,3,ARCHAEOLOGY
KOSTBARE OUDHEIDKUNDIGE VONDSTEN.,1934/06/28,Koninklijke Bibliotheek,http://resolver.kb.nl/resolve?urn=MMKB19:000456114:mpeg21:a00019:ocr,,3,ARCHAEOLOGY
WETENSCHAPPEN. OUDHEIDKUNDIGE VOORWERPEN. Medewerking gevraagd.,1925/11/13,KB C 248,http://resolver.kb.nl/resolve?urn=ddd:010278033:mpeg21:a0082:ocr,,3,ARCHAEOLOGY
LETTEREN EN KUNST. OUDHEIDKUNDIGE VONDSTEN OP BALL.,1925/10/31,Tilburg University Library,http://resolver.kb.nl/resolve?urn=MMKB23:001960105:mpeg21:a00087:ocr,,3,ARCHAEOLOGY
Voorwerpen van oudheidkundige waarde.,1925/11/18,Universitaire Bibliotheken Leiden,http://resolver.kb.nl/resolve?urn=MMKB23:001698045:mpeg21:a00023:ocr,,3,ARCHAEOLOGY
Voorwerpen van Oudheidkundige Waarde.,1925/11/21,Koninklijke Bibliotheek C 96,http://resolver.kb.nl/resolve?urn=ddd:011071720:mpeg21:a0132:ocr,,3,ARCHAEOLOGY
HET NIEUWS VAN DEN DAG  VOOR NEDERLANDSCH-INDIË. Oude Steen-Cultuur Bewaard Gebleven ? Oude Man in Goenoeng Kidoelsche Ontdekt die met Primitieve Middelen Beelden Maakt Merkwaardige Voortzetting van Vroegere Kunst. De Beelden in Tapa-Houding.,1936/08/08,KB C55,http://resolver.kb.nl/resolve?urn=ddd:010230487:mpeg21:a0334:ocr,,3,STATUE; STONE
DE OUDHEIDKUNDIGE OPGRAVINGEN TE MODJOPAIT. (Van onzen correspondent.) BIZONDERHEDEN OVER DE OPPERVORSTELIJKE RESIDENTIE. Kedaton en kraton.,1941/07/24,"Koninklijk Instituut voor Taal-, Land- en Volkenku DP IC/41-3",http://resolver.kb.nl/resolve?urn=ddd:011176495:mpeg21:a0131:ocr,,3,ARCHAEOLOGY
WETENSCHAPPEN. BALI. Oudheidkundige vondsten.,1925/09/28,KB C 248,http://resolver.kb.nl/resolve?urn=ddd:010277994:mpeg21:a0181:ocr,,3,ARCHAEOLOGY
Oudheidkundige vondsten op Ball. BALI EN LOMBOK.,1925/10/27,KB NBM Mfm MMK 0030 [Microfilm],http://resolver.kb.nl/resolve?urn=ddd:010028094:mpeg21:a0149:ocr,,3,ARCHAEOLOGY
Oudheidkundige vondsten op Bali.,1925/09/25,KB C55,http://resolver.kb.nl/resolve?urn=ddd:010220370:mpeg21:a0012:ocr,,3,ARCHAEOLOGY
Oudheidkundige Vondsten op Balt.,1925/09/30,Koninklijke Bibliotheek,http://resolver.kb.nl/resolve?urn=MMKB19:000429026:mpeg21:a00070:ocr,,3,ARCHAEOLOGY
De Javasche ramp.,1883/10/06,KB 1640 C 1,http://resolver.kb.nl/resolve?urn=ddd:110536912:mpeg21:a0057:ocr,,3,VOLCANIC; JAVA
DE OPNIEUW ONTDEKTE TJANDI De eenlge baksteenen tempel,1932/10/01,Koninklijke Bibliotheek 1634 C1,http://resolver.kb.nl/resolve?urn=ddd:011023954:mpeg21:a0183:ocr,,3,TEMPLE; STONE
DE OPNIEUW ONTDEKTE TJANDI De eenige baksteenen tempel,1932/10/01,KB 1634 C1,http://resolver.kb.nl/resolve?urn=ddd:010361724:mpeg21:a0182:ocr,,3,TEMPLE; STONE
De Tjandi’s van Midden-Java. (Vervolg van de derde pagina). De Boroboedoer.,1936/05/22,Universitaire Bibliotheken Leiden,http://resolver.kb.nl/resolve?urn=MMKB23:003463035:mpeg21:a00249:ocr,,3,TEMPLE; JAVA
Oudheidkundige vondsten.,1938/04/04,Koninklijke Bibliotheek C 64,http://resolver.kb.nl/resolve?urn=ddd:011110511:mpeg21:a0219:ocr,,3,ARCHAEOLOGY
Oudheidkundige Vondsten,1938/04/05,KB C55,http://resolver.kb.nl/resolve?urn=ddd:010226648:mpeg21:a0074:ocr,,3,ARCHAEOLOGY
Oudheidkundige vondst,1938/10/31,Koninklijke Bibliotheek C 64,http://resolver.kb.nl/resolve?urn=ddd:011121187:mpeg21:a0210:ocr,,3,ARCHAEOLOGY
OUDHEIDKUNDIGE RAPPORTEN. Als monografieën.,1941/03/14,"Koninklijk Instituut voor Taal-, Land- en Volkenku DP IC/41-2",http://resolver.kb.nl/resolve?urn=ddd:011176614:mpeg21:a0060:ocr,,3,ARCHAEOLOGY
Oudheidkundige schatten moeten teruggegeven,1951/04/11,Koninklijke Bibliotheek,http://resolver.kb.nl/resolve?urn=MMKB19:000288078:mpeg21:a00015:ocr,,3,ARCHAEOLOGY
OUDHEIDKUNDIGE DIENST,1935/10/23,Koninklijke Bibliotheek,http://resolver.kb.nl/resolve?urn=MMKB19:000458045:mpeg21:a00018:ocr,,3,ARCHAEOLOGY
Oost-Indië De Bataviasche moordzaak. Gewezen politieman voor de rechtbank.,1935/12/12,Gemeentearchief Venlo,http://resolver.kb.nl/resolve?urn=MMGAVL01:000030488:mpeg21:a0035:ocr,,3,VOLCANIC; JAVA
OUDHEIDKUNDIGE VONDSTEN.,1914/03/30,Koninklijke Bibliotheek,http://resolver.kb.nl/resolve?urn=MMKB23:001528224:mpeg21:a00173:ocr,,3,ARCHAEOLOGY
Oudheidkundig Onderzoek.,1929/10/19,Koninklijke Bibliotheek C 96,http://resolver.kb.nl/resolve?urn=ddd:011072525:mpeg21:a0019:ocr,,3,ARCHAEOLOGY
UIT DE INDISCHE BLADEN. Oudheidkundig onderzoek.,1912/07/26,KB C 236,http://resolver.kb.nl/resolve?urn=ddd:010549028:mpeg21:a0034:ocr,,3,ARCHAEOLOGY
OUDHEIDKUNDIGE VONDSTEN,1935/04/10,Koninklijke Bibliotheek,http://resolver.kb.nl/resolve?urn=MMKB19:000461083:mpeg21:a00052:ocr,,3,ARCHAEOLOGY
Oudheidkundig onderzoek.,1940/11/27,"Koninklijk Instituut voor Taal-, Land- en Volkenku DP IC/40-2 - 41-1",http://resolver.kb.nl/resolve?urn=ddd:011176384:mpeg21:a0089:ocr,,3,ARCHAEOLOGY
De oudheidkundige vereeniging „Modjopait.”,1938/08/02,KB C 248,http://resolver.kb.nl/resolve?urn=ddd:010286094:mpeg21:a0212:ocr,,3,ARCHAEOLOGY
Wetenschappelijk nieuws. oudheidkundig verslag.,1920/12/01,Universitaire Bibliotheken Leiden,http://resolver.kb.nl/resolve?urn=MMKB23:001679051:mpeg21:a00048:ocr,,3,ARCHAEOLOGY
Hindoe-oudheden.,1938/08/27,KB C 248,http://resolver.kb.nl/resolve?urn=ddd:010286116:mpeg21:a0233:ocr,,3,ARCHAEOLOGY
OUDHEIDKUNDIGE MUSEA Naar decentralisatie.,1940/03/29,Koninklijke Bibliotheek,http://resolver.kb.nl/resolve?urn=KBNRC01:000088708:mpeg21:a0188:ocr,,3,ARCHAEOLOGY
Wetenschappen. HOOFD OUDHEIDKUNDIGEN DIENST. De regionale oudheidkundige musea.,1940/03/13,Koninklijke Bibliotheek C55,http://resolver.kb.nl/resolve?urn=ddd:010984284:mpeg21:a0193:ocr,,3,ARCHAEOLOGY
OUDHEIDKUNDIGE DIENST.,1913/07/29,Koninklijke Bibliotheek,http://resolver.kb.nl/resolve?urn=MMKB23:001500074:mpeg21:a00124:ocr,,3,ARCHAEOLOGY
Waar ligt de tempel?,1941/07/23,"Koninklijk Instituut voor Taal-, Land- en Volkenku DP SP/41-3",http://resolver.kb.nl/resolve?urn=ddd:011177053:mpeg21:a0114:ocr,,2,TEMPLE
Over de „Tjandi Mendoet”. De Boeddhistische tempel uit de Progro-vallei.,1933/01/06,Tresoar,http://resolver.kb.nl/resolve?urn=ddd:010746049:mpeg21:a0118:ocr,,2,TEMPLE
DE JONGSTE HERSTELLINGEN AAN DE TJANDI HENDOET.,1910/01/13,Koninklijke Bibliotheek C 96,http://resolver.kb.nl/resolve?urn=ddd:011035487:mpeg21:a0067:ocr,,2,TEMPLE
"De Heilige Tempelkat van Oengaran. De Amerikaansche, de kampongkat en de Semarangsche havenmeester.",1927/05/23,Universitaire Bibliotheken Leiden,http://resolver.kb.nl/resolve?urn=MMKB23:001701056:mpeg21:a00022:ocr,,2,TEMPLE
HET DJOKJASCHE MUSEUM.,1934/03/16,Koninklijke Bibliotheek,http://resolver.kb.nl/resolve?urn=MMKB19:000452146:mpeg21:a00026:ocr,,2,VOLCANIC
Een Oude Cultuur. De Vondsten uit vervlogen tijden op de Pasemah vlakte. Aan den voet van den machtigen Dempo. Beeld bij doesoen Padang.,1932/11/11,Universitaire Bibliotheken Leiden,http://resolver.kb.nl/resolve?urn=MMKB23:001757021:mpeg21:a00003:ocr,,2,STATUE
"Stikte de Vesuvius in zijn protest? Sinds maart 1944 zwijgt de vulkaan, die Pompeji begroef",1956/03/17,Centre Céramique,http://resolver.kb.nl/resolve?urn=MMCC02:211173066:mpeg21:a00194:ocr,,2,VOLCANIC
Candi,1992/02/22,Nederlands Dagblad,http://resolver.kb.nl/resolve?urn=ddd:010559901:mpeg21:a0201:ocr,,2,TEMPLE
Tjandi Sawentar.,1923/11/14,KB NBM Mfm MMK 0030 [Microfilm],http://resolver.kb.nl/resolve?urn=ddd:010026890:mpeg21:a0136:ocr,,2,TEMPLE
Oude tempels.,1922/06/22,KB C 142,http://resolver.kb.nl/resolve?urn=ddd:010210419:mpeg21:a0163:ocr,,2,TEMPLE
De Tjandi Panataran.,1930/04/19,KB C 248,http://resolver.kb.nl/resolve?urn=ddd:010279250:mpeg21:a0189:ocr,,2,TEMPLE
KUNST EN LETTEREN. DE TJANDI MENDOET.,1902/03/24,Koninklijke Bibliotheek,http://resolver.kb.nl/resolve?urn=MMKB04:000126346:mpeg21:a0063:ocr,,2,TEMPLE
Het stadsbeeld.,1933/07/06,Koninklijke Bibliotheek C 64,http://resolver.kb.nl/resolve?urn=ddd:011109726:mpeg21:a0226:ocr,,2,STATUE
BEELDENDE KUNSTEN.,1902/07/21,Koninklijke Bibliotheek,http://resolver.kb.nl/resolve?urn=MMKB19:000911146:mpeg21:a00106:ocr,,2,STATUE
"De Zwervende Geleerde vol Energie De ontgraving van de Vleermuizengroi door Dr Van Siein Callenfels was een voorbeeld voor verdere onderzoekingen Hij putte zijn kennis uit fenomenaal Geheugen Ontembare energie, onverwoestbare Vitaliteit",1938/05/21,KB C55,http://resolver.kb.nl/resolve?urn=ddd:010226691:mpeg21:a0309:ocr,,2,STATUE
DE KALKSTEENFORMATIES.,1938/04/27,Universitaire Bibliotheken Leiden,http://resolver.kb.nl/resolve?urn=MMKB23:003458110:mpeg21:a00184:ocr,,1,STONE
OOST-JAVA Moord in Malangs Montmartre,1939/12/24,Koninklijke Bibliotheek,http://resolver.kb.nl/resolve?urn=MMKB27:021097141:mpeg21:a00133:ocr,,1,JAVA
De Java-Bode. HAVENS OP JAVA.,1866/06/06,KB C 47,http://resolver.kb.nl/resolve?urn=ddd:010484478:mpeg21:a0020:ocr,,1,JAVA
EEN TOCHT NAAR DE KLOETHELLING. (Van onzen correspondent te Malang.) I Ter onderneming „Penataran”. – Uitverkoren Ligging. – Onderneming en werving. – Het Uivertje. – Overblijfselen der oudheid.,1939/03/08,KB C 248,http://resolver.kb.nl/resolve?urn=ddd:010285669:mpeg21:a0306:ocr,,1,JAVA
Oost-Indië Een Indische imkerij. Een op Europeesche leest geschoeid bedrijf te Nongkodjajar in Oost-Java.,1930/08/25,Gemeentearchief Venlo,http://resolver.kb.nl/resolve?urn=MMGAVL01:000014540:mpeg21:a0049:ocr,,1,JAVA
"NEDERLANDSCH INDIE. BATAVIA, 10 November 1887.",1887/11/10,Koninklijke Bibliotheek C 96,http://resolver.kb.nl/resolve?urn=ddd:110617225:mpeg21:a0014:ocr,,1,JAVA
MIDDEN-JAVA-PAGINA JOGJAKARTA Het zwembad.,1928/07/21,Universitaire Bibliotheken Leiden,http://resolver.kb.nl/resolve?urn=MMKB23:001719053:mpeg21:a00101:ocr,,1,JAVA
AVOND-EDITIE. EERSTE BLAD. Dit nummer bestaat uit twee bladen. DE WORDING- VAN JAVA.,1910/04/08,Koninklijke Bibliotheek,http://resolver.kb.nl/resolve?urn=MMKB08:000123057:mpeg21:a0001:ocr,,1,JAVA
MIDDEN-JAVA SOLO Het verdrinken der twee militairen.,1928/01/31,Universitaire Bibliotheken Leiden,http://resolver.kb.nl/resolve?urn=MMKB23:001712074:mpeg21:a00058:ocr,,1,JAVA
MIDDEN-JAVA-PAGINA BODEMKAARTEERING. De arbeid van het laboratorium in Midden-Java.,1929/08/08,Universitaire Bibliotheken Leiden,http://resolver.kb.nl/resolve?urn=MMKB23:001714096:mpeg21:a00090:ocr,,1,JAVA
Waarom liet de oertijd juist op Java sporen achter?,1963/06/07,Regionaal Historisch Centrum Eindhoven,http://resolver.kb.nl/resolve?urn=MMRHCE02:163648031:mpeg21:a00082:ocr,,1,JAVA
Wereldvermaarde Bouwwerken v. De Boroboedoer op Java,1936/06/07,Koninklijke Bibliotheek MM03C-101525,http://resolver.kb.nl/resolve?urn=ddd:011172248:mpeg21:a0001:ocr,,1,JAVA
"Koloniën. Batavia, 36 October.",1911/11/24,KB C 420,http://resolver.kb.nl/resolve?urn=ddd:010200232:mpeg21:a0040:ocr,,1,JAVA
WETENSCHAP PRAEHISTORISCH ONDERZOEK Buitenlandsche geleerden op Java.,1938/04/13,Koninklijke Bibliotheek,http://resolver.kb.nl/resolve?urn=KBNRC01:000087779:mpeg21:a0118:ocr,,1,JAVA
De Malangsche Museumplannen.,1930/09/25,Koninklijke Bibliotheek C 96,http://resolver.kb.nl/resolve?urn=ddd:011072354:mpeg21:a0051:ocr,,1,JAVA
HINDOE-JAVAANSCHE KUNST.,1928/12/29,KB C 21,http://resolver.kb.nl/resolve?urn=ddd:010659730:mpeg21:a0208:ocr,,1,JAVA
DE PRAEHISTORISCHE VONDSTEN. In het Goenoeng-Kidoelsche. GROOT AANTAL STEENKISTGRAVEN EN WERKTUIGEN.,1934/07/14,KB C 98,http://resolver.kb.nl/resolve?urn=ddd:110572182:mpeg21:a0254:ocr,,1,STONE
DE PRAE-HISTORISCHE MENSCH OP JAVA. Een nieuwe vindplaats.,1926/10/05,Koninklijke Bibliotheek 1634 B1,http://resolver.kb.nl/resolve?urn=ddd:010970255:mpeg21:a0002:ocr,,1,JAVA
"HET NIEUWS VAN DEN DAG voor Nederlandsch-Indië. van Vrijdag 31 Mei 1918, No. 129. Directeur: K. WYBRANDS. Wd. Hoofdredacteur: H. MULDER. Redacteur: G. VAN LOON. Redacteur in Europa: G. WYBRANDS. Derde Blad. Alpinisme op Java.",1918/05/31,Koninklijke Bibliotheek,http://resolver.kb.nl/resolve?urn=KBDDD02:000199058:mpeg21:a0030:ocr,,1,JAVA
"De ramp op Java en Sumatra. Batavia, 1 September.",1883/10/10,Stadsarchief Enschede,http://resolver.kb.nl/resolve?urn=MMSAEN01:000038439:mpeg21:a0001:ocr,,1,JAVA
Uit de Java-mail.,1896/01/08,Koninklijke Bibliotheek,http://resolver.kb.nl/resolve?urn=MMKB15:000007002:mpeg21:a00025:ocr,,1,JAVA
"Nederlandsche Kolonien. BATAVIA, 19 Juni.",1871/08/03,KB C 21,http://resolver.kb.nl/resolve?urn=ddd:010099629:mpeg21:a0009:ocr,,1,JAVA
DE MAIL UIT OOST-INDIE. De ramp op Java en Sumatra.,1883/10/09,Koninklijke Bibliotheek,http://resolver.kb.nl/resolve?urn=MMKB23:001416086:mpeg21:a00005:ocr,,1,JAVA
Borobudur op Java moet snel worden hersteld Deel van noordwand helt sterk en dreigt in te storten,1963/08/02,Noord-Hollands Archief,http://resolver.kb.nl/resolve?urn=MMNHA03:197608029:mpeg21:a00095:ocr,,1,JAVA
OOST-JAVA. TRENGGALEK.,1931/04/11,KB C 248,http://resolver.kb.nl/resolve?urn=ddd:010279338:mpeg21:a0138:ocr,,1,JAVA
OOST-JAVA Bevloeiïngswerken VAN KALI BENG-WADOEK WORDT AFGEZIEN,1939/05/28,Koninklijke Bibliotheek,http://resolver.kb.nl/resolve?urn=MMKB27:021095091:mpeg21:a00137:ocr,,1,JAVA
Prachistorische Graven op Java.,1921/11/10,Koninklijke Bibliotheek C 96,http://resolver.kb.nl/resolve?urn=ddd:011040116:mpeg21:a0015:ocr,,1,JAVA
FEUILLETON. Indische Reisbrieven  door  Prol dr. J. PK. VOGEL. (Nadruk verboden.) V. De oude monumenten van Java.,1925/11/08,KB NBM Mfm MMK 0030 [Microfilm],http://resolver.kb.nl/resolve?urn=ddd:010028116:mpeg21:a0150:ocr,,1,JAVA
De Man van West Java's Wegennet,1938/05/04,Koninklijke Bibliotheek,http://resolver.kb.nl/resolve?urn=MMKB19:000421003:mpeg21:a00041:ocr,,1,JAVA
Uit de Java-bladen.,1897/12/08,Koninklijke Bibliotheek,http://resolver.kb.nl/resolve?urn=MMKB15:000009098:mpeg21:a00022:ocr,,1,JAVA
Geologische zwerltochten op Java.,1914/12/05,Koninklijke Bibliotheek,http://resolver.kb.nl/resolve?urn=MMKB23:001506186:mpeg21:a00041:ocr,,1,JAVA
OOST-JAVA NIEUWS. MALANG. (Van onzen redacteur.) Voortgaande tokobouw.,1936/12/28,KB C 248,http://resolver.kb.nl/resolve?urn=ddd:010285512:mpeg21:a0259:ocr,,1,JAVA
"AANTEEKENINGEN Java, Deli en de kolonisatie",1932/04/08,Koninklijke Bibliotheek,http://resolver.kb.nl/resolve?urn=KBDDD02:000199572:mpeg21:a0001:ocr,,1,JAVA
Oost-Java stoomtram Mij Drie leden van het comité van obligatiehouders gekozen.,1938/10/13,KB NBM C 44 [Microfilm],http://resolver.kb.nl/resolve?urn=ddd:010018074:mpeg21:a0067:ocr,,1,JAVA
Een nieuwe spoorweg voor Java.,1882/08/18,KB C 76,http://resolver.kb.nl/resolve?urn=ddd:010290534:mpeg21:a0001:ocr,,1,JAVA
Kolonel van Altena haalt herinneringen op KMA. heeft ook nog gehuisd op Java! Ook in de Indonesische strijd macht zitten oud-cadetten,1953/07/27,Stadsarchief Breda,http://resolver.kb.nl/resolve?urn=MMSAB05:259515023:mpeg21:a00074:ocr,,1,JAVA
De moord te Singosari. Doortastend optreden van den Wedono,1937/07/14,Koninklijke Bibliotheek C 64,http://resolver.kb.nl/resolve?urn=ddd:011110342:mpeg21:a0184:ocr,,1,JAVA
DE MOORD TE SINGOSARI. Doortastend optreden van den wedono.,1937/07/14,KB C 248,http://resolver.kb.nl/resolve?urn=ddd:010286026:mpeg21:a0248:ocr,,1,JAVA
ARRESTATIE TE MALANG. Van twee moordenaars.,1937/07/13,KB C 248,http://resolver.kb.nl/resolve?urn=ddd:010286025:mpeg21:a0206:ocr,,1,JAVA
PRAE- HISTORISCHE VONDSTEN. Uit het steenen tijdperk.,1933/03/01,Koninklijke Bibliotheek 1634 C1,http://resolver.kb.nl/resolve?urn=ddd:010970730:mpeg21:a0098:ocr,,1,STONE
UIT HET STEENEN TIJDPERK. Interessante vondst.,1933/02/23,Koninklijke Bibliotheek C 96,http://resolver.kb.nl/resolve?urn=ddd:011073460:mpeg21:a0030:ocr,,1,STONE
Weer een historische vondst te Malang. Hoe zij behandeld werd.,1930/12/05,Universitaire Bibliotheken Leiden,http://resolver.kb.nl/resolve?urn=MMKB23:001726064:mpeg21:a00121:ocr,,1,JAVA
Weer een historisotae vondst te Malang. *,1930/12/06,Koninklijke Bibliotheek,http://resolver.kb.nl/resolve?urn=MMKB19:002766282:mpeg21:a00003:ocr,,1,JAVA
Uit Malang,1910/01/05,KB C55,http://resolver.kb.nl/resolve?urn=ddd:010134919:mpeg21:a0008:ocr,,1,JAVA
OOST-JAVA. MALANG.,1930/12/03,KB C 248,http://resolver.kb.nl/resolve?urn=ddd:010279630:mpeg21:a0135:ocr,,1,JAVA
Schetsen uit Oost-Java.,1892/07/27,KB C 47,http://resolver.kb.nl/resolve?urn=ddd:010504681:mpeg21:a0039:ocr,,1,JAVA
MET DE NATUUR-HISTORISCHE NAAR KREBET. Over cassaveplant en -oogst. De hoogvlakte van Malang. Naar Singosari en Kepoeloengan.,1937/07/01,KB C 248,http://resolver.kb.nl/resolve?urn=ddd:010286015:mpeg21:a0249:ocr,,1,JAVA
"VIJFDE BLAD. PREANGERBODE Donderdag 6 October 1921, No. 271. Waarn. Hoofdredact.: B. Daum. JAARBEUKSBLAD De stands. Bouwstoffen-handel Ligtvoet, Soerabaja",1921/10/06,Koninklijke Bibliotheek,http://resolver.kb.nl/resolve?urn=MMKB08:000131568:mpeg21:a0077:ocr,,1,JAVA
OOST-JAVA-NIEUWS. De moord op den veedief. (Van onzen correspondent te Soemenep.),1934/06/15,Koninklijke Bibliotheek,http://resolver.kb.nl/resolve?urn=KBDDD02:000216074:mpeg21:a0091:ocr,,1,JAVA
"NEDERLANDSCH INDIË. Batavia, 5 Februari 1904.",1904/02/05,Koninklijke Bibliotheek C 96,http://resolver.kb.nl/resolve?urn=ddd:011033722:mpeg21:a0001:ocr,,1,JAVA
OOST-JAVA,1932/05/19,Koninklijke Bibliotheek,http://resolver.kb.nl/resolve?urn=MMKB19:000406114:mpeg21:a00020:ocr,,1,JAVA
Het Ongeluk bij Modjokerto. Auto van den heer Goldberg tegen asemboom. De inzittenden.,1940/03/12,Universitaire Bibliotheken Leiden,http://resolver.kb.nl/resolve?urn=MMKB23:003476106:mpeg21:a00101:ocr,,1,JAVA
"OOST-INDIË BATAVIA, 27/28 Juni.",1912/07/26,Koninklijke Bibliotheek,http://resolver.kb.nl/resolve?urn=MMKB23:001496067:mpeg21:a00105:ocr,,1,JAVA
MODJOKERTO.,1935/04/06,Koninklijke Bibliotheek C 64,http://resolver.kb.nl/resolve?urn=ddd:011107791:mpeg21:a0158:ocr,,1,JAVA
A.s. bezoek van den landvoogd aan Soerabaja.,1922/08/14,Koninklijke Bibliotheek 1634 B1,http://resolver.kb.nl/resolve?urn=ddd:010993620:mpeg21:a0055:ocr,,1,JAVA
A.s. bezoek van den landvoogd aan Soerabaja.,1922/08/14,KB 1634 B1,http://resolver.kb.nl/resolve?urn=ddd:010367899:mpeg21:a0051:ocr,,1,JAVA
Nederl.-Indië. De Landvoogd naar Soerabaja.,1922/08/04,Koninklijke Bibliotheek C 96,http://resolver.kb.nl/resolve?urn=ddd:011040186:mpeg21:a0001:ocr,,1,JAVA
Brieven uit Modjokerto.,1933/06/21,Koninklijke Bibliotheek,http://resolver.kb.nl/resolve?urn=MMKB19:000409134:mpeg21:a00005:ocr,,1,JAVA
"Modjokerto. „MAJAPAHIT.""",1938/06/18,Universitaire Bibliotheken Leiden,http://resolver.kb.nl/resolve?urn=MMKB23:003459081:mpeg21:a00207:ocr,,1,JAVA
Modjokerto.,1938/06/18,Koninklijke Bibliotheek,http://resolver.kb.nl/resolve?urn=MMKB19:000468063:mpeg21:a00099:ocr,,1,JAVA
Modjokerto.,1929/05/13,Koninklijke Bibliotheek C 64,http://resolver.kb.nl/resolve?urn=ddd:011107969:mpeg21:a0184:ocr,,1,JAVA
Kort Nieuws uit Midden- en Oost-Java. R. K. KAMERLEDEN NAAR KEDIRI.,1938/06/17,Universitaire Bibliotheken Leiden,http://resolver.kb.nl/resolve?urn=MMKB23:003459079:mpeg21:a00135:ocr,,1,JAVA
BEZOEK DER R.K.S.P.-DELEGATIE AAN KEDIRI,1938/06/20,Koninklijke Bibliotheek C 64,http://resolver.kb.nl/resolve?urn=ddd:011110572:mpeg21:a0259:ocr,,1,JAVA
R. K. S. P.-Delegatie in Kediri,1938/06/18,KB C55,http://resolver.kb.nl/resolve?urn=ddd:010226717:mpeg21:a0009:ocr,,1,JAVA
R.K.S.P.-DELEGATIE IN KEDIRI,1938/06/16,Koninklijk Instituut voor de Tropen (KIT) L 5018,http://resolver.kb.nl/resolve?urn=ddd:010864999:mpeg21:a0045:ocr,,1,JAVA
Kediri vaart weer koers Armenzorgnormen.—Hoe Boeddha een nieuwe neus kreeg.—De noodlijdende Kunstkring.—Handelsbelangen.,1938/08/04,Koninklijke Bibliotheek C 64,http://resolver.kb.nl/resolve?urn=ddd:011121065:mpeg21:a0214:ocr,,1,JAVA
ALLERLEI NIEUWS UIT KEDIRI. (Van onzen correspondent te Malang.) Het overvloedig stedelijk areaal. – Gunstige financiën. – Armenzorgnormen. -De noodlijdende Kunstkring.-Handelsbelangen.,1938/08/04,KB C 248,http://resolver.kb.nl/resolve?urn=ddd:010286096:mpeg21:a0086:ocr,,1,JAVA
KEDIRI. (Van onzen correspondent.) Uitbouw van het onderwijs.,1941/10/29,"Koninklijk Instituut voor Taal-, Land- en Volkenku",http://resolver.kb.nl/resolve?urn=ddd:011176345:mpeg21:a0212:ocr,,1,JAVA
Kediri UITBOUW VAN HET ONDERWIJS.,1941/10/30,Koninklijke Bibliotheek C64,http://resolver.kb.nl/resolve?urn=ddd:011122718:mpeg21:a0222:ocr,,1,JAVA
Hindoe-Javaansche kunstcollectie.,1930/09/04,Universitaire Bibliotheken Leiden,http://resolver.kb.nl/resolve?urn=MMKB23:001729005:mpeg21:a00114:ocr,,1,JAVA
Kediri BEGROOTINGS-ASPECTEN.,1941/10/20,Koninklijke Bibliotheek C64,http://resolver.kb.nl/resolve?urn=ddd:011122698:mpeg21:a0172:ocr,,1,JAVA
POEHSARANG. (Van onzen reizenden correspondent.) Een katholiek-Javaansch centrum. – Toepassing van oud-Javaanschen stijl bij den bouw van de kerk en de andere gebouwen op de hellingen van het Wilis-gebergte. Mooi werk van het volk.,1941/03/03,"Koninklijk Instituut voor Taal-, Land- en Volkenku DP IC/41-2",http://resolver.kb.nl/resolve?urn=ddd:011176607:mpeg21:a0097:ocr,,1,JAVA
"KEDIRI IN AFWACHTING. (Van onzen correspondent te Malang.) III. Over criminaliteit, houtdiefstallen en statistieken. ALS HET VERLEDEN SPREEKT...",1938/12/12,KB C 248,http://resolver.kb.nl/resolve?urn=ddd:010286323:mpeg21:a0127:ocr,,1,JAVA
"Kediri in afwachting Over criminaliteit, houtdiefstallen en statistieken.- Als het verleden spreekt..... (Van onzen redacteur te Malang).",1938/12/14,Koninklijke Bibliotheek C 64,http://resolver.kb.nl/resolve?urn=ddd:011121222:mpeg21:a0179:ocr,,1,JAVA
Natuur-Historische Vereenigin* te Kediri.,1938/07/26,KB C 248,http://resolver.kb.nl/resolve?urn=ddd:010286088:mpeg21:a0247:ocr,,1,JAVA
MALANGSCHE CAUSERIE. (Van. onzen medewerker.) Singosarie. Dertiende eeuwsche glorie. Toemapel.,1932/12/24,KB C 248,http://resolver.kb.nl/resolve?urn=ddd:010284283:mpeg21:a0127:ocr,,1,JAVA
De Moesi-mond.,1928/04/19,Universitaire Bibliotheken Leiden,http://resolver.kb.nl/resolve?urn=MMKB23:001711115:mpeg21:a00105:ocr,,0,
Wetenschappelijk allerlei.,1900/09/12,Koninklijke Bibliotheek NBM Mfm MMK 0032,http://resolver.kb.nl/resolve?urn=ddd:011126659:mpeg21:a0034:ocr,,0,
De drempel van den Moesi-mond.,1928/04/18,KB C55,http://resolver.kb.nl/resolve?urn=ddd:010221164:mpeg21:a0011:ocr,,0,
Australië onmiddellijk na IJstijden door de mens gekoloniseerd,1986/12/04,Koninklijke Bibliotheek,http://resolver.kb.nl/resolve?urn=KBNRC01:000030191:mpeg21:a0167:ocr,,0,
Vertrokken Passagiers van Padang.,1871/11/18,Koninklijke Bibliotheek MM03C-150160,http://resolver.kb.nl/resolve?urn=ddd:011101612:mpeg21:a0022:ocr,,0,
ARTESISCHE PUTBORINGEN.,1861/11/01,Koninklijke Bibliotheek 16454 E 9,http://resolver.kb.nl/resolve?urn=ddd:011089315:mpeg21:a0001:ocr,,0,
Interessante Oudheid kundige Vondsten.,1939/08/04,Koninklijke Bibliotheek,http://resolver.kb.nl/resolve?urn=MMKB19:000475031:mpeg21:a00121:ocr,,0,
No 17. Derde Blad. De waarde der vulkanen.,1912/01/22,Stadsarchief 's-Hertogenbosch,http://resolver.kb.nl/resolve?urn=MMSADB01:000007937:mpeg21:a0046:ocr,,0,
De waarde der vulkanen.,1912/01/20,Het Utrechts Archief,http://resolver.kb.nl/resolve?urn=MMUTRA04:253295017:mpeg21:a00078:ocr,,0,
De waarde der vulkanen.,1912/01/14,Koninklijke Bibliotheek,http://resolver.kb.nl/resolve?urn=MMKB23:001509034:mpeg21:a00067:ocr,,0,
NEDERLANDSCH-INDIË. De Sultan van Deli. Viert zijn 12½ jaring jublieum.,1937/08/18,KB NBM C 44 [Microfilm],http://resolver.kb.nl/resolve?urn=ddd:010017364:mpeg21:a0179:ocr,,0,
Verspreide Indische Berichten.,1899/03/25,KB C 76,http://resolver.kb.nl/resolve?urn=ddd:010299677:mpeg21:a0098:ocr,,0,
Vieuwe schakel ontdekt in de menselijke afstamming,1954/10/23,Koninklijke Bibliotheek,http://resolver.kb.nl/resolve?urn=MMKB19:000839020:mpeg21:a00140:ocr,,0,
Wetenschappen Het Prae-historisch Onderzoek op Celebes. De Reis van Dr. Van Stein Callenfels.,1933/11/04,KB C55,http://resolver.kb.nl/resolve?urn=ddd:010229943:mpeg21:a0115:ocr,,0,
WETENSCHAPPEN. PRAEHISTORISCH ONDERZOEK. Dr. Van Stem Callenfels op Celebes. NEOLITHISCHE CULTUUR. Een „zot” idee.,1933/11/03,KB C 248,http://resolver.kb.nl/resolve?urn=ddd:010284911:mpeg21:a0110:ocr,,0,
BINNENLAND Praehistorisch onderzoek. DR. VAN STEIN CALLENFELS OP CELEBES.,1933/11/14,Koninklijke Bibliotheek 1634 C1,http://resolver.kb.nl/resolve?urn=ddd:010970942:mpeg21:a0094:ocr,,0,
UIT DE GRIJZE OUDHEID. (Van onzen reizenden correspondent.),1941/05/15,"Koninklijk Instituut voor Taal-, Land- en Volkenku DP IC/41-3",http://resolver.kb.nl/resolve?urn=ddd:011176437:mpeg21:a0244:ocr,,0,
UIT DE INDISCHE BLADEN.,1936/01/15,Koninklijke Bibliotheek,http://resolver.kb.nl/resolve?urn=MMKB04:000149030:mpeg21:a0122:ocr,,0,
"0p de Kloethelling I. Ter onderneming „Penataran"". Uitverkoren ligging. — Onderneming en werving. — Het Uivertje. — Overblijfselen der Oudheid.",1939/03/07,Koninklijke Bibliotheek C 64,http://resolver.kb.nl/resolve?urn=ddd:011121244:mpeg21:a0215:ocr,,0,
Finantiële berigten.,1877/06/14,Drents Archief,http://resolver.kb.nl/resolve?urn=MMDA03:000096533:mpeg21:a0012:ocr,,0,
Stadsnieuws Massagraf ontdekt,1948/05/13,"NIOD Instituut voor Oorlogs-, Holocaust- en Genocidestudies",http://resolver.kb.nl/resolve?urn=MMNIOD04:000094869:mpeg21:a0021:ocr,,0,
Onderzoekingen van den Oudheidkundi- gen Dienst in het Landschap Loewoe.,1937/11/08,Koninklijke Bibliotheek,http://resolver.kb.nl/resolve?urn=MMKB19:000469033:mpeg21:a00149:ocr,,0,
Gemengd Nieuws.,1913/07/07,Koninklijke Bibliotheek,http://resolver.kb.nl/resolve?urn=MMKB19:000161006:mpeg21:a00026:ocr,,0,
Verschillende Berichten.,1910/06/30,Zeeuwsche bibliotheek,http://resolver.kb.nl/resolve?urn=ddd:010635066:mpeg21:a0011:ocr,,0,
Wankele Wetenschap (II) Veel fouten bij onderzoek der oude tijden Subjectiviteit,1954/01/11,Regionaal Archief Zutphen,http://resolver.kb.nl/resolve?urn=MMRAZ03:179304008:mpeg21:a00079:ocr,,0,
EEN URNEN VELD UIT DE PRAEHISTORIE,1937/11/09,Koninklijke Bibliotheek,http://resolver.kb.nl/resolve?urn=MMKB15:000123034:mpeg21:a00054:ocr,,0,
BINNENLANDSCHE BERIGTEN.,1879/03/21,Koninklijke Bibliotheek,http://resolver.kb.nl/resolve?urn=MMKB12:000003069:mpeg21:a00010:ocr,,0,
STADSNIEUWS.,1916/08/22,Het Utrechts Archief,http://resolver.kb.nl/resolve?urn=MMUTRA04:253304044:mpeg21:a00022:ocr,,0,
Laatste Berichten,1913/03/18,Stadsarchief 's-Hertogenbosch,http://resolver.kb.nl/resolve?urn=MMSADB01:000008702:mpeg21:a0012:ocr,,0,
Gemengd Nieuws,1905/12/09,Gemeentearchief Steenwijkerland,http://resolver.kb.nl/resolve?urn=MMGASL01:000376024:mpeg21:a00050:ocr,,0,
KUNST EN WETENSCHAP,1933/11/02,Koninklijke Bibliotheek,http://resolver.kb.nl/resolve?urn=MMKB19:000407102:mpeg21:a00012:ocr,,0,
NIET- OFFICIEEL GEDEELTE.,1911/03/31,Het Utrechts Archief,http://resolver.kb.nl/resolve?urn=MMUTRA04:253186154:mpeg21:a00046:ocr,,0,
LAND- EN ZEEMACHT. DE OPLEIDING VOOR VERLOFSOFFICIEREN.,1924/08/09,Koninklijke Bibliotheek,http://resolver.kb.nl/resolve?urn=MMKB04:000194797:mpeg21:a0007:ocr,,0,
Nederlandsche Oost-Indie.,1896/01/16,Regionaal Archief Zutphen,http://resolver.kb.nl/resolve?urn=MMRAZ02:000352013:mpeg21:a00007:ocr,,0,
Berigten van verschillenden aard.,1862/12/30,Koninklijke Bibliotheek C 135,http://resolver.kb.nl/resolve?urn=ddd:011193002:mpeg21:a0014:ocr,,0,
NEDERLANDSCH-INDIË.,1931/01/16,Koninklijke Bibliotheek,http://resolver.kb.nl/resolve?urn=MMKB19:002134013:mpeg21:a00002:ocr,,0,
Eenige weken op een zendingspost. LOSSE AANTEEKENINGEN. Onderzoekt alle dingen en behoudt het goede.,1881/08/26,Koninklijke Bibliotheek C 64,http://resolver.kb.nl/resolve?urn=ddd:011085943:mpeg21:a0001:ocr,,0,
"niet vervaardigd door Malajoe-Polinesische volksgroepen,",1926/08/01,KB NBM Mfm MMK 0030 [Microfilm],http://resolver.kb.nl/resolve?urn=ddd:010028558:mpeg21:a0049:ocr,,0,
NEDERLANDSCH-INDIE,1927/03/23,Koninklijke Bibliotheek,http://resolver.kb.nl/resolve?urn=MMKB15:000076068:mpeg21:a00078:ocr,,0,
Stoomvaartlijnen.,1905/04/14,KB C 21,http://resolver.kb.nl/resolve?urn=ddd:010650423:mpeg21:a0055:ocr,,0,
Praehistorische vondsten. AFWIJKEND VAN TOT DUSVER GEVONDEN PRAEHISTORICA.,1934/07/04,Koninklijke Bibliotheek 1634 C1,http://resolver.kb.nl/resolve?urn=ddd:010971210:mpeg21:a0173:ocr,,0,
NEDERLAND,1939/03/11,Koninklijke Bibliotheek,http://resolver.kb.nl/resolve?urn=MMKB15:000136058:mpeg21:a00013:ocr,,0,
NEDERLANDSCH INDIË. UIT DE MAILBLADEN. De Snellius-expeditie.,1930/03/01,Koninklijke Bibliotheek MM03C-101506,http://resolver.kb.nl/resolve?urn=ddd:011169927:mpeg21:a0105:ocr,,0,
PRAE-HISTORISCH ONDERZOEK IN INDIE Wat gevonden werd.,1929/08/12,Koninklijke Bibliotheek 1634 C1,http://resolver.kb.nl/resolve?urn=ddd:010970441:mpeg21:a0003:ocr,,0,
NATUURWETENSCHAP. PITIHEOANTHROPUS ERECTOS. DE RECHTOPGAANDE AAPMENSCH.,1913/01/18,KB NBM Mfm MMK 0032 [Microfilm],http://resolver.kb.nl/resolve?urn=ddd:010022428:mpeg21:a0057:ocr,,0,
"„Operatie Paashaas”, geslaagde tocht door Pasoendan Eskadron Pantserwagens houdt Nederlandse driekleur hoog „Dit moesten ze eens in-Holland zien” Eén met land en volk",1948/04/16,Universiteitsbibliotheek Leiden S 9462,http://resolver.kb.nl/resolve?urn=ddd:010898109:mpeg21:a0033:ocr,,0,
Advertentie,1839/08/01,KB T948,http://resolver.kb.nl/resolve?urn=ddd:010066095:mpeg21:a0008:ocr,,0,
Allerlei.,1870/07/14,Het Utrechts Archief,http://resolver.kb.nl/resolve?urn=MMUTRA04:253105012:mpeg21:a00012:ocr,,0,
ZUID-BOLLAND.,1908/12/09,KB C226,http://resolver.kb.nl/resolve?urn=ddd:010108253:mpeg21:a0160:ocr,,0,
NEDERL.-INDIE,1938/03/10,Koninklijke Bibliotheek,http://resolver.kb.nl/resolve?urn=MMKB15:000701068:mpeg21:a00020:ocr,,0,
OOST-INDIE.,1929/12/04,Koninklijke Bibliotheek,http://resolver.kb.nl/resolve?urn=MMKB04:000146265:mpeg21:a0023:ocr,,0,
Een Odyssea.,1930/01/25,KB C55,http://resolver.kb.nl/resolve?urn=ddd:010228799:mpeg21:a0231:ocr,,0,
Een Odyssea.,1930/01/29,Koninklijke Bibliotheek,http://resolver.kb.nl/resolve?urn=MMKB19:000442024:mpeg21:a00053:ocr,,0,
EEN ODYSSEA. De expeditie van de Snellius.,1930/03/11,Koninklijke Bibliotheek,http://resolver.kb.nl/resolve?urn=MMKB27:017913118:mpeg21:a00017:ocr,,0,
Uit het Moederland. PERSONALIA.,1914/03/16,Koninklijke Bibliotheek,http://resolver.kb.nl/resolve?urn=MMKB08:000126652:mpeg21:a0021:ocr,,0,
Over Petroleum Exploratie Maatschappijen.,1902/02/15,Koninklijke Bibliotheek,http://resolver.kb.nl/resolve?urn=MMKB15:000037038:mpeg21:a00002:ocr,,0,
Onze voorloopers op deze aarde. Een en ander over resten van primitieve menschenrassen.,1932/06/29,CODA Apeldoorn,http://resolver.kb.nl/resolve?urn=MMCODA01:000156751:mpeg21:a0047:ocr,,0,
Onze voorloopers op deze aarde Een en ander over resten van primitieve menschenrassen. Een eeuw anthropologisch onderzoek.,1932/07/15,Regionaal Archief Nijmegen,http://resolver.kb.nl/resolve?urn=MMRANM02:000029628:mpeg21:a0053:ocr,,0,
WETENSCHAPPEN. Onze voorloopers op deze aarde.,1932/08/06,KB C 248,http://resolver.kb.nl/resolve?urn=ddd:010284064:mpeg21:a0278:ocr,,0,
Laatste Berichten,1911/08/08,Stadsarchief 's-Hertogenbosch,http://resolver.kb.nl/resolve?urn=MMSADB01:000011607:mpeg21:a0004:ocr,,0,
Onze voorloopers op deze aarde. Een en ander over resten van primitieve menschenrassen.,1932/07/02,Drents Archief,http://resolver.kb.nl/resolve?urn=MMDA03:000113822:mpeg21:a0124:ocr,,0,
GEMENGD NIEUWS.,1914/04/08,Drents Archief,http://resolver.kb.nl/resolve?urn=MMDA03:000108661:mpeg21:a0041:ocr,,0,
PRAE-HISTORISCH OMDERZOEK IN INDIE Wat gevonden werd.,1929/08/12,KB 1634 C1,http://resolver.kb.nl/resolve?urn=ddd:010360606:mpeg21:a0003:ocr,,0,
VOGELS ALS SLACHTOFFERS VAN HET SNELLE VERKEER.,1934/07/20,Groninger archieven,http://resolver.kb.nl/resolve?urn=MMRHCG04:235004017:mpeg21:a00055:ocr,,0,
WIJLEN G.P. CARLI. Herdenking bij N.S.B.,1936/10/27,KB C 248,http://resolver.kb.nl/resolve?urn=ddd:010285461:mpeg21:a0138:ocr,,0,
Natuurkundig Genootschap De ontwikkeling van de aardkorst.,1938/11/22,Koninklijke Bibliotheek,http://resolver.kb.nl/resolve?urn=MMKB32:164698019:mpeg21:a00191:ocr,,0,
NEDERL. INDIE,1938/03/10,Koninklijke Bibliotheek,http://resolver.kb.nl/resolve?urn=MMKB15:000125057:mpeg21:a00019:ocr,,0,
ARBEID EN BEWEGING,1936/11/11,Koninklijke Bibliotheek,http://resolver.kb.nl/resolve?urn=MMKB12:000171062:mpeg21:a00084:ocr,,0,
Een Odyssea.,1930/01/23,Koninklijke Bibliotheek C 64,http://resolver.kb.nl/resolve?urn=ddd:011108749:mpeg21:a0156:ocr,,0,
ONZE VOORLOOPERS OP DEZE AARDE Primitieve Menschenrassen Een eeuw anthropologisch onderzoek,1932/07/03,Koninklijke Bibliotheek,http://resolver.kb.nl/resolve?urn=MMKB27:017923005:mpeg21:a00104:ocr,,0,
Laatste berichten.,1908/04/17,Stadsarchief 's-Hertogenbosch,http://resolver.kb.nl/resolve?urn=MMSADB01:000008857:mpeg21:a0005:ocr,,0,
PLAATSELIJK NIEUWS.,1904/10/22,Koninklijke Bibliotheek,http://resolver.kb.nl/resolve?urn=MMKB15:000711195:mpeg21:a00003:ocr,,0,
AVOND-EDITIE. EERSTE BLAD. Dit nummer bestaat uit twee bladen. SCHOENMAKER HOUD JE BIJ JE LEEST!,1911/03/04,Koninklijke Bibliotheek,http://resolver.kb.nl/resolve?urn=MMKB08:000123816:mpeg21:a0001:ocr,,0,
Advertentie,1857/02/18,Koninklijke Bibliotheek,http://resolver.kb.nl/resolve?urn=MMKB32:164593014:mpeg21:a00019:ocr,,0,
De Solo-werken.,1903/12/15,Universitaire Bibliotheken Leiden,http://resolver.kb.nl/resolve?urn=MMKB23:001625193:mpeg21:a00064:ocr,,0,
Gemengd Indisch Nieuws.,1914/02/14,Koninklijke Bibliotheek C 96,http://resolver.kb.nl/resolve?urn=ddd:011036623:mpeg21:a0126:ocr,,0,
Korte Mededeelingen.,1909/09/04,Tresoar,http://resolver.kb.nl/resolve?urn=ddd:010761159:mpeg21:a0029:ocr,,0,
NEDERL.-INDIE,1932/04/15,Koninklijke Bibliotheek,http://resolver.kb.nl/resolve?urn=MMKB15:000119013:mpeg21:a00009:ocr,,0,
ALLERLEI.,1875/02/18,Koninklijke Bibliotheek,http://resolver.kb.nl/resolve?urn=MMKB23:001397041:mpeg21:a00014:ocr,,0,
"TWEEDE BLAD. De Preanger Bode. MAANDAG 14 DECEMBER 1903, No. 290. Redacteur: G. L. LA BASTIDK. Bandoeng. De Solo-werken. II",1903/12/14,Koninklijke Bibliotheek,http://resolver.kb.nl/resolve?urn=MMKB08:000155713:mpeg21:a0017:ocr,,0,
Indische Landbouwtechnici in Nederland. De twaalfde wetenschappelijke bijeenkomst te Wapeningen.,1931/01/19,Universitaire Bibliotheken Leiden,http://resolver.kb.nl/resolve?urn=MMKB23:001724032:mpeg21:a00016:ocr,,0,
Gerestaureerde Borobudur moet weer eeuwen meekunnen,1983/02/28,Nederlands Dagblad,http://resolver.kb.nl/resolve?urn=ddd:010628395:mpeg21:a0046:ocr,,0,
CAUSERIE VAN KOLONEL VAN ERP OVER DEN T^ANDI-MENDOET,1932/03/14,KB NBM C 44 [Microfilm],http://resolver.kb.nl/resolve?urn=ddd:010014023:mpeg21:a0280:ocr,,0,
GEMENGDE BERICHTEN.,1899/10/03,Koninklijke Bibliotheek,http://resolver.kb.nl/resolve?urn=MMKB08:000093949:mpeg21:a0005:ocr,,0,
Nieuws uit Indië. EEN VONDST OP BALI.,1925/08/28,Drents Archief,http://resolver.kb.nl/resolve?urn=MMDA03:000112199:mpeg21:a0032:ocr,,0,
Kunst en Wetenschappen OUDE KERK ONTDEKT.,1928/11/16,Stadsarchief Breda,http://resolver.kb.nl/resolve?urn=MMSAB03:000064834:mpeg21:a0015:ocr,,0,
WETENSCHAP. DE UITGRAVINGEN TE ARMANT.,1929/01/10,Koninklijke Bibliotheek,http://resolver.kb.nl/resolve?urn=MMKB04:000197175:mpeg21:a0083:ocr,,0,
NED.-INDIE,1925/08/26,Koninklijke Bibliotheek MM03C-101497,http://resolver.kb.nl/resolve?urn=ddd:011168631:mpeg21:a0100:ocr,,0,
Oost-Indië.,1925/08/24,Groninger archieven,http://resolver.kb.nl/resolve?urn=MMRHCG04:235220093:mpeg21:a00015:ocr,,0,
INDISCHE BOUWKUNST TE PARIJS. NEDERLANDS PAVILJOEN.,1931/04/05,KB C 98,http://resolver.kb.nl/resolve?urn=ddd:110570635:mpeg21:a0186:ocr,,0,
Kunst en Wetenschap,1927/12/30,Groninger archieven,http://resolver.kb.nl/resolve?urn=MMRHCG04:234990156:mpeg21:a00019:ocr,,0,
BOEKBESPREKING Wonderen der oudheid.,1926/06/12,Koninklijke Bibliotheek NBM Mfm MMK 0032,http://resolver.kb.nl/resolve?urn=ddd:011083557:mpeg21:a0168:ocr,,0,
GEMENGD,1904/02/27,Koninklijke Bibliotheek,http://resolver.kb.nl/resolve?urn=MMKB23:001470099:mpeg21:a00059:ocr,,0,
Vergadering der Afdeeling 's-Bosch van 't Algemeen Nederlandsch Verbond.,1913/04/09,Stadsarchief 's-Hertogenbosch,http://resolver.kb.nl/resolve?urn=MMSADB01:000007203:mpeg21:a0020:ocr,,0,
RIJKE VONDSTEN IN PADANG LAWAS,1936/05/05,Koninklijke Bibliotheek,http://resolver.kb.nl/resolve?urn=MMKB15:000126027:mpeg21:a00002:ocr,,0,
GEMENGD NIEUWS.,1902/11/06,Koninklijke Bibliotheek,http://resolver.kb.nl/resolve?urn=MMKB04:000126925:mpeg21:a0031:ocr,,0,
"TWEEDE BLAD. De Preanger Bode. DONDERDAG 31 JANUARI 1907 No. 26. Redacteur W. F. M. van SCHAIK, te Bandoeng. BALISCHE HEILIGDOMMEN.",1907/01/31,Koninklijke Bibliotheek,http://resolver.kb.nl/resolve?urn=MMKB08:000127011:mpeg21:a0016:ocr,,0,
Brieven van Bali.,1906/12/31,Koninklijke Bibliotheek,http://resolver.kb.nl/resolve?urn=KBDDD02:000209326:mpeg21:a0108:ocr,,0,
Geraengd Nieuws.,1891/04/22,KB c226,http://resolver.kb.nl/resolve?urn=ddd:010139580:mpeg21:a0125:ocr,,0,
Personen en zaken.,1945/02/23,KB NMB C 148,http://resolver.kb.nl/resolve?urn=ddd:110529644:mpeg21:a0002:ocr,,0,
De eruptie van den Batoer.,1926/08/06,KB NBM Mfm MMK 0030 [Microfilm],http://resolver.kb.nl/resolve?urn=ddd:010028567:mpeg21:a0164:ocr,,0,
Brieven Van Bali. II.,1906/12/31,Koninklijke Bibliotheek C 21,http://resolver.kb.nl/resolve?urn=ddd:010974582:mpeg21:a0137:ocr,,0,
Indische bijdragen. (Nadruk verboden.) Naar den DiÃ«ng.,1914/07/25,Stadsarchief 's-Hertogenbosch,http://resolver.kb.nl/resolve?urn=MMSADB01:000006039:mpeg21:a0061:ocr,,0,
Boroboedoer begint in Brussel zijn reis door Europa,1977/02/03,Koninklijke Bibliotheek,http://resolver.kb.nl/resolve?urn=KBNRC01:000025976:mpeg21:a0077:ocr,,0,
"Afrikaans unicum uit vervlogen eeuwen ZIMBAWA, het grote raadsel Ruïnes van enige grote bouwwerk beneden de Sahara",1961/01/28,Koninklijke Bibliotheek,http://resolver.kb.nl/resolve?urn=ABCDDD:010814134:mpeg21:a0216:ocr,,0,
Indische Reisbrieven van Prof. J. Ph. Vogel.  III.  BuddhisUseh Sumatra. FEUILLETON.,1925/10/25,KB NBM Mfm MMK 0030 [Microfilm],http://resolver.kb.nl/resolve?urn=ddd:010028092:mpeg21:a0180:ocr,,0,
GEMENGD NIEUWS 20.000 MIJL DOOR DE LUCHT.,1934/04/18,Regionaal Historisch Centrum Eindhoven,http://resolver.kb.nl/resolve?urn=MMRHCE01:000043898:mpeg21:a0043:ocr,,0,
BINNENLAND. Het Nederlandsche paviljoen te Vincennes.,1931/05/11,Koninklijke Bibliotheek MM03C-101509,http://resolver.kb.nl/resolve?urn=ddd:011170374:mpeg21:a0046:ocr,,0,
WETENSCHAP,1927/02/07,Koninklijke Bibliotheek,http://resolver.kb.nl/resolve?urn=MMKB15:000076031:mpeg21:a00036:ocr,,0,
KUNST en WETENSCHAP. H. A. van Ingen.,1910/08/19,Koninklijke Bibliotheek,http://resolver.kb.nl/resolve?urn=MMKB08:000101153:mpeg21:a0004:ocr,,0,
Binnenland.,1886/01/23,Het Utrechts Archief,http://resolver.kb.nl/resolve?urn=MMUTRA04:253137023:mpeg21:a00031:ocr,,0,
Soerakarta.,1939/01/10,Koninklijke Bibliotheek,http://resolver.kb.nl/resolve?urn=MMKB19:000481008:mpeg21:a00133:ocr,,0,
Wetenschappelijk Niuews. Benutting van eb en vloed.,1921/03/10,Koninklijke Bibliotheek,http://resolver.kb.nl/resolve?urn=MMKB08:000105469:mpeg21:a0035:ocr,,0,
Nederlandsch-Indië.,1904/02/05,Koninklijke Bibliotheek,http://resolver.kb.nl/resolve?urn=MMKB19:002086030:mpeg21:a00004:ocr,,0,
Het „Dgbl van Noord-Brabant” geeft de,1925/08/25,Groninger archieven,http://resolver.kb.nl/resolve?urn=MMRHCG03:163463050:mpeg21:a00018:ocr,,0,
Verspreide Indische Berichten.,1888/08/28,KB C 76,http://resolver.kb.nl/resolve?urn=ddd:010291768:mpeg21:a0013:ocr,,0,
SIAM EN INDO-CHINA,1934/12/14,Koninklijke Bibliotheek,http://resolver.kb.nl/resolve?urn=MMKB15:000118065:mpeg21:a00008:ocr,,0,
Indonesië's krachtige aanpak van de heiligdommen: Geen boeren maar toeristen INDONESIE '86 door Wiecher A. Hulst,1986/06/21,Gemeentearchief Rotterdam,http://resolver.kb.nl/resolve?urn=ddd:010948829:mpeg21:a0484:ocr,,0,
Staatscommissie grondwetsherziening,1936/04/09,Koninklijke Bibliotheek,http://resolver.kb.nl/resolve?urn=MMKB15:000698085:mpeg21:a00008:ocr,,0,
"Dorpen, boeren en akkers moeten plaats maken voor pretparken rond de heiligdommen Alles weg voor het toerisme!",1986/06/26,Gemeentearchief Rotterdam,http://resolver.kb.nl/resolve?urn=ddd:010948756:mpeg21:a0109:ocr,,0,
SUMATRA Siam en Indo China. RADIOLEZING VAN MR. J. BIEMOND.,1934/12/14,Koninklijke Bibliotheek,http://resolver.kb.nl/resolve?urn=KBDDD02:000197804:mpeg21:a0042:ocr,,0,
Lezing dr. Stutterheim.,1937/03/23,Universitaire Bibliotheken Leiden,http://resolver.kb.nl/resolve?urn=MMKB23:003479045:mpeg21:a00122:ocr,,0,
FOSSIELE BEENDEREN In Grobogansche gevonden.,1939/08/15,KB C55,http://resolver.kb.nl/resolve?urn=ddd:010227302:mpeg21:a0108:ocr,,0,
Prachistorische vondsten bij Patjitan,1954/08/11,Koninklijk Instituut voor de Tropen (KIT) L 5000,http://resolver.kb.nl/resolve?urn=ddd:010861868:mpeg21:a0079:ocr,,0,
Praehistorische vondsten hij Patjitan,1954/08/19,Koninklijke Bibliotheek,http://resolver.kb.nl/resolve?urn=MMKB19:000293012:mpeg21:a00012:ocr,,0,
Van verre,1951/12/28,KBDK,http://resolver.kb.nl/resolve?urn=ddd:010613150:mpeg21:a0128:ocr,,0,
Fossiele Beenderen,1939/08/14,Koninklijke Bibliotheek,http://resolver.kb.nl/resolve?urn=MMKB19:000475039:mpeg21:a00029:ocr,,0,
INDIA SOCIETY. Een lezing van dr. Bosch te Londen.,1928/12/15,KB C 21,http://resolver.kb.nl/resolve?urn=ddd:010659687:mpeg21:a0180:ocr,,0,
Wetenschappelijk Allerlei.,1936/07/30,Het Utrechts Archief,http://resolver.kb.nl/resolve?urn=MMUTRA04:253344026:mpeg21:a00030:ocr,,0,
Dr. P.V. van Stein Callenfels De bek-inde praehistaricus op Ceylon gestorven.,1938/04/28,Koninklijke Bibliotheek C 64,http://resolver.kb.nl/resolve?urn=ddd:011110530:mpeg21:a0164:ocr,,0,
Verzoek om subsidie.,1938/08/01,KB C 248,http://resolver.kb.nl/resolve?urn=ddd:010286093:mpeg21:a0287:ocr,,0,
TELEGRAMMEN De zaak van der V. KAPITEIN VEROORDEELD,1934/07/13,Koninklijke Bibliotheek,http://resolver.kb.nl/resolve?urn=MMKB27:017926022:mpeg21:a00154:ocr,,0,
Wedtenschappen. Uit de Prae-historie,1934/05/04,KB C55,http://resolver.kb.nl/resolve?urn=ddd:010230090:mpeg21:a0172:ocr,,0,
OP DEN MERBABOETOP,1932/07/14,Koninklijke Bibliotheek,http://resolver.kb.nl/resolve?urn=MMKB19:000455087:mpeg21:a00039:ocr,,0,
VAN OVERAL,1938/07/30,Koninklijke Bibliotheek,http://resolver.kb.nl/resolve?urn=MMKB19:000421076:mpeg21:a00047:ocr,,0,
"Het ere-kerkhof te Semarang Monument van dank en medeleven voor hen, die vielen",1947/08/08,Tilburg University Library,http://resolver.kb.nl/resolve?urn=MMUBTB04:210848184:mpeg21:a00043:ocr,,0,
WELDADEN DER VULKANEN.,1920/08/08,Stadsarchief Amsterdam,http://resolver.kb.nl/resolve?urn=MMSAA06:165597032:mpeg21:a00015:ocr,,0,
WELDADEN DER VULKANEN.-,1905/09/17,Stadsarchief Amsterdam,http://resolver.kb.nl/resolve?urn=MMSAA06:165582012:mpeg21:a00008:ocr,,0,
"Het ere-kerkhof te Semarang Een monument van dank en medeleven voor hen, die vielen voor recht en vrijheid",1947/08/18,Groninger archieven,http://resolver.kb.nl/resolve?urn=MMRHCG04:235371191:mpeg21:a00055:ocr,,0,
De Ramp van den Merapi.,1931/01/05,Koninklijke Bibliotheek C 64,http://resolver.kb.nl/resolve?urn=ddd:011109063:mpeg21:a0182:ocr,,0,
Nog iets over Krakatau.,1883/11/28,Veenkoloniaal Museum,http://resolver.kb.nl/resolve?urn=MMVEEN01:000078293:mpeg21:a0005:ocr,,0,
Naar den Kawi.,1930/06/25,KB C 248,http://resolver.kb.nl/resolve?urn=ddd:010279497:mpeg21:a0002:ocr,,0,
VOOR JONGE OGEN Hoe de naam Madioen ontstaan is,1949/11/05,"NIOD Instituut voor Oorlogs-, Holocaust- en Genocidestudies",http://resolver.kb.nl/resolve?urn=MMNIOD04:000095552:mpeg21:a0055:ocr,,0,
Soldaten bouwden monument voor gevallen kameraden,1947/08/08,Koninklijke Bibliotheek,http://resolver.kb.nl/resolve?urn=MMKB19:000370033:mpeg21:a00027:ocr,,0,
"Goddelijke benen, koninklijke billen door Willem Ellenbroek",1992/02/21,Koninklijke Bibliotheek,http://resolver.kb.nl/resolve?urn=ABCDDD:010867195:mpeg21:a0267:ocr,,0,
DE RAMP VAN KRAKATAU.,1883/10/09,KB C 236,http://resolver.kb.nl/resolve?urn=ddd:010266192:mpeg21:a0044:ocr,,0,
Op zoek naar de oermens dagweek Alleen de stenen spreken,1973/01/12,Groninger archieven,http://resolver.kb.nl/resolve?urn=ddd:011016546:mpeg21:a0334:ocr,,0,
Telegrammen.,1883/08/31,Koninklijke Bibliotheek,http://resolver.kb.nl/resolve?urn=MMKB19:000532064:mpeg21:a00020:ocr,,0,
Gemengde Berichten.,1888/10/20,Tresoar,http://resolver.kb.nl/resolve?urn=MMTRES04:211278123:mpeg21:a00019:ocr,,0,
De Telemojo-ramp. Hoe Likasan verwoest werd. — Het verhaal van een ooggetuige. — De houding der bevolking. — Fatalisme. — Een wonderbare redding.,1930/07/12,Stadsarchief Enschede,http://resolver.kb.nl/resolve?urn=MMSAEN01:000050481:mpeg21:a0041:ocr,,0,
Wat Ons Voorbijgaat.,1911/07/29,Koninklijke Bibliotheek C 96,http://resolver.kb.nl/resolve?urn=ddd:011035842:mpeg21:a0107:ocr,,0,
GEMENGD NIEUWS. DE MOORD TE CULEMBORG.,1926/04/08,Koninklijke Bibliotheek,http://resolver.kb.nl/resolve?urn=MMKB04:000195176:mpeg21:a0008:ocr,,0,
Gemengd Nieuws,1926/04/09,Groninger archieven,http://resolver.kb.nl/resolve?urn=MMRHCG04:235308007:mpeg21:a00017:ocr,,0,
STAD EN OMGEVING EXAMENS R.K. Universiteit,1938/11/11,Regionaal Archief Nijmegen,http://resolver.kb.nl/resolve?urn=MMRANM02:000035771:mpeg21:a0047:ocr,,0,
Hoe men in de Zuid-Amerikaansche Andes reist.,1906/07/02,Universitaire Bibliotheken Leiden,http://resolver.kb.nl/resolve?urn=MMKB23:001629001:mpeg21:a00005:ocr,,0,
BENNENLAND.,1892/07/29,Groninger archieven,http://resolver.kb.nl/resolve?urn=MMRHCG04:235098207:mpeg21:a00005:ocr,,0,
Amerikaansche Schetsen. De overblijfselen der Amerikaansche Koloniën van het verdwenen Atlantis.,1899/11/13,Historisch Centrum Overijssel,http://resolver.kb.nl/resolve?urn=MMHCO01:000074559:mpeg21:a0021:ocr,,0,
De tocht naar Krakatau.,1883/05/28,KB 1640 C 1,http://resolver.kb.nl/resolve?urn=ddd:110537104:mpeg21:a0033:ocr,,0,
Koloniën.,1900/02/26,Koninklijke Bibliotheek,http://resolver.kb.nl/resolve?urn=KBDDD02:000200525:mpeg21:a0113:ocr,,0,
ALLERLEI.,1886/08/01,Koninklijke Bibliotheek,http://resolver.kb.nl/resolve?urn=KBDDD02:000207382:mpeg21:a0010:ocr,,0,
BINNENLAND. Officieele berichten.,1920/12/29,Historisch Centrum Overijssel,http://resolver.kb.nl/resolve?urn=MMHCO01:000081969:mpeg21:a0002:ocr,,0,
NIEUWSBERICHTEN.,1910/08/27,Stadsarchief Vlaardingen,http://resolver.kb.nl/resolve?urn=MMSAVL02:000438016:mpeg21:a00007:ocr,,0,
FEUILLETON. Naar de vulkanen van italië door Dr. W. VAN BEMMELEN.,1926/07/11,KB NBM Mfm MMK 0030 [Microfilm],http://resolver.kb.nl/resolve?urn=ddd:010028522:mpeg21:a0112:ocr,,0,
Errata.,1883/10/10,KB 1640 C 1,http://resolver.kb.nl/resolve?urn=ddd:110536915:mpeg21:a0044:ocr,,0,
Advertentie,1988/05/07,Koninklijke Bibliotheek,http://resolver.kb.nl/resolve?urn=ABCDDD:010825766:mpeg21:a0077:ocr,,0,
"SOERAKARTA, DEN 6 MAART 1907.",1907/03/06,Koninklijke Bibliotheek,http://resolver.kb.nl/resolve?urn=MMKB19:000516036:mpeg21:a00003:ocr,,0,
NADERE BERICHTEN OVER DE RAMP.,1883/09/15,Koninklijke Bibliotheek MM03C-150167,http://resolver.kb.nl/resolve?urn=ddd:011100826:mpeg21:a0003:ocr,,0,
BINNENLAND,1931/01/08,Groninger archieven,http://resolver.kb.nl/resolve?urn=MMRHCG04:234997006:mpeg21:a00037:ocr,,0,
Een voorstel van Camille Flammarion tot onderzoeking van het inwendige der Aarde. (Overgezet en bewerkt voor het Bat. Hbl.),1884/02/02,Koninklijke Bibliotheek 1640 C 1,http://resolver.kb.nl/resolve?urn=ddd:110614555:mpeg21:a0045:ocr,,0,
Nederlandsch Oost-Indië.,1894/11/21,Koninklijke Bibliotheek,http://resolver.kb.nl/resolve?urn=MMKB19:003620151:mpeg21:a00003:ocr,,0,
Van Hier en Daar. AARDBEVING.,1916/09/10,Koninklijke Bibliotheek,http://resolver.kb.nl/resolve?urn=MMKB08:000130150:mpeg21:a0002:ocr,,0,
Op zoek naar de zwarte vruchten van de koele kanariboom,1982/06/12,Koninklijke Bibliotheek,http://resolver.kb.nl/resolve?urn=ABCDDD:010867569:mpeg21:a0591:ocr,,0,
Door de Moluksche zee naar Ternafie.,1927/05/21,Stadsarchief Enschede,http://resolver.kb.nl/resolve?urn=MMSAEN01:000049300:mpeg21:a0049:ocr,,0,
Nederlandsch-Indië. Aangebrachte mails.,1917/11/20,Koninklijke Bibliotheek,http://resolver.kb.nl/resolve?urn=MMKB08:000132203:mpeg21:a0004:ocr,,0,
Gemengd Nieuws. KORTE VERGADERINGEN. De Eerste Kamer verricht weer vlug werk.,1930/12/24,Regionaal Historisch Centrum Eindhoven,http://resolver.kb.nl/resolve?urn=MMRHCE01:000039464:mpeg21:a0032:ocr,,0,
BINNENLAND Officieele berichten.,1912/01/06,Historisch Centrum Overijssel,http://resolver.kb.nl/resolve?urn=MMHCO01:000078828:mpeg21:a0016:ocr,,0,
Als een kathedraal,1973/07/30,Koninklijke Bibliotheek C 236,http://resolver.kb.nl/resolve?urn=ddd:011236501:mpeg21:a0065:ocr,,0,
Gabriêl-tentoonstelling.,1901/06/08,KB C 21,http://resolver.kb.nl/resolve?urn=ddd:010647518:mpeg21:a0029:ocr,,0,
HEEN EN WEER NAAR INDONESIË,1949/06/16,Centre Céramique,http://resolver.kb.nl/resolve?urn=MMCC01:048020063:mpeg21:a00023:ocr,,0,
GOUVERNEUR GENERAAL NAAR SUMATRA,1935/02/13,Koninklijke Bibliotheek,http://resolver.kb.nl/resolve?urn=MMKB15:000113036:mpeg21:a00003:ocr,,0,
NEDERLANDSCH-INDIE Een Uitbarsting van den Merapi REEDS VIJFTIEN DOODEN.,1930/12/19,Stadsarchief Amsterdam,http://resolver.kb.nl/resolve?urn=MMSAA06:165617138:mpeg21:a00008:ocr,,0,
Voornaamste Nieuws.,1930/05/20,KB C 248,http://resolver.kb.nl/resolve?urn=ddd:010279468:mpeg21:a0083:ocr,,0,
KUNST EN LETTEREN DE BOERDE-BOEDOER.,1921/11/16,KB NBM C 44 [Microfilm],http://resolver.kb.nl/resolve?urn=ddd:010007540:mpeg21:a0108:ocr,,0,
Toestand in het Alpengebied nog critiek,1951/01/23,Stadsarchief Kampen,http://resolver.kb.nl/resolve?urn=MMSAK01:164708019:mpeg21:a00007:ocr,,0,
Eene lezing óver den Boroboedoer.,1912/11/16,KB C 236,http://resolver.kb.nl/resolve?urn=ddd:010549122:mpeg21:a0077:ocr,,0,
ONTDEKKING OP DEN BOROBOEDOER. Door Prof. Sylvain Lévi.,1928/10/16,Universitaire Bibliotheken Leiden,http://resolver.kb.nl/resolve?urn=MMKB23:001720115:mpeg21:a00002:ocr,,0,
WETENSCHAPPEN. OP DEN BARABOEDOER. Een belangrijke ontdekking.,1928/10/05,KB C 248,http://resolver.kb.nl/resolve?urn=ddd:010278694:mpeg21:a0166:ocr,,0,
Nederlandsch- Indië,1928/10/13,Koninklijke Bibliotheek,http://resolver.kb.nl/resolve?urn=MMKB19:002771292:mpeg21:a00001:ocr,,0,
Ontdekking op den Boroboedoer.,1928/10/17,Koninklijke Bibliotheek,http://resolver.kb.nl/resolve?urn=MMKB19:002771296:mpeg21:a00002:ocr,,0,
WETENSCHAPPEN EEN FRANSCH ORIENTALIST OP DEN BOROVOEDOER. Een belangrijke ontdekking.,1928/09/17,KB NBM C 44 [Microfilm],http://resolver.kb.nl/resolve?urn=ddd:010011770:mpeg21:a0219:ocr,,0,
Indisch hoekje BANDJIRS.,1939/01/14,CODA Apeldoorn,http://resolver.kb.nl/resolve?urn=MMCODA01:000158602:mpeg21:a0084:ocr,,0,
ONS INDISCH HOEKJE.,1940/10/16,Stadsarchief Enschede,http://resolver.kb.nl/resolve?urn=MMSAEN01:000054791:mpeg21:a0070:ocr,,0,
Ons Indisch hoekje BANDJIRS,1939/11/21,Historisch Centrum Overijssel,http://resolver.kb.nl/resolve?urn=MMHCO01:000081132:mpeg21:a0081:ocr,,0,
ONS INDISCH HOEKJE,1940/01/27,Koninklijke Bibliotheek C 104,http://resolver.kb.nl/resolve?urn=ddd:010997669:mpeg21:a0208:ocr,,0,
"NAAR HET MERAPI-GEBIED. SCHOUWSPEL VAN VERSCHRIKKING. DOOD EN VERDERF VERSPREIDESDE LAHARS. Onafzienbare stoet vluchtelingen, die somber zwijgend voortschuifelt.",1931/01/07,KB C 98,http://resolver.kb.nl/resolve?urn=ddd:110570484:mpeg21:a0092:ocr,,0,
ONS INDISCH HOEKJE,1940/06/05,Koninklijke Bibliotheek C 225,http://resolver.kb.nl/resolve?urn=ddd:010692315:mpeg21:a0081:ocr,,0,
Arép Djamoeré émoh W. tangé,1897/09/01,Koninklijke Bibliotheek,http://resolver.kb.nl/resolve?urn=MMKB19:000505100:mpeg21:a00010:ocr,,0,
Het eerste bericht.,1939/09/30,KB C55,http://resolver.kb.nl/resolve?urn=ddd:010227385:mpeg21:a0022:ocr,,0,
Kunst en wetenschap. De Boroboedoer.,1913/11/10,KB C 65,http://resolver.kb.nl/resolve?urn=ddd:010667412:mpeg21:a0035:ocr,,0,
Nijverheid en Technische Kunsten Koninklijk Instituut van Ingenieurs.,1926/05/08,KB NBM Mfm MMK 0030 [Microfilm],http://resolver.kb.nl/resolve?urn=ddd:010028415:mpeg21:a0185:ocr,,0,
KON.INSTITUUT VAN INGENIEURS,1926/05/08,KB C 21,http://resolver.kb.nl/resolve?urn=ddd:010657751:mpeg21:a0003:ocr,,0,
DE BOROBOEDOER EN DE LEGENDE VAN DEN VOLMAAKTEN BOEDDHA.,1931/08/01,KB C 21,http://resolver.kb.nl/resolve?urn=ddd:010661932:mpeg21:a0256:ocr,,0,
UIT ONZE OOST,1919/07/07,Noord-Hollands Archief,http://resolver.kb.nl/resolve?urn=MMNHA03:179004012:mpeg21:a00004:ocr,,0,
UIT ONZE OOST,1919/07/07,Noord-Hollands Archief,http://resolver.kb.nl/resolve?urn=MMNHA03:179004013:mpeg21:a00004:ocr,,0,
Bestrijding van de Zandrivieren.,1926/06/08,Koninklijke Bibliotheek C 96,http://resolver.kb.nl/resolve?urn=ddd:011036434:mpeg21:a0021:ocr,,0,
Laatste Berichten,1913/10/10,Stadsarchief 's-Hertogenbosch,http://resolver.kb.nl/resolve?urn=MMSADB01:000006143:mpeg21:a0011:ocr,,0,
WETENSCHAP en TECHNIEK DE BOROBOEDOER. Een Belangrijke Ontdekking.,1928/10/15,Koninklijke Bibliotheek C 96,http://resolver.kb.nl/resolve?urn=ddd:011072148:mpeg21:a0120:ocr,,0,
De Boroboedoer en wat deze voor ons ontsluiert Lezing van den heer Th. van Erp,1935/12/14,KB NBM C 44 [Microfilm],http://resolver.kb.nl/resolve?urn=ddd:010016336:mpeg21:a0126:ocr,,0,
NEDERLANDSCH-INDIE,1933/08/26,Koninklijke Bibliotheek,http://resolver.kb.nl/resolve?urn=MMKB15:000728049:mpeg21:a00050:ocr,,0,
Telegrammen,1939/01/05,Koninklijke Bibliotheek,http://resolver.kb.nl/resolve?urn=MMKB15:000872004:mpeg21:a00010:ocr,,0,
WETENSCHAP. Een Fransch oriëntalist op den Boroboedoer.,1928/10/25,Koninklijke Bibliotheek,http://resolver.kb.nl/resolve?urn=KBDDD02:000198113:mpeg21:a0078:ocr,,0,
De Keuze.,1869/10/09,Gemeentearchief Venlo,http://resolver.kb.nl/resolve?urn=MMGAVL01:000004176:mpeg21:a0001:ocr,,0,
Expositie samengesteld voor tournee langs musea in Verenigde Staten Indonesische kunst te zien in Nieuwe Kerk,1992/02/07,Koninklijke Bibliotheek,http://resolver.kb.nl/resolve?urn=ABCDDD:010867183:mpeg21:a0096:ocr,,0,
Nederlandsch-Indië. Balische brieven.,1917/05/11,Universitaire Bibliotheken Leiden,http://resolver.kb.nl/resolve?urn=MMKB23:001662020:mpeg21:a00032:ocr,,0,
BORNEO EXPLORATIE VAN AMOENTAI EEN TERREIN VAN 600.000 HECTAREN.,1936/07/19,Koninklijke Bibliotheek,http://resolver.kb.nl/resolve?urn=MMKB27:017941031:mpeg21:a00098:ocr,,0,
Aanleg van den Atjekstoomtramweg.,1906/02/15,Koninklijke Bibliotheek,http://resolver.kb.nl/resolve?urn=MMKB23:001489115:mpeg21:a00016:ocr,,0,
UIT DE VORSTENHUI,1934/03/24,Koninklijke Bibliotheek,http://resolver.kb.nl/resolve?urn=MMKB19:000452164:mpeg21:a00020:ocr,,0,
Het Amoentai-contract,1936/07/06,Koninklijke Bibliotheek,http://resolver.kb.nl/resolve?urn=MMKB19:000464055:mpeg21:a00064:ocr,,0,
"Onze Oost. Verkeerswezen,",1920/10/23,KB C 21,http://resolver.kb.nl/resolve?urn=ddd:010654789:mpeg21:a0042:ocr,,0,
OP ZOEK NAAR OLIE De exploratie van Amoentai,1936/07/17,Koninklijke Bibliotheek,http://resolver.kb.nl/resolve?urn=MMKB04:000148960:mpeg21:a0185:ocr,,0,
Ned. Oost-Indië.,1889/12/14,KB c226,http://resolver.kb.nl/resolve?urn=ddd:010138302:mpeg21:a0056:ocr,,0,
Advertentie,1906/12/10,Centre Céramique,http://resolver.kb.nl/resolve?urn=MMKB23:001153116:mpeg21:a00050:ocr,,0,
Telegrammen,1939/03/10,Koninklijke Bibliotheek,http://resolver.kb.nl/resolve?urn=MMKB15:000872059:mpeg21:a00019:ocr,,0,
Het Koetei-bekken  De exploratie van Amountal.,1936/07/14,KB NBM C 44 [Microfilm],http://resolver.kb.nl/resolve?urn=ddd:010016689:mpeg21:a0272:ocr,,0,
AMOENTAI EN B.P.M.,1936/07/10,Koninklijke Bibliotheek,http://resolver.kb.nl/resolve?urn=MMKB15:000134009:mpeg21:a00055:ocr,,0,
"Binnenlandse ontwikkelingshulp in Indonesië WATER STROOMT IN HANDOKO DOOR STAAL, ZWEET EN BAMBOE",1977/07/23,Koninklijke Bibliotheek,http://resolver.kb.nl/resolve?urn=KBNRC01:000026041:mpeg21:a0163:ocr,,0,
"DE OUDSTE NEDERLANDER De „Hengelo-man”, die ongeveer 12.000 jaar geleden in ons land leefde. — Waarschijnlijk lid van een ras, dat van Moravië tot Denemarken was verspreid. WAAR HET TWENTE—RIJNKANAAL GOED VOOR WAS",1936/04/19,KB C 21,http://resolver.kb.nl/resolve?urn=ddd:010664712:mpeg21:a0136:ocr,,0,
Cacao.,1901/09/09,Koninklijke Bibliotheek C 64,http://resolver.kb.nl/resolve?urn=ddd:011138010:mpeg21:a0001:ocr,,0,
SUMATRA EN OMGEVING. Atjeh.,1913/07/19,KB NBM Mfm MMK 0030 [Microfilm],http://resolver.kb.nl/resolve?urn=ddd:010032921:mpeg21:a0031:ocr,,0,
BRIEVEN UIT INDIE.,1912/03/01,KB C 236,http://resolver.kb.nl/resolve?urn=ddd:010548935:mpeg21:a0097:ocr,,0,
"Treffende woorden van afscheid Aan Terkuhle’s groeve Een nobel mensch, een voortreffelijk zoon, een trouw vriend",1937/11/27,Koninklijke Bibliotheek C 64,http://resolver.kb.nl/resolve?urn=ddd:011110303:mpeg21:a0078:ocr,,0,
STADSNIEUWS.,1931/01/31,Koninklijke Bibliotheek,http://resolver.kb.nl/resolve?urn=MMKB15:000105026:mpeg21:a00092:ocr,,0,
DE MAIL UIT OOST-INDIE.,1880/07/24,Koninklijke Bibliotheek,http://resolver.kb.nl/resolve?urn=MMKB23:001405021:mpeg21:a00005:ocr,,0,
Twee adressen.,1876/08/09,KB C 76,http://resolver.kb.nl/resolve?urn=ddd:010288697:mpeg21:a0001:ocr,,0,
Plannen-makers.,1909/03/23,KB C 55,http://resolver.kb.nl/resolve?urn=ddd:010135929:mpeg21:a0002:ocr,,0,
Binnenland.,1893/02/24,Het Utrechts Archief,http://resolver.kb.nl/resolve?urn=MMUTRA04:253355066:mpeg21:a00019:ocr,,0,
Staten-Generaal.,1874/06/10,Koninklijke Bibliotheek,http://resolver.kb.nl/resolve?urn=MMKB19:000883134:mpeg21:a00047:ocr,,0,
Uit onze Koloniën in Oost-Indië,1913/10/25,Historisch Centrum Overijssel,http://resolver.kb.nl/resolve?urn=MMHCO01:000085651:mpeg21:a0025:ocr,,0,
Probolinggo.,1928/01/03,KB C 248,http://resolver.kb.nl/resolve?urn=ddd:010278469:mpeg21:a0052:ocr,,0,
ONZE STOOMRAM,1883/01/23,KB C 47,http://resolver.kb.nl/resolve?urn=ddd:010485294:mpeg21:a0020:ocr,,0,
Onze Oost.,1899/05/16,KB C21,http://resolver.kb.nl/resolve?urn=ddd:010162966:mpeg21:a0005:ocr,,0,
Bestandsschendingen,1947/07/21,Koninklijke Bibliotheek,http://resolver.kb.nl/resolve?urn=ABCDDD:010936303:mpeg21:a0040:ocr,,0,
DOOR HET LAND DER OESINGERS. (Van onzen M.-redacteur.) I. In het stroomgebied tusschen Kali Baroe en Kali Setail. – Reminiscenties aan het oude Rijk van Blambangan. – Hei scheppen van een nieuwe wereld. – De ombouw ran een wildernis tot vruchtbaar land. IETS AMERIKAANSCH.,1938/12/24,KB C 248,http://resolver.kb.nl/resolve?urn=ddd:010286334:mpeg21:a0093:ocr,,0,
"* Den Haag, 20 April. De liberale kie-",1874/04/22,Koninklijke Bibliotheek 1637 E1,http://resolver.kb.nl/resolve?urn=ddd:011065850:mpeg21:a0007:ocr,,0,
Een havenplaats in opkomst.,1933/11/05,KB C 21,http://resolver.kb.nl/resolve?urn=ddd:010662649:mpeg21:a0285:ocr,,0,
Nederlandsch Oost-Indie.,1894/07/03,Koninklijke Bibliotheek,http://resolver.kb.nl/resolve?urn=MMKB19:003619114:mpeg21:a00004:ocr,,0,
"UIT „DE GRONDWET"" VAN VÓÓR 50 JAAR Van 21 Oct. 1886 tot 24 Oct. 1886",1936/10/24,Gemeentearchief Roosendaal,http://resolver.kb.nl/resolve?urn=MMGARO01:000183486:mpeg21:a0074:ocr,,0,
De Bootreis wordt bekort.,1936/08/17,Koninklijke Bibliotheek,http://resolver.kb.nl/resolve?urn=MMKB19:000467014:mpeg21:a00085:ocr,,0,
Soerakarta.,1939/12/27,Koninklijke Bibliotheek,http://resolver.kb.nl/resolve?urn=MMKB19:000471073:mpeg21:a00126:ocr,,0,
NEDERLANDSCH-INDIË.,1877/06/23,KB C 21,http://resolver.kb.nl/resolve?urn=ddd:010103075:mpeg21:a0057:ocr,,0,
Over Nederlandsch-Indië.,1877/08/07,KB C 76,http://resolver.kb.nl/resolve?urn=ddd:010289002:mpeg21:a0005:ocr,,0,
DE NED. IND. SPOORWEG-MAATSCHAPPIJ.,1870/04/19,KB C 47,http://resolver.kb.nl/resolve?urn=ddd:010495880:mpeg21:a0033:ocr,,0,
Advertentie,1913/05/30,Koninklijke Bibliotheek,http://resolver.kb.nl/resolve?urn=MMKB19:000539124:mpeg21:a00009:ocr,,0,
Advertentie,1879/02/26,KB 1640 C 1,http://resolver.kb.nl/resolve?urn=ddd:110535802:mpeg21:a0016:ocr,,0,
Advertentie,1882/04/05,KB 1640 C 1,http://resolver.kb.nl/resolve?urn=ddd:110537213:mpeg21:a0017:ocr,,0,
Binnenland.,1913/12/30,KB C 420,http://resolver.kb.nl/resolve?urn=ddd:010295896:mpeg21:a0079:ocr,,0,
Advertentie,1879/02/26,KB C 47,http://resolver.kb.nl/resolve?urn=ddd:010488064:mpeg21:a0018:ocr,,0,
Brieven van Boorda aan de Locomotief. De Ned. Ind. Spoorweg-maatschappij.,1870/04/04,Koninklijke Bibliotheek C 76,http://resolver.kb.nl/resolve?urn=ddd:010996242:mpeg21:a0023:ocr,,0,
"De Minister van Koloniën en de Heer Mr. P. Mijer, bij het verhandelde In de Tweede Hamer be- trekkelijk den Spoorweg van Samarang naar Sorrakarta.",1863/07/19,Koninklijke Bibliotheek,http://resolver.kb.nl/resolve?urn=MMKB19:000142167:mpeg21:a00015:ocr,,0,
Gemengd Indisch Nieuws.,1929/08/14,KB C55,http://resolver.kb.nl/resolve?urn=ddd:010221537:mpeg21:a0141:ocr,,0,
SPOORWEG-OPNAME IN INDIE.,1862/08/13,KB C 47,http://resolver.kb.nl/resolve?urn=ddd:010483577:mpeg21:a0033:ocr,,0,
BEURSBERICHTEN.,1928/10/10,Stadsarchief 's-Hertogenbosch,http://resolver.kb.nl/resolve?urn=MMSADB01:000014639:mpeg21:a0038:ocr,,0,
"SPOORWEGAANLEG TER, WESTKUST VAN SUMATRA.",1885/01/10,Koninklijke Bibliotheek MM03C-150168,http://resolver.kb.nl/resolve?urn=ddd:011102980:mpeg21:a0002:ocr,,0,
GEMENGD NIEUWS.,1909/09/10,Koninklijke Bibliotheek,http://resolver.kb.nl/resolve?urn=MMKB15:000765122:mpeg21:a00007:ocr,,0,
Advertentie,1895/01/22,KB C 47,http://resolver.kb.nl/resolve?urn=ddd:010496633:mpeg21:a0005:ocr,,0,
Advertentie,1863/05/29,Koninklijke Bibliotheek,http://resolver.kb.nl/resolve?urn=MMKB19:000142123:mpeg21:a00010:ocr,,0,
De emigratie naar Benkoelen.,1911/02/10,KB 1634 B1,http://resolver.kb.nl/resolve?urn=ddd:010323322:mpeg21:a0001:ocr,,0,
Uit liet Koloniaal Verslag over 1876. SPOORWEGEN.,1876/11/04,KB C 76,http://resolver.kb.nl/resolve?urn=ddd:010288772:mpeg21:a0038:ocr,,0,
"VERVOLG DER NIEUWSTIJDINGEN. AMSTERDAM, Dingsdag 11 October.",1864/10/12,KB C 21,http://resolver.kb.nl/resolve?urn=ddd:010139376:mpeg21:a0048:ocr,,0,
LAATSTE BERICHTEN. OUD-MINISTER COLIJN.,1914/12/08,Koninklijke Bibliotheek,http://resolver.kb.nl/resolve?urn=MMKB04:000188584:mpeg21:a0020:ocr,,0,
Advertentie,1874/04/10,KB C21,http://resolver.kb.nl/resolve?urn=ddd:010098870:mpeg21:a0101:ocr,,0,
OVERZIGT DER PERS VAN DEN DAG.,1877/10/20,Koninklijke Bibliotheek,http://resolver.kb.nl/resolve?urn=MMKB12:000007096:mpeg21:a00011:ocr,,0,
Devies „Wij hebben de ercplicht hun laatste rustplaats tot in de perfectie te blijven verzorgen”,1986/09/13,Koninklijke Bibliotheek C 98,http://resolver.kb.nl/resolve?urn=ddd:011207299:mpeg21:a1120:ocr,,0,
PER TELEPHOON.,1898/06/09,KB C 76,http://resolver.kb.nl/resolve?urn=ddd:010299438:mpeg21:a0058:ocr,,0,
Spoorwegaanleg op Sumatra's Westkust.,1884/11/10,Koninklijke Bibliotheek,http://resolver.kb.nl/resolve?urn=KBDDD02:000202557:mpeg21:a0004:ocr,,0,
GEMENGD NIEUWS. Het geheimzinnige geval te Amsterdam.,1927/02/05,Koninklijke Bibliotheek,http://resolver.kb.nl/resolve?urn=MMKB04:000145361:mpeg21:a0110:ocr,,0,
PLAATSELIJK NIEUWS.,1914/03/26,Koninklijke Bibliotheek,http://resolver.kb.nl/resolve?urn=MMKB15:000720212:mpeg21:a00052:ocr,,0,
MAIL-OVERZIGT.,1871/11/29,KB C 47,http://resolver.kb.nl/resolve?urn=ddd:010486017:mpeg21:a0023:ocr,,0,
NEDERLAND.,1863/08/05,KB C 47,http://resolver.kb.nl/resolve?urn=ddd:010484097:mpeg21:a0042:ocr,,0,
Pers-Overzicht Belastinghervorming en Kiesrecht.,1894/05/21,KB c226,http://resolver.kb.nl/resolve?urn=ddd:010091542:mpeg21:a0157:ocr,,0,
Onze Nieuwtjes.,1905/04/14,Koninklijke Bibliotheek,http://resolver.kb.nl/resolve?urn=MMKB15:000042089:mpeg21:a00005:ocr,,0,
Spoorwegaanleg op Sumatra’s Westkust.,1884/11/10,Koninklijke Bibliotheek C 76,http://resolver.kb.nl/resolve?urn=ddd:010984711:mpeg21:a0004:ocr,,0,
BINNENLAND. Voor zieke en behoeftige Inlanders te Semarang.,1903/02/02,Koninklijke Bibliotheek,http://resolver.kb.nl/resolve?urn=MMKB23:001462054:mpeg21:a00009:ocr,,0,
Advertentie,1882/04/05,KB C 47,http://resolver.kb.nl/resolve?urn=ddd:010488536:mpeg21:a0020:ocr,,0,
Advertentie,1879/01/16,KB C 47,http://resolver.kb.nl/resolve?urn=ddd:010487965:mpeg21:a0014:ocr,,0,
Advertentie,1873/03/21,KB c226,http://resolver.kb.nl/resolve?urn=ddd:010060656:mpeg21:a0036:ocr,,0,
Gemengde Indische Berichten.,1870/06/14,Koninklijke Bibliotheek C 76,http://resolver.kb.nl/resolve?urn=ddd:010996300:mpeg21:a0015:ocr,,0,
Allerlei.,1873/05/21,KB C 21,http://resolver.kb.nl/resolve?urn=ddd:010098601:mpeg21:a0010:ocr,,0,
Advertentie,1883/10/30,Het Utrechts Archief,http://resolver.kb.nl/resolve?urn=MMUTRA04:253131122:mpeg21:a00030:ocr,,0,
LETTEREN.,1896/07/18,Koninklijke Bibliotheek,http://resolver.kb.nl/resolve?urn=MMKB19:003624143:mpeg21:a00044:ocr,,0,
Advertentie,1879/02/25,KB C 47,http://resolver.kb.nl/resolve?urn=ddd:010488063:mpeg21:a0009:ocr,,0,
TELEGBAMMEN VAN DE SUMATRA-BODE.,1912/04/11,Koninklijke Bibliotheek,http://resolver.kb.nl/resolve?urn=MMKB19:000489084:mpeg21:a00004:ocr,,0,
GEMENGD NIEUWS.,1926/04/08,Westfries Archief,http://resolver.kb.nl/resolve?urn=MMWFA01:000173006:mpeg21:a00008:ocr,,0,
INTERIEUR,1889/06/11,Centre Céramique,http://resolver.kb.nl/resolve?urn=MMCC01:048270059:mpeg21:a00004:ocr,,0,
"SEMARANG, 27 FEBRUARI.",1903/02/27,KB C 76,http://resolver.kb.nl/resolve?urn=ddd:010299950:mpeg21:a0020:ocr,,0,
Een Rede van den Gouverneur Generaal.,1914/07/02,Koninklijke Bibliotheek,http://resolver.kb.nl/resolve?urn=MMKB19:000555145:mpeg21:a00042:ocr,,0,
Telegrafische Bericten.,1860/01/06,KB C21,http://resolver.kb.nl/resolve?urn=ddd:010240273:mpeg21:a0007:ocr,,0,
Twee moordenaars gevat.,1937/07/13,Koninklijke Bibliotheek C 64,http://resolver.kb.nl/resolve?urn=ddd:011110341:mpeg21:a0156:ocr,,0,
TWEE MOORDENAARS GEVAT.,1937/07/14,Koninklijke Bibliotheek,http://resolver.kb.nl/resolve?urn=MMKB19:000470012:mpeg21:a00010:ocr,,0,
Prae-Historische Vondsten.,1933/02/22,KB C55,http://resolver.kb.nl/resolve?urn=ddd:010229729:mpeg21:a0033:ocr,,0,
KUNST EN WETENSCHAP,1933/02/23,Koninklijke Bibliotheek,http://resolver.kb.nl/resolve?urn=MMKB19:000409045:mpeg21:a00024:ocr,,0,
PRAEHISTORISCHE VONDSTEN.,1933/02/21,Koninklijke Bibliotheek,http://resolver.kb.nl/resolve?urn=MMKB19:000459113:mpeg21:a00003:ocr,,0,
Het deskundig oordeel.,1936/03/20,KB C 248,http://resolver.kb.nl/resolve?urn=ddd:010285104:mpeg21:a0086:ocr,,0,
Argwaan,1935/11/25,Koninklijke Bibliotheek 1634 C1,http://resolver.kb.nl/resolve?urn=ddd:010971395:mpeg21:a0199:ocr,,0,
Argwaan.,1935/11/22,Koninklijke Bibliotheek C 96,http://resolver.kb.nl/resolve?urn=ddd:011074324:mpeg21:a0037:ocr,,0,
VROUW IN PUT GEGOOID. Afschuwelijk Drama.,1935/11/22,KB C55,http://resolver.kb.nl/resolve?urn=ddd:010230689:mpeg21:a0273:ocr,,0,
AFSCHUWELIJK DRAMA,1935/11/22,Koninklijke Bibliotheek,http://resolver.kb.nl/resolve?urn=MMKB15:000124046:mpeg21:a00055:ocr,,0,
Receptie in deEmbong Sawahclub,1938/09/10,Koninklijke Bibliotheek,http://resolver.kb.nl/resolve?urn=MMKB19:000480060:mpeg21:a00041:ocr,,0,
Plechtigheid te Soerabaia. Britsche gemeente huldigt Koningin Wilhelmina. In tegenwoordigheid van gouverneur Vander Plas.,1938/09/08,Universitaire Bibliotheken Leiden,http://resolver.kb.nl/resolve?urn=MMKB23:003480012:mpeg21:a00100:ocr,,0,
Uit onze Koloniën OOST-INDIë JAPAN EN INDIË Terugloopende handel,1938/10/11,Regionaal Archief Nijmegen,http://resolver.kb.nl/resolve?urn=MMRANM02:000035618:mpeg21:a0036:ocr,,0,
Crisis-Personeel en Hun Positie,1938/04/06,Koninklijke Bibliotheek,http://resolver.kb.nl/resolve?urn=MMKB19:000417080:mpeg21:a00042:ocr,,0,
DE KINA-RESTRICTIE.,1935/11/20,Koninklijke Bibliotheek,http://resolver.kb.nl/resolve?urn=MMKB19:000458068:mpeg21:a00012:ocr,,0,
Gemengd Nieuws.,1920/03/09,Koninklijke Bibliotheek,http://resolver.kb.nl/resolve?urn=MMKB15:000801102:mpeg21:a00019:ocr,,0,
Nederiandsch-lndië.,1925/12/29,Koninklijke Bibliotheek,http://resolver.kb.nl/resolve?urn=MMKB19:002122143:mpeg21:a00002:ocr,,0,
NEDERL-INDIE,1934/06/22,Koninklijke Bibliotheek,http://resolver.kb.nl/resolve?urn=MMKB15:000111066:mpeg21:a00022:ocr,,0,
MAILBERIGTEN.,1859/04/29,Koninklijke Bibliotheek,http://resolver.kb.nl/resolve?urn=MMKB19:000138007:mpeg21:a00007:ocr,,0,
"BINNENLANDSCHE BERIGTEN. 's Gravenhage , den 28sten April 1859.",1859/04/29,Koninklijke Bibliotheek T 948,http://resolver.kb.nl/resolve?urn=ddd:010789262:mpeg21:a0008:ocr,,0,
GEMEENTELIJKE SUBSIDIES.,1940/03/08,Koninklijke Bibliotheek C 64,http://resolver.kb.nl/resolve?urn=ddd:011121405:mpeg21:a0298:ocr,,0,
Op tournee.,1931/07/14,KB C 248,http://resolver.kb.nl/resolve?urn=ddd:010279412:mpeg21:a0099:ocr,,0,
Majapahit.,1925/08/27,KB C 21,http://resolver.kb.nl/resolve?urn=ddd:010660149:mpeg21:a0201:ocr,,0,
Nederlandsch – Indië Modjopahit.,1924/04/16,KB C 248,http://resolver.kb.nl/resolve?urn=ddd:010277270:mpeg21:a0085:ocr,,0,
"In den slag bij Ganter, die aanvan-",1933/06/26,Koninklijke Bibliotheek C 64,http://resolver.kb.nl/resolve?urn=ddd:011109717:mpeg21:a0141:ocr,,0,
STEMMEN UIT INDONESIË,1947/03/29,Historisch Centrum Overijssel,http://resolver.kb.nl/resolve?urn=MMKB23:001245075:mpeg21:a00061:ocr,,0,
STEMMEN UIT INDONESIE,1947/03/29,Groninger archieven,http://resolver.kb.nl/resolve?urn=MMRHCG04:235371073:mpeg21:a00062:ocr,,0,
Korte berichten.,1932/05/17,KB C 248,http://resolver.kb.nl/resolve?urn=ddd:010283996:mpeg21:a0102:ocr,,0,
OFFICIEEL. (Voor een groot deel reeds onder de telegrammen vermeld).,1912/03/16,Koninklijke Bibliotheek,http://resolver.kb.nl/resolve?urn=MMKB08:000127413:mpeg21:a0016:ocr,,0,
Civiel Departement.,1912/03/15,KB C55,http://resolver.kb.nl/resolve?urn=ddd:010135623:mpeg21:a0050:ocr,,0,
WETENSCHAPPEN.,1914/07/29,Koninklijke Bibliotheek,http://resolver.kb.nl/resolve?urn=MMKB15:000716074:mpeg21:a00020:ocr,,0,
"Trouw , Geboorte- en Doodberichten.",1882/02/09,KB c226,http://resolver.kb.nl/resolve?urn=ddd:010064015:mpeg21:a0136:ocr,,0,
Verzoek om subsidie.,1938/08/02,Koninklijke Bibliotheek C 64,http://resolver.kb.nl/resolve?urn=ddd:011121063:mpeg21:a0192:ocr,,0,
Monumenten.,1914/07/08,Koninklijke Bibliotheek C 96,http://resolver.kb.nl/resolve?urn=ddd:011036741:mpeg21:a0115:ocr,,0,
BENOEMiNGEN enz.,1912/04/15,Koninklijke Bibliotheek,http://resolver.kb.nl/resolve?urn=MMKB23:001493032:mpeg21:a00091:ocr,,0,
De Wadoek van Majapahit.,1925/02/23,KB C 248,http://resolver.kb.nl/resolve?urn=ddd:010277722:mpeg21:a0189:ocr,,0,
De Wadoek van Majapahlt.,1925/02/24,Koninklijke Bibliotheek C 96,http://resolver.kb.nl/resolve?urn=ddd:011040887:mpeg21:a0109:ocr,,0,
Burgemeester prijst goedgeefsheid,1953/02/09,Koninklijke Bibliotheek,http://resolver.kb.nl/resolve?urn=MMKB19:000371034:mpeg21:a00018:ocr,,0,
Door den Gouv.-Gen. en verdere autoriteiten zijn de volgende beschikkingen genomen.,1901/06/24,Koninklijke Bibliotheek,http://resolver.kb.nl/resolve?urn=MMKB23:001457139:mpeg21:a00038:ocr,,0,
UIT DE INDISCHE BLADEN.,1930/11/15,Koninklijke Bibliotheek,http://resolver.kb.nl/resolve?urn=MMKB04:000146687:mpeg21:a0216:ocr,,0,
Indische reis delegatie R.K. Staatspartij. Bezoek aan missiestaties te Pohsarang.,1938/06/16,Koninklijke Bibliotheek,http://resolver.kb.nl/resolve?urn=MMKB04:000193086:mpeg21:a0115:ocr,,0,
Officieele Berichten. Civiel Departement,1901/05/20,KB C 55,http://resolver.kb.nl/resolve?urn=ddd:010132929:mpeg21:a0040:ocr,,0,
Officieele berichten. Civiel Departement.,1901/05/23,Koninklijke Bibliotheek C 64,http://resolver.kb.nl/resolve?urn=ddd:011137821:mpeg21:a0018:ocr,,0,
OFFICIEELE BERICHTEN.,1901/05/22,Koninklijke Bibliotheek,http://resolver.kb.nl/resolve?urn=MMKB08:000126484:mpeg21:a0006:ocr,,0,
NEDERLANDSCH-INDIË,1936/10/19,Koninklijke Bibliotheek,http://resolver.kb.nl/resolve?urn=MMKB19:000418092:mpeg21:a00032:ocr,,0,
Financiën en Economie,1948/11/11,Koninklijke Bibliotheek,http://resolver.kb.nl/resolve?urn=MMKB19:000084114:mpeg21:a00052:ocr,,0,
TELEGRAMMEN.,1914/01/07,Koninklijke Bibliotheek,http://resolver.kb.nl/resolve?urn=MMKB15:000047001:mpeg21:a00003:ocr,,0,
TELEGRAMMEN. De Effectenmarkt,1910/04/22,Koninklijke Bibliotheek,http://resolver.kb.nl/resolve?urn=MMKB08:000123106:mpeg21:a0006:ocr,,0,
Gouvernementsdienst CIVIEL DEPARTEMENT.,1910/04/28,Universitaire Bibliotheken Leiden,http://resolver.kb.nl/resolve?urn=MMKB23:001657147:mpeg21:a00088:ocr,,0,
OOST-INDIE.,1913/07/15,Koninklijke Bibliotheek,http://resolver.kb.nl/resolve?urn=MMKB04:000134560:mpeg21:a0044:ocr,,0,
Onze Koloniën. OOST-INDIË.,1913/07/31,Koninklijke Bibliotheek,http://resolver.kb.nl/resolve?urn=MMKB08:000138215:mpeg21:a0006:ocr,,0,
De Decoraties.,1906/09/07,Koninklijke Bibliotheek,http://resolver.kb.nl/resolve?urn=MMKB15:000020058:mpeg21:a00002:ocr,,0,
Nederl.-Indië.,1925/02/24,Universitaire Bibliotheken Leiden,http://resolver.kb.nl/resolve?urn=MMKB23:001699129:mpeg21:a00007:ocr,,0,
NED. OOST-INDIË.,1901/06/24,KB c226,http://resolver.kb.nl/resolve?urn=ddd:010128225:mpeg21:a0169:ocr,,0,
Civiel Departement.,1901/05/28,KB C 76,http://resolver.kb.nl/resolve?urn=ddd:010298527:mpeg21:a0151:ocr,,0,
MUTATIËN.,1912/10/30,Koninklijke Bibliotheek,http://resolver.kb.nl/resolve?urn=MMKB19:002789073:mpeg21:a00031:ocr,,0,
BINNENLAND,1943/02/08,KB NMB C 62,http://resolver.kb.nl/resolve?urn=ddd:110528676:mpeg21:a0050:ocr,,0,
Natuurhistorische Vereeniging te Kedirt.,1938/07/26,Koninklijke Bibliotheek C 64,http://resolver.kb.nl/resolve?urn=ddd:011121057:mpeg21:a0217:ocr,,0,
Aardrijkskundig Genootschap.,1902/12/29,KB C 226,http://resolver.kb.nl/resolve?urn=ddd:010129723:mpeg21:a0117:ocr,,0,
OOST- EN WEST-INDIE.,1921/01/29,Koninklijke Bibliotheek,http://resolver.kb.nl/resolve?urn=MMKB19:000151023:mpeg21:a00037:ocr,,0,
Opgravingen op Santorini Een Grieks Pompei uit de bronstijd,1976/01/02,Koninklijke Bibliotheek,http://resolver.kb.nl/resolve?urn=KBNRC01:000025337:mpeg21:a0131:ocr,,8,ARCHAEOLOGY; METAL; PREHISTORIC
"PRAEHISTORISCHE OUDHEDEN IN OOST-JAVA Megalithen te Pakaoeman, bij Bondowoso",1942/01/03,"Koninklijk Instituut voor Taal-, Land- en Volkenku DP SP/42-1",http://resolver.kb.nl/resolve?urn=ddd:011176503:mpeg21:a0028:ocr,,7,ARCHAEOLOGY; PREHISTORIC; JAVA
"PRAEHISTORISCHE OUDHEDEN IN OOST-JAVA. (Van onzen redacteur te Batavia.) Megalithen te Pakaoeman, bij Bondowoso.",1941/12/20,"Koninklijk Instituut voor Taal-, Land- en Volkenku DP IC/41-5/42-1",http://resolver.kb.nl/resolve?urn=ddd:011176670:mpeg21:a0057:ocr,,7,ARCHAEOLOGY; PREHISTORIC; JAVA
OP REIS. Indrukken en Potloodschetsen. VII. INHOUD: Prambanan.— Een ellendige halte.- Vluchtig bezoek aan de tjandis.- De oudheidkundige vereeniging te Djokja.— Wakkere mannen.- Geen geld en geen regeeringshulp.- De tjandi sewoe. – Oude Hindoes en nieuwerwetsche Javanen.— Een Indische antiquaar en zijn rommelzôo.,1887/11/16,Koninklijke Bibliotheek 1640 C1,http://resolver.kb.nl/resolve?urn=ddd:110613996:mpeg21:a0037:ocr,,6,ARCHAEOLOGY; TEMPLE; JAVA
Javasche Oudheden.,1859/04/27,KB C 47,http://resolver.kb.nl/resolve?urn=ddd:010482993:mpeg21:a0034:ocr,,6,ARCHAEOLOGY; VOLCANIC; JAVA
Oost-Java: De Ongerepte Schoonheid van het Hiang Plateau. Wandeling in het Maanlicht: Spookachtig Trekken Nevelslierten Voorbij... Maatregelen Tegen Stroopers. Bronstijd der Herten.,1938/05/31,Universitaire Bibliotheken Leiden,http://resolver.kb.nl/resolve?urn=MMKB23:003459051:mpeg21:a00265:ocr,,6,METAL; PREHISTORIC; JAVA
DE NEDERLANDSCHE EXPEDITIE IN CENTRAAL BORNEO. De geologische gesteldheid van het binnenland. HINDOE-OUDHEDEN IN HET HART VAN BORNEO. De geheimzinnige Goenoeng Kombeng. In Borneo’s binnenland staan Boeddha-beelden van ruim duizend jaar oud.,1926/01/27,Universitaire Bibliotheken Leiden,http://resolver.kb.nl/resolve?urn=MMKB23:001691065:mpeg21:a00027:ocr,,5,ARCHAEOLOGY; STATUE
Bronstijd,1938/09/05,KB C55,http://resolver.kb.nl/resolve?urn=ddd:010227647:mpeg21:a0185:ocr,,5,METAL; PREHISTORIC
BRONSTIJD.,1938/08/17,Universitaire Bibliotheken Leiden,http://resolver.kb.nl/resolve?urn=MMKB23:003474093:mpeg21:a00143:ocr,,5,METAL; PREHISTORIC
Daroel Islam heeft de strijdbijl opgegraven Hevige gevechten op West-Java,1961/10/16,Groninger archieven,http://resolver.kb.nl/resolve?urn=MMRHCG04:235060039:mpeg21:a00070:ocr,,4,ARCHAEOLOGY; JAVA
"De Schoonheid van de Vorstenlanden. Bakermat der Javaansche Cultuur, voortlevend in Oudheden, Hofgebruiken en Kunstnijverheid. Herinneringen aan Glorietijd van Mataram. Modern Jogja als Woonplaats.",1935/05/31,Universitaire Bibliotheken Leiden,http://resolver.kb.nl/resolve?urn=MMKB23:001754066:mpeg21:a00262:ocr,,4,ARCHAEOLOGY; JAVA
Naar Tjandi Panataran en de Lahar Kali Poetih.,1927/09/06,Universitaire Bibliotheken Leiden,http://resolver.kb.nl/resolve?urn=MMKB23:001706013:mpeg21:a00116:ocr,,4,TEMPLE; VOLCANIC
Hindoe-oudheden op Java.,1916/04/04,KB C 21,http://resolver.kb.nl/resolve?urn=ddd:010652682:mpeg21:a0098:ocr,,4,ARCHAEOLOGY; JAVA
Oudheden op Midden-Java.,1902/11/24,KB C 76,http://resolver.kb.nl/resolve?urn=ddd:010298879:mpeg21:a0058:ocr,,4,ARCHAEOLOGY; JAVA
ONDERZOEK VAN JAVA’S VERLEDEN. Vijf-en-twintig jaar zorg voor oudheden.,1927/03/25,Universitaire Bibliotheken Leiden,http://resolver.kb.nl/resolve?urn=MMKB23:001708061:mpeg21:a00027:ocr,,4,ARCHAEOLOGY; JAVA
Praehistorische Vondsi Versteende reuzenschildpad bij Boemiajoe,1938/06/16,Koninklijk Instituut voor de Tropen (KIT) L 5018,http://resolver.kb.nl/resolve?urn=ddd:010864999:mpeg21:a0049:ocr,,4,STONE; PREHISTORIC
WEST-JAVA Praehistorische Vondst,1938/07/03,Koninklijke Bibliotheek,http://resolver.kb.nl/resolve?urn=MMKB27:021092005:mpeg21:a00144:ocr,,4,PREHISTORIC; JAVA
Praehistorische Vondst VEESTEENDE REUZENSCHILDPAD BIJ BOEMIAJOE.,1938/07/08,Stadsarchief Breda,http://resolver.kb.nl/resolve?urn=MMSAB03:000067554:mpeg21:a0099:ocr,,4,STONE; PREHISTORIC
Archipel Praehistorische vondst. VERSTEENDE REUZENSCHILDPAD.,1938/06/23,KB 1634 C1,http://resolver.kb.nl/resolve?urn=ddd:010383968:mpeg21:a0148:ocr,,4,STONE; PREHISTORIC
Praehistorisch Monster. De vondst van dr. Von Koenigswald te Boemiajoe. Een versteende reuzenschildpad.,1938/06/18,Universitaire Bibliotheken Leiden,http://resolver.kb.nl/resolve?urn=MMKB23:003459081:mpeg21:a00237:ocr,,4,STONE; PREHISTORIC
OUDHEIDKUNDIGE VONDST. Een „fabriek” van steenen bijlen.,1927/11/01,KB C 21,http://resolver.kb.nl/resolve?urn=ddd:010659009:mpeg21:a0067:ocr,,4,ARCHAEOLOGY; STONE
Bijlen uit het Steenen Tijdperk PRAEHISTORISCHE VONDSTEN OP PASIR KARET.,1938/08/31,Stadsarchief Breda,http://resolver.kb.nl/resolve?urn=MMSAB03:000067734:mpeg21:a0044:ocr,,4,STONE; PREHISTORIC
WETENSCHAP BIJLEN UIT HET STEENEN TIJDPERK Praehistorische vondst op Pasir Karet.,1938/08/23,KB C 21,http://resolver.kb.nl/resolve?urn=ddd:010664932:mpeg21:a0165:ocr,,4,STONE; PREHISTORIC
Bijlen uit het Steenen Tijdperk Praehistorische vondsten op Pasir Karet,1938/08/15,Koninklijk Instituut voor de Tropen (KIT) L 5018,http://resolver.kb.nl/resolve?urn=ddd:010865199:mpeg21:a0052:ocr,,4,STONE; PREHISTORIC
OUDHEIDKUNDIGE VONDST. Een „fabriek” van steenen bijlen.,1927/11/02,Koninklijke Bibliotheek C 51,http://resolver.kb.nl/resolve?urn=ddd:010988777:mpeg21:a0137:ocr,,4,ARCHAEOLOGY; STONE
VOORWERPEN UIT ’T STEENEN TIJDPERK Een bezoek aan Indische praehistorische „werkplaatsen”,1938/08/23,KB C 236,http://resolver.kb.nl/resolve?urn=ddd:010540370:mpeg21:a0048:ocr,,4,STONE; PREHISTORIC
Praehistorisch onderzoek op Java,1938/04/15,KB C 236,http://resolver.kb.nl/resolve?urn=ddd:010539305:mpeg21:a0074:ocr,,4,PREHISTORIC; JAVA
MUSEUM VAN OUDHEDEN TE LEIJDEN.,1840/03/14,KB T948,http://resolver.kb.nl/resolve?urn=ddd:010066316:mpeg21:a0007:ocr,,3,ARCHAEOLOGY
Spoorwegen op Oost-Java.,1873/05/05,KB 1640 C 1,http://resolver.kb.nl/resolve?urn=ddd:110533871:mpeg21:a0027:ocr,,3,CONSTRUCTION; JAVA
"UTRECHT, ZondaG 21 Junij Spoorwegen op Java.",1863/06/22,Het Utrechts Archief,http://resolver.kb.nl/resolve?urn=MMUTRA04:253103141:mpeg21:a00004:ocr,,3,CONSTRUCTION; JAVA
INGEZONDEN. DIAMANTEN EN GOUD OP JAVA.,1902/09/19,Koninklijke Bibliotheek C 96,http://resolver.kb.nl/resolve?urn=ddd:011033404:mpeg21:a0047:ocr,,3,METAL; JAVA
"Nederlandsch-Indië. Uit de Vorstenlanden. Jogja, 22 Augustus 1917. Hindoe-oudheden.",1917/08/23,Universitaire Bibliotheken Leiden,http://resolver.kb.nl/resolve?urn=MMKB23:001666095:mpeg21:a00030:ocr,,3,ARCHAEOLOGY
EEN ARGUMENT TEN GUNSTE VAN HET BATAVIASCH HAVENPLAN.,1877/02/19,KB C 21,http://resolver.kb.nl/resolve?urn=ddd:010102956:mpeg21:a0001:ocr,,3,VOLCANIC; JAVA
Onze Indische Oudheden.,1915/06/02,Koninklijke Bibliotheek C 96,http://resolver.kb.nl/resolve?urn=ddd:011037189:mpeg21:a0054:ocr,,3,ARCHAEOLOGY
Over Indische Oudheden,1915/06/03,Koninklijke Bibliotheek C 96,http://resolver.kb.nl/resolve?urn=ddd:011037190:mpeg21:a0070:ocr,,3,ARCHAEOLOGY
DE OPGRAVINGEN IN DJOKJA.,1886/03/17,Koninklijke Bibliotheek C 96,http://resolver.kb.nl/resolve?urn=ddd:110616720:mpeg21:a0033:ocr,,3,ARCHAEOLOGY
"HET RIJKSMUSEUM VAN OUDHEDEN EN HET RIJKSETHNOGRAPHISCH MUSEUM TE LEIDEN, GEDURENDE HET JAAR 1873. [Vervolg en slot. — Zie ons vorig nommer.] MIDDELEEUWSCHE EN LATERE VOORWERPEN,",1874/04/25,Koninklijke Bibliotheek,http://resolver.kb.nl/resolve?urn=MMKB08:000150011:mpeg21:a0004:ocr,,3,ARCHAEOLOGY
Over Indische Oudheden.,1915/10/27,Koninklijke Bibliotheek C 96,http://resolver.kb.nl/resolve?urn=ddd:011037314:mpeg21:a0080:ocr,,3,ARCHAEOLOGY
Vervolg der Nieuwstijdingen. Uit de Bataviasche bladen van Maandag.,1875/04/30,Koninklijke Bibliotheek C 76,http://resolver.kb.nl/resolve?urn=ddd:010995810:mpeg21:a0017:ocr,,3,VOLCANIC; JAVA
Indische oudheden.,1928/02/25,KB NBM Mfm MMK 0030 [Microfilm],http://resolver.kb.nl/resolve?urn=ddd:010029521:mpeg21:a0183:ocr,,3,ARCHAEOLOGY
Oudheidkundige Nasporingen.,1913/12/19,Koninklijke Bibliotheek C 96,http://resolver.kb.nl/resolve?urn=ddd:011036579:mpeg21:a0090:ocr,,3,ARCHAEOLOGY
Onze Indische Oudheden.,1915/11/06,Koninklijke Bibliotheek C 96,http://resolver.kb.nl/resolve?urn=ddd:011037323:mpeg21:a0081:ocr,,3,ARCHAEOLOGY
Oudheidkundige Nasporingen.,1913/12/19,Koninklijke Bibliotheek C 96,http://resolver.kb.nl/resolve?urn=ddd:011036579:mpeg21:a0132:ocr,,3,ARCHAEOLOGY
HET RIJKSMUSEUM VAN OUDHEDEN EN HET RIJKSETHNOGRAPHISCH MUSEUM TE LEIDEN.,1870/06/06,Koninklijke Bibliotheek,http://resolver.kb.nl/resolve?urn=MMKB08:000148318:mpeg21:a0008:ocr,,3,ARCHAEOLOGY
Oudheden te Salatiga,1929/06/08,Koninklijke Bibliotheek,http://resolver.kb.nl/resolve?urn=MMKB19:000441032:mpeg21:a00022:ocr,,3,ARCHAEOLOGY
Oudheidkundige Vondsten.,1937/09/29,Koninklijke Bibliotheek,http://resolver.kb.nl/resolve?urn=MMKB19:000470078:mpeg21:a00078:ocr,,3,ARCHAEOLOGY
Oudheidkundige Vondsten. In het district Ngrambé.,1937/09/28,Universitaire Bibliotheken Leiden,http://resolver.kb.nl/resolve?urn=MMKB23:003466055:mpeg21:a00128:ocr,,3,ARCHAEOLOGY
Oudheidkundige Vondsten Van eenvoudige voorwerpen tot ingewikkelde bouwwerken,1937/09/30,KB C55,http://resolver.kb.nl/resolve?urn=ddd:010227617:mpeg21:a0023:ocr,,3,ARCHAEOLOGY
Niet ongunstig beeld' van suikerondernemingen op Oost-Java,1950/11/02,Koninklijke Bibliotheek,http://resolver.kb.nl/resolve?urn=ABCDDD:010835036:mpeg21:a0198:ocr,,3,STATUE; JAVA
Opgravingen te Bangil.,1929/10/29,Koninklijke Bibliotheek C 64,http://resolver.kb.nl/resolve?urn=ddd:110637907:mpeg21:a0123:ocr,,3,ARCHAEOLOGY
Oudheidkundige Vondst,1934/09/08,KB C55,http://resolver.kb.nl/resolve?urn=ddd:010230194:mpeg21:a0077:ocr,,3,ARCHAEOLOGY
OUDHEIDKUNDIGE VONDST. In Mranggen.,1934/09/14,Koninklijke Bibliotheek 1634 C1,http://resolver.kb.nl/resolve?urn=ddd:010971270:mpeg21:a0182:ocr,,3,ARCHAEOLOGY
NEDERLANDSCH INDIE UIT DE MAILBLADEN. Opgravingen te Bangil.,1929/12/02,Koninklijke Bibliotheek MM03C-101505,http://resolver.kb.nl/resolve?urn=ddd:011170140:mpeg21:a0102:ocr,,3,ARCHAEOLOGY
NIET ONBEVREDIGEND BEELD SUIKERCULTUUR OOST-JAVA,1950/11/03,KB C 98,http://resolver.kb.nl/resolve?urn=ddd:110585190:mpeg21:a0121:ocr,,3,STATUE; JAVA
WETENSCHAPPEN. Een Hindoo-Javaansch beeld.,1927/10/07,KB C 248,http://resolver.kb.nl/resolve?urn=ddd:010278888:mpeg21:a0141:ocr,,3,STATUE; JAVA
De Oudheidkundige Dienst verzet bergen werk,1952/04/09,Koninklijke Bibliotheek,http://resolver.kb.nl/resolve?urn=MMKB19:000289080:mpeg21:a00025:ocr,,3,ARCHAEOLOGY
Expositie Javaans goud,1993/02/23,Koninklijke Bibliotheek,http://resolver.kb.nl/resolve?urn=ABCDDD:010842572:mpeg21:a0127:ocr,,3,METAL; JAVA
Oudheidkundige vondsten.,1924/09/18,KB C 21,http://resolver.kb.nl/resolve?urn=ddd:010657003:mpeg21:a0239:ocr,,3,ARCHAEOLOGY
KUNST EN WETENSCHAP Oudheidkundige vondsten.,1924/08/15,Koninklijke Bibliotheek,http://resolver.kb.nl/resolve?urn=MMKB08:000141402:mpeg21:a0038:ocr,,3,ARCHAEOLOGY
Eeuwenoud goud uit Java,1993/07/20,Koninklijke Bibliotheek,http://resolver.kb.nl/resolve?urn=KBPERS01:003116017:mpeg21:a00117:ocr,,3,METAL; JAVA
LEGENDEN VAN JAVA Gedoog Sanga. De Javaansche legende der 9 tempeltjes. Door W. J. Visser. (Nadruk verboden.),1933/02/18,Universitaire Bibliotheken Leiden,http://resolver.kb.nl/resolve?urn=MMKB23:001745094:mpeg21:a00281:ocr,,3,TEMPLE; JAVA
OUDHEIDKUNDIGE DIENST BESTAAT EEN KWART EEUW,1938/06/28,Koninklijke Bibliotheek,http://resolver.kb.nl/resolve?urn=MMKB15:000120070:mpeg21:a00058:ocr,,3,ARCHAEOLOGY
Oudheidkundig onderzoek op Atjeh.,1906/09/10,KB C 55,http://resolver.kb.nl/resolve?urn=ddd:010134523:mpeg21:a0009:ocr,,3,ARCHAEOLOGY
Oudheidkundig onderzoek op Atjeh.,1906/09/10,Koninklijke Bibliotheek C 64,http://resolver.kb.nl/resolve?urn=ddd:011088530:mpeg21:a0033:ocr,,3,ARCHAEOLOGY
"Nederlandsch – Indië Oudheidkundige Dienst 25 Jaar De Taak van dezen Dienst is niet Afgeloopen, doch in Vele Opzichten Nauwelijks Begonnen Werk, waarvan Publiek niet Veel Merkt",1938/06/20,KB C55,http://resolver.kb.nl/resolve?urn=ddd:010226718:mpeg21:a0199:ocr,,3,ARCHAEOLOGY
Oudheidkundig onderzoek op Atjeh.,1906/09/12,Universitaire Bibliotheken Leiden,http://resolver.kb.nl/resolve?urn=MMKB23:001629175:mpeg21:a00011:ocr,,3,ARCHAEOLOGY
Kunst en Wetenschappen. Het resultaat van het onderzoek naar Hindoe oudheden.,1926/01/30,KB C55,http://resolver.kb.nl/resolve?urn=ddd:010220493:mpeg21:a0188:ocr,,3,ARCHAEOLOGY
KUNST EN WETENSCHAP. Het Resultaat van het Onderzoek naar Hindoe-oudheden.,1926/01/29,Koninklijke Bibliotheek C 96,http://resolver.kb.nl/resolve?urn=ddd:011040974:mpeg21:a0132:ocr,,3,ARCHAEOLOGY
JAVAANSCHE tempels. Over de beteekenis van den reconstructiearbeid.,1929/03/30,Universitaire Bibliotheken Leiden,http://resolver.kb.nl/resolve?urn=MMKB23:001716070:mpeg21:a00001:ocr,,3,TEMPLE; JAVA
HINDOE OUDHEDEN IN HET DJAMBISCHE.,1902/04/09,Koninklijke Bibliotheek C 96,http://resolver.kb.nl/resolve?urn=ddd:011033264:mpeg21:a0023:ocr,,3,ARCHAEOLOGY
WETENSCHAP. DE BORNEO EXPEDITIE. Hindoe oudheden.,1926/02/04,Koninklijke Bibliotheek,http://resolver.kb.nl/resolve?urn=KBDDD02:000198361:mpeg21:a0078:ocr,,3,ARCHAEOLOGY
In de Javasche Alpen. III. De ontdekking van den Tengger en de Tenggereezen.,1902/04/23,Koninklijke Bibliotheek C 64,http://resolver.kb.nl/resolve?urn=ddd:011137996:mpeg21:a0001:ocr,,3,VOLCANIC; JAVA
Midden-Java Lavastroom bemoeilijkt hulpactie,1979/02/22,Koninklijke Bibliotheek,http://resolver.kb.nl/resolve?urn=ABCDDD:010841094:mpeg21:a0117:ocr,,3,VOLCANIC; JAVA
Lava maakt reddingswerk op Midden-Java moeilijk,1979/02/23,Nederlands Dagblad,http://resolver.kb.nl/resolve?urn=ddd:010572721:mpeg21:a0115:ocr,,3,VOLCANIC; JAVA
"17.000 VLUCHTELINGEN; HONDERDEN DODEN? Vulkaan op Java braakt lava, rotsen en gifgas",1979/02/22,Gemeentearchief Rotterdam,http://resolver.kb.nl/resolve?urn=ddd:010960083:mpeg21:a0204:ocr,,3,VOLCANIC; JAVA
LANDVOOGDELIJKE REIS DOOR OOST-JAVA. Het bezoek aan het penatarantempelcomplex.,1939/02/20,Koninklijke Bibliotheek C 64,http://resolver.kb.nl/resolve?urn=ddd:011121129:mpeg21:a0132:ocr,,3,TEMPLE; JAVA
BLITAR. (Van onzen Malangschen correspondent.) Het bezoek aan het Penatarantempelcomplex.,1939/02/17,KB C 248,http://resolver.kb.nl/resolve?urn=ddd:010285653:mpeg21:a0255:ocr,,3,TEMPLE; JAVA
Oudheidkundig monument.,1940/08/12,Koninklijke Bibliotheek C 64,http://resolver.kb.nl/resolve?urn=ddd:011122479:mpeg21:a0205:ocr,,3,ARCHAEOLOGY
Brieven uit Amsterdam De onthullingen van het Handelsblad. — De havenstaking. — Een nieuwe wandelweg. — De atlas van het Koninklijk Oudheidkundig Genootschap. — Een tentoonstelling in het Paleis voor Volksvlijt.,1920/02/21,KB NBM C 44 [Microfilm],http://resolver.kb.nl/resolve?urn=ddd:010006466:mpeg21:a0138:ocr,,3,ARCHAEOLOGY
Oudheidkundige sprokkelingen in Barradeel Geen killer oord dan Koehool,1950/12/23,KBDK,http://resolver.kb.nl/resolve?urn=ddd:010612845:mpeg21:a0121:ocr,,3,ARCHAEOLOGY
VERSLAG der werkzaamheden en verrigrtingen van het Bataviaasch Genootschap van Kunsten en Wetenschappen sedert de Algemeene Vergadering van 27 Maart 1863 (voorgelezen in de Algemeene Vergadering van het Genootschap van 30 April 1864).,1864/06/24,Koninklijke Bibliotheek,http://resolver.kb.nl/resolve?urn=MMKB32:164603051:mpeg21:a00026:ocr,,3,VOLCANIC; JAVA
VERSLAG dor werkzaamheden en verrigtingen van het Bataviaasch Genootschap van Kunsten en Wetenschappen sedert de Algemeene Vergadering van 30 April 1864.,1865/06/20,Koninklijke Bibliotheek,http://resolver.kb.nl/resolve?urn=MMKB32:164597050:mpeg21:a00022:ocr,,3,VOLCANIC; JAVA
Oudheidkundige dienst in Indië.,1913/07/29,KB C 21,http://resolver.kb.nl/resolve?urn=ddd:010651219:mpeg21:a0019:ocr,,3,ARCHAEOLOGY
Ons oudheidkundig museum.,1932/07/23,KB C 248,http://resolver.kb.nl/resolve?urn=ddd:010284053:mpeg21:a0154:ocr,,3,ARCHAEOLOGY
WETENSCHAPPEN. Oudheidkundige vondst.,1934/05/09,Koninklijke Bibliotheek,http://resolver.kb.nl/resolve?urn=KBDDD02:000215885:mpeg21:a0186:ocr,,3,ARCHAEOLOGY
WETENSCHAPPEN. Oudheidkundige vondst.,1934/05/09,Koninklijke Bibliotheek C 248,http://resolver.kb.nl/resolve?urn=ddd:010993539:mpeg21:a0496:ocr,,3,ARCHAEOLOGY
Oudheidkundige vondsten in Bezoeki.,1904/01/06,Koninklijke Bibliotheek C 64,http://resolver.kb.nl/resolve?urn=ddd:011139999:mpeg21:a0084:ocr,,3,ARCHAEOLOGY
Japara’s Verleden. Belangwekkende vondsten bij recente opgravingen.,1931/03/05,Universitaire Bibliotheken Leiden,http://resolver.kb.nl/resolve?urn=MMKB23:001758007:mpeg21:a00002:ocr,,3,ARCHAEOLOGY
Oudheidkundig museum.,1931/12/17,Koninklijke Bibliotheek C 64,http://resolver.kb.nl/resolve?urn=ddd:011109488:mpeg21:a0213:ocr,,3,ARCHAEOLOGY
Voorouders der Toradja’s Opgravingen in Centraal-Celebes,1950/01/31,Koninklijk Instituut voor de Tropen (KIT) L5016,http://resolver.kb.nl/resolve?urn=ddd:010862597:mpeg21:a0069:ocr,,3,ARCHAEOLOGY
"Bijlen, beitels en boomschorskloppers Belangrijke opgravingen in Centraal-Celebes Zuid-Toradja's trokken uit Philippijnen naar Celehes",1950/01/31,Koninklijke Bibliotheek NBM C 1136,http://resolver.kb.nl/resolve?urn=ddd:011210629:mpeg21:a0063:ocr,,3,ARCHAEOLOGY
Het Praehistorisch Congres,1938/02/10,Koninklijke Bibliotheek,http://resolver.kb.nl/resolve?urn=MMKB15:000125033:mpeg21:a00060:ocr,,3,PREHISTORIC
Het Praehistorisch Congres De Indische delegatie weer thuis,1938/02/03,Koninklijk Instituut voor de Tropen (KIT) L 5018,http://resolver.kb.nl/resolve?urn=ddd:010864812:mpeg21:a0049:ocr,,3,PREHISTORIC
Oudheidkundige vondst.,1927/10/01,Universitaire Bibliotheken Leiden,http://resolver.kb.nl/resolve?urn=MMKB23:001706077:mpeg21:a00138:ocr,,3,ARCHAEOLOGY
Een bezoek aan praehistorische werkplaatsen,1938/08/23,Gemeentearchief Zaanstad,http://resolver.kb.nl/resolve?urn=MMGAZS01:000100096:mpeg21:a00023:ocr,,3,PREHISTORIC
BINNENLAND. PRAEHISTORISCHE WERKPLAATSEN. Op een theeonderneming. Wat er gevonden werd.,1938/08/17,KB C 248,http://resolver.kb.nl/resolve?urn=ddd:010286107:mpeg21:a0077:ocr,,3,PREHISTORIC
Een belangrijke oudheidkundige Vondst.,1927/10/08,Koninklijke Bibliotheek C 96,http://resolver.kb.nl/resolve?urn=ddd:011071797:mpeg21:a0162:ocr,,3,ARCHAEOLOGY
Praehistorische werkplaatsen,1938/08/17,Koninklijke Bibliotheek C 64,http://resolver.kb.nl/resolve?urn=ddd:011121076:mpeg21:a0136:ocr,,3,PREHISTORIC
PRAEHISTORISCH ONDERZOEK IN N.I. Verschillende cultuurgolven.,1927/07/05,KB C 21,http://resolver.kb.nl/resolve?urn=ddd:010659601:mpeg21:a0192:ocr,,3,PREHISTORIC
Praehistorisch onderzoek.,1927/06/10,Koninklijke Bibliotheek 1634 C1,http://resolver.kb.nl/resolve?urn=ddd:010970208:mpeg21:a0066:ocr,,3,PREHISTORIC
UIT ONZE OOST. PRAEHISTORISCHE WERK. PLAATSEN.,1938/08/23,Koninklijke Bibliotheek,http://resolver.kb.nl/resolve?urn=MMKB04:000193613:mpeg21:a0095:ocr,,3,PREHISTORIC
PRAEHISTORISCHE ARMBANDEN Vondst van dr. von Koenigswald.,1938/08/27,Koninklijke Bibliotheek,http://resolver.kb.nl/resolve?urn=KBNRC01:000056953:mpeg21:a0007:ocr,,3,PREHISTORIC
PRAEHISTORISCHE VONDSTEN. Eerste rapport van dr. Von Stein Callenfels. VAN GROOT BELANG.,1933/09/18,KB C 248,http://resolver.kb.nl/resolve?urn=ddd:010284722:mpeg21:a0074:ocr,,3,PREHISTORIC
PRAEHISTORISCHE VONDST Armbanden van onbekend type,1938/08/26,KB C 236,http://resolver.kb.nl/resolve?urn=ddd:010540375:mpeg21:a0091:ocr,,3,PREHISTORIC
DE PRAEHISTORISCHE VONDSTEN IN CELEBES.,1933/09/18,Koninklijke Bibliotheek C 64,http://resolver.kb.nl/resolve?urn=ddd:011109788:mpeg21:a0094:ocr,,3,PREHISTORIC
Oudheidkundig Onderzoek.,1929/08/01,KB C55,http://resolver.kb.nl/resolve?urn=ddd:010221527:mpeg21:a0079:ocr,,3,ARCHAEOLOGY
Vander Hoop Weer in Indië. Onderzoekingen op praehistorisch gebied.,1933/11/09,Universitaire Bibliotheken Leiden,http://resolver.kb.nl/resolve?urn=MMKB23:001766016:mpeg21:a00170:ocr,,3,PREHISTORIC
Oudheidkundige dienst,1929/07/25,Koninklijke Bibliotheek,http://resolver.kb.nl/resolve?urn=MMKB19:000441071:mpeg21:a00006:ocr,,3,ARCHAEOLOGY
OUDHEIDKUNDIG ONDERZOEK,1936/04/24,Koninklijke Bibliotheek,http://resolver.kb.nl/resolve?urn=MMKB27:017942040:mpeg21:a00148:ocr,,3,ARCHAEOLOGY
Oudheidkundige dienst.,1936/04/16,Koninklijke Bibliotheek,http://resolver.kb.nl/resolve?urn=MMKB19:000463089:mpeg21:a00063:ocr,,3,ARCHAEOLOGY
Praehistorisch onderzoek.,1928/01/12,Koninklijke Bibliotheek,http://resolver.kb.nl/resolve?urn=MMKB19:002771013:mpeg21:a00016:ocr,,3,PREHISTORIC
Praehistorisch onderzoek,1938/04/14,KB NBM C 44 [Microfilm],http://resolver.kb.nl/resolve?urn=ddd:010017771:mpeg21:a0256:ocr,,3,PREHISTORIC
EXPEDITIE-VONDSTEN. Praehistorisch onderzoek in Groote Oost.,1939/10/19,KB C 248,http://resolver.kb.nl/resolve?urn=ddd:010285755:mpeg21:a0072:ocr,,3,PREHISTORIC
NIEUWE OPGRAVINGEN.,1933/04/29,Koninklijke Bibliotheek,http://resolver.kb.nl/resolve?urn=MMKB19:000459266:mpeg21:a00001:ocr,,3,ARCHAEOLOGY
Praehistorische mens in Zuid-Afrika,1953/01/06,Noord-Hollands Archief,http://resolver.kb.nl/resolve?urn=MMNHA03:179269004:mpeg21:a00087:ocr,,3,PREHISTORIC
Wetenschap en Techniek. Oudheidkundige relaties met Siam.,1927/07/29,Koninklijke Bibliotheek C 96,http://resolver.kb.nl/resolve?urn=ddd:011041147:mpeg21:a0126:ocr,,3,ARCHAEOLOGY
NED.-INDIË Praehistorisch Onderzoek Van twee Amerikanen en een Franschman,1938/04/07,KB C55,http://resolver.kb.nl/resolve?urn=ddd:010226651:mpeg21:a0188:ocr,,3,PREHISTORIC
KOLONIËN. Spoorwegaanleg in Zuid-Sumatra.,1911/03/14,Koninklijke Bibliotheek,http://resolver.kb.nl/resolve?urn=MMKB08:000100502:mpeg21:a0028:ocr,,2,CONSTRUCTION
Er was reeds een Suez-kanaal bij na 33 eeuwen geleden Ferdinand deLesseps trad int voetspoor der Farao 's Phoeniciërs omzeilden Afrika omstreeks het jaar 600 voor Christus,1958/12/10,Groninger archieven,http://resolver.kb.nl/resolve?urn=MMRHCG03:163581087:mpeg21:a00074:ocr,,2,CONSTRUCTION
Marktbericht van het Soerabaiasch Handelsblad.,1882/05/24,Koninklijke Bibliotheek C 64,http://resolver.kb.nl/resolve?urn=ddd:011086288:mpeg21:a0030:ocr,,2,VOLCANIC
DE UITBARSTING- VAN DE MERAPI OORZAKEN EN GEVOLGEN De vulkaan als vernieler en als opbouwer tevens,1934/02/03,Het Utrechts Archief,http://resolver.kb.nl/resolve?urn=MMUTRA04:253247058:mpeg21:a00131:ocr,,2,VOLCANIC
Volkswelvaart en irrigatie.,1899/08/25,Koninklijke Bibliotheek C 64,http://resolver.kb.nl/resolve?urn=ddd:011136103:mpeg21:a0028:ocr,,2,CONSTRUCTION
Een belangrijk Boek over Irrigatie. (*),1899/09/18,KB C 76,http://resolver.kb.nl/resolve?urn=ddd:010299816:mpeg21:a0001:ocr,,2,CONSTRUCTION
Indische Spoorweg-politiek.,1891/05/28,KB C76,http://resolver.kb.nl/resolve?urn=ddd:010292268:mpeg21:a0050:ocr,,2,CONSTRUCTION
Het behoud van den tjandi Mendoet in Kedoe.,1899/05/10,Koninklijke Bibliotheek C 64,http://resolver.kb.nl/resolve?urn=ddd:011136014:mpeg21:a0001:ocr,,2,TEMPLE
"Springstoffen boren tunnel van 200 meter lengte Onderaardse „waterput"" in de mergelgangen bij Sibbe Reservoir kan een eeuw lang dienst doen",1949/11/05,Sociaal Historisch centrum voor Limburg T 501,http://resolver.kb.nl/resolve?urn=ddd:010417019:mpeg21:a0168:ocr,,2,CONSTRUCTION
Java steenkolen.,1903/06/05,Universitaire Bibliotheken Leiden,http://resolver.kb.nl/resolve?urn=MMKB23:001622157:mpeg21:a00030:ocr,,2,STONE; JAVA
Naar het land van Probolinggo. Het stempel der verandering. (Van onzen M.-redacteur.) UIT HET VERLEDEN. De verdwenen suiker. DE WELVAARTSBAROMETER. Gratie en Blauwwater.,1934/08/15,KB C 248,http://resolver.kb.nl/resolve?urn=ddd:010284472:mpeg21:a0136:ocr,,2,TEMPLE
Het raadsel van het Nyosmeer Vulkanische gaswolk blijft ook na onderzoek onbegrepen,1987/03/12,Koninklijke Bibliotheek,http://resolver.kb.nl/resolve?urn=KBNRC01:000030464:mpeg21:a0175:ocr,,2,VOLCANIC
GANDHARA-BEELD BIJ PALEMBANG GEVONDEN.,1928/12/01,KB C 21,http://resolver.kb.nl/resolve?urn=ddd:010659663:mpeg21:a0231:ocr,,2,STATUE
Kunst Beelden van rust en gelukzaligheid door JAN BART KLASTER,1992/02/11,Koninklijke Bibliotheek,http://resolver.kb.nl/resolve?urn=ABCDDD:010846132:mpeg21:a0090:ocr,,2,STATUE
De Prambanan-tempels. Monumenten van indrukwekkende schoonheid.,1929/07/29,Universitaire Bibliotheken Leiden,http://resolver.kb.nl/resolve?urn=MMKB23:001714072:mpeg21:a00008:ocr,,2,TEMPLE
Gedong Sanga. De negen tempeltjes op de Oengaran-helling. (Nadruk verboden).,1934/08/25,Universitaire Bibliotheken Leiden,http://resolver.kb.nl/resolve?urn=MMKB23:001764100:mpeg21:a00329:ocr,,2,TEMPLE
beeldende kunst,1993/08/06,Nederlands Dagblad,http://resolver.kb.nl/resolve?urn=ddd:010628656:mpeg21:a0146:ocr,,2,STATUE
Hoe de Tjandi Sari te Parijs kwam.,1900/08/25,KB C 76,http://resolver.kb.nl/resolve?urn=ddd:010298304:mpeg21:a0093:ocr,,2,TEMPLE
"DE IJSELIJKE TOONEELEN Door de vulkanische uitbersting, in het jaar 1888 op het eiland Krakatoa, veroorzaakt.",1919/08/26,Roosevelt Study Center,http://resolver.kb.nl/resolve?urn=ddd:011179109:mpeg21:a0044:ocr,,2,VOLCANIC
De laharstroom nadert Moentilan.—Verbreking van de communicatie verwacht.,1930/12/20,KB C 21,http://resolver.kb.nl/resolve?urn=ddd:010661547:mpeg21:a0012:ocr,,2,VOLCANIC
De vulkaanuitbarsting op BALI,1963/04/29,Nederlands Dagblad,http://resolver.kb.nl/resolve?urn=ddd:010568128:mpeg21:a0025:ocr,,2,VOLCANIC
De tempels van Angkor.,1921/09/24,Koninklijke Bibliotheek,http://resolver.kb.nl/resolve?urn=MMKB15:000091021:mpeg21:a00001:ocr,,2,TEMPLE
"DE DOODENDE LAHARSTROOM Een grijze hel, waaruit vlammen opspuiten en verstikkende dampen zich verspreiden. REEDS ELFDUIZEND VLUCHTELINGEN",1930/12/23,Het Utrechts Archief,http://resolver.kb.nl/resolve?urn=MMUTRA04:253332151:mpeg21:a00008:ocr,,2,VOLCANIC
De Ramp van den Telemojo. Geen Vulkanische Werking.,1930/05/20,KB C55,http://resolver.kb.nl/resolve?urn=ddd:010228892:mpeg21:a0011:ocr,,2,VOLCANIC
Naar den Penatarantempel.,1939/03/22,Koninklijke Bibliotheek C 64,http://resolver.kb.nl/resolve?urn=ddd:011121259:mpeg21:a0223:ocr,,2,TEMPLE
NEDERLANDSCH-INDIE. Zwervende Geleerde van Indië’s Voorhistorie. Ontgraving van de Vleermuizengrot Voorbeeld voor Verdere Onderzoekingen. Kennis Geput uit Fenomenaal Geheugen Dr. Van Stein Callenfels Laat Weinig Geschriften Na. Opmerkelijke Figuur.,1938/05/25,Universitaire Bibliotheken Leiden,http://resolver.kb.nl/resolve?urn=MMKB23:003459043:mpeg21:a00237:ocr,,2,STATUE
Hindoe-lavaanscne Kunst,1929/03/27,KB NBM C 44 [Microfilm],http://resolver.kb.nl/resolve?urn=ddd:010012092:mpeg21:a0204:ocr,,2,VOLCANIC
NEDERLANDSCH OOSTEN WEST-INDIË. COMPLEX WONINGEN IN DE ASCH GELEGD.,1929/02/05,Koninklijke Bibliotheek,http://resolver.kb.nl/resolve?urn=MMKB04:000197278:mpeg21:a0003:ocr,,2,VOLCANIC
De Tjandi Djags.,1904/12/03,KB C 21,http://resolver.kb.nl/resolve?urn=ddd:010648452:mpeg21:a0026:ocr,,2,TEMPLE
Kon. Ned. Aardrijkskundig Genootschap. DE Tjandi Toempang.,1903/01/29,Koninklijke Bibliotheek C 64,http://resolver.kb.nl/resolve?urn=ddd:011138125:mpeg21:a0003:ocr,,2,TEMPLE
DE KOLONIALE TENTOONSTELLING TE PARIJS HET NEVENL.INVISGHE PAVILJOEN Hoe harmonisch de feestzaal versierd werd Do bedriegelijke nabootsing van den Mendoet-tempel.,1931/05/11,KB NBM C 44 [Microfilm],http://resolver.kb.nl/resolve?urn=ddd:010013503:mpeg21:a0001:ocr,,2,TEMPLE
Java’s Oosthoek en de steentijd. door H.R. van Heekeren.,1933/02/25,Koninklijke Bibliotheek C 64,http://resolver.kb.nl/resolve?urn=ddd:011109621:mpeg21:a0243:ocr,,2,STONE; JAVA
VEERTIG EEUWEN OOSTERSE KUNST Expositie vol verrassingen in ’t Rijksmuseum (Van onze redacteur beeldende kunsten),1954/07/17,Universiteitsbibliotheek Rijksuniversiteit Groningen,http://resolver.kb.nl/resolve?urn=MMKB23:001565015:mpeg21:a00058:ocr,,2,STATUE
De voorhistorische mensch op Java Bezoek aan werkplaatsen uit het Steenen Tijdperk,1938/08/23,Koninklijke Bibliotheek,http://resolver.kb.nl/resolve?urn=MMKB32:164696046:mpeg21:a00018:ocr,,2,STONE; JAVA
Interessante Vondsten nabij Bandoeng. Miniatuur-gereedschappen van obsidiaan of vulkanisch glas.,1935/12/27,Universitaire Bibliotheken Leiden,http://resolver.kb.nl/resolve?urn=MMKB23:001753109:mpeg21:a00261:ocr,,2,VOLCANIC
HET BEELD EN DE PADI.,1940/03/04,Universitaire Bibliotheken Leiden,http://resolver.kb.nl/resolve?urn=MMKB23:003476092:mpeg21:a00084:ocr,,2,STATUE
KOLONIEN. (Per Overland-Mail.) BATAVIA 14 October.,1862/11/29,KB C 46,http://resolver.kb.nl/resolve?urn=ddd:010389712:mpeg21:a0001:ocr,,1,JAVA
Aangekomen Passagiers te Batavia.,1873/01/08,KB C 47,http://resolver.kb.nl/resolve?urn=ddd:010486379:mpeg21:a0014:ocr,,1,JAVA
"Nederlandsch-Indië. BATAVIA, 2 JANUARI.",1893/01/02,KB C 47,http://resolver.kb.nl/resolve?urn=ddd:010506550:mpeg21:a0009:ocr,,1,JAVA
BANTENG-JACHT AAN JAVA'S ZUIDKUST. ZELDZAAM GROOT-WILD.,1933/02/05,KB C 98,http://resolver.kb.nl/resolve?urn=ddd:110571510:mpeg21:a0269:ocr,,1,JAVA
Vluchtige Indrukken van Java.,1925/04/11,Koninklijke Bibliotheek,http://resolver.kb.nl/resolve?urn=MMKB19:000433009:mpeg21:a00111:ocr,,1,JAVA
Vluchtige indrukken van Java.,1925/03/23,KB C55,http://resolver.kb.nl/resolve?urn=ddd:010220277:mpeg21:a0148:ocr,,1,JAVA
OPROERIGE BEWEGING IN MIDDEL-JAVA.,1888/11/20,KB C 236,http://resolver.kb.nl/resolve?urn=ddd:010267877:mpeg21:a0005:ocr,,1,JAVA
Uit de geschiedenis van Indonesië OUDSTE BERICHTEN OVER JAVA,1951/04/28,"NIOD Instituut voor Oorlogs-, Holocaust- en Genocidestudies",http://resolver.kb.nl/resolve?urn=MMNIOD04:000093469:mpeg21:a0059:ocr,,1,JAVA
"Uit Insulinde’s Hoofdstad. (Geschreven voor het S.H.B.) Batavia, 28 Febr.",1883/03/05,Koninklijke Bibliotheek C 64,http://resolver.kb.nl/resolve?urn=ddd:011086100:mpeg21:a0005:ocr,,1,JAVA
DOOR DE LUCHT NAAR HET VERRE INSULINDE. Opening van den maandelijksclien vliegdienst Amsterdam-Batavia.,1929/09/11,Koninklijke Bibliotheek,http://resolver.kb.nl/resolve?urn=MMKB04:000197729:mpeg21:a0005:ocr,,1,JAVA
"Cornelis van der Lijn. Een Alkmaarsche jongen, die gouverneur-generaal en burgemeester zijner geboortestad werd. — Belangrijke veranderingen in Indië’s hoofdstad. DE UITGROEI VAN BATAVIA. Toen de vrede van Munster werd gesloten.",1934/02/05,KB C 21,http://resolver.kb.nl/resolve?urn=ddd:010662208:mpeg21:a0186:ocr,,1,JAVA
Javanen-Kolonisatie. Uitstekende perspectieven van Soekadana. Plannen tot bevloeiïng van 10.000 bouws.,1934/07/06,Universitaire Bibliotheken Leiden,http://resolver.kb.nl/resolve?urn=MMKB23:001764009:mpeg21:a00229:ocr,,1,JAVA
Soekadana. De tweede Javanen-kolonisatie. UITSTEKENDE PERSPECTIEVEN.,1934/07/06,KB C 248,http://resolver.kb.nl/resolve?urn=ddd:010284439:mpeg21:a0127:ocr,,1,JAVA
Soekadana De tweede Javanenkolonisatie in de Lampongs biedt uitstekende perspectieven.,1934/07/04,Koninklijke Bibliotheek C 96,http://resolver.kb.nl/resolve?urn=ddd:011073716:mpeg21:a0029:ocr,,1,JAVA
Met Dr. van der Sleen op reis Oost-Java voorheen en thans,1930/03/22,Historisch Centrum Overijssel,http://resolver.kb.nl/resolve?urn=MMHCO01:000085120:mpeg21:a0101:ocr,,1,JAVA
Met Dr. van der Sleen op reis. OOST-JAVA VOORHEEN EN THANS.,1930/03/28,Stadsarchief 's-Hertogenbosch,http://resolver.kb.nl/resolve?urn=MMSADB01:000016075:mpeg21:a0075:ocr,,1,JAVA
Met dr. Van der Sleen op reis Oost-Java voorheen en thans.,1930/04/22,Gemeentearchief Delft,http://resolver.kb.nl/resolve?urn=MMKB08:000075181:mpeg21:a0036:ocr,,1,JAVA
Economie van Java.,1915/05/17,KB C 21,http://resolver.kb.nl/resolve?urn=ddd:010652425:mpeg21:a0090:ocr,,1,JAVA
HAAGSCHE COURANT Zaterdag 15 Maart 1930 No. 14446. VIJFDE BLAD. Met dr. van der Sleen op reis. Oost-Java voorheen en thans.,1930/03/15,Koninklijke Bibliotheek,http://resolver.kb.nl/resolve?urn=MMKB04:000146597:mpeg21:a0145:ocr,,1,JAVA
INDISCH DAGBOEK. XXIII. Hindia Djawa. I. ONS CREDIT.,1925/07/31,KB C 21,http://resolver.kb.nl/resolve?urn=ddd:010660103:mpeg21:a0001:ocr,,1,JAVA
Opmerkelijke Rijst-cijfers en Java's matige Productie-capaciteit,1935/10/02,Koninklijke Bibliotheek,http://resolver.kb.nl/resolve?urn=MMKB19:000415080:mpeg21:a00030:ocr,,1,JAVA
DE GROOTE KERK VERGADERING TE BATAVIA.,1933/05/12,Koninklijke Bibliotheek,http://resolver.kb.nl/resolve?urn=MMKB19:000440021:mpeg21:a00001:ocr,,1,JAVA
"NEDERLANDSCH-INDIE. BATAVIA, 12 JULI.",1877/07/12,KB C 47,http://resolver.kb.nl/resolve?urn=ddd:010556485:mpeg21:a0034:ocr,,1,JAVA
WAT MOET ER VAN JAVA WORDEN?,1908/02/06,Koninklijke Bibliotheek C 96,http://resolver.kb.nl/resolve?urn=ddd:011035063:mpeg21:a0058:ocr,,1,JAVA
SOERAKARTA'S EEUWFEEST. (Door een bizonderen medewerker.) De machtsverschuivingen op Java. DE INVLOED VAN DE KRATONS. OPKOMST VAN DEN ISLAM.,1939/04/17,KB C 248,http://resolver.kb.nl/resolve?urn=ddd:010285701:mpeg21:a0188:ocr,,1,JAVA
De Grondslagen onzer Defensie. Geen verdediging van Tarakan en Balikpapan ten koste van het Javaleger. — Penny-wise and poundfoolish. —Beteekenis van de oliehavens. —De bewapening van de Marine-basis.,1930/03/13,Koninklijke Bibliotheek C 96,http://resolver.kb.nl/resolve?urn=ddd:011072644:mpeg21:a0021:ocr,,1,JAVA
Java's wegennet Een „Old-hand” schrijft ons over „Java's wegennet”.,1938/03/04,Koninklijke Bibliotheek C 64,http://resolver.kb.nl/resolve?urn=ddd:011110485:mpeg21:a0191:ocr,,1,JAVA
De oudste mensch van Java,1936/10/28,Koninklijke Bibliotheek C 64,http://resolver.kb.nl/resolve?urn=ddd:011108984:mpeg21:a0160:ocr,,1,JAVA
De oudste mensch van Java,1936/10/28,KB C 248,http://resolver.kb.nl/resolve?urn=ddd:010285462:mpeg21:a0244:ocr,,1,JAVA
De fossiele mensch van Java. DE WEG DER EVOLUTIE De beroemdste is nog altijd de Pithecanthropus.,1936/11/01,KB 1634 C1,http://resolver.kb.nl/resolve?urn=ddd:010459584:mpeg21:a0170:ocr,,1,JAVA
De oudste mensch van Java,1936/10/27,Koninklijke Bibliotheek C96,http://resolver.kb.nl/resolve?urn=ddd:011074460:mpeg21:a0050:ocr,,1,JAVA
DE FOSSIELE MENSCH VAN JAVA,1936/10/31,Koninklijke Bibliotheek,http://resolver.kb.nl/resolve?urn=MMKB15:000129027:mpeg21:a00055:ocr,,1,JAVA
De fossiele Mensch op Java.,1936/10/30,Koninklijke Bibliotheek,http://resolver.kb.nl/resolve?urn=MMKB19:000467077:mpeg21:a00079:ocr,,1,JAVA
Bevloeiïngen op Java en Waterstaats-Ingenieurs.,1896/03/31,KB C 76,http://resolver.kb.nl/resolve?urn=ddd:010294264:mpeg21:a0003:ocr,,1,JAVA
BATAVIA EN OMSTREKEN De Praehisiorische Mensch van Java. Dr. Von Königswald Voert zijn Toehoorders ierug tot in den Ijs-Tijd.,1936/10/27,KB C55,http://resolver.kb.nl/resolve?urn=ddd:010230554:mpeg21:a0118:ocr,,1,JAVA
Het Nieuwe Vliegveld te Batavia.,1936/11/02,Koninklijke Bibliotheek,http://resolver.kb.nl/resolve?urn=MMKB19:000474001:mpeg21:a00077:ocr,,1,JAVA
Wat gedaan voor Java? en Sumatra niet langer ten koste van dit eiland. (Ingezonden).,1903/02/21,Koninklijke Bibliotheek C 64,http://resolver.kb.nl/resolve?urn=ddd:011138145:mpeg21:a0073:ocr,,1,JAVA
WAT GEDAAN VOOR JAVA? EN SUMATRA NIET LANGER TEN KOSTE VAN DIT EILAND. (Ingezonden).,1903/02/17,Koninklijke Bibliotheek C 96,http://resolver.kb.nl/resolve?urn=ddd:011034331:mpeg21:a0082:ocr,,1,JAVA
"INDISCH MAIL-OVERZIGT. Batavia, Woensdag 28 Augustus 1872.",1872/08/28,KB C 47,http://resolver.kb.nl/resolve?urn=ddd:010483693:mpeg21:a0028:ocr,,1,JAVA
Een Hollandsch klimaat op Java.,1888/09/24,Koninklijke Bibliotheek,http://resolver.kb.nl/resolve?urn=MMKB19:003584035:mpeg21:a00026:ocr,,1,JAVA
"NEDERLANDSCH INDIE. BATAVIA, 12 november 1887.",1887/11/12,Koninklijke Bibliotheek C 96,http://resolver.kb.nl/resolve?urn=ddd:110617227:mpeg21:a0031:ocr,,1,JAVA
"Plaatselijk Nieuws. RAAD VAN JUSTITIE TE BATAVIA. Tweede Zitting. Woensdag, 30 December 1891, in de zaak van J. P. J. C. VAN STENIS en Mevrouw L. W. C. VAN DER SCHOOR.",1891/12/30,Koninklijke Bibliotheek 1640 C 1,http://resolver.kb.nl/resolve?urn=ddd:110615428:mpeg21:a0033:ocr,,1,JAVA
"Rolonien. Batavia, 27 Junij.",1867/08/09,KB 1615AC,http://resolver.kb.nl/resolve?urn=ddd:010115987:mpeg21:a0050:ocr,,1,JAVA
De Bataviamarkt.,1906/06/19,Universitaire Bibliotheken Leiden,http://resolver.kb.nl/resolve?urn=MMKB23:001633184:mpeg21:a00003:ocr,,1,JAVA
Na verwerping N. Guinea-resolutie in de V.N. Indonesië neemt serie maatregelen tegen Nederland en Nederlanders Boycot-actie in Oost-Java begonnen,1957/12/02,Historisch Centrum Overijssel,http://resolver.kb.nl/resolve?urn=MMHCO02:163765001:mpeg21:a00001:ocr,,1,JAVA
JAVA.,1856/05/28,Koninklijke Bibliotheek NBM 1658 B 1,http://resolver.kb.nl/resolve?urn=ddd:011060029:mpeg21:a0015:ocr,,1,JAVA
Vertrokken Passagiers van Batavia.,1873/09/23,KB C 47,http://resolver.kb.nl/resolve?urn=ddd:010486541:mpeg21:a0018:ocr,,1,JAVA
STADSNIEUWS „Oud Batavia.”,1920/03/29,Koninklijke Bibliotheek C 96,http://resolver.kb.nl/resolve?urn=ddd:011038836:mpeg21:a0013:ocr,,1,JAVA
"Tweede Blad. NEDERLANDSGH-INDIË Batavia, 29 Maart 1920. (Vervolg van het Eerste Blad.) „Oud Batavia"".",1920/03/29,KB C 55,http://resolver.kb.nl/resolve?urn=ddd:010179396:mpeg21:a0128:ocr,,1,JAVA
"OOST-INDIE. BATAVIA, 13 Dec.",1879/01/21,Historisch Centrum Overijssel,http://resolver.kb.nl/resolve?urn=MMHCO01:000069073:mpeg21:a0004:ocr,,1,JAVA
Uit Oost-Java. PROBOLINGGO.,1936/12/11,Koninklijke Bibliotheek C 64,http://resolver.kb.nl/resolve?urn=ddd:011108043:mpeg21:a0174:ocr,,1,JAVA
MOOI JAVA. Excursie van de Natuurhistorische Vereeniging afdeeling Modjokerto. (Van een correspondent te Soerabaja).,1929/01/29,Universitaire Bibliotheken Leiden,http://resolver.kb.nl/resolve?urn=MMKB23:001718068:mpeg21:a00008:ocr,,1,JAVA
SUMATRAANTJES. Zal Zwart of Wit Leiding Geven? Strijd tusschen Godsdienst en Adat zoo Oud als de Geïslamiseerde Minangkabau zelve. Wij Moeten er Buiten en er Boven Staan. Java Geen Maatstaf voor Koloniaal Beleid Elders. Door H. C. Zentgraaff.,1936/06/16,Universitaire Bibliotheken Leiden,http://resolver.kb.nl/resolve?urn=MMKB23:003463076:mpeg21:a00001:ocr,,1,JAVA
"MIDDEN- EN OOST-JAVA. Berichten van de eigen correspondenten van „De Locomotief” te Ambarawa, Banjoemas, Blitar, Blora, Bodja, Bodjonegoro, Bojolali, Cheribon, Demak, Japara, Jogja, Keboemen, Kediri, Kendal, Koedoes, Kopeng, Madioen, Magelang, Malang, Modjokerto, Ngandjoek, Ngawi, Pati, Pekalongan, Pemalang, Poerbolinggo, Poerwodadi, Poerworedjo, Poerwokerto, Rembang, Salatiga, Solo, Temanggoeng, Tegal, Tjepoe, Tjilatjap, Toeloengagoeng, Wonosobo. Bezoek aan het Groeiende Missiewerk te Boro. Een klein Ziekenhuisje, dat Uitgroeide tot een Missie-Complex van Groote Beteekenis. De Stichter Hiervan is Pastoor Prenthaler. Het Weeshuis.",1939/12/05,Universitaire Bibliotheken Leiden,http://resolver.kb.nl/resolve?urn=MMKB23:003469059:mpeg21:a00192:ocr,,1,JAVA
De Steenolie in de Vereenigde Staten van Amerika en in den Nederlandseh-Indischen Archipel.,1864/03/30,KB C 47,http://resolver.kb.nl/resolve?urn=ddd:010484428:mpeg21:a0085:ocr,,1,STONE
DE LANDVOOGDELIJKE REIS DOOR OOST-JAVA. (Van onzen correspondent te Malang.) De Regentenconferentie. – Met Mevrouw Van Starkenborgh naar de Leger des Heils-kolonie en Rembangan. – Namiddagbezoeken van den Landvoogd. – Een adoean sapi. – Avondreceptie. BONDOWOSO EN OMGEVING.,1939/03/25,KB C 248,http://resolver.kb.nl/resolve?urn=ddd:010285684:mpeg21:a0164:ocr,,1,JAVA
"NEDERLANDSCH INDIE. BATAVIA, 23 November 1891.",1891/11/23,Koninklijke Bibliotheek C 96,http://resolver.kb.nl/resolve?urn=ddd:110618266:mpeg21:a0006:ocr,,1,JAVA
OOST-JAVA Historisch Graf in Solo GEBEENTE VAN COMFAGNIESOFFICIEREN?,1939/08/06,Koninklijke Bibliotheek,http://resolver.kb.nl/resolve?urn=MMKB27:021096061:mpeg21:a00102:ocr,,1,JAVA
Het nieuwe zwembad. De eerste steen.,1935/07/31,Koninklijke Bibliotheek C 64,http://resolver.kb.nl/resolve?urn=ddd:011107158:mpeg21:a0090:ocr,,1,STONE
Berigten van JAVA.,1863/10/03,Koninklijke Bibliotheek MM03C--150158,http://resolver.kb.nl/resolve?urn=ddd:011100993:mpeg21:a0012:ocr,,1,JAVA
Geschiedenis van de kina-cultuur op Java.,1909/04/15,Universitaire Bibliotheken Leiden,http://resolver.kb.nl/resolve?urn=MMKB23:001648120:mpeg21:a00003:ocr,,1,JAVA
Over den Godsdienst in Ned. Indië Officieel zijn de Javanen Mohammedaan Maar hun oude geloof leeft voort.,1938/05/21,Stadsarchief Enschede,http://resolver.kb.nl/resolve?urn=MMSAEN01:000053878:mpeg21:a0096:ocr,,1,JAVA
BATAVIA.,1856/03/05,KB C 47,http://resolver.kb.nl/resolve?urn=ddd:010482905:mpeg21:a0013:ocr,,1,JAVA
"Het Heilige Land der Mohammedanen. Een Lezing in het Centrum van Java over het Centrum van den Islam, Arabië. Oud-Consul D. van der Meulen te Jogja. Ter Bedevaart Daar Mekka.",1936/07/08,Universitaire Bibliotheken Leiden,http://resolver.kb.nl/resolve?urn=MMKB23:003462016:mpeg21:a00220:ocr,,1,JAVA
West-Java. Buitenzorg. (Van onzen oorrespondent.) EEN GEDENKWAARDIGE DAG. 55-Jarige echtverbintenis.,1939/03/25,KB C55,http://resolver.kb.nl/resolve?urn=ddd:010227069:mpeg21:a0105:ocr,,1,JAVA
De Bhatara-Goeroa van Singosari.,1928/09/13,Koninklijke Bibliotheek,http://resolver.kb.nl/resolve?urn=MMKB19:000447061:mpeg21:a00063:ocr,,1,JAVA
Nederlandsche vliegtuigen boven Java en Madoera,1945/08/23,KBDK,http://resolver.kb.nl/resolve?urn=ddd:010609502:mpeg21:a0007:ocr,,1,JAVA
CIWAISME EN BOEDHISME OP JAVA.,1888/01/05,KB C 47,http://resolver.kb.nl/resolve?urn=ddd:010487367:mpeg21:a0029:ocr,,1,JAVA
Reizigers uit Djakarta „Tragedie in Indonesië groter dan men denkt” Lynchpartijen op Java,1965/12/30,Koninklijke Bibliotheek,http://resolver.kb.nl/resolve?urn=ABCDDD:010878088:mpeg21:a0185:ocr,,1,JAVA
WEST-JAVA Kolonisatie-film Naar schattin» woonden ruim 40.000 personen de eerste vertooning in Ploembon bij OPMERKELIJKE REACTIE DER BEVOLKING.,1939/01/08,Koninklijke Bibliotheek,http://resolver.kb.nl/resolve?urn=MMKB27:021094012:mpeg21:a00119:ocr,,1,JAVA
WAT JAVA WAARD IS. „A question of military time.”,1942/02/20,"Koninklijk Instituut voor Taal-, Land- en Volkenku DP IC/41-5/42-1",http://resolver.kb.nl/resolve?urn=ddd:011176729:mpeg21:a0002:ocr,,1,JAVA
VIJFTIG METER BOVEN JAVA....,1945/08/23,Koninklijke Bibliotheek C 22,http://resolver.kb.nl/resolve?urn=ddd:010971635:mpeg21:a0024:ocr,,1,JAVA
VIJFTIG METER BOVEN JAVA....,1945/08/23,KB C 22,http://resolver.kb.nl/resolve?urn=ddd:010318867:mpeg21:a0020:ocr,,1,JAVA
"Java’s problemen van een hoog standpunt bekeken. Vraagstuk der overbevolking. Bespiegelingen van een luchtreiziger, die de dessa’s onder zich ziet. De schoonheid van het Indische land.",1937/06/18,Koninklijke Bibliotheek C 64,http://resolver.kb.nl/resolve?urn=ddd:011110472:mpeg21:a0226:ocr,,1,JAVA
Oost Indië. JAVA EN MADOERA.,1914/04/03,KB NBM Mfm MMK 0030 [Microfilm],http://resolver.kb.nl/resolve?urn=ddd:010033409:mpeg21:a0077:ocr,,1,JAVA
HINDQE-OVERBL1JFSELEN OP JAVA.,1919/09/05,Koninklijke Bibliotheek,http://resolver.kb.nl/resolve?urn=MMKB19:003542208:mpeg21:a00010:ocr,,1,JAVA
"FEUILLETON. kromo, de Javaansche soldaat,",1916/03/07,Koninklijke Bibliotheek,http://resolver.kb.nl/resolve?urn=MMKB27:017866122:mpeg21:a00004:ocr,,1,JAVA
Brieven uit Batavia door een Correspondent van de LOCOMOTIEF. XIV.,1877/09/06,Koninklijke Bibliotheek,http://resolver.kb.nl/resolve?urn=KBDDD02:000204698:mpeg21:a0005:ocr,,1,JAVA
Brieven uit Batavia door een Correspondent van de LOCOMOTIEF.,1877/09/06,KB C 76,http://resolver.kb.nl/resolve?urn=ddd:010289028:mpeg21:a0004:ocr,,1,JAVA
Ingezonden Stukken. HET VERWOESTEN EN STELEN VAN OVER BLIJFSELEN EN GEDENKTEEKENEN DER OUDHEID OP JAVA.,1874/12/16,KB C 47,http://resolver.kb.nl/resolve?urn=ddd:010486336:mpeg21:a0018:ocr,,1,JAVA
De Hindoe-Javaansche Bouwwerken.,1923/10/03,KB C 248,http://resolver.kb.nl/resolve?urn=ddd:010277404:mpeg21:a0084:ocr,,1,JAVA
OUD-JAVAANSCHE STEEPLAAT-GRAVEN.,1934/07/02,Koninklijke Bibliotheek,http://resolver.kb.nl/resolve?urn=MMKB19:000456121:mpeg21:a00062:ocr,,1,JAVA
DE SEMEROE. FEUILLETON. Java-impressies. VI.,1920/10/10,KB NBM Mfm MMK 0030 [Microfilm],http://resolver.kb.nl/resolve?urn=ddd:010025095:mpeg21:a0003:ocr,,1,JAVA
"Nederlandsch-Indie. BATAVIA, 22 APRIL Telegram.",1872/04/22,KB C 47,http://resolver.kb.nl/resolve?urn=ddd:010483884:mpeg21:a0021:ocr,,1,JAVA
OOST-INDIE. BATAVIA den 10. September.,1837/01/09,Koninklijke Bibliotheek C 31,http://resolver.kb.nl/resolve?urn=ddd:010806638:mpeg21:a0011:ocr,,1,JAVA
BATAVIA.,1861/03/02,KB C 47,http://resolver.kb.nl/resolve?urn=ddd:010485189:mpeg21:a0039:ocr,,1,JAVA
WETENSCHAPPEN. PREHISTORISCHE VONDST. Versteende reuzenschildpad bij Boemiajoe.,1938/06/20,KB C 248,http://resolver.kb.nl/resolve?urn=ddd:010286006:mpeg21:a0290:ocr,,1,STONE
prehistorische vondst Versteende reuzenschilpad bij Boemiajoe.,1938/06/18,Koninklijke Bibliotheek C 64,http://resolver.kb.nl/resolve?urn=ddd:011110571:mpeg21:a0196:ocr,,1,STONE
DE RAMP VAN DEN MERAPI IN MIDDEN-JAVA.,1930/12/23,Groninger archieven,http://resolver.kb.nl/resolve?urn=MMRHCG04:235325071:mpeg21:a00020:ocr,,1,JAVA
De catastrofe op Midden-Java. Drie dorpen volkomen verwoest. ELF DUIZEND VLUCHTELINGE. Meer dan 700 slachtoffers. Een modderbandjir gevreesd.,1930/12/23,Koninklijke Bibliotheek,http://resolver.kb.nl/resolve?urn=MMKB12:000143148:mpeg21:a00078:ocr,,1,JAVA
DOOD WATER. Drukbezochte eerste voorstellingen in de Oost-Java Bioscope.,1935/01/05,Universitaire Bibliotheken Leiden,http://resolver.kb.nl/resolve?urn=MMKB23:001761007:mpeg21:a00182:ocr,,1,JAVA
KOLONIEN De ramp op midden-Java. Schokkende bijzonderheden. Geen groote stijging van het doodental boven 700 verwacht,1930/12/23,Gemeentearchief Delft,http://resolver.kb.nl/resolve?urn=MMKB08:000075284:mpeg21:a0027:ocr,,1,JAVA
LUCHT POST De groote ramp in Midden-Java. Een onnoemelijke ellende.,1931/01/07,Koninklijke Bibliotheek,http://resolver.kb.nl/resolve?urn=MMKB04:000146505:mpeg21:a0070:ocr,,1,JAVA
CULTURES. De voorzitter der K. L. V. (Van onzen Malangschen redacteur.),1934/06/20,Koninklijke Bibliotheek,http://resolver.kb.nl/resolve?urn=KBDDD02:000216078:mpeg21:a0092:ocr,,1,JAVA
112 DODEN NA DAMBREUK OP JAVA,1967/12/01,Koninklijke Bibliotheek C 98,http://resolver.kb.nl/resolve?urn=ddd:110590338:mpeg21:a0390:ocr,,1,JAVA
Reddingswerk op Java gaat stroef,1979/02/23,Koninklijke Bibliotheek,http://resolver.kb.nl/resolve?urn=ABCDDD:010882106:mpeg21:a0179:ocr,,1,JAVA
De ramp op Midden-Java,1930/05/20,Noord-Hollands Archief,http://resolver.kb.nl/resolve?urn=MMNHA03:179149017:mpeg21:a00012:ocr,,1,JAVA
De uitbarsting op Java.,1901/05/29,KBDK,http://resolver.kb.nl/resolve?urn=ddd:010596086:mpeg21:a0011:ocr,,1,JAVA
Nederlandsch-Indië. DE MODDERRAMP OP MIDDEN-JAVA.,1930/05/21,Koninklijke Bibliotheek,http://resolver.kb.nl/resolve?urn=MMKB12:000142119:mpeg21:a00029:ocr,,1,JAVA
Hevige regenval de  oorzaak. van de ramp op Java. Nog moer slachtoffer. De toestand blijft gevaarlijk.,1930/05/20,KB C142,http://resolver.kb.nl/resolve?urn=ddd:010212783:mpeg21:a0205:ocr,,1,JAVA
KOLONIEN De ramp op midden-Java.,1930/05/22,Koninklijke Bibliotheek,http://resolver.kb.nl/resolve?urn=MMKB08:000108358:mpeg21:a0069:ocr,,1,JAVA
OOST-INDIE DE RAMP OP JAVA Vernielingen van grooten omvang,1930/05/20,Het Utrechts Archief,http://resolver.kb.nl/resolve?urn=MMUTRA04:253232083:mpeg21:a00116:ocr,,1,JAVA
"KOLONIËN. Batavia, 23 Mei.",1901/06/18,Koninklijke Bibliotheek,http://resolver.kb.nl/resolve?urn=MMKB08:000097084:mpeg21:a0038:ocr,,1,JAVA
NEDERLANCSCH OOSTEN WEST -INDIË. CONFERENTIE RESIDENTEN VAN JAVA.,1929/01/25,Koninklijke Bibliotheek,http://resolver.kb.nl/resolve?urn=MMKB04:000197245:mpeg21:a0018:ocr,,1,JAVA
DE RAMP OP JAVA. Een tragische ontdekking.,1931/01/26,Tresoar,http://resolver.kb.nl/resolve?urn=ddd:010744672:mpeg21:a0018:ocr,,1,JAVA
Oost-Indië. De ramp op Java.,1930/05/21,Groninger archieven,http://resolver.kb.nl/resolve?urn=MMRHCG04:235229277:mpeg21:a00016:ocr,,1,JAVA
"RUIM 24000 VLUCHTELINGEN OP MIDDEN JAVA, Deelneming en hulpverleening in verband met de Merapi-ramp. DE SITUATIE IS THANS MINDER SOMBER.",1930/12/27,Het Utrechts Archief,http://resolver.kb.nl/resolve?urn=MMUTRA04:253332153:mpeg21:a00011:ocr,,1,JAVA
De Aardbeving op Java.,1883/09/05,KB C 21,http://resolver.kb.nl/resolve?urn=ddd:010165714:mpeg21:a0004:ocr,,1,JAVA
"KOLONIËN. Batavia, 4 Maart. Atjeh.",1908/03/31,Koninklijke Bibliotheek,http://resolver.kb.nl/resolve?urn=MMKB08:000096658:mpeg21:a0011:ocr,,1,JAVA
"NEDERLANDSCH INDIË. Batavia, 29 Mei 1902.",1902/05/29,Koninklijke Bibliotheek C 96,http://resolver.kb.nl/resolve?urn=ddd:011033325:mpeg21:a0001:ocr,,1,JAVA
Uit Soerabaja. Onze correspondent schrijft ons:,1912/08/05,Koninklijke Bibliotheek C 96,http://resolver.kb.nl/resolve?urn=ddd:011036922:mpeg21:a0112:ocr,,1,JAVA
OOST-JAVA. MALANG.,1930/09/10,KB C 248,http://resolver.kb.nl/resolve?urn=ddd:010279558:mpeg21:a0071:ocr,,1,JAVA
"Nederlandsch-Indië. BATAVIA, 10 SEPTEMBER.",1895/09/10,KB C 47,http://resolver.kb.nl/resolve?urn=ddd:010496796:mpeg21:a0030:ocr,,1,JAVA
"Nederlandsch-Indië. Batavia, 28 Januari.",1916/01/28,Koninklijke Bibliotheek C 96,http://resolver.kb.nl/resolve?urn=ddd:011037392:mpeg21:a0002:ocr,,1,JAVA
"STADSNIEUWS. SOERABAJA, 17 MEI 1934. Filmnieuws.",1934/05/17,Koninklijke Bibliotheek,http://resolver.kb.nl/resolve?urn=KBDDD02:000215909:mpeg21:a0013:ocr,,1,JAVA
"NEDERLANDSCH INDIË. Batavia, 25 November 1902.",1902/11/25,Koninklijke Bibliotheek C 96,http://resolver.kb.nl/resolve?urn=ddd:011033435:mpeg21:a0001:ocr,,1,JAVA
OOST – JAVA. MALANG. (Van onzen redacteur.) Regentschapsvergadering.,1932/12/23,KB C 248,http://resolver.kb.nl/resolve?urn=ddd:010284282:mpeg21:a0129:ocr,,1,JAVA
"Onze Oost. Fransche Mail. BATAVIA, 5 en 6 Sept. BESLUITEN EN BENOEMINGEN. Civiel Departement.",1906/10/05,Koninklijke Bibliotheek,http://resolver.kb.nl/resolve?urn=KBDDD02:000208926:mpeg21:a0018:ocr,,1,JAVA
OOST-JAVA. MALANG.,1931/09/11,KB C 248,http://resolver.kb.nl/resolve?urn=ddd:010284094:mpeg21:a0139:ocr,,1,JAVA
"Koloniën. Batavia, 21 Mei.",1901/06/26,Koninklijke Bibliotheek,http://resolver.kb.nl/resolve?urn=KBDDD02:000201979:mpeg21:a0030:ocr,,1,JAVA
"Koloniën. Batavia, 21 Mei.",1901/06/26,Koninklijke Bibliotheek C 420,http://resolver.kb.nl/resolve?urn=ddd:010994538:mpeg21:a0094:ocr,,1,JAVA
MALANG.,1931/09/09,KB C 248,http://resolver.kb.nl/resolve?urn=ddd:010284092:mpeg21:a0130:ocr,,1,JAVA
MALANG.,1931/09/09,KB C 248,http://resolver.kb.nl/resolve?urn=ddd:010284092:mpeg21:a0144:ocr,,1,JAVA
"Onze Oost. Fransche Mail. BATAVIA, 5 en 6 Sept. BESLUITEN EN BENOEMINGEN. Civiel Departement.",1906/10/05,Koninklijke Bibliotheek C 21,http://resolver.kb.nl/resolve?urn=ddd:010974436:mpeg21:a0050:ocr,,1,JAVA
UIT DEN OOSTHOEK. UIT MALANG. (Van onzen redacteur). Museumplannen.,1930/09/23,Koninklijke Bibliotheek C 64,http://resolver.kb.nl/resolve?urn=ddd:011108724:mpeg21:a0140:ocr,,1,JAVA
"Nederlandsch-lndië. Batavia, 6 November.",1913/11/06,Koninklijke Bibliotheek C 96,http://resolver.kb.nl/resolve?urn=ddd:011036543:mpeg21:a0002:ocr,,1,JAVA
"KOLONIËN. Batavia, 22 April. Tapanoeli.",1910/05/19,Koninklijke Bibliotheek,http://resolver.kb.nl/resolve?urn=MMKB08:000098576:mpeg21:a0032:ocr,,1,JAVA
"Nederlandsch-Indië. Batavia, 24 Sept.",1914/09/24,Koninklijke Bibliotheek C 96,http://resolver.kb.nl/resolve?urn=ddd:011036811:mpeg21:a0045:ocr,,1,JAVA
OOST-JAVA-NIEUWS. PROBOLINGGO. (Van onzen correspondent.) Vergadering I. K. P.,1934/06/18,Koninklijke Bibliotheek,http://resolver.kb.nl/resolve?urn=KBDDD02:000216076:mpeg21:a0116:ocr,,1,JAVA
"Nederlandsch-Indië. Batavia, 20 Mei",1913/05/20,Koninklijke Bibliotheek C 96,http://resolver.kb.nl/resolve?urn=ddd:011036282:mpeg21:a0002:ocr,,1,JAVA
"Batavia, 31 Augustus 1906*, Koninklijke onderscheidingen.",1906/09/01,Koninklijke Bibliotheek C 64,http://resolver.kb.nl/resolve?urn=ddd:011088523:mpeg21:a0034:ocr,,1,JAVA
UIT DEN OOSTHOEK. UIT MALANG. (Van onzen redacteur).,1931/02/07,Koninklijke Bibliotheek C 64,http://resolver.kb.nl/resolve?urn=ddd:011109091:mpeg21:a0197:ocr,,1,JAVA
ONZE OOST. NEDERLANDSCHE MAIL. Javabladen van 14 t/m 18 Juni. MUTATIEN (officieel).,1913/07/14,KB C 21,http://resolver.kb.nl/resolve?urn=ddd:010651193:mpeg21:a0121:ocr,,1,JAVA
"Nederlandsch – Indië. Batavia, 28 September.",1912/09/28,Koninklijke Bibliotheek C 96,http://resolver.kb.nl/resolve?urn=ddd:011036110:mpeg21:a0002:ocr,,1,JAVA
"Nederlandsch-Indië. Batavia, 24 April.",1913/04/24,Koninklijke Bibliotheek C 96,http://resolver.kb.nl/resolve?urn=ddd:011036264:mpeg21:a0002:ocr,,1,JAVA
"NEDERLANDSCH INDIË. Batavia, 28 October 1899. Transvaal-comité.",1899/10/28,Koninklijke Bibliotheek C 96,http://resolver.kb.nl/resolve?urn=ddd:011032868:mpeg21:a0003:ocr,,1,JAVA
"NEDERLANDSCH INDIË. Batavia, 5 Juli 1897.",1897/07/05,Koninklijke Bibliotheek C 96,http://resolver.kb.nl/resolve?urn=ddd:011031826:mpeg21:a0002:ocr,,1,JAVA
"NEDERLANDSCH INDIE. Batavia, 4 October 1907.",1907/10/04,Koninklijke Bibliotheek C 96,http://resolver.kb.nl/resolve?urn=ddd:011035010:mpeg21:a0001:ocr,,1,JAVA
"NEDERLANDSCH INDIE. Batavia, 14 Maart 1910.",1910/03/14,Koninklijke Bibliotheek C 96,http://resolver.kb.nl/resolve?urn=ddd:011035537:mpeg21:a0001:ocr,,1,JAVA
"IN-OFFICIEEL GEDEELTE. Batavia , 7 Februarij 1845.",1845/02/08,KB C 23,http://resolver.kb.nl/resolve?urn=ddd:010504035:mpeg21:a0002:ocr,,1,JAVA
"NEDERLANDSCH INDIË. BATAVIA, 14 November 1888",1888/11/14,Koninklijke Bibliotheek C 96,http://resolver.kb.nl/resolve?urn=ddd:110619419:mpeg21:a0035:ocr,,1,JAVA
Onderzoek graf op Java tijdrovend opzoek naar de oermens (4) door Gert-Jan Bartstra,1970/08/11,Groninger archieven,http://resolver.kb.nl/resolve?urn=ddd:011015794:mpeg21:a0045:ocr,,1,JAVA
DJAWA GEEN SANSKRIT? Deze onbevredigende verklaringen zijn,1939/12/11,Universitaire Bibliotheken Leiden,http://resolver.kb.nl/resolve?urn=MMKB23:003469067:mpeg21:a00128:ocr,,1,JAVA
Djawa geen Sanskrit?,1940/01/08,Koninklijke Bibliotheek 1634 C1,http://resolver.kb.nl/resolve?urn=ddd:010971289:mpeg21:a0113:ocr,,1,JAVA
Djawa geen Sanskrit?,1940/01/03,Koninklijke Bibliotheek C55,http://resolver.kb.nl/resolve?urn=ddd:010984224:mpeg21:a0077:ocr,,1,JAVA
WETENSCHAP PRAEHISTORIE VAN NED.-INDIË Voordracht dr. Th. à Th. van der Hoop te Batavia.,1938/04/05,Koninklijke Bibliotheek,http://resolver.kb.nl/resolve?urn=KBNRC01:000087754:mpeg21:a0160:ocr,,1,JAVA
Bijlen uit het Steenen Tijdperk,1938/08/28,Koninklijke Bibliotheek,http://resolver.kb.nl/resolve?urn=MMKB27:021092098:mpeg21:a00124:ocr,,1,STONE
WERKPLAATSEN UIT STEENEN TIJDPERK. Nabij Buitenzorg.,1938/08/23,KB C 98,http://resolver.kb.nl/resolve?urn=ddd:110578971:mpeg21:a0292:ocr,,1,STONE
VOORWERPEN UIT ’T STEENEN TIJDPERK,1938/08/23,Noord-Hollands Archief,http://resolver.kb.nl/resolve?urn=MMNHA03:179185037:mpeg21:a00041:ocr,,1,STONE
Bijlen uit het Steenen Tijdperk Prachislorische vondsten bij Buitenzorg.,1938/08/26,KB NBM C 44 [Microfilm],http://resolver.kb.nl/resolve?urn=ddd:010017994:mpeg21:a0182:ocr,,1,STONE
Voorhistorische vondst op Java.,1938/08/26,Koninklijke Bibliotheek,http://resolver.kb.nl/resolve?urn=MMKB32:164696049:mpeg21:a00105:ocr,,1,JAVA
Onze Kolonien EEN STEENTIJD ATELIER,1927/11/01,Gemeentearchief Delft,http://resolver.kb.nl/resolve?urn=MMKB08:000074245:mpeg21:a0040:ocr,,1,STONE
"DE PRAE-HISTORISCHE MENSCH OP JAVA. Mededeelingen aangaande Java’s prae-historische bevolking, uiteen lezing van ir. L. J. C. van Es, te Cheribon gehouden. VONDSTEN IN DE VLEERMUIZENGROT. (Door onzen correspondent te Cheribon). I. Historische Inleiding.",1927/02/19,Universitaire Bibliotheken Leiden,http://resolver.kb.nl/resolve?urn=MMKB23:001709120:mpeg21:a00021:ocr,,1,JAVA
Prae-historische bewoners van Java.,1927/08/23,KBDK,http://resolver.kb.nl/resolve?urn=ddd:010604083:mpeg21:a0007:ocr,,1,JAVA
DR. VAN STEIN CALLENFELS Steentijdcultuur uit Mandsjoerije op Celebes.,1936/04/22,KB C 21,http://resolver.kb.nl/resolve?urn=ddd:010664717:mpeg21:a0225:ocr,,1,STONE
Menschengeraamten uit de prehistorische  tijd op Java.,1927/07/24,KB NBM Mfm MMK 0030 [Microfilm],http://resolver.kb.nl/resolve?urn=ddd:010029162:mpeg21:a0182:ocr,,1,JAVA
De Praehistorie van Java Buitieandshe belangstelling.,1938/04/28,Koninklijke Bibliotheek C 64,http://resolver.kb.nl/resolve?urn=ddd:011110530:mpeg21:a0192:ocr,,1,JAVA
Belangrijke Vondsten op Java. Dr. Von Koenigswald Kreeg Zekerheid Omtrent de Vraag ot de Pithecantropus een Mensch was. Na nauwkeurige onderzoekingen in Midden-Java. Primeur was voor Indië,1938/01/17,Universitaire Bibliotheken Leiden,http://resolver.kb.nl/resolve?urn=MMKB23:003460029:mpeg21:a00123:ocr,,1,JAVA
Steentijd in Celebes. Gesprek met dr. Callenf els.,1936/04/15,Universitaire Bibliotheken Leiden,http://resolver.kb.nl/resolve?urn=MMKB23:003461085:mpeg21:a00220:ocr,,1,STONE
Nieuw Droste Album. „Java I”.,1934/10/27,Koninklijke Bibliotheek C 64,http://resolver.kb.nl/resolve?urn=ddd:011110048:mpeg21:a0149:ocr,,1,JAVA
De komst op Java.,1936/04/27,Universitaire Bibliotheken Leiden,http://resolver.kb.nl/resolve?urn=MMKB23:003461109:mpeg21:a00205:ocr,,1,JAVA
KEDIRI. Natuur Historische Vereeniging.,1936/09/23,Koninklijke Bibliotheek C 64,http://resolver.kb.nl/resolve?urn=ddd:011108954:mpeg21:a0175:ocr,,1,JAVA
De Praehistorie van Java. Buitenlandsche geleerden op zoek na3r den fossielen mensch.,1938/04/26,Universitaire Bibliotheken Leiden,http://resolver.kb.nl/resolve?urn=MMKB23:003458108:mpeg21:a00125:ocr,,1,JAVA
"BINNENLANDSCHE BERIGTEN. LEYDEN, 7 April.",1857/04/08,Regionaal Archief Leiden,http://resolver.kb.nl/resolve?urn=ddd:010924849:mpeg21:a0001:ocr,,0,
De Indische Ethnographie.,1889/02/08,Koninklijke Bibliotheek 1640 C 1,http://resolver.kb.nl/resolve?urn=ddd:110614346:mpeg21:a0017:ocr,,0,
Germengd Nieuws.,1882/02/01,KB c226,http://resolver.kb.nl/resolve?urn=ddd:010064008:mpeg21:a0176:ocr,,0,
Nederlandsch-Indie Het vredes-verdrag en de telegraaf.,1919/05/15,Koninklijke Bibliotheek,http://resolver.kb.nl/resolve?urn=MMKB08:000132703:mpeg21:a0002:ocr,,0,
Stadsnieuws.,1889/01/29,Het Utrechts Archief,http://resolver.kb.nl/resolve?urn=MMUTRA04:253142029:mpeg21:a00018:ocr,,0,
Uit Nederland.,1875/07/28,Koninklijke Bibliotheek C 76,http://resolver.kb.nl/resolve?urn=ddd:010995885:mpeg21:a0008:ocr,,0,
De heer IJzerman te Parijs.,1902/11/29,KB C 21,http://resolver.kb.nl/resolve?urn=ddd:010649296:mpeg21:a0122:ocr,,0,
NEDERLANDSCH-INDIE,1930/06/10,Koninklijke Bibliotheek,http://resolver.kb.nl/resolve?urn=MMKB15:000101033:mpeg21:a00029:ocr,,0,
Verschillende Berichten.,1887/05/11,Koninklijke Bibliotheek,http://resolver.kb.nl/resolve?urn=MMKB12:000014109:mpeg21:a00015:ocr,,0,
Binnenlandsche Berigten.,1853/02/08,Koninklijke Bibliotheek,http://resolver.kb.nl/resolve?urn=MMKB08:000088332:mpeg21:a0003:ocr,,0,
Gemengd Nieuws.,1872/10/30,KB c226,http://resolver.kb.nl/resolve?urn=ddd:000018060:mpeg21:a0006:ocr,,0,
MEDEDEELINGEN VAN VERSCHILLENDEN AARD.,1881/12/15,Koninklijke Bibliotheek,http://resolver.kb.nl/resolve?urn=MMKB12:000043144:mpeg21:a00013:ocr,,0,
Liefdadigheids-Gesticht te Depok.,1881/02/09,KB 1640 C 1,http://resolver.kb.nl/resolve?urn=ddd:110536243:mpeg21:a0024:ocr,,0,
"HAARLEM, 3 Maart.",1857/03/04,KB C 37,http://resolver.kb.nl/resolve?urn=ddd:010545335:mpeg21:a0006:ocr,,0,
Nieuws uit Nederland. (Loopende tot 6 Mei.) Djeloetoeng-concesales.,1911/06/01,Koninklijke Bibliotheek C 96,http://resolver.kb.nl/resolve?urn=ddd:011035796:mpeg21:a0076:ocr,,0,
Nederlandsch - Indië.,1892/12/09,Koninklijke Bibliotheek,http://resolver.kb.nl/resolve?urn=MMKB19:000511134:mpeg21:a00004:ocr,,0,
VARIA.,1908/11/28,Koninklijke Bibliotheek,http://resolver.kb.nl/resolve?urn=MMKB19:003508036:mpeg21:a00059:ocr,,0,
WEINIG AF.,1908/11/28,Koninklijke Bibliotheek,http://resolver.kb.nl/resolve?urn=MMKB19:003508034:mpeg21:a00054:ocr,,0,
Mexico.,1910/11/10,KB NBM Mfm MMK 0030 [Microfilm],http://resolver.kb.nl/resolve?urn=ddd:010031243:mpeg21:a0053:ocr,,0,
NEDERLAND.,1863/06/10,KB C 47,http://resolver.kb.nl/resolve?urn=ddd:010484075:mpeg21:a0033:ocr,,0,
Binnenlandsch Nieuws,1911/06/16,Groninger archieven,http://resolver.kb.nl/resolve?urn=MMRHCG03:163432070:mpeg21:a00013:ocr,,0,
Nederland.,1900/11/28,Koninklijke Bibliotheek,http://resolver.kb.nl/resolve?urn=MMKB15:000035096:mpeg21:a00024:ocr,,0,
Dit unnmer bestaat nlt dr_a bladea. Eerste Blad. Brieven uit het Vaderland.,1901/05/25,KB C 55,http://resolver.kb.nl/resolve?urn=ddd:010132934:mpeg21:a0001:ocr,,0,
Met Spade en Boussole. II. Geschiedenis der Voorgeschiedenis.,1934/11/08,Koninklijke Bibliotheek C 64,http://resolver.kb.nl/resolve?urn=ddd:011110058:mpeg21:a0154:ocr,,0,
Nederlandsch-Indië.,1907/05/04,Koninklijke Bibliotheek C 64,http://resolver.kb.nl/resolve?urn=ddd:011088722:mpeg21:a0102:ocr,,0,
Gemeentelijk Nieuws. GRONINGEN.,1924/08/23,Groninger archieven 649-1216,http://resolver.kb.nl/resolve?urn=ddd:010884127:mpeg21:a0144:ocr,,0,
"BINNENLAND. Amsterdam, 7 November.",1871/11/08,KB C 236,http://resolver.kb.nl/resolve?urn=ddd:010263354:mpeg21:a0007:ocr,,0,
DE TOEKOMST DER PENGALENGANVLAKTE.,1899/04/10,Koninklijke Bibliotheek C 96,http://resolver.kb.nl/resolve?urn=ddd:011032698:mpeg21:a0070:ocr,,0,
Samarang.,1866/01/19,"Koninklijk Instituut voor Taal-, Land- en Volkenku",http://resolver.kb.nl/resolve?urn=ddd:010897155:mpeg21:a0019:ocr,,0,
De indrukken van een buitenlandsch geleerde omtrent de Nederlandsche Rijksmusea.,1892/03/10,Koninklijke Bibliotheek,http://resolver.kb.nl/resolve?urn=MMKB23:001422059:mpeg21:a00009:ocr,,0,
Nederlandsch- Indië.,1886/09/06,Koninklijke Bibliotheek,http://resolver.kb.nl/resolve?urn=MMKB19:000508103:mpeg21:a00003:ocr,,0,
BUITENLANDSCHE BERIGTEN. FRANKRIJK.,1853/02/02,Koninklijke Bibliotheek T 948,http://resolver.kb.nl/resolve?urn=ddd:010787795:mpeg21:a0005:ocr,,0,
FRANKRIJK.,1853/04/06,Koninklijke Bibliotheek,http://resolver.kb.nl/resolve?urn=MMKB32:164600028:mpeg21:a00033:ocr,,0,
Stadsnieuws.,1873/09/05,Het Utrechts Archief,http://resolver.kb.nl/resolve?urn=MMUTRA04:253111067:mpeg21:a00006:ocr,,0,
"BINNENLAND. ASSEN, 19 Junij.",1873/06/20,Drents Archief,http://resolver.kb.nl/resolve?urn=MMDA03:000126002:mpeg21:a0003:ocr,,0,
"PADANG, 14 MEI.",1878/05/14,Koninklijke Bibliotheek MM03C-150163,http://resolver.kb.nl/resolve?urn=ddd:011102304:mpeg21:a0005:ocr,,0,
Binnenlandsche Berigten.,1863/10/13,Koninklijke Bibliotheek,http://resolver.kb.nl/resolve?urn=MMKB19:000142240:mpeg21:a00003:ocr,,0,
Gemengd Nieuws.,1874/07/20,KB c226,http://resolver.kb.nl/resolve?urn=ddd:010061863:mpeg21:a0007:ocr,,0,
Nieuwstijdingen.,1875/02/20,Gemeentearchief Venlo,http://resolver.kb.nl/resolve?urn=MMGAVL01:000000999:mpeg21:a0002:ocr,,0,
BINNENLAND.,1880/02/17,Historisch Centrum Overijssel,http://resolver.kb.nl/resolve?urn=MMHCO01:000069603:mpeg21:a0004:ocr,,0,
De O.-I. mail (Hollandsche over Napels) is,1879/08/18,Koninklijke Bibliotheek,http://resolver.kb.nl/resolve?urn=MMKB19:003609092:mpeg21:a00049:ocr,,0,
Anjer gepasseerd.,1872/11/07,KB 1640 C 1,http://resolver.kb.nl/resolve?urn=ddd:110534337:mpeg21:a0021:ocr,,0,
"Binnenland. 's-Hertogenbosch, 6 October.",1900/10/08,Stadsarchief 's-Hertogenbosch,http://resolver.kb.nl/resolve?urn=MMSADB01:000011770:mpeg21:a0007:ocr,,0,
BUITENLAND. Algemeen overzigt.,1872/08/29,Historisch Centrum Overijssel,http://resolver.kb.nl/resolve?urn=MMHCO01:000066172:mpeg21:a0002:ocr,,0,
OEN HAAG door B.Luiofs BEZOEK,1984/07/28,Koninklijke Bibliotheek C 98,http://resolver.kb.nl/resolve?urn=ddd:011205826:mpeg21:a0500:ocr,,0,
INHOUD VAN DE JONGSTE ZONDAGS-EDITIE.,1862/11/04,KB C 21,http://resolver.kb.nl/resolve?urn=ddd:010137377:mpeg21:a0001:ocr,,0,
"Brieven uit Nederlaad. HANDELSBRIEF. Rotterdam, 81 Juli 1873.",1873/09/05,KB C 47,http://resolver.kb.nl/resolve?urn=ddd:010486511:mpeg21:a0036:ocr,,0,
NEDERLANDSCH-INDIE. Hevige aardschok op Boeree.,1938/06/13,Koninklijke Bibliotheek,http://resolver.kb.nl/resolve?urn=MMKB04:000150080:mpeg21:a0064:ocr,,0,
Op de Tentoonstelling. DE AFDEELING DER NEDERLANDSCHE KOLONIËN.,1883/06/02,KB 1600 A 26,http://resolver.kb.nl/resolve?urn=ddd:010254198:mpeg21:a0064:ocr,,0,
Stoppen van treinen.,1894/03/08,KB C1128,http://resolver.kb.nl/resolve?urn=ddd:010188734:mpeg21:a0015:ocr,,0,
TELEGRAMMEN,1920/02/03,Koninklijke Bibliotheek,http://resolver.kb.nl/resolve?urn=MMKB19:002112028:mpeg21:a00016:ocr,,0,
TELEGRAMMEN. Mutaties.,1910/12/13,Koninklijke Bibliotheek,http://resolver.kb.nl/resolve?urn=MMKB08:000123639:mpeg21:a0006:ocr,,0,
Korte Verslagen. Z. en O. atdeeling van Borneo.,1907/01/07,KB C 55,http://resolver.kb.nl/resolve?urn=ddd:010134735:mpeg21:a0083:ocr,,0,
Telegrammen uit de Locomotief.,1899/03/13,Koninklijke Bibliotheek,http://resolver.kb.nl/resolve?urn=MMKB19:000503060:mpeg21:a00021:ocr,,0,
Indisch Nieuws. — 30 Maart. —,1881/05/03,KB c226,http://resolver.kb.nl/resolve?urn=ddd:010063407:mpeg21:a0008:ocr,,0,
Gemengd Nieuws.,1883/03/03,Koninklijke Bibliotheek,http://resolver.kb.nl/resolve?urn=MMKB19:003605053:mpeg21:a00054:ocr,,0,
EEN NIEUW POSTKANTOOR VOOR PADANG.,1893/01/30,Koninklijke Bibliotheek MM03C-150175,http://resolver.kb.nl/resolve?urn=ddd:011104080:mpeg21:a0002:ocr,,0,
Telegrammen uit de Locomotief.,1902/02/10,Koninklijke Bibliotheek,http://resolver.kb.nl/resolve?urn=MMKB19:000523034:mpeg21:a00017:ocr,,0,
GEMENGD NIEUWS. BINNENLAND. Doodelijke ongelukken.,1927/02/07,Koninklijke Bibliotheek MM03C-101499,http://resolver.kb.nl/resolve?urn=ddd:011169149:mpeg21:a0050:ocr,,0,
Binnenlandsche Nieuwstijdingen. STATEN-GENERAAL. TWEEDE KAMER.,1865/06/07,KB C29,http://resolver.kb.nl/resolve?urn=ddd:000018186:mpeg21:a0011:ocr,,0,
Uit de Rotterdamsche Mail-Courant van 12 Augustus.,1871/09/18,KB C 47,http://resolver.kb.nl/resolve?urn=ddd:010485955:mpeg21:a0029:ocr,,0,
GEMENGD NIEUWS.,1900/11/17,Koninklijke Bibliotheek,http://resolver.kb.nl/resolve?urn=MMKB04:000132315:mpeg21:a0065:ocr,,0,
Van Hier en Daar. KOLONIALE ZAKEN.,1915/01/19,Koninklijke Bibliotheek,http://resolver.kb.nl/resolve?urn=MMKB08:000129123:mpeg21:a0004:ocr,,0,
"HAARLEM, 28 October.",1856/10/29,KB C 37,http://resolver.kb.nl/resolve?urn=ddd:010544928:mpeg21:a0008:ocr,,0,
Gemengd Nieuws.,1885/05/09,KB c226,http://resolver.kb.nl/resolve?urn=ddd:010088425:mpeg21:a0043:ocr,,0,
Gemengd Nieuws.,1875/04/15,KB c226,http://resolver.kb.nl/resolve?urn=ddd:010062126:mpeg21:a0007:ocr,,0,
Niet Officieel gedeelte,1908/06/22,Koninklijke Bibliotheek,http://resolver.kb.nl/resolve?urn=MMKB19:000526090:mpeg21:a00001:ocr,,0,
UIT KORTE VERSLAGEN.,1907/01/07,Koninklijke Bibliotheek C 96,http://resolver.kb.nl/resolve?urn=ddd:011034740:mpeg21:a0078:ocr,,0,
Verschillende Berichten.,1911/02/10,Zeeuwsche bibliotheek,http://resolver.kb.nl/resolve?urn=ddd:010635513:mpeg21:a0013:ocr,,0,
Nederland. STATEN-GENERAAL. Eerste Kamer.,1859/08/06,KB 1640 C 1,http://resolver.kb.nl/resolve?urn=ddd:110531776:mpeg21:a0027:ocr,,0,
Laatste berichten. Nationale Chrysanthemum-tentoonstelling.,1907/10/19,Stadsarchief 's-Hertogenbosch,http://resolver.kb.nl/resolve?urn=MMSADB01:000064284:mpeg21:a0006:ocr,,0,
NEDERLANDEN.,1838/08/21,KBDK,http://resolver.kb.nl/resolve?urn=ddd:010582600:mpeg21:a0016:ocr,,0,
"Nieuwstijdingen. Extracten uit de Nederlaudsche Dagbladen tot en niet den 25 Februarij 1837. Nederlanden. Breda, den 19 Februarij.",1837/04/21,Koninklijke Bibliotheek C 135,http://resolver.kb.nl/resolve?urn=ddd:010940242:mpeg21:a0007:ocr,,0,
TELEGRAMMEN,1923/06/23,Koninklijke Bibliotheek,http://resolver.kb.nl/resolve?urn=MMKB19:002111318:mpeg21:a00023:ocr,,0,
"Nederlanden. Breda, den 19 Februarij.",1837/04/21,KB C 135,http://resolver.kb.nl/resolve?urn=ddd:010666181:mpeg21:a0007:ocr,,0,
Handelsberichten,1923/02/23,KB NBM Mfm MMK 0024 [Microfilm],http://resolver.kb.nl/resolve?urn=ddd:010000967:mpeg21:a0048:ocr,,0,
KOLONIEN. Oost-Indie.,1873/02/03,Het Utrechts Archief,http://resolver.kb.nl/resolve?urn=MMUTRA04:253110034:mpeg21:a00014:ocr,,0,
Gemengd Nieuws.,1918/06/26,Stadsarchief Enschede,http://resolver.kb.nl/resolve?urn=MMSAEN02:000940074:mpeg21:a00006:ocr,,0,
Verspreide-Indische Berichten.,1896/02/27,KB C 76,http://resolver.kb.nl/resolve?urn=ddd:010294237:mpeg21:a0007:ocr,,0,
Verspreide Indische Berichten.,1891/04/21,KB C76,http://resolver.kb.nl/resolve?urn=ddd:010292239:mpeg21:a0017:ocr,,0,
"'s Gravenhage, 22 April.",1861/04/24,KB C29,http://resolver.kb.nl/resolve?urn=ddd:000014475:mpeg21:a0013:ocr,,0,
BINNENLAND. ROTTERDAM 15 Mei.,1863/05/16,KB C 46,http://resolver.kb.nl/resolve?urn=ddd:010389231:mpeg21:a0026:ocr,,0,
"TELEGRAMMEN Buiten- en binnenlandsche telegrammendienst van de „Preangerbode"". Afghanistan.",1919/06/19,Koninklijke Bibliotheek,http://resolver.kb.nl/resolve?urn=MMKB08:000132866:mpeg21:a0009:ocr,,0,
BINNENLANDSCHE NIEUWSTIJDINGEN.,1854/03/31,KB 1729 C1,http://resolver.kb.nl/resolve?urn=ddd:000013609:mpeg21:a0011:ocr,,0,
Storm raast over ons land,1949/02/28,Koninklijke Bibliotheek,http://resolver.kb.nl/resolve?urn=MMKB19:000083050:mpeg21:a00007:ocr,,0,
Gemengd Nieuws.,1892/02/23,KB c226,http://resolver.kb.nl/resolve?urn=ddd:010140345:mpeg21:a0004:ocr,,0,
GEMENGD NIEUWS. De malversaties te Bergen op Zoom.,1926/04/08,Koninklijke Bibliotheek,http://resolver.kb.nl/resolve?urn=MMKB04:000144204:mpeg21:a0089:ocr,,0,
OOST-INDIË,1908/07/23,Koninklijke Bibliotheek,http://resolver.kb.nl/resolve?urn=MMKB23:001480059:mpeg21:a00034:ocr,,0,
OOST-INDIE. Voedselschaarschte.,1934/07/13,Koninklijke Bibliotheek,http://resolver.kb.nl/resolve?urn=MMKB04:000147419:mpeg21:a0127:ocr,,0,
KORTE MEDEDEELINGEN.,1939/08/28,Koninklijke Bibliotheek MM03C-101701,http://resolver.kb.nl/resolve?urn=ddd:011153645:mpeg21:a0128:ocr,,0,
KORTE MEDEDEELINGEN.,1939/08/28,Koninklijke Bibliotheek MM03C-101701,http://resolver.kb.nl/resolve?urn=ddd:110599392:mpeg21:a0131:ocr,,0,
"Van een Zaadje, dat een 'Boom werd!",1936/10/24,Koninklijke Bibliotheek,http://resolver.kb.nl/resolve?urn=MMKB19:000467072:mpeg21:a00045:ocr,,0,
Uit den Archipel.,1906/02/28,KB 1634 B1,http://resolver.kb.nl/resolve?urn=ddd:010322133:mpeg21:a0031:ocr,,0,
Latere berichten en Telegrammen. Burgemeester met verlof gezonden.,1937/02/16,Drents Archief,http://resolver.kb.nl/resolve?urn=MMDA03:000115235:mpeg21:a0021:ocr,,0,
Een pestrat.,1911/10/10,KB C 236,http://resolver.kb.nl/resolve?urn=ddd:010542761:mpeg21:a0049:ocr,,0,
ZELHEM,1934/09/07,Erfgoedcentrum Achterhoek en Liemers,http://resolver.kb.nl/resolve?urn=MMECAL02:179975070:mpeg21:a00042:ocr,,0,
Gem. Berichten HET BRUIDJE RAAKTE VAN STREEK.,1942/08/01,Koninklijke Bibliotheek,http://resolver.kb.nl/resolve?urn=KBDDD02:000205735:mpeg21:a0047:ocr,,0,
Birma – kampkrant: een monnikenwerk,1967/06/03,Stadsarchief Rotterdam,http://resolver.kb.nl/resolve?urn=MMSARO03:259048028:mpeg21:a00069:ocr,,0,
OOST-INDIË. De Communistische opstand op Sumatra. Nadere bijzonderheden.,1927/01/04,Regionaal Archief Nijmegen,http://resolver.kb.nl/resolve?urn=MMRANM02:000027997:mpeg21:a0016:ocr,,0,
"„Klein"" nieuws uil heel de wereld",1939/07/26,Koninklijke Bibliotheek,http://resolver.kb.nl/resolve?urn=MMKB15:000901044:mpeg21:a00012:ocr,,0,
"Nederlandsch-Indië. DELI-KRONIEK. Medan, 19 Maart 1918 Gouvernementeele belangstelling.",1918/03/26,Universitaire Bibliotheken Leiden,http://resolver.kb.nl/resolve?urn=MMKB23:001670046:mpeg21:a00012:ocr,,0,
Van de kruisingen:,1928/06/05,Universitaire Bibliotheken Leiden,http://resolver.kb.nl/resolve?urn=MMKB23:001614045:mpeg21:a00002:ocr,,0,
OOST EN WEST 30 gevangenen gedood door republikeinen,1949/01/05,Koninklijke Bibliotheek,http://resolver.kb.nl/resolve?urn=MMKB08:000110955:mpeg21:a0044:ocr,,0,
Het Sumatraveer.,1912/09/05,Koninklijke Bibliotheek,http://resolver.kb.nl/resolve?urn=MMKB15:000057004:mpeg21:a00002:ocr,,0,
Korte berichten.,1910/04/19,KB C 21,http://resolver.kb.nl/resolve?urn=ddd:010336572:mpeg21:a0128:ocr,,0,
Telegrammen uit de Locomotief,1911/03/29,Koninklijke Bibliotheek,http://resolver.kb.nl/resolve?urn=MMKB19:000531073:mpeg21:a00005:ocr,,0,
INGEZONDEN. SURINAME.,1928/03/19,KB C 65,http://resolver.kb.nl/resolve?urn=ddd:010667848:mpeg21:a0197:ocr,,0,
"Vluchtige praatjes over luchtige reizen Dagen te midden van drijvende vacantiegangers en oud-gasten. — Het meest afdoende middel om lui te worden. — Verhalen van schuimende golven en maritieme baren, passagiers en steden. MENSCHEN AAN BOORD.",1932/06/13,KB C 21,http://resolver.kb.nl/resolve?urn=ddd:010662610:mpeg21:a0195:ocr,,0,
BINNENLAND. Prins Hendrik te Dresden.,1911/08/09,Regionaal Historisch Centrum Eindhoven,http://resolver.kb.nl/resolve?urn=MMRHCE01:000052014:mpeg21:a0013:ocr,,0,
Maatschappij ter Bevordering: van Nijverheid.,1882/12/21,Koninklijke Bibliotheek C 21,http://resolver.kb.nl/resolve?urn=ddd:010973376:mpeg21:a0009:ocr,,0,
Rijp voor een Raad. (Aneta) De afder-,1918/07/08,Koninklijke Bibliotheek C 96,http://resolver.kb.nl/resolve?urn=ddd:011039631:mpeg21:a0049:ocr,,0,
UIT OOST-INDIE,1936/01/20,Het Utrechts Archief,http://resolver.kb.nl/resolve?urn=MMUTRA04:253405093:mpeg21:a00032:ocr,,0,
ONZE KOLONIEN. Nieuwe onlusten in Indië.,1927/01/04,Gemeentearchief Delft,http://resolver.kb.nl/resolve?urn=MMKB08:000073865:mpeg21:a0041:ocr,,0,
Kolonien.,1927/01/04,Koninklijke Bibliotheek,http://resolver.kb.nl/resolve?urn=MMKB19:002033002:mpeg21:a00006:ocr,,0,
Gemengde Berichten.,1907/10/19,Erfgoedcentrum Achterhoek en Liemers,http://resolver.kb.nl/resolve?urn=MMECAL02:180098080:mpeg21:a00003:ocr,,0,
OOST-INDIË.,1911/01/25,KB C 226,http://resolver.kb.nl/resolve?urn=ddd:010108447:mpeg21:a0169:ocr,,0,
EEN KEERPUNT.,1925/08/22,KBDK,http://resolver.kb.nl/resolve?urn=ddd:010603473:mpeg21:a0111:ocr,,0,
GEMENGD NIEUWS.,1896/09/24,Koninklijke Bibliotheek,http://resolver.kb.nl/resolve?urn=MMKB04:000122854:mpeg21:a0004:ocr,,0,
BINNENLAND. GISTING IN INDIE,1908/06/24,Het Utrechts Archief,http://resolver.kb.nl/resolve?urn=MMUTRA04:253287146:mpeg21:a00039:ocr,,0,
NEDERL-INDIË,1932/08/17,Koninklijke Bibliotheek,http://resolver.kb.nl/resolve?urn=MMKB19:000408039:mpeg21:a00032:ocr,,0,
KOLONIËN.,1908/07/22,Koninklijke Bibliotheek,http://resolver.kb.nl/resolve?urn=MMKB08:000174287:mpeg21:a0007:ocr,,0,
Gemengde berichten.,1924/07/14,Groninger archieven 649-1216,http://resolver.kb.nl/resolve?urn=ddd:010884092:mpeg21:a0018:ocr,,0,
BINNENLAND,1915/09/24,Noord-Hollands Archief,http://resolver.kb.nl/resolve?urn=MMNHA03:179015162:mpeg21:a00009:ocr,,0,
BINNENLAND,1915/09/24,Noord-Hollands Archief,http://resolver.kb.nl/resolve?urn=MMNHA03:179015163:mpeg21:a00011:ocr,,0,
BINNENLAND,1915/09/24,Noord-Hollands Archief,http://resolver.kb.nl/resolve?urn=MMNHA03:179015164:mpeg21:a00009:ocr,,0,
INDISCHE KRONIEK. XIV 1 Nov. 1902.,1902/12/12,KB C 236,http://resolver.kb.nl/resolve?urn=ddd:010408504:mpeg21:a0069:ocr,,0,
"Derde Blad. Een en ander over Bestuur,  Positie en Arbeidsinspec'  tie op S. 0. K.",1911/04/11,KB C55,http://resolver.kb.nl/resolve?urn=ddd:010135407:mpeg21:a0125:ocr,,0,
KORT NIEUWS,1942/03/23,Koninklijke Bibliotheek,http://resolver.kb.nl/resolve?urn=KBDDD02:000207588:mpeg21:a0009:ocr,,0,
Hederland en de Oorlog.,1917/02/21,Koninklijke Bibliotheek,http://resolver.kb.nl/resolve?urn=MMKB15:000631094:mpeg21:a00081:ocr,,0,
HANDELSBERICHTEN,1867/01/21,KB C 76,http://resolver.kb.nl/resolve?urn=ddd:010287104:mpeg21:a0012:ocr,,0,
"Laatste berichten,",1907/01/17,Koninklijke Bibliotheek,http://resolver.kb.nl/resolve?urn=MMKB15:000032014:mpeg21:a00004:ocr,,0,
ZEETIJDINGEN.,1894/11/21,Groninger archieven,http://resolver.kb.nl/resolve?urn=MMRHCG04:234926228:mpeg21:a00017:ocr,,0,
LAATSTE BERICHTEN. BINNENLAND.,1920/12/30,Regionaal Archief Nijmegen,http://resolver.kb.nl/resolve?urn=MMRANM02:000021155:mpeg21:a0010:ocr,,0,
Yelksvoordrachten over onzen Koloniën.,1907/11/19,Koninklijke Bibliotheek C 21,http://resolver.kb.nl/resolve?urn=ddd:010974822:mpeg21:a0134:ocr,,0,
Advertentie,1946/06/17,Groninger archieven 649-1305,http://resolver.kb.nl/resolve?urn=ddd:010884897:mpeg21:a0045:ocr,,0,
NIET-OFFICIEEL GEDEELTE. KOLONIËN. OOST-INDIË.,1904/10/21,Het Utrechts Archief,http://resolver.kb.nl/resolve?urn=MMUTRA04:253173192:mpeg21:a00035:ocr,,0,
ZEETIJDINGEN.,1894/03/10,Groninger archieven,http://resolver.kb.nl/resolve?urn=MMRHCG04:235100068:mpeg21:a00020:ocr,,0,
Gemengde Indische Berichten.,1873/01/14,KB C 76,http://resolver.kb.nl/resolve?urn=ddd:010297509:mpeg21:a0019:ocr,,0,
Laatste Berichten. Oficiëele Berichten.,1886/01/14,Koninklijke Bibliotheek,http://resolver.kb.nl/resolve?urn=MMKB23:001406011:mpeg21:a00035:ocr,,0,
ZE ZIJN ER NOG Wandeling van een wild varken,1947/12/06,Veenkoloniaal Museum,http://resolver.kb.nl/resolve?urn=MMVEEN01:000084293:mpeg21:a0050:ocr,,0,
Gemengd Nieuws.,1911/04/22,Tresoar,http://resolver.kb.nl/resolve?urn=MMTRES03:000842032:mpeg21:a00009:ocr,,0,
"Masjoemi wil bemiddelen Soemitro: Djoeanda krijgt twee kansen tot een „eervol aftreden""",1958/02/08,Centre Céramique,http://resolver.kb.nl/resolve?urn=MMCC02:211181033:mpeg21:a00009:ocr,,0,
HANDELSBERICHTEN. OVERZICHT DER MAAND APRIL.,1885/05/01,Koninklijke Bibliotheek,http://resolver.kb.nl/resolve?urn=MMKB04:000163580:mpeg21:a0016:ocr,,0,
BINNENLAND.,1893/06/09,Groninger archieven,http://resolver.kb.nl/resolve?urn=MMRHCG04:234924111:mpeg21:a00005:ocr,,0,
BUITENLANDSCH NIEUWS,1934/12/19,Westfries Archief,http://resolver.kb.nl/resolve?urn=MMWFA01:000312067:mpeg21:a00034:ocr,,0,
Bandoeng en electriciteit.,1906/03/27,Universitaire Bibliotheken Leiden,http://resolver.kb.nl/resolve?urn=MMKB23:001632217:mpeg21:a00024:ocr,,0,
Aanvullend oorlogsnieuws.,1915/01/16,Koninklijke Bibliotheek,http://resolver.kb.nl/resolve?urn=MMKB08:000129116:mpeg21:a0006:ocr,,0,
GEMENGDE BERICHTEN.,1870/01/06,Tresoar,http://resolver.kb.nl/resolve?urn=MMTRES03:000804053:mpeg21:a00009:ocr,,0,
De verdwenen kellner.,1901/10/18,KB C 420,http://resolver.kb.nl/resolve?urn=ddd:010179110:mpeg21:a0008:ocr,,0,
BINNENLAND.,1920/03/08,Koninklijke Bibliotheek,http://resolver.kb.nl/resolve?urn=MMKB04:000141764:mpeg21:a0105:ocr,,0,
Binnenland.,1930/06/14,Koninklijke Bibliotheek,http://resolver.kb.nl/resolve?urn=MMKB32:164647050:mpeg21:a00080:ocr,,0,
HANDELSBERIGTEN.,1840/07/20,KB C21,http://resolver.kb.nl/resolve?urn=ddd:010071932:mpeg21:a0005:ocr,,0,
Breton de Nijs sprak over het Tempo Doeloe,1960/11/18,Koninklijke Bibliotheek,http://resolver.kb.nl/resolve?urn=MMKB19:000867016:mpeg21:a00069:ocr,,0,
HANDELSBERIGTEN.,1869/05/24,KB C 21,http://resolver.kb.nl/resolve?urn=ddd:010097609:mpeg21:a0014:ocr,,0,
Advertentie,1922/04/18,Veenkoloniaal Museum,http://resolver.kb.nl/resolve?urn=MMVEEN01:000079502:mpeg21:a0019:ocr,,0,
Advertentie,1911/03/04,Veenkoloniaal Museum,http://resolver.kb.nl/resolve?urn=MMVEEN01:000080331:mpeg21:a0007:ocr,,0,
VERSPREIDE NIEUWTJES.,1899/03/08,Koninklijke Bibliotheek MM03C-150182,http://resolver.kb.nl/resolve?urn=ddd:011188612:mpeg21:a0006:ocr,,0,
BINNENLAND,1885/07/05,Noord-Hollands Archief,http://resolver.kb.nl/resolve?urn=MMNHA03:178957156:mpeg21:a00005:ocr,,0,
Vervolg Nieuwstijdingen.,1893/02/04,KB c226,http://resolver.kb.nl/resolve?urn=ddd:010091779:mpeg21:a0087:ocr,,0,
TELEGRAMMEN. DE WOLFSANGEL.,1938/03/21,Tresoar,http://resolver.kb.nl/resolve?urn=MMTRES02:000023989:mpeg21:a0013:ocr,,0,
TELEGRAMMEN. De oorlog tusschen Amerika en Mexico.,1914/04/27,Koninklijke Bibliotheek,http://resolver.kb.nl/resolve?urn=MMKB08:000127116:mpeg21:a0003:ocr,,0,
BINNENLAND.,1896/05/30,Stadsarchief Enschede,http://resolver.kb.nl/resolve?urn=MMSAEN01:000039915:mpeg21:a0005:ocr,,0,
"Vervolg Binnenland. 's-Hertogenbosch, 3 Februari.",1894/02/05,Stadsarchief 's-Hertogenbosch,http://resolver.kb.nl/resolve?urn=MMSADB01:000019011:mpeg21:a0077:ocr,,0,
"ASSEN, 25 Junij.",1861/06/25,Koninklijke Bibliotheek C 225,http://resolver.kb.nl/resolve?urn=ddd:010774680:mpeg21:a0010:ocr,,0,
Laatste berichten,1907/05/03,Koninklijke Bibliotheek,http://resolver.kb.nl/resolve?urn=KBDDD02:000208697:mpeg21:a0015:ocr,,0,
ALLERLEI.,1886/04/01,Gemeentearchief Roosendaal,http://resolver.kb.nl/resolve?urn=MMGARO01:000169218:mpeg21:a0014:ocr,,0,
Laatste Berichten,1909/06/16,Stadsarchief 's-Hertogenbosch,http://resolver.kb.nl/resolve?urn=MMSADB01:000009220:mpeg21:a0006:ocr,,0,
"BINNENLAND. Amsterdam, 23 April.",1875/04/24,KB C 236,http://resolver.kb.nl/resolve?urn=ddd:010263946:mpeg21:a0004:ocr,,0,
De laatste der reeks.,1934/08/25,Koninklijke Bibliotheek C 64,http://resolver.kb.nl/resolve?urn=ddd:011107755:mpeg21:a0124:ocr,,0,
Economischs toestand,1940/05/17,Koninklijke Bibliotheek C 64,http://resolver.kb.nl/resolve?urn=ddd:011121471:mpeg21:a0275:ocr,,0,
Het reglement van 1885.,1891/01/08,KB C76,http://resolver.kb.nl/resolve?urn=ddd:010292158:mpeg21:a0006:ocr,,0,
Ethische Politiek.,1916/05/10,Koninklijke Bibliotheek,http://resolver.kb.nl/resolve?urn=MMKB15:000667126:mpeg21:a00001:ocr,,0,
De houtrijkdom van Indië En zijn mogelijkheden.,1939/07/28,Koninklijke Bibliotheek,http://resolver.kb.nl/resolve?urn=KBNRC01:000057132:mpeg21:a0036:ocr,,0,
SOEKADANA.,1934/07/06,Koninklijke Bibliotheek,http://resolver.kb.nl/resolve?urn=MMKB19:000456130:mpeg21:a00065:ocr,,0,
SUMATRA SOEKADANA.,1934/07/29,Koninklijke Bibliotheek,http://resolver.kb.nl/resolve?urn=MMKB27:017926049:mpeg21:a00123:ocr,,0,
NIEUWE UITGAVEN NEERLANDS INDIE.,1911/12/15,Koninklijke Bibliotheek,http://resolver.kb.nl/resolve?urn=MMKB23:001491211:mpeg21:a00047:ocr,,0,
Mei dr. van der Sleen op reis,1930/03/18,Regionaal Archief Zutphen,http://resolver.kb.nl/resolve?urn=MMRAZ02:000426065:mpeg21:a00059:ocr,,0,
De B. O. W. anders beschouwd.,1884/06/11,KB C 76,http://resolver.kb.nl/resolve?urn=ddd:010291247:mpeg21:a0038:ocr,,0,
NEDERLANDSCH OOSTEN WEST-INDIË. VOLKSRAAD.,1928/07/18,Koninklijke Bibliotheek,http://resolver.kb.nl/resolve?urn=MMKB04:000196969:mpeg21:a0051:ocr,,0,
Tweede Kamer.,1915/11/20,Groninger archieven,http://resolver.kb.nl/resolve?urn=MMRHCG04:234966121:mpeg21:a00028:ocr,,0,
Telegrammen uit de Locomotie,1912/11/29,Koninklijke Bibliotheek,http://resolver.kb.nl/resolve?urn=MMKB19:000533051:mpeg21:a00003:ocr,,0,
Uit onze Koloniën.,1913/02/25,Historisch Centrum Overijssel,http://resolver.kb.nl/resolve?urn=MMHCO01:000082136:mpeg21:a0051:ocr,,0,
WETENSCHAPPEN. Een mooie vondst. Op de begraafplaats Belahan,1934/07/02,KB C 248,http://resolver.kb.nl/resolve?urn=ddd:010284435:mpeg21:a0281:ocr,,0,
"BINNENLAND. Amsterdam, 18 November. EEN BELANGRIJK BOEK. (1)",1914/11/18,KB C 236,http://resolver.kb.nl/resolve?urn=ddd:010548272:mpeg21:a0155:ocr,,0,
Bali. Afdrukken van indrukken. door J. H. Francais.,1931/11/12,KB C 248,http://resolver.kb.nl/resolve?urn=ddd:010284145:mpeg21:a0137:ocr,,0,
Een belangrijk boek.*),1914/11/07,Stadsarchief Amsterdam,http://resolver.kb.nl/resolve?urn=MMSAA06:165614112:mpeg21:a00002:ocr,,0,
DE ACHTSTE JAARBEURS IN DE KOLONIALE AFDEELING.,1923/03/15,KB NBM C 44 [Microfilm],http://resolver.kb.nl/resolve?urn=ddd:010008355:mpeg21:a0156:ocr,,0,
Binnenland Een Fransch oordeel Over Indische luchtvaart.,1939/08/09,KB 1634 C1,http://resolver.kb.nl/resolve?urn=ddd:010382967:mpeg21:a0072:ocr,,0,
De fraude bij „Pekalen Sampean”. Menschen zonder moraal.,1934/08/28,Koninklijke Bibliotheek C 64,http://resolver.kb.nl/resolve?urn=ddd:011107757:mpeg21:a0106:ocr,,0,
Een Rollandsche Agriculturist in Mexico.,1909/01/21,Universitaire Bibliotheken Leiden,http://resolver.kb.nl/resolve?urn=MMKB23:001649052:mpeg21:a00068:ocr,,0,
Een Hollandsche Agriculturist  in Mexico.,1909/01/23,KB C 55,http://resolver.kb.nl/resolve?urn=ddd:010135879:mpeg21:a0076:ocr,,0,
Gouverneur Frijling over Celebes.,1917/09/04,Universitaire Bibliotheken Leiden,http://resolver.kb.nl/resolve?urn=MMKB23:001666111:mpeg21:a00046:ocr,,0,
Schijn en werkelijkheid,1951/01/23,Nederlands Dagblad,http://resolver.kb.nl/resolve?urn=ddd:010553936:mpeg21:a0001:ocr,,0,
Allerlei.,1923/05/05,KB NBM Mfm MMK 0024 [Microfilm],http://resolver.kb.nl/resolve?urn=ddd:010001025:mpeg21:a0168:ocr,,0,
Nederlandsch-lndië. DE WEGEN IN HET GEWEST PEKALONGAN.,1918/03/18,Universitaire Bibliotheken Leiden,http://resolver.kb.nl/resolve?urn=MMKB23:001670031:mpeg21:a00043:ocr,,0,
Aanleg en verbetering van wegen in Pekalongan.,1918/03/16,Koninklijke Bibliotheek,http://resolver.kb.nl/resolve?urn=MMKB27:017945054:mpeg21:a00007:ocr,,0,
Geheime archiefstukken van economisch beleid in Nederlandsch-lndië op tafel,1973/03/13,Koninklijke Bibliotheek,http://resolver.kb.nl/resolve?urn=KBNRC01:000032193:mpeg21:a0241:ocr,,0,
Ziek Japara.,1927/02/28,Koninklijke Bibliotheek,http://resolver.kb.nl/resolve?urn=MMKB19:000439048:mpeg21:a00015:ocr,,0,
"TWEEDE BLAD. De Preanger Bode. DINSDAG 29 APRIL 1902, No. 96. Redacteur: G. L. LA BASTIDE, Bandoeng. MET VAN KOL OP REIS.",1902/04/29,Koninklijke Bibliotheek,http://resolver.kb.nl/resolve?urn=MMKB08:000124205:mpeg21:a0012:ocr,,0,
EEN HOLLANDSCHE AGRICULTURIST IN MEXICO.,1909/01/20,Koninklijke Bibliotheek C 96,http://resolver.kb.nl/resolve?urn=ddd:011035344:mpeg21:a0081:ocr,,0,
De kolonisatieproef in de Lampongsche distiricten.,1918/09/12,Universitaire Bibliotheken Leiden,http://resolver.kb.nl/resolve?urn=MMKB23:001700018:mpeg21:a00048:ocr,,0,
Nederland en Indië.,1887/12/01,KB C 76,http://resolver.kb.nl/resolve?urn=ddd:010337537:mpeg21:a0004:ocr,,0,
Eerste Blad. Dit nummer bestaat uit drie bladen. Nederland en Indië. EEN NOODKREET.,1887/10/22,KB c226,http://resolver.kb.nl/resolve?urn=ddd:010087604:mpeg21:a0001:ocr,,0,
VAN NEDERLANDSCHE DIPLOMATIEKE EN CONSULAIRE AMBTENAREN.,1912/10/04,Koninklijke Bibliotheek,http://resolver.kb.nl/resolve?urn=MMKB19:001093178:mpeg21:a00020:ocr,,0,
Nederland en Indië. EEN NOODKREET.,1887/11/29,Koninklijke Bibliotheek C 64,http://resolver.kb.nl/resolve?urn=ddd:011087652:mpeg21:a0001:ocr,,0,
Allerlei.,1920/03/26,Erfgoedcentrum Achterhoek en Liemers,http://resolver.kb.nl/resolve?urn=MMECAL02:179961049:mpeg21:a00007:ocr,,0,
Onze Handel en Nijverheid.,1832/02/29,KB C21,http://resolver.kb.nl/resolve?urn=ddd:010068862:mpeg21:a0001:ocr,,0,
BINNENLAND,1937/04/01,Groninger archieven,http://resolver.kb.nl/resolve?urn=MMRHCG03:163496001:mpeg21:a00048:ocr,,0,
KERKELIJK LEVEN. CALVINISME IN DE STAD VAN CALVIJN.,1931/01/02,Koninklijke Bibliotheek,http://resolver.kb.nl/resolve?urn=MMKB04:000197901:mpeg21:a0049:ocr,,0,
KOLONIEN HEEFT DE OOSTKUST EEN INDUSTRIEELE TOEKOMST?,1931/07/28,Regionaal Historisch Centrum Eindhoven,http://resolver.kb.nl/resolve?urn=MMRHCE01:000056829:mpeg21:a0044:ocr,,0,
Kerknieuws.,1930/10/06,Het Utrechts Archief,http://resolver.kb.nl/resolve?urn=MMUTRA04:253386013:mpeg21:a00081:ocr,,0,
Rake woorden.,1932/10/07,Koninklijke Bibliotheek,http://resolver.kb.nl/resolve?urn=ddd:110634797:mpeg21:a0040:ocr,,0,
GEMENGD INDISCH NIEUWS.,1896/09/14,Koninklijke Bibliotheek 64,http://resolver.kb.nl/resolve?urn=ddd:011139478:mpeg21:a0030:ocr,,0,
MENGELWERK. ONZE HANDEL EN NIJVERHEID.,1832/05/18,Koninklijke Bibliotheek C 135,http://resolver.kb.nl/resolve?urn=ddd:010943283:mpeg21:a0004:ocr,,0,
BRIEVEN UIT DE MOLUKKEN Uit de beschaving naar een primitief bestaan Hoe een groot avontuur begon (I.),1937/10/30,Koninklijke Bibliotheek,http://resolver.kb.nl/resolve?urn=MMKB08:000110310:mpeg21:a0109:ocr,,0,
GEESTELIJK LEVEN. Een plechtigheid te Peniwen.,1931/02/24,KB C 248,http://resolver.kb.nl/resolve?urn=ddd:010279300:mpeg21:a0146:ocr,,0,
BINNENLAND.,1920/03/26,Erfgoedcentrum Achterhoek en Liemers,http://resolver.kb.nl/resolve?urn=MMECAL02:179961050:mpeg21:a00003:ocr,,0,
Uit Indië.,1902/04/14,Tilburg University Library,http://resolver.kb.nl/resolve?urn=MMKB23:001945135:mpeg21:a00035:ocr,,0,
"IN DEN „KRUIDENTUIN VAN AZIE"" Uit de beschaving naar een eenzaam eiland",1937/10/14,Stadsarchief Enschede,http://resolver.kb.nl/resolve?urn=MMSAEN01:000052985:mpeg21:a0051:ocr,,0,
Adatrecht.,1922/10/23,KB NBM Mfm MMK 0030 [Microfilm],http://resolver.kb.nl/resolve?urn=ddd:010026236:mpeg21:a0032:ocr,,0,
Indië's verdediging.,1921/10/27,Koninklijke Bibliotheek,http://resolver.kb.nl/resolve?urn=MMKB19:002115100:mpeg21:a00004:ocr,,0,
Nederland. Het boek van Colijn.,1928/08/30,KB NBM Mfm MMK 0030 [Microfilm],http://resolver.kb.nl/resolve?urn=ddd:010029837:mpeg21:a0002:ocr,,0,
Boeken en Geschriften,1928/08/31,Groninger archieven,http://resolver.kb.nl/resolve?urn=MMRHCG04:234992053:mpeg21:a00033:ocr,,0,
BINNENLAND.,1928/06/26,Erfgoedcentrum Achterhoek en Liemers,http://resolver.kb.nl/resolve?urn=MMECAL02:179973096:mpeg21:a00007:ocr,,0,
BINNENLAND.,1928/06/26,Erfgoedcentrum Achterhoek en Liemers,http://resolver.kb.nl/resolve?urn=MMECAL02:179973097:mpeg21:a00007:ocr,,0,
Hoe men op de Molukken leeft en werkt Van de Europeesche beschaving naar de binnenlanden De eerste kennismaking met Boeroe,1937/10/31,Koninklijke Bibliotheek MM03C-101530,http://resolver.kb.nl/resolve?urn=ddd:011172739:mpeg21:a0001:ocr,,0,
Kerknieuws.,1931/11/25,Het Utrechts Archief,http://resolver.kb.nl/resolve?urn=MMUTRA04:253388048:mpeg21:a00033:ocr,,0,
HET BOEK VAN COLIJN. DE MEESTE NATIONALISTISCHE ORGANISATIES IN INDIë ZIJN ANTI-NEDERLANDSCH. – BUITENZORG BEHEERSCHT DOCH MOET WAAKZAAM BLIJVEN. – EEN NORMALE PARLEMENTAIRE ONTWIKKELING UITGESLOTEN. – ER KOME EEN STAATSCOMMISSIE VAN ONDERZOEK VOOR DE STAATKUNDIGE ONTWIKKELING VAN INDIë.,1928/08/31,Koninklijke Bibliotheek,http://resolver.kb.nl/resolve?urn=MMKB12:000139103:mpeg21:a00070:ocr,,0,
NEDERLANDSCH OOSTEN WEST-INDIE. KOLONIALE LITERATUUR.,1929/08/25,Koninklijke Bibliotheek,http://resolver.kb.nl/resolve?urn=MMKB04:000197692:mpeg21:a0051:ocr,,0,
Brieven uit de buiten bezittingen van SNed.-ïndif Bestuur in primitieve streken.,1928/05/15,Koninklijke Bibliotheek,http://resolver.kb.nl/resolve?urn=MMKB15:000682114:mpeg21:a00036:ocr,,0,
Unie-conferentie in ongunstige sfeer,1950/03/25,Koninklijke Bibliotheek,http://resolver.kb.nl/resolve?urn=MMKB19:000291071:mpeg21:a00032:ocr,,0,
BRIEVEN VAN DE MOLUKKEN. WAAROM NAAR BOEROE EN HOE WIJ ONS DAAR INSTALLEERDEN. Een kijkje in het leven van een Nederlandsch gezin op een eenzaam plekje der aarde.,1937/10/23,Stadsarchief 's-Hertogenbosch,http://resolver.kb.nl/resolve?urn=MMSADB01:000019798:mpeg21:a0059:ocr,,0,
Kerknieuws.,1932/10/25,Het Utrechts Archief,http://resolver.kb.nl/resolve?urn=MMUTRA04:253390021:mpeg21:a00048:ocr,,0,
GROOTE A.-R. LANDDAG TE 'S-GRAVENHAGE.,1936/09/16,Tresoar,http://resolver.kb.nl/resolve?urn=MMTRES02:000024438:mpeg21:a0027:ocr,,0,
BINNENLAND,1905/03/14,Historisch Centrum Overijssel,http://resolver.kb.nl/resolve?urn=MMHCO01:000076218:mpeg21:a0003:ocr,,0,
SOMBERE PERSPECTIEVEN VOOR ONTSLAGEN CULTUUR-EMPLOYÉ'S,1934/03/24,Koninklijke Bibliotheek,http://resolver.kb.nl/resolve?urn=MMKB15:000117070:mpeg21:a00003:ocr,,0,
STADNIEUWS.,1920/10/13,Koninklijke Bibliotheek,http://resolver.kb.nl/resolve?urn=MMKB15:000065011:mpeg21:a00002:ocr,,0,
SURINAME. REGEERINGSSTEUN VOOR NIEUWE ONDERNEMINGEN ?,1925/05/15,Koninklijke Bibliotheek,http://resolver.kb.nl/resolve?urn=MMKB04:000194657:mpeg21:a0003:ocr,,0,
Regesringssteun voor nleuws ondernemingen ? (*),1925/06/23,Koninklijke Bibliotheek,http://resolver.kb.nl/resolve?urn=ddd:110634360:mpeg21:a0025:ocr,,0,
Uit de Pers. SURINAME. Regeeringsatenn voor nieuwe ondernemingen,1925/06/25,Koninklijke Bibliotheek 1608 C 7,http://resolver.kb.nl/resolve?urn=ddd:011222208:mpeg21:a0045:ocr,,0,
Dit nummer bestaat uit twee bladen. Eerste Blad. Brieven uit het Vaderland.,1901/09/02,KB C 55,http://resolver.kb.nl/resolve?urn=ddd:010133016:mpeg21:a0001:ocr,,0,
HET LAATSTE NIEUWS,1938/07/20,Het Utrechts Archief,http://resolver.kb.nl/resolve?urn=MMUTRA04:253348017:mpeg21:a00087:ocr,,0,
Bond van Geref. Vrouwenverenigingen in Nederland.,1940/08/28,Erfgoedcentrum Achterhoek en Liemers,http://resolver.kb.nl/resolve?urn=MMECAL02:179981096:mpeg21:a00009:ocr,,0,
Plechtige herdenking van Jan Pieterszoon Coen te Hoorn Rede van minister dr H. Colijn m de Groote Kerk DISPEREERT NIET.,1937/02/01,KB NBM C 44 [Microfilm],http://resolver.kb.nl/resolve?urn=ddd:010017031:mpeg21:a0255:ocr,,0,
UIT DE PERS.,1929/10/30,Koninklijke Bibliotheek,http://resolver.kb.nl/resolve?urn=MMKB15:000096026:mpeg21:a00005:ocr,,0,
DE CRISIS IN HF.T LICHT DER VORIGE.,1931/02/13,Koninklijke Bibliotheek,http://resolver.kb.nl/resolve?urn=MMKB19:000450099:mpeg21:a00122:ocr,,0,
GENENGD NIEUWS.,1912/01/09,KB C 226,http://resolver.kb.nl/resolve?urn=ddd:010108599:mpeg21:a0095:ocr,,0,
Uit de Koloniën.,1910/11/18,Koninklijke Bibliotheek,http://resolver.kb.nl/resolve?urn=MMKB27:017856140:mpeg21:a00050:ocr,,0,
BINNENLAND Officieele berichten.,1903/01/31,Historisch Centrum Overijssel,http://resolver.kb.nl/resolve?urn=MMHCO01:000079703:mpeg21:a0002:ocr,,0,
DELFTSCHE COURANT van Woensdag 28 Febr. 1923 82e Jaargang No. 50 Tweede Blad. ONZE KOLONIËN.,1923/02/28,Gemeentearchief Delft,http://resolver.kb.nl/resolve?urn=MMKB08:000072322:mpeg21:a0052:ocr,,0,
DELFTSCHE COURANT van Woensdag 28 Febr. 1923 82e Jaargang No. 50 Tweede Blad. ONZE KOLONIËN.,1923/02/28,Gemeentearchief Delft,http://resolver.kb.nl/resolve?urn=MMKB08:000071219:mpeg21:a0044:ocr,,0,
WEGEN TER OOSTKUST,1937/10/18,Koninklijke Bibliotheek,http://resolver.kb.nl/resolve?urn=MMKB15:000123015:mpeg21:a00007:ocr,,0,
Telefoon-rust. Morgen zal een flink aantal,1917/08/04,Universitaire Bibliotheken Leiden,http://resolver.kb.nl/resolve?urn=MMKB23:001666060:mpeg21:a00049:ocr,,0,
Gemengd Indisch Nieuws.,1928/08/10,KB C55,http://resolver.kb.nl/resolve?urn=ddd:010221258:mpeg21:a0112:ocr,,0,
DWARS DOOR BORNEO,1942/02/10,Koninklijke Bibliotheek C 96,http://resolver.kb.nl/resolve?urn=ddd:110612892:mpeg21:a0060:ocr,,0,
BIZONDERHEDEN OVER DE NIAM-LEIDING,1935/11/22,Koninklijke Bibliotheek,http://resolver.kb.nl/resolve?urn=MMKB15:000124046:mpeg21:a00054:ocr,,0,
BINNENLAND. Luchtdiensten naar en van Indië.,1929/11/30,Koninklijke Bibliotheek,http://resolver.kb.nl/resolve?urn=MMKB04:000146259:mpeg21:a0091:ocr,,0,
"BINNENLAND. AMSTERDAM, Zondag 6 Februarij.",1853/02/07,KB C21,http://resolver.kb.nl/resolve?urn=ddd:010073591:mpeg21:a0005:ocr,,0,
Jen naderend vijftigjarig jubileum.,1924/11/20,Koninklijke Bibliotheek,http://resolver.kb.nl/resolve?urn=MMKB19:002782055:mpeg21:a00002:ocr,,0,
Het Systeem Johkhoff.,1926/02/06,Koninklijke Bibliotheek C 96,http://resolver.kb.nl/resolve?urn=ddd:011040982:mpeg21:a0007:ocr,,0,
Zuid-Banten's ontsluiting.,1927/08/30,KB NBM Mfm MMK 0030 [Microfilm],http://resolver.kb.nl/resolve?urn=ddd:010029225:mpeg21:a0194:ocr,,0,
GARNIZOEN TE APELDOORN.,1938/01/21,Koninklijke Bibliotheek,http://resolver.kb.nl/resolve?urn=MMKB04:000192995:mpeg21:a0128:ocr,,0,
DE KWESTIE MARGADANT,1936/02/04,Koninklijke Bibliotheek,http://resolver.kb.nl/resolve?urn=MMKB15:000128029:mpeg21:a00056:ocr,,0,
Uit onze Koloniën.,1910/09/05,Historisch Centrum Overijssel,http://resolver.kb.nl/resolve?urn=MMHCO01:000077847:mpeg21:a0022:ocr,,0,
Telegrammen uit de Looomotief,1911/11/15,Koninklijke Bibliotheek,http://resolver.kb.nl/resolve?urn=MMKB19:000519063:mpeg21:a00005:ocr,,0,
KOLONIEN,1912/02/16,Koninklijke Bibliotheek,http://resolver.kb.nl/resolve?urn=MMKB15:000780080:mpeg21:a00049:ocr,,0,
NEDERL.-INDIE,1929/12/12,Koninklijke Bibliotheek,http://resolver.kb.nl/resolve?urn=MMKB19:000402137:mpeg21:a00003:ocr,,0,
DE WEG DOOR DE BERGEN. De officieele opening.,1929/03/02,Universitaire Bibliotheken Leiden,http://resolver.kb.nl/resolve?urn=MMKB23:001716004:mpeg21:a00145:ocr,,0,
"Nederlanden. BREDA , den 9den Februarij.",1859/02/10,KB 1604 A1,http://resolver.kb.nl/resolve?urn=ddd:010154134:mpeg21:a0006:ocr,,0,
TWEEDE BLAD. Lombok.,1894/09/14,Koninklijke Bibliotheek,http://resolver.kb.nl/resolve?urn=MMKB04:000121218:mpeg21:a0037:ocr,,0,
KOLONIËN.,1894/09/14,Groninger archieven,http://resolver.kb.nl/resolve?urn=MMRHCG04:234926180:mpeg21:a00006:ocr,,0,
"Tweede Blad der Provinciale Overijsselsche en Zwolsche Courant Dinsdag 24 Augustus 1920, No. 199. BINNENLAND. Binnenlandsch Nieuws.",1920/08/24,Historisch Centrum Overijssel,http://resolver.kb.nl/resolve?urn=MMHCO01:000081828:mpeg21:a0024:ocr,,0,
Bij deze Courant behoort een Bijvoegsel. Binnenland.,1883/11/29,Koninklijke Bibliotheek,http://resolver.kb.nl/resolve?urn=MMKB08:000094975:mpeg21:a0001:ocr,,0,
De Praehistorie van Nederlandsch-Indië,1938/03/31,Koninklijke Bibliotheek,http://resolver.kb.nl/resolve?urn=MMKB19:000417075:mpeg21:a00036:ocr,,0,
STADSNIEUWS,1922/12/01,Koninklijke Bibliotheek,http://resolver.kb.nl/resolve?urn=MMKB15:000104078:mpeg21:a00017:ocr,,0,
EERSTE BLAD. Nieuws uit Oost- en West -lndlë.,1911/12/01,Koninklijke Bibliotheek,http://resolver.kb.nl/resolve?urn=MMKB04:000136695:mpeg21:a0001:ocr,,0,
Provinciaal Museum. Praehistorica.,1935/07/30,KB C 248,http://resolver.kb.nl/resolve?urn=ddd:010284984:mpeg21:a0078:ocr,,0,
ECHT EN VALSCH.,1919/01/22,Koninklijke Bibliotheek,http://resolver.kb.nl/resolve?urn=MMKB19:002108018:mpeg21:a00004:ocr,,0,
Zegels Beroep op Unesco voor Moenjo Daro,1973/07/16,Koninklijke Bibliotheek C 236,http://resolver.kb.nl/resolve?urn=ddd:011236489:mpeg21:a0067:ocr,,0,
KUNST en WETENSCHAP. Films van Insecten.,1914/04/04,Koninklijke Bibliotheek,http://resolver.kb.nl/resolve?urn=MMKB08:000102621:mpeg21:a0024:ocr,,0,
Nederlandsch Indie. Goede oogst in Tjiandjoer.,1919/01/11,Koninklijke Bibliotheek,http://resolver.kb.nl/resolve?urn=MMKB08:000128599:mpeg21:a0003:ocr,,0,
VAN HIER EN DAAR. S. S.-MUTATIES.,1912/03/05,Koninklijke Bibliotheek,http://resolver.kb.nl/resolve?urn=MMKB08:000127318:mpeg21:a0003:ocr,,0,
KOLONIËN.,1911/11/23,Koninklijke Bibliotheek,http://resolver.kb.nl/resolve?urn=MMKB15:000772151:mpeg21:a00066:ocr,,0,
HOOFDARTIKELEN. NOG EEN WOORD OVER DE EXPEDITIE NAAR DE BOVEN-DJAMBI EN KORINTJI-VALLEI. III.,1876/07/01,Koninklijke Bibliotheek MM03C-150162,http://resolver.kb.nl/resolve?urn=ddd:011102096:mpeg21:a0001:ocr,,0,
NEDERL. INDIE,1934/10/26,Koninklijke Bibliotheek,http://resolver.kb.nl/resolve?urn=MMKB15:000118023:mpeg21:a00026:ocr,,0,
"EEN REIS OM E.V DOOR HET LANDSCHAP DEMAK EN MIJN VERBLIJE ALDAAR,",1891/04/17,Koninklijke Bibliotheek,http://resolver.kb.nl/resolve?urn=MMKB19:002779042:mpeg21:a00001:ocr,,0,
BINNENLAND. Officieele berichten.,1892/10/12,Historisch Centrum Overijssel,http://resolver.kb.nl/resolve?urn=MMHCO01:000072835:mpeg21:a0002:ocr,,0,
GEMENGDE BERIGTEN.,1847/07/17,KB C 23,http://resolver.kb.nl/resolve?urn=ddd:010503616:mpeg21:a0006:ocr,,0,
Verspreide Indische Berichten.,1885/10/17,KB C 76,http://resolver.kb.nl/resolve?urn=ddd:010291508:mpeg21:a0034:ocr,,0,
"AMSTERDAM, 25 Februarij.",1863/02/26,KB 1640 A1,http://resolver.kb.nl/resolve?urn=ddd:010130058:mpeg21:a0051:ocr,,0,
"Gemengde Berigten,",1870/01/27,Koninklijke Bibliotheek,http://resolver.kb.nl/resolve?urn=MMKB19:000886023:mpeg21:a00028:ocr,,0,
NEDERLANDEN.,1827/10/19,KB C 94,http://resolver.kb.nl/resolve?urn=ddd:010054656:mpeg21:a0004:ocr,,0,
"NEDERLANDEN. BREDA, den 10den December.",1842/12/13,KB 1604 B1,http://resolver.kb.nl/resolve?urn=ddd:010132662:mpeg21:a0004:ocr,,0,
GEMEENTERAAD.,1915/09/04,Koninklijke Bibliotheek,http://resolver.kb.nl/resolve?urn=MMKB15:000623057:mpeg21:a00026:ocr,,0,
NEDERLANDSCH-INDIE,1930/01/10,Koninklijke Bibliotheek,http://resolver.kb.nl/resolve?urn=MMKB15:000103008:mpeg21:a00023:ocr,,0,
NEDERLANDSCH-INDIE.,1922/04/19,Koninklijke Bibliotheek,http://resolver.kb.nl/resolve?urn=MMKB15:000066091:mpeg21:a00017:ocr,,0,
BINNENLANDSCHE BERIGTEN.,1858/11/30,Gemeentearchief Delft,http://resolver.kb.nl/resolve?urn=MMKB08:000072156:mpeg21:a0004:ocr,,0,
Van hier en daar.,1904/11/04,Koninklijke Bibliotheek,http://resolver.kb.nl/resolve?urn=MMKB08:000125340:mpeg21:a0003:ocr,,0,
Van Hier en Daar. OUDE TANTE.,1915/07/30,Koninklijke Bibliotheek,http://resolver.kb.nl/resolve?urn=MMKB08:000130437:mpeg21:a0003:ocr,,0,
Verspreide Indische berichten.,1887/03/25,KB C 47,http://resolver.kb.nl/resolve?urn=ddd:010497204:mpeg21:a0046:ocr,,0,
"LEEUWARDEN, 9 Juni.",1887/06/10,KBDK,http://resolver.kb.nl/resolve?urn=ddd:010589785:mpeg21:a0043:ocr,,0,
DE „KONING DER NEDERLANDEN”.,1881/12/01,KB C 236,http://resolver.kb.nl/resolve?urn=ddd:010266083:mpeg21:a0006:ocr,,0,
Binnenland.,1911/03/27,KB C 420,http://resolver.kb.nl/resolve?urn=ddd:010198157:mpeg21:a0178:ocr,,0,
VERSLAG der verrigtingen van het Ba,1866/07/13,Koninklijke Bibliotheek,http://resolver.kb.nl/resolve?urn=MMKB32:164585051:mpeg21:a00020:ocr,,0,
NEDERL.-INDIE.,1928/08/09,Koninklijke Bibliotheek,http://resolver.kb.nl/resolve?urn=MMKB19:000400085:mpeg21:a00001:ocr,,0,
BINNENLAND. Residentienieuws.,1870/06/27,Koninklijke Bibliotheek,http://resolver.kb.nl/resolve?urn=MMKB23:001388149:mpeg21:a00008:ocr,,0,
Gemend Indisch Nieuws.,1905/12/02,Koninklijke Bibliotheek C 64,http://resolver.kb.nl/resolve?urn=ddd:011088302:mpeg21:a0032:ocr,,0,
Gemend Indisch Nieuws.,1905/12/02,Koninklijke Bibliotheek C 64,http://resolver.kb.nl/resolve?urn=ddd:011088302:mpeg21:a0093:ocr,,0,
Advertentie,1887/12/24,KB C 47,http://resolver.kb.nl/resolve?urn=ddd:010565078:mpeg21:a0035:ocr,,0,
Advertentie,1930/03/20,Koninklijke Bibliotheek,http://resolver.kb.nl/resolve?urn=MMKB19:000442065:mpeg21:a00081:ocr,,0,
ONS INDISCH HOEKJE.,1938/10/31,Tresoar,http://resolver.kb.nl/resolve?urn=ddd:010760182:mpeg21:a0180:ocr,,0,
Advertentie,1937/08/06,Universitaire Bibliotheken Leiden,http://resolver.kb.nl/resolve?urn=MMKB23:003464073:mpeg21:a00257:ocr,,0,
Advertentie,1883/06/25,Koninklijke Bibliotheek,http://resolver.kb.nl/resolve?urn=MMKB19:003626046:mpeg21:a00087:ocr,,0,
"ONS INDISCH HOEKJE Deli, het land van tabak, rubber en palmen",1938/12/17,Koninklijke Bibliotheek,http://resolver.kb.nl/resolve?urn=MMKB08:000114881:mpeg21:a0130:ocr,,0,
"ONS INDISCH HOEKJE DELI, HET LAND VAN TABAK, RUBBER EN PALMEN",1938/11/19,Drents Archief,http://resolver.kb.nl/resolve?urn=MMDA03:000115822:mpeg21:a0186:ocr,,0,
Ons Indisch hoekje Woningtoestanden in Insulinde,1939/01/31,Koninklijke Bibliotheek MM03C-101534,http://resolver.kb.nl/resolve?urn=ddd:011172981:mpeg21:a0205:ocr,,0,
Advertentie,1925/01/03,KB C 51,http://resolver.kb.nl/resolve?urn=ddd:010347393:mpeg21:a0236:ocr,,0,
Korte Mededeelingen.,1912/11/06,Tresoar,http://resolver.kb.nl/resolve?urn=ddd:010727768:mpeg21:a0091:ocr,,0,
Advertentie,1930/02/24,KB C55,http://resolver.kb.nl/resolve?urn=ddd:010228823:mpeg21:a0021:ocr,,0,
Laatste Berichten,1909/10/21,Stadsarchief 's-Hertogenbosch,http://resolver.kb.nl/resolve?urn=MMSADB01:000008210:mpeg21:a0006:ocr,,0,
Verspreide berichten.,1895/12/13,Koninklijke Bibliotheek,http://resolver.kb.nl/resolve?urn=MMKB23:001449142:mpeg21:a00003:ocr,,0,
Advertentie,1903/02/04,Koninklijke Bibliotheek,http://resolver.kb.nl/resolve?urn=KBDDD02:000204424:mpeg21:a0054:ocr,,0,
Gemengd Nieuws,1929/08/29,Koninklijke Bibliotheek,http://resolver.kb.nl/resolve?urn=MMKB15:000680052:mpeg21:a00011:ocr,,0,
"Binnenlandsche Berichten DELFT, 18 Mei 1907.",1907/05/20,Koninklijke Bibliotheek,http://resolver.kb.nl/resolve?urn=MMKB08:000137637:mpeg21:a0037:ocr,,0,
Advertentie,1888/01/19,Koninklijke Bibliotheek,http://resolver.kb.nl/resolve?urn=MMKB23:001390016:mpeg21:a00048:ocr,,0,
NEDERLANDSCH-INDIE,1929/11/30,Koninklijke Bibliotheek,http://resolver.kb.nl/resolve?urn=MMKB15:000096050:mpeg21:a00043:ocr,,0,
Buitenl. gemengd Nieuws Een verschrikkelijk drama te Eyzer.,1911/11/17,Gemeentearchief Roosendaal,http://resolver.kb.nl/resolve?urn=MMGARO01:000181053:mpeg21:a0009:ocr,,0,
Naar Z. 0.-Afrika per K. P. M. Vit het dagboek van een passagier ster. (Slot). Langs Afrika's Oostkust huiswaarts.,1935/03/20,Koninklijke Bibliotheek C 64,http://resolver.kb.nl/resolve?urn=ddd:011107045:mpeg21:a0136:ocr,,0,
Kort Nieuws INDONESIë,1948/09/24,"NIOD Instituut voor Oorlogs-, Holocaust- en Genocidestudies",http://resolver.kb.nl/resolve?urn=MMNIOD04:000095623:mpeg21:a0016:ocr,,0,
Gemengde Indische Berichten.,1872/02/20,KB C 76,http://resolver.kb.nl/resolve?urn=ddd:010297240:mpeg21:a0009:ocr,,0,
Moordaanslag op een 15-jarig meisje.,1927/07/19,KB C 420,http://resolver.kb.nl/resolve?urn=ddd:010514043:mpeg21:a0180:ocr,,0,
Binnenland,1919/01/15,Koninklijke Bibliotheek,http://resolver.kb.nl/resolve?urn=MMKB27:017836024:mpeg21:a00002:ocr,,0,
Koloniën.,1929/08/28,Koninklijke Bibliotheek,http://resolver.kb.nl/resolve?urn=MMKB32:164644067:mpeg21:a00058:ocr,,0,
"Binnenlandsche Berichten DELFT, 20 October 1909.",1909/10/20,Koninklijke Bibliotheek,http://resolver.kb.nl/resolve?urn=MMKB08:000134759:mpeg21:a0016:ocr,,0,
DE SUMATRATABAK,1937/04/14,Koninklijke Bibliotheek,http://resolver.kb.nl/resolve?urn=MMKB15:000121012:mpeg21:a00006:ocr,,0,
AVOND IN ARABIES BERGLAND.,1931/07/28,Koninklijke Bibliotheek,http://resolver.kb.nl/resolve?urn=MMKB15:000604024:mpeg21:a00043:ocr,,0,
Kees van Willigen schildert leven zoals het zou moeten zijn,1961/04/08,Gemeentearchief Rotterdam,http://resolver.kb.nl/resolve?urn=ddd:010953503:mpeg21:a0341:ocr,,0,
"Binnenland. 's-Hertogenbosch, 25 November.",1892/11/26,Stadsarchief 's-Hertogenbosch,http://resolver.kb.nl/resolve?urn=MMSADB01:000020035:mpeg21:a0003:ocr,,0,
NEDERLANDSCH-INDIË,1936/10/03,Koninklijke Bibliotheek,http://resolver.kb.nl/resolve?urn=MMKB19:000418079:mpeg21:a00019:ocr,,0,
"Den Haag, 21 Juli. Z.K.H. Prins",1873/07/23,Koninklijke Bibliotheek 1637 E1,http://resolver.kb.nl/resolve?urn=ddd:011065621:mpeg21:a0010:ocr,,0,
Prachtig geslaagde openingsdag van het L.L.T.B.-jubileum,1951/08/27,Koninklijke Bibliotheek,http://resolver.kb.nl/resolve?urn=MMKB15:000563048:mpeg21:a00022:ocr,,0,
DE FEESTDAGEN BIJ DEN CHINEESCHEN GODSDIENST,1933/06/15,KB C 65,http://resolver.kb.nl/resolve?urn=ddd:010674026:mpeg21:a0236:ocr,,0,
ONS INDISCH HOEKJE GESPREKKEN OP DE BRUG Binnen en buiten de poorten van de stad.,1938/10/22,Tresoar,http://resolver.kb.nl/resolve?urn=ddd:010744184:mpeg21:a0189:ocr,,0,
Officële berigten.,1861/04/22,KB 1604 AI,http://resolver.kb.nl/resolve?urn=ddd:010131377:mpeg21:a0023:ocr,,0,
NEDERL-INDIE,1934/06/16,Koninklijke Bibliotheek,http://resolver.kb.nl/resolve?urn=MMKB15:000111061:mpeg21:a00030:ocr,,0,
Alg. Berichten.,1906/03/28,Regionaal Archief Zutphen,http://resolver.kb.nl/resolve?urn=MMRAZ02:000356074:mpeg21:a00004:ocr,,0,
"BINNENLAND. TILBURG, 23 October 1890.",1880/10/24,KB c1115,http://resolver.kb.nl/resolve?urn=ddd:010153535:mpeg21:a0009:ocr,,0,
Gemengde Berichten.,1883/08/18,Centre Céramique,http://resolver.kb.nl/resolve?urn=MMCC01:048262041:mpeg21:a00063:ocr,,0,
Péguyen zijn veerti en daagse zorgenkinderen,1950/05/06,Koninklijke Bibliotheek,http://resolver.kb.nl/resolve?urn=MMKB15:000541107:mpeg21:a00026:ocr,,0,
Advertentie,1867/10/09,Koninklijke Bibliotheek T 948,http://resolver.kb.nl/resolve?urn=ddd:010782607:mpeg21:a0019:ocr,,0,
Minerale bronnen in Indië.,1881/04/01,KB 1640 C 1,http://resolver.kb.nl/resolve?urn=ddd:110536287:mpeg21:a0039:ocr,,0,
KOLONIEN.,1921/08/10,Koninklijke Bibliotheek,http://resolver.kb.nl/resolve?urn=MMKB15:000762068:mpeg21:a00054:ocr,,0,
KOLONIEN.,1903/07/20,Koninklijke Bibliotheek,http://resolver.kb.nl/resolve?urn=MMKB15:000717034:mpeg21:a00045:ocr,,0,
INGEZONDEN STUKKEN. OSS LANDEIGENAARS WATERRECHT.,1884/01/02,KB C 47,http://resolver.kb.nl/resolve?urn=ddd:010507746:mpeg21:a0038:ocr,,0,
"„ELCK WAT WILS” KIAI SETOMI OF SI DJAGOER, HET WONDERKANON BIJGELOOF.",1930/04/08,KB C 21,http://resolver.kb.nl/resolve?urn=ddd:010660918:mpeg21:a0304:ocr,,0,
Gemengd nieuws Historisch.,1909/02/04,Koninklijke Bibliotheek,http://resolver.kb.nl/resolve?urn=MMKB04:000184296:mpeg21:a0010:ocr,,0,
OCHTEND - EDITIE Nederlandsch-Indië. De Bastille-dag.,1917/07/10,Koninklijke Bibliotheek,http://resolver.kb.nl/resolve?urn=MMKB08:000129127:mpeg21:a0001:ocr,,0,
KOLONIEN.,1917/05/03,Koninklijke Bibliotheek,http://resolver.kb.nl/resolve?urn=MMKB15:000059102:mpeg21:a00012:ocr,,0,
Het Land der Twee Rivieren door H. C. Zentgraaff. V.,1930/12/13,Koninklijke Bibliotheek C 64,http://resolver.kb.nl/resolve?urn=ddd:110638021:mpeg21:a0002:ocr,,0,
"De dessous van de Indische Journalistie"".",1903/12/03,KB C 55,http://resolver.kb.nl/resolve?urn=ddd:010133615:mpeg21:a0005:ocr,,0,
"Bekroond literair klaverblad Kunstenaars van het randgebied Pierre Kemps ,Engelse verfdoos’",1956/11/17,Koninklijke Bibliotheek C 236,http://resolver.kb.nl/resolve?urn=ddd:011207915:mpeg21:a0189:ocr,,0,
Publiek en Privaat Waterrecht. XIII.,1883/10/13,KB 1640 C 1,http://resolver.kb.nl/resolve?urn=ddd:110536918:mpeg21:a0034:ocr,,0,
Brieven van Sumatra's Oostkust.,1880/05/28,KB 1640 C 1,http://resolver.kb.nl/resolve?urn=ddd:110536025:mpeg21:a0019:ocr,,0,
Herstemmingen voor de Provinciale staten.,1898/06/27,Koninklijke Bibliotheek,http://resolver.kb.nl/resolve?urn=MMKB12:000058148:mpeg21:a00014:ocr,,0,
NEDERLANDSCH-INDIE,1937/10/01,Koninklijke Bibliotheek,http://resolver.kb.nl/resolve?urn=MMKB19:000413001:mpeg21:a00039:ocr,,0,
PARLEMENTAIRE GROOTSPRAAK.,1877/11/21,Koninklijke Bibliotheek,http://resolver.kb.nl/resolve?urn=MMKB19:000896070:mpeg21:a00003:ocr,,0,
Het Land van Mooie Rivieren Van de Moesi naar de Batang J lari Wandelen in de Maan met een Tijger op de Hielen Sumalraansclie Schetsen 1 van DR. W. G. N. v. d. SLEEN,1941/10/03,Koninklijke Bibliotheek C96,http://resolver.kb.nl/resolve?urn=ddd:011222038:mpeg21:a0175:ocr,,0,
Binnenland. 's-Hertogenbosch 19 November.,1886/11/20,Stadsarchief 's-Hertogenbosch,http://resolver.kb.nl/resolve?urn=MMSADB01:000010965:mpeg21:a0004:ocr,,0,
De godsdienstigheid heerst hier enorm,1977/06/24,Koninklijke Bibliotheek,http://resolver.kb.nl/resolve?urn=KBNRC01:000026372:mpeg21:a0205:ocr,,0,
NEDERLANDSCH-INDIE,1929/09/20,Koninklijke Bibliotheek,http://resolver.kb.nl/resolve?urn=MMKB15:000094067:mpeg21:a00019:ocr,,0,
BINNENLANDSCHE BERIGTEN.,1861/06/18,Koninklijke Bibliotheek C 225,http://resolver.kb.nl/resolve?urn=ddd:010774677:mpeg21:a0009:ocr,,0,
Onze Nieuwtjes.,1903/06/19,Koninklijke Bibliotheek,http://resolver.kb.nl/resolve?urn=MMKB15:000016141:mpeg21:a00005:ocr,,0,
NEDERLANDSCH - INDIE DE MACHTIGE LOERAH. Na 20 jaar.,1928/10/12,Koninklijke Bibliotheek,http://resolver.kb.nl/resolve?urn=KBDDD02:000198091:mpeg21:a0026:ocr,,0,
Indië's olie in focus der belangstelling De beteekenis voor gansch de wereld Belangwekkend Amerikaansch exposé,1941/09/29,"Koninklijk Instituut voor Taal-, Land- en Volkenku DP SP/41-4",http://resolver.kb.nl/resolve?urn=ddd:011177109:mpeg21:a0165:ocr,,0,
BINNENLAND,1890/08/26,Groninger archieven,http://resolver.kb.nl/resolve?urn=MMRHCG04:235096234:mpeg21:a00008:ocr,,0,
Binnenland.,1886/06/25,Het Utrechts Archief,http://resolver.kb.nl/resolve?urn=MMUTRA04:253137172:mpeg21:a00012:ocr,,0,
Van Hier en Daar DE POSTDIENST TE GAROET.,1916/03/01,Koninklijke Bibliotheek,http://resolver.kb.nl/resolve?urn=MMKB08:000130859:mpeg21:a0002:ocr,,0,
Uit onze Koloniën OOST-INDIë HERDENKING SIR HENRI DETERDING In het kantoor van den hoofdvertegenwoordiger der B.P.M.,1939/02/21,Regionaal Archief Nijmegen,http://resolver.kb.nl/resolve?urn=MMRANM02:000035220:mpeg21:a0076:ocr,,0,
Wat kinderen zeggen,1940/11/09,Het Utrechts Archief,http://resolver.kb.nl/resolve?urn=MMUTRA04:253399035:mpeg21:a00116:ocr,,0,
DE GOUVERNEMENTS KINA-AANPLANT IN DE PREANGER.,1886/02/27,Koninklijke Bibliotheek C 96,http://resolver.kb.nl/resolve?urn=ddd:110616706:mpeg21:a0026:ocr,,0,
PETROLEUM.,1864/02/23,Koninklijke Bibliotheek NBM 1658 B 1,http://resolver.kb.nl/resolve?urn=ddd:011061684:mpeg21:a0019:ocr,,0,
Alg. Berichten.,1912/09/03,Regionaal Archief Zutphen,http://resolver.kb.nl/resolve?urn=MMRAZ02:000390056:mpeg21:a00005:ocr,,0,
Wisselkoersen der Handelsvereeniging.,1887/08/26,KB C 47,http://resolver.kb.nl/resolve?urn=ddd:010497373:mpeg21:a0033:ocr,,0,
KUNST.,1912/01/15,KB C 21,http://resolver.kb.nl/resolve?urn=ddd:010338205:mpeg21:a0137:ocr,,0,
BINNENLAND.,1871/03/27,Het Utrechts Archief,http://resolver.kb.nl/resolve?urn=MMUTRA04:253106086:mpeg21:a00007:ocr,,0,
Atjehsche schandalen.,1906/11/18,Het Utrechts Archief,http://resolver.kb.nl/resolve?urn=MMUTRA04:253177237:mpeg21:a00008:ocr,,0,
ENGELANDB OUDSTE BEWONERS.,1936/10/16,KB NBM C 44 [Microfilm],http://resolver.kb.nl/resolve?urn=ddd:010016851:mpeg21:a0202:ocr,,0,
De gele begoocheling „I CAN TELL YOU...”,1939/07/14,KB 1634 C1,http://resolver.kb.nl/resolve?urn=ddd:010382946:mpeg21:a0063:ocr,,0,
VAN OVERAL,1938/02/12,Koninklijke Bibliotheek,http://resolver.kb.nl/resolve?urn=MMKB19:000417035:mpeg21:a00063:ocr,,0,
"BINNENLAND:, Uit de Staatscourant.",1914/03/11,Het Utrechts Archief,http://resolver.kb.nl/resolve?urn=MMUTRA04:253299059:mpeg21:a00007:ocr,,0,
OP EXCURSIE.,1927/09/06,KB C 248,http://resolver.kb.nl/resolve?urn=ddd:010278862:mpeg21:a0138:ocr,,0,
"PRIJSCOURANT van Corn. Out, Van Woustraat 29.",1904/10/22,Stadsarchief Amsterdam,http://resolver.kb.nl/resolve?urn=MMSAA06:165563097:mpeg21:a00013:ocr,,0,
GEMENGDE BERICHTEN. De moord op Dirk van Leeuwen.,1919/05/22,Regionaal Archief Nijmegen,http://resolver.kb.nl/resolve?urn=MMRANM02:000020156:mpeg21:a0011:ocr,,0,
GEMENGD INDISCH NIEUWS.,1929/01/19,Koninklijke Bibliotheek,http://resolver.kb.nl/resolve?urn=MMKB04:000145531:mpeg21:a0149:ocr,,0,
Als het anders niet gaat Dan maar in enkele regels....,1948/11/23,Veenkoloniaal Museum,http://resolver.kb.nl/resolve?urn=MMVEEN01:000084642:mpeg21:a0028:ocr,,0,
DE WERELD IN VOGELVLUCHT,1938/01/03,Groninger archieven,http://resolver.kb.nl/resolve?urn=MMRHCG04:235352001:mpeg21:a00014:ocr,,0,
WETENSCHAP KON. NED. AARDRIJKSKUNDIG GENOOTSCHAP.,1926/02/17,Koninklijke Bibliotheek,http://resolver.kb.nl/resolve?urn=MMKB04:000195138:mpeg21:a0076:ocr,,0,
Paleofantasie gebaseerd op daterings-geilheid’,1994/04/02,Koninklijke Bibliotheek,http://resolver.kb.nl/resolve?urn=ABCDDD:010866691:mpeg21:a0734:ocr,,0,
BINNENLAND BRIEVEN VAN ZES CENT! 50 pct. Tariefsverlaging bij P. T. T.,1934/10/15,Koninklijke Bibliotheek,http://resolver.kb.nl/resolve?urn=KBDDD02:000197745:mpeg21:a0008:ocr,,0,
Gemengd Nieuws.,1902/07/15,Koninklijke Bibliotheek NBM Mfm MMK 0032,http://resolver.kb.nl/resolve?urn=ddd:011127228:mpeg21:a0032:ocr,,0,
Allerlei.,1875/08/04,KB C21,http://resolver.kb.nl/resolve?urn=ddd:010099010:mpeg21:a0017:ocr,,0,
LAATSTE NIEUWS,1933/12/22,Koninklijke Bibliotheek,http://resolver.kb.nl/resolve?urn=MMKB15:000728150:mpeg21:a00032:ocr,,0,
Binnenland. LANGS DE WITTE WAAL.,1933/01/30,Stadsarchief 's-Hertogenbosch,http://resolver.kb.nl/resolve?urn=MMSADB01:000017042:mpeg21:a0075:ocr,,0,
TROPISCH NEDERLAND TE PARIJS. WAT ONS PAVILJOEN ZAL BIEDEN. Een keur van kunstschatten. Volledig overzicht van alle takken van overheidsbemoeiing in smaakvolle omgeving.,1931/03/12,KB C 98,http://resolver.kb.nl/resolve?urn=ddd:110570593:mpeg21:a0196:ocr,,0,
OOST-INDIE. De voorzitter van den Volksraad benoemd tot eere- doctor.,1932/04/26,Koninklijke Bibliotheek,http://resolver.kb.nl/resolve?urn=MMKB04:000146967:mpeg21:a0147:ocr,,0,
Vacantie-oorden op den Lawoe.,1936/12/08,Koninklijke Bibliotheek,http://resolver.kb.nl/resolve?urn=MMKB19:000474032:mpeg21:a00065:ocr,,0,
Stadsnieuws. „De Mensch”.,1922/06/07,KB C 21,http://resolver.kb.nl/resolve?urn=ddd:010655319:mpeg21:a0043:ocr,,0,
Met dr. van der Sleen op reis,1929/10/09,Regionaal Archief Zutphen,http://resolver.kb.nl/resolve?urn=MMRAZ02:000422087:mpeg21:a00046:ocr,,0,
"BIJLAGE B. Aankoopen. Schilderijen, teekeningen, enz.",1881/09/02,Koninklijke Bibliotheek,http://resolver.kb.nl/resolve?urn=MMKB08:000171477:mpeg21:a0018:ocr,,0,
In Tjepu boort men naar olie Zal nieuwe exploratie tot resultaten leiden ?,1957/09/14,KB C 937,http://resolver.kb.nl/resolve?urn=ddd:010475869:mpeg21:a0038:ocr,,0,
De stranding van de Koningin Regentes.,1914/05/01,Koninklijke Bibliotheek,http://resolver.kb.nl/resolve?urn=MMKB19:003544100:mpeg21:a00021:ocr,,0,
OOST-INDIE. Valsche bankbiljetten achterhaald.,1936/06/04,Koninklijke Bibliotheek,http://resolver.kb.nl/resolve?urn=MMKB04:000151619:mpeg21:a0101:ocr,,0,
Verspreide Indische Berichten.,1891/01/10,KB C76,http://resolver.kb.nl/resolve?urn=ddd:010292160:mpeg21:a0012:ocr,,0,
AARDBEVINGEN.,1922/11/11,Stadsarchief Enschede,http://resolver.kb.nl/resolve?urn=MMSAEN01:000048271:mpeg21:a0037:ocr,,0,
RESIDENTIENIEUWS.,1911/06/25,Koninklijke Bibliotheek,http://resolver.kb.nl/resolve?urn=MMKB27:017857172:mpeg21:a00040:ocr,,0,
NED. INDIË.,1896/08/25,Groninger archieven,http://resolver.kb.nl/resolve?urn=MMRHCG04:235102233:mpeg21:a00006:ocr,,0,
Nederlandsch Oost-lndië.,1891/09/26,Koninklijke Bibliotheek,http://resolver.kb.nl/resolve?urn=MMKB19:003603045:mpeg21:a00005:ocr,,0,
ALS ROBINSON IN DE WILDERNIS.,1939/12/23,KB C 248,http://resolver.kb.nl/resolve?urn=ddd:010285911:mpeg21:a0012:ocr,,0,
Gemengd nieuws Witte Kraai.,1916/03/20,Koninklijke Bibliotheek,http://resolver.kb.nl/resolve?urn=MMKB23:001514053:mpeg21:a00084:ocr,,0,
"BINNENLAND. LEEUWARDEN, 24 Maart.",1892/03/25,KBDK,http://resolver.kb.nl/resolve?urn=ddd:010591260:mpeg21:a0063:ocr,,0,
Gemengde berichten.,1908/07/19,Groninger archieven 649-1168,http://resolver.kb.nl/resolve?urn=ddd:010894686:mpeg21:a0019:ocr,,0,
WETENSCHAP. DE HUIDIGE WETENSCHAP EN DE AFSTAMMING VAN DEN MENSCH. V.,1911/12/15,Koninklijke Bibliotheek,http://resolver.kb.nl/resolve?urn=MMKB04:000187348:mpeg21:a0075:ocr,,0,
Maakten reuzen de zware vuistbijlen van het Duizendgebergte? OP ZOEK NAAR DE OERMENS 2 Het verstoorde image,1973/01/20,Groninger archieven,http://resolver.kb.nl/resolve?urn=ddd:011016553:mpeg21:a0392:ocr,,0,
MET Dr. VAN DER SLEEN OP REIS. XXVIII. Bali!,1929/10/19,Koninklijke Bibliotheek,http://resolver.kb.nl/resolve?urn=MMKB08:000109593:mpeg21:a0076:ocr,,0,
Vijf man in een boot.,1929/07/11,Koninklijke Bibliotheek 1634 C1,http://resolver.kb.nl/resolve?urn=ddd:010970415:mpeg21:a0057:ocr,,0,
Vijf man ineen boot.,1929/07/11,KB 1634 C1,http://resolver.kb.nl/resolve?urn=ddd:010360580:mpeg21:a0058:ocr,,0,
EEN AARDIG BOOTTOCHTJE!,1929/08/10,Koninklijke Bibliotheek,http://resolver.kb.nl/resolve?urn=MMKB27:017911068:mpeg21:a00015:ocr,,0,
VIJF MAN IN EEN BOOT.,1929/08/08,Westfries Archief,http://resolver.kb.nl/resolve?urn=MMWFA01:000260105:mpeg21:a00069:ocr,,0,
"SOERABAYA, den 12den Maart 1856.",1856/03/12,Koninklijke Bibliotheek NBM 1658 B 1,http://resolver.kb.nl/resolve?urn=ddd:011060019:mpeg21:a0014:ocr,,0,
Familiebericht,1842/12/01,KB C 37,http://resolver.kb.nl/resolve?urn=ddd:010521011:mpeg21:a0023:ocr,,0,
VIJF MAN IN EEN BOOT.,1929/08/09,Koninklijke Bibliotheek C 101,http://resolver.kb.nl/resolve?urn=ddd:010931233:mpeg21:a0162:ocr,,0,
Vijf man in een boot.,1929/08/05,KB NBM Mfm MMK 0030 [Microfilm],http://resolver.kb.nl/resolve?urn=ddd:010030408:mpeg21:a0240:ocr,,0,
"Haagsche Causerieën. 's Gravenhage, 14 Juni 33.",1933/07/01,Koninklijke Bibliotheek C 64,http://resolver.kb.nl/resolve?urn=ddd:011109722:mpeg21:a0062:ocr,,0,
MANILA HENNEPCULTUUR,1910/04/16,Koninklijke Bibliotheek,http://resolver.kb.nl/resolve?urn=MMKB08:000123080:mpeg21:a0003:ocr,,0,
Vijf man in een boot.,1929/08/06,KB NBM C 44 [Microfilm],http://resolver.kb.nl/resolve?urn=ddd:010012313:mpeg21:a0139:ocr,,0,
De Coffea Robusta.,1906/01/13,Koninklijke Bibliotheek C 64,http://resolver.kb.nl/resolve?urn=ddd:011088336:mpeg21:a0087:ocr,,0,
Iets over theecultuur op Sumatra. Aangeboden.,1899/01/07,Koninklijke Bibliotheek MM03C-150182,http://resolver.kb.nl/resolve?urn=ddd:011188562:mpeg21:a0001:ocr,,0,
De Friesland”. Bij het Ministerie van Koloniën is be,1878/03/22,Koninklijke Bibliotheek,http://resolver.kb.nl/resolve?urn=MMKB19:000588023:mpeg21:a00014:ocr,,0,
"LETTEREN. LITERAIR OVERZICHT I. Vlammen, door Herman Middendorp. (M. B. Dixon & Co., Apeldoorn) II. Bloeme-Ketenen, door Noto Soeroto (S. L. van Looy. Amsterdam)",1919/03/23,Koninklijke Bibliotheek,http://resolver.kb.nl/resolve?urn=MMKB23:001524138:mpeg21:a00082:ocr,,0,
De Prins van Oranje.,1871/07/25,KB c226,http://resolver.kb.nl/resolve?urn=ddd:000017669:mpeg21:a0006:ocr,,0,
"NEDERLANDSCH INDIE. Soerabaya, den 6den Maart 1860. TELEGRAM VAN SINGAPORE.",1860/03/06,Koninklijke Bibliotheek NBM 1658 B 1,http://resolver.kb.nl/resolve?urn=ddd:011060468:mpeg21:a0009:ocr,,0,
Het straffen van misdadigers in Indië.,1926/09/10,Tresoar,http://resolver.kb.nl/resolve?urn=ddd:010759993:mpeg21:a0249:ocr,,0,
Het straffen van misdadigers in Indië.,1926/10/04,Tresoar,http://resolver.kb.nl/resolve?urn=ddd:010733125:mpeg21:a0108:ocr,,0,
UIT DE INDISCHE BLADEN.,1926/01/11,Koninklijke Bibliotheek,http://resolver.kb.nl/resolve?urn=MMKB04:000144310:mpeg21:a0113:ocr,,0,
Agenda.,1912/07/26,Koninklijke Bibliotheek,http://resolver.kb.nl/resolve?urn=MMKB19:000062071:mpeg21:a00014:ocr,,0,
AANBIEDING VAN GESCHENK AAN H. H. M. M DEN Ko,1879/11/07,Koninklijke Bibliotheek,http://resolver.kb.nl/resolve?urn=MMKB19:000596089:mpeg21:a00012:ocr,,0,
BORNEO'S WESTKUST. VROEGKERE PLANNEN- VATBAARHEID VOOR EXPLOITATIE.,1882/03/14,KB C 47,http://resolver.kb.nl/resolve?urn=ddd:010488485:mpeg21:a0031:ocr,,0,
Van Dag tot Dag. XXVIII. In het Tenggergebergte.,1908/06/30,Koninklijke Bibliotheek C 21,http://resolver.kb.nl/resolve?urn=ddd:010967734:mpeg21:a0145:ocr,,0,
AUSTRALIE.,1867/09/07,KB 1640 C 1,http://resolver.kb.nl/resolve?urn=ddd:110532623:mpeg21:a0046:ocr,,0,
Mengelwerk. DE PRINS VAN ORANJE.,1871/09/07,KB C 47,http://resolver.kb.nl/resolve?urn=ddd:010485946:mpeg21:a0028:ocr,,0,
OOST-INDIË.,1841/02/10,Universiteitsbibliotheek Amsterdam KR 98,http://resolver.kb.nl/resolve?urn=ddd:010898606:mpeg21:a0024:ocr,,0,
Brief van dea heer J.C. Brouwer aan de Soer. Ver. van Suikerfabrikanten.,1890/05/03,KB C 76,http://resolver.kb.nl/resolve?urn=ddd:010292831:mpeg21:a0042:ocr,,0,
NEDERLANDSCH-INDIE. Het vergaan van de „Laseyne”.,1909/11/22,Universitaire Bibliotheken Leiden,http://resolver.kb.nl/resolve?urn=MMKB23:001656058:mpeg21:a00009:ocr,,0,
SAMARANG,1861/03/01,Koninklijke Bibliotheek 16454 E 9,http://resolver.kb.nl/resolve?urn=ddd:011089270:mpeg21:a0020:ocr,,0,
Nederlandsche Koloniën. PER OVERLAND-MAIL.,1862/06/30,KB 1604 AI,http://resolver.kb.nl/resolve?urn=ddd:010132284:mpeg21:a0029:ocr,,0,
"Een verschrikkelijke ravage was het ge volg van de aardbeving, welke\ Vooral",1937/09/29,Koninklijke Bibliotheek,http://resolver.kb.nl/resolve?urn=MMKB19:000470078:mpeg21:a00009:ocr,,0,
De overstroomingen door de zware regens der laaste dagen. Aanschouwing uit de lucht,1932/01/13,Universitaire Bibliotheken Leiden,http://resolver.kb.nl/resolve?urn=MMKB23:001731021:mpeg21:a00156:ocr,,0,
UIT ONZE OOST.,1927/11/08,Noord-Hollands Archief,http://resolver.kb.nl/resolve?urn=MMNHA03:179083012:mpeg21:a00060:ocr,,0,
UIT ONZE OOST.,1927/11/08,Noord-Hollands Archief,http://resolver.kb.nl/resolve?urn=MMNHA03:179083011:mpeg21:a00058:ocr,,0,
uitnemend geoutilleerd geprezen.”,1929/04/19,Universitaire Bibliotheken Leiden,http://resolver.kb.nl/resolve?urn=MMKB23:001716117:mpeg21:a00124:ocr,,0,
DE BELASTINGDRUK TER OOSTKUST.,1929/01/06,KB C 21,http://resolver.kb.nl/resolve?urn=ddd:010659433:mpeg21:a0297:ocr,,0,
KUNST EN LETTEREN.,1903/09/14,Koninklijke Bibliotheek,http://resolver.kb.nl/resolve?urn=MMKB04:000128156:mpeg21:a0008:ocr,,0,
Het schild.,1939/11/29,Universitaire Bibliotheken Leiden,http://resolver.kb.nl/resolve?urn=MMKB23:003469049:mpeg21:a00030:ocr,,0,
BANDOENGSCHE COMMUNISTEN.,1938/08/03,Koninklijke Bibliotheek,http://resolver.kb.nl/resolve?urn=MMKB19:000480029:mpeg21:a00006:ocr,,0,
Djatilutur-project,1956/06/27,Universiteitsbibliotheek Leiden S 8240,http://resolver.kb.nl/resolve?urn=ddd:010896456:mpeg21:a0026:ocr,,0,
Economie Indonesië geremd door antieke bureaucratie,1990/10/20,Koninklijke Bibliotheek,http://resolver.kb.nl/resolve?urn=ABCDDD:010867373:mpeg21:a0826:ocr,,0,
De Internationale Koloniale Tentoonstelling te Parijs.,1931/05/23,Koninklijke Bibliotheek,http://resolver.kb.nl/resolve?urn=MMKB19:000054119:mpeg21:a00056:ocr,,0,
"De Internationale Koloniale Tentoonstelling te Parijs. In het hoofdgebouw der Nederlandsche afdeeling,",1931/05/22,Universiteitsbibliotheek Vrije Universiteit,http://resolver.kb.nl/resolve?urn=MMKB23:001878042:mpeg21:a00105:ocr,,0,
Een landbouw-atlas.,1926/04/04,KB NBM Mfm MMK 0030 [Microfilm],http://resolver.kb.nl/resolve?urn=ddd:010028361:mpeg21:a0202:ocr,,0,
Impressie,1938/12/15,KB C55,http://resolver.kb.nl/resolve?urn=ddd:010227790:mpeg21:a0001:ocr,,0,
Een belangrijke aanwinst van het Museum.,1927/10/06,KB C55,http://resolver.kb.nl/resolve?urn=ddd:010221003:mpeg21:a0133:ocr,,0,
Een belangrijke'aanwinst van het Museum.,1927/10/10,Koninklijke Bibliotheek,http://resolver.kb.nl/resolve?urn=MMKB19:002768306:mpeg21:a00003:ocr,,0,
Een Belangrijke Aanwinst van het Museum.,1927/10/05,Koninklijke Bibliotheek C 96,http://resolver.kb.nl/resolve?urn=ddd:011071794:mpeg21:a0037:ocr,,0,
NIEUWE UITGAVEN.,1926/09/19,KB C 21,http://resolver.kb.nl/resolve?urn=ddd:010659765:mpeg21:a0227:ocr,,0,
Armoede,1969/08/26,Koninklijke Bibliotheek C 236,http://resolver.kb.nl/resolve?urn=ddd:011238450:mpeg21:a0132:ocr,,0,
De verffabriek van Regnault.,1936/07/16,KB NBM C 44 [Microfilm],http://resolver.kb.nl/resolve?urn=ddd:010016693:mpeg21:a0260:ocr,,0,
De Tjauui Mendoet.,1902/11/05,KB C 21,http://resolver.kb.nl/resolve?urn=ddd:010649251:mpeg21:a0144:ocr,,0,
Theorie der Medische Zending.,1929/04/04,Koninklijke Bibliotheek,http://resolver.kb.nl/resolve?urn=MMKB19:000466003:mpeg21:a00027:ocr,,0,
Brieven uit Indië.,1920/10/16,Gemeentearchief Hengelo,http://resolver.kb.nl/resolve?urn=MMGAHE01:234793026:mpeg21:a00001:ocr,,0,
"Een ambtenaren-statistiek, Momenttellingen op 1 en 31 December.",1931/07/21,Universitaire Bibliotheken Leiden,http://resolver.kb.nl/resolve?urn=MMKB23:001725038:mpeg21:a00149:ocr,,0,
EEN AMBTENAREN-STATISTIEK. De voorloopige plannen gereed.,1931/07/21,Koninklijke Bibliotheek C 64,http://resolver.kb.nl/resolve?urn=ddd:011109223:mpeg21:a0184:ocr,,0,
BINNENLAND. Een ambtenaren-statistiek.,1931/07/21,KB C 248,http://resolver.kb.nl/resolve?urn=ddd:010279418:mpeg21:a0114:ocr,,0,
Een Ambtenaren-statistiek. De Voorioopige Plannen Gereed.,1931/07/17,KB C55,http://resolver.kb.nl/resolve?urn=ddd:010229240:mpeg21:a0003:ocr,,0,
Het belang van den rijstbouw voor de volksvoeding,1940/07/19,Koninklijke Bibliotheek C 64,http://resolver.kb.nl/resolve?urn=ddd:011122434:mpeg21:a0241:ocr,,0,
Het belang van den rijstbouw voor de volksvoeding,1940/07/19,Koninklijke Bibliotheek C 64,http://resolver.kb.nl/resolve?urn=ddd:011122434:mpeg21:a0273:ocr,,0,
Publieke Opinie. De zaaiesS',1938/08/22,Universitaire Bibliotheken Leiden,http://resolver.kb.nl/resolve?urn=MMKB23:003474103:mpeg21:a00158:ocr,,0,
ONZE KOLONIEN.,1924/09/19,Gemeentearchief Delft,http://resolver.kb.nl/resolve?urn=MMKB08:000073506:mpeg21:a0038:ocr,,0,
Gemengd.,1914/04/03,KB C 21,http://resolver.kb.nl/resolve?urn=ddd:010655623:mpeg21:a0118:ocr,,0,
Boeroeboedoer,1982/11/09,Koninklijke Bibliotheek,http://resolver.kb.nl/resolve?urn=ABCDDD:010819337:mpeg21:a0213:ocr,,0,
Gemengd Indisch Nieuws.,1905/08/08,Koninklijke Bibliotheek C 64,http://resolver.kb.nl/resolve?urn=ddd:011088203:mpeg21:a0040:ocr,,0,
"„Er is een licht gedoofd"" Prof. dr. J.H. Bavinck vanmorgen begraven",1964/06/26,KBDK,http://resolver.kb.nl/resolve?urn=ddd:010616881:mpeg21:a0146:ocr,,0,
Djakarta herstelt historische gebouwen,1972/10/25,Groninger archieven,http://resolver.kb.nl/resolve?urn=ddd:011016474:mpeg21:a0310:ocr,,0,
UIT ONZE OOST,1917/02/03,Noord-Hollands Archief,http://resolver.kb.nl/resolve?urn=MMNHA03:178996054:mpeg21:a00056:ocr,,0,
Chineesche Bedevaartplaatsen.,1936/08/15,Koninklijke Bibliotheek,http://resolver.kb.nl/resolve?urn=MMKB19:000467013:mpeg21:a00029:ocr,,0,
Hindoe-monumenten.,1899/04/04,Koninklijke Bibliotheek,http://resolver.kb.nl/resolve?urn=MMKB04:000123889:mpeg21:a0052:ocr,,0,
KUNST- EN LETTERNIEUWS,1914/04/04,Koninklijke Bibliotheek,http://resolver.kb.nl/resolve?urn=MMKB23:001508011:mpeg21:a00047:ocr,,0,
KABEL NIEUWS. De Ramp in Nederlandsch Oost Indie.,1883/09/11,Roosevelt Study Center,http://resolver.kb.nl/resolve?urn=ddd:110619810:mpeg21:a0060:ocr,,0,
Tallooze goden en geesten.,1931/07/12,KB C 98,http://resolver.kb.nl/resolve?urn=ddd:110570954:mpeg21:a0243:ocr,,0,
Gemengd Indisch Nieuws.,1914/03/05,Koninklijke Bibliotheek C 96,http://resolver.kb.nl/resolve?urn=ddd:011036637:mpeg21:a0120:ocr,,0,
VOLKSUNIVERSITEIT. LEZING Dr. H. P. BERLAGE.,1924/03/08,Stadsarchief Breda,http://resolver.kb.nl/resolve?urn=MMSAB03:000062343:mpeg21:a0009:ocr,,0,
Indië op de Parijsche Tentoonstelling.,1899/03/31,KB C21,http://resolver.kb.nl/resolve?urn=ddd:010162775:mpeg21:a0097:ocr,,0,
DE FILMS VAN DEZE WEEK ApoNo Theater De zoon van Kong.,1934/08/18,KB NBM C 44 [Microfilm],http://resolver.kb.nl/resolve?urn=ddd:010015518:mpeg21:a0144:ocr,,0,
JAN VETH OVER INDISCHE KUNST.,1895/05/08,Koninklijke Bibliotheek C 96,http://resolver.kb.nl/resolve?urn=ddd:011031383:mpeg21:a0046:ocr,,0,
Gemengd Indisch Nieuws.,1914/03/05,Koninklijke Bibliotheek C 96,http://resolver.kb.nl/resolve?urn=ddd:011036637:mpeg21:a0115:ocr,,0,
Filatelie in a nutshell (19),1975/10/04,KB C 251,http://resolver.kb.nl/resolve?urn=ddd:010460519:mpeg21:a0145:ocr,,0,
Cernengd.,1917/01/27,KB C 21,http://resolver.kb.nl/resolve?urn=ddd:010653871:mpeg21:a0196:ocr,,0,
Ingezonden Stukken.,1859/07/06,KB C 47,http://resolver.kb.nl/resolve?urn=ddd:010483015:mpeg21:a0031:ocr,,0,
Een droevig einde,1918/05/31,Koninklijke Bibliotheek,http://resolver.kb.nl/resolve?urn=MMKB27:017945111:mpeg21:a00023:ocr,,0,
Wat Gisteren in de Krant Stond!...,1929/01/03,KB C55,http://resolver.kb.nl/resolve?urn=ddd:010221363:mpeg21:a0027:ocr,,0,
Verminderend aantal bezoekers.,1936/02/08,Koninklijke Bibliotheek C 96,http://resolver.kb.nl/resolve?urn=ddd:011074224:mpeg21:a0186:ocr,,0,
EEN ENGELSCHMAN IN NEDERLANDSCH-INDIE.,1898/05/17,Koninklijke Bibliotheek C 96,http://resolver.kb.nl/resolve?urn=ddd:011032096:mpeg21:a0063:ocr,,0,
TWEEDE BLAD. Lombok.,1894/10/09,Koninklijke Bibliotheek,http://resolver.kb.nl/resolve?urn=MMKB04:000121292:mpeg21:a0043:ocr,,0,
De Soenan van Tembajat. Een schoon verhaal van het leven van een heilige.,1928/10/03,Universitaire Bibliotheken Leiden,http://resolver.kb.nl/resolve?urn=MMKB23:001720082:mpeg21:a00002:ocr,,0,
Demonstratie van bandenoppomper,1964/07/28,KBDK,http://resolver.kb.nl/resolve?urn=ddd:010616908:mpeg21:a0009:ocr,,0,
Wetenswaardig Allerlei,1904/06/22,Het Utrechts Archief,http://resolver.kb.nl/resolve?urn=MMUTRA04:253283283:mpeg21:a00013:ocr,,0,
Uit de Koloniën.,1916/04/07,Koninklijke Bibliotheek,http://resolver.kb.nl/resolve?urn=MMKB27:017870012:mpeg21:a00018:ocr,,0,
IJzerman als archncoloog.,1932/10/25,Koninklijke Bibliotheek C 64,http://resolver.kb.nl/resolve?urn=ddd:011109519:mpeg21:a0220:ocr,,0,
IJzerman als archaeelcog.,1932/10/11,KB C 21,http://resolver.kb.nl/resolve?urn=ddd:010663577:mpeg21:a0022:ocr,,0,
Koloniën.,1906/10/10,Stadsarchief Breda,http://resolver.kb.nl/resolve?urn=MMSAB04:000328095:mpeg21:a00007:ocr,,0,
25 jaar antiquiteiten-zorg.,1927/04/01,Koninklijke Bibliotheek 1634 C1,http://resolver.kb.nl/resolve?urn=ddd:010970154:mpeg21:a0071:ocr,,0,
Tijdschriften.,1927/02/09,KB NBM Mfm MMK 0030 [Microfilm],http://resolver.kb.nl/resolve?urn=ddd:010028883:mpeg21:a0172:ocr,,0,
Het oudste Hohamedaanscne rijk van Sumatra.,1906/09/21,KB 1634 B1,http://resolver.kb.nl/resolve?urn=ddd:010322605:mpeg21:a0029:ocr,,0,
Het Aquarium.,1897/09/24,Koninklijke Bibliotheek,http://resolver.kb.nl/resolve?urn=MMKB19:003621044:mpeg21:a00022:ocr,,0,
Dudheidkundige Dienst Bestaat Vijfentwintig jaar.,1938/06/22,Koninklijke Bibliotheek,http://resolver.kb.nl/resolve?urn=MMKB19:000468066:mpeg21:a00116:ocr,,0,
BINNENLANDSCHE BERIGTEN. 's Gravenhage . den 18den September.,1842/09/20,KB T948,http://resolver.kb.nl/resolve?urn=ddd:010084827:mpeg21:a0007:ocr,,0,
Uit de Vorstenlanden. Filosofie over een museum. I. De Kunstverzamelaar van Soeno Boedojo te Djokja. Wat de niet-Ariër niet aardig vond — Twee transacties — Kuische Bali-doeken.,1936/02/11,Koninklijke Bibliotheek C 64,http://resolver.kb.nl/resolve?urn=ddd:011110136:mpeg21:a0145:ocr,,0,
FEUILLETON. Eene reis om de wereld.,1882/11/01,Koninklijke Bibliotheek C 64,http://resolver.kb.nl/resolve?urn=ddd:011086421:mpeg21:a0002:ocr,,0,
BINNENLANDSCHE BERIGTEN.,1848/10/29,KB T948,http://resolver.kb.nl/resolve?urn=ddd:010091146:mpeg21:a0005:ocr,,0,
HET VOLK. TWEEDE BLAD. Van oude tijden.,1912/07/13,KB NBM Mfm MMK 0032 [Microfilm],http://resolver.kb.nl/resolve?urn=ddd:010022270:mpeg21:a0046:ocr,,0,
NEDERL. OOST-INDIE.,1867/08/10,KB C 94,http://resolver.kb.nl/resolve?urn=ddd:000025112:mpeg21:a0009:ocr,,0,
Uit de jongere Hofstad.,1888/01/21,KB C 76,http://resolver.kb.nl/resolve?urn=ddd:010291588:mpeg21:a0008:ocr,,0,
MEDELEELINGEN VAN VERSCHILLENDEN AARD. Verslag van de gedelegeerden der Nederlandsche Regeering omtrent het in September jl. gehouden 13de Orientalisten-Congres te Hamburg.,1902/10/27,Koninklijke Bibliotheek,http://resolver.kb.nl/resolve?urn=MMKB08:000177678:mpeg21:a0008:ocr,,0,
Solosche omtrekken. (Geschreven voor het Soer. H.B.),1884/10/22,Koninklijke Bibliotheek C 64,http://resolver.kb.nl/resolve?urn=ddd:011086886:mpeg21:a0004:ocr,,0,
Een Uitstapje in het Bantamsche.,1917/05/01,Koninklijke Bibliotheek C 96,http://resolver.kb.nl/resolve?urn=ddd:011038169:mpeg21:a0017:ocr,,0,
Gemengd Nieuws.,1872/10/05,KB c226,http://resolver.kb.nl/resolve?urn=ddd:000018039:mpeg21:a0006:ocr,,0,
Inlandsche verloskundigen.,1915/12/23,KB NBM Mfm MMK 0030 [Microfilm],http://resolver.kb.nl/resolve?urn=ddd:010034565:mpeg21:a0178:ocr,,0,
Gemengd Nieuws.,1896/02/13,Tilburg University Library,http://resolver.kb.nl/resolve?urn=MMUBTB04:210819031:mpeg21:a00016:ocr,,0,
Celebes.,1906/10/10,KB c226,http://resolver.kb.nl/resolve?urn=ddd:010164485:mpeg21:a0006:ocr,,0,
De uitbarsting van den Vesuvius.,1906/05/05,Koninklijke Bibliotheek,http://resolver.kb.nl/resolve?urn=MMKB19:000693015:mpeg21:a00118:ocr,,0,
Het leven te velde.,1894/11/06,Centre Céramique,http://resolver.kb.nl/resolve?urn=MMKB23:001129122:mpeg21:a00016:ocr,,0,
Een oud klooster?,1937/08/03,Koninklijke Bibliotheek C 64,http://resolver.kb.nl/resolve?urn=ddd:011110359:mpeg21:a0119:ocr,,0,
Tweede Blad. Vuurspuwende Bergen.,1902/08/30,Regionaal Historisch Centrum Eindhoven,http://resolver.kb.nl/resolve?urn=MMRHCE01:000037856:mpeg21:a0029:ocr,,0,
Gemengde Berigten.,1866/12/28,KB 1615AC,http://resolver.kb.nl/resolve?urn=ddd:010113596:mpeg21:a0053:ocr,,0,
aardbevingen,1903/03/07,KB C 76,http://resolver.kb.nl/resolve?urn=ddd:010299957:mpeg21:a0002:ocr,,0,
KOLONIEN.,1867/08/15,Koninklijke Bibliotheek,http://resolver.kb.nl/resolve?urn=MMKB08:000091481:mpeg21:a0002:ocr,,0,
UITBARSTING VAN DEN KALOET.,1901/07/02,Stadsarchief Amsterdam,http://resolver.kb.nl/resolve?urn=MMSAA06:165558002:mpeg21:a00014:ocr,,0,
GEMENGD NIEUWS Waarom de Drachme stijgt!,1923/07/04,Historisch Centrum Overijssel,http://resolver.kb.nl/resolve?urn=MMKB23:001302005:mpeg21:a00055:ocr,,0,
INGEZONDEN. EEN KRAKATAU-VERHAAL UIT JENA.,1883/10/26,Koninklijke Bibliotheek C 64,http://resolver.kb.nl/resolve?urn=ddd:011086592:mpeg21:a0004:ocr,,0,
"De ondergang van St. Pierre,",1902/05/15,Koninklijke Bibliotheek,http://resolver.kb.nl/resolve?urn=MMKB15:000648131:mpeg21:a00003:ocr,,0,
LOMBOK.,1894/11/05,Koninklijke Bibliotheek,http://resolver.kb.nl/resolve?urn=MMKB19:003620120:mpeg21:a00024:ocr,,0,
De Ramp in Neerlands Indie.,1883/11/01,Roosevelt Study Center,http://resolver.kb.nl/resolve?urn=ddd:011181850:mpeg21:a0044:ocr,,0,
De verhoogde kraterwerking bij Krakatau. Is pen nieuwe uitbarsting te vreezen ? HISTORISCH OVERZICHT. Hoe het in 1883 gebeurde.,1928/01/25,Universitaire Bibliotheken Leiden,http://resolver.kb.nl/resolve?urn=MMKB23:001712059:mpeg21:a00058:ocr,,0,
INDISCHE BRIEVEN. VULKANEN.,1925/11/23,Tresoar,http://resolver.kb.nl/resolve?urn=ddd:010732806:mpeg21:a0110:ocr,,0,
Gemengd nieuws.,1883/10/17,Koninklijke Bibliotheek,http://resolver.kb.nl/resolve?urn=MMKB19:000532083:mpeg21:a00004:ocr,,0,
LOMBOK.,1894/11/12,KB C 236,http://resolver.kb.nl/resolve?urn=ddd:010385778:mpeg21:a0081:ocr,,0,
TELEGRAMMEN,1929/01/21,Koninklijke Bibliotheek,http://resolver.kb.nl/resolve?urn=MMKB15:000092017:mpeg21:a00005:ocr,,0,
De uitbarsting van Krakatau. Regeeringstelegram.,1883/09/04,Koninklijke Bibliotheek,http://resolver.kb.nl/resolve?urn=KBDDD02:000204298:mpeg21:a0010:ocr,,0,
De uitbarsting van Krakatan. Regeeringstelegram.,1883/09/04,Koninklijke Bibliotheek C 76,http://resolver.kb.nl/resolve?urn=ddd:010984500:mpeg21:a0013:ocr,,0,
GEMENGD NIEUWS.,1932/04/19,Tresoar,http://resolver.kb.nl/resolve?urn=MMTRES04:211454072:mpeg21:a00010:ocr,,0,
KOLONIEN.,1883/10/11,Koninklijke Bibliotheek,http://resolver.kb.nl/resolve?urn=MMKB08:000094911:mpeg21:a0007:ocr,,0,
VEILIGHEIDSKLEPPEN DER AARDSCHE MACHINE.,1930/09/27,Koninklijke Bibliotheek C 101,http://resolver.kb.nl/resolve?urn=ddd:010930878:mpeg21:a0267:ocr,,0,
FILMPJES AIT LEVEN EN NATUUR VEILIGHEIDSKLEPPEN DER AARDSCHE MACHINE.,1930/09/27,Archief De Domijnen,http://resolver.kb.nl/resolve?urn=MMKB23:001216076:mpeg21:a00199:ocr,,0,
Mengelingen. Nieuwe byzonderlieden wegens de natuurbouw des Hemels.,1827/07/21,Koninklijke Bibliotheek 1657 C 1,http://resolver.kb.nl/resolve?urn=ddd:010974055:mpeg21:a0001:ocr,,0,
DE KRAKATAU-RAMP. DE KRAKATAU-RAMP.,1883/09/20,Koninklijke Bibliotheek MM03C-150167,http://resolver.kb.nl/resolve?urn=ddd:011100828:mpeg21:a0003:ocr,,0,
De Selenka-expeditie en hare resultaten.,1908/05/16,Koninklijke Bibliotheek,http://resolver.kb.nl/resolve?urn=MMKB23:001485114:mpeg21:a00017:ocr,,0,
Tweede Blad. KOLONIEN. OOST-INDIE.,1883/10/09,Haags Gemeentearchief,http://resolver.kb.nl/resolve?urn=MMKB04:000152668:mpeg21:a0021:ocr,,0,
"UTRECHT, Zondag 11 Augustus. Reorganisatie der Kon. Millt. Akademie.",1867/08/12,Koninklijke Bibliotheek C 31,http://resolver.kb.nl/resolve?urn=ddd:010805894:mpeg21:a0003:ocr,,0,
Van Dag tot Dag.,1903/03/07,Koninklijke Bibliotheek,http://resolver.kb.nl/resolve?urn=KBDDD02:000205657:mpeg21:a0002:ocr,,0,
RECHTZAKEN. HAAR MAN UIT HET RAAM GEWORPEN.,1930/12/24,Stadsarchief Enschede,http://resolver.kb.nl/resolve?urn=MMSAEN01:000051004:mpeg21:a0083:ocr,,0,
Krakatau.,1883/09/06,Koninklijke Bibliotheek C 64,http://resolver.kb.nl/resolve?urn=ddd:011086550:mpeg21:a0003:ocr,,0,
O.-INDISCHE BERIGTEN.,1884/02/13,Koninklijke Bibliotheek,http://resolver.kb.nl/resolve?urn=MMKB12:000017037:mpeg21:a00030:ocr,,0,
GEMENGDE BERIGTEN.,1867/04/06,KB 1657 C 1,http://resolver.kb.nl/resolve?urn=ddd:010332936:mpeg21:a0001:ocr,,0,
De ramp van Krakatau.,1883/10/10,KB c226,http://resolver.kb.nl/resolve?urn=ddd:010065114:mpeg21:a0045:ocr,,0,
bij Krakatau.,1928/02/21,CODA Apeldoorn,http://resolver.kb.nl/resolve?urn=MMCODA01:000154755:mpeg21:a0030:ocr,,0,
BANTAM.,1883/09/07,Koninklijke Bibliotheek,http://resolver.kb.nl/resolve?urn=MMKB19:000532067:mpeg21:a00001:ocr,,0,
Moord te Tjimaht.,1912/02/12,Koninklijke Bibliotheek,http://resolver.kb.nl/resolve?urn=MMKB19:000960107:mpeg21:a00096:ocr,,0,
Eruptie-aardigheden.,1883/10/10,Koninklijke Bibliotheek,http://resolver.kb.nl/resolve?urn=KBDDD02:000204379:mpeg21:a0005:ocr,,0,
Eruptie-aardigheden.,1883/10/10,Koninklijke Bibliotheek C 76,http://resolver.kb.nl/resolve?urn=ddd:010984533:mpeg21:a0005:ocr,,0,
UIT BALI,1913/05/19,Koninklijke Bibliotheek,http://resolver.kb.nl/resolve?urn=MMKB23:001510121:mpeg21:a00115:ocr,,0,
Brieven uit Indië.,1920/11/20,Gemeentearchief Hengelo,http://resolver.kb.nl/resolve?urn=MMGAHE01:234793036:mpeg21:a00105:ocr,,0,
Verzengende eruptie-hitte.,1926/10/08,KB C55,http://resolver.kb.nl/resolve?urn=ddd:010220702:mpeg21:a0125:ocr,,0,
Nederlandsch-Indië.,1926/10/11,Koninklijke Bibliotheek,http://resolver.kb.nl/resolve?urn=MMKB19:002126086:mpeg21:a00002:ocr,,0,
Bdllf een parel aan Insulindes kroon.,1932/01/11,Koninklijke Bibliotheek,http://resolver.kb.nl/resolve?urn=MMKB19:000057008:mpeg21:a00043:ocr,,0,
DE BATOER ERUPTIE.,1926/10/05,Koninklijke Bibliotheek,http://resolver.kb.nl/resolve?urn=MMKB15:000080004:mpeg21:a00059:ocr,,0,
NEDERLANDSCH-INDIE. DE BATOER-ERUPTIE.,1926/10/04,KB 1634 B1,http://resolver.kb.nl/resolve?urn=ddd:010359967:mpeg21:a0060:ocr,,0,
Nuttige Kennis.,1907/02/27,Het Utrechts Archief,http://resolver.kb.nl/resolve?urn=MMUTRA04:253178069:mpeg21:a00016:ocr,,0,
„DE GROTE BERG” heeft Bali verschrikkelijk getekend,1963/06/15,Regionaal Historisch Centrum Eindhoven,http://resolver.kb.nl/resolve?urn=MMRHCE02:163648038:mpeg21:a00070:ocr,,0,
IN-OFFICIEEL GEDEELTE.,1837/08/16,KB C 23,http://resolver.kb.nl/resolve?urn=ddd:010500954:mpeg21:a0001:ocr,,0,
Gemengd Indisch Nieuws.,1913/04/23,Koninklijke Bibliotheek C 96,http://resolver.kb.nl/resolve?urn=ddd:011036263:mpeg21:a0066:ocr,,0,
HAAGSCHE COURANT Dinsdag 8 October 1929. No. 14313. VIERDE BLAD. Met dr. van der Sleen op reis. Bali!,1929/10/08,Koninklijke Bibliotheek,http://resolver.kb.nl/resolve?urn=MMKB04:000145780:mpeg21:a0111:ocr,,0,
MET DR. VAN DER SLEEN OP REIS. XXVIII.,1929/10/14,Stadsarchief 's-Hertogenbosch,http://resolver.kb.nl/resolve?urn=MMSADB01:000015229:mpeg21:a0052:ocr,,0,
MET DR. VAN DER SLEEN OP REIS. XXVIII. BALI!,1929/10/12,Stadsarchief 's-Hertogenbosch,http://resolver.kb.nl/resolve?urn=MMSADB01:000014309:mpeg21:a0101:ocr,,0,
Met dr. Van der Sleen op reis Bali !,1929/10/08,Gemeentearchief Delft,http://resolver.kb.nl/resolve?urn=MMKB08:000074665:mpeg21:a0043:ocr,,0,
De Merapie eischt 700 slachtoffers. De ramp neemt ontzettende afmetingen aan.,1930/12/22,Groninger archieven,http://resolver.kb.nl/resolve?urn=MMRHCG04:235074044:mpeg21:a00023:ocr,,0,
Kijkjes ter Wereldten toonstelling.,1900/06/27,Koninklijke Bibliotheek,http://resolver.kb.nl/resolve?urn=MMKB19:000515145:mpeg21:a00022:ocr,,0,
Vesuvius en Pompeï.,1930/06/21,KB C 248,http://resolver.kb.nl/resolve?urn=ddd:010279494:mpeg21:a0259:ocr,,0,
Met Dr. van der Sleen op reis Bali en de Batoer.,1929/10/12,Historisch Centrum Overijssel,http://resolver.kb.nl/resolve?urn=MMHCO01:000086786:mpeg21:a0099:ocr,,0,
BALI. Het Land.,1906/06/19,Koninklijke Bibliotheek C 96,http://resolver.kb.nl/resolve?urn=ddd:011034141:mpeg21:a0033:ocr,,0,
Een bergtocht op Bali.,1917/01/17,Koninklijke Bibliotheek,http://resolver.kb.nl/resolve?urn=MMKB19:002102014:mpeg21:a00002:ocr,,0,
Lombok.,1894/04/19,KB C 76,http://resolver.kb.nl/resolve?urn=ddd:010293695:mpeg21:a0004:ocr,,0,
Nog eens ’t behoud der Hindoe-bouwvallen.,1907/05/01,Universitaire Bibliotheken Leiden,http://resolver.kb.nl/resolve?urn=MMKB23:001641001:mpeg21:a00005:ocr,,0,
"BALI, LOMBOK en AMBON Drie typische eilanden van den Indischen Archipel. Met Dr. Van der Sleen op reis",1930/02/15,Tresoar,http://resolver.kb.nl/resolve?urn=ddd:010743924:mpeg21:a0075:ocr,,0,
"Oost Indië"" Indrukken uit Bali.",1928/06/06,KB NBM Mfm MMK 0030 [Microfilm],http://resolver.kb.nl/resolve?urn=ddd:010029690:mpeg21:a0272:ocr,,0,
Koloniën.,1913/05/23,KB C 420,http://resolver.kb.nl/resolve?urn=ddd:010222464:mpeg21:a0132:ocr,,0,
DE UITBARSTING VAN DE MERAPI.,1930/12/22,Koninklijke Bibliotheek,http://resolver.kb.nl/resolve?urn=MMKB19:000030147:mpeg21:a00005:ocr,,0,
Het Nederlaadsch gezantschap te Siam.,1872/11/05,KB 1640 C 1,http://resolver.kb.nl/resolve?urn=ddd:110534335:mpeg21:a0024:ocr,,0,
HAAGSCHE COURANT van Zaterdag 20 Dec. 1930 De uitbarsting van den Merapi. Vele dooden en groote verwoestingen.,1930/12/20,Koninklijke Bibliotheek,http://resolver.kb.nl/resolve?urn=MMKB04:000146722:mpeg21:a0100:ocr,,0,
DE UITBARSTING DER MERAPI.,1930/12/20,Koninklijke Bibliotheek,http://resolver.kb.nl/resolve?urn=MMKB19:000451265:mpeg21:a00022:ocr,,0,
ROTTERDAM den 20 september.,1843/09/21,Koninklijke Bibliotheek C 46,http://resolver.kb.nl/resolve?urn=ddd:010979165:mpeg21:a0005:ocr,,0,
"ZWOLLE , den 23sten November.",1835/11/24,KB C29,http://resolver.kb.nl/resolve?urn=ddd:010119204:mpeg21:a0003:ocr,,0,
"Op en om den Keloet SOERABATA, 6 Maart 1924.",1924/04/19,Koninklijke Bibliotheek C 101,http://resolver.kb.nl/resolve?urn=ddd:010932999:mpeg21:a0151:ocr,,0,
Gemengd Nieuws,1934/04/13,Koninklijke Bibliotheek,http://resolver.kb.nl/resolve?urn=MMKB15:000851010:mpeg21:a00053:ocr,,0,
De Kloetwerken.,1924/10/10,KB C 98,http://resolver.kb.nl/resolve?urn=ddd:110562812:mpeg21:a0183:ocr,,0,
Mengelingen.,1825/06/15,Koninklijke Bibliotheek NBM C 23,http://resolver.kb.nl/resolve?urn=ddd:011070762:mpeg21:a0015:ocr,,0,
Zeven weken geleden had de alhier _evestigde,1866/05/07,UB Tilburg T 8244,http://resolver.kb.nl/resolve?urn=ddd:010261233:mpeg21:a0001:ocr,,0,
Gemengd Nieuws.,1884/06/09,Gemeentearchief Rotterdam,http://resolver.kb.nl/resolve?urn=ddd:011007968:mpeg21:a0025:ocr,,0,
BIESJE EN ARIE UIT SUM,1932/01/05,Koninklijke Bibliotheek,http://resolver.kb.nl/resolve?urn=MMKB19:002093003:mpeg21:a00004:ocr,,0,
MIESJE EN ARIE UIT SUMATRA.,1932/01/19,Koninklijke Bibliotheek,http://resolver.kb.nl/resolve?urn=MMKB19:000462032:mpeg21:a00075:ocr,,0,
Miesje en Arie uit Sumatra.,1932/01/19,KB C55,http://resolver.kb.nl/resolve?urn=ddd:010229395:mpeg21:a0063:ocr,,0,
MOEDERLAND DE LOONEN TE AMSTERDAM. Voorstel tot verlaging opnieuw verworpen.,1934/11/02,Koninklijke Bibliotheek,http://resolver.kb.nl/resolve?urn=KBDDD02:000197764:mpeg21:a0010:ocr,,0,
UIT DEN OMTREK,1932/01/11,Koninklijke Bibliotheek,http://resolver.kb.nl/resolve?urn=MMKB15:000106008:mpeg21:a00072:ocr,,0,
SUMATRA MEISJE EN ARIE UIT SUMATRA. Bekend oud Padanger geïnterviewd.,1932/01/11,Koninklijke Bibliotheek 1634 C1,http://resolver.kb.nl/resolve?urn=ddd:011023837:mpeg21:a0094:ocr,,0,
SUMATRA MIESJE EN ARIE UIT SUMATRA. Bekend oud Padanger geïnterviewd.,1932/01/11,KB 1634 C1,http://resolver.kb.nl/resolve?urn=ddd:010361003:mpeg21:a0100:ocr,,0,
DUIZENDEN OPGEJAAGDEN UIT HUN DESA’S,1931/01/08,Koninklijke Bibliotheek,http://resolver.kb.nl/resolve?urn=MMKB15:000597006:mpeg21:a00037:ocr,,0,
Geografische Kring.,1922/04/20,KB NBM Mfm MMK 0030 [Microfilm],http://resolver.kb.nl/resolve?urn=ddd:010026028:mpeg21:a0156:ocr,,0,
DE UITBARSTINGEN VAN DEN MERAPI. Ontroerende tooneelen.,1930/12/24,KBDK,http://resolver.kb.nl/resolve?urn=ddd:010605099:mpeg21:a0152:ocr,,0,
GEMENGD NIEUWS. De ramp van den Kloet.,1919/05/27,Koninklijke Bibliotheek,http://resolver.kb.nl/resolve?urn=MMKB04:000138917:mpeg21:a0036:ocr,,0,
ALGEMEENE BERICHTEN.,1931/01/26,Regionaal Archief Zutphen,http://resolver.kb.nl/resolve?urn=MMRAZ02:000429021:mpeg21:a00049:ocr,,0,
DE MERAPI CATASTROPHE.,1931/01/09,Tresoar,http://resolver.kb.nl/resolve?urn=MMTRES04:211453004:mpeg21:a00075:ocr,,0,
TELEGRAMMEN,1932/01/15,Koninklijke Bibliotheek,http://resolver.kb.nl/resolve?urn=MMKB15:000106012:mpeg21:a00006:ocr,,0,
De uitbarsting van den Merapi. Droevige en ontroerende incidenten. Onafzienbare stroomen vluchtelingen verlaten de geteisterde streek. Schitterend georganiseerde hulpverleening.,1930/12/23,Regionaal Archief Nijmegen,http://resolver.kb.nl/resolve?urn=MMRANM02:000027820:mpeg21:a0003:ocr,,0,
ALGEMEENE BERICHTEN.,1930/12/27,Regionaal Archief Zutphen,http://resolver.kb.nl/resolve?urn=MMRAZ02:000423152:mpeg21:a00007:ocr,,0,
Merapi-avond.,1931/01/27,KB C 98,http://resolver.kb.nl/resolve?urn=ddd:110570518:mpeg21:a0106:ocr,,0,
"DERDE BLAD De Preangerbode Maandag 2 Juni 1919, No. 151. Hoofdredacteur : Th. E. Stufkens. De Kloet-ramp.",1919/06/02,Koninklijke Bibliotheek,http://resolver.kb.nl/resolve?urn=MMKB08:000132781:mpeg21:a0047:ocr,,0,
IN DEN HOFK RECHTS.,1931/01/05,Koninklijke Bibliotheek,http://resolver.kb.nl/resolve?urn=MMKB15:000684003:mpeg21:a00004:ocr,,0,
UIT DE INDISCHE BLADEN.,1901/06/22,Stadsarchief Amsterdam,http://resolver.kb.nl/resolve?urn=MMSAA06:165557143:mpeg21:a00056:ocr,,0,
BINNENLAND.,1919/05/27,Stadsarchief Amsterdam,http://resolver.kb.nl/resolve?urn=MMSAA06:165647048:mpeg21:a00037:ocr,,0,
DE MERAPI-CATASTROPHE.,1931/01/08,Westfries Archief,http://resolver.kb.nl/resolve?urn=MMWFA01:000300006:mpeg21:a00034:ocr,,0,
GEEN ATJEH-FILM,1936/03/27,Koninklijke Bibliotheek,http://resolver.kb.nl/resolve?urn=MMKB15:000128074:mpeg21:a00002:ocr,,0,
DE MERAPI.,1930/12/22,Koninklijke Bibliotheek,http://resolver.kb.nl/resolve?urn=MMKB19:000416148:mpeg21:a00029:ocr,,0,
"DERDE BLAD PREANGERBODE Woensdag 8 Maart 1922, No. 68. Hoofdredact.: B. Daum. Nederland. IR. J.J. DIJKSTRA †.",1922/03/08,Koninklijke Bibliotheek,http://resolver.kb.nl/resolve?urn=MMKB08:000132807:mpeg21:a0036:ocr,,0,
DE MERAPI DREIGT NOG STEEDS,1931/01/14,Het Utrechts Archief,http://resolver.kb.nl/resolve?urn=MMUTRA04:253235022:mpeg21:a00106:ocr,,0,
De Noord-Ooster van 10 Januari 1931. No. 4 Vierde Blad. De Merapi-catastrophe. Nadere bijzonderheden.,1931/01/10,Veenkoloniaal Museum,http://resolver.kb.nl/resolve?urn=MMVEEN01:000081381:mpeg21:a0100:ocr,,0,
DE MERAPI-CATASTROPHE.,1931/01/08,Groninger archieven,http://resolver.kb.nl/resolve?urn=MMRHCG04:235231012:mpeg21:a00066:ocr,,0,
De bandjir bij Moentilan. Gevolg van aardstortingen.,1932/05/09,Koninklijke Bibliotheek C 64,http://resolver.kb.nl/resolve?urn=ddd:011109378:mpeg21:a0099:ocr,,0,
Advertentie,1920/03/13,KB C 55,http://resolver.kb.nl/resolve?urn=ddd:010179383:mpeg21:a0093:ocr,,0,
70 JAAR IN DIENST VAN ZIJN KONING.,1932/04/19,Koninklijke Bibliotheek,http://resolver.kb.nl/resolve?urn=MMKB19:000057091:mpeg21:a00004:ocr,,0,
Modder,1993/03/20,Koninklijke Bibliotheek,http://resolver.kb.nl/resolve?urn=ABCDDD:010842543:mpeg21:a0422:ocr,,0,
Een uitbarsting.,1901/05/29,Koninklijke Bibliotheek,http://resolver.kb.nl/resolve?urn=MMKB19:000692044:mpeg21:a00070:ocr,,0,
Een uitbarsting.,1901/05/29,KB C 98,http://resolver.kb.nl/resolve?urn=ddd:110556737:mpeg21:a0022:ocr,,0,
De uitbarsting van den Kloet in Europa.,1901/06/26,KB C 55,http://resolver.kb.nl/resolve?urn=ddd:010132959:mpeg21:a0081:ocr,,0,
Oost-Indië.,1930/05/22,Groninger archieven,http://resolver.kb.nl/resolve?urn=MMRHCG03:163478010:mpeg21:a00036:ocr,,0,
Een stroom des doods. Hernieuwde werking van de Telemojo ? Bevolking lamgeslagen.,1930/05/21,Regionaal Historisch Centrum Eindhoven,http://resolver.kb.nl/resolve?urn=MMRHCE01:000039518:mpeg21:a0004:ocr,,0,
Oost-Indië DE RAMP TE LIKASAN.,1930/05/21,Gemeentearchief Venlo,http://resolver.kb.nl/resolve?urn=MMGAVL01:000012809:mpeg21:a0019:ocr,,0,
DE STROOM DES DOODS.,1930/05/21,Groninger archieven,http://resolver.kb.nl/resolve?urn=MMRHCG04:235323043:mpeg21:a00013:ocr,,0,
Voetjeswassende duizendpoot,1948/02/24,Drents Archief,http://resolver.kb.nl/resolve?urn=MMDA03:000130486:mpeg21:a0022:ocr,,0,
Voetjeswassende duizendpoot,1948/02/24,Drents Archief,http://resolver.kb.nl/resolve?urn=MMDA03:000130485:mpeg21:a0023:ocr,,0,
Koloniën.,1919/06/16,Historisch Centrum Overijssel,http://resolver.kb.nl/resolve?urn=MMHCO01:000081616:mpeg21:a0022:ocr,,0,
De Uitbarsting van den Kloet.,1901/05/28,Centre Céramique,http://resolver.kb.nl/resolve?urn=MMKB23:001135124:mpeg21:a00022:ocr,,0,
BINNENLAND. Uitbarsting Kloet.,1901/05/29,Groninger archieven 649-1147,http://resolver.kb.nl/resolve?urn=ddd:010895236:mpeg21:a0004:ocr,,0,
Laatste Berichten. De uitbarsting van dan Kloet.,1919/06/15,KB C 21,http://resolver.kb.nl/resolve?urn=ddd:010656112:mpeg21:a0103:ocr,,0,
Korte berichten.,1930/06/24,KB NBM C 44 [Microfilm],http://resolver.kb.nl/resolve?urn=ddd:010012958:mpeg21:a0210:ocr,,0,
Uitbarsting Kloet.,1901/05/30,Tresoar,http://resolver.kb.nl/resolve?urn=MMTRES04:211424044:mpeg21:a00004:ocr,,0,
Kolonien.,1919/06/16,Groninger archieven,http://resolver.kb.nl/resolve?urn=MMRHCG04:235207213:mpeg21:a00006:ocr,,0,
BINNENLAND.,1901/05/26,Koninklijke Bibliotheek,http://resolver.kb.nl/resolve?urn=MMKB15:000749245:mpeg21:a00059:ocr,,0,
KOLONIËN. OOST – INDIË.,1901/05/28,Het Utrechts Archief,http://resolver.kb.nl/resolve?urn=MMUTRA04:253166326:mpeg21:a00015:ocr,,0,
De geschiedenis.,1926/02/19,Universitaire Bibliotheken Leiden,http://resolver.kb.nl/resolve?urn=MMKB23:001691119:mpeg21:a00007:ocr,,0,
GEMENGD NIEUWS De modderbandjir te Likasan. HET DAL EEN DOODSVALLEI.,1930/05/24,Gemeentearchief Roosendaal,http://resolver.kb.nl/resolve?urn=MMGARO01:000175803:mpeg21:a0098:ocr,,0,
KOLONIEN,1925/02/25,Het Utrechts Archief,http://resolver.kb.nl/resolve?urn=MMUTRA04:253321047:mpeg21:a00077:ocr,,0,
OOST-INDIË De uitbarsting van den Kloet.,1919/06/17,Regionaal Archief Nijmegen,http://resolver.kb.nl/resolve?urn=MMRANM02:000020215:mpeg21:a0014:ocr,,0,
De uitbarsting van de Kloet.,1919/06/16,Koninklijke Bibliotheek 649-1101,http://resolver.kb.nl/resolve?urn=ddd:010887640:mpeg21:a0009:ocr,,0,
DE DOODENKAMPONG.,1931/01/08,KB C 65,http://resolver.kb.nl/resolve?urn=ddd:010674992:mpeg21:a0214:ocr,,0,
Binnenland.,1901/05/29,Tilburg University Library,http://resolver.kb.nl/resolve?urn=MMUBTB04:210828126:mpeg21:a00008:ocr,,0,
Koloniën. Oost-Indië.,1896/05/27,Het Utrechts Archief,http://resolver.kb.nl/resolve?urn=MMUTRA04:253156144:mpeg21:a00033:ocr,,0,
Buitenland. Ramp in Oost-Indië.,1919/07/20,Koninklijke Bibliotheek 1608 C7,http://resolver.kb.nl/resolve?urn=ddd:011217003:mpeg21:a0039:ocr,,0,
OOST-INDIE.,1930/05/20,Koninklijke Bibliotheek,http://resolver.kb.nl/resolve?urn=MMKB04:000146884:mpeg21:a0154:ocr,,0,
Naar den Penaiarantempeh,1939/03/22,KB C 248,http://resolver.kb.nl/resolve?urn=ddd:010285681:mpeg21:a0242:ocr,,0,
Nederlandsch Indie Kerknieuws.,1919/05/24,Koninklijke Bibliotheek,http://resolver.kb.nl/resolve?urn=MMKB08:000132741:mpeg21:a0002:ocr,,0,
Wetenschap. N.-I. oudheldkundige Verslagen.,1921/01/11,KB C 21,http://resolver.kb.nl/resolve?urn=ddd:010654562:mpeg21:a0079:ocr,,0,
"STADSNIEUWS „WEDEROPBOUW BOERDERHEN"" Dienst gereorganiseerd",1947/09/05,Koninklijke Bibliotheek,http://resolver.kb.nl/resolve?urn=MMKB08:000112198:mpeg21:a0035:ocr,,0,
"Amsterdam, 15 Januari.",1895/01/16,Koninklijke Bibliotheek,http://resolver.kb.nl/resolve?urn=MMKB12:000019013:mpeg21:a00012:ocr,,0,
Binnenland.,1919/11/21,Regionaal Archief Nijmegen,http://resolver.kb.nl/resolve?urn=MMRANM02:000020477:mpeg21:a0002:ocr,,0,
STADSNIEUWS,1919/07/24,Noord-Hollands Archief,http://resolver.kb.nl/resolve?urn=MMNHA03:179004040:mpeg21:a00017:ocr,,0,
"Sieraad voor de streek van de Leu „Meulebaas""-gouverneur stelde St.-Ursulamolen in bedrijf Harrie Bongaerts uit Helden molenaar van Staatsbosbeheer",1961/06/13,Centre Céramique,http://resolver.kb.nl/resolve?urn=MMCC01:048071002:mpeg21:a00033:ocr,,0,
BINNENLAND.,1902/03/06,Drents Archief,http://resolver.kb.nl/resolve?urn=MMDA03:000104674:mpeg21:a0004:ocr,,0,
STADSNIEUWS. Gevenden voorwarpen.,1919/06/04,Koninklijke Bibliotheek,http://resolver.kb.nl/resolve?urn=MMKB08:000150930:mpeg21:a0006:ocr,,0,
Nieuwe pauken voor het Residentie Orkest,1952/07/19,Koninklijke Bibliotheek,http://resolver.kb.nl/resolve?urn=MMKB19:000833068:mpeg21:a00017:ocr,,0,
GEMEENTE EN PROVINCIE. Het nieuwe Provinciehuis.,1919/07/31,Koninklijke Bibliotheek,http://resolver.kb.nl/resolve?urn=MMKB08:000104548:mpeg21:a0002:ocr,,0,
Binnenland.,1919/08/02,CODA Apeldoorn,http://resolver.kb.nl/resolve?urn=MMCODA01:000151882:mpeg21:a0032:ocr,,0,
"Stadsnieuws. DELFT, 2 Maart 1914.",1914/03/02,Gemeentearchief Delft,http://resolver.kb.nl/resolve?urn=MMKB08:000070116:mpeg21:a0005:ocr,,0,
Binnenland.,1910/05/20,KB C 420,http://resolver.kb.nl/resolve?urn=ddd:010197890:mpeg21:a0007:ocr,,0,
WAGENINGEN Ex Oriente Lux,1957/01/29,Koninklijke Bibliotheek,http://resolver.kb.nl/resolve?urn=MMKB19:000308024:mpeg21:a00093:ocr,,0,
Stadsnieuws.,1927/03/28,Westfries Archief,http://resolver.kb.nl/resolve?urn=MMWFA01:000240049:mpeg21:a00004:ocr,,0,
De Zwervende Geleerde vol Energie,1938/05/24,Koninklijke Bibliotheek,http://resolver.kb.nl/resolve?urn=MMKB19:000421020:mpeg21:a00041:ocr,,0,
ARBEID VAN DR. VAN STEIN CALLENFELS.,1938/05/27,Koninklijke Bibliotheek,http://resolver.kb.nl/resolve?urn=MMKB19:000468045:mpeg21:a00054:ocr,,0,
Nederland:,1904/12/31,Koninklijke Bibliotheek C 96,http://resolver.kb.nl/resolve?urn=ddd:011034491:mpeg21:a0078:ocr,,0,
PROVINCIENIEUWS. Prov. Geschiedkundig en Oudheidk Genootschap.,1924/05/24,Koninklijke Bibliotheek,http://resolver.kb.nl/resolve?urn=KBDDD02:000197692:mpeg21:a0007:ocr,,0,
Nieuws uit Nederland.,1902/04/07,Koninklijke Bibliotheek C 64,http://resolver.kb.nl/resolve?urn=ddd:011137983:mpeg21:a0155:ocr,,0,
"BINNENLAND. AMSTERDAM, Zondag 28 Februarij",1864/02/29,KB C 21,http://resolver.kb.nl/resolve?urn=ddd:010139082:mpeg21:a0004:ocr,,0,
Uit de Graafschap.,1919/07/08,Erfgoedcentrum Achterhoek en Liemers,http://resolver.kb.nl/resolve?urn=MMECAL02:179960097:mpeg21:a00013:ocr,,0,
Uit de Graafschap.,1919/07/08,Erfgoedcentrum Achterhoek en Liemers,http://resolver.kb.nl/resolve?urn=MMECAL02:179960096:mpeg21:a00012:ocr,,0,
AMSTERDAM. HET HOTEL IN DE VIJZELSTRAAT.,1928/04/04,Koninklijke Bibliotheek,http://resolver.kb.nl/resolve?urn=MMKB04:000196462:mpeg21:a0013:ocr,,0,
BINNENLAND.,1901/07/11,Drents Archief,http://resolver.kb.nl/resolve?urn=MMDA03:000103709:mpeg21:a0005:ocr,,0,
Stephanus Johannes Paulus Kruger. NEDERLAND.,1904/12/31,Koninklijke Bibliotheek,http://resolver.kb.nl/resolve?urn=MMKB23:001466310:mpeg21:a00042:ocr,,0,
Ontwerp-Drankwet.,1898/01/12,Koninklijke Bibliotheek,http://resolver.kb.nl/resolve?urn=MMKB23:001441009:mpeg21:a00043:ocr,,0,
Binnenland.,1888/05/03,Het Utrechts Archief,http://resolver.kb.nl/resolve?urn=MMUTRA04:253140122:mpeg21:a00005:ocr,,0,
ONDERSCHEIDEN DOOR DE KONINGIN,1988/04/29,Koninklijke Bibliotheek,http://resolver.kb.nl/resolve?urn=KBNRC01:000029338:mpeg21:a0121:ocr,,0,
OOST-INDIË. Verkiezing Volksraad.,1921/02/01,Regionaal Archief Nijmegen,http://resolver.kb.nl/resolve?urn=MMRANM02:000021834:mpeg21:a0014:ocr,,0,
Uit de ledlsche Bladen.,1904/01/28,KB C 55,http://resolver.kb.nl/resolve?urn=ddd:010133749:mpeg21:a0041:ocr,,0,
Vervolg Nieuwstijdingen. TWEEDE KAMER.,1905/12/01,Koninklijke Bibliotheek,http://resolver.kb.nl/resolve?urn=MMKB04:000188368:mpeg21:a0016:ocr,,0,
Uit de koloniën.,1911/03/30,Koninklijke Bibliotheek,http://resolver.kb.nl/resolve?urn=MMKB27:017857089:mpeg21:a00061:ocr,,0,
NEDERLANDSCH-INDIE.,1930/10/08,Koninklijke Bibliotheek,http://resolver.kb.nl/resolve?urn=MMKB15:000102030:mpeg21:a00017:ocr,,0,
NEDERLANDSCH-INDIE,1937/04/09,Koninklijke Bibliotheek,http://resolver.kb.nl/resolve?urn=MMKB19:000419008:mpeg21:a00034:ocr,,0,
NEDERLANDSCH-INDIE,1929/08/08,Koninklijke Bibliotheek,http://resolver.kb.nl/resolve?urn=MMKB15:000094033:mpeg21:a00025:ocr,,0,
Nederlandsch-lndië.,1916/02/10,Koninklijke Bibliotheek,http://resolver.kb.nl/resolve?urn=MMKB19:002100034:mpeg21:a00015:ocr,,0,
LUCHT POST Het graf van Jan Pieterszoon Coen,1934/07/05,Koninklijke Bibliotheek,http://resolver.kb.nl/resolve?urn=MMKB04:000147410:mpeg21:a0091:ocr,,0,
NEDERL INDIE,1933/03/03,Koninklijke Bibliotheek,http://resolver.kb.nl/resolve?urn=MMKB15:000108052:mpeg21:a00032:ocr,,0,
GEMENGD NIEUWS.,1925/08/25,Groninger archieven,http://resolver.kb.nl/resolve?urn=MMRHCG04:234986048:mpeg21:a00003:ocr,,0,
Groot- Duitschland,1942/10/05,Koninklijke Bibliotheek,http://resolver.kb.nl/resolve?urn=ddd:010813049:mpeg21:a0001:ocr,,0,
BEURS EN NIJVERHEID. Vergaderingen.,1916/05/23,KB C 21,http://resolver.kb.nl/resolve?urn=ddd:010652770:mpeg21:a0079:ocr,,0,
Oost-Indische Mail.,1906/10/05,Koninklijke Bibliotheek,http://resolver.kb.nl/resolve?urn=MMKB12:000186083:mpeg21:a00105:ocr,,0,
Stadsnieuws.,1904/12/15,Koninklijke Bibliotheek,http://resolver.kb.nl/resolve?urn=MMKB04:000188004:mpeg21:a0046:ocr,,0,
Regentschaps-vergadering.,1932/12/22,Koninklijke Bibliotheek C 64,http://resolver.kb.nl/resolve?urn=ddd:011109568:mpeg21:a0185:ocr,,0,
WETENSCHAPPEN.,1904/12/15,Koninklijke Bibliotheek,http://resolver.kb.nl/resolve?urn=MMKB15:000711284:mpeg21:a00021:ocr,,0,
OFFICIËEL. (Voor een groot deel reeds onder de telegrammen vermeld).,1906/09/07,Koninklijke Bibliotheek,http://resolver.kb.nl/resolve?urn=MMKB08:000126379:mpeg21:a0008:ocr,,0,
"BENOEMINGEN, ENZ. CIVIEL DEPARTEMENT.",1906/09/06,Koninklijke Bibliotheek C 96,http://resolver.kb.nl/resolve?urn=ddd:011034206:mpeg21:a0004:ocr,,0,
NEDERLANDSCH OOST-INDIE.,1909/04/24,Koninklijke Bibliotheek,http://resolver.kb.nl/resolve?urn=MMKB19:003496010:mpeg21:a00093:ocr,,0,
NESEHLANDSCH OOST-INDIË.,1909/04/24,Koninklijke Bibliotheek,http://resolver.kb.nl/resolve?urn=MMKB19:003496008:mpeg21:a00037:ocr,,0,
Een keizerlijk graf.,1917/01/29,KBDK,http://resolver.kb.nl/resolve?urn=ddd:010600880:mpeg21:a0033:ocr,,0,
Leeraarstraktementen.,1906/10/06,KB c226,http://resolver.kb.nl/resolve?urn=ddd:010164482:mpeg21:a0076:ocr,,0,
OOST-INDIË.,1901/06/24,Koninklijke Bibliotheek,http://resolver.kb.nl/resolve?urn=MMKB04:000125509:mpeg21:a0035:ocr,,0,
Overdracht museum.,1931/11/23,Koninklijke Bibliotheek C 64,http://resolver.kb.nl/resolve?urn=ddd:011109468:mpeg21:a0201:ocr,,0,
Advertentie,1911/05/04,KB NBM Mfm MMK 0030 [Microfilm],http://resolver.kb.nl/resolve?urn=ddd:010031540:mpeg21:a0039:ocr,,0,
Officieele berichten. (Gedeeltelijk reeds onder onze Weltevredentelegrammen gepubliceerd). CIVIEL DEPARTEMENT.,1906/09/18,KB 1634 B1,http://resolver.kb.nl/resolve?urn=ddd:010322602:mpeg21:a0002:ocr,,0,
MUTATIËN,1913/06/18,Koninklijke Bibliotheek,http://resolver.kb.nl/resolve?urn=MMKB19:000556132:mpeg21:a00030:ocr,,0,
OOST-INDIË,1909/04/20,Koninklijke Bibliotheek,http://resolver.kb.nl/resolve?urn=MMKB23:001476271:mpeg21:a00045:ocr,,0,
NEDERLANDSCH - INDIË ONTVANGEN BOEKWERKEN.,1922/10/23,Koninklijke Bibliotheek,http://resolver.kb.nl/resolve?urn=MMKB08:000131820:mpeg21:a0029:ocr,,0,
KOLONIËN.,1901/06/22,Koninklijke Bibliotheek,http://resolver.kb.nl/resolve?urn=MMKB15:000749291:mpeg21:a00060:ocr,,0,
BINNENLAND.,1916/01/20,Koninklijke Bibliotheek,http://resolver.kb.nl/resolve?urn=MMKB19:000070015:mpeg21:a00005:ocr,,0,
"Stadsnieuws,",1928/06/06,Het Utrechts Archief,http://resolver.kb.nl/resolve?urn=MMUTRA04:253327132:mpeg21:a00092:ocr,,0,
KOLONIËN. OOST-INDIË.,1922/01/20,Het Utrechts Archief,http://resolver.kb.nl/resolve?urn=MMUTRA04:253208035:mpeg21:a00031:ocr,,0,
OOST-INDIË.,1912/04/16,KB C 226,http://resolver.kb.nl/resolve?urn=ddd:010108847:mpeg21:a0103:ocr,,0,
OOGST- EN WEERBERICHT VAN DELI OVER AUGUSTUS 1906.,1906/10/09,Koninklijke Bibliotheek,http://resolver.kb.nl/resolve?urn=MMKB23:001482098:mpeg21:a00011:ocr,,0,
Van Hier en Daar. BLINDEN.,1913/06/29,Koninklijke Bibliotheek,http://resolver.kb.nl/resolve?urn=MMKB08:000133028:mpeg21:a0005:ocr,,0,
TELEGRAMMEN.,1906/09/01,Koninklijke Bibliotheek,http://resolver.kb.nl/resolve?urn=MMKB08:000126331:mpeg21:a0010:ocr,,0,
OOST-INDIË.,1909/04/20,KB c226,http://resolver.kb.nl/resolve?urn=ddd:010108133:mpeg21:a0064:ocr,,0,
Uit de Koloniën.,1917/01/30,Koninklijke Bibliotheek,http://resolver.kb.nl/resolve?urn=MMKB27:048367051:mpeg21:a00013:ocr,,0,
VAN HIER EN DAAR. SNORREBAARDEN.,1910/10/05,Koninklijke Bibliotheek,http://resolver.kb.nl/resolve?urn=MMKB08:000123127:mpeg21:a0004:ocr,,0,
BINNENLAND.,1879/06/30,Historisch Centrum Overijssel,http://resolver.kb.nl/resolve?urn=MMHCO01:000069198:mpeg21:a0025:ocr,,0,
CIVIEL DEPARTEMENT.,1906/10/05,Koninklijke Bibliotheek,http://resolver.kb.nl/resolve?urn=MMKB23:001482088:mpeg21:a00026:ocr,,0,
INDISCHE BEGROOTING 1907.,1906/10/08,Koninklijke Bibliotheek,http://resolver.kb.nl/resolve?urn=MMKB08:000126492:mpeg21:a0002:ocr,,0,
BINNENLANDSCH NIEUWS. — B.September. — Indische Begrooting 1907.,1906/09/10,KB c226,http://resolver.kb.nl/resolve?urn=ddd:010164070:mpeg21:a0140:ocr,,0,
Uit de oudheid. Een belangwekkende vondst in het Madioensche.,1934/05/11,Koninklijke Bibliotheek C 64,http://resolver.kb.nl/resolve?urn=ddd:011109981:mpeg21:a0286:ocr,,0,
Advertentie,1938/11/22,Koninklijke Bibliotheek C 96,http://resolver.kb.nl/resolve?urn=ddd:011122905:mpeg21:a0069:ocr,,0,
Besluiten en Benoemingen.,1910/03/21,KB C55,http://resolver.kb.nl/resolve?urn=ddd:010134980:mpeg21:a0032:ocr,,0,
Advertentie,1938/11/22,Koninklijk Instituut voor de Tropen (KIT) L 5018,http://resolver.kb.nl/resolve?urn=ddd:010863966:mpeg21:a0069:ocr,,0,
Museumplannen,1930/09/24,Koninklijke Bibliotheek,http://resolver.kb.nl/resolve?urn=MMKB19:000451047:mpeg21:a00046:ocr,,0,
Tjeriraai actief:,1938/11/05,Koninklijke Bibliotheek,http://resolver.kb.nl/resolve?urn=MMKB27:021093060:mpeg21:a00113:ocr,,0,
Indische begrooting 1907.,1906/10/11,Universitaire Bibliotheken Leiden,http://resolver.kb.nl/resolve?urn=MMKB23:001624028:mpeg21:a00028:ocr,,0,
Indische begrooting 1907.,1906/09/08,KB C 21,http://resolver.kb.nl/resolve?urn=ddd:010335630:mpeg21:a0006:ocr,,0,
Besluiten en Benoemingen. Civiel Departement.,1918/01/29,KB C55,http://resolver.kb.nl/resolve?urn=ddd:010171371:mpeg21:a0133:ocr,,0,
Gemengd Indisch Nieuws.,1915/03/08,Koninklijke Bibliotheek C 96,http://resolver.kb.nl/resolve?urn=ddd:011037117:mpeg21:a0087:ocr,,0,
OFFICIEEL. Voor een groot deel reeds onder de telegram men opgenomen.,1913/06/18,Koninklijke Bibliotheek,http://resolver.kb.nl/resolve?urn=MMKB08:000132950:mpeg21:a0004:ocr,,0,
Besluiten en Benoemingen. Civiel Departement.,1913/06/16,KB C55,http://resolver.kb.nl/resolve?urn=ddd:010167416:mpeg21:a0057:ocr,,0,
Uit ds Hollandsche Mail.,1906/10/09,KB C 55,http://resolver.kb.nl/resolve?urn=ddd:010134548:mpeg21:a0058:ocr,,0,
Advertentie,1938/11/19,Koninklijk Instituut voor de Tropen (KIT) L 5018,http://resolver.kb.nl/resolve?urn=ddd:010863962:mpeg21:a0079:ocr,,0,
Civiel Departement.,1906/09/10,Koninklijke Bibliotheek C 64,http://resolver.kb.nl/resolve?urn=ddd:011088530:mpeg21:a0029:ocr,,0,
Indische begrooting,1912/10/10,Koninklijke Bibliotheek,http://resolver.kb.nl/resolve?urn=MMKB19:002089085:mpeg21:a00002:ocr,,0,
OFFICIEËL. Voor een groot deel reeds onder de telegrammen vermeld.,1910/03/22,Koninklijke Bibliotheek,http://resolver.kb.nl/resolve?urn=MMKB08:000122966:mpeg21:a0005:ocr,,0,
TELEGRAAFEN TELEFOONDIENST. 6 September.,1906/09/06,Universitaire Bibliotheken Leiden,http://resolver.kb.nl/resolve?urn=MMKB23:001629160:mpeg21:a00029:ocr,,0,
Officieele berichten,1913/07/03,Koninklijke Bibliotheek,http://resolver.kb.nl/resolve?urn=MMKB19:002098003:mpeg21:a00017:ocr,,0,
Telegrammen uit de Locomotief.,1914/01/08,Koninklijke Bibliotheek,http://resolver.kb.nl/resolve?urn=MMKB19:002769008:mpeg21:a00006:ocr,,0,
Wankelen de Gezagszuilen ? De Geest op de Mosviba's.,1930/03/26,KB C55,http://resolver.kb.nl/resolve?urn=ddd:010228848:mpeg21:a0001:ocr,,0,
OOST- EN WEST-INDIE. UIT DE INDISCHE BLADEN.,1921/01/29,Koninklijke Bibliotheek,http://resolver.kb.nl/resolve?urn=MMKB04:000142105:mpeg21:a0110:ocr,,0,
Officieele Berichten,1906/09/11,Koninklijke Bibliotheek,http://resolver.kb.nl/resolve?urn=MMKB19:002082208:mpeg21:a00019:ocr,,0,
Indische begrooting voor 1907.,1906/10/13,Koninklijke Bibliotheek,http://resolver.kb.nl/resolve?urn=MMKB19:002082236:mpeg21:a00003:ocr,,0,
Vergaderingen.,1890/11/23,KB C 21,http://resolver.kb.nl/resolve?urn=ddd:010144530:mpeg21:a0018:ocr,,0,
Nederlandsch Indië.,1899/04/24,Koninklijke Bibliotheek,http://resolver.kb.nl/resolve?urn=MMKB19:000503091:mpeg21:a00004:ocr,,0,
Uit onze Koloniën.,1910/05/23,Historisch Centrum Overijssel,http://resolver.kb.nl/resolve?urn=MMHCO01:000079331:mpeg21:a0034:ocr,,0,
Uit Ned. Oost-Indië.,1911/03/29,Groninger archieven 649-1176,http://resolver.kb.nl/resolve?urn=ddd:010882837:mpeg21:a0003:ocr,,0,
OVERBLIJFSELEN EENER OUDE BESCHAVING IN BESOEKI.,1904/01/11,Koninklijke Bibliotheek C 96,http://resolver.kb.nl/resolve?urn=ddd:011033701:mpeg21:a0034:ocr,,0,
De onderscheidingen ter gelegenheid van koningin's verjaardag.,1906/09/03,Universitaire Bibliotheken Leiden,http://resolver.kb.nl/resolve?urn=MMKB23:001629151:mpeg21:a00022:ocr,,0,
BINNENLANDSCH NIEUWS. — 31 Augustus. — UIT DE STAATS-COURANT. Onderscheidingen.,1906/09/01,KB c226,http://resolver.kb.nl/resolve?urn=ddd:010164063:mpeg21:a0005:ocr,,0,
LAATSTE BERICHTEN.,1906/08/30,Koninklijke Bibliotheek,http://resolver.kb.nl/resolve?urn=MMKB23:001492306:mpeg21:a00081:ocr,,0,
"TELEGRAMMEN Buiten- en binnenlandsche telegrammendienst van de „Preanger Bode"". HET NON - AGRESSIE VERDRAG.",1922/05/06,Koninklijke Bibliotheek,http://resolver.kb.nl/resolve?urn=MMKB08:000131020:mpeg21:a0010:ocr,,0,
Stadsnieuws.,1887/11/23,KB c226,http://resolver.kb.nl/resolve?urn=ddd:010087631:mpeg21:a0106:ocr,,0,
Nederlandsch-Indië.,1902/06/20,Koninklijke Bibliotheek,http://resolver.kb.nl/resolve?urn=MMKB08:000124512:mpeg21:a0005:ocr,,0,
"Over aardappelmeel, stroop en de crisis",1935/10/30,Koninklijke Bibliotheek,http://resolver.kb.nl/resolve?urn=MMKB15:000883053:mpeg21:a00032:ocr,,0,
OOST-INDIE.,1913/07/16,KB c226,http://resolver.kb.nl/resolve?urn=ddd:010109897:mpeg21:a0070:ocr,,0,
OOST-INDIE.,1914/01/20,KB c226,http://resolver.kb.nl/resolve?urn=ddd:010109333:mpeg21:a0093:ocr,,0,
Civiel Departement.,1914/01/19,Koninklijke Bibliotheek,http://resolver.kb.nl/resolve?urn=MMKB23:001528045:mpeg21:a00099:ocr,,0,
ONDERSCHEIDINGEN.,1906/08/31,Universiteitsbibliotheek Vrije Universiteit,http://resolver.kb.nl/resolve?urn=MMKB23:001819049:mpeg21:a00019:ocr,,0,
BENOEMINGEN enz.,1906/09/01,Koninklijke Bibliotheek,http://resolver.kb.nl/resolve?urn=MMKB08:000097320:mpeg21:a0039:ocr,,0,
Ridderorden en Onderscheidingen.,1906/08/31,Koninklijke Bibliotheek,http://resolver.kb.nl/resolve?urn=MMKB04:000129863:mpeg21:a0038:ocr,,0,
ONDERSCHEIDINGEN.,1906/08/31,Stadsarchief Amsterdam,http://resolver.kb.nl/resolve?urn=MMSAA06:165567052:mpeg21:a00016:ocr,,0,
Binnenland. KON. BESLUITEN.,1906/09/01,Koninklijke Bibliotheek,http://resolver.kb.nl/resolve?urn=MMKB04:000189328:mpeg21:a0042:ocr,,0,
ZEETIJDINGEN. BINNENLANDSCHE HAVENS.,1920/05/15,Koninklijke Bibliotheek,http://resolver.kb.nl/resolve?urn=MMKB04:000198429:mpeg21:a0035:ocr,,0,
"Nederlandsch-Indië. SOERABAIA, 2 Juni 1902. Sluiting der Mails te Soerabaia.",1902/06/02,Koninklijke Bibliotheek C 64,http://resolver.kb.nl/resolve?urn=ddd:011138738:mpeg21:a0037:ocr,,0,
ONDERSCHEIDINGEN.,1906/09/01,Universiteitsbibliotheek Vrije Universiteit,http://resolver.kb.nl/resolve?urn=MMKB23:001819050:mpeg21:a00012:ocr,,0,
BINNENLAND.,1906/08/30,Het Utrechts Archief,http://resolver.kb.nl/resolve?urn=MMUTRA04:253177101:mpeg21:a00011:ocr,,0,
"WETTEN, BESLUITEN, BENOEMINGEN, ENZ.",1906/09/01,Koninklijke Bibliotheek,http://resolver.kb.nl/resolve?urn=MMKB08:000174777:mpeg21:a0001:ocr,,0,
ONDERSCHEIDINGEN.,1906/08/31,Koninklijke Bibliotheek,http://resolver.kb.nl/resolve?urn=MMKB19:000941154:mpeg21:a00021:ocr,,0,
ONDERSCHEIDINGEN.,1906/08/31,Koninklijke Bibliotheek,http://resolver.kb.nl/resolve?urn=MMKB19:000941153:mpeg21:a00021:ocr,,0,
"MINISTERIEELE BESCHIKKINGEN, ENZ. MINISTERIE VAN ONDERWIJS, KUNSTEN EN WETENSCHAPPEN.",1921/08/22,Koninklijke Bibliotheek,http://resolver.kb.nl/resolve?urn=MMKB08:000163550:mpeg21:a0004:ocr,,0,
KOLONIËN. UIT ONZE OOST.,1914/01/20,Koninklijke Bibliotheek,http://resolver.kb.nl/resolve?urn=MMKB04:000189063:mpeg21:a0062:ocr,,0,
OOST-INDlE.,1913/07/29,Koninklijke Bibliotheek,http://resolver.kb.nl/resolve?urn=MMKB15:000785072:mpeg21:a00073:ocr,,0,
OFFSCIEELE BERICHTEN.,1906/08/30,Koninklijke Bibliotheek,http://resolver.kb.nl/resolve?urn=MMKB15:000767203:mpeg21:a00008:ocr,,0,
NEPERL-INDIË,1930/09/29,Koninklijke Bibliotheek,http://resolver.kb.nl/resolve?urn=MMKB19:000416076:mpeg21:a00025:ocr,,0,
OCHTENDBLAD Tweede Blad. Onderscheidingen bij H. M's Verjaardag,1906/08/31,KB C 21,http://resolver.kb.nl/resolve?urn=ddd:010335616:mpeg21:a0080:ocr,,0,
Uit de Staatscourant,1906/08/30,Koninklijke Bibliotheek,http://resolver.kb.nl/resolve?urn=MMKB12:000186052:mpeg21:a00035:ocr,,0,
Telegrammen.,1904/11/14,Koninklijke Bibliotheek,http://resolver.kb.nl/resolve?urn=MMKB08:000125425:mpeg21:a0005:ocr,,0,
"Koninklijk instituut voor de taal-, land- en volkenkunde van Ned.-Indië.",1909/03/26,Universitaire Bibliotheken Leiden,http://resolver.kb.nl/resolve?urn=MMKB23:001648070:mpeg21:a00090:ocr,,0,
"Waarde van Grafschriften,",1928/11/03,Koninklijke Bibliotheek,http://resolver.kb.nl/resolve?urn=MMKB19:000449030:mpeg21:a00055:ocr,,0,
Besluiten en Benoemingen. Decoraties.,1906/09/01,KB C 55,http://resolver.kb.nl/resolve?urn=ddd:010134516:mpeg21:a0021:ocr,,0,
Personalia.,1912/04/15,KB C 21,http://resolver.kb.nl/resolve?urn=ddd:010649902:mpeg21:a0138:ocr,,0,
Telegrammen uit de Locomotief.,1913/06/18,Koninklijke Bibliotheek,http://resolver.kb.nl/resolve?urn=MMKB19:000539140:mpeg21:a00006:ocr,,0,
"Nederlandsch-Indie Soerabaia, 27 Juni.",1890/06/27,Koninklijke Bibliotheek C 64,http://resolver.kb.nl/resolve?urn=ddd:011136788:mpeg21:a0006:ocr,,0,
Officieele berichten.,1914/01/03,Koninklijke Bibliotheek,http://resolver.kb.nl/resolve?urn=MMKB19:002097002:mpeg21:a00030:ocr,,0,
OOST-INDIE.,1912/04/15,Koninklijke Bibliotheek,http://resolver.kb.nl/resolve?urn=MMKB15:000779036:mpeg21:a00067:ocr,,0,
Koloniaal Verilag  van 1901.,1901/10/18,kb C 76,http://resolver.kb.nl/resolve?urn=ddd:010298949:mpeg21:a0098:ocr,,0,
SOERAKARTA 22 April 1903.,1903/04/22,Koninklijke Bibliotheek,http://resolver.kb.nl/resolve?urn=MMKB19:000535108:mpeg21:a00007:ocr,,0,
KOLONIAAL VERSLAG VAN 1901.,1902/11/07,Koninklijke Bibliotheek C 96,http://resolver.kb.nl/resolve?urn=ddd:011033418:mpeg21:a0072:ocr,,0,
KOLONIËN. UIT ONZE OOST.,1913/07/19,Koninklijke Bibliotheek,http://resolver.kb.nl/resolve?urn=MMKB04:000184763:mpeg21:a0049:ocr,,0,
Vertrekdagen der Mails.,1896/05/02,KB C 76,http://resolver.kb.nl/resolve?urn=ddd:010294290:mpeg21:a0007:ocr,,0,
Een belangrijke jaarmarkt te Jogja.,1928/03/31,KB NBM Mfm MMK 0030 [Microfilm],http://resolver.kb.nl/resolve?urn=ddd:010029581:mpeg21:a0184:ocr,,0,
Uit de Pers.,1886/07/06,Koninklijke Bibliotheek C 96,http://resolver.kb.nl/resolve?urn=ddd:110616816:mpeg21:a0024:ocr,,0,
Prae-historische Onderzoekingen Door dr. Van Stein Callenfels en dr. Willems,1937/06/22,Koninklijke Bibliotheek C 96,http://resolver.kb.nl/resolve?urn=ddd:011074654:mpeg21:a0022:ocr,,0,
Prae=historische onderzoekingen DOOR DR. VAN STEIN CALLENFELS EN DR. WILLEMS.,1937/06/24,KB 1634 C1,http://resolver.kb.nl/resolve?urn=ddd:010383823:mpeg21:a0167:ocr,,0,
Prae-historisch Onderzoek. Door dr. Van Stein Callenfels en dr. Willems.,1937/06/23,Koninklijke Bibliotheek C 64,http://resolver.kb.nl/resolve?urn=ddd:011110476:mpeg21:a0172:ocr,,0,
Civiel Departement.,1906/09/15,Universitaire Bibliotheken Leiden,http://resolver.kb.nl/resolve?urn=MMKB23:001629184:mpeg21:a00059:ocr,,0,
Mutatiën (Officieel),1910/05/18,KB C 21,http://resolver.kb.nl/resolve?urn=ddd:010336621:mpeg21:a0118:ocr,,0,
OOST-INDIË. CIVIEL DEPARTEMENT.,1910/05/21,Koninklijke Bibliotheek,http://resolver.kb.nl/resolve?urn=MMKB04:000137616:mpeg21:a0082:ocr,,0,
OFFICIEEL. Voor een groot deel reeds onder de telegrammen opgenomen.,1912/10/31,Koninklijke Bibliotheek,http://resolver.kb.nl/resolve?urn=MMKB08:000124649:mpeg21:a0005:ocr,,0,
Oude Graven.,1933/02/14,Koninklijke Bibliotheek C 64,http://resolver.kb.nl/resolve?urn=ddd:011109611:mpeg21:a0073:ocr,,0,
KOLONIËN.,1910/05/18,Koninklijke Bibliotheek,http://resolver.kb.nl/resolve?urn=MMKB15:000788084:mpeg21:a00005:ocr,,0,
Nederlandsch-Indie. Mail.,1918/04/06,Koninklijke Bibliotheek,http://resolver.kb.nl/resolve?urn=MMKB08:000131086:mpeg21:a0004:ocr,,0,
"NEDERLANDEN. BREDA , den 14den September.",1844/09/15,KB 1604 B1,http://resolver.kb.nl/resolve?urn=ddd:010152064:mpeg21:a0004:ocr,,0,
Van hier en daar-,1925/07/01,Koninklijke Bibliotheek,http://resolver.kb.nl/resolve?urn=MMKB19:002122001:mpeg21:a00017:ocr,,0,
BINNENLAND. Officiëele berichten,1878/09/30,Koninklijke Bibliotheek,http://resolver.kb.nl/resolve?urn=MMKB23:001387080:mpeg21:a00010:ocr,,0,
Geen vaste burcht zonder hechte grondslagen.,1883/02/14,Koninklijke Bibliotheek C 64,http://resolver.kb.nl/resolve?urn=ddd:011086085:mpeg21:a0001:ocr,,0,
BINNENLAND. Officieele berichten.,1893/03/27,Historisch Centrum Overijssel,http://resolver.kb.nl/resolve?urn=MMHCO01:000072988:mpeg21:a0033:ocr,,0,
OOST-INDIE.,1913/12/29,Koninklijke Bibliotheek,http://resolver.kb.nl/resolve?urn=MMKB15:000786224:mpeg21:a00092:ocr,,0,
Op Celebes,1950/01/31,Koninklijk Instituut voor de Tropen (KIT) L 5000,http://resolver.kb.nl/resolve?urn=ddd:010865681:mpeg21:a0077:ocr,,0,
Flora.,1939/08/24,Koninklijke Bibliotheek C 64,http://resolver.kb.nl/resolve?urn=ddd:011121768:mpeg21:a0250:ocr,,0,
NIEUWE VONDST OP BALI. Van groot wetenschappelijk belang.,1931/03/07,Koninklijke Bibliotheek C 64,http://resolver.kb.nl/resolve?urn=ddd:011109114:mpeg21:a0140:ocr,,0,
NIEUWE VONDST OP BALI. Van groot wetenschappelijk belang.,1931/03/14,Koninklijke Bibliotheek 1634 C1,http://resolver.kb.nl/resolve?urn=ddd:010970542:mpeg21:a0165:ocr,,0,
Balische Maskerdansen Lezing van dr. Galestin.,1940/03/19,Koninklijke Bibliotheek,http://resolver.kb.nl/resolve?urn=KBNRC01:000088131:mpeg21:a0159:ocr,,0,
Zuid-Toradja’s afkomstig van Philippijnen,1950/02/08,Koninklijke Bibliotheek,http://resolver.kb.nl/resolve?urn=MMKB19:000291060:mpeg21:a00058:ocr,,0,
Baltische maskerdansen. Voordracht van dr. Th. P. Galestin.,1940/03/19,Gemeentearchief Rotterdam,http://resolver.kb.nl/resolve?urn=ddd:011002298:mpeg21:a0101:ocr,,0,
Pithecanthropus erectus.,1938/08/13,Universitaire Bibliotheken Leiden,http://resolver.kb.nl/resolve?urn=MMKB23:003474086:mpeg21:a00165:ocr,,0,
Cursus over praehistorie.,1926/01/13,KB C 98,http://resolver.kb.nl/resolve?urn=ddd:110565335:mpeg21:a0222:ocr,,0,
Cultuurresten.,1938/04/16,KB 1634 C1,http://resolver.kb.nl/resolve?urn=ddd:010383915:mpeg21:a0214:ocr,,0,
CULTUURRESTEN,1938/03/29,Koninklijk Instituut voor de Tropen (KIT) L 5018,http://resolver.kb.nl/resolve?urn=ddd:010863859:mpeg21:a0052:ocr,,0,
CULTUURRESTEN,1938/03/29,Koninklijke Bibliotheek C 96,http://resolver.kb.nl/resolve?urn=ddd:011074849:mpeg21:a0052:ocr,,0,
Op prehistorisch onderzoek uit. XXXVI. (Nadruk verboden).,1932/09/30,Koninklijke Bibliotheek C 64,http://resolver.kb.nl/resolve?urn=ddd:010968849:mpeg21:a0003:ocr,,0,
Wetenschappelijke Berichten. Ned.Nat.Bureau voor Anthropologie.,1926/01/13,KB NBM Mfm MMK 0030 [Microfilm],http://resolver.kb.nl/resolve?urn=ddd:010028224:mpeg21:a0184:ocr,,0,
NEDERLANDSCH-INDIE. Praehistorie in Onze Contreien Het Internationaal Congres te Singapore heeft Bijgedragen tot Kennis der Praehistorie Interessante Bizonderheden van Malakka,1938/02/04,KB C55,http://resolver.kb.nl/resolve?urn=ddd:010226591:mpeg21:a0245:ocr,,0,
Godsdienst en magie,1940/06/30,KB C 236,http://resolver.kb.nl/resolve?urn=ddd:010379789:mpeg21:a0092:ocr,,0,
Oost-Indië Ondernemende krokodillen.,1931/03/21,Gemeentearchief Venlo,http://resolver.kb.nl/resolve?urn=MMGAVL01:000014246:mpeg21:a0076:ocr,,0,
Volksuniversiteit De praehistorie van Indonesië.,1947/06/12,"NIOD Instituut voor Oorlogs-, Holocaust- en Genocidestudies",http://resolver.kb.nl/resolve?urn=MMNIOD04:000092376:mpeg21:a0016:ocr,,0,
Duizendgebergte: goede herinnering op zoek naar de oermens door Gert-Jan Bartstra,1970/10/01,Groninger archieven,http://resolver.kb.nl/resolve?urn=ddd:011015849:mpeg21:a0043:ocr,,0,
Op Prehistorisch onderzoek uit. (Nieuwe serie.),1932/11/29,Koninklijke Bibliotheek C 64,http://resolver.kb.nl/resolve?urn=ddd:011109548:mpeg21:a0002:ocr,,0,
GEVEILDE VASTIGHEDEN.,1879/08/11,KB C 47,http://resolver.kb.nl/resolve?urn=ddd:010488132:mpeg21:a0023:ocr,,0,
Op Prehistorisch onderzoek uit.,1932/12/19,Koninklijke Bibliotheek,http://resolver.kb.nl/resolve?urn=MMKB19:002092042:mpeg21:a00018:ocr,,0,
GEMENGDE BERICHTEN,1937/09/03,Het Utrechts Archief,http://resolver.kb.nl/resolve?urn=MMUTRA04:253346056:mpeg21:a00040:ocr,,0,
Op Prehistorisch Onderzoek uit. (Nieuwe Serie). II. door Dr. P.V. van Stein Callenfels.,1933/05/02,Koninklijke Bibliotheek C 64,http://resolver.kb.nl/resolve?urn=ddd:011109673:mpeg21:a0156:ocr,,0,
Boeken.,1920/10/22,KB C 21,http://resolver.kb.nl/resolve?urn=ddd:010654787:mpeg21:a0187:ocr,,0,
BANDOENG,1936/02/20,Koninklijke Bibliotheek,http://resolver.kb.nl/resolve?urn=MMKB19:000412043:mpeg21:a00012:ocr,,0,
BANDOENG,1936/02/20,Koninklijke Bibliotheek,http://resolver.kb.nl/resolve?urn=MMKB19:000412043:mpeg21:a00024:ocr,,0,
Wildvormen van Landbouwhuisdieren.,1925/05/14,Historisch Centrum Overijssel,http://resolver.kb.nl/resolve?urn=MMHCO01:000083695:mpeg21:a0025:ocr,,0,
Wetenschap over Indië Cultuurhistorische onderzoekingen Een hoogconjunctuur,1939/02/01,Koninklijke Bibliotheek C 236,http://resolver.kb.nl/resolve?urn=ddd:011025975:mpeg21:a0122:ocr,,0,
GEMENGD NIEUWS.,1906/09/10,Koninklijke Bibliotheek,http://resolver.kb.nl/resolve?urn=MMKB04:000129884:mpeg21:a0093:ocr,,0,
Op prehistorisch onderzoek uit. door Dr. P.V. van Stein Callenfels.,1933/07/04,Koninklijke Bibliotheek C 64,http://resolver.kb.nl/resolve?urn=ddd:011109724:mpeg21:a0209:ocr,,0,
NED.-INDIE. PRAE-HISTORISCHE WERKPLAATSEN In het Buitenzorgsche,1938/08/25,Historisch Centrum Overijssel,http://resolver.kb.nl/resolve?urn=MMHCO01:000088864:mpeg21:a0084:ocr,,0,
Prae-historoisch Onderzoek en Indië.,1929/08/01,Koninklijke Bibliotheek C 96,http://resolver.kb.nl/resolve?urn=ddd:011072386:mpeg21:a0014:ocr,,0,
NIEUWE VONDST,1934/03/28,Koninklijke Bibliotheek,http://resolver.kb.nl/resolve?urn=MMKB19:000452169:mpeg21:a00010:ocr,,0,
Advertentie,1903/04/20,Koninklijke Bibliotheek,http://resolver.kb.nl/resolve?urn=MMKB08:000155491:mpeg21:a0030:ocr,,0,
Advertentie,1903/04/06,Koninklijke Bibliotheek,http://resolver.kb.nl/resolve?urn=MMKB08:000155476:mpeg21:a0032:ocr,,0,
Prac-historisch onderzoek in Indië.,1929/09/17,Groninger archieven,http://resolver.kb.nl/resolve?urn=MMRHCG04:234994067:mpeg21:a00038:ocr,,0,
OUDE WERKPLAATSEN,1938/08/18,Koninklijke Bibliotheek,http://resolver.kb.nl/resolve?urn=MMKB15:000135042:mpeg21:a00066:ocr,,0,
Pradjekan een belangrijk prehistorisch centrum.,1933/08/14,Koninklijke Bibliotheek C 64,http://resolver.kb.nl/resolve?urn=ddd:011109759:mpeg21:a0142:ocr,,0,
Advertentie,1903/04/09,Koninklijke Bibliotheek,http://resolver.kb.nl/resolve?urn=MMKB08:000155483:mpeg21:a0017:ocr,,0,
Advertentie,1903/04/27,Koninklijke Bibliotheek,http://resolver.kb.nl/resolve?urn=MMKB08:000155497:mpeg21:a0012:ocr,,0,
WETENSCHAPPEN. GOENOENG KIDOEL. De vroegere bewoners.,1934/08/24,KB C 248,http://resolver.kb.nl/resolve?urn=ddd:010284480:mpeg21:a0257:ocr,,0,
Wetenschappen De Vroegere Bewoners van G. Kidoel.,1934/08/25,KB C55,http://resolver.kb.nl/resolve?urn=ddd:010230184:mpeg21:a0258:ocr,,0,
G. Kidoels vroegere bewoners. Uit Zuid-China afkomstig?,1934/09/27,KB C 98,http://resolver.kb.nl/resolve?urn=ddd:110572305:mpeg21:a0269:ocr,,0,
Advertentie,1903/04/16,Koninklijke Bibliotheek,http://resolver.kb.nl/resolve?urn=MMKB08:000155488:mpeg21:a0020:ocr,,0,
KOLONIEN BELANGRIJKE VONDSTEN.,1933/09/19,Koninklijke Bibliotheek,http://resolver.kb.nl/resolve?urn=MMKB08:000109182:mpeg21:a0038:ocr,,0,
NIEUWS UIT INDONESIË Oude culturen in het Oosten Belangrijke vondsten op Celebes,1933/09/19,Koninklijke Bibliotheek NBM Mfm MMk 0033,http://resolver.kb.nl/resolve?urn=ddd:011119217:mpeg21:a0080:ocr,,0,
Nog een onbekend ras?,1936/11/17,Koninklijke Bibliotheek C 64,http://resolver.kb.nl/resolve?urn=ddd:011108022:mpeg21:a0148:ocr,,0,
Bergen en wouden.,1941/06/06,"Koninklijk Instituut voor Taal-, Land- en Volkenku DP SP/41-3",http://resolver.kb.nl/resolve?urn=ddd:011177014:mpeg21:a0085:ocr,,0,
Palaeolfthicum,1938/09/05,KB C55,http://resolver.kb.nl/resolve?urn=ddd:010227647:mpeg21:a0183:ocr,,0,
Palaeolithicum.,1938/08/13,Universitaire Bibliotheken Leiden,http://resolver.kb.nl/resolve?urn=MMKB23:003474086:mpeg21:a00166:ocr,,0,
OM GOEN’S GEBEENTE.,1934/07/13,Koninklijke Bibliotheek,http://resolver.kb.nl/resolve?urn=MMKB19:000456143:mpeg21:a00022:ocr,,0,
Op Prehistorisch onderzoek uit. XVIII. (Nadruk verboden). Kompong Chnang.,1932/05/26,Koninklijke Bibliotheek C 64,http://resolver.kb.nl/resolve?urn=ddd:011109392:mpeg21:a0002:ocr,,0,
Ieder jaar graven naar het geheim van Sardinië,1987/08/29,Groninger archieven,http://resolver.kb.nl/resolve?urn=ddd:011000945:mpeg21:a0462:ocr,,0,
DR. P.V. VAN STEIN CALLENFELS,1936/11/11,Koninklijke Bibliotheek,http://resolver.kb.nl/resolve?urn=MMKB15:000129036:mpeg21:a00008:ocr,,0,
WAT IN VEERTIG JAAR,1938/08/22,Koninklijke Bibliotheek,http://resolver.kb.nl/resolve?urn=MMKB15:000135045:mpeg21:a00047:ocr,,0,
BINNENLAND BELANGRIJKE SUBSIDIES WORDEN VERDUBBELD. Aanvulling rijksbegrooting Econ. Zakén bevat verhooging van de toelage voor de A.N.V.V. en de deelneming aan de tentoonstelling New-York 1939.,1938/08/24,CODA Apeldoorn,http://resolver.kb.nl/resolve?urn=MMCODA01:000158578:mpeg21:a0083:ocr,,0,
"Prae-historisch Congres 1941,",1938/01/14,Koninklijke Bibliotheek,http://resolver.kb.nl/resolve?urn=MMKB19:000476011:mpeg21:a00090:ocr,,0,
Beroemd ethnoloog op komst.,1930/01/27,Koninklijke Bibliotheek C 64,http://resolver.kb.nl/resolve?urn=ddd:011108752:mpeg21:a0220:ocr,,0,
Prae-Historici te Oslo. De voordracht van dr. Stein Callenfels. Belangrijkste van het congres.,1936/08/20,Universitaire Bibliotheken Leiden,http://resolver.kb.nl/resolve?urn=MMKB23:003462102:mpeg21:a00015:ocr,,0,
Filiaal Rijwielhandel Avis.,1936/03/23,Koninklijke Bibliotheek C 64,http://resolver.kb.nl/resolve?urn=ddd:011110171:mpeg21:a0114:ocr,,0,
Prae-historisch Congres.,1936/08/21,Koninklijke Bibliotheek,http://resolver.kb.nl/resolve?urn=MMKB19:000467018:mpeg21:a00123:ocr,,0,
WETENSCHAPPEN. VOOR-HISTORISCHE VONDST.,1938/09/23,Koninklijke Bibliotheek,http://resolver.kb.nl/resolve?urn=MMKB04:000190579:mpeg21:a0033:ocr,,0,
Fossiele beenderen gevonden MENSCHEN VAN 7000 JAAR.,1927/07/25,Koninklijke Bibliotheek,http://resolver.kb.nl/resolve?urn=MMKB27:017908042:mpeg21:a00075:ocr,,0,
WETENSCHAPPEN. DR. A. N. J. VAN DER HOOP.,1933/11/10,KB C 248,http://resolver.kb.nl/resolve?urn=ddd:010284917:mpeg21:a0128:ocr,,0,
PRAE-HISTORISCH CONGRES TE MANILLA. Nederlandsch-Indië uitstekend vertegenwoordigd.,1935/01/14,Koninklijke Bibliotheek C 96,http://resolver.kb.nl/resolve?urn=ddd:011074110:mpeg21:a0038:ocr,,0,
PITHECANTHROPUS ERECTUS,1938/01/18,Koninklijke Bibliotheek,http://resolver.kb.nl/resolve?urn=KBNRC01:000053883:mpeg21:a0138:ocr,,0,
AMBTELIJKE SCHATGRAVERS. In de Solo-vallei.,1933/05/31,KB C 98,http://resolver.kb.nl/resolve?urn=ddd:110569468:mpeg21:a0110:ocr,,0,
PITHECANTHROPUS ERECTUS,1938/01/18,KB C 21,http://resolver.kb.nl/resolve?urn=ddd:010664152:mpeg21:a0236:ocr,,0,
INDISCHE TELEGRAMMEN De Pithecantropus,1938/01/18,Koninklijke Bibliotheek,http://resolver.kb.nl/resolve?urn=MMKB27:021090024:mpeg21:a00074:ocr,,0,
Onderscheidingen.,1935/08/30,Koninklijke Bibliotheek C 64,http://resolver.kb.nl/resolve?urn=ddd:011107185:mpeg21:a0113:ocr,,0,
Natuurwetenschappelijke Raad. REDE VAN DR. VON KOENIGSWALD,1938/01/17,KB 1634 C1,http://resolver.kb.nl/resolve?urn=ddd:010383840:mpeg21:a0077:ocr,,0,
Stein Callenfels. EEN ONDERHOUD.,1936/04/30,KB 1634 C1,http://resolver.kb.nl/resolve?urn=ddd:010383630:mpeg21:a0220:ocr,,0,
Prachistorische mens in Zuid-Afrika De „ontbrekende schaker”,1953/01/06,Koninklijke Bibliotheek C 236,http://resolver.kb.nl/resolve?urn=ddd:011199417:mpeg21:a0080:ocr,,0,
Dr. STEIN CALLENFELS.,1931/08/14,Koninklijke Bibliotheek,http://resolver.kb.nl/resolve?urn=MMKB19:000448222:mpeg21:a00070:ocr,,0,
De reis van dr. P. Van Stein Callenfels. Het belang van zijn prachistorisch onderzoek in Z.O. Azië voor Ned.-Indië.,1931/08/25,Koninklijke Bibliotheek C 64,http://resolver.kb.nl/resolve?urn=ddd:011109252:mpeg21:a0252:ocr,,0,
Oost-Indië. J. G. Hoekman.,1927/07/27,Historisch Centrum Overijssel,http://resolver.kb.nl/resolve?urn=MMHCO01:000084352:mpeg21:a0031:ocr,,0,
CELEBES’ OUDSTE BEVOLKING.,1933/11/04,Koninklijke Bibliotheek,http://resolver.kb.nl/resolve?urn=MMKB19:000445141:mpeg21:a00070:ocr,,0,
Celebes' oudste bevolking Wat dr. Stein Callenfels gevonden heeft,1933/11/02,Koninklijke Bibliotheek C 96,http://resolver.kb.nl/resolve?urn=ddd:011073366:mpeg21:a0236:ocr,,0,
De Pandhoesa's.,1942/01/03,"Koninklijk Instituut voor Taal-, Land- en Volkenku DP SP/42-1",http://resolver.kb.nl/resolve?urn=ddd:011176503:mpeg21:a0030:ocr,,0,
ONZE TANKS IN EEN GEVECHTSTERREIN,1938/01/12,Koninklijke Bibliotheek,http://resolver.kb.nl/resolve?urn=MMKB15:000125009:mpeg21:a00058:ocr,,0,
