volume,year,paragraph_idx,page_est,category,subcategory,description,matched_text,captured_value,depth_m,cooccurrence,cooccurrence_count,context
OV_1912,1912,1,0,volcanic,tephra,tephra/ash/tuff,ASCH,,,location+volcanic,2,BATAVIAASCH GENOOTSCHAP VAN KUNSTEN EN WETENSCHAPPEN ' WELTEVREDEN ] 'S HAGE ALBRECHT & Co M. NIJHOFF AL. 57^1 3i~ .U... CA.; : '^VSs’^OM I N H O U D Bladz.
OV_1912,1912,26,0,volcanic,tephra,tephra/ash/tuff,asch,,,location+volcanic,2,"Van de op verzoek van de Direetie van her Bataviaasch Genootscbap van Kunsten en W<‘tenseiiap})en naar bet Ond- beidkundig Bureau overgebraehte oudhtudkaiulige eiic-be’^ en foto’s van dat Genootscliap word eeii lij.-t saineiigesteld De verzauieliug toto's der Oudlieidkundige t’onunis>ie werd geheel geeontroleerd eu de out brek end, e exeinplaren werden door nieuwe atdrukken vervangeii. Ten slotte werden ouder- scdieiden proeven geuoinen met verschillende soorten papier en inkt-inenu’'^e]s tot be"
OV_1912,1912,38,0,volcanic,tephra,tephra/ash/tuff,asch,,,location+volcanic,2,"De eenige vondst. die ter in ij tier ken u is gebraclit werd, was die van een bescbreven steen. opgegraveu op het kof- ti eland Tjohdnujcn'h oiiderdistrict Poedak, district Poeloeng, afd. Poiiorogo, res. Madioen. Op niijn verzoek werd deze steen door den assisteiit-resident van Ponorogo opgezondeu naar het Museum van het Bataviaasch Geiiootr^chap. De steen draagt het jaartal 1472 eu in verbaiid daarmede ver- toont ook het schrift een laat en eenigzins verloopen ka- rakter. De in scrip tie, welke"
OV_1912,1912,40,0,volcanic,tephra,tephra/ash/tuff,asch,,,location+volcanic,2,"Rapport van 1911 wordt gepnblieeerd. Verder hield ik mij bezig met de inseripties uit de Padangsche Bovenlanden, in verb and met een aanstaande reis daarheen. Ten slotte werd de epigraphische nalatenschap van wijien Dr. Braudes onderzocht, naar aanleiding van de eventueele publieatie daarvan door het Bataviaasch Genootschap. § 9. Fotografieen,"
OV_1912,1912,54,0,volcanic,dieng,Dieng,Dieng,,,,1,"De Heer Melville zal eenigen tijd aan de werkzaamheden der Oudbeidkuiidige Conimissie onttrokkeu zijn ten behoeve van het ouderzoek in Pase (Gouv. BesL van 14 Maart 1912 No. 15). Indien hij in den loop van het volgende kwartaal teriig niocht keeren. zal hem worden opgedragen: P de nog slechts weinig tijM vonierende opnaine in de afd. Mo- djokerto te voltooien, 2^ met den reeds meermalen besproken arbeid op het Dieng-plateau een aanvang te inaken."
OV_1912,1912,58,0,volcanic,arjuno,Arjuno,Ardjoeno,,,location+site+volcanic,3,"Van de eerste gapura zijn de opstand en de doorsnedeu aangevangen en gedeeitelijk voltooid. Wanneer ook de tee^ keningen van de tweede gapura afgewerkt zijn, zal de vol- ledige lijst der teeken ingen van de pourten te Djedong in zijn geheel gegeven worden. B TJ L 1 G E C. Voorloopige Lijst van L O o s t= Kesideutie. Afdeeling. District. Desa. Eembung. Madioen. Magetan. Goraiig-gareiig. Sinibatan-wetaii. Kediri. Berbek. Aiidjoek. Tj an di-red jo. Berbek. Ngetos. Kediri. Modjoroto. Podjok. T? *T T"
OV_1912,1912,58,0,volcanic,ringgit,Ringgit,Ringgit,,,location+site+volcanic,3,"Van de eerste gapura zijn de opstand en de doorsnedeu aangevangen en gedeeitelijk voltooid. Wanneer ook de tee^ keningen van de tweede gapura afgewerkt zijn, zal de vol- ledige lijst der teeken ingen van de pourten te Djedong in zijn geheel gegeven worden. B TJ L 1 G E C. Voorloopige Lijst van L O o s t= Kesideutie. Afdeeling. District. Desa. Eembung. Madioen. Magetan. Goraiig-gareiig. Sinibatan-wetaii. Kediri. Berbek. Aiidjoek. Tj an di-red jo. Berbek. Ngetos. Kediri. Modjoroto. Podjok. T? *T T"
OV_1912,1912,115,0,volcanic,tephra,tephra/ash/tuff,asch,,,location+site+volcanic,3,"De gegerens. welke de samenstelling vau den liier volgeu- den inventaris loogelijk maakten, werden voor een groot deel verscliaft door den Heer L. C. AVestenenk, Assistent -Resi- dent ter bescbikking, te Fort de Koek. Nadat deze reeds in October 1911 een voorloopig overzicht der Hindoe-ondlieden van Sumatra's estkust gegeven had, opgenomen in de Xotulen van bet Bataviaasch Genootschap over dat jaar, p. 127-129. ontving ik gedurende mijn verblijf in de Pa- dangsche Bovenlanden nog een groot aanta"
OV_1912,1912,330,0,volcanic,dieng,Dieng,Dieng,,,location+site+volcanic,3,"Zeif bezocht ik in het afgeloopen kwartaal Jogjakarta en Magelang met het oog op de opheffing van het Museum in eerstgenoemde plaats; zie § 1 1. Ook deed ik een dienstreis naar Buiteuzorg voor een opname van den Batoe-toelis. De Heer Melville vertoefde gedurende dit kwartaal op het Dieng-plateau: zijn werkzaamheden worden vermeld in J; 4 en 5; 0. De Heer Sell bezocht, gelyk uit g 5 blijken kan, de reside II tie Banjoemas en een deel van Pekalongan ten behoeve van de oudheidkundige iuventarisatie"
OV_1912,1912,333,0,volcanic,dieng,Dieng,Dieng,,,location+site+volcanic,3,"De oudlieidkundige inventarisatie van de residentie Banjoe- mas had gednrende dit kwartaal plaats door den Heer Sell. Deze begon zijn werkzaamheden met de beschrijving der oiidheden, bewaard bij de pasanggrahan van den Dieng, welke uit den aard der zaak gedeeltelijk uit Banjoemas, gedeeltelijk uit Kedoe en Pekalongan afkomstig zijn; bij een geographisch op zich zelf staande eenheid als het Dieng- })lateau heeft het natuurlijk geeii zin aan de tegenwoordige residentiegrenzen vast te hoiiden. Yerv"
OV_1912,1912,333,0,volcanic,dieng,Dieng,Dieng,,,location+site+volcanic,3,"De oudlieidkundige inventarisatie van de residentie Banjoe- mas had gednrende dit kwartaal plaats door den Heer Sell. Deze begon zijn werkzaamheden met de beschrijving der oiidheden, bewaard bij de pasanggrahan van den Dieng, welke uit den aard der zaak gedeeltelijk uit Banjoemas, gedeeltelijk uit Kedoe en Pekalongan afkomstig zijn; bij een geographisch op zich zelf staande eenheid als het Dieng- })lateau heeft het natuurlijk geeii zin aan de tegenwoordige residentiegrenzen vast te hoiiden. Yerv"
OV_1912,1912,333,0,volcanic,dieng,Dieng,Dieng,,,location+site+volcanic,3,"De oudlieidkundige inventarisatie van de residentie Banjoe- mas had gednrende dit kwartaal plaats door den Heer Sell. Deze begon zijn werkzaamheden met de beschrijving der oiidheden, bewaard bij de pasanggrahan van den Dieng, welke uit den aard der zaak gedeeltelijk uit Banjoemas, gedeeltelijk uit Kedoe en Pekalongan afkomstig zijn; bij een geographisch op zich zelf staande eenheid als het Dieng- })lateau heeft het natuurlijk geeii zin aan de tegenwoordige residentiegrenzen vast te hoiiden. Yerv"
OV_1912,1912,342,0,volcanic,dieng,Dieng,Dieng,,,material+site+volcanic,3,"In het bijzonder dient vermeld te worden de vondst van eenige plaatjes onder een tempeltopstnk op het tempelplein van Tjandi Dwarawati op den Dieng. Zij bestaat uit drie gouden plaatjes en nog een, benevens twee fragmenten, van gemengd goud. De plaatjes zijn nagenoeg vierkant (19 X 18, 18 X 18. 20 X 14 eu 14 x 13 rn.M.), de drie goiiden dragen een Kawi-inscriptie, het vierde be vat den godeiinaam Yisnu. Het i< voor het eerst, dat een dergelijke vondst bij een der Dieng-tempels gedaan is, hoewel "
OV_1912,1912,342,0,volcanic,dieng,Dieng,Dieng,,,material+site+volcanic,3,"In het bijzonder dient vermeld te worden de vondst van eenige plaatjes onder een tempeltopstnk op het tempelplein van Tjandi Dwarawati op den Dieng. Zij bestaat uit drie gouden plaatjes en nog een, benevens twee fragmenten, van gemengd goud. De plaatjes zijn nagenoeg vierkant (19 X 18, 18 X 18. 20 X 14 eu 14 x 13 rn.M.), de drie goiiden dragen een Kawi-inscriptie, het vierde be vat den godeiinaam Yisnu. Het i< voor het eerst, dat een dergelijke vondst bij een der Dieng-tempels gedaan is, hoewel "
OV_1912,1912,343,0,volcanic,tephra,tephra/ash/tuff,asch,,,location+site+volcanic,3,"afkonistig: het zai daarom geen betoog behoeveu. hoe hoogst belangrijk het is, dat thaiis tusscheii den bouw van een dier tempels eu de schriftsoort van deze plaatjes authentiek ver- baud gelegd kan wordeii. De plaatjes -wordeu bewaard in het Bataviaasch Museum (inv. 5204)."
OV_1912,1912,404,178,volcanic,lava,lava,lava,,,material+site+volcanic,3,"ly Ou (lezt! foto >taat eeii u’ebeel andere tempel dan (le liier i<enoeiinlfc* : er i-? kiaurbijjkelijk ♦‘‘‘11 vurg'i'j'iiriic in de op;^ave, <loch lif't mi} nier moy;elijk na te gaaii, wtdke teiiipel hier voor^^e'^teld 99 Volg- Hum- mer. 1 No. Br.-Iudie. Staat of district. Plaats. Omschrijviug. 211 List. Ind. Mus. 1900, 2051 Kathiawar Satruiijaya Balabhai Tiik. beeld iu bet heiligdom. 212 id. 205-1 - Cciumuhha-tempel, voorkant. 2l:i id. 2055 - ... 2U id. 2056 - id., achterkaut. 215 id. 2057 ""J "
OV_1912,1912,409,0,volcanic,lava,lava,lava,,,material+site+volcanic,3,"rotssculptuiir (A r jiina’s buet i. rechter helft. 421 id. 1160 - Dliarmaraja’s ratlia, van 1 Xoord-Westen. 422 id. 1162 rotsscuiptuur en ouafgevrerk > grot. 423 id. 1162 Krsna’s niandapa. 424 id. 1165 Ramanuja Jiv niandapa. 425 id. 1160 onafgewerkte grot naa^t < r rotsscuiptuur. 420 id. 1107 tweede rotsscuiptuur. 427 id. 1168 Ganeca-tempel. 428 id. 1109 mandapa no. 25. 420 id. 1170 niandapa no. 52. 430 i id. 1171 mandapa no. 21. 431 id. 1172 onafgewerkte rots. 432 1 id. 1175 mandapa no. 44. 433"
OV_1912,1912,413,0,volcanic,dieng,Dieng,Dieng,,,location+site+volcanic,3,"id., eerste en tweede ingangs- gopura. van achteren. 513 id. 243S ■ i 1 - - id., groote toren en Candike<;- vara-heiligdom. 514 id. 2462 j Trichino- poly. Perambalur oude i^dva* tempel. 515 id. 2468 Sriraugani. groote tempel, gopura. 51*3 id. 2464 id., andere gopura. 517 id. 2465 .. i? 'j « 518 id. 2466 ! i 519 id. 2467 - id.. Koya gopura. 5-20 id. 2470 - Tirumala- ; vadi. tempel van Vaidyanatlia, Oos- telijke gopura. 521 id. 2472 id., acliterkant. 522 id. 2473 - id.. Amman lieiligdom. 523 id. 2"
OV_1912,1912,413,0,volcanic,dieng,Dieng,Dieng,,,location+site+volcanic,3,"id., eerste en tweede ingangs- gopura. van achteren. 513 id. 243S ■ i 1 - - id., groote toren en Candike<;- vara-heiligdom. 514 id. 2462 j Trichino- poly. Perambalur oude i^dva* tempel. 515 id. 2468 Sriraugani. groote tempel, gopura. 51*3 id. 2464 id., andere gopura. 517 id. 2465 .. i? 'j « 518 id. 2466 ! i 519 id. 2467 - id.. Koya gopura. 5-20 id. 2470 - Tirumala- ; vadi. tempel van Vaidyanatlia, Oos- telijke gopura. 521 id. 2472 id., acliterkant. 522 id. 2473 - id.. Amman lieiligdom. 523 id. 2"
OV_1912,1912,413,0,volcanic,dieng,Dieng,Dieng,,,location+site+volcanic,3,"id., eerste en tweede ingangs- gopura. van achteren. 513 id. 243S ■ i 1 - - id., groote toren en Candike<;- vara-heiligdom. 514 id. 2462 j Trichino- poly. Perambalur oude i^dva* tempel. 515 id. 2468 Sriraugani. groote tempel, gopura. 51*3 id. 2464 id., andere gopura. 517 id. 2465 .. i? 'j « 518 id. 2466 ! i 519 id. 2467 - id.. Koya gopura. 5-20 id. 2470 - Tirumala- ; vadi. tempel van Vaidyanatlia, Oos- telijke gopura. 521 id. 2472 id., acliterkant. 522 id. 2473 - id.. Amman lieiligdom. 523 id. 2"
OV_1914,1914,1,0,volcanic,tephra,tephra/ash/tuff,ASCH,,,location+volcanic,2,BATAVIAASCH GENOOTSCHAP VAN KUNSTEN EN W ETEN SCH A PP EN AL A< :: IJo^y Dj. e f Cali No.. .‘}./.3T3..(*y a.-.v I N H O U D Bladz.
OV_1914,1914,43,0,volcanic,tephra,tephra/ash/tuff,asch,,,location+volcanic,2,De publicatie van de epigraphische nalatenschap van Dr. .1. L. A. Braudes heeft thans in deel LX der Verhandelingen van het Bataviaasch Genootschap plants gehad. Van de resultaten der epigraphi.sche werkzaamheden van onderge- teekende is een en ander te vinden in een artikel .Epigraphische aanteekeningen IV — VIE’ dat in Tijdschr. Bat. Gen. van dit jaar verschijnen zal.
OV_1914,1914,66,0,volcanic,dieng,Dieng,Dieng,,,location+volcanic,2,"Aan den adjnnet-boawknndige zal een dienstreis langs verschillende nionnmeuten van Midden- en Oost-Java worden opgedragen, na afloop waarvan hij zich in laatstgenoeinde afdeeling zal vestigen. De chef van het tec-hnisc-h personeel zal na beeindiging van zijn werk in Ooiit-.Iava wederom persoonlijk de leiding van de opuameu op den Dieng op zic'h nenien, terwijl de Heer Mofpiette gedurende het eerste gedeelte van het kwartaal in Ra-e zal vertoeven. Dnderge- teekende stelt zich voor eveneens een co"
OV_1914,1914,83,0,volcanic,dieng,Dieng,Dieng,,,location+volcanic,2,"Blotho en 8ad.jeu (Pa- tjeth thans Mus. Mo- djok. 322 en 366. steenen gewic-hten. 1761-1764 Trowoelan, thans Mus. Modjok. 353 en 354. versierde neuten. van vier zijden. 1765-1768 Trowoelan. thans Mus. jModjok. 355 en 356. versierde neuten. van vier zijden. 1769 9 X 12 Karauglo (Modjokerto). hesehreven steen. Afgesloteii 31 Maart 1914. 1 Bijla&e B. Stand van het teekenwerk. 1“"" kwartaal 1914. Dieng=plateau."
OV_1914,1914,87,0,volcanic,dieng,Dieng,Dieng,,,location+material+site+volcanic,4,Tjaudi Lor (Berbek) later Kediri: tliaiis Mas. Bat. Xo. 59. beschreveii steeu van 857 eaka. 278 Modjokerto; thaiis Mas. Modjokerto Xo. 17n. beschreven steeu (fragiiieuten). 281 Modjokerto ; thaus Mas. Modjokerto Xo. 170. 282 Bakalaa ; thans Mas. beschreven steeu van 856 eaka. Modjokerto Xo. 320. 382 Djogodajoh; thaus Mas. beschreven tempajan vau andesiet Modjokerto Xo. 321. (watoe-genoek). 333 id. 343 Kepoetraii; thans Mas. Modjokerto Xo. 347. steeu met jaartal 1167 faka. 345 Koetoredjo : thaus 
OV_1914,1914,87,0,volcanic,dieng,Dieng,Dieng,,,location+material+site+volcanic,4,Tjaudi Lor (Berbek) later Kediri: tliaiis Mas. Bat. Xo. 59. beschreveii steeu van 857 eaka. 278 Modjokerto; thaiis Mas. Modjokerto Xo. 17n. beschreven steeu (fragiiieuten). 281 Modjokerto ; thaus Mas. Modjokerto Xo. 170. 282 Bakalaa ; thans Mas. beschreven steeu van 856 eaka. Modjokerto Xo. 320. 382 Djogodajoh; thaus Mas. beschreven tempajan vau andesiet Modjokerto Xo. 321. (watoe-genoek). 333 id. 343 Kepoetraii; thans Mas. Modjokerto Xo. 347. steeu met jaartal 1167 faka. 345 Koetoredjo : thaus 
OV_1914,1914,87,0,volcanic,dieng,Dieng,Dieng,,,location+material+site+volcanic,4,Tjaudi Lor (Berbek) later Kediri: tliaiis Mas. Bat. Xo. 59. beschreveii steeu van 857 eaka. 278 Modjokerto; thaiis Mas. Modjokerto Xo. 17n. beschreven steeu (fragiiieuten). 281 Modjokerto ; thaus Mas. Modjokerto Xo. 170. 282 Bakalaa ; thans Mas. beschreven steeu van 856 eaka. Modjokerto Xo. 320. 382 Djogodajoh; thaus Mas. beschreven tempajan vau andesiet Modjokerto Xo. 321. (watoe-genoek). 333 id. 343 Kepoetraii; thans Mas. Modjokerto Xo. 347. steeu met jaartal 1167 faka. 345 Koetoredjo : thaus 
OV_1914,1914,87,0,volcanic,dieng,Dieng,Dieng,,,location+material+site+volcanic,4,Tjaudi Lor (Berbek) later Kediri: tliaiis Mas. Bat. Xo. 59. beschreveii steeu van 857 eaka. 278 Modjokerto; thaiis Mas. Modjokerto Xo. 17n. beschreven steeu (fragiiieuten). 281 Modjokerto ; thaus Mas. Modjokerto Xo. 170. 282 Bakalaa ; thans Mas. beschreven steeu van 856 eaka. Modjokerto Xo. 320. 382 Djogodajoh; thaus Mas. beschreven tempajan vau andesiet Modjokerto Xo. 321. (watoe-genoek). 333 id. 343 Kepoetraii; thans Mas. Modjokerto Xo. 347. steeu met jaartal 1167 faka. 345 Koetoredjo : thaus 
OV_1914,1914,89,50,volcanic,dieng,Dieng,Dieng,,,location+material+volcanic,3,"1) Van de nummers 106-1.50 zijn eiikele 'tukken overgebraelit iiaar her Mu-euiii re Bara- Via, o.a. Mas. Bat. 21, 5S, 06, 600, 601, 604, 642, 650, 60.5, 400, 40T, 440, 454. N ammer. Formaat. Plaats. Korte omscbrijving. 128 17X21 Dieug-plateau. niakara van Tj. Ardjoena. 129 2 1 X 20 id. tlians Mas. Bat. 24. steenen (^'iwa. 130. 131 17 X 21 Dieug-plateau, steenen beelden. 132 21 X 26 id. steenen Durga. 133-144 17 ""<, 21 id. steenen beelden en fragmenten.' 145, 140 id. tbans Mus. Bat. D. 58. bescbr"
OV_1914,1914,125,0,volcanic,ijen,Ijen,ijen,,,,1,"Aan de beide zijgevels van het lioofdverfrek waren eveueens galerijen nitgebouwd; de vloeren daarvan lageu ongeveer 40 c. M. boven bet maaiveld, de daken werdeu aan de voorzijden gedragen door vier genietselde vierkauten pijlers, terwijl de kortste zijden bovendien nog voorzien waren van twee zwaardere pijlers; tusschen deze en de twee buitenste boekpijlers waren borstweringen aangebracbt ter boogte van ongeveer een meter boven het maaiveld."
OV_1914,1914,126,0,volcanic,ijen,Ijen,ijen,,,,1,"Ill lie linker of Westgalerij lag eeu graf, in de andere twee graven, geuietseld en gepleisterd. Het dak boveu bet boofdvertrek was aan vier zijdeu scbnin en de helling liep door over de voor- eu zijgalerijen bovengenoemd, ge- steund door de mureu, kolommeii eu jdjlers."
OV_1914,1914,177,0,volcanic,dieng,Dieng,Dieng,,,,1,De onderzoekingen op den Dieng werden in Mei tenge- volge van de epidemiscb beerscbende pokken gestaakt. T66r dien tijd werd doorgegaan met de ontgraving van funda- ment S.
OV_1914,1914,209,0,volcanic,lava,lava,lava,,,material+volcanic,2,"Van den Heer G. Dom te Tjebougau outving ik ter inzage een zeer merkwaardige koperplaat, waarop in bet midden is voorgesteld een vrouwefiguur, welke een kind draagt; bet gebeel omgeven door 36 regels^Middeii-.lavaan.scb’ Kawi-scbrift. De inscriptie is vooral voor onze kennis der Hindoe-,Javaansche godsdien.stige voorstellingen van belang. 61"
OV_1914,1914,213,0,volcanic,dieng,Dieng,Dieng,,,location+site+volcanic,3,"Voor de teekeningen. betrekking bebbende op den Dieng en de Tjandi Djawi, benevens caiques van verscbeiden oud- heden in Oost-Java wordt verwezen naar Bijlage M. voor een tweetal teekeningen uit Atjeh naar Bijlage S. § 11. Musea en Verzamelingen,"
OV_1914,1914,222,0,volcanic,dieng,Dieng,Dieng,,,location+site+volcanic,3,De Heer Percjuin zal voortgaan met het bezoeken en controleeren der oudheden in de afdeeling Blitar en even- tueel de aangrenzende afdeelingen. Aan den Heer Leydie Melville zal na beeindiging van de opgravingen by Mage- lang het vevder onderzoek van Tjandi Tikoes worden opge- drageu. terwijl hij vervolgens weder de lei ding van de werkzaamheden op den Dieng op zich zal nemen.
OV_1914,1914,228,144,volcanic,arjuno,Arjuno,Ardjoeno,,,location+material+site+volcanic,4,"li Daar de reliefs op de versehillende zijdeu telkeiis aan een sruk doorloopen, is de rer- 'elmg- een willekeurige. >'o?. 1 — 2 en ' 2 ~ — ’iS zijn aaii de Toorkant aan 'weerszijden yan de ap te vinden, 3 — 10 aan de Zuidzijde, 11 — IS aan de aehterkant, 19 — 26 aan de Xoordzijde. I Nummer. Forraaat. Plaats. Korte omscbrijving. 1848 18 X Tjandi Djawi. relief Xo. 20. 1849 idem 21. n 1 — . 1850 idem 22. 1851 idem . 23. 1852 idem , , 24. 1853 idem , , 25. 1854 idem , , 26. 1855 . idem , . 27. 1856 "
OV_1914,1914,228,144,volcanic,dieng,Dieng,Dieng,,,location+material+site+volcanic,4,"li Daar de reliefs op de versehillende zijdeu telkeiis aan een sruk doorloopen, is de rer- 'elmg- een willekeurige. >'o?. 1 — 2 en ' 2 ~ — ’iS zijn aaii de Toorkant aan 'weerszijden yan de ap te vinden, 3 — 10 aan de Zuidzijde, 11 — IS aan de aehterkant, 19 — 26 aan de Xoordzijde. I Nummer. Forraaat. Plaats. Korte omscbrijving. 1848 18 X Tjandi Djawi. relief Xo. 20. 1849 idem 21. n 1 — . 1850 idem 22. 1851 idem . 23. 1852 idem , , 24. 1853 idem , , 25. 1854 idem , , 26. 1855 . idem , . 27. 1856 "
OV_1914,1914,233,0,volcanic,tephra,tephra/ash/tuff,asch,,,location+volcanic,2,Bij selirijven van 25 Maart 1912 verzocht de assistent- resident ter beschikking van den Gouverneur van Sumatra's Westkust aan de Directie van bet Bataviaasch Genootscbap van Kunsten en Weteusebappen inlicbtingen omtrent eenige op een merkwaardig stuk metaal (waarschijnlijk een mete- oorsteen) voorkomende figuren.
OV_1914,1914,266,0,volcanic,ijen,Ijen,ijen,,,,1,"Het is een vrij groot terrein, met 2 rijen graven, tamelijk regelmatig gelegen, waartnsscben ongeveer in bet midden, een zeer booge boom staat die tbans, misscbien oudtijds ook reeds, den visschers nit zee komende tot baken dient. Men beeft in den top van dien boom een soort vaan van wit doek aangebracht om de berkenning gemakkelijker te maken."
OV_1914,1914,352,0,volcanic,crater,crater,krater,,,location+material+volcanic,3,"V'oorts lau'eii up den tup drie graven van rouden baksteen. ivaarvau ttvee in den krater verdwenen zyu. terwyl in liet derde een u-eelbriiiiie urn ’.an o-ebakkeu klei gevouclen werd, tliaus in bet Mn'eum te Batavia. Lit."
OV_1914,1914,385,0,volcanic,mountain,Mountain reference,Goenoeng Toea,Toea,,material+volcanic,2,"In de uabijbeid van kanipoiig Goenoeng Toea Tonga terrasseu met overblijfselen van bouwwerk van gebakken steen en beeldwerk van zandsteeu. Twee leeinvtjes werden overirebraclit naar bet t’ontroleurserf, een daarvan is sedert C verdwenen. Lit."
OV_1914,1914,395,0,volcanic,mountain,Mountain reference,Goenoeng Tuea,Tuea,,,1,"Ook is daarin opgenomen een bronzen Lokanatha met een inseriptie gedateerd in 94(3 e;ika, verkregen van den radja van Goenoeng Tuea. Lit. 113"
OV_1914,1914,416,0,volcanic,crater,crater,krater,,,location+material+volcanic,3,"Aan den rand van den Noordelijken krater een groot zittend steenen beeld, gesebonden. Lit. Tijdsehr. Bat. Ren. XIY (1865) p. 188. Onderafdeeling Mokko^mokko. 92. Koeala Meutjoeto."
OV_1914,1914,483,0,volcanic,arjuno,Arjuno,Ardjoeno,,,,1,"In deze doesoen. een deel van Sawa-Batoean, wovden een kris en een Ians bewaard. die van l\Iajapaliitsc-lien oor- sprong zouden zijii. De kris beet Tara Redjoeno of Ardjoeno. Lit. Tijdscbr. Bat. Gen. Ill (1855) p. IX .sip"
OV_1914,1914,520,0,volcanic,tephra,tephra/ash/tuff,asch,,,site+volcanic,2,"Brandes. Naschrift bij de door den Beer Neeb gezonden photo’s van oudheden in het Djambische, Tijdsehr. Bat. Gen. XLY (1902) p. 128—133."
OV_1914,1914,869,0,volcanic,tephra,tephra/ash/tuff,asch,,,location+volcanic,2,"Yau Limburg Brouwer. Steeiien l)eitels in ’t Museum van 't Bataviaasch Benoutseliap, Tijeisehr. Bat. Gen. XYITI (1868) p. 71 en 88. (Adonare)."
OV_1914,1914,872,0,volcanic,tephra,tephra/ash/tuff,asch,,,location+volcanic,2,"Van Limburg Broun er. Steenen beitels in 't Museum van 't Bataviaasch Genootschap. Tijdsc-lir, Bat. Gen. XVIII (1868) p. 71 en 87."
OV_1914,1914,874,0,volcanic,tephra,tephra/ash/tuff,asch,,,location+volcanic,2,Van Limburg Brouwer. 8teenen beitels in 't Museum van 't Bataviaasch Genootschaji. Tijd.schr. Hat. (ten. XVIII (1868) p. 71. S3 en 87.
OV_1914,1914,885,0,volcanic,mountain,Mountain reference,Goenoeng 12,12,,location+site+volcanic,3,"Rouffaer. Eeii paar aanvnllingen over bronzen keteltrom- men in Ned. Inilie, Bii'lr. Kon. Inst. 6, Vll 1 19(aj) p. 3i*2 no. 6. REGISTER Adonare 282 Babar eil.. zie Tauimbar Aek-balira-perlimbatan 150 Babat Kampougan Oeloe 122 Aek Biara I To Badjawa 278 Aek Biara II 78 Bagoewala 249 Aek Badja 80 l5aboe-Dajak 206 Aek Loboe 80 Balai Djanggo 37 Aek Sangkilon 82 Baloeiig 10 Ai 252 Banda 252 Ajoe 19(5 Bandar Agoeng 109 Alor 274 Band.ierniasin (afd.) 190—191 Alor en Paiitar 274 Bandjermasin 190 Amabai "
OV_1914,1914,885,0,volcanic,mountain,Mountain reference,Goenoeng Kaba,Kaba,,location+site+volcanic,3,"Rouffaer. Eeii paar aanvnllingen over bronzen keteltrom- men in Ned. Inilie, Bii'lr. Kon. Inst. 6, Vll 1 19(aj) p. 3i*2 no. 6. REGISTER Adonare 282 Babar eil.. zie Tauimbar Aek-balira-perlimbatan 150 Babat Kampougan Oeloe 122 Aek Biara I To Badjawa 278 Aek Biara II 78 Bagoewala 249 Aek Badja 80 l5aboe-Dajak 206 Aek Loboe 80 Balai Djanggo 37 Aek Sangkilon 82 Baloeiig 10 Ai 252 Banda 252 Ajoe 19(5 Bandar Agoeng 109 Alor 274 Band.ierniasin (afd.) 190—191 Alor en Paiitar 274 Bandjermasin 190 Amabai "
OV_1914,1914,885,0,volcanic,mountain,Mountain reference,Goenoeng Toea,Toea,,location+site+volcanic,3,"Rouffaer. Eeii paar aanvnllingen over bronzen keteltrom- men in Ned. Inilie, Bii'lr. Kon. Inst. 6, Vll 1 19(aj) p. 3i*2 no. 6. REGISTER Adonare 282 Babar eil.. zie Tauimbar Aek-balira-perlimbatan 150 Babat Kampougan Oeloe 122 Aek Biara I To Badjawa 278 Aek Biara II 78 Bagoewala 249 Aek Badja 80 l5aboe-Dajak 206 Aek Loboe 80 Balai Djanggo 37 Aek Sangkilon 82 Baloeiig 10 Ai 252 Banda 252 Ajoe 19(5 Bandar Agoeng 109 Alor 274 Band.ierniasin (afd.) 190—191 Alor en Paiitar 274 Bandjermasin 190 Amabai "
OV_1914,1914,885,0,volcanic,mountain,Mountain reference,Goenoeng Toea,Toea,,location+site+volcanic,3,"Rouffaer. Eeii paar aanvnllingen over bronzen keteltrom- men in Ned. Inilie, Bii'lr. Kon. Inst. 6, Vll 1 19(aj) p. 3i*2 no. 6. REGISTER Adonare 282 Babar eil.. zie Tauimbar Aek-balira-perlimbatan 150 Babat Kampougan Oeloe 122 Aek Biara I To Badjawa 278 Aek Biara II 78 Bagoewala 249 Aek Badja 80 l5aboe-Dajak 206 Aek Loboe 80 Balai Djanggo 37 Aek Sangkilon 82 Baloeiig 10 Ai 252 Banda 252 Ajoe 19(5 Bandar Agoeng 109 Alor 274 Band.ierniasin (afd.) 190—191 Alor en Paiitar 274 Bandjermasin 190 Amabai "
OV_1914,1914,927,0,volcanic,dieng,Dieng,Dieng,,,location+site+volcanic,3,"De Heer Pertptin zal zijn werkzaambeden in de afdeeling Blitar c. a. voortzetten, terwpl de Heer Leydie Melville Tjandi likoes verder zal ouderzoekeu en vervolgeus, iudien de omstandigbeden zulks toelaten, weder de opgravingen op den Dieng zal leiden."
OV_1914,1914,970,0,volcanic,tephra,tephra/ash/tuff,asch,,,location+volcanic,2,"Door tuascheukomst van den regent van Modjokerto werd nog in de biiurt van Piuloesitn (zie pag. 3 van dit verslao') naar verdere oudliedeii gezoclit. met liet reaultaat, dat in de nabijheid van die plants tliau^ niet minder dan vijf overblijtbels van boinvwerken bekend zpn: te zijner tpd zal een eii aiider natuurlpk nader onderzocht wordeu."
OV_1914,1914,994,0,volcanic,lava,lava,lava,,,location+site+volcanic,3,"De op .lava vervaardigde foto’s gemuumerd 1882 — 1966 ziju opgegeven in Bijlage V. Door den Heer Melville werden oj'genonien de . verzakking” van Boro-Budur (zie ]i. 188 van dit verslag). de opgravingen nabij Magelang,"
OV_1914,1914,999,0,volcanic,dieng,Dieng,Dieng,,,material+site+volcanic,3,De opgegraveii beeldeii van -Setan en T.iaiuliredjo werdeu opgeuomen in liet MiHeiini te /J'/Zncn/ iTnv. Xo. 5505-5540) ; eveuals eenige beeldeu en besebreven steeneii van den Dieng (Inv. Xo. 5547-5554 en D. 135 en 136). 12. Lijst van monumenten.
OV_1914,1914,1018,0,volcanic,kelud,Kelud,Kloet,,,location+material+site+volcanic,4,"relief (drinkwaterpot met or nament op lotuskussen). 1928. 1929 idem. No. 16. steenen (,'iwa-Guru. 1930 idem, No. IS. steenen Ciwa-Gurn. 1931, 1932 idem, No. 25. steenen beeld met olitan ( Indra't). 1933, 1934 iilem. No. 10. drager als hoekantefix. 1935 idem. No. 9. steenen beeld. 1936 24 X 30 Tjaiidi Batjem. Noordelijke tempel. N. W lioek. 1937 Jf idem. Zuidelijke tempel. N. 1 lioek. 1938 Tjandi P^tapan. gezicht op de overblijfselen 1939-1941 • T.iandi Soember djati. geornamenteerde steenen ei "
OV_1916,1916,29,0,volcanic,welirang,Welirang,Welirang,,,location+site+volcanic,3,"Ondergeteekende ondernam een dienstreis naar Soerabaja, Modjokerto en Prambanan: de Heer Leydie Melville naar verschillende plaatsen op den Penanggoengan en Welirang en vervolgens eveneens naar Prambanan. Door den Heer Perquin werden de tempels Kali-tjilik. Sawentar en Soem- berdjati herhaaldelyk bezoeht in verband met het opnemings- werk aldaar. terwijl genoemde ambtenaar bovendien de gerestaureerde bouwwerken in Olid-Bantam controleerde. Die laatste reis geschiedde in gezelsehap van Dr. Bosch."
OV_1916,1916,33,0,volcanic,welirang,Welirang,Welirang,,,,1,"Door den Heer Leydie Melville werd een voorloopig onderzoek ingesteld naar versehillende overblijfselen op de hellingen van Penauggoengan, Welirang en Andjosmoro ; waar noodig werden tevens globale opmetingen gedaan en foto’s vervaardigd."
OV_1916,1916,35,0,volcanic,welirang,Welirang,Welirang,,,location+material+site+volcanic,4,"Tegen de hellingen vau Welirang en Andjobmoro, in het onderdistriet Patjet, werd blijkens rapport van den Heer Melville het volgende gevonden. Aan den rand van het bosch Padoesan versehillende door de bevolking herstapelde fragmen- ten : bij Tjandi Padoesan sporen van een muur: in het bosch Soember-ngadiman een gescliondeu beeld. een uandi en een Ciwa-kop ; in het bosch Sikoening twee staandefiju bekapte steenen : in Djaroeman overblijfselen van een tjandi ; in desa Sendi een put met tjandisteen"
OV_1916,1916,43,0,volcanic,ringgit,Ringgit,ringgit,,,site+volcanic,2,"besehreven steen van Poegeran. besehreven zuiltje van Poeg&ran. steenblok van Krapiak met jaartal ] 336. steenblok \an K^mbang-ringgit met jaaital 1213. steenblok van Trolojo met jaartal 1218. bescbreven steen van Patjet-wetan. besehreven steen van Boedoekgede (Padoesan). steenblok van Tjandi Selok&lir (A.) met jaartal 1356. „ , , - - - 13. „ . 64. „ „ „ , . jaartal 1356. steenblok van G. Bskel (Tjandi B.) met 91. , , 86 . . , , . jaartal 1380. , (Tjandi C.) . • 1386 (?). , . • . . . 1388."
OV_1916,1916,57,0,volcanic,tephra,tephra/ash/tuff,asch,,,location+volcanic,2,Van de Directie van het Bataviaasch Genootsehap van Kunsten en Wetemehappen: Tijdschrift 56. afl. 5 en 6: Verhand. 61. 2de stuk en Notulen 1914. afl. 4.
OV_1916,1916,61,0,volcanic,dieng,Dieng,Dieng,,,,1,"Dr. Bosch zal versehillende Midden -Javaansche lnonumen- ten bezoeken en zieh verder bezig houden met zijn epigra- phische werkzaamheden. Door den Heer Perqnin zullen in het bijzonder de onderzoekingen te Soemberdjati beeindigd worden. waarna een aanvang zal worden genmakt met die te Penampihan. De Heer Leydie Melville zal belast worden met de voortzetting der oudheidkundige werkzaamheden op het Dieng- plateau, terwijl de Heer de Vink in Atjeh op de gewone wijze zal verder werken."
OV_1916,1916,143,0,volcanic,tengger,Tengger,Tengger,,,material+volcanic,2,"wel langen tijd aangetroffen hebben : wanneer dus b.v. op de koperplaat van 1463 2 ) staat, dat zij te Majapakit beschreven is. dan is er niets tegen orn die mededeeling voor juist te houden. Missehien beboorde de scbrijver ervan met de zijnen tot de groep uitgewekenen, die zieh tegen den Tengger gevestigd hebben — daar althans is de koper- plaat gevondeu — en in dat geval zou die verhnizing dus na 1463 hebben plaats gekad. Het verlies van alle politieke betee- kenis, gepaard gaande met het wegt"
OV_1916,1916,198,0,volcanic,dieng,Dieng,Dieng,,,location+site+volcanic,3,"In het begin van het kwartaal ondernam ik met Dr. Bosch een dienstreis naar Prambanan en Borobudur, waarna de Heer Bosch nog den Dieng bezocht. In Juni begaf ik mij op een controlereis in de afdeeltngen Kediri. Blitar, Malang, Modjokerto, Pasoeroean, Kraksaan, Bondowoso en Banjoewangi en voorts naar Bali. Het; eerste deel van die reis werd medegemaakt door den Heer Perquin, het tweede door den Heer Melville. Eerstgenoemde bezocht bovendien onderscheiden plaatsen in Blitar en Toeloengagoeng, bene"
OV_1916,1916,198,0,volcanic,dieng,Dieng,Dieng,,,location+site+volcanic,3,"In het begin van het kwartaal ondernam ik met Dr. Bosch een dienstreis naar Prambanan en Borobudur, waarna de Heer Bosch nog den Dieng bezocht. In Juni begaf ik mij op een controlereis in de afdeeltngen Kediri. Blitar, Malang, Modjokerto, Pasoeroean, Kraksaan, Bondowoso en Banjoewangi en voorts naar Bali. Het; eerste deel van die reis werd medegemaakt door den Heer Perquin, het tweede door den Heer Melville. Eerstgenoemde bezocht bovendien onderscheiden plaatsen in Blitar en Toeloengagoeng, bene"
OV_1916,1916,221,0,volcanic,dieng,Dieng,Dieng,,,site+volcanic,2,"Het onderzoek op het Dieng -plateau werd onder leiding van den Heer Melville weder opgevat; het terreinonderzoek nadert nu zijn eind. Gewerkt werd aau de nieuw gevonden fundamenten L en S en aan de reeds hekende, dock nog niet nauwkeurig opgenomen 12, 13 en 20 — 24."
OV_1916,1916,267,0,volcanic,dieng,Dieng,Dieng,,,,1,Op den Dieng werd aari voorloopige teekeningen gewerkt ; verder wordt verwezen naar Bijlage L. §11. Musea en Verzamelingen.
OV_1916,1916,273,0,volcanic,dieng,Dieng,Dieng,,,site+volcanic,2,"De Heer Perquin zal zijn werkzaamheden voortzetten, in de eerste plaats aan Tjandi Tegawangi en zoo mogelijk ook aan Soerawana. Onder leiding van den Heer Melville zal zoowel op bet Dieng-plateau als bij Tjandi Tikoes verder onderzoek plaats bebben, terwijl de Heer De Vink op de gewone wijze in Atjeli werkzaani blijft."
OV_1916,1916,274,0,volcanic,welirang,Welirang,Welirang,,,location+material+site+volcanic,4,"De Cbef van den Ondbeidkundigen Dienst, Dr. N. J. Kro3i. Batavia, Juli 1915. B IJ L A G E K. Lijst der fotografische opnamen over het 2 de kwartaal 19J5. Nummer. Formaat. Plaats. Korte omschrijving. 2182 18 X 24 Poetoeh Poejang (Welirang). gezicht op de overblijfselen. 2182 bis „ id. 2183 id. zelfde van meer nabij. 2184 „ id. zelfde, met publiek. 2185 - Poetoeh Gfriang (Welirang). gezicht op de overblijfselen. 2186 „ Penanggoengan. twee nissen. 2186 bis id. zelfde. 2187 Tjandi Selo-kSlir. gezich"
OV_1916,1916,274,0,volcanic,welirang,Welirang,Welirang,,,location+material+site+volcanic,4,"De Cbef van den Ondbeidkundigen Dienst, Dr. N. J. Kro3i. Batavia, Juli 1915. B IJ L A G E K. Lijst der fotografische opnamen over het 2 de kwartaal 19J5. Nummer. Formaat. Plaats. Korte omschrijving. 2182 18 X 24 Poetoeh Poejang (Welirang). gezicht op de overblijfselen. 2182 bis „ id. 2183 id. zelfde van meer nabij. 2184 „ id. zelfde, met publiek. 2185 - Poetoeh Gfriang (Welirang). gezicht op de overblijfselen. 2186 „ Penanggoengan. twee nissen. 2186 bis id. zelfde. 2187 Tjandi Selo-kSlir. gezich"
OV_1916,1916,283,0,volcanic,ringgit,Ringgit,ringgit,,,,1,"So e mbe r d j e dj e r-kr ad j an en G. Semodo, thans Mus. Modjok. no. 503 en 537. steenen met jaartallen 1- ^ en ]265. 2218 - Kembangringgit, thans Mus. Modjok. no. 5 1 5. steen met jaartal 1213. 2219"
OV_1916,1916,288,0,volcanic,tephra,tephra/ash/tuff,asch,,,location+material+site+volcanic,4,] . De nmnmers zijn die yan Kapp. Oudh. Comm. 1909 p. 59-116. 78 Nuromer. Forraaat. Plaats. Korte oraschrijying. 2307 18 X 24 Prambanan. losstaand relief no. 139. 2308 id. m m 7 140. 2309 id. m 7 7 141. 2310 id. 7 142. 2311 id. m r 143. 4 2312 id. m m m 144. 2313 id. m m m 145. 2314 id. m 7 146. 2315 id. _ m 7 147. 2316 id. m 7 148. 2317 id. 149. 2318 id. 7 150. 2319 id. “ 151 ei ' 0 2320 id. 153 e? j 04 2321 7 id. 7 155. 2322 id. m m 7 156. 2323 id. _ 7 157. 2324 m id. m 7 158. 2325 „ id. m m 7
OV_1916,1916,309,0,volcanic,ijen,Ijen,ijen,,,,1,Te Boro-Budur werden nuatregelen genonxen om de vloeren der gaanderijen. wavr op verscluddene plaatsen de 98
OV_1916,1916,323,0,volcanic,mountain,Mountain reference,Goenoeng Paugonan,Paugonan,,,1,"Op den Dievg hadden de werkzaamheden bun gewonen voortgang. Aan de Noordelijke belling van den Goenoeng Paugonan werd een overblijfsel van eene bouwwerk aange- trotfen, dat men nil bezig is te ontgraven, op te meten en te teekenen."
OV_1916,1916,336,0,volcanic,tephra,tephra/ash/tuff,asch,,,location+material+site+volcanic,4,"De beide beelden van Redjo-Agoeng (distr. Pare, res. Kediri, zie Oudh. Versl. 1914 p. 190) alsmede een steen met jaartal 1086, beboorend tot de verzameling van den heer van Stein Callenfels, werden door bet Bataviaasch Genootschap aangekocht. § 12. Lijst van monumenten."
OV_1916,1916,339,0,volcanic,tephra,tephra/ash/tuff,asch,,,location+site+volcanic,3,"A an boelnverken werden ten geschenke ontvangen : van de Archeological Survey of India : Three Turki Manuscripts. Van dezelfde: Annual Progress Report, Hindu and Buddki- Monuments Northern Circle en Annual Report 1911/12 part I. Van den Super intendant Arch. Survey. Burma: Report for the year ending 31 March 1915 en van den Superintendant Arch. Survey Froutier Circle: Annual Report 1914 — 1915. Van de directie van het Bataviaasch Genoot- schap Notulen 1915, afl. 2. § 15. Programma voor het volge"
OV_1916,1916,340,0,volcanic,dieng,Dieng,Dieng,,,site+volcanic,2,"De heer Melville zal het hevstellingswerk aan de gopoero Badjang-ratoe ter hand nemen en zijne werk- zaamheden o|) den Dieng vervolgen. Onder persoonlijk toezicht van den heer Perquin zullen de bijgelapte re- liefs van tjandi Panataran verwijderd worden. Verder zullen door dezen heer de ijandi's Toeban en Gambar in distr. Ngoenoet of wel Penampihau in distr, Kalangbret onder handen genomen worden, terwijl, zoo mogelijk de oudheden in cle verschillende deed’s van de distrieten Pare en Papar zulle"
OV_1916,1916,376,0,volcanic,ijen,Ijen,ijen,,,,1,"omliggend terrein lag; ter breedte van ongeveer tien meter werd dit afgegraven, terwijl, de bij de ontgraving blootge- komen geprofileerde en georuamenteerde steenen op den opgehoogden grond in rijen werden neergelegd."
OV_1916,1916,398,0,volcanic,tengger,Tengger,Tengger,,,site+volcanic,2,"5. Geprofileerde en geornamenteerde steenen (1 : 10). 6. Aanzichten N. O. en W. met doorsneden (1:20). Nummer 1 t/m 897, zie Notulen 1912 Bijl. IX. 898 899 900 901 902 903 901 905 906 907 908 909 910 910a 911 912 913 914 Tjandi Mendoet id. id. id. id. Tengger (Probolinggo). id. Menado (Celebes). Goegoeh, onderafd. L. Kota, Pad. Bovenl. id. id. id. Pase ( Atjeh en Onderh.) id. Pringapoes, di.Parakan; afd. Temanggoeng."
OV_1916,1916,403,0,volcanic,crater,crater,krater,,,material+volcanic,2,"moddervlakte van den krater, (Sd- garawedi. van het Western steen-inscriptie ruet het jaartal 1086 (Rapp. 1908 p. 162). 915 119 Yolg- No. Plaats. Korte omschrijving. Oude No. 916 Schiereiland Samoesier, (Tobameer) Batak- landen."
OV_1916,1916,414,0,volcanic,ijen,Ijen,Idjen,,,location+material+site+volcanic,4,"bijtempeltje der le en 4e rij. Rakshasa’s a/d oostelijken ingang. 270 271, 272 Singapore. tempel-gebouwen. 273 Bali. wajang-spel (een gevecht). 274 Soerakarta; coll. Raksadinin- verzameling bronzen beeldjes. grat ‘ thans Mus. aldaar). portret, tijdens opname der coll. 275 Soerakarta. Raksacliningrat d/d heer Knebel. 276 Proewoto; afd. Japara. monument (?). 277 ( ’elebes ; thans Mus. Bat. grafurn (kleine chin, martevaan . Ethnogr. Yer/. 17120. Yolg No. Plaats. Ivorte omscbrijving. 278 Hyang-j lat"
OV_1916,1916,448,0,volcanic,mountain,Mountain reference,Goenoeng W,W,,site+volcanic,2,reis medemaakten. In November werd door den beer Mel- ville een onderzoek ingesteld naar de oudheden op den Goenoeng W^lirang. voor welks bijzonderheden men § 6 raadplege.
OV_1916,1916,470,0,volcanic,welirang,Welirang,Welirang,,,location+material+site+volcanic,4,"Van uit Patjei werden van den lGden tot den 23sten November door den beer Leydie Melville tochten ondernomen ten einde een nader onderzoek in te stellen naar de oud- beden om den Goenoeng Welirang gelegen. x ) In bet boscb Sjkoening, op ongeveer een uur gaans van Patjet. werd aan den kant van de waterleiding een lingga van gewoon model aangetroffen. In de onmiddellijke nabijheid bevindt zieb een overblijfsel van een Hindoe-bouwwerk van bakateen (3.65X1*^ M.), waarbij een beeldbouwwerk in den gro"
OV_1916,1916,470,0,volcanic,mountain,Mountain reference,Goenoeng Welirang,Welirang,,location+material+site+volcanic,4,"Van uit Patjei werden van den lGden tot den 23sten November door den beer Leydie Melville tochten ondernomen ten einde een nader onderzoek in te stellen naar de oud- beden om den Goenoeng Welirang gelegen. x ) In bet boscb Sjkoening, op ongeveer een uur gaans van Patjet. werd aan den kant van de waterleiding een lingga van gewoon model aangetroffen. In de onmiddellijke nabijheid bevindt zieb een overblijfsel van een Hindoe-bouwwerk van bakateen (3.65X1*^ M.), waarbij een beeldbouwwerk in den gro"
OV_1916,1916,496,0,volcanic,dieng,Dieng,Dieng,,,site+volcanic,2,Door den heer Melville zal in bet aaustaand kwartaal bet ontgravingswerk op den Dieng beeindigd worden. A an Tjandi Tikoes zal een under onderzoek imar bet beloop van den ringmuur en bet niveau van Let terrein worden iugesteld.
OV_1916,1916,540,0,volcanic,mountain,Mountain reference,Goenoeng Wtlirang,Wtlirang,,,1,"a. voor- en binnenaanzicht na het aan- brengen van ijzeren raamkolommen. op millimeterpapier. (1:20). b. details, op millimeterpapier. (1:4). Goenoeng Wtlirang (i/h onderdistr. Patjet)."
OV_1916,1916,541,0,volcanic,welirang,Welirang,Welirang,,,material+site+volcanic,3,"overzichts-kaart van het oudheidk. onderzoek op Gng. Welirang. op cal- queerlinnen. (1 : 20000). 164 Poetoek Poejang. doorsnede, hoofdhap op millimeterpa- pier. schaal (1:20). Goenoeng Biroe. a. platte grond, voor- en zijaanzicht op millimeterpapier. (1 : 50). b. zijaanzicht gebakken aarden urn op millimeterpapier. (1:2). Goenoeng Sikoening, a. platte grond van overblijfselen uit den Hindoe-tijd op millimeterpapier. . (1:50). h. zijaanzielit en horizon tale doorsnede van een lingga op millimeter"
OV_1916,1916,541,0,volcanic,dieng,Dieng,Dieng,,,material+site+volcanic,3,"overzichts-kaart van het oudheidk. onderzoek op Gng. Welirang. op cal- queerlinnen. (1 : 20000). 164 Poetoek Poejang. doorsnede, hoofdhap op millimeterpa- pier. schaal (1:20). Goenoeng Biroe. a. platte grond, voor- en zijaanzicht op millimeterpapier. (1 : 50). b. zijaanzicht gebakken aarden urn op millimeterpapier. (1:2). Goenoeng Sikoening, a. platte grond van overblijfselen uit den Hindoe-tijd op millimeterpapier. . (1:50). h. zijaanzielit en horizon tale doorsnede van een lingga op millimeter"
OV_1916,1916,541,0,volcanic,mountain,Mountain reference,Goenoeng Biroe,Biroe,,material+site+volcanic,3,"overzichts-kaart van het oudheidk. onderzoek op Gng. Welirang. op cal- queerlinnen. (1 : 20000). 164 Poetoek Poejang. doorsnede, hoofdhap op millimeterpa- pier. schaal (1:20). Goenoeng Biroe. a. platte grond, voor- en zijaanzicht op millimeterpapier. (1 : 50). b. zijaanzicht gebakken aarden urn op millimeterpapier. (1:2). Goenoeng Sikoening, a. platte grond van overblijfselen uit den Hindoe-tijd op millimeterpapier. . (1:50). h. zijaanzielit en horizon tale doorsnede van een lingga op millimeter"
OV_1916,1916,541,0,volcanic,mountain,Mountain reference,Goenoeng Sikoening,Sikoening,,material+site+volcanic,3,"overzichts-kaart van het oudheidk. onderzoek op Gng. Welirang. op cal- queerlinnen. (1 : 20000). 164 Poetoek Poejang. doorsnede, hoofdhap op millimeterpa- pier. schaal (1:20). Goenoeng Biroe. a. platte grond, voor- en zijaanzicht op millimeterpapier. (1 : 50). b. zijaanzicht gebakken aarden urn op millimeterpapier. (1:2). Goenoeng Sikoening, a. platte grond van overblijfselen uit den Hindoe-tijd op millimeterpapier. . (1:50). h. zijaanzielit en horizon tale doorsnede van een lingga op millimeter"
OV_1917,1917,1,0,volcanic,tephra,tephra/ash/tuff,ASCH,,,location+volcanic,2,BATAVIAASCH GENOOTSCHAP VAN KUNSTEN EN WETENSCHAPPEN WELTEVREDEN ALBRECHT & Co. S GRAVENHAGE M. NIJHOFF. INHOUD Biz.
OV_1917,1917,24,0,volcanic,dieng,Dieng,Dieng,,,location+site+volcanic,3,"Door den heer Callenfels werden dienstreizen onderno- men naar Prambanan, Boroboedoer en het Dieng-plateau; voor het overige bevond hij zich te Gedong Sanga. § 4. Beseherming van monumenten,"
OV_1917,1917,28,0,volcanic,ijen,Ijen,ijen,,,location+site+volcanic,3,"Onder § 1 werd melding gemaakt van de toevoeging van den gep. Regent van Bangil en den gep. Patih van Djombang aan den Oudheidkundigen Dienst. De zoo bij uitstek tot oordeelen bevoegde gep. Regent van Modjokerto bracht nog eens onder onze aandacht, dat ongetwijfeld een groot aantal vondsten nooit ter kennis van den Oudhk. Dienst komt, daar de inlandsche bevoiking, steeds bevreesd als zij is voor „soesah”, ongaarne inlichtingen omtrent haar bekende oudheden aan Europeanen verstrekt en liever de v"
OV_1917,1917,46,0,volcanic,kelud,Kelud,Kloet,,,location+material+site+volcanic,4,"Tjandi Ngetos ligt 5 paal ten Noorden van Berbek, op de Wilis, met een prachtig vergezicht over de vlakten van Ngandjoek in het Noorden en van Kediri in het Zuid- Oosten met den Kloet aan den horizon. Zooals op de foto’s Nos. 1 863 — 1866 te zien is, bevond de tempel zich niet alleen in een zeer verwaarloosden toestand, maar was gevaar voor instorting niet denkbeeldig. Immers, waar in het algemeen voor afsluiting van doorgangen en nissen 8"
OV_1917,1917,46,0,volcanic,wilis,Wilis,Wilis,,,location+material+site+volcanic,4,"Tjandi Ngetos ligt 5 paal ten Noorden van Berbek, op de Wilis, met een prachtig vergezicht over de vlakten van Ngandjoek in het Noorden en van Kediri in het Zuid- Oosten met den Kloet aan den horizon. Zooals op de foto’s Nos. 1 863 — 1866 te zien is, bevond de tempel zich niet alleen in een zeer verwaarloosden toestand, maar was gevaar voor instorting niet denkbeeldig. Immers, waar in het algemeen voor afsluiting van doorgangen en nissen 8"
OV_1917,1917,71,0,volcanic,tephra,tephra/ash/tuff,asch,,,location+material+volcanic,3,"De epigraphische collectie van het Bataviaasch Genoot- schap werd verrijkt met een tweetal koperen platen, die zich vroeger in het bezit van Mr. Kruseman te Soera- baja bevonden. Van den Assistent-Resident van Toeban ontvingen wij een potloodafteekening van een nog onbeken- den beschreven steen uit de desa Bandoeng (onderdistrict Ploempang, distr. Rengel, afd. Toeban) van 1277 Claka. Bij de re-inventarisatie van Rembang zal over dezen en een zich terzelfder plaatse bevindenden steen nader gerap-"
OV_1917,1917,95,0,volcanic,lamongan,Lamongan,Lamongan,,,,1,"Sendang-doewoer, distr. Pa- tjiran, afd. Lamongan. Manara. 304 id. id. hoofdingang i?) 305 id. id. gevleugelde poort. 306 id. id. gelijksoortige poort. 307 id."
OV_1917,1917,103,0,volcanic,tengger,Tengger,Tengger,,,location+material+volcanic,3,"onafgewerkt steenen beeld van Buddha (van voren gezien). 313a. id. id. (van ter zijde). 314 Tengger-gebergte, residen- tie Pasoeroean. steenen beeld der Trimoerti, (in partic. bezit). 315"
OV_1917,1917,104,0,volcanic,dieng,Dieng,Dieng,,,site+volcanic,2,"Tjandi Perot, distr. Parakan, afd. Temanggoeng, Kedoe. detail van den door boomwortels omklemden tempel. Bijlage C Stand van het teekenwerk Iste kwartaal 1917. Dieng-plateau :"
OV_1917,1917,115,0,volcanic,dieng,Dieng,Dieng,,,site+volcanic,2,"In het Oudh. Versl. 1916, 2de kwart., § 6, wees de Chef van den Dienst, m.i. zeer terecht, in algemeene trekken op de verschillen, die er bestaan tusschen de tempels van het Oengarangebergte en die van het Dieng-plateau, verschillen die het duidelijkst gedemonstreerd worden door de ligging ; na lezing van § 6 en na herhaald bezoek aan de Oengaran-monumenten werd mij dit duidelijk, maar een uitvoerige stijlbeoordeeling of kunst- beschouwing kan m.i. beter tot later uitgesteld worden. Het verdient"
OV_1917,1917,115,0,volcanic,ungaran,Ungaran,Oengaran,,,site+volcanic,2,"In het Oudh. Versl. 1916, 2de kwart., § 6, wees de Chef van den Dienst, m.i. zeer terecht, in algemeene trekken op de verschillen, die er bestaan tusschen de tempels van het Oengarangebergte en die van het Dieng-plateau, verschillen die het duidelijkst gedemonstreerd worden door de ligging ; na lezing van § 6 en na herhaald bezoek aan de Oengaran-monumenten werd mij dit duidelijk, maar een uitvoerige stijlbeoordeeling of kunst- beschouwing kan m.i. beter tot later uitgesteld worden. Het verdient"
OV_1917,1917,115,0,volcanic,ungaran,Ungaran,Oengaran,,,site+volcanic,2,"In het Oudh. Versl. 1916, 2de kwart., § 6, wees de Chef van den Dienst, m.i. zeer terecht, in algemeene trekken op de verschillen, die er bestaan tusschen de tempels van het Oengarangebergte en die van het Dieng-plateau, verschillen die het duidelijkst gedemonstreerd worden door de ligging ; na lezing van § 6 en na herhaald bezoek aan de Oengaran-monumenten werd mij dit duidelijk, maar een uitvoerige stijlbeoordeeling of kunst- beschouwing kan m.i. beter tot later uitgesteld worden. Het verdient"
OV_1917,1917,121,0,volcanic,tephra,tephra/ash/tuff,asch,,,location+volcanic,2,"Wat Selagrija betreft, ook daarvoor kan ik verwijzen naar mijn rapport van 1914 en naar de beschrijving van den heer Van Erp, in het Rapp- van 1912, biz. 84; wat den gevaarlijken toestand aan de Noordzijde betreft, wer- den met den Ass. Wedono van Bandongan maatregelen getroffen om het afstroomende water een andere richting te geven ; te dien einde ontving de Kapala-desa de noodige aanwijzingen met het verzoek vooraf een prijsopgave in te dienen ; (ook hier werden een drietal foto’s gemaakt, die"
OV_1917,1917,166,0,volcanic,dieng,Dieng,Dieng,,,burial+location+site+volcanic,4,"De heer Callenfels rapporteert omtrent de werkzaam- heden te Gedong Sanga: Met de sorteering der bij de ontgraving te voorschijn gekomen steenen werd geregeld voortgegaan ; dit werk is geheel klaargekomen bij de groe- pen I, II, IV en VI en gedeeltelijk bij groep V. Alle groepen werden geregeld schoongehouden. Hoe langer hoe meer blijkt de belangrijkheid van het Gedong-Sanga- ' complex ook ten aanzien der andere Midden-Javaansche tempels. Zoo bracht het nu weer de oplossing' van een vraagstuk, d"
OV_1917,1917,167,0,volcanic,dieng,Dieng,Dieng,,,location+material+site+volcanic,4,"1) Men heeft de soubassementen van de bedoelde tempels juist op dezelfde wijze opgetrokken als de muren, die men nog dagelijks op Bali kan zien bouwen. Zij bestaan uit een kern van leem of aarde, kahkeien, baksteenbrokken e. d. opvulsel en twee evenwijdige ..buitenkorsten” van vlak- en pasgeslepen, met wat modder gevoegde, ,,koud op elkaar gelegde"" natuur- of baksteenen. Ook op den Dieng treft men funda- menten van dergelijke ,,holle"" muren m menigte aan. Bali leert, dat hierbij mderdaad, zooals"
OV_1917,1917,168,0,volcanic,dieng,Dieng,Dieng,,,site+volcanic,2,"van de bovcngenoemde Dieng-tempels, nml. een tempel staande op een loodrecht, geheel onbewerkt voetstuk. Bij een bezoek aan den Dieng bleek nu, dat bij de tempels, die dien eigenaardigen voet vertoonen. op korteren of verderen afstand, al naar gelang van de hoogte van het loodrechte, onbewerkte voetstuk, om de tempels heen het fundament van een muurtje loopt. Blijkbaar heeft men dus hier op de- zelfde wijze gewerkt als bij groep V te Gedong Sanga. Het loodrechte, onbewerkte voetstuk is dus feite"
OV_1917,1917,168,0,volcanic,dieng,Dieng,Dieng,,,site+volcanic,2,"van de bovcngenoemde Dieng-tempels, nml. een tempel staande op een loodrecht, geheel onbewerkt voetstuk. Bij een bezoek aan den Dieng bleek nu, dat bij de tempels, die dien eigenaardigen voet vertoonen. op korteren of verderen afstand, al naar gelang van de hoogte van het loodrechte, onbewerkte voetstuk, om de tempels heen het fundament van een muurtje loopt. Blijkbaar heeft men dus hier op de- zelfde wijze gewerkt als bij groep V te Gedong Sanga. Het loodrechte, onbewerkte voetstuk is dus feite"
OV_1917,1917,181,0,volcanic,ijen,Ijen,ijen,,,site+volcanic,2,"Behalve de voren beschreven fragmenten werden bij de verdere ontgraving nog talrijke sierstukken gevonden, waaronder fraaie bloemornamenten en ineengedrongen, neergehurkte, en met de handen dragende gana-figuren. Ornamenten, zooals die bij de tempels der 4 rijen voorkomen, werden bijna niet gevonden, zoodat de ontgraven tempei een geheel anderen opbouw gehad moet hebben. Alle geprofileerde en geornamenteerde steenen werden afzon- derlijk opgestapeld, terwijl de sierstukken van den tempel- voe^, "
OV_1917,1917,187,0,volcanic,tephra,tephra/ash/tuff,asch,,,location+material+volcanic,3,"Bij ons bezoek aan Ngandjoek waren wij in de gele- genheid een drietal bronsjes te bezichtigen, die zich in particulier bezit van den heer Van der Blij bevinden en tot de groote bronsvondst van Ngandjoek bleken te behooren. Daar de buitensporig hooge prijs, die gevraagd werd, aankoop voor de collectie van het Bataviaasch Genootschap onmogelijk maakte, konden jammer genoeg alleen foto’s van de interessante exemplaren vervaardigd worden."
OV_1917,1917,197,0,volcanic,tephra,tephra/ash/tuff,asch,,,location+material+site+volcanic,4,"De verklaring van de Bubuk:ah-basreliefs aan het pen- dapaterras van Panataran kwam gereed evenals die van de Parthavajiia-serie aan tjandi Toempang. Beide artikelen werden aan het Bataviaasch Genootschap ter publiceering aangeboden. Als bijlage kan men voorts hierachter aantref- fen eene poging om een tweetal plaatsen, bekend uit den Niigarakrt^gama, terecht te brengen."
OV_1917,1917,219,0,volcanic,tephra,tephra/ash/tuff,asch,,,location+site+volcanic,3,"De fotografieen en bouwkundige teekeningen, die noo- dig zijn voor het Gedenkboek, hetwelk het Bataviaasch Genootschap van Kunsten en Wetenschappen zich voor- stelt ter viering van het 300-jarig bestaan van de stad Batavia in 1919 uit te geven (zie Notulen 1917 p. 37 sq., 63 sq. en 74 sq.), zullen door den Oudheidkundigen Dienst worden vervaardigd. De algemeene leiding der hiermede samenhangende werkzaamheden, waarvan in de volgende kwartaalverslagen geregeld rapport zal worden uitgebracht, zal "
OV_1917,1917,245,0,volcanic,mountain,Mountain reference,Goenoeng Kidoel,Kidoel,,material+volcanic,2,"Kademangan, distr. Prengoek, afd. Goenoeng Kidoel, thans Mus. Bat. No. 558b. bronzen beeldje van Wairocana. 327 id. zelfde beeld van ter zijde. 328"
OV_1917,1917,247,0,volcanic,tengger,Tengger,Tengger,,,location+volcanic,2,"Tengger-plateau, district Tengger, afd. Pasoeroean fthans i'h bezit v/d Opz. b d Topogr. Dienst H. H. A. Jopp te Bandoeng)."
OV_1917,1917,247,0,volcanic,tengger,Tengger,Tengger,,,location+volcanic,2,"Tengger-plateau, district Tengger, afd. Pasoeroean fthans i'h bezit v/d Opz. b d Topogr. Dienst H. H. A. Jopp te Bandoeng)."
OV_1917,1917,249,0,volcanic,merbabu,Merbabu,Merbaboe,,,,1,"Merbaboe Co d zuidl. top) distr. Tegalredja, afd. Ma~ gelang (Kedoe)."
OV_1917,1917,251,0,volcanic,mountain,Mountain reference,Goenoeng Lawoe,Lawoe,,location+volcanic,2,"Goenoeng Lawoe, district Karang pandan, res. Soerakarta."
OV_1917,1917,251,0,volcanic,lawu,Lawu,Lawoe,,,location+volcanic,2,"Goenoeng Lawoe, district Karang pandan, res. Soerakarta."
OV_1917,1917,279,0,volcanic,tephra,tephra/ash/tuff,asch,,,location+material+volcanic,3,"Voor zoover mij bekend is, heeft dat stuk beschreven steen ons nog niet verder gebracht, doch intusschen is door den beer Perquin in het gehucht Meleri een andere steeninscriptie gevonden, waarvan het jaartal onleesbaar is, doch die een Ganega als zegelmerk voert, terwijl Dr. F. D, K. Bosch mij mededeelde, met behulp van den abklatsch den koningsnaam althans gedeeltelijk te kunnen ontcijferen. ZEZGel. las: ,,Qri maharaja rake sirikan qri aryyaryyegwara madhusudanawatara wijaya dani- wiryya parak"
OV_1917,1917,281,0,volcanic,tephra,tephra/ash/tuff,asch,,,location+material+volcanic,3,"voor, dat de inscriptie van Meleri berust op eene authen- tieke oorkonde van een der Kedirische vorsten uit de laatste jaren der lie (^aka-eeuw. Of de naam Waleri zelf op de inscriptie voorkomt is mij nog onbekend, doch wel kan die worden aangetroffen in de bekende Transscriptiebundels van wijlen Dr.. Brandes, uitgegeven door Dr. Krom als deel LX der Verhandelingen van het Bataviaasch Genoot- schap en wel onder No. LXXV, transscriptie van den steen van Pertapan uit 1120. In de aanteekening van D"
OV_1917,1917,326,124,volcanic,tephra,tephra/ash/tuff,asch,,,location+volcanic,2,Als lid eener Commissie van advies van het Bataviaasch 72
OV_1917,1917,333,0,volcanic,dieng,Dieng,Dieng,,,location+material+site+volcanic,4,"De ontgraving van de tempelresten te Noesoekan aan het Bandjir-kanaal (Soerakarta) werd in dit kwartaal beeindigd. Door het vinden van een gedeelte van den ringmuur van het oude tempelterrein kon geconstateerd worden, dat. wat nu te voorschijn is gekomen, slechts een klein hoekje van de oorspronkelijke oppervlakte geweest is. Het grootste deel is verwoest bij het graven van het Bandjir-kanaal. Behalve de resten van den ringmuur werden nog de fundamenten van een paar baksteenen gebouwtjes ontgrav"
OV_1917,1917,384,0,volcanic,kelud,Kelud,Kloet,,,location+material+site+volcanic,4,"klem tempeltie. opgebouwd van steenen gevonden op de begraafplaats en in de kali en gebruikt voor brug- gehoofden. 2921 id. gencht op den Kloet van den hoofdtempel af. 2922 id. terras met laartal. reliefs 2923 id. aan de Noordzijde. id. id. 2924 id. id. id. 2925 id. id. id. 2926 id. id. id. 2927 id. id. id. 2928 id. id, id. 2929 id id ad Oostzijdc. 2930 id. id. id. 2931 id. id. id. 29 32 id. id id. 2933 id. id. id 2934 id. id. id. 85 Nummer Formaat Plaats Korte omschrijving 2935 2936 2937 2938 1"
OV_1917,1917,465,0,volcanic,tephra,tephra/ash/tuff,asch,,,location+site+volcanic,3,"Ik wil niet beweren, dat Olivier de Kedirische oudheden niet uit eigen aanschouwing kende, maar het schijnt zeker te zijn, dat hij zich niet bij machte gevoeld heeft, een eigen beschrijving te leveren en dat hij zich tevreden gesteld heeft met het naschrijven (zeer verkort en vol- strekt niet overal juist) van Horsfield, wiens beschrijving Raffles in zijn werk opgenomen heeft. ] )"
OV_1917,1917,531,0,volcanic,tephra,tephra/ash/tuff,asch,,,location+material+volcanic,3,"De heer Callenfels rapporteert : De koperen platen door den heer Trail indertijd in het Djatiragasche (Toeban) aangekocht, werden bezichtigd. Het bleken twee stukken uit het midden en het einde eener oorkonde te zijn, zonder vermelding van personen of data. Interessanter was het zevental platen, dat ik ter inzage kreeg in de kaboepaten te Modjokerto, afkomstig van de desa Bloeloek onder Lamongan. Twee der platen bevatten elk een complete oorkonde, terwijl de 5 overige de nos. 1, 2, 4, 5 en 6 een"
OV_1917,1917,531,0,volcanic,lamongan,Lamongan,Lamongan,,,location+material+volcanic,3,"De heer Callenfels rapporteert : De koperen platen door den heer Trail indertijd in het Djatiragasche (Toeban) aangekocht, werden bezichtigd. Het bleken twee stukken uit het midden en het einde eener oorkonde te zijn, zonder vermelding van personen of data. Interessanter was het zevental platen, dat ik ter inzage kreeg in de kaboepaten te Modjokerto, afkomstig van de desa Bloeloek onder Lamongan. Twee der platen bevatten elk een complete oorkonde, terwijl de 5 overige de nos. 1, 2, 4, 5 en 6 een"
OV_1918,1918,1,0,volcanic,tephra,tephra/ash/tuff,ASCH,,,location+volcanic,2,uitgegeven door het BATAVIAASCH GENOOTSCHAP VAN KUNSTEN EN WETENSCHAPPEN welte vreden ALBRECHT & Co. s gravenhage M. NIJHOFF . ;CA1. . ..Lill. 370 I N H O U D Biz.
OV_1918,1918,20,0,volcanic,lamongan,Lamongan,Lamongan,,,material+volcanic,2,"Bijlage R. Koperen platen van Bloeloek (Lamongan) 175 Errata 178 Otidheidkimdig Verslag OVER HEX Berste Kwartaal 1918. § 1, Personeel."
OV_1918,1918,26,0,volcanic,dieng,Dieng,Dieng,,,location+site+volcanic,3,"De beer Van Stein Callenfels ondernam dienstreizen naar de meestc tempels in Modjokerto, Bangil, Sidoardjo en Kraksan, verder naar de Prambanan- tempels, de tem- pels in Kcdoe en op het Dieng-plateau en verbleef den overigcn tijd te^ Gedong Sanga,"
OV_1918,1918,53,0,volcanic,tephra,tephra/ash/tuff,asch,,,location+material+volcanic,3,"Met groote ingenomenheid zij hier vermeld, dat wij op het Oudheidkuadig Bureau eene belangrijke bronscoilectie, in het bezit van den heer Termijtelen, Sb Pesantren, Kediri. ter bezichtiging mochten ontvangen* De ccliectie behoort tot de vermaarde bronsvondst van Ngandjoek, opgedolven in 1913* De Oudheidkundige Dienst had vernomen, dat er zich zgn* Ngandjoek'-bronsjes in handen van verschillende particulieren bevonden, en de exemplaren, die het Museum van het Bataviaasch Genoot- schap bezit, wett"
OV_1918,1918,58,0,volcanic,tephra,tephra/ash/tuff,asch,,,location+material+volcanic,3,"Tevens deed ik een poging om vast te stellen, wat nu eigcnlijk de basreliefserie aan de achterzijde van den tern- pel voorstelt. Zooals bekend is, heeft Dr* J. L. A. Brandes indertijd de meening geopperd, dat men hier met illustra- tie's van de Garudeya te doen had. terwijl de heer Knebel in een der basreliefs de Agh^ura'-episode uit Krsna's jeugd zag en de heer D. van Hinloopcn Labberton cr op wees, dat men misschien met cen Jaka-Linglimg verhaal te doen had. Het plaatselijk onderzoek wees uit,"
OV_1918,1918,69,0,volcanic,lamongan,Lamongan,Lamongan,,,,1,"De door Hayam Wuruk volgens Zang 32 strophe 2 en Zang 34 strophe 2 bij zijn bezoek aan den wanacrama ri Sagara gevolgde weg, geeft ons geen andere aanduidin- gen, dan dat wij dien wanacrama op het zadel tusschen Lamongan en Yang moeten zoeken."
OV_1918,1918,80,0,volcanic,tephra,tephra/ash/tuff,asch,,,location+site+volcanic,3,De heer De Vink maakte ten behoeve van bedoeld Gedenkboek een aanvang met het fotografeeren van ver- scheidene Compagnies-oudheden in het Museum van het Bataviaasch Genootschap.
OV_1918,1918,86,0,volcanic,tephra,tephra/ash/tuff,asch,,,location+material+volcanic,3,"Bij schrijven van den Resident van Ternate van 11 Januari werden aan de Directie van het Bataviaasch Genootschap aangeboden en door haar ter behandeling aan den Oudheidkundigen Dienst overgedragen een tweetal afschriften van Latijnsche inscripties; de eene aangebracht in een steen, die zich vroeger in een huis bij den Hospitaal- weg ter hoofdplaats bevond, daarna weggevoerd werd, maar door den Resident achterhaald kon worden ; de andere in een steen, die in de binnenzijde van den Oostmuur van he"
OV_1918,1918,88,0,volcanic,tephra,tephra/ash/tuff,asch,,,location+volcanic,2,"De grafzerk werd door Dr. Brandes uitvoeng besproken in de Direcde-vergadenng van het Bataviaasch Genootschap van 15 juli 1901 (zie de Notulen van dat jaar p. 70 sqq.)* Een m 1910 il onder- nomen pogmg om den steen naar Batavia te doen overbrengen, leed schipbreuk. doordat de eigenaars der begraaf plaats Koepang geen afstand van de zerk wenschten te doen. 15"
OV_1918,1918,220,0,volcanic,tephra,tephra/ash/tuff,asch,,,,1,"Door Dr. N. J. Krom is er laatstelijk in zijn opstel : „De troonsbestijging van Suhita**, Tiidschrift van het Bata- viaasch Genootschap LVII biz. 23 e.v. de aandacht op gevestigd, dat de Oud-Javaansche erfopvolgingswet zich waarschijniijk als voIgt laat formuleeren : Bij gebrek aan mannelijk oir uit de hoofdvrouw voIgt op, met uitsluiting van zoons uit bijvrouwen^ de naaste prins van den bloede, gehuwd met de dochter van den overleden vorst uit de hoofdvrouw."
OV_1918,1918,222,0,volcanic,tephra,tephra/ash/tuff,asch,,,location+volcanic,2,"Vooreerst wordt met den naam rsi Getayu waarschijniijk Airlangga bedoeld (ook Dr. Krom nam deze gelijkstelling aan, vide Tijdschrift Bataviaasch Genootschap deel LVI, biz. 443, regel 19/20 van boven). Nu komen er in de babads diverse r^i s Getayu voor. De bekende proza- omzetting van de Babad Tanah Jawi geeft dezen naam aan den jongsten zoon van Kandiawan (tevens diens 42"
OV_1918,1918,235,0,volcanic,tephra,tephra/ash/tuff,asch,,,location+volcanic,2,"Dat hijzclf niet als vorst is overlcden, doch op een gegeven oogenblik ook kluizenaar is geworden, werd be- sproken laatstelijk door Dr. N. J. Krom in „Epigraphische Aanteekeningen III, De vorst, die te Tirtha is bijgezet” in deel LV van het Tijdschrift van het Bataviaasch Ge- nootschap biz. 596 e. v."
OV_1918,1918,255,0,volcanic,dieng,Dieng,Dieng,,,site+volcanic,2,"Door den Inspecteur van den Dienst werd een onderzoek ingesteld naar de bewaking der oudheden op het Dieng- plateau (zie vorig verslag p. 50) » waarbij de Assistent- Residenten van Wonosobo, Bandjarnegara en Batang hun hulp verlecnden. Over de resultaten zal afzonderlijk worden gerapportccrd. Voorloopig kan reeds medegedeeld worden, dat de bewaker door den Assistent-Resident van Wonosobo ontslagen is en in zijn plaats de heer G. van der Kamp werd aangesteld,"
OV_1918,1918,268,0,volcanic,mountain,Mountain reference,Goenoeng Gangsic,Gangsic,,site+volcanic,2,"Tjandi Goenoeng Gangsic. Eerst werd een steiger ge- plaatst, waarna het gat in de binnenruimte (zie boven) met zand gevuld en ingewaterd werd. De doorgang werd dichtgemetseld, doch ook hier ter halver hoogte een gat gespaard. Hiertoe werd een keermuur aan de binnenzijde van den doorgang opgetrokken tot aan den afgebrokkelden top en na het aanbrengen van een keermuur aan de voor- 100"
OV_1918,1918,277,0,volcanic,mountain,Mountain reference,Goenoeng Gangsir,Gangsir,,,1,"Op het Panataran-terrein werden een 60-tal foto's genomen en van de tjandi's Goenoeng Gangsir, Wringin 102"
OV_1918,1918,280,0,volcanic,mountain,Mountain reference,Goenoeng Gangsir,Gangsir,,site+volcanic,2,"De Bouwkundige zal zijne werkzaamheden te Pram- banan voortzetten. De heer De Haan zal de badkamer bi] den grooten weg te Panataran herstellen en een begin maken met het in teekening brengen van het Tjandi-Pa- nataran-complex, De heer Van Coolwijk zal de werkzaam- heden aan Tjandi Goenoeng Gangsir voltooien en ver- volgens een begin maken met die aan Poort Derma."
OV_1918,1918,281,0,volcanic,dieng,Dieng,Dieng,,,location+site+volcanic,3,De heer Callenfels zal in het volgend kwartaal o.a. rei^ zen naar Batavia en het Dieng-plateau ondernemen. Hollandsche Oudheden^ § 14. Stand der werkzaamheden.
OV_1918,1918,290,0,volcanic,mountain,Mountain reference,Goenoeng Gangsir,Gangsir,,location+site+volcanic,3,"De Chef van den Oudheidkundigen Dienst. Dr. F. D. K. BOSCH. Batavia, October 1918. Bijlage J Lijst dcr fotografische opnamen in het 3**® kwartaal 1918. Nummer Formaat Plaats Korte omschrijving 3251 13 X 18 Tjandi Panataran, distr. en afd. Blitar Hoekpilaster, vgl. No. 2818 3252 id. id. id. 2819 3253 id. id. id. 2820 3254 id. id. id. 2821 3255 id. id. id. 2822 3256 id. id. id. 2823 3257 id. id. id. 2824 3258 id. id. id. 2825 3259 id. id. id. 2826 3260 id. id. id. 2827 3261 id. id. id. 2828 3262 i"
OV_1918,1918,384,0,volcanic,tephra,tephra/ash/tuff,asch,,,,1,"Victor Moll liet al de Soelasche hoofden aan boord komen en vroeg hen om hem behulpzaam te willen zijn om een geschikt terrein te zoeken, teneinde een fort te bouwen. 122"
OV_1918,1918,389,0,volcanic,ijen,Ijen,ijen,,,,1,"de Negorijen Mangole, WaEtena, GaE, Tjapaloeloe, Kabaoe en Alifola moesten kalk branden en zand halen, alsmede nog ijzerhout happen, terwijl de andere negorijen zijnde Fagoedoe, Flakoe, Tatje, Ipa Bega en Pohea rivier- steenen moesten leveren."
OV_1918,1918,389,0,volcanic,ijen,Ijen,ijen,,,,1,"de Negorijen Mangole, WaEtena, GaE, Tjapaloeloe, Kabaoe en Alifola moesten kalk branden en zand halen, alsmede nog ijzerhout happen, terwijl de andere negorijen zijnde Fagoedoe, Flakoe, Tatje, Ipa Bega en Pohea rivier- steenen moesten leveren."
OV_1918,1918,405,0,volcanic,tephra,tephra/ash/tuff,asch,,,,1,"Het fort diende tot voor eenige jaren tot verblijfplaats der Ternataansche hoofden, thans wordt het gebniikt als bewaarplaats en gevangenis ; het is zeer ongezond, menige gevangene krijgt er als bijkomende straf berri-berri. Voor den ingang van het fort bevond zich vroeger de ver- gaderzaal, als „pintoe besar” aangeduid, waar de salaha- kan met de Soelasche hoofden bijeen kwam. Dit was ook de plaats, waar men moest wachten om door den kapi- tein krois dan wel door den luitenant-djaga bij den sa-"
OV_1918,1918,425,0,volcanic,dieng,Dieng,Dieng,,,location+site+volcanic,3,"De heer Callenfels ondernam vergezeld van den heer De Vink in het begin van October een reis naar de tjandi's Kedaton, Soerawana, Tegawangi en Prambanan; daarna maakte hij nog dienstreizen naar Weltevreden, het Dieng^ plateau, de tempels bij Malang en de tjandi's Panataran en Penampihan."
OV_1918,1918,431,0,volcanic,mountain,Mountain reference,Goenoeng Gangsir,Gangsir,,site+volcanic,2,"In dit kwartaal ging de heer Van Coolwijk voort met de versterking van Tjandi Goenoeng Gangsir. Aan de Noord-, Zuid-, Oost- en gedeeltelijk ook aan de Westzij- de werden naar binnen hellende keermuren aangebracht, terwijl de ruimten onder het basement en tusschen de keer- muren en den tempelwand met beton werden volgestort. In de groote gaten in het tempeliichaam en den voet werden half Steens muurtjes gemetseld, terwijl de zware boomwor- tels onder den onderbouw verwijderd en de ontstane ga- te"
OV_1918,1918,435,0,volcanic,mountain,Mountain reference,Goenoeng Gangsir,Gangsir,,,1,"Vermelding verdient nog, dat zich in Tj. Goenoeng Gangsir, evenals in Tj. Bangkal, aan de Noordzijde een breekgat bevindt, van ca. 6 M diepte, ca. 1 M- in het vierkant aan de voor- en ca. 50 c.M. aan de achterzijde. Het onderzoek wees uit, dat het gat nog niet tot aan den N. muur van het nu aangevulde gat in de binnen- ruimte reikt. Op aan wij zing van den Bouwkundige werd het gat tot ongeveer de halve diepte en aan de voorzijde dichtgemetseld."
OV_1918,1918,447,0,volcanic,ijen,Ijen,ijen,,,material+volcanic,2,"Aan de buitenzijde is de samenstelling en bewerking geheel anders, daar is meer tegenstelling, meer licht en schaduw tusschen de verschillende partijen. Zorgvuldig bewerkte vrouwenfiguurtjes staan drie aan drie in be- vallige houding binnen een omlijsting van fijn geprofileerde pilasters: ze staan vrij in een nis, bekroond door een forsch en krachtig gemodelleerden kala-kop. Zoo zijn er twee of drie groepen aan elke zijde, Elke groep springt ver genoeg vooruit, om de andere dansende en musi- cee"
OV_1918,1918,451,0,volcanic,ijen,Ijen,ijen,,,site+volcanic,2,"Ringmuur om het hoofd-tempelcomplex. Daar het hoofd-tempelterrein ongeveer 2 meter hooger ligt dan het terrein der drie rijen bijtempeltjes, heeft de eerste ringmuur, die ook dienst doet als keermuur, de buitengewone dikte van 2 meter; ongeveer 0.70 M. boven het tempelterrein bevindt zich aan de binnenzijde der ommuring een omgang van een meter breed en is de ringmuur, die nu opgevat moet worden als een balustrade, dus ock een meter dunner. Aan de Oostzijde is de ring- muur bijna geheel intact, "
OV_1918,1918,454,0,volcanic,ijen,Ijen,ijen,,,,1,De bewerkte steenen worden in rijen gezet en naar gelang de werkzaamheden vorderen gesorteerd of uitgezocht.
OV_1918,1918,493,0,volcanic,lamongan,Lamongan,Lamongan,,,location+material+volcanic,3,"De transscriptie van de oorkonden van Trawoelan nos. II- VI (zie vorig kwartaal-verslag § 9) is als Bijlage Q opgenomen. Een bespreking van de reeds gepubliceerde oorkonde no. I stellen wij uit, totdat het onderzoek naar de op plaat no. 5 opgesomde veerplaatsen zal zijn beeindigd. Als Bijlage R is tevens opgenomen de transscriptie van drie van de zeven koperen platen van Bloeloek (Lamongan), waarover door den heer Van Stein Callenfels in het 144"
OV_1918,1918,504,0,volcanic,dieng,Dieng,Dieng,,,location+material+site+volcanic,4,"De heer Callenfels zal reizen ondernemen naar Wei- tevreden, het Diengplateau, enkele oudheden in Oost-Java en Bali, het laatste voor het verzamelen van handschrif- ten en gegevens benoodigd voor de verklaring van enkele reeksen basreliefs. HOLLANDSCHE-OUDHEDEN. § 1 3. Stand der werkzaamheden."
OV_1918,1918,516,0,volcanic,ijen,Ijen,ijen,,,,1,steenen vervoerd v d W^est- zijde in rijen geplaatst o/h terrein. 5358 - id.
OV_1918,1918,535,0,volcanic,dieng,Dieng,Dieng,,,location+material+site+volcanic,4,"zelfde, achterzijde, met wij- inscriptie van koning Krta- nagara. 3519 18 X 24 Dieng-plateau; thans Mus. Bat. D 11. beschreven steen, met oud- Javaansche inscriptie. 3520 13 X 18 Malang, erf Ass. Re- sident. steenen beeld van Akt'obhya, 3521 id. steenen beeld van Awalo- kitegwara. Bijlage O Tjandi Djawi cen Graftempel? DOOR Dr. F. D. K. BOSCH."
OV_1918,1918,672,0,volcanic,lamongan,Lamongan,Lamongan,,,material+volcanic,2,pL 5 Vo. rg. 3 k^ilanyanghyang sang hyang Sjua pi. 8 rg. 4 marggabhaya mwa-ng) pi. 8 Vo. rg. 5 kar^^m Bijlage R Koperen platen van Bloeloek (Lamongan) rhtng 3o ■:M.. orecu 1-2 cM.j No. I.
OV_1919,1919,1,0,volcanic,tephra,tephra/ash/tuff,ASCH,,,location+volcanic,2,"BATAVIAASCH GENOOTSCHAP VAN KUNSTEN ENWETENSCHAPPEN a n// ■R t^A It-v -<! •', ^oT-r A’o ■ X x:- s A / WELTEVREDEN ALBRECHT 6 Co. •\ ■S-HAGE y M. NIJHOFF iJk 1920 INHOU D B!z."
OV_1919,1919,6,0,volcanic,tephra,tephra/ash/tuff,asch,,,,1,"Bijlage E. Naschrift bi] het artikel van J L. Moens, door Dr. M. E. Lulius van Goor 36"
OV_1919,1919,9,3,volcanic,lamongan,Lamongan,Lamongan,,,material+volcanic,2,"Bijlage G, Koperen platen van Bloeloek (Lamongan) No IV. 62"
OV_1919,1919,22,0,volcanic,dieng,Dieng,Dieng,,,location+site+volcanic,3,"De heer Van Stein Callenfels ondernam reizen naar enkele oudheden bij Bojolali, naar Weltevreden, de Ke- diri’sche tempels, het Dieng-plateau, langs de Solo^-rivier en naar Bali. § 3. Publicatics."
OV_1919,1919,25,0,volcanic,mountain,Mountain reference,Goenoeng Gangsir,Gangsir,,site+volcanic,2,"Tjandi Goenoeng Gangsir werd aan alle zijdcn schoon- gemaakt en ingevoegd. Om het terrein werd een pagger van lomtorostammen en voor afsluiting aan de Westzijde een ste- vig houten hek geplaatst. De kleine fragmenten, totaal 125 stuks, werden in de tempelruimte geborgen en de grootere stukken, totaal 37 stuks, voor den tempel opgesteld. Voor de bewaking, het schoonhouden van het terrein, en het onderhoud van de ompaggering, werd een djoeroekoentji aangesteld op een loon van / 6. — per maand."
OV_1919,1919,79,0,volcanic,kelud,Kelud,Kloet,,,,1,"Wij laten hier een aanteekening van den heer Callen- fels volgen, die in verband met de jongste Kloet-uitbar- sting cene bijzonder actueele beteekenis heeft gekregen ; 11"
OV_1919,1919,81,0,volcanic,wilis,Wilis,wilis,,,,1,"dening dewata kabeh, runtuh ta sanghyang mahameru ku- nang tembe ning Imah runtuh matmahan gunung katong, kaping rwa ning Imah runtuh matmahan gunung wilis^ ka- ping tiga ning Imah runtuh, matmahan gunung kampud, kaping pat ning Imah runtuh. matmahan gunung kawi, kaping lima ning Imah runtuh matmahan gunung arjuna, kaping nem ning Imah runtuh matmahan gunung kumukus . . ."
OV_1919,1919,81,0,volcanic,mountain,Mountain reference,gunung katong,katong,,,1,"dening dewata kabeh, runtuh ta sanghyang mahameru ku- nang tembe ning Imah runtuh matmahan gunung katong, kaping rwa ning Imah runtuh matmahan gunung wilis^ ka- ping tiga ning Imah runtuh, matmahan gunung kampud, kaping pat ning Imah runtuh. matmahan gunung kawi, kaping lima ning Imah runtuh matmahan gunung arjuna, kaping nem ning Imah runtuh matmahan gunung kumukus . . ."
OV_1919,1919,81,0,volcanic,mountain,Mountain reference,gunung wilis,wilis,,,1,"dening dewata kabeh, runtuh ta sanghyang mahameru ku- nang tembe ning Imah runtuh matmahan gunung katong, kaping rwa ning Imah runtuh matmahan gunung wilis^ ka- ping tiga ning Imah runtuh, matmahan gunung kampud, kaping pat ning Imah runtuh. matmahan gunung kawi, kaping lima ning Imah runtuh matmahan gunung arjuna, kaping nem ning Imah runtuh matmahan gunung kumukus . . ."
OV_1919,1919,81,0,volcanic,mountain,Mountain reference,gunung kampud,kampud,,,1,"dening dewata kabeh, runtuh ta sanghyang mahameru ku- nang tembe ning Imah runtuh matmahan gunung katong, kaping rwa ning Imah runtuh matmahan gunung wilis^ ka- ping tiga ning Imah runtuh, matmahan gunung kampud, kaping pat ning Imah runtuh. matmahan gunung kawi, kaping lima ning Imah runtuh matmahan gunung arjuna, kaping nem ning Imah runtuh matmahan gunung kumukus . . ."
OV_1919,1919,81,0,volcanic,mountain,Mountain reference,gunung kawi,kawi,,,1,"dening dewata kabeh, runtuh ta sanghyang mahameru ku- nang tembe ning Imah runtuh matmahan gunung katong, kaping rwa ning Imah runtuh matmahan gunung wilis^ ka- ping tiga ning Imah runtuh, matmahan gunung kampud, kaping pat ning Imah runtuh. matmahan gunung kawi, kaping lima ning Imah runtuh matmahan gunung arjuna, kaping nem ning Imah runtuh matmahan gunung kumukus . . ."
OV_1919,1919,81,0,volcanic,mountain,Mountain reference,gunung arjuna,arjuna,,,1,"dening dewata kabeh, runtuh ta sanghyang mahameru ku- nang tembe ning Imah runtuh matmahan gunung katong, kaping rwa ning Imah runtuh matmahan gunung wilis^ ka- ping tiga ning Imah runtuh, matmahan gunung kampud, kaping pat ning Imah runtuh. matmahan gunung kawi, kaping lima ning Imah runtuh matmahan gunung arjuna, kaping nem ning Imah runtuh matmahan gunung kumukus . . ."
OV_1919,1919,81,0,volcanic,mountain,Mountain reference,gunung kumukus,kumukus,,,1,"dening dewata kabeh, runtuh ta sanghyang mahameru ku- nang tembe ning Imah runtuh matmahan gunung katong, kaping rwa ning Imah runtuh matmahan gunung wilis^ ka- ping tiga ning Imah runtuh, matmahan gunung kampud, kaping pat ning Imah runtuh. matmahan gunung kawi, kaping lima ning Imah runtuh matmahan gunung arjuna, kaping nem ning Imah runtuh matmahan gunung kumukus . . ."
OV_1919,1919,82,0,volcanic,eruption,eruption event,uitbarsting,,,,1,"waarin dus achtereenvolgens van West naar Oost wor- den genoemd de Katong, de Wilis, de Kampud. de Kawi. de Arjuna en de Kumukus. Beschouwingen over den Katong en den ook van elders bekenden Kumukus terzijde latende, kan men uit de combinatie der geg evens van Nagarakrtaga- ma en Tantu besluiten, dat de Kampud een werkzame vul- kaan moet zijn, gelegen tusschen Wilis en Kawi en wel ten Oosten van den eersten. Er kan dus geen andere mede be- doeld zijn dan de ook tegenwoordig nog beruchte Kloet. D"
OV_1919,1919,82,0,volcanic,kelud,Kelud,Kloet,,,,1,"waarin dus achtereenvolgens van West naar Oost wor- den genoemd de Katong, de Wilis, de Kampud. de Kawi. de Arjuna en de Kumukus. Beschouwingen over den Katong en den ook van elders bekenden Kumukus terzijde latende, kan men uit de combinatie der geg evens van Nagarakrtaga- ma en Tantu besluiten, dat de Kampud een werkzame vul- kaan moet zijn, gelegen tusschen Wilis en Kawi en wel ten Oosten van den eersten. Er kan dus geen andere mede be- doeld zijn dan de ook tegenwoordig nog beruchte Kloet. D"
OV_1919,1919,82,0,volcanic,wilis,Wilis,Wilis,,,,1,"waarin dus achtereenvolgens van West naar Oost wor- den genoemd de Katong, de Wilis, de Kampud. de Kawi. de Arjuna en de Kumukus. Beschouwingen over den Katong en den ook van elders bekenden Kumukus terzijde latende, kan men uit de combinatie der geg evens van Nagarakrtaga- ma en Tantu besluiten, dat de Kampud een werkzame vul- kaan moet zijn, gelegen tusschen Wilis en Kawi en wel ten Oosten van den eersten. Er kan dus geen andere mede be- doeld zijn dan de ook tegenwoordig nog beruchte Kloet. D"
OV_1919,1919,82,0,volcanic,wilis,Wilis,Wilis,,,,1,"waarin dus achtereenvolgens van West naar Oost wor- den genoemd de Katong, de Wilis, de Kampud. de Kawi. de Arjuna en de Kumukus. Beschouwingen over den Katong en den ook van elders bekenden Kumukus terzijde latende, kan men uit de combinatie der geg evens van Nagarakrtaga- ma en Tantu besluiten, dat de Kampud een werkzame vul- kaan moet zijn, gelegen tusschen Wilis en Kawi en wel ten Oosten van den eersten. Er kan dus geen andere mede be- doeld zijn dan de ook tegenwoordig nog beruchte Kloet. D"
OV_1919,1919,83,0,volcanic,general,volcanic reference,vulkanisch,,,,1,"In verband hiermede moet nog even de aandacht ge- vestigd worden op eene vulkanische uitbarsting in ^'aka 1256, welke door den Pararaton (biz. 28 r. 16) vermeld"
OV_1919,1919,83,0,volcanic,eruption,eruption event,uitbarsting,,,,1,"In verband hiermede moet nog even de aandacht ge- vestigd worden op eene vulkanische uitbarsting in ^'aka 1256, welke door den Pararaton (biz. 28 r. 16) vermeld"
OV_1919,1919,85,0,volcanic,lahar,lahar/mudflow,lahar,,,,1,"ook hier her jaar 1256 genoemd wordt, geeft aanleiding tot de onderstelling dat de uitbarsting van den Kampud be- doeld is. Is dit juist ■ verdere bewijzen ontbreken) dan zou uit her woord ^pabai^mpin'jah” d.i. ,,het verplaatsen van het water”, blijken, dat ook bij die uitbarsting van bijna 6 eeuwen geleden het Kloetmeer in de lucht geblazen is waardoor groote lahars naar omlaag gevloeid zijn, die dar waarschijnlijk den dood van de ,,slechtaards en scheb men ” van den Nagarakrtagama veroorzaakt "
OV_1919,1919,85,0,volcanic,eruption,eruption event,uitbarsting,,,,1,"ook hier her jaar 1256 genoemd wordt, geeft aanleiding tot de onderstelling dat de uitbarsting van den Kampud be- doeld is. Is dit juist ■ verdere bewijzen ontbreken) dan zou uit her woord ^pabai^mpin'jah” d.i. ,,het verplaatsen van het water”, blijken, dat ook bij die uitbarsting van bijna 6 eeuwen geleden het Kloetmeer in de lucht geblazen is waardoor groote lahars naar omlaag gevloeid zijn, die dar waarschijnlijk den dood van de ,,slechtaards en scheb men ” van den Nagarakrtagama veroorzaakt "
OV_1919,1919,85,0,volcanic,eruption,eruption event,uitbarsting,,,,1,"ook hier her jaar 1256 genoemd wordt, geeft aanleiding tot de onderstelling dat de uitbarsting van den Kampud be- doeld is. Is dit juist ■ verdere bewijzen ontbreken) dan zou uit her woord ^pabai^mpin'jah” d.i. ,,het verplaatsen van het water”, blijken, dat ook bij die uitbarsting van bijna 6 eeuwen geleden het Kloetmeer in de lucht geblazen is waardoor groote lahars naar omlaag gevloeid zijn, die dar waarschijnlijk den dood van de ,,slechtaards en scheb men ” van den Nagarakrtagama veroorzaakt "
OV_1919,1919,85,0,volcanic,kelud,Kelud,Kloet,,,,1,"ook hier her jaar 1256 genoemd wordt, geeft aanleiding tot de onderstelling dat de uitbarsting van den Kampud be- doeld is. Is dit juist ■ verdere bewijzen ontbreken) dan zou uit her woord ^pabai^mpin'jah” d.i. ,,het verplaatsen van het water”, blijken, dat ook bij die uitbarsting van bijna 6 eeuwen geleden het Kloetmeer in de lucht geblazen is waardoor groote lahars naar omlaag gevloeid zijn, die dar waarschijnlijk den dood van de ,,slechtaards en scheb men ” van den Nagarakrtagama veroorzaakt "
OV_1919,1919,95,0,volcanic,dieng,Dieng,Dieng,,,material+site+volcanic,3,"De heer Van Stein Callenfels zal reizen ondernemen iangs de Brantas voor de vaststelling van de overzetplaatsen genoemd op de oorkonde van Trawoeian no. 1, naar het Dieng-plateau, de tempels in de Kedoe ennaar Weltevreden. Hollandsche Oudheden* § 13. Stand der werkzaamheden."
OV_1919,1919,199,0,volcanic,tephra,tephra/ash/tuff,asch,,,material+volcanic,2,"^ Peri, l.l. pag. H. Vergehjk ook nooc 1 op dezelfde pag : dors de la ceremonie par laquelle un enfant est adopte dans un monastere, c‘est bien sur la tete qu on lui attache ie (morceau de vieux) ka^itya qu'il portera ensuite au cou‘‘ Dit stuk monmkspij dat de geheele. door kinderen met te dragen, kasaya moest vertegenwoord^gen, werd blijk- baar voor de sieriqkheid halvemaanvormig uitgeknipt. Jochim wijst er in zqn ,,Detennineering van Eodhisattwa‘s“ (Bijdrage Kon Inst. 69 1914, pag 27) nadrukke"
OV_1919,1919,217,0,volcanic,eruption,eruption event,uitbarsting,,,,1,Onmiddellijk na de jongste uitbarsting v^an Kloet bezocht de Chef van den Oudh. Dienst het geteisterde 42
OV_1919,1919,217,0,volcanic,kelud,Kelud,Kloet,,,,1,Onmiddellijk na de jongste uitbarsting v^an Kloet bezocht de Chef van den Oudh. Dienst het geteisterde 42
OV_1919,1919,219,0,volcanic,eruption,eruption event,uitbarsting,,,location+volcanic,2,"In Mei maakte de Bouwk. Inspecteur eene reis naar Oost-Java. Met den heer Van Coolwyk bezocht hij de tjandi's Derma en Goenoeng Gangsir en werden de ver- dere werkzaamheden voor Tj Pari vastgesteld. Bij zijn bezoeken aan de tjandi's Singosari, Kidoel en Toempang werd hij bovendien vergezeld door den Adjunct-Inspecteur. Met laatstgenoemden ambtenaar bezocht hij Panataran. De Bouwk. Adjunct-Insp. ondernam voorts inspectiereizen naar de tjandi's Kali-tjilik, Wringin Brandjang, Kotes, Sawentar, Soem"
OV_1919,1919,219,0,volcanic,kelud,Kelud,Kloet,,,location+volcanic,2,"In Mei maakte de Bouwk. Inspecteur eene reis naar Oost-Java. Met den heer Van Coolwyk bezocht hij de tjandi's Derma en Goenoeng Gangsir en werden de ver- dere werkzaamheden voor Tj Pari vastgesteld. Bij zijn bezoeken aan de tjandi's Singosari, Kidoel en Toempang werd hij bovendien vergezeld door den Adjunct-Inspecteur. Met laatstgenoemden ambtenaar bezocht hij Panataran. De Bouwk. Adjunct-Insp. ondernam voorts inspectiereizen naar de tjandi's Kali-tjilik, Wringin Brandjang, Kotes, Sawentar, Soem"
OV_1919,1919,219,0,volcanic,mountain,Mountain reference,Goenoeng Gangsir,Gangsir,,location+volcanic,2,"In Mei maakte de Bouwk. Inspecteur eene reis naar Oost-Java. Met den heer Van Coolwyk bezocht hij de tjandi's Derma en Goenoeng Gangsir en werden de ver- dere werkzaamheden voor Tj Pari vastgesteld. Bij zijn bezoeken aan de tjandi's Singosari, Kidoel en Toempang werd hij bovendien vergezeld door den Adjunct-Inspecteur. Met laatstgenoemden ambtenaar bezocht hij Panataran. De Bouwk. Adjunct-Insp. ondernam voorts inspectiereizen naar de tjandi's Kali-tjilik, Wringin Brandjang, Kotes, Sawentar, Soem"
OV_1919,1919,220,0,volcanic,dieng,Dieng,Dieng,,,location+site+volcanic,3,"De heer V^an Stein Callenfels ondernam een reis langs de Brantas voor het vaststellen der oude overzetplaatsen; voorts naar het Dieng-plateau, naar de tempels in Kedoe, naar Weltevreden en naar de tempels in Kediri en het Malangsche. § 3. Publicaties,"
OV_1919,1919,245,0,volcanic,eruption,eruption event,eruptie,,,location+site+volcanic,3,"In 't midden van Mei bracht de heer Perquin een bezoek aan den Oosthoek om, onder meer, de terrein- begrenzingen van de tjandi's in het Malangsche en de overige in 't Blitarsche te bespreken. Den 1 9en Mei ont- moetce ik den heer Perquin te Malang en werden de monumenten in de omgeving bezocht. De monumenten waren met uitzondering van Kidal, weer zwaar begroeid. terwijl de terreinen onverzorgd waren. Dit alles zal nu spoedig ,verbeteren. Nog denzelfden dag werd de reis voortgezet naar Blitar met"
OV_1919,1919,245,0,volcanic,mountain,Mountain reference,Goenoeng Keloet,Keloet,,location+site+volcanic,3,"In 't midden van Mei bracht de heer Perquin een bezoek aan den Oosthoek om, onder meer, de terrein- begrenzingen van de tjandi's in het Malangsche en de overige in 't Blitarsche te bespreken. Den 1 9en Mei ont- moetce ik den heer Perquin te Malang en werden de monumenten in de omgeving bezocht. De monumenten waren met uitzondering van Kidal, weer zwaar begroeid. terwijl de terreinen onverzorgd waren. Dit alles zal nu spoedig ,verbeteren. Nog denzelfden dag werd de reis voortgezet naar Blitar met"
OV_1919,1919,246,0,volcanic,lahar,lahar/mudflow,lahar,,,,1,"Groot was de verwoesting, die de verschillende lahars m de omgeving aangebracht hadden ; het lot van verschil- Lende tjandi's was dan ook zeer onzeker. In den morgen 47"
OV_1919,1919,247,0,volcanic,lahar,lahar/mudflow,lahar,,,,1,"van den 20 Mei bereikte mij echter reeds het verblijdende bericht, dat Panataran absoluut onbeschadigd was gebleven. De lahar was rakelings langs de Westzijde van het terrein gepasseerd. Het kleine dijkje aan de Westzijde was voi- doende geweest om het invioeien van de lahar te beletten. Na ingenomen informatie omtrent den juisten loop der lahars bleek, dat de tjandi's Wringin Brandjang, Kotes en Sawentar onbeschadigd waren, wat later bij een inspectie ter plaatse ook werd bevestigd."
OV_1919,1919,247,0,volcanic,lahar,lahar/mudflow,lahar,,,,1,"van den 20 Mei bereikte mij echter reeds het verblijdende bericht, dat Panataran absoluut onbeschadigd was gebleven. De lahar was rakelings langs de Westzijde van het terrein gepasseerd. Het kleine dijkje aan de Westzijde was voi- doende geweest om het invioeien van de lahar te beletten. Na ingenomen informatie omtrent den juisten loop der lahars bleek, dat de tjandi's Wringin Brandjang, Kotes en Sawentar onbeschadigd waren, wat later bij een inspectie ter plaatse ook werd bevestigd."
OV_1919,1919,247,0,volcanic,lahar,lahar/mudflow,lahar,,,,1,"van den 20 Mei bereikte mij echter reeds het verblijdende bericht, dat Panataran absoluut onbeschadigd was gebleven. De lahar was rakelings langs de Westzijde van het terrein gepasseerd. Het kleine dijkje aan de Westzijde was voi- doende geweest om het invioeien van de lahar te beletten. Na ingenomen informatie omtrent den juisten loop der lahars bleek, dat de tjandi's Wringin Brandjang, Kotes en Sawentar onbeschadigd waren, wat later bij een inspectie ter plaatse ook werd bevestigd."
OV_1919,1919,250,0,volcanic,lahar,lahar/mudflow,lahar,,,,1,"Zoo spoedig mogelijk werden de verschiilende monu- menten in de laharzone bezocht en alle onbeschadigd gevonden. Tj. Kali-tjilik wordt keurig door den djoeroe- koentji onderhouden, Tj. Wringin Brandjang zag er goed uit, het terreintje keurig onderhouden en door een laag paggertje afgesloten. De tjandi 's Kotes, Sawentar, Soem- berdjati en Batjem zagen er minder goed uit, ze zuilen echter successievelijk schoongemaakt en afgesloten worden."
OV_1919,1919,254,0,volcanic,lahar,lahar/mudflow,lahar,,,location+material+site+volcanic,4,"Met dc lahar, welkc Blitar vreeselijk teisterde, zijn ook bijna alle bcelden van het Regentserf weggeslagen. Tot op heden werd reeds een dertigtal teruggevonden en weer naar het erf van den Regent getransporteerd. Daar het waarschijnlijk is dat bij het opruimingswerk nog meer beelden gevonden worden, is nog niet genoteerd, wat er op 't oogenblik nog van de verzameling over is. Zoodra men met het opruimingswerk gereed is, zal er een nauw- keurige inventaris gemaakt worden, opdat daaruit blijketi "
OV_1919,1919,273,0,volcanic,lahar,lahar/mudflow,lahar,,,,1,"Het is gebleken, dat de jongste eruptie geen schade, maar uit een archeologisch oogpunt beschouwd zelfs winst heeft aangebracht. ‘t Eerst bereikte mij \ bericht, dat in de lahar ten Oosten van Ponggoh, nabij de desa, een oudheid aan het licht was gekomen. Bij een onderzoek ter plaatse bleek, dat door de inschuring van de lahar zich een nieuwe 51"
OV_1919,1919,273,0,volcanic,lahar,lahar/mudflow,lahar,,,,1,"Het is gebleken, dat de jongste eruptie geen schade, maar uit een archeologisch oogpunt beschouwd zelfs winst heeft aangebracht. ‘t Eerst bereikte mij \ bericht, dat in de lahar ten Oosten van Ponggoh, nabij de desa, een oudheid aan het licht was gekomen. Bij een onderzoek ter plaatse bleek, dat door de inschuring van de lahar zich een nieuwe 51"
OV_1919,1919,273,0,volcanic,eruption,eruption event,eruptie,,,,1,"Het is gebleken, dat de jongste eruptie geen schade, maar uit een archeologisch oogpunt beschouwd zelfs winst heeft aangebracht. ‘t Eerst bereikte mij \ bericht, dat in de lahar ten Oosten van Ponggoh, nabij de desa, een oudheid aan het licht was gekomen. Bij een onderzoek ter plaatse bleek, dat door de inschuring van de lahar zich een nieuwe 51"
OV_1919,1919,274,0,volcanic,lahar,lahar/mudflow,lahar,,,material+site+volcanic,3,"kali gevormd had. Hierdoor was in een zijwand het over- blijfsel van een monument van baksteen blootgekomen. Daar de lahar echter ook een gedeelte van deze resten heeft meegenomen, kijkt men op ‘t oogenblik in ‘t inwendige van den voet, zoodat er niet veel raeer te zien is, dan een hoop steenen."
OV_1919,1919,276,0,volcanic,lahar,lahar/mudflow,lahar,,,location+material+volcanic,3,"Eenige dagen daarna ontving ik het bericht, dat in dezelfde lahar, nabij de desa Soember Nanas, de rest van een bouwwerk met een beeld gevonden was. Bij een bezoek vond ik midden in de lahar een heu v'el, waar de modder- stroom over heengegaaa was. Door de groote kracht schijnt de losse aarde afgeslagen te zijn, zoodat de steenen van het bouwwerk bloot kwamen."
OV_1919,1919,276,0,volcanic,lahar,lahar/mudflow,lahar,,,location+material+volcanic,3,"Eenige dagen daarna ontving ik het bericht, dat in dezelfde lahar, nabij de desa Soember Nanas, de rest van een bouwwerk met een beeld gevonden was. Bij een bezoek vond ik midden in de lahar een heu v'el, waar de modder- stroom over heengegaaa was. Door de groote kracht schijnt de losse aarde afgeslagen te zijn, zoodat de steenen van het bouwwerk bloot kwamen."
OV_1919,1919,282,0,volcanic,lahar,lahar/mudflow,lahar,,,site+volcanic,2,"Uit het feit, dat nog ecu gedeelte van de kamerwanden aanwezig is, kan geconcludeerd worden, dat er nog een aanmerkelijk gedeelte van het monument in den grond moet zitten. Hoe dit er uit zal zien, en hoever dit waar- schijnlijk door vroegere lahars beschadigd is, zal alleen na ontgraving beoordeeld kunneff^ woraen."
OV_1919,1919,285,0,volcanic,mountain,Mountain reference,Goenoeng Gangsir,Gangsir,,location+volcanic,2,"Bijlage F bevat in hoofdzaak een opgave van foto’s van Tj. Derma, Tj. Goenoeng Gangsir en Tj. Panataran, vervaardigd door den heer De Haan, van Tj. Panataran vervaardigd door den heer Perquin en van illustraties uit cen Balineesch handschrift van den Ardjoena-wiwaha. § 10. Tcekcaingen."
OV_1919,1919,293,0,volcanic,ijen,Ijen,ijen,,,,1,"Bij een tocht door de Benedenstad, waaraan de heer De Vink deelnam, werd de waterleiding gevonden, die de Kruitmolen van stuwkracht voorzag en werd voorts een oud huisje ontdekt op de Rhinocerosgracht, het echte type van Oud-hollandsche huisjes, zooals wij ze o.a. van de schilderijen van Oud-hollandsche meesters kennen. De ouderwetsche schouw was nog aanwezig en op het achter- plaatsje vond men nog de slavenverblijven."
OV_1919,1919,298,0,volcanic,mountain,Mountain reference,Goenoeng Gang,Gang,,location+site+volcanic,3,"Tjandi Goenoeng Gang- sir, distr. Gempolafd. Bangil. Oostzijde na de herstelling. 5649 - id. id. detail trapaan- 1 sluiting, id. 3650 id. id- detail ingang, id. 3651 id. id. detail top, id. 3652 id. NO. hoek, id. 3653 id. Noordzijde, detail gevehid. 3654 id. Noordwesthoek, id. 3655 id. Westzijde, id. 3656 id. ZW. hoek. id. 3657 id. Zuidzijde, detail gevel, id. 3658 id. Zuidoosthoek, id. ‘ 3659 id. 1 id. , detail, id. . 3660 j 1 3661 Tjandi Panataran, distr. en afd. Blitar."
OV_1919,1919,330,0,volcanic,lamongan,Lamongan,Lamongan,,,location+material+volcanic,3,"13X18 Prambanan, distr. Pram- Noordelijke ringmuur v66r banan, afd. Mataram de herstelling. Van W- naar Oost. M id. Terreinringmuur met nieuw aangeiegden weg a/d Zuidzijde. Bijiage G Koperen platen van Bloeloek (Lamongan)* % (Z e Oudhk Verslag 191 S. bijiage R p.l75 sq). No. IV."
OV_1919,1919,376,0,volcanic,lamongan,Lamongan,Lamongan,,,location+volcanic,2,"NOTA. Deze vier platen zijn met de reeds \roeger getransscribcerde gevonden m de desa Bloeloek, afdeeling Lamongan. Een nader onderzoek naar de ombrekende Nos. 1 en 3 leidde tot geen resultaat. Dat het bovenstaande viertal bij elkaar zou behooren IS wel waarschijnlijk. maar met zeker. gezien het feit dat bv'. de geheeie plaat 3 dan gevuld moet zijn geweest met namen van personen. aan wie het betreden van het desagebied verboden was. Bijlage H Oudheidkundige Aanteekeningen II DOOR P. V* V. STEIN "
OV_1919,1919,401,0,volcanic,welirang,Welirang,Welirang,,,material+site+volcanic,3,"kumukus”). Door Prof. Kern en in navolging van dien ge- leerde door Dr. N. J. Krom, (Epigraphische Aanteekeningen V. De Qwabuddha-tempel, Tijdschrift Bat. Gen. deel LVI biz. 237 e.v.) is dit adri kumukus opgevat als een- voudig vaurspuwende berg beteekenend. Als zoodanig heeft Dr. Krom in zijn bovenbedoeld artikel er dan ook gebruik van gemaakt in dezen zin om de keus te vestigen tusschen Penanggoengan en Welirang. op een van welken de tempel Jajawa moest liggen- 73"
OV_1919,1919,402,0,volcanic,kelud,Kelud,Kloet,,,location+material+site+volcanic,4,"Uit het gedeelte van de Tantu Pagelaran door mij gebruikt hi] de identificatie Kampud = Kloet blijkt echter. dat Kumukus wel degelijk een bergnaam was, die in de rij Katong, Wilis, Kampud, Kawi, Arjuna, Kumukus het laatst genoemd wordt. Uit het verdet verloop van het ver- haal blijkt, dat de Bromo er niet mede bedoeld kan zijn, daar die afzonderlijk genoemd wordt als goenoeng Brahma, terwijl de Smeroe uit den aard der zaak vanzelf is uitge- sloten, aangezien het hier juist om het transport daarv"
OV_1919,1919,402,0,volcanic,semeru,Semeru,Smeroe,,,location+material+site+volcanic,4,"Uit het gedeelte van de Tantu Pagelaran door mij gebruikt hi] de identificatie Kampud = Kloet blijkt echter. dat Kumukus wel degelijk een bergnaam was, die in de rij Katong, Wilis, Kampud, Kawi, Arjuna, Kumukus het laatst genoemd wordt. Uit het verdet verloop van het ver- haal blijkt, dat de Bromo er niet mede bedoeld kan zijn, daar die afzonderlijk genoemd wordt als goenoeng Brahma, terwijl de Smeroe uit den aard der zaak vanzelf is uitge- sloten, aangezien het hier juist om het transport daarv"
OV_1919,1919,402,0,volcanic,bromo,Bromo,Bromo,,,location+material+site+volcanic,4,"Uit het gedeelte van de Tantu Pagelaran door mij gebruikt hi] de identificatie Kampud = Kloet blijkt echter. dat Kumukus wel degelijk een bergnaam was, die in de rij Katong, Wilis, Kampud, Kawi, Arjuna, Kumukus het laatst genoemd wordt. Uit het verdet verloop van het ver- haal blijkt, dat de Bromo er niet mede bedoeld kan zijn, daar die afzonderlijk genoemd wordt als goenoeng Brahma, terwijl de Smeroe uit den aard der zaak vanzelf is uitge- sloten, aangezien het hier juist om het transport daarv"
OV_1919,1919,402,0,volcanic,welirang,Welirang,Welirang,,,location+material+site+volcanic,4,"Uit het gedeelte van de Tantu Pagelaran door mij gebruikt hi] de identificatie Kampud = Kloet blijkt echter. dat Kumukus wel degelijk een bergnaam was, die in de rij Katong, Wilis, Kampud, Kawi, Arjuna, Kumukus het laatst genoemd wordt. Uit het verdet verloop van het ver- haal blijkt, dat de Bromo er niet mede bedoeld kan zijn, daar die afzonderlijk genoemd wordt als goenoeng Brahma, terwijl de Smeroe uit den aard der zaak vanzelf is uitge- sloten, aangezien het hier juist om het transport daarv"
OV_1919,1919,402,0,volcanic,welirang,Welirang,Welirang,,,location+material+site+volcanic,4,"Uit het gedeelte van de Tantu Pagelaran door mij gebruikt hi] de identificatie Kampud = Kloet blijkt echter. dat Kumukus wel degelijk een bergnaam was, die in de rij Katong, Wilis, Kampud, Kawi, Arjuna, Kumukus het laatst genoemd wordt. Uit het verdet verloop van het ver- haal blijkt, dat de Bromo er niet mede bedoeld kan zijn, daar die afzonderlijk genoemd wordt als goenoeng Brahma, terwijl de Smeroe uit den aard der zaak vanzelf is uitge- sloten, aangezien het hier juist om het transport daarv"
OV_1919,1919,402,0,volcanic,welirang,Welirang,Welirang,,,location+material+site+volcanic,4,"Uit het gedeelte van de Tantu Pagelaran door mij gebruikt hi] de identificatie Kampud = Kloet blijkt echter. dat Kumukus wel degelijk een bergnaam was, die in de rij Katong, Wilis, Kampud, Kawi, Arjuna, Kumukus het laatst genoemd wordt. Uit het verdet verloop van het ver- haal blijkt, dat de Bromo er niet mede bedoeld kan zijn, daar die afzonderlijk genoemd wordt als goenoeng Brahma, terwijl de Smeroe uit den aard der zaak vanzelf is uitge- sloten, aangezien het hier juist om het transport daarv"
OV_1919,1919,402,0,volcanic,wilis,Wilis,Wilis,,,location+material+site+volcanic,4,"Uit het gedeelte van de Tantu Pagelaran door mij gebruikt hi] de identificatie Kampud = Kloet blijkt echter. dat Kumukus wel degelijk een bergnaam was, die in de rij Katong, Wilis, Kampud, Kawi, Arjuna, Kumukus het laatst genoemd wordt. Uit het verdet verloop van het ver- haal blijkt, dat de Bromo er niet mede bedoeld kan zijn, daar die afzonderlijk genoemd wordt als goenoeng Brahma, terwijl de Smeroe uit den aard der zaak vanzelf is uitge- sloten, aangezien het hier juist om het transport daarv"
OV_1919,1919,402,0,volcanic,mountain,Mountain reference,goenoeng Brahma,Brahma,,location+material+site+volcanic,4,"Uit het gedeelte van de Tantu Pagelaran door mij gebruikt hi] de identificatie Kampud = Kloet blijkt echter. dat Kumukus wel degelijk een bergnaam was, die in de rij Katong, Wilis, Kampud, Kawi, Arjuna, Kumukus het laatst genoemd wordt. Uit het verdet verloop van het ver- haal blijkt, dat de Bromo er niet mede bedoeld kan zijn, daar die afzonderlijk genoemd wordt als goenoeng Brahma, terwijl de Smeroe uit den aard der zaak vanzelf is uitge- sloten, aangezien het hier juist om het transport daarv"
OV_1919,1919,405,0,volcanic,lamongan,Lamongan,Lamongan,,,location+site+volcanic,3,"Het Hoofd van den O. D. maakte een reis naar de Mid- den-Javaansche monumenten» Koedoes, Lamongan en de tempels in den Oosthoek, waarbij hij vergezeld werd door den Bouwk. Inspecteur en gedeeltelijk door den Bouwk. Adj. Inspecteur en den heer Callenfels {zie pag, 80). De heer Perquin vertoefde in verband met den arbeid voor het Gedenkboek eenige dagen te Batavia en bracht voorts een inspectie-bezoek aan den Boroboedoer."
OV_1919,1919,429,0,volcanic,lamongan,Lamongan,Lamongan,,,,1,"Na Koedoes bezochten wij van uit Lamongan de me- sigit bij Sendang doewoer (bij Patjiran, Rapp. Oudhk. Dienst 1915 p. 251). 82"
OV_1919,1919,440,0,volcanic,mountain,Mountain reference,Goenoeng Gangsir,Gangsir,,,1,"Bij mijn bezoek waren de tjandi s Derma, Bangkal en Goenoeng Gangsir reeds gereed gekomen, terwijl aan Pari nog gewerkt werd,"
OV_1919,1919,441,0,volcanic,mountain,Mountain reference,Goenoeng Gangsir,Gangsir,,location+material+volcanic,3,"Goenoeng Gangsir zag ik voor het eerst in haar ware gedaante, nu de top bevrijd was van het oerbosch van onkruid en planten en het muurwerk behoorlijk was szhoongemaakt. P an den gevel rechts van den ingang was een fr ai terracotta paneehje blootgekomen, versierd met een groote waterkruik, het op Midden-)ava zoo geliefde motief, geflankeerd door twee naakte vrouwen-Bguren. Op de merkwaardige reliefs met voorstellingen van bouw- werken in vrij zuiver Midden-Javaanschen stijl, is reeds vroeger o,a"
OV_1919,1919,452,0,volcanic,lahar,lahar/mudflow,lahar,,,location+site+volcanic,3,"Vanuit Blitar bezocht ik door de heeren Perquin en De Haan vergezeld, het door de Kloet-cruptie voor den dag gekomen basementje, dat naar de naastbij liggende desa Tjandi Soember Nanas (bij Ponggoh) geheeten is. Veel valt er nog niet van te zeggen. In de onafzienbare lahar- w^oestijn vormt het een laag verhevenheidje, verborgen in het steenharde eruptiezand, dat hier en daar een uit- of insprong doet vermoeden, of een gedeelte van een lijst bloot laat."
OV_1919,1919,452,0,volcanic,eruption,eruption event,eruptie,,,location+site+volcanic,3,"Vanuit Blitar bezocht ik door de heeren Perquin en De Haan vergezeld, het door de Kloet-cruptie voor den dag gekomen basementje, dat naar de naastbij liggende desa Tjandi Soember Nanas (bij Ponggoh) geheeten is. Veel valt er nog niet van te zeggen. In de onafzienbare lahar- w^oestijn vormt het een laag verhevenheidje, verborgen in het steenharde eruptiezand, dat hier en daar een uit- of insprong doet vermoeden, of een gedeelte van een lijst bloot laat."
OV_1919,1919,452,0,volcanic,kelud,Kelud,Kloet,,,location+site+volcanic,3,"Vanuit Blitar bezocht ik door de heeren Perquin en De Haan vergezeld, het door de Kloet-cruptie voor den dag gekomen basementje, dat naar de naastbij liggende desa Tjandi Soember Nanas (bij Ponggoh) geheeten is. Veel valt er nog niet van te zeggen. In de onafzienbare lahar- w^oestijn vormt het een laag verhevenheidje, verborgen in het steenharde eruptiezand, dat hier en daar een uit- of insprong doet vermoeden, of een gedeelte van een lijst bloot laat."
OV_1919,1919,454,0,volcanic,lahar,lahar/mudflow,lahar,,,location+volcanic,2,"De heer De Haan zal na beeindiging van de vverkzaam^ heden in het Malangsche onmiddellijk de uitgraving ter hand nemen. Tegelijk zal hij dan naar de andere oudheid, die in den zijkant van een door de lahar ingescheurde kali-bedding, niet ver van Soember Nanas, voor den dag is gekomen. een onderzoek instellen."
OV_1919,1919,456,0,volcanic,tephra,tephra/ash/tuff,asch,,,location+material+site+volcanic,4,"en nog onlangs door den hcer Moens ter sprakc gebracht is ^), is mij nu gebleken een copie te zijn van een der vijf Dhyani-buddha-beelden van Tjandi Sanggrahan. Niet alleen de bonding der handen maar ook de behandeling van andere details (bijzondere aandacht verdient de slip van bet gewaad die bij bet Bataviasche en bet Sanggraban- sche beeld den recbterschouder bedekt, een eigenaardigbeid die ook bij Tibetaanscbe beclden voorkomt) is bij beide gebeel eender. Daar bet boofd van bet origineele be"
OV_1919,1919,459,0,volcanic,mountain,Mountain reference,Goenoeng Woekir,Woekir,,site+volcanic,2,"Naar aanleiding van hct opstel van den heer Rouffaer over „De Regentes-Vorstin Sima in Kedoe*' ^), waar in een noot de aandacht gevestigd wordt op den Goenoeng Woekir in Zuid-Kedoe (W, ten N. van Salam en Z. ten O. van Moentilan) en de oudheden, die Hoepermans op den top van dien heuvel aantrof en beschreef, onder- nam ik een tocht daarheen»"
OV_1919,1919,471,0,volcanic,eruption,eruption event,uitbarsting,,,location+site+volcanic,3,"Na afloop der werkzaambeden in het Malangsche wcrd cen begin gemaakt met de opgraving van het monumentje te Soember Nanas, 't weik met de jongste uitbarsting van den Kloet aan het licht was gekomen."
OV_1919,1919,471,0,volcanic,kelud,Kelud,Kloet,,,location+site+volcanic,3,"Na afloop der werkzaambeden in het Malangsche wcrd cen begin gemaakt met de opgraving van het monumentje te Soember Nanas, 't weik met de jongste uitbarsting van den Kloet aan het licht was gekomen."
OV_1919,1919,472,0,volcanic,lahar,lahar/mudflow,lahar,,,material+site+volcanic,3,"Het geheel vertoonde zich als een heuvel te midden van de lahar en was met een dikke laag modder en kiezel bedekt. Deze was op een dusdanige wijze vcrhard, dat het onmogelijk bleek er met een patjol doorheen te komen en er pikhouweelen voor gebruikt moesten worden. Groote omzichtigheid was echter geboden, daar het monumentje, uit baksteen opgetrokken, licht beschadigd kon worden."
OV_1919,1919,501,0,volcanic,tephra,tephra/ash/tuff,asch,,,location+site+volcanic,3,"De heer De Vink maakte in de Benedenstad eenige opnamen van oude huisjes in Gang Missigit, van het voormalige Compagnies Hospitaal (het oude gedeelte der tegenwoordige Javasche Bank), van een oud-model suiker- molen bij Tangerang, van den Missigit Angkeh, van eenige grafsteenen en voorts van tal van voorwerpen in het Bataviaasch Museum."
OV_1919,1919,501,0,volcanic,tephra,tephra/ash/tuff,asch,,,location+site+volcanic,3,"De heer De Vink maakte in de Benedenstad eenige opnamen van oude huisjes in Gang Missigit, van het voormalige Compagnies Hospitaal (het oude gedeelte der tegenwoordige Javasche Bank), van een oud-model suiker- molen bij Tangerang, van den Missigit Angkeh, van eenige grafsteenen en voorts van tal van voorwerpen in het Bataviaasch Museum."
OV_1919,1919,507,0,volcanic,lahar,lahar/mudflow,lahar,,,site+volcanic,2,"het tempel-complcx en de lahar v, d jongste uitbarsting v/d Kloet. 3762 18 , 23 Tjandi Pari, distr. Porong, afd. Sidoardjo. Oostzijde breekgat met oude profileering. 3763 id. id. id. 3763 13 ” 18 Tjandi Derma, distr. Krian, afd. Sidoardjo. NO.hoek na de herstelling. 3765 ” id. NO.hoek (detail kroonlijst) na de herstelling- 3766 ” id. NO.hoek (top) na dc herstelling. 3767 ff id. Oostzijde (^detail doorgang) na de herstelling. 3768 id. Zuidoosthoek, id. 3769 - id. ZW.hoek (detail kroonlijst) na de"
OV_1919,1919,507,0,volcanic,eruption,eruption event,uitbarsting,,,site+volcanic,2,"het tempel-complcx en de lahar v, d jongste uitbarsting v/d Kloet. 3762 18 , 23 Tjandi Pari, distr. Porong, afd. Sidoardjo. Oostzijde breekgat met oude profileering. 3763 id. id. id. 3763 13 ” 18 Tjandi Derma, distr. Krian, afd. Sidoardjo. NO.hoek na de herstelling. 3765 ” id. NO.hoek (detail kroonlijst) na de herstelling- 3766 ” id. NO.hoek (top) na dc herstelling. 3767 ff id. Oostzijde (^detail doorgang) na de herstelling. 3768 id. Zuidoosthoek, id. 3769 - id. ZW.hoek (detail kroonlijst) na de"
OV_1919,1919,507,0,volcanic,kelud,Kelud,Kloet,,,site+volcanic,2,"het tempel-complcx en de lahar v, d jongste uitbarsting v/d Kloet. 3762 18 , 23 Tjandi Pari, distr. Porong, afd. Sidoardjo. Oostzijde breekgat met oude profileering. 3763 id. id. id. 3763 13 ” 18 Tjandi Derma, distr. Krian, afd. Sidoardjo. NO.hoek na de herstelling. 3765 ” id. NO.hoek (detail kroonlijst) na de herstelling- 3766 ” id. NO.hoek (top) na dc herstelling. 3767 ff id. Oostzijde (^detail doorgang) na de herstelling. 3768 id. Zuidoosthoek, id. 3769 - id. ZW.hoek (detail kroonlijst) na de"
OV_1919,1919,536,0,volcanic,lahar,lahar/mudflow,lahar,,,location+site+volcanic,3,"aaniicht tempel (Rapp. Oudh. Comm. 1903 p. 58 sq, en pi. 36). 3840 Oost-Java. drie stecnen Kala-koppen (Banaspati‘s). 3841 id. id. 3842 13 X IS Tjandi Panataran, distr. en afd. Blitar. fundamenten in lahar NW. v/h Panataran-terrein. 3843 id. rak^asa v/d trapvleugel v/d hoofdtempel. 3844 id. Noordoosthoek v/h terras met jaartal. 3845 ft id. detail Oostzijde van idem. 3846 id. zijaanzicht trapvleugel id. 3847 id. vooraanzicht id. 3848 ft id."
OV_1919,1919,547,0,volcanic,mountain,Mountain reference,Goenoeng Argapoera,Argapoera,,,1,"Nagasaki (Japan) i d tuin Vjh erf van Mevr. Boed- dinghaus. 409 Goenoeng Argapoera. distr. Gading, afd. Kraksaan. 410 Cheribon, hoofdplaats (Kra- ton Kasepoehan). 411 Cheribon, hoofdplaats (Kra- ton Kasepoehan). 412 id. 413 id. (Kraton Kanoeman). 414 id. 415 id. 416 Marga Soekau. afd. Kroe, Res. Benkoelen. 417 id. 418"
OV_1919,1919,605,0,volcanic,tephra,tephra/ash/tuff,ASCH,,,location+volcanic,2,NASCHRIFT. Terugkomende van Bali kreeg ik de uitgave van Kern’s Nugarakrtagama-vertaiing met ver- klarende aanteekeningen van Dr. Krom in handen.
OV_1919,1919,611,0,volcanic,tephra,tephra/ash/tuff,asch,,,location+material+volcanic,3,"Het is bekend, dat de bronzen in het Bataviaasch Museum, welke Kuwera voorstellen, veelal ecn voetstuk hebben, dat met potten versierd is. Deze versiering vindt men ook bij het steenen beeld No. 207 (KGAV, Rot. Zuid^ gehjk bij verscheiden bronzen in 's Rijks Ethnogr. Museum te Leiden. Men beschouwt deze potten als geld- potten, schatvazen, potten vol rijkdommen; zij worden ook elders aangetroffen, met name op reliefs waar de figuur van Kuwera ontbreekt ^). Zij komen echter bij Kuwera zoo veelvul"
OV_1919,1919,664,0,volcanic,dieng,Dieng,Dieng,,,location+site+volcanic,3,"Het Oudheidkundig Verslag over het derde kwartaal 1919 verscheen in druk. De ,,Korte Gids voor de Tern- pelbouwvallen in de Prambanan-vlakte, het Dieng-plateau en Gedong Sanga'' verscheen in druk en zal bij het ver- schijnen van dit Kwartaal-verslag reeds voor het publiek verkrijgbaar zijn. Hindoe^Oudheden. § 4. Bcscherming van Monumenten. Verslag van den Bouwk. Adjunct-Inspecteur."
OV_1919,1919,724,0,volcanic,lahar,lahar/mudflow,lahar,,,material+site+volcanic,3,"Daar dc tempel midden in de lahar-zone cn derhalve midden in 't bandjir-gebied ligt, was hct gevaar voor een eventueele overs trooming niet denkbeeldig. Om o ver- strooming zoovcel mogelijk te voorkomen, werd met de uitgcgraven aarde aan de gevaarlijke zijden een lage dijk aan- gelegd. Aan de buitenzijden werd de dijk met kalisteenen tegen inschuring beschermd, Het behoefc geen betoog. dat de dijk geen absolute waarborg geeft. Diegenen. die de kracht der bandjirs meer van nabij kennen, weten dat"
OV_1919,1919,741,0,volcanic,ijen,Ijen,ijen,,,material+site+volcanic,3,"Beeld van Wisnu, zuidelijke arm der westeiijke galerijen. 13 (368) id. Westeiijke ingang. Middendeur. 14 (417) id Gezicht op den tempel van uit de bibliotheek. 15 (498) id. Pilaster. 16 (509) id. Biddende figuur (hout) in de kruis- galerij. 17 (442) Angkor Thom Prea khan Reuzen. 18 (443) id. Reus, een naga van de balustrade vasthoudend."
OV_1919,1919,864,0,volcanic,tephra,tephra/ash/tuff,asch,,,material+volcanic,2,"De bovenbedoelde steen van Calcutta geeft ons, groo- tendeels door de lacunes die juist op de meest belangrijke plaatsen voorkomen. geen aanwijzingen ter zake* Strophe 14 van het Sanskrtlofdicht vermeldt slechts dat de kraton in de asch werd gelegd en Airlangga moest vluchten, zonder ons eenigen naam te noemen. De Oud-Javaansche oorkonde is uitvoeriger, maar, juist op de plaats waar het op aan komt, beschadigd. Regel 5 cn 6 vermelden 157 ✓ daar (vertaling van ProL Kern): . ten tijde van"
OV_1920,1920,7,2,volcanic,tephra,tephra/ash/tuff,asch,,,location+volcanic,2,„ F. Aanwinsten van de Archaeologische collectie van het Bataviaasch Genootschap door Dr. F. D. K. Bosch 5 7
OV_1920,1920,20,5,volcanic,kelud,Kelud,Kloet,,,material+site+volcanic,3,"■Tnonp^rapWscl^ s^di^g&feMSTv^erd wdrden. O.verigens bestaat wel het vbornemen pm <fe pnderwerpep, die i nch ddartoe leenen, bv. de beschf^virigeu van kleinere monu- inenten,' die! in den vertAa^tq d . afgewerkt zijn, in de kwartaal-verslagen op te nemen. Zoo doende zal bet rich gedurig ophoopende ongepubliceerde studie-materiaal gelei- delijjk aari terjteanis van het publiek gebracht kunncn worden. Als eerste proeve van een dergelijke beschrpving is hierachter opgenomen ecn Bijlage, waarin tjan"
OV_1920,1920,37,0,volcanic,ijen,Ijen,ijen,,,site+volcanic,2,"- ?• In de tweede helft van dit kwartaal werd de opruiming der steenhoopen met kracht aangevat aan de estzijde. De onbewerkte steenen werden regelmatig opge- - tast langs den buitensten terrein-ringmuur am eventueel gebruikt te worden voor den verderen opbouw van den hoofdtempel; de geprofileerde steenen werden tijdelijk in rijen geplaatst op de bijtempels, omdat voorloopig op het binnen-tempelterrein geen plaats is; naar dit terrein worden echter die steenen vervoerd, die voor een mogelijke her"
OV_1920,1920,73,0,volcanic,mountain,Mountain reference,Goenoeng Toea,Toea,,location+site+volcanic,3,"Goenoeng Toea, onderafdeeling Padanglawas, afd. Padang Sidempoean, res. Tapanoeli. id. Makara. % 4172 18 X 24 Biara (v66rzijde). 4173 ft id. Tempel-plein. 4174 tt"
OV_1920,1920,139,0,volcanic,eruption,eruption event,uitbarsting,,,,1,"' '--o' /'*‘ ((.• "" ' - verschrikkelijke uitbarsting i.., , ^' M| van den Kloet in den nacbt * ‘ *j . 7 ' | ( van 19 op 20 Mei '19 was bier"
OV_1920,1920,139,0,volcanic,kelud,Kelud,Kloet,,,,1,"' '--o' /'*‘ ((.• "" ' - verschrikkelijke uitbarsting i.., , ^' M| van den Kloet in den nacbt * ‘ *j . 7 ' | ( van 19 op 20 Mei '19 was bier"
OV_1920,1920,142,102,volcanic,eruption,eruption event,eruptie,,,,1,Qjy-^-.^ 1 — j— / // Ji a t 1 I / \ tijdens de eruptie de berghel-
OV_1920,1920,170,0,volcanic,mountain,Mountain reference,Goenoeng Gangsir,Gangsir,,site+volcanic,2,"van die van andere monumenten, Goenoeng Gangsir uitgezonderd. Algemeen zijn de trapvleugels belaagrijk korter gehouden dan de trap lang is. Het verdere gedeelte van de trap loopt dan door in eeri soort voorsprong van -den tempelvoet of het terras, waartegen zieh de typische krulvormig eindigende vleugels aansluiten. Bij Kidal heeft de bedoelde voorsprong dezelfde profiteering als de voet, meestal ech- ter is zij afzonderlijk geprofileerd, zooals b. v. te Panataran en Sawentar. Doordat het trap g"
OV_1920,1920,177,0,volcanic,mountain,Mountain reference,Goenoeng Gangsir,Gangsir,,material+site+volcanic,3,"Van den bovenbouw van het monument zijn slechts enkele brokstukken over (pi. 10- H). Hoewel deze geen genoegzame gegevens verschaffen om maar een flauw denkbeeld te geven omtrent de opbouw en versiering van den tempel, zijn zij, op zicb zel£ beschouwd, tocb zeer interessant en leerrijk. Zij helpen mede den indruk versterken, dat. de bouwmeester van Soembernanas onder den invloed van oudere meesters stond. Vooral moge dit blijken uit de brokstukken op pi. 14 afgebeeld. Deze hebben ongetwijfeld to"
OV_1920,1920,194,0,volcanic,eruption,eruption event,eruptie,,,burial+material+site+volcanic,4,"Een derde beeldje (pi. 19) werd direct na de eruptie op den top van den heuvel aangetroffen. De steenen kist met de verschillende stukken van het deksel (pi. 21) werden aan de oostzijde van den tempel .opgegraven. De kist lag met den bodem naar boven gekeerd en op korten afstand van den tempel. De wanden zijn vlak en zonder versiering, alleen het deksel wordt bekroond door een lotusbloem met zaad- bed, waarin zich in het midden een kleine ronde opening bevindt (fig. 3991)."
OV_1920,1920,197,0,volcanic,eruption,eruption event,eruptie,,,material+volcanic,2,Het bij de Kloet-eruptie en de daarop gevolgde ontgraving te Soembemanas voor den dag gekomen beeldhouwwerk brengt der iconographische wetenschap geen nieuws.
OV_1920,1920,197,0,volcanic,kelud,Kelud,Kloet,,,material+volcanic,2,Het bij de Kloet-eruptie en de daarop gevolgde ontgraving te Soembemanas voor den dag gekomen beeldhouwwerk brengt der iconographische wetenschap geen nieuws.
OV_1920,1920,202,112,volcanic,mountain,Mountain reference,Goenoeng Gangsir,Gangsir,,material+site+volcanic,3,"mochten komeh, strikt wetenschappelijk gesproken niets bewijzen ten aanzien van den ouderdom van het bouwwerk zelf. Het kan immers voorkomen, dat de bij of in een heiligdom opgestelde beelden na de voltooiing van dat bouwwerk vervaardigd zijn, of omgekeerd, dat bestaande beelden in een nieuw-gebouwden of gerestaureerden tempel geplaatst zijn ’). Maar deze gevallen behooren wel lot de uitzonderingen. Als regel mag men aannemen, dat een monument en het daarbij behoorend beeldbouw- werk van ongevee"
OV_1920,1920,219,0,volcanic,ijen,Ijen,ijen,,,material+volcanic,2,"een nauwkeurige bezichtiging der staande Midden- Javaanscbe figuren zal men opmerken, dat de beide slippen, die aan het midden van den buikband bevestigd zijn, na even door den beupgordel of de om de dijen geslagen slendang opgewipt te zijn, langs den voorzijde der dijen afbangen tot niet verder dan de kme. Ook bij de beelden der Majapabitsche groep komen de afbangende slippen voor ; zij zijn 'breeder en worden gewoonlijk samengesteld uit paarlsnoeren, die onderaan in fraai bewerkte ruitvormige "
OV_1920,1920,219,0,volcanic,ijen,Ijen,ijen,,,material+volcanic,2,"een nauwkeurige bezichtiging der staande Midden- Javaanscbe figuren zal men opmerken, dat de beide slippen, die aan het midden van den buikband bevestigd zijn, na even door den beupgordel of de om de dijen geslagen slendang opgewipt te zijn, langs den voorzijde der dijen afbangen tot niet verder dan de kme. Ook bij de beelden der Majapabitsche groep komen de afbangende slippen voor ; zij zijn 'breeder en worden gewoonlijk samengesteld uit paarlsnoeren, die onderaan in fraai bewerkte ruitvormige "
OV_1920,1920,245,0,volcanic,tephra,tephra/ash/tuff,asch,,,location+material+site+volcanic,4,"Moeilijk kan meer ontkend worden, dat de Midden- J avaansche tradities ook in de beeldbouwkunst op Oost-Java zijn voortgezet. Voor de architectuur was dit reeds lang aangetoond. De hiervoor genoemde Tjandi Goenoeng Gangsir immers vormt de trait-d'union tusschen Midden- en Oost-Java. Bij de beeldhouwkunst miste men echter aanknoopingspunten. De oudste met zeke'rheid te dateeren beelden, die van tjandi Dj ago van 1190, onderscheiden zich in zoovele opzichten van de drie eeuwen oudere Midden- J ava"
OV_1920,1920,245,0,volcanic,mountain,Mountain reference,Goenoeng Gangsir,Gangsir,,location+material+site+volcanic,4,"Moeilijk kan meer ontkend worden, dat de Midden- J avaansche tradities ook in de beeldbouwkunst op Oost-Java zijn voortgezet. Voor de architectuur was dit reeds lang aangetoond. De hiervoor genoemde Tjandi Goenoeng Gangsir immers vormt de trait-d'union tusschen Midden- en Oost-Java. Bij de beeldhouwkunst miste men echter aanknoopingspunten. De oudste met zeke'rheid te dateeren beelden, die van tjandi Dj ago van 1190, onderscheiden zich in zoovele opzichten van de drie eeuwen oudere Midden- J ava"
OV_1920,1920,247,0,volcanic,lahar,lahar/mudflow,lahar,,,material+site+volcanic,3,"De Guru is voor den dag gekomen tegenover de Noordzijde van het fun- dament. Daar de achterzijde van den tempel, hier Oost, steeds voor Gane^a gereserveerd is en dus de Guru niet van een nis op dien wand afkomstig kan zijn 3 »n voorts niet aan te nemen is, dat het eerstgenoemde beeld door den laharstroom van den Zuidkant om het basement heen naar het Noorden gespoeld is, is zijn oorspronkelijke standplaats waarschijnlijk de Noorder-nis geweest. De niet-gevonden DurgS. is daarmede op de Zuider-ni"
OV_1920,1920,275,0,volcanic,dieng,Dieng,Dieng,,,location+volcanic,2,De bouwkundige Inspecteur ondemam reizen naar het Diengplateau en Weltevreden en bezocht bijna dagelijks Prambanan.
OV_1920,1920,277,0,volcanic,dieng,Dieng,Dieng,,,location+site+volcanic,3,De Heer Van Stein Callenfels vergezelde den adj. Inspecteur op zijn reis langs de Oost-Javaansche oudheden en verbleef gedurende het overige deel van het kwartaal op den Dieng.
OV_1920,1920,327,0,volcanic,dieng,Dieng,Dieng,,,location+site+volcanic,3,"Diengplateau. Aangaande de drooglegging van het DiSng-plateau rap- porteert de heer Van Stein Callenfels, dat door hem en den Ingenieur der Irrigatie te Bandjarnegara de situatie begin Mei werd opgenomen. Daarbij bleek het graven van een afvoerkanaal langs den bestaanden gangsiran Swatama (de oude Hindoe leiding) de beste methode om de Noordelijke helft van het moeras droog te leggen. Het project zal door den Ingenieur vnd. worden opgemaakt. Ten einde het afvoerkanaal zoo goedkoop mogelijk te ku"
OV_1920,1920,327,0,volcanic,dieng,Dieng,Dieng,,,location+site+volcanic,3,"Diengplateau. Aangaande de drooglegging van het DiSng-plateau rap- porteert de heer Van Stein Callenfels, dat door hem en den Ingenieur der Irrigatie te Bandjarnegara de situatie begin Mei werd opgenomen. Daarbij bleek het graven van een afvoerkanaal langs den bestaanden gangsiran Swatama (de oude Hindoe leiding) de beste methode om de Noordelijke helft van het moeras droog te leggen. Het project zal door den Ingenieur vnd. worden opgemaakt. Ten einde het afvoerkanaal zoo goedkoop mogelijk te ku"
OV_1920,1920,327,0,volcanic,dieng,Dieng,Dieng,,,location+site+volcanic,3,"Diengplateau. Aangaande de drooglegging van het DiSng-plateau rap- porteert de heer Van Stein Callenfels, dat door hem en den Ingenieur der Irrigatie te Bandjarnegara de situatie begin Mei werd opgenomen. Daarbij bleek het graven van een afvoerkanaal langs den bestaanden gangsiran Swatama (de oude Hindoe leiding) de beste methode om de Noordelijke helft van het moeras droog te leggen. Het project zal door den Ingenieur vnd. worden opgemaakt. Ten einde het afvoerkanaal zoo goedkoop mogelijk te ku"
OV_1920,1920,338,0,volcanic,dieng,Dieng,Dieng,,,,1,De heer Van Stein Callenfels zal de doorlegging van het Noordelijk deel van het Dieng-plateau als onder § 5 aangegeven voorbereiden.
OV_1920,1920,370,0,volcanic,tephra,tephra/ash/tuff,ASCH,,,location+volcanic,2,AAN WIN STEN VAN DE ARCHAEOLOGISCHE COL- LECTIE VAN HET BATAVIAASCH GENOOTSCHAP DOOR Dr. F. D. K. BOSCH J. De bronzen Rakdcua van deva Babadan.
OV_1920,1920,386,0,volcanic,mountain,Mountain reference,Goenoeng Katoe,Katoe,,material+site+volcanic,3,"De Hindoe-Javaansche bronskunst vmdt haar bestemming voomamelijk in den eeredienst en deze, op zijn beurt, concentreert zich in het heiligdom. Bij de vondst van een bronzen voorwerp van beteekenis zal steeds dus de vraag moeten luiden: van welken tempel in de omgeving kan het afkomstig zijn. In het onderhavige geval bestaat weinig kans in de onmiddellijke nabijheid van de vindplaats resten van een heiligdom te - ontdekken. Volgens bet proces-verbaal voomoemd hebben de vinders een stuk grond van "
OV_1920,1920,391,0,volcanic,tephra,tephra/ash/tuff,asch,,,location+material+volcanic,3,"Onder de aanwinsten van 1919 is in Bijlage XI der Notulen van het Bata- viaasch Genootschap als No. 5758 een door den heer F. James aan het Museum ten geschenke gegeven ornament ingeschreven, dat wel belangrijk genoeg is om hier afzonderlijk besproken en afgebeeld te worden (PI. 6). Het is een zgn. antefix en werd gevonden ten Noorden van den grooten postweg op de hoogte van de Sf. Paroengdjaja, desa Parapatan, distr. Redjagaloeh. afd. Madjalengka, res. Cheribon."
OV_1920,1920,399,0,volcanic,ijen,Ijen,Idjen,,,location+material+site+volcanic,4,"Of de latere Cheribonsche pottebakkerskunst is voortgekomen uit de Hindoe- Javaansche, van welks bestaan het antefix getuigenis aflegt? Het bewijs hiervoor is moeilijk te leveren. Het gebruik van baksteenen ornamenten voor heiligdommen is op Java niet tot Cheribon beperkt geweest. Ook in streken, waar thans de ceramiek niet meer beoefend wordt, zijn baksteenen versieringsstukken aangetrofifen, zoo b.v. te Tjandiredjo in het Magelangsche (distr- Grabag) 2 ) op den top van het Idjen-plateau s ) en"
OV_1920,1920,400,0,volcanic,mountain,Mountain reference,Goenoeng Gangsir,Gangsir,,location+material+site+volcanic,4,"De eenige gespaard gebleven tempel, waarvan de terracotta ornamenten nog hunne oorspronkelijke plaats innemen, is tjandi Goenoeng Gangsir bij Sidoardjo, die geheel uit bakstecn is opgetrQkken. Was het Cheribonsche heiligdom, waartoe het antefix behoord heeft, uit hetzelfde materiaal vervaardigd, wat wel waarschijnlijk is, dan geeft dit de verklaring, dat — ondanks de ijverige nasporingen van den heer James, — geen enkel overblijfsel van dat heiligdom in de nabijheid van de vindplaats werd ontdek"
OV_1920,1920,429,0,volcanic,mountain,Mountain reference,Goenoeng Sitoli,Sitoli,,material+volcanic,2,"De heer Steinbuch vestigde er ook mijne aandacht op, dat bij het goudwas- schen in de rivier, die bij Natal in zee stroomt, herhaaldelijk gouden sieraden, ringen, etc. gevonden worden. Het koeriahoofd te Natal moet er eene groote verza- meling van hebben, terwijl verschillende stukken in het bezit zouden zijn van den Civiel Gezaghebber van Goenoeng Sitoli (Nias), O. J. Rookmaker, die vroeger te Natal geplaatst was. Daar de tocht er heen per Gouvemements-stoomer ruim een week in beslag zou hebben"
OV_1920,1920,433,0,volcanic,mountain,Mountain reference,Goenoeng Toewa,Toewa,,material+site+volcanic,3,"Ter hoofdplaats Goenoeng Toewa bevinden zich midden in de kampoeng dicht bij het huis van den radja in den grand de overblijfselen van een baksteentempel. Door den toenmaligen fg. Controleur van Padang Lawas, den heer Van der Beek, is indertijd een proefsleuf gegraven, waarbij twee groote steenen makara’s als ondereinden van trapvleugels voor den dag kwamen, die op het Controleurserf zijn gedeponeerd, waar zij door mij werden aangetroffen (PL 3). Het leeuwtje, het overgebleven exemplaar van de t"
OV_1920,1920,433,0,volcanic,mountain,Mountain reference,Goenoeng toewa,toewa,,material+site+volcanic,3,"Ter hoofdplaats Goenoeng Toewa bevinden zich midden in de kampoeng dicht bij het huis van den radja in den grand de overblijfselen van een baksteentempel. Door den toenmaligen fg. Controleur van Padang Lawas, den heer Van der Beek, is indertijd een proefsleuf gegraven, waarbij twee groote steenen makara’s als ondereinden van trapvleugels voor den dag kwamen, die op het Controleurserf zijn gedeponeerd, waar zij door mij werden aangetroffen (PL 3). Het leeuwtje, het overgebleven exemplaar van de t"
OV_1920,1920,435,159,volcanic,mountain,Mountain reference,Goenoeng toewa,toewa,,site+volcanic,2,"bedoeld met de terrassen etc. te Goenoeng toewa tonga (biz. 111/112). Deze bestaat eerstens uit een soubassement, waarvan de bovenbouw of verdwenen of nimmer aanwezig is geweest, het laatste is bet meest waarschijnlijk. Dit soubassement heb ik laten uitgraven en bevond het volgende. Het lichaam is ongeveer 8.58 : 8.52, met op elk der 3 zijden uitsprongen Van 0.09 — 0.16 M. over een lengte van 2.52 — 2.58 M. Aan de Oostzijde bevindt zich de trapuitbouw, die in totaal 2.09 M. voor het tempel- lich"
OV_1920,1920,445,0,volcanic,mountain,Mountain reference,Goenoeng toewa,toewa,,material+site+volcanic,3,"De trap, die van den beganen grond naar het eigenlijke tempelgebouw voerde is bij de tempels, waar dit nog geconstateerd kon worden, niet zoo steil als bij de meeste tempels op Java het geval is. Vandaar dat de trapmtbouw van relatief aanzienlijke lengte is. Bij alle biara’s eindigen de trapvleugels m groote makara s, die onderling zeer veel gelijkenis met elkaar vertoonen en van fhnke afmefang zijn. De foto van de makara van Goenoeng toewa geeft een goed denkbeeld van het mterhjk van al deze or"
OV_1920,1920,472,0,volcanic,mountain,Mountain reference,Goenoeng Toewa,Toewa,,burial+material+site+volcanic,4,"Alvorens echter over te gaan tot mededecling van de resultaten van dit tweede gedeelte mijner reis dienen nog enkele gegevens, mij ter zake van de oudheden in de Padang Lawas door het Bestuur verstrekt, te worden medegedeeld. Heeft de toenmalige fg. Controleur van Padang Lawas, de heer Van der Beek, de verdienste opnieuw de aandacht op de oudheden in deze streek gevestigd te hebben, ook van zijn opvolger, den heer Fannoy, werd alle mogelijke medewerking ter zake ondervonden. Laatstgenoemde was z"
OV_1920,1920,472,0,volcanic,mountain,Mountain reference,Goenoeng toewa,toewa,,burial+material+site+volcanic,4,"Alvorens echter over te gaan tot mededecling van de resultaten van dit tweede gedeelte mijner reis dienen nog enkele gegevens, mij ter zake van de oudheden in de Padang Lawas door het Bestuur verstrekt, te worden medegedeeld. Heeft de toenmalige fg. Controleur van Padang Lawas, de heer Van der Beek, de verdienste opnieuw de aandacht op de oudheden in deze streek gevestigd te hebben, ook van zijn opvolger, den heer Fannoy, werd alle mogelijke medewerking ter zake ondervonden. Laatstgenoemde was z"
OV_1920,1920,490,0,volcanic,mountain,Mountain reference,Goenoeng Woekir,Woekir,,location+site+volcanic,3,"De bouwk. Inspecteur bezocht geregeld tjandi Prambanan en ondernam bo- vpndien reizen naar Gedong Sanga, Ngawen, Boroboedoer en den Goenoeng Woekir."
OV_1920,1920,491,0,volcanic,dieng,Dieng,Dieng,,,location+volcanic,2,De heer Van Stein Callenfels maakte reizen naar Blitar en Solo en verbleef het overige deel van het kwartaal op den Dieng.
OV_1920,1920,492,0,volcanic,mountain,Mountain reference,Goenoeng Gangsir,Gangsir,,location+site+volcanic,3,De Adj. bouwk. Inspecteur inspecteerde monumenten in het Malangsche en Goenoeng Gangsir en vergezelde den Chef op zijn reis langs de reeds genoemde Oost-Javaansche oudheden.
OV_1920,1920,510,0,volcanic,ijen,Ijen,ijen,,,burial+site+volcanic,3,"Nu gebleken is, dat er aan de Oostelijke zijde van het tempelcomplex geen drie maar vier rijen onder den grond bedolven liggen en daar dus de ontgraving tot den grondslag van deze rij zal moeten geschieden, moet ook de terreinringmuur, die (zooals bekend, alleen dient voor de afsluiting van het geheele tempelcomplex) dieper worden aangelegd. De opruiming der steenhoopen aan den W estkant werd onder toezicht van den heer van Coolwijk krachtig ter hand genomen. Met het sorteeren van steenen werd d"
OV_1920,1920,521,0,volcanic,lahar,lahar/mudflow,lahar,,,material+site+volcanic,3,"Van de daarondervolgende lagen zijn ook reeds eenige steenen gevonden; alvorens hier iets over mede te deelen is het raadzaam eerst de verdere ontgraving af te wachten, daar het heel goed mogelijk is, dat nog meer steenen gevonden worden. De ontgraving is thans over het geheele terrein tot op d: 1.15 boven het vermoedelijk oorspronkelijke tempelterrein gevorderd. Hier en daar beginnen zich baksteenen bouwwerken aan de oppervlakte te vertoonen, waarvan echter de bestem- ming en mogelijke onderlin"
OV_1920,1920,525,0,volcanic,mountain,Mountain reference,Goenoeng Gangsir,Gangsir,,location+material+site+volcanic,4,"Goenoeng Gangsir werd op gelijke wijze behandeld als de hier boven- genoemde Malangsche monumenfcen. Niet minder dan Kidal eischt deze tempel met zijn rooden baksteen de grootste voorzichtigheid. Ook bier werd een houten toe- gangshek geplaatst, benevens de vvegwijzers langs de wegen."
OV_1920,1920,529,0,volcanic,dieng,Dieng,Dieng,,,,1,"Door verscbillende omstandigheden bestond er aanleiding bet vraagstuk van bet onderhoud, de bewaking etc. der oudbeden op het Dieng plateau nog eens onder oogen te zien. Na verscbillende besprekingen met de betrokken hoof den van plaat- selijk bestuur en het boofd van den oudheidkundigen dienst werd besloten in principe aan te nemen dat allereerst zou worden overgegaan tot eene stelselmatige ontgraving, ten einde vast te stellen wat er eigenlijk nog aanwezig is in verband met de vraag welke gron"
OV_1920,1920,533,0,volcanic,crater,crater,krater,,,burial+material+site+volcanic,4,"Het behoeft geen betoog, dat het voor de in het moeras gelegen bouwvallen hoogst noodzakelijk is, tot algeheele dr aineering over te gaan. Door den voortdurend drassigen toestand van den grond z ijn de steenen steeds volgezogen met vocht, dat verdampt als de zon er op schijnt en de in het water opgeloste bestanddeelen achterlaat, welke den steen in meerdere of mindere mate aantasten. Een vergelijking van de basreliefs van Tjandi A zooals zij ruim 5 jaar geleden zijn opgegraven en zooals zij nu z"
OV_1920,1920,535,0,volcanic,crater,crater,krater,,,depth+material+volcanic,3,Allereerst moest nu worden vastgesteld het verloop van den eigenlijken bodem van het oorspronkelijke plateau. Door den toenmaligen hoofd-ingenieur Jhr. Boreel werd welwillend personeel afgestaan voor de noodige afmetingen en peilingen. Hier- bij bleek dat van den Noordrand af de bodem zeer langzaam en gelijkmatig naar het midden afloopt tot men op een paar honderd meter ten zuiden van de Ardjoena- groep eene diepte heeft bereikt van 4.28 M. Nog 5 meter meer naar het Zuiden peilende bereikte men 
OV_1920,1920,545,181,volcanic,dieng,Dieng,Dieng,,,site+volcanic,2,"Een nieuwe leiding werd gegraven langs den weg, die van Di'eng-\oelon, door DiSng- wetan naar de tjandi Bima loopt, met voldoende capaciteit om 00k in den regentijd niet. alleen het water van de Kali Toelis op te nemen, doch 00k het van de ten Oosten van het plateau gelegen bergen afvloeiende regenwater. In den loop van den Oostmoesson kwam dit werk gereed en in deze Westmoesson is reeds gebleken dat de capaciteit voor het beoogde doel voldoende is. Deze nieuwe Kali Toelis volgt, zooals boven ge"
OV_1920,1920,545,181,volcanic,dieng,Dieng,Dieng,,,site+volcanic,2,"Een nieuwe leiding werd gegraven langs den weg, die van Di'eng-\oelon, door DiSng- wetan naar de tjandi Bima loopt, met voldoende capaciteit om 00k in den regentijd niet. alleen het water van de Kali Toelis op te nemen, doch 00k het van de ten Oosten van het plateau gelegen bergen afvloeiende regenwater. In den loop van den Oostmoesson kwam dit werk gereed en in deze Westmoesson is reeds gebleken dat de capaciteit voor het beoogde doel voldoende is. Deze nieuwe Kali Toelis volgt, zooals boven ge"
OV_1920,1920,546,0,volcanic,dieng,Dieng,Dieng,,,site+volcanic,2,"Met het graven van twee apdere leidingen, een van af het huis van den loerah van Dieng-koelon langs den grooten weg zuidwaarts tot aan de nieuwe Kali Toelis en een van af datzelfde huis Westwaarts naar den Gangsiran Swatama moest gewacht worden tot het doorkomen van den Westmoesson, daar deze leidingen speciaai voor het opvangen en afvoeren van het regenwater op de bergen, die het plateau aan den Noordkant begrenzen, zouden moeten dienen en daarom hunne capaciteit niet van te voren kon worden be"
OV_1920,1920,554,0,volcanic,ijen,Ijen,ijen,,,material+site+volcanic,3,"Ondanks hare betrekkelijk geringe bekendheid behoort tjandi Idjo ontegen- zeggelijk tot de belangrijkste kleine bouwwerken van Midden- Java. De decoratie van de tempelkamer, in welks acbt'erwand een fraaie kala-makara-nis is aangebracbt, geflankeerd door uitspringende paneeltjes met voorstellingen van Gandharwa's in basrelief, is geheel eenig in de Midden- Javaansche architectuur. Even merkwaardig is de situatie der bijtempeltjes in drie rijen van drie voor den hoofdtempel en ££n op een vooruitg"
OV_1920,1920,556,0,volcanic,mountain,Mountain reference,goenoeng Idjo,Idjo,,location+site+volcanic,3,"Er kon geconstateerd worden, dat niet alleen op den top van den goenoeng Idjo bouwwerken gestaan hebben, maar ook op de helling en dat zelfs aan den voet van den berg zich overblijfselen van fundamenten bevinden. Zoo belooft het onderzoek, dat door den heer Perquin, zoo spoedig de werkzaamheden te Prambanan het toe- laten, zal ingesteld worden belangrijke resultaten te zullen opleveren."
OV_1920,1920,563,0,volcanic,mountain,Mountain reference,gunung punya,punya,,location+volcanic,2,"De in de desa Setrian, onderdistrict Kanigoro, gevonden beschreven steen (Oudhk. Versl. lste Kwt. 1920 p. 50), bleek een opschrift in duidelijke reliOfletters te dragen, luidende : banugunung punya wwang d.i. 1014 en iets lager manawaha De rest van den steen zit in den grond en kon niet uitge-"
OV_1920,1920,635,0,volcanic,dieng,Dieng,Dieng,,,site+volcanic,2,"belangrijke aansluiting aan de torentjes, die den doorgang naar de cella's flankeeren. Vergl. foto’s 5359-5362. 5371 >7 Dieng- Plateau. Tjandi Sembadra, op 15 Junil920. 5372 ff Idem Tjandi Poentadewa id. 5373 ff"
OV_1920,1920,714,227,volcanic,mountain,Mountain reference,Goenoeng Boetak,Boetak,,location+material+volcanic,3,"door een zijner volgelingen. Neem aan, dat hij een jongen van een jaar of 14 was^ toen hij de bevvuste vraag aan zijn moeder deed of misschien zelfs nog jonger, hij kan toch moeilijk minder dan 18-20 jaren hebben geteld, toen hij zijn stiefvader uit den weg ruimde, aangezien hij voor dien tijd den invloed gemist zal hebben om iemand tot den moord over te halen en daarna zelf den troon te bestijgen. Ranggah Rajasa zal dus vermoord zijn geworden ongeveer 20 jaar, nadat hij dit lot zijn voorganger "
OV_1920,1920,724,0,volcanic,dieng,Dieng,Dieng,,,location+material+site+volcanic,4,"De Heer Van Stein Callenfels ondernam een reis naar Bali ter opsporing van oude oorkonden en langs de oudheden in Kediri, Malang, Bangil en Modjokerto. Gedurende het overige deel van het kwartaal verbleef hij op den Dieng."
OV_1920,1920,755,0,volcanic,mountain,Mountain reference,Goenoeng Gangsir,Gangsir,,site+volcanic,2,"Bij de tjandi Goenoeng Gangsir, Pari en Darmo werden de toegangshekken geplaatst, de paggers zoover noodig vernieuwd en de gebouwen onder toezicht van den opzichter van groen gezuiverd."
OV_1920,1920,768,0,volcanic,tephra,tephra/ash/tuff,asch,,,location+site+volcanic,3,"Verder werd van den heer E. Jaconson te Fort de Kock de mededeeling ontvangen, dat op het terrein der cultuuronderneming Korintji-Maatschappij, bij Pinang Awang, onderafdeeling Moeara Laboeh (S.W\K.) een groot aantal (20 of meer) cirkels werden aangetroffen met een middellijn van 3 tot 8 M. en ongcveer % M. hoog, bestaande uit een omwalling van steenen, terwijl de binnenruimte met aarde is opgevuld. Praehistorische graven schijnen het niet te zijn, daar bij opgraving geen beenderen of asch werd "
OV_1920,1920,770,0,volcanic,tengger,Tengger,Tengger,,,,1,"Tenslotte werd van den Assistent-Resident van Loemadjang bericht ont- vangen, dat de Wedono van Kandangan in het Tenggergebied een zodiakbeker had OUDHEIDKUNDIG VERSLAG, VIERDE KWARTAAL 1920 117"
OV_1920,1920,779,0,volcanic,dieng,Dieng,Dieng,,,site+volcanic,2,"De teekeningen voor het Gedenkboek kwamen in dit kwartaal geheel gereed, terwijl een aanvang werd gemaakt met het calqueeren van de teekeningen der Diengtempels. § JO. HoLlandocbe Oudheden."
OV_1920,1920,781,238,volcanic,tephra,tephra/ash/tuff,asch,,,material+volcanic,2,"oorsponkelijk een andere onleesbare, wellicht Portugeesche inscriptie moet hebben gedragen. (Vgl. Valentijn sub Bandasche Zaken hoofdst. 5.). Tevens deelde ZWel- Eerw. mede, dat hij er in geslaagd was eindelijk het grondplan terug te vinden van- de bekende oude Portugeesch-Spaansche vesting Gam Lama of Castello en alle voornaamste gebouwen te identificeeren evenals de meer landwaarts in gelegen Fuerza nueva, waarmede op last van Dom Pedro de Acuna in 1606 een begin werd gemaakt."
OV_1920,1920,912,282,volcanic,tephra,tephra/ash/tuff,asch,,,material+site+volcanic,3,"1) Zooals Let geval was met den (poesaka verklaarden) grafsteen van den, naar ik meen in 1747 te Mokko-Mokko overleden Engelsckman Thomas Kirkpatrick ; van dien steen vertelde mij een telg uit het voormalig regen tengeslacht aldaar, dat de bevolking geloofde, dat er een oude oorkonde op was gegrift in voor haar onleesbaar „hindoe-’’ schrift. Het heeft 00 k niet weinig moeite gekost on den steen uit handen der „eigenaars” te krijgen en het grafschrift aldus voor ondergang te behoeden: de steen to"
OV_1921,1921,25,5,volcanic,tephra,tephra/ash/tuff,asch,,,location+volcanic,2,",, T Aanwlnsten van .Archaeologische collectie van het Bataviaasch Genootschap."
OV_1921,1921,37,0,volcanic,mountain,Mountain reference,Goenoeng Api,Api,,,1,"113 Fragment van de beukerij de Kop, kruithuisje op het eiland Goenoeng Api. Res. Amboina (Foto O. D. 6022)."
OV_1921,1921,52,0,volcanic,mountain,Mountain reference,Goenoeng Bekel,Bekel,,,1,5. Kluizenarij op de Westelijke helling van den Goenoeng Bekel (Foto O. D. 6576).
OV_1921,1921,78,0,volcanic,tengger,Tengger,Tengger,,,location+volcanic,2,"J. Scholte, De Slametan Entas-Entas der Tenggereezen en de Memukur-cere- monie op Bali; beide overdrukken uit de Handelingen van het eerste Congres voor de Taal-, Land- en Volkenkunde te Solo."
OV_1921,1921,78,0,volcanic,slamet,Slamet,Slamet,,,location+volcanic,2,"J. Scholte, De Slametan Entas-Entas der Tenggereezen en de Memukur-cere- monie op Bali; beide overdrukken uit de Handelingen van het eerste Congres voor de Taal-, Land- en Volkenkunde te Solo."
OV_1921,1921,153,0,volcanic,tephra,tephra/ash/tuff,asch,,,material+site+volcanic,3,"Nis-tempel^e met inscriptie. id. detail inscriptie. Onderstuk nistempelfje Rots-doorgang. Middenst^ van bet Klooster. id. Spuiers. Tempel Poera Er Gan^a. id. id. id. id. id. ' id. id. id. id. id. id. id. (detail), id. id. id. id. id. id. id. id. id. Poera Sangsit. id. id. id. (detail), id. id. id. id. id. id. id. id. OUDHEIDKUNDIG VERSLAG. EERSTE KWARTAAL 19^ Summer | Formaat Korte caiaschrHviing BoveuKcht Poeri Ida Gde Oiaii (houtsggwert). _"
OV_1921,1921,155,0,volcanic,tephra,tephra/ash/tuff,asch,,,site+volcanic,2,"Als om de een of andere reden een plants van ouds als heilig bekend stond, was dii dikw^ls een aanleiding, om op die plek de asch van een vorstel^k persoon te. zetien met >-> als gevolg ^ de bouw van een tempel of heiligdom."
OV_1921,1921,170,0,volcanic,lahar,lahar/mudflow,lahar,,,site+volcanic,2,"tempelterrein is ongetw^feld door een lahar verwoest geworden; hetisdaarom n^ uifg^oten, d^ zich ergens nog restanten van den muur bevinden. 20 OUDHEIDKyNDlG VERSLAG, EERSTE KWARTAAL 1921"
OV_1921,1921,296,70,volcanic,tengger,Tengger,Tengger,,,location+volcanic,2,"„met armen, beenen en een fragment van een tak dat tot zweep dient, door stmik- „gewas, rivierbeddingen, deels door bebouwd land, en zoo komt men in de dessa „Koetorono. Die dessa ligt aan de zamenvloeijing der bergriviertjes : Pandansari, „Semoet, Padang, Plossotroes en Balikkambang, die aUe afstroomenvandeTenggerberg- „hellingen en Oostwaarts in de rivier van Bondojoedo vloeien."
OV_1921,1921,309,0,volcanic,semeru,Semeru,Smeroe,,,,1,"Uit strategiscb oogpunt scbgnt Koeto RSnon wel de aangewezen plaats, waar men in oude tijden de legers, die een inval in bet Loemadjangscbe wilden doen, mOest tegenhouden. Immers aan de samenvloeiiQag van de Bondojoedo (eertgds Rabut Lawang gebeeten) en een paar barer belangrgkste z^rivieren gelegen, bieden de meer Westelgk gelegen uitloopers van den Smeroe groote terreinbezwaren, terwijl Oostelgk Vein KoetorSnon zoowel de eigenaardige loop van de Bondojoedo zelf, als de vroeger bier gelegen beb"
OV_1921,1921,368,0,volcanic,mountain,Mountain reference,Goenoeng Api,Api,,material+volcanic,2,Goenoeng Api: de scbans K^k-in-den-Pot; de beuker^ De Kop en nog een post; grafidaald.
OV_1921,1921,403,0,volcanic,ungaran,Ungaran,Oengaran,,,location+site+volcanic,3,"Aanzicbt Zuid-Oost, met acbter- grond top van den Oengaran. 5792 13 X 18 Lien Pasar (Bali) Openlucht-museum. Toegoe. 5793 >» id. id. Kori-agoeng. 5794 99 id. id. 5795 99 id. Desa Blaloean. Kori-agoeng. 5796 99 id. Poera Satria. Pasimpeaan. 5797 99 id. id. Kop-det£ul. 5798 m id. id. Kori-agoeng. 5799 i *9 id. id. Meroetoempang3. 5800 99 id. id. Detail combinatie oud en nieuw. 5801 99 id. (desa Siman) Poera Kesiman. Tjandi BSntar. 5802 99 id. ( id. ) id. Kori-agoeng. 5803 m id. ( id. ) id. Pasimpe"
OV_1921,1921,422,0,volcanic,tephra,tephra/ash/tuff,aschlaag,,,,1,"Doordat het graf voor een groot deel in het tracee van den weg viel, werd het bg het ingraven van deze, toevalligerwgze ontdekt. De steen lag flan ook voor het grootste deel bloot ; aan het deel, dat nog onder den grond stak, was te zien, tlaf de steen, voor de ingraving, bedekt was geweest, eerst door een laag aarde ter dikte van ± 20 cM., daama door een laagzand van it 18 cM., daarboven tenslotte door een laag humus van it 50 cM. dikte. B^ eenige navraag bleek, dat de zayidlaag in de geheele o"
OV_1921,1921,422,0,volcanic,raung,Raung,Raoen,,,,1,"Doordat het graf voor een groot deel in het tracee van den weg viel, werd het bg het ingraven van deze, toevalligerwgze ontdekt. De steen lag flan ook voor het grootste deel bloot ; aan het deel, dat nog onder den grond stak, was te zien, tlaf de steen, voor de ingraving, bedekt was geweest, eerst door een laag aarde ter dikte van ± 20 cM., daama door een laagzand van it 18 cM., daarboven tenslotte door een laag humus van it 50 cM. dikte. B^ eenige navraag bleek, dat de zayidlaag in de geheele o"
OV_1921,1921,446,0,volcanic,mountain,Mountain reference,Goenoeng Kawi,Kawi,,,1,"De ontvangen antwoorden leidden tot tochten naar de Poera Tirta 'Mpoel, waar zoodanige steenen niet werden gevonden maar wel oude sagen werden aan- gehoord *), en vervolgens naar de Goenoeng Kawi bij Tampak Siring, — en d44r wachtte een groote verrassing!"
OV_1921,1921,447,0,volcanic,tephra,tephra/ash/tuff,tufsteen,,,,1,"Het laatste stuk van den weg was al wat bijzonder. In den tufsteen uit- gehouwen, met steile wanden links en rechts, leek het gevolgde pad een poesaka van vroegere geslachten. Thans woonde hier geen volk om iets dergelqks te wrochten. Toen, aan het einde, opende zich een schitterend panorama. Ver voor en beneden ons stuwde de PfikCrisan haar golven tusschen de steenblokken van een onefifen bed, en aan de overzijde, in den Oosteli^ken oeverwand, vertoonden zich vgf naar boven toegespitste blanke "
OV_1921,1921,470,116,volcanic,tephra,tephra/ash/tuff,asch,,,,1,"b^zeiplaats is vaa een reeks na elkander geregeerd hebbende v<Nreten; veeleer z^n bet aanzienl^ke Hguren nit de omniddelli^ke omgeving van den ££nen Haji lom^ ing Jalu, bg voorkeur dan wel de prinsen van den bloede, wien in de eerste plaats de eer van een bgzetting naast biin koninkl^ken bloedverwant toekwam; missdbien mogen we bier nog wel de veronderstelling aan toevoegen, dat de vier nissea aan den overkant de asch der koninginnen en prinsessen bevat bebben. Dat de graven naast den koning ind"
OV_1921,1921,624,0,volcanic,ijen,Ijen,ijen,,,,1,"Muurwerk van de vesting Sa- boega aan de rivier Ake-Lama. 6142 » id. id. id. 6143 » id. id. id. 6144 » id. id. id. 6145 » id. Overblgfselen van h^t fortje „Sidangolie.” 6146 id. Restanten hoofdingang v/b fortje. 6147 Ngofakahia (eiland Mahjan). Muur restanten v/d vesting Mauritius. 6148 id. Gezicbt op Ngofakahia, van uit 6149 » id. Riftoe v/h vroegere Compagnie's pakhuis. 6150 •» Tabalolo (eiland Mahjan). Restanten v/d vesting Tabalolo. 6151 » Taffasoho ( id. ). Muurwerk v/d vesting Taffasoho. 6"
OV_1921,1921,643,0,volcanic,ijen,Ijen,ijen,,,,1,"Gezicht op Saparoea met fort „Duursfede”, van nit zee. Trapopgang naar bet fort. Beschreven gevelsteen boven de poort. Panorama v/h bovendeel v/b fort, id, id. id. id. Bastion met plaats v/d batterijen. W^aterbakken i/b fort Dunrstede. Weergang boven den boofdin- gang. Trap naar den weergang. Aanzicbt van bet kruitbvds. Gezicbt op 6en der waterbakken. V esting Defensie. Hoofdpoort. Vesting Defensie. Uitvalpoortje, Put en vertrekken naast de uit- valpoort. Bastion en spietoren aan de land- zgde. "
OV_1921,1921,732,0,volcanic,tephra,tephra/ash/tuff,asch,,,,1,"pen 20sten April van Soerabaia vertrokken, kwam ik na een kort opontkoud •te Ambon to bespiddng van dienstbelangen, in den vroegen ochtend vanden27sten A^^ te Nefra aan. hoofdfdaats Neira is, om met een klrine variatie op Henri Hnvartk: »Les vilfes mortes du Zuiderzee"", te spreken, een doode stad aan de Banda-zee. StiBe kleine sieegjes, met steenen muurijes om de erven der huisjes met Ood-Hollandsciie gevel^es, geestige poortjes, naast nrime ledigstaande perkeniers- WOTiogmi, smoals Valen^n ze r"
OV_1921,1921,766,0,volcanic,tephra,tephra/ash/tuff,asch,,,location+volcanic,2,"Resident van Banda en diens dochter (vroeger lustverbl^f van de familie Camp- huisen). Klein- Walingen, een vriendelqk poortje met opsclirift nit 1769, en enkele oude graven van de familie van den Broeke, 1769, 1798. Hier stond de steenen merkpaal met Portugeesck opschrift van 1577 en Hollandscli van 1705, door den eige- naar het Bataviaasch Genootsckap ten geschenke aangeboden. De perken Orantatte en Toetra bezitten niets vermeldenswaard. Reroute Storm."
OV_1921,1921,955,0,volcanic,ijen,Ijen,ijen,,,,1,"In aansluiting met ket in ket Oudkk. VersL 2de kwt. § 5 opgenomen berickt omtrent clandestienen uitvoer van oudkeden, worde vermeld dat door den Hoofdinspec- teur der In- en Uitvoerreckten en Accqnzen een sckrqven gerickt werd aan de douane- ambtenaren, ten einde ken aan de bestaande bepalingen te kerinneren en aan de sckeep- vaartmaatsckappijen om kunne medewerking bq de toepassing dier bepalingen in te roepen."
OV_1921,1921,1075,0,volcanic,mountain,Mountain reference,Goenoeng Sari,Sari,,location+volcanic,2,"(aan den weg van Goenoeng Sari, 3 paal van Batavia). 4597 id. Gezicht op Rgswijk. 45981) n id."
OV_1921,1921,1123,0,volcanic,tephra,tephra/ash/tuff,asch,,,location+volcanic,2,"Gezicht op het hang-kamertje van uit de binnengaler^ gezien. 4776 9 id. Gezicht op de schouw. 4777 9 id. id. id. 4778 9 id. Gezicht op de achterplaats, put, enz. 4779 9 id. Gezicht op de waschplaats met twee tempajans. 4780 9 id. id. id. 4781 9 id. Deur en venster van een Oud- Holl. huis 4782 9 Batavia (gang Orpa) Oud-Holl. huis met tuinhuis 168 OUDHEIDKUNDIG VERSLAG. VIERDE KWARTAAL 1921 Nununer Formaat Plaats Korte omsclirqving 4783 18 X 24 Batavia (gang) Orpa Tuinhuisje, thans in gebruik als "
OV_1921,1921,1280,0,volcanic,tephra,tephra/ash/tuff,ASCH,,,location+material+volcanic,3,AANWINSTEN VAN DE ARCHAEOLOGISCHE COLLECTIE VAN HEX BATAVIAASCH GENOOTSCHAP 4. EEN JAVAANSCH-BUDDHISTISCH GURU-BEELD DOOR J. L. MOENS (^et 4 foto’a).
OV_1921,1921,1365,0,volcanic,mountain,Mountain reference,Goenoeng Perak,Perak,,,1,"Nog verder west w aarts, weer een half uur loopen, is een puinhoop van bak- steenen van dezelfde soort als die van „Stanoh"" en „Tjandi"" (Goenoeng Perak), welke door de bevoUdng „Kedaton"" (Kraton?) genoemd wordt. Hier trof ik ook een steen aan als foto No, 2 toont, echter is het lotusmotief er niet op te zien. (-42 X 69 cM^) Ook bij deze n£bie is in het midden een circa 15 M.eter hooge henvel. Bnkele loopgraven er om heen vertopnen nog resten der oude muren."
OV_1921,1921,1366,0,volcanic,mountain,Mountain reference,Goenoeng Perak,Perak,,material+site+volcanic,3,"Bg het inwinnen van mformaties omtrent deze overblijfselen bleek, dat er nog een tweede Goenoeng Perak moest zgn. Na een wandeling van een half uur in TVestehjke richting, langs den oever van de ,,Djambi Kefjil*’ bleek ook hier een baksteenen puinhoop met resten van muren en een vrg hoog middenstuk te zgn. Er zijn dus in het geheel vier nffiies te vindeh: A. De Stanoh B. De Tjandi of Goenoeng Perak C. De Kedaton D. De Goenoeng Perak"
OV_1921,1921,1366,0,volcanic,mountain,Mountain reference,Goenoeng Perak,Perak,,material+site+volcanic,3,"Bg het inwinnen van mformaties omtrent deze overblijfselen bleek, dat er nog een tweede Goenoeng Perak moest zgn. Na een wandeling van een half uur in TVestehjke richting, langs den oever van de ,,Djambi Kefjil*’ bleek ook hier een baksteenen puinhoop met resten van muren en een vrg hoog middenstuk te zgn. Er zijn dus in het geheel vier nffiies te vindeh: A. De Stanoh B. De Tjandi of Goenoeng Perak C. De Kedaton D. De Goenoeng Perak"
OV_1921,1921,1366,0,volcanic,mountain,Mountain reference,Goenoeng Perak,Perak,,material+site+volcanic,3,"Bg het inwinnen van mformaties omtrent deze overblijfselen bleek, dat er nog een tweede Goenoeng Perak moest zgn. Na een wandeling van een half uur in TVestehjke richting, langs den oever van de ,,Djambi Kefjil*’ bleek ook hier een baksteenen puinhoop met resten van muren en een vrg hoog middenstuk te zgn. Er zijn dus in het geheel vier nffiies te vindeh: A. De Stanoh B. De Tjandi of Goenoeng Perak C. De Kedaton D. De Goenoeng Perak"
OV_1922,1922,8,2,volcanic,tephra,tephra/ash/tuff,asch,,,location+volcanic,2,".. G. Aanwinsten van de Archaeologische Collectie van het Bataviaasch Genootschap, door Dr. F. D. K. Bosch 65"
OV_1922,1922,53,0,volcanic,ijen,Ijen,ijen,,,location+material+site+volcanic,4,"Begin Maart begaf ik mij naar Djocja en bezocht daar met den Bouwk. Inspect, de tempels in de omgeving van Prambanan. Djaboeng kon na de schoonmaak en herstelling goed opgenomen worden. Vooral trok hierbij het dak, dat vanaf de hooge steiger gemakkelijk was te overzien, bijzonder de aandacht. Duidelijk was te constateeren, dat het dak in hoofdvorm een koepel of dagob is geweest waartegen de bekroningen van den ingang en de nissen aanloopen. Deze bekroningen hebben boven de kroonlijst de meer gew"
OV_1922,1922,79,0,volcanic,tephra,tephra/ash/tuff,tuf,,,site+volcanic,2,"Van Bestuurszijde werd voorgesteld de uitgaven verbonden aan bet Museum te M.odjoherto te besnoeien en maatregelen te nemen, dat de verzamebng voortaan ^,op eigen wieken zal kunnen drijven . De bij G. B. van 1916 aangestelde oppasser op een bezoldiging van _/• 12.50 s maands zou ontslagen worden; de waker, t.w. een tuinjongen belast met bet scboonvegen en onderboud van bet museumerf, bet rondlei- den der bezoehers en de bewaking der voorwerpen zou in functie blgven ,,op een bezoldiging van f 12."
OV_1922,1922,98,0,volcanic,lava,lava,lava,,,location+material+volcanic,3,"Model Kruiskerk, Batavia. W^apenbord (houtsngwerk). id. ( id. ). Eeuwigdxu-ende kalender (id.) id. id. (id.) P^penrek (houtsnijwerk). AVapenrek ( id. ). Groote glazen bokaal, id. Geopend kastje id. id. id. Muur-applique id. (Friesch hout- snijwerk). id. id. id. van Delftsch porcelein. id. OUDHEIDKUN DIG VERSLAG. EERSTE KWARTAAL 1922 15 Nummer F ormaat Plaats Korte omschrijving 4959 18 X 24 Mus. Bat. Comp. Kamer. Gebeeldhouwd kleerenbakje en houten pruikendrager. 4960 n id. Gebeeldhouwd kleerenba"
OV_1922,1922,116,89,volcanic,mountain,Mountain reference,Goenoeng Pandan,Pandan,,,1,"heer Altona — de hoogste uit den heuvelreeks ten O. van den Goenoeng Pandan, was een belangrijk militair punt. Op den berg zelf waren vestlngwerken, als ook er voor, die den weg van Bareng naar bet Z., die over den Poentjoe leidt afsioten. Ook op den top is een nederzetting geweest, die^ zooals waarschijnlqk overal elders, een militair karakter droeg. De naam Palang-Poentjoe is dan ook buiten twijfel op den bij den Poentjoe behoorende desa, hetzij dat deze op den top of meer in de vlakte lag, to"
OV_1922,1922,117,0,volcanic,mountain,Mountain reference,Goenoeng Sekidang,Sekidang,,location+material+volcanic,3,"Van Poentjoe uit voert een weg in Z. W. richting naar Glidab, waarschijnlijk bet Gigidab van de oorkonde, op een halve paal ten Z. O. van Sedati. Dampak en Madewib zijn niet bekend. GSmpol is de naam, volgens de beer Altona, van een groot deel van bet boscb ten W. van Dodol (Q,XIV). Het terreln is vroeger sawcib geweest, zooals oude leidingen aantoonen en de terreinsgesteldbeid doet kennen. Ten N. van Gempol bevindt zicb bet blok Bangfir (= Babanggr), tbans in tweegn gesplitst door de bouwvelden"
OV_1922,1922,119,0,volcanic,ijen,Ijen,ijen,,,,1,"Voor de passage die op de afbakening van de sIma volgt is het noodig de beteekenis van het woord peal vast te stellen. Het is duidehjk, dat er iets anders onder verstaan wordt dan ,,sawah , de beteekenis die de woordenboeken opgeven. Ook kan bier niet bedoeld zijn ,,dgk^e van opgeboogde aarde voor beplanting met bgv. oebi”, of ,,rij van zulke planten” (oebi 3 petjalan= 3 rijen oebi) de beteekenis die bet woord, volgens mededeebng van den heer Kats, in Zuid Cheribon bezit, daar immers verderop sp"
OV_1922,1922,130,92,volcanic,ringgit,Ringgit,ringgit,,,site+volcanic,2,"4a. kanak peal. ""10. pacelengan. peal. 1. pinda kayon ing sawah 6. peal 7'4. muwah hanata sawah nikang pamintihan sumlap ing l^mah kabalan. kayon sirajang. peal 5. sarang peal 8. kasine. peal. 1. pandan, peal. 3. susuru. peal 3. tunwan. peal. 3. dharmmaga. peal. 1. kamuning. peal. 3. pinda kayoning sawah. 8. peal 18. samangkana gdng nikang sawah pamintihan sumlap ing Imah plangpuncu mwang ring Imah kabalan yatika prasama kabhuktya sangke pamintihan tan kolahulaha. hanata sawah nikang plangpuncu "
OV_1922,1922,233,108,volcanic,ijen,Ijen,ijen,,,material+volcanic,2,"Heeft een der partijen, na in de onlusten in het eigen land het onderspit te hebben gedolven, het veiliger geacht zich terug te trekken van zee, honderde kilometers het binnenland van Z. Soematra in, aan den voet van den vulkaan Dempoe? Waren zij de voorloopers van ^rivijaya? Zijn dus de beeldhouwers van de Pasemah-hoogvlakte lieden, die in nauw verband stonden met de krijgers van Funan uit de 3de eeuw?. Temeer ben ik geneigd het antwoord in deze richting te zoeken, waar de bevolking dier landen"
OV_1922,1922,251,0,volcanic,tephra,tephra/ash/tuff,tuf,,,,1,"Wat wij vonden was het volgende : het water van het riviertje stort hier over een ongeveer drie meter breede wand van geelachtig vrij zacht (tuf) gesteente, en op beide kanten — ■ in dezelfde richting loopende — was een steenen wal op het heuvelterrein opgebouwd van hetzelfde soort gesteente, links en rechts eenige meters lang. Of wij hier inderdaad met de resten van een gebouw te doen hadden? W^ij meenden beter te doen de beantwoording aan een deskundige over te laten, die een grondig onderzoek"
OV_1922,1922,283,0,volcanic,dieng,Dieng,Dieng,,,location+site+volcanic,3,"Het Oudheidkundig Verslag over het Iste kwartaal 1922 verscheen in druk. De Engelsche vertabng van Dr. M. E. Lulius van Goor’s „Korte Gids van de Tempelbouwvallen in de Prambanan-vlakte, het Diengplateau en Gedong Sanga, bezorgd door den heer H. S. Banner, B. A., werd ter Landsdrukkerij gedrukt en zal binnen kort voor het publiek verkrijgbaar gesteld worden."
OV_1922,1922,319,0,volcanic,ijen,Ijen,ijen,,,location+volcanic,2,"Inplaats van de herstelling van Gambar en Toeban werd met het bestudeeren van het nog aanwezige materiaal bij Soemberdjati begonnen. Dit onderzoek heeft het grootste gedeelte van het kwartaal in beslag genomen, AUereerst werden de geomamenteerde banden gezocht, die bij de vele hoek- en midden- antefixen hebben behoord. Het gelukte hiervan acht verschillende typen te vinden. Daarna werden de stukken van de verschillende pilaster-rijen gesorteerd, waarbij bleek, dat er drie soorten van saamgesteld"
OV_1922,1922,326,0,volcanic,mountain,Mountain reference,Goenoeng Gangsir,Gangsir,,location+volcanic,2,Onder toezichfc van den opzicliter warden de fcempels in het Malangsche Goenoeng Gangsir en Pari nagezien en schoon gemaakl:. Bij B a d j a n g R a t o e en W r. L a w a n g werden de paggers vernieuvvd.
OV_1922,1922,358,127,volcanic,tephra,tephra/ash/tuff,asch,,,material+volcanic,2,"De afkorting ti in Tjandra sengkala. In het Museum van het Bata viaasch Genoot- schap is een steenen badkuip aanwezig (No. 392g, Inventaris No. HOlO), waarop aan een zijde in een vierkante omlijsting de volgende inscriptie in grove reliefletters is gebeiteld: //iti kitrinira pafiji kanca buyut i pugera n//tyagatimapaksadharmma//"
OV_1922,1922,360,0,volcanic,tephra,tephra/ash/tuff,asch,,,location+volcanic,2,"Het voomaamste bezwaar tegen deze laatste splitsing heeft naar het mij toe- schijnt in (a)ti: 2 gelegen. Immers op deze wijze verkreeg men het jaar 1227, wat moedijk in overeenstemming te brengen is met het schrift, dat vrij laat Oost-Javaasch is."
OV_1922,1922,436,0,volcanic,lamongan,Lamongan,Lamongan,,,location+material+site+volcanic,4,"OUDHEIDKUNDIG VERSLAG, TWEEDE EN DERDE KWARTAAL 1922 63 Nununer Formaat Plaats i Korte omschrijving 6432 18 X 24 1 Prambanan. ^iwatempel I Kalakop op den beganen grond opgesteld. Bestemd voor den Oost-cella-ingang. 6433 13 X 18 Prambanan. Beeld en rebef. 6434 J# id. id. id. 6435 id. id. id. 6436 id. id. id. 6437 18 X 24 Gantoeng, Billiton. Hs. van boombast. Zie Notulen 1921 p. 145. 6438 id. id. 6439 id. id. 6440 24 X 30 Sibangkadja, onderafd. Ba- Beschreven koperplaat (v66r- en doeng. (Bab). ach"
OV_1922,1922,439,0,volcanic,tephra,tephra/ash/tuff,ASCH,,,location+volcanic,2,AANWINSTEN VAN DE ARCHAEOLOGISCHE COLLECTIE VAN HEX BATAVIAASCH GENOOTSCHAP DOOR Dr. F. D. K. BOSCH. S. Een bronzcn vat van Kerintji.
OV_1922,1922,440,0,volcanic,tephra,tephra/ash/tuff,asch,,,burial+location+material+volcanic,4,"Het hierbij afgebeelde bronzen vat werd in bet begin van dit jaar in de mendopo Lolo der Afd. Kerintji (nadere aanwijzingen omtrent de vindplaats ontbreken) opgegraven en door bemiddeling van den Assistent-Resident van Kerintji aan het Bataviaasch Genootschap ten geschenke aangeboden. Het is in twee deelen gegoten, die met ijzeren nagels aan elkaar geklonken zijn. Mag uit deze onbeholpen wijze van vervaardiging worden afgeleid, dat de techniek niet op eenzelfde hoogte stond als in den bloeitijd "
OV_1922,1922,576,178,volcanic,mountain,Mountain reference,Gunung Kawi,Kawi,,,1,Duk bentarring Gunung Kawi — Brabmana bisa ngidung. 8 8 1
OV_1922,1922,577,178,volcanic,mountain,Mountain reference,Gunung Kawi,Kawi,,material+volcanic,2,"d.w.z. : „Toen de Gunung Kawi gespleten werd, konden de Brahmanen zingen."""
OV_1922,1922,578,0,volcanic,eruption,eruption event,eruptie,,,material+volcanic,2,"Dat werd verstaan als : ,,Toen de Gunung Kawi zich spleet”, en daarbij dacht men aan een eruptie van den vuurberg op Java. Maar bet lijkt waarschijnlijk, ook in verband met bet toepassehjke zinnetje, - — en die waarscbijnlijkheid wordt mij door de geletterde kertaleden van Singaradja toegegeven, — dat bedoeld wordt de artificeele Gunung Kawi, de door menschenhand gehouwen of ..gespleten” DLchterenberg of Berg der V erbeelDing bij Tampaksiring. waarover bandelt Bijlage I van bet Oudheidkundig Ver"
OV_1922,1922,578,0,volcanic,mountain,Mountain reference,Gunung Kawi,Kawi,,material+volcanic,2,"Dat werd verstaan als : ,,Toen de Gunung Kawi zich spleet”, en daarbij dacht men aan een eruptie van den vuurberg op Java. Maar bet lijkt waarschijnlijk, ook in verband met bet toepassehjke zinnetje, - — en die waarscbijnlijkheid wordt mij door de geletterde kertaleden van Singaradja toegegeven, — dat bedoeld wordt de artificeele Gunung Kawi, de door menschenhand gehouwen of ..gespleten” DLchterenberg of Berg der V erbeelDing bij Tampaksiring. waarover bandelt Bijlage I van bet Oudheidkundig Ver"
OV_1922,1922,578,0,volcanic,mountain,Mountain reference,Gunung Kawi,Kawi,,material+volcanic,2,"Dat werd verstaan als : ,,Toen de Gunung Kawi zich spleet”, en daarbij dacht men aan een eruptie van den vuurberg op Java. Maar bet lijkt waarschijnlijk, ook in verband met bet toepassehjke zinnetje, - — en die waarscbijnlijkheid wordt mij door de geletterde kertaleden van Singaradja toegegeven, — dat bedoeld wordt de artificeele Gunung Kawi, de door menschenhand gehouwen of ..gespleten” DLchterenberg of Berg der V erbeelDing bij Tampaksiring. waarover bandelt Bijlage I van bet Oudheidkundig Ver"
OV_1922,1922,634,0,volcanic,mountain,Mountain reference,Gunung guwa,guwa,,location+material+volcanic,3,LUST VAN LONTARHANDSCHRIFTEN IN DE BIBLIOTHEEK VAN PEDANDA NGURAH TE BLAYU (TABANAN). Adigama Hastako^ab Singgala parwa Adiparwa Jay eng ukir * Smaradabana Aji Saraswati J anantaka Subayan jagat Anggastya Kalimosadha Sumanasantaka Arjuna pramada parwa Kalimosadhasari Sundari bungkab Arok Kelabang sebit Sundari trus Atmapra^angsa Krl^sna kalantaka Surantaka * Babad dalem Kretan brahmana Tantri Baking sundari Kusuma wicitra * Tantri jawa Bhagawan Kamandaka Kusuma dewa Tantri Jayakesunu Bharatayudd
OV_1922,1922,657,0,volcanic,ijen,Ijen,ijen,,,,1,"Zooals begrijpelijk, vertoont bet kasteel tegenwoordig, hoewel bet eigenbjk niet veel meer is, dan een fragment van bet eens zoo macbtige bolwerk, al heel weinig gelijkenis meer met bet oorspronkelgke Portugeesche fortje. Nadat bet door de Compagnie was versterkt, kreeg bet de gedaante van een onregelmatigen zevenboek en werd later nog voorzien van een boomwerk, waarvan nu nog gedeelten aanwezig zijn. In bet begin der negentiende eeuw werden de muren aan de stadszijde alsmede bet bastion Friesla"
OV_1922,1922,713,0,volcanic,lahar,lahar/mudflow,lahar,,,material+site+volcanic,3,"De overige oudbeden in de buurt van Loemadjang geven geen aanleiding tot het nemen van bijzondere maatregelen. Tjandi Poera of Ardipoera ten Noord- Oosten van Pasirian in de lahar-vlakte is een steenboop, waarvan een ontgraving waarschijnlijk niet de moeite loonen zou. Ook de overblgfselen van de z.g. tjandi Randoe Agoeng en van de baksteenen muren bij de halte Randoe Agoeng (Zie Oudbeidk. Verslag 1921 p. 151) geven geen aanw^zingen, dat een terreins- ontgraving eenig succes zou bebben."
OV_1922,1922,737,0,volcanic,mountain,Mountain reference,Goenoeng Sahilan,Sahilan,,location+volcanic,2,"Langs een omweg kwam ons ter oore, dat in het Poldoeng-gebied bij Kampong Djandji aan de Aik Natas, een zijrivier van de Koealoe-rivier (Oostkust v. Sumatra), ongeveer zes jaren geleden een Hindoe-bouwwerk ontdekt was, van ongeveer het- zelfde type als Moeara Takoes. Ook zou erte Goenoeng Sahilan, aan de boven-Kampar, een beschreven steen in de rivier liggen. Op ons verzoek ontvingen wij, door tusschenkomst van den Gouvemeur der Oostkust van Sumatra, van den Ass. Res. van Asahan de volgende voor"
OV_1922,1922,744,0,volcanic,tephra,tephra/ash/tuff,asch,,,location+volcanic,2,"Er is een begin gemaakt met het verzamelen van de autotypieen en lijnclich^s, die voor de uitgaven van het Bataviaasch Genootschap en het Java-Instituut gemaakt zqn. In het vervolg zuUen de gebruikte cliches geregeld opgevraagd en op het Bureau van den dienst opbewaard worden, waardoor het mogehjk zal zijn niet onbelangrgke bedragen op reproducties uit te sparen. § 8. Teekcningen."
OV_1922,1922,767,0,volcanic,lahar,lahar/mudflow,lahar,,,location+volcanic,2,De ru'ine ligt ongeveer 200 M. ten Oosten van de desa Sawentar in bet district en afdeebng Blitar van bet gewest Kediri.' Evenals zooveel andere oudbeden op de beUingen van den Kloet is ook zij in den loop der eeuwen door de lahars bedolven geworden. In 1915 werd door den Heer Perquin een klein gedeelte ontgraven en. bet bouwwerk zooveel mogelijk voor verval beboed.
OV_1922,1922,767,0,volcanic,kelud,Kelud,Kloet,,,location+volcanic,2,De ru'ine ligt ongeveer 200 M. ten Oosten van de desa Sawentar in bet district en afdeebng Blitar van bet gewest Kediri.' Evenals zooveel andere oudbeden op de beUingen van den Kloet is ook zij in den loop der eeuwen door de lahars bedolven geworden. In 1915 werd door den Heer Perquin een klein gedeelte ontgraven en. bet bouwwerk zooveel mogelijk voor verval beboed.
OV_1922,1922,811,0,volcanic,ijen,Ijen,ijen,,,location+site+volcanic,3,"Boven de ver-overstekende bekroning van den romp neemt het hooge pyra- midaals gewijze oploopende dak een aanvang (foto’s Nos 5 en 6). W^at er nog van dezen eertijds hoogen slanken top rest, geeft ons de foto te zien. Veel is er niet van over, toch was het voldoende om er met behulp van de tijdens de ontgravingen in ’15 en ’20 gevonden oorspronkelqke stukken een getrouwe reconceptie naar op te zetten (PI. IV). De teekening moge voor zich zelf spreken. Het gereconstrueerde gedeelte is gestippeld,"
OV_1922,1922,812,0,volcanic,ijen,Ijen,ijen,,,,1,"De banden zijn onderling door tusschenhggende geledingen paars-gewijze ver- bonden. Opmerkelijk is de overwegende plants, die de pilaster-rijen nog in de compositie innemen. Elke pilaster staat los van den ander en is in verhouding tot het geheel van een vrg groote schaal."
OV_1922,1922,814,0,volcanic,ijen,Ijen,ijen,,,,1,"Boven de alternatieve opeenvolging van banden en pilaster-rijen volgt een reeks van horizontale geledingen. Deze zijn als een overgang tot het loodrecht opgaande topshik, waarmede het geheel wordt besloten. In het inwendige van den top is een uitgespaarde ruimte (PI. V, foto No. 3)."
OV_1922,1922,831,0,volcanic,lahar,lahar/mudflow,lahar,,,location+material+site+volcanic,4,"Zeer vreemd zijn de twee in baksteen opgetrokken dingen, die vlak bij den tempel staan (foto No 4). Vermoedelijk zijn het bijbouwsels van lateren tijd, want hun fimdeering ligt ongeveer 0.50 M. boven het oorspronkelijk terrein-niveau. De tempel moet bij hun bouw al gedeeltelijk door lahar-zand bedolven zijn geweest, want zij zijn op het zand gefimdeerd, terwgl de tempel zelf op een zware kleilaag staat. Heel even onder het tegenwoordig niveau begint de kleilaag, die dan ook nauwkeurig de oorspro"
OV_1922,1922,834,295,volcanic,ijen,Ijen,ijen,,,material+site+volcanic,3,"') Het gevaarvolle van het verklaren van de Relief-tableaux aan de oude ruinen op Java te vinden, als men den betrokken tekst niet kent, toegeUcbt aan een voorbeeld genomen uit de scbil- derijen aan het pgndapa- terras te Panataran, door Dr. J. Brandes, Not. Bat. Gen. 1902. Bqlage in, p. XXXVI vlgg. Zie ook Monogr. Djago p. en Monogr. Panataran p. 8 ®. OUDHEIDKUNDIG VERSLAG. VIERDE KWARTAAL 1922 131"
OV_1922,1922,861,0,volcanic,tephra,tephra/ash/tuff,asch,,,location+material+site+volcanic,4,",, Wanneer dus de BaliSr in woorden uitdrukt, dat zgn vorst na zijn overlijden tot godheid is geworden (dewata, mantuk ring dewalaja), dan gaf de Hindu-Javaan aan dat denkbeeld tastbaren vorm. Op twee w^zen: Iste door de oprichting van een godenbeeld met de vorstelqke gelaatstrekken in den tempel op de plants van het beeld der godheid, 2de door de asch van den overledene te voegen bij de metalen plaatjes, die in den tempelput de godheid belichaamden."
OV_1922,1922,1017,0,volcanic,tephra,tephra/ash/tuff,asch,,,material+volcanic,2,103. Twee zilveren presenteerbladen met gebloemden rand. 104. Groote zilveren waterbokaal. 105. Ovale zilveren waschbak.
OV_1922,1922,1018,318,volcanic,tephra,tephra/ash/tuff,asch,,,material+volcanic,2,"106. Twee zilveren waschkommen, gebruikt bg bevallingen."
OV_1923,1923,43,0,volcanic,tephra,tephra/ash/tuff,asch,,,,1,O U JK ei dk undige Diensf in Nederlan dsck-I ndie OUBHEIBKUNBIG YERSLAG 1923 Eerste en Tweede Kwartaal Uitg e geven door Ket Bafaviaasch Genootscliap van Kunsten en W et enschappen JF eltevreden ALBRECHT & Co. ' d-Ha ge M. NIJHOFF OUDHEIDKUNDIG VERSLAG OVER HET EERSTE EN TWEEDE KWARTAAL 1923 § 1. Personalia.
OV_1923,1923,80,0,volcanic,mountain,Mountain reference,Goenoeng Gangsir,Gangsir,,location+site+volcanic,3,"Onder toezicht van den mantri werden de complexen op den D i e n g en te Gedong-Sanga en de tjandi's Sela Grya en Pringapoes schoon gemaakt. In Oost-Java werden onder toezicht van den opzichter de tempels in het Malangsche, de tjandi's Djaboeng, Djalatoenda, Gedoeng en Goenoeng Gangsir nagezien en schoongemaakt."
OV_1923,1923,146,0,volcanic,lamongan,Lamongan,Lamongan,,,location+material+site+volcanic,4,"Sendang Doewoer, distr. Patji* ran, afd* Lamongan. Gapoera (vroeg-Mohame- daansch). 6759 id. id. detail, poortje met deuren. 6760 18 x 24 id. id. detail 6761 id. id. id 6762 6763 » uitgevallen id. id. id 6764 18 x 24 id. id. id 6765 uitgevallen id. id 6766 6767 18 x 24 uitgevallen id. 6768 18 X 24 id. id id. 6769 24 X 30 Tjandi Panataran distr. en afd. Blitar Hoofdtempel. Detail reliefs van den onderbouw. 6770 it id. id. id 6771 tt id. Situatie (plattegrond) v/h tem- pelterrein 6772 tt Tjandi So"
OV_1923,1923,262,67,volcanic,tephra,tephra/ash/tuff,asch,,,location+volcanic,2,"l ) Tijdschrift van het Bataviaasch Genootschap van Kunsten en Weten*chappen, Deel LIV (1912) pag. 210 en id. id. pag. 539."
OV_1923,1923,273,0,volcanic,tephra,tephra/ash/tuff,asch,,,location+material+volcanic,3,"0 ,,Notes on the Malay Archipelago and Malaca compiled from Chinese sources by W. P. Groeneveldt'* in Verhandelingen van het Bataviaasch Genootschap van Kunsten en W etenschappen, deel XXXIX (1877). BIJLAGE C DE SANSKRIT-INSCRIPTIE OP DEN STEEN VAN DINAJA"
OV_1923,1923,344,76,volcanic,lava,lava,lava,,,,1,"! ) Vogel, The Yupa inscriptions of King Mulavarman, B. K. I. 74, 1918, p. 171 en 193. Schrieke, T. B. G. LIX, 1919, p. 158."
OV_1923,1923,403,84,volcanic,tephra,tephra/ash/tuff,asch,,,location+material+site+volcanic,4,"n k de schenking. Op van Kinsbergen's bekende Barabudur-karton, ten deele gere- produceerd op plaat 3 onzer ^Mededeelingen”, komt de in 1896 ontvoerde leeuw voor ter linkerzijde van de trap, die tegen den N.W. -hoek van den breeden omgang werd aangestapeld. Op een geheel overeenkomstige, groote opname van den Jogjaschen fotograaf Cephas, uit 1901, wordt deze leeuw gemist. Verkeerden we voorheen in het onzekere omtrent het type van den tweeden leeuw, welke naar Siam versleept werd, thans is alle "
OV_1923,1923,430,0,volcanic,ijen,Ijen,ijen,,,material+volcanic,2,"Beschouwen wij nu de gevolgen van de ombouwing van den oorspronkelijken voet. V66r deze plaats had, moest de pradaksina noodzakelijk aanvangen bij den Oostelijken toegang. De reliefs van den oorspronkelijken voet waren, zooals Krom aannemelijk heeft weten te maken, illustraties van een of anderen Abhidharma- tekst l 2 ). Ze gaven als het ware een proloog voor de stichtelijke verhalen, vertolkt door de reliefs der gaanderijen. Zij hadden ten doel den geloovige te doordringen van de idee der samsa"
OV_1923,1923,430,0,volcanic,ijen,Ijen,ijen,,,material+volcanic,2,"Beschouwen wij nu de gevolgen van de ombouwing van den oorspronkelijken voet. V66r deze plaats had, moest de pradaksina noodzakelijk aanvangen bij den Oostelijken toegang. De reliefs van den oorspronkelijken voet waren, zooals Krom aannemelijk heeft weten te maken, illustraties van een of anderen Abhidharma- tekst l 2 ). Ze gaven als het ware een proloog voor de stichtelijke verhalen, vertolkt door de reliefs der gaanderijen. Zij hadden ten doel den geloovige te doordringen van de idee der samsa"
OV_1923,1923,430,0,volcanic,ijen,Ijen,ijen,,,material+volcanic,2,"Beschouwen wij nu de gevolgen van de ombouwing van den oorspronkelijken voet. V66r deze plaats had, moest de pradaksina noodzakelijk aanvangen bij den Oostelijken toegang. De reliefs van den oorspronkelijken voet waren, zooals Krom aannemelijk heeft weten te maken, illustraties van een of anderen Abhidharma- tekst l 2 ). Ze gaven als het ware een proloog voor de stichtelijke verhalen, vertolkt door de reliefs der gaanderijen. Zij hadden ten doel den geloovige te doordringen van de idee der samsa"
OV_1923,1923,435,0,volcanic,ijen,Ijen,ijen,,,,1,"De ombouwing van den oorspronkelijken voet had dus ten gevolge dat de pradaksina wezenlijk eerst aanving in de eerste gaanderij. De geloovige zondigde derhalve niet tegen den ritus, wanneer hij den breeden omgang op het Westen betrad, mits hij slechts de voorgeschreven richting volgde en voor de hooger gelegen gaanderijen steeds het Oosten als uitgangspunt bleef nemen. Wanneer we hierbij tevens voor oogen houden dat de sangharama op het 'Westen lag, dan wordt het ten slotte volkomen verklaarbaar"
OV_1923,1923,444,0,volcanic,ijen,Ijen,ijen,,,material+site+volcanic,3,"Brandes onderstelde (Rapporten, 1903, p. 5) ,,dat men zulke leeuwen ook eenmaal vond naast de vierkante kleine platformen, die men overal aantreft v66r de breedere opgangstrappen in de drie ronde terrassen, waamaast zij dan opgesteld geweest zijn in de richting van de straaT . Hij me ende dat het plateau onafgewerkt was gebleven, dat de geheel onversierde kazementen der hoogste balustrade, die denzelfden opzet en dezelfde verdeeling had als de met reliefs versierde overeenkomstige bouw- deelen d"
OV_1923,1923,445,91,volcanic,dieng,Dieng,Dieng,,,,1,") De twijfelachtige waarde van Cornelius* oudheidkundigen arbeid, elders verricht, o.a. op het Dieng-plateau, wordt wat de teekeningen betreft, geconstateerd door Yzerman, in het Alb um Rern, 1903, p. 292; wat de beschn)vingen aangaat, door Krom in 2 ajn opstel: „De eerste opname van het Dieng-plateau, Handschrift van H. C. Cornelius"", Bijdr. 1919, ded 75, p. 388. *) Tijdschr. Bat. Gen., 1853, p. 249."
OV_1923,1923,445,91,volcanic,dieng,Dieng,Dieng,,,,1,") De twijfelachtige waarde van Cornelius* oudheidkundigen arbeid, elders verricht, o.a. op het Dieng-plateau, wordt wat de teekeningen betreft, geconstateerd door Yzerman, in het Alb um Rern, 1903, p. 292; wat de beschn)vingen aangaat, door Krom in 2 ajn opstel: „De eerste opname van het Dieng-plateau, Handschrift van H. C. Cornelius"", Bijdr. 1919, ded 75, p. 388. *) Tijdschr. Bat. Gen., 1853, p. 249."
OV_1923,1923,448,0,volcanic,ijen,Ijen,ijen,,,material+site+volcanic,3,"Ons inzicht in den aard, de bestemming en de bedoelingen, kortom in het wezen van den Barabudur-stupa heeft sinds dien tijd veel aan klaarheid gewonnen, Het staat nu wel vast dat het de bedoeling was de balustrade van het plateau en de muren der drie cirkelvormige stupa-terrassen onversierd te laten. Dit is geheel in overeenstemming met de idee, die ten grondslag ligt aan de conceptie van het vrome bouwwerk. De Barabudur moet opgevat worden als een eenheid van twee elementen. Het eerste omvat de"
OV_1923,1923,450,0,volcanic,ijen,Ijen,ijen,,,,1,"Wij meenen nu dat de 16 singha s thuis hooren in de 2e en 3e gaanderij en wel, evenals op het plateau, twee aan twee achter de poorten. Wanneer men het grondplan van den Barabudur beziet, dan wordt het dra volkomen duidelijk, waarom de leeuwen alleen stonden in de 2e en 3e gaanderij en op het plateau, en waarom ze achterwege bleven in de beide overige gaanderijen, n.l. de le en de 4e. We verwijzen daarvoor naar plaat 4, den plattegrond, waarop de plaats der vrijstaande singha' s is aangeduid. De"
OV_1923,1923,450,0,volcanic,ijen,Ijen,ijen,,,,1,"Wij meenen nu dat de 16 singha s thuis hooren in de 2e en 3e gaanderij en wel, evenals op het plateau, twee aan twee achter de poorten. Wanneer men het grondplan van den Barabudur beziet, dan wordt het dra volkomen duidelijk, waarom de leeuwen alleen stonden in de 2e en 3e gaanderij en op het plateau, en waarom ze achterwege bleven in de beide overige gaanderijen, n.l. de le en de 4e. We verwijzen daarvoor naar plaat 4, den plattegrond, waarop de plaats der vrijstaande singha' s is aangeduid. De"
OV_1923,1923,488,98,volcanic,slamet,Slamet,slamet,,,,1,"hetzij mondeling, hetzij schriftelijk, luiden: „gelukgewenscht met de Lebaran of met de Intrede van het Nieuwjaar"", in het Maleisch of Javaansch „slamet Tahoen baroe of Hariraja”."
OV_1923,1923,514,0,volcanic,slamet,Slamet,Slamet,,,location+volcanic,2,"Ten slotte zij hier nog het volgende aangeteekend : De naam ^raddha, thans verbasterd in „Njadran"" wordt niet toegepast op het bovenbeschreven doodenoffer n.m. het doodenoffer op malem 21 (20e op 21 e), malem 23 (22e op 23e) enz. heet „ male man"", en dat op den laatsten avond van de vasten maand of op den dag van het zoogenaamd Nieuwjaar „Slametan Hariraja"". Doch de naam en het doel van het ^raddha-offer van Modjopahit wordt elk jaar in iedere desa nog herdacht."
OV_1923,1923,602,111,volcanic,tephra,tephra/ash/tuff,Tuf,,,material+volcanic,2,Tuf Acenen beeld in de Pura daUun (doodenlempcl) le Suda/t (ond. afd . Buleteny ) . Jfen n . . f.t-1 n Ii! i’ ) . - 1 ... _** / / .
OV_1923,1923,603,111,volcanic,tephra,tephra/ash/tuff,Tuf,,,material+volcanic,2,"Tuf Acenen beeld in de Pura daUan (doodenlempcl ) tc Suda/i (and. afd . Buleleny) . Jfen Brayut met aebt kinderen. Op bet boofd cen aarden pol coor water, waarean wy water gemaakl k an warden. Beeld zeo jaar geleden gemaakl. dsaaA Jfen Brayut ecu bondje (tuJAeen ) ."
OV_1923,1923,609,0,volcanic,tephra,tephra/ash/tuff,asch,,,,1,"Onder „lolo” vindt men: „ Lolowan, zie onder madjagiu; 2e eigenaam van een rivier, Djembrana (in plaats van Lohlohan? ngadj. lolohan)” l * * ) Onder „Ioloh” staat : ,, Lolohan, in plaats van Lohlohan van loh of uitspraak van Loloran? hoog voor Sowan?, tasik anak, kleine rivier, Banjoewangisch paluh ?) Smarandana Z.5.9. (sung£, ngadj. Lalohan); eigennaam van een plaats in 't Djembranasche."
OV_1923,1923,655,0,volcanic,tephra,tephra/ash/tuff,asch,,,location+volcanic,2,"Op bl. 64 van hetzelfde O. V. besluit Prof. Krom zijn naschrift bij Resident Damst£’s artikel over „Een Buddhistisch rotsklooster op Bali” (Tampak siring), met de woorden :"
OV_1923,1923,665,0,volcanic,ungaran,Ungaran,Oengaran,,,location+site+volcanic,3,"Ondergeteekende inspecteerde met den Bouwk. Inspecteur in Augustus de monumenten op den Di&ng en den Oengaran en bij Prambanan. In October bezocht hij met den Inspecteur en den Fotograaf-Teekenaar tjandi Soekoeh en met den Adj. Inspecteur Modjokerto, Djalatoenda, de tjandi's Tegawangi en Soerawana en die in het Malangsche."
OV_1923,1923,669,0,volcanic,kelud,Kelud,Kloet,,,location+material+site+volcanic,4,"De Fotograaf-Teekenaar was tot eind September te Djalatoenda. Daama ontving hij opdrachten voor het fotografeeren van enkele stukken in het Sriwedari- museum te Solo, van tjandi Lawang en de andere oudheden bij Soekaboemi in Bojolali, de reliefs van tjandi Tegawangi, en tjandi Gambar op de Kloet."
OV_1923,1923,684,0,volcanic,ijen,Ijen,ijen,,,location+material+site+volcanic,4,"Bij de herstelling van de balustrade en den Oostelijken en Westelijken ingang van den hoofdtempel is in 1920 en vorige jaren de vroeger steeds toegepaste methode gevolgd om de lacunes aan te vullen met gladde steen. Al kon toen reeds dadelijk geconstateerd worden, dat het te scherpe contrast tusschen oude en nieuwe stukken storend werkte, toch bestond er toen o.i. geen aanleiding tot een overhaast ingrijpen, daar men diende af te wachten welke uitwerking het bijkleuren der nieuwe steenen zou heb"
OV_1923,1923,726,0,volcanic,mountain,Mountain reference,Goenoeng Bekel,Bekel,,location+site+volcanic,3,"drietal monumentjes op de W^stelijke helling van den Penanggoengan bezocht, die tot dusver onbekend waren gebleven. Daar het niet gemakkelijk is er een naam aan te geven, zullen we de complexjes resp. A, B en C noemen. A ligt het hoogst en is verreweg het belangrijkst. Het ligt iets Zuidelijker en aanmerkelijk hooger dan het zadel tusschen den Goenoeng Bekel en den Penanggoengan. Op een onderbouw van opeenvolgende terrassen, die tegen de berghelling liggen, staat een klein monumentje, dat evenee"
OV_1923,1923,747,0,volcanic,kelud,Kelud,Kloet,,,location+material+site+volcanic,4,"In dit kwartaal werd door den Heer Beyleveldt, controleur te Paree, een nieuwe vondst te Tangkilan, district Papar, afd. Kediri, (Inv. Hindoe-Oud- heden, R. O. D. 1915 p. 28 4 ) gemeld. Nog geen 5 M. van den beschreven steen verwijderd, werd op ongeveer 4 M. diepte onder het tegenwoordige terrein, de fundeering van een klein baksteenen poortje (?) met dito aansluitenden ringmuur gevonden. De muur loopt in de richting Oost-West. Tegelijk kwamen enkele voor- werpen van terra-cotta aan het licht. D"
OV_1923,1923,773,0,volcanic,mountain,Mountain reference,Goenoeng Katoe,Katoe,,location+material+site+volcanic,4,"In het Oudh. Versl. 1916 p. 104 heeft de heer Van Stein Callenfels gewezen op de mogelijkheid, dat de beroemde tempel van KagSn£ngan, de bijzetplaats van Ken Angrok (Nag. Krt. 36, 1 ; 38, 6 ), gezocht moet worden op den Goenoeng Katoe, een eind Westelijk van de tegenwoordige desa G£n£ngan, aan den grooten weg van Malang naar Kepandjen, alwaar volgens mededeeling van den toenmaligen Assistent-Resident van Malang, den heer Broekveldt, volgens verhalen van de bevolking in den ouden tijd een tempel "
OV_1923,1923,773,0,volcanic,mountain,Mountain reference,Goenoeng Katoe,Katoe,,location+material+site+volcanic,4,"In het Oudh. Versl. 1916 p. 104 heeft de heer Van Stein Callenfels gewezen op de mogelijkheid, dat de beroemde tempel van KagSn£ngan, de bijzetplaats van Ken Angrok (Nag. Krt. 36, 1 ; 38, 6 ), gezocht moet worden op den Goenoeng Katoe, een eind Westelijk van de tegenwoordige desa G£n£ngan, aan den grooten weg van Malang naar Kepandjen, alwaar volgens mededeeling van den toenmaligen Assistent-Resident van Malang, den heer Broekveldt, volgens verhalen van de bevolking in den ouden tijd een tempel "
OV_1923,1923,773,0,volcanic,mountain,Mountain reference,Goenoeng Katoe,Katoe,,location+material+site+volcanic,4,"In het Oudh. Versl. 1916 p. 104 heeft de heer Van Stein Callenfels gewezen op de mogelijkheid, dat de beroemde tempel van KagSn£ngan, de bijzetplaats van Ken Angrok (Nag. Krt. 36, 1 ; 38, 6 ), gezocht moet worden op den Goenoeng Katoe, een eind Westelijk van de tegenwoordige desa G£n£ngan, aan den grooten weg van Malang naar Kepandjen, alwaar volgens mededeeling van den toenmaligen Assistent-Resident van Malang, den heer Broekveldt, volgens verhalen van de bevolking in den ouden tijd een tempel "
OV_1923,1923,785,0,volcanic,mountain,Mountain reference,Goenoeng Gangsir,Gangsir,,location+site+volcanic,3,"We dienen een verder onderzoek af te wachten, alvorens een meer deflnitieve meening te uiten, maar we zouden ons toch sterk moeten vergissen, als de ruYne niet aanmerkelijk ouder is dan Goenoeng Gangsir, en dus de, tot dusver bekende, oudste tempel van Oost-Java is."
OV_1923,1923,791,0,volcanic,tephra,tephra/ash/tuff,asch,,,location+material+volcanic,3,"Even ten Noorden van Besoeki, in de desa Merdjosari werden twee fragmenten van een beschreven steen gevonden, die naar Batavia opgezonden, bleken de ontbrek ende stukken vanden steen van Dinaja van 682 paka te z ij n. Nog een reckthoekig bekapt steenblok met een regel Midden- Javaanscb schrift van het Dinaja- type kwam in dezelfde desa voor den dag en werd eveneens naar Batavia opgezonden. De beide inscripties zullen in de volgende aflevering van het Tijdschrift van het Bataviaasch Genootschap b"
OV_1923,1923,793,0,volcanic,tephra,tephra/ash/tuff,asch,,,location+material+site+volcanic,4,"In dezelfde desa werd bij de woning van het desahoofd een steen aangetroffen, die als waschbord dienst deed. De voorzijde is versierd met de afbeelding in laag relief van een tempel van Oost-Javaanseh type, met grooten banaspati-kop, zwaren kroonlijst en een dak in dne verdiepingen. Links van het bouwwerk, er naar toegewend, de kop van een fabeldier met groote ooren (zie de afbeelding van den sluitsteen van het gewelf van tjandi Sawentar, O. V. 1922, Bijlage P, pi. no. 11 ); aan den rand van den"
OV_1923,1923,803,0,volcanic,mountain,Mountain reference,Goenoeng K,K,,location+site+volcanic,3,"Na een boschbrand in het begin van October werd op de Goenoeng K 6 k § p (Kawi-gebergte) in het onderdistrict Wagir, distr. Malang, een terras sen-heiligdom ontdekt en door den heer Maurenbrecher den 16den van dezelfde maand bezocht. Bij 90"
OV_1923,1923,808,0,volcanic,crater,crater,krater,,,dimension+site+volcanic,3,"Een dergelijk heiligdom, gelegen in den ouden krater van de Goenoeng B o e t ak (Kawi-gebergte), maar nu bestaande uit d r i e terrassen met een heuvel, werd door denzelfden Bestuursambtenaar in 1921 bezocht en in een schetsteekening vast- gelegd (B). De heuvel is opgebouwd uit platte bergsteenen; de terassen I-III zijn ongeveer van gelijke hoogte en omgeven door aarden walletjes, waarin doorgangen, versterkt met platte steenen; van III leidt een trapje van ± 0.70 M. breedte naar den heuvel."
OV_1923,1923,808,0,volcanic,mountain,Mountain reference,Goenoeng B,B,,dimension+site+volcanic,3,"Een dergelijk heiligdom, gelegen in den ouden krater van de Goenoeng B o e t ak (Kawi-gebergte), maar nu bestaande uit d r i e terrassen met een heuvel, werd door denzelfden Bestuursambtenaar in 1921 bezocht en in een schetsteekening vast- gelegd (B). De heuvel is opgebouwd uit platte bergsteenen; de terassen I-III zijn ongeveer van gelijke hoogte en omgeven door aarden walletjes, waarin doorgangen, versterkt met platte steenen; van III leidt een trapje van ± 0.70 M. breedte naar den heuvel."
OV_1923,1923,815,0,volcanic,tephra,tephra/ash/tuff,tufsteen,,,location+volcanic,2,"In Maart jL deed de Gouvemeur van Sumatra's Oostkust, de heer L. C. Westenenk, ons mondeling mededeeling van zijn bezoek in 1921 aan een nog onbekende oudheid in het Cultuurgebied (op de ondememing S o e k o e 1 o e w a i, bij de bevol- king Sekeloewai of Skeloewai), aan den linkeroever van de Soengei Boeaja, een in een heuvel van tufsteen gedreven gang, welker diepte en zorgvuldige afwerking deden ver- moeden, met een rotswoning te doen te hebben. De Gouvemeur bracht deze oudheid, waaromtrent d"
OV_1923,1923,840,0,volcanic,tephra,tephra/ash/tuff,asch,,,location+site+volcanic,3,"Helaas is het met de meeste grafmonumenten en tombes (een zeer belangrijke bron voor de genealogische studie, vooral in Inch'd, waar zoo weinig bronnen zijn), zeer treurig gesteld. Van de oudste is maar een zeer klein aantal over (een zestigtal uit de oude Bataviasche kerken, thans bewaard op de begraafplaats te Tanahabang te Weltevreden; een tweetal bij de Portugeesche Buitenkerk te Batavia, een vijftal bij het fort Speelwijk te Bantam, een even zoo groot aantal om de kerk te Cheribon en een ze"
OV_1923,1923,842,141,volcanic,tephra,tephra/ash/tuff,asch,,,location+volcanic,2,"plaat voor een waschtafel noodig had of een stopsteen, op het kerkhof een keuze ging doen. Van de nieuwere is het natuurlijk nog niet te zeggen, hoelang zij zullen blijven best a an, maar als men b.v. weet, dat de begraafplaats aan den Brantas te Malang, die in 1894 nog intact was, thans geheel is verdwenen en bouwterrein is geworden, dan kan men omtrent het lot der nieuwere grafzerken ook al weer niet te optimistisch zijn."
OV_1923,1923,848,0,volcanic,kelud,Kelud,Kloet,,,site+volcanic,2,"De Adj. -Inspecteur zal, nadat de werkzaamheden aan tjandi Tegawangi zijn beeindigd, eenige voorzieningen aan tjandi Gambar op de Kloet en tjandi Penampihan treffen en het laatste bouwwerk opnemen; vervolgens de bouwkundige beschrij- vingen van de badplaatsen Belahan en Djalatoenda en van tjandi Soemberdjati gereed maken voor publicatie."
OV_1923,1923,854,0,volcanic,bromo,Bromo,Bromo,,,location+material+volcanic,3,"Tjitjalengka, distr. Tjitjalengka, afd. Bandoeng (aan den grooten weg van Tjitjalengka naar Sindangwangi, 2 paal van Tjitjalengka). Steenen beeld met onderstuk. 431 Tengger, distr. afd. Pasoeroean. Medicijnen-bereidende Doekoen's. 432 id. Brahma-feest. 433 id. Optocht naar den Bromo. 434"
OV_1923,1923,854,0,volcanic,tengger,Tengger,Tengger,,,location+material+volcanic,3,"Tjitjalengka, distr. Tjitjalengka, afd. Bandoeng (aan den grooten weg van Tjitjalengka naar Sindangwangi, 2 paal van Tjitjalengka). Steenen beeld met onderstuk. 431 Tengger, distr. afd. Pasoeroean. Medicijnen-bereidende Doekoen's. 432 id. Brahma-feest. 433 id. Optocht naar den Bromo. 434"
OV_1923,1923,855,0,volcanic,mountain,Mountain reference,Goenoeng Tjibodas,Tjibodas,,,1,"Goenoeng Tjibodas, distr. Leuwiliang, afd. Buitenzorg. Vogelberg (Oostzijde). 435 Tjiaroeteun, distr. Leuwiliang, afd, Buitenzorg."
OV_1923,1923,865,0,volcanic,mountain,Mountain reference,Goenoeng Megang,Megang,,material+site+volcanic,3,"Chineesche Koan Iem tempel (voor- aanzicht (pi. D *) 456 id. id. Ornament van den zij- muur-top (pi. 6). *) 457 id. id. Poortje in den buitenmuur van den tempel (pi. 2) *) 458 id. id. Hoofd-altaar binnen den tempel (pi. 8). *) 459 id. id. Versiering der draagbal- ken (pi. 12). °) 460 id. id. Draagstoelen en waar- schuwingsborden voor op- tochten (pi. 11). *) 461 Makasser hoofdplaats. Chineesche tempel, dakversiering (pi. 5). *) 462 id. id. Gezicht in den tempel (pi. 7). *) 463 id. id. Ornament d"
OV_1923,1923,878,0,volcanic,tengger,Tengger,Tengger,,,location+material+site+volcanic,4,"Nabij Tjandi Koening aan het Bra- tanmeer, onderafd. Tabanan, Zuid- Bali. Steenen be eld van Harihara. 503 id. Steenen makara-spuier met inscrip tie. 504 idL Olifantskop en slang, in de rots uitgehouwen. 505 Tengger, res, Pasoeroean. Zodiakbeker. 506 id. Zelfde, ander gedeelte. 507 id. id. id. 508 id. id. id. 509 Onbekend, thans Coll. Resink te Djokjakarta. Bronzen beeldje van Awalokite^wara 510 id. Zelfde van ter zijde. 511 id. Bronzen godenbeeldje (fragment handvat van een bidschel?). 512 id."
OV_1923,1923,903,0,volcanic,dieng,Dieng,Dieng,,,material+volcanic,2,"Dieng-plateau, thans in het bezit van den Heer W. H. Mareb te Singaradja. Bronzen beeldje van Buddha. 561"
OV_1923,1923,913,0,volcanic,tengger,Tengger,Tengger,,,material+volcanic,2,"Redjapada, distr. Toeren, afd. Ma- lang, (Tenggergebergte), Twee steenen beeld-fragmenten. 575 (Serang hoofdplaats). res. Bantam. Aanzicht masigit (detail). 576 id. id. id. id. 577 id. id. Binnen aanzicht id. 578"
OV_1923,1923,914,0,volcanic,tengger,Tengger,Tengger,,,location+volcanic,2,"Wrscbl. Tengger, afd. Pasoeroean, thans in het bezit van Loo Ing Hian te Soerabaja. Zodiakbeker met jaartal 1253 (^aka. 579 Mandiangin, afd. Moeara Tambesi, res. Djambi."
OV_1923,1923,962,0,volcanic,mountain,Mountain reference,Goenoeng Kekep,Kekep,,location+material+site+volcanic,4,"1 1911 p. 260 bij ver- gissing onder 1291 Zie litt. aldaar en OV. 1919 p. 104 No. 2594/5. 1294* Tusschen j ” *t steen ft O.V. 1919 p. 104 No. 2596. 1272 en 1294 Rembang Rembang koperplaat Mus. Bat. E. 52 O.V. 1917 p. 48 Not. 1917 p. 191. 1296* Astana Bonang, Toeban a watervat in loco O.V. 1917 p. 47 O.V. 1919 P . 103 No. 2581 1298* Sidamoelia Soerabaja steen Mus. Madj. 763 1299* Trawoelan tt steen Mus. Madj. 755 1301 Kemoening Madoera lingga Kantoor Ass. Res. Sam- O.V. 1923 P . 9,10 1302 (?)* Go"
OV_1923,1923,962,0,volcanic,mountain,Mountain reference,Goenoeng Bekel,Bekel,,location+material+site+volcanic,4,"1 1911 p. 260 bij ver- gissing onder 1291 Zie litt. aldaar en OV. 1919 p. 104 No. 2594/5. 1294* Tusschen j ” *t steen ft O.V. 1919 p. 104 No. 2596. 1272 en 1294 Rembang Rembang koperplaat Mus. Bat. E. 52 O.V. 1917 p. 48 Not. 1917 p. 191. 1296* Astana Bonang, Toeban a watervat in loco O.V. 1917 p. 47 O.V. 1919 P . 103 No. 2581 1298* Sidamoelia Soerabaja steen Mus. Madj. 763 1299* Trawoelan tt steen Mus. Madj. 755 1301 Kemoening Madoera lingga Kantoor Ass. Res. Sam- O.V. 1923 P . 9,10 1302 (?)* Go"
OV_1923,1923,969,0,volcanic,tephra,tephra/ash/tuff,asch,,,location+material+volcanic,3,"In het Oudh. Versl. 1912 p. 78 viuden we een lijstje van de nummers, die in de beide musea geplaats t zouden worden, een viertal nummers ging naar Prambanan terug, alle niet genoemde bleven te Djocja. Voor de groep beelden, die naar Magelang werd vervoerd (verreweg het grootste deel der collectie) begon na deze beslissing eenzelfde lijdensgeschiedenis als in Djocja: het op te richten museum is nooit verrezen; zoowel het plan om de pasebans op de aloen-aloen daarvoor in te richten, als het groots"
OV_1923,1923,1169,0,volcanic,tephra,tephra/ash/tuff,tuf,,,material+volcanic,2,"Ten slotte brengen we hier gaame dank aan den conservator, P. A, Hadi- widjojo, voor de welwillendheid, waarmede hij ons in de gelegenheid gesteld heeft de collectie te beschrijven en te fotografeeren. A. BRONZEN VOORWERPEN. I. Buddhuftufche beelden. a. Mannelijke godheden. Buddha's. Aksobhy a (BBMB. p. 3)."
OV_1923,1923,1186,0,volcanic,ijen,Ijen,ijen,,,material+volcanic,2,"No. 7 (Kn. no. 13). Zonder voetstuk, lotuskussen of glorie. Op de usnlsa een tri^Qla of bovenhelft van een wajra. Het gewaad vertoont een eigenaardige rimpeling op den schouder, den linkerarm en de beide dijen. Hoog 6. Staande Buddha's (BBMB. p. 14)."
OV_1923,1923,1320,0,volcanic,mountain,Mountain reference,Goenoeng in,in,,material+volcanic,2,"No. 42. Het huiselijk tafereeltje van de bronzen lamp beeft misschien de bekende legende van Watoe Goenoeng in beeld (Babad Tanah Djawi, Ed. Meinsma p. 3). Toen Whtoe Goenoeng een kind was — zegt bet verhaal — kwam bij eens huilend bij zijn moeder die bezig was met rijst te drogen. Zij gaf hem een slag met de rijstlepel op het boofd, waardoor een bloedende wond onstond, waarop hij bet ouderlijk huis ontvlucbtte. Het vervolg van het verhaal is bier niet van belang. Het poppetje links van den man "
OV_1923,1923,1320,0,volcanic,mountain,Mountain reference,Goenoeng een,een,,material+volcanic,2,"No. 42. Het huiselijk tafereeltje van de bronzen lamp beeft misschien de bekende legende van Watoe Goenoeng in beeld (Babad Tanah Djawi, Ed. Meinsma p. 3). Toen Whtoe Goenoeng een kind was — zegt bet verhaal — kwam bij eens huilend bij zijn moeder die bezig was met rijst te drogen. Zij gaf hem een slag met de rijstlepel op het boofd, waardoor een bloedende wond onstond, waarop hij bet ouderlijk huis ontvlucbtte. Het vervolg van het verhaal is bier niet van belang. Het poppetje links van den man "
OV_1923,1923,1320,0,volcanic,mountain,Mountain reference,Goenoeng zijn,zijn,,material+volcanic,2,"No. 42. Het huiselijk tafereeltje van de bronzen lamp beeft misschien de bekende legende van Watoe Goenoeng in beeld (Babad Tanah Djawi, Ed. Meinsma p. 3). Toen Whtoe Goenoeng een kind was — zegt bet verhaal — kwam bij eens huilend bij zijn moeder die bezig was met rijst te drogen. Zij gaf hem een slag met de rijstlepel op het boofd, waardoor een bloedende wond onstond, waarop hij bet ouderlijk huis ontvlucbtte. Het vervolg van het verhaal is bier niet van belang. Het poppetje links van den man "
OV_1923,1923,1422,0,volcanic,mountain,Mountain reference,Goenoeng Padalali,Padalali,,site+volcanic,2,"2261 De Goenoeng Padalali is niet bekend, de tjandi is gelegen aan de voet van de Goenoeng Radjegwesi. 2262 Van deze badplaats is niet meer over. 2263 Vide nieuwe inventarisstaat."
OV_1923,1923,1422,0,volcanic,mountain,Mountain reference,Goenoeng Radjegwesi,Radjegwesi,,site+volcanic,2,"2261 De Goenoeng Padalali is niet bekend, de tjandi is gelegen aan de voet van de Goenoeng Radjegwesi. 2262 Van deze badplaats is niet meer over. 2263 Vide nieuwe inventarisstaat."
OV_1923,1923,1453,0,volcanic,mountain,Mountain reference,Goenoeng koekoesan,koekoesan,,location+volcanic,2,De Goenoeng koekoesan wordt echter gerekend tot het gebied der desa Ngabab (onderdistrict Poedjon).
OV_1923,1923,1489,0,volcanic,mountain,Mountain reference,Goenoeng Kekep,Kekep,,location+volcanic,2,"Goenoeng Kekep (kawigebergte), behoorende tot het gebied der desa Petoengsewoe. Graf met beschreven steen. Desa Ardjosari (2257)."
OV_1923,1923,1493,0,volcanic,mountain,Mountain reference,Goenoeng Katoe,Katoe,,site+volcanic,2,De op de Goenoeng Katoe voorkomende oudheden zijn gelegen in het Onder- district Pakishadji van het district Senggoeroeh. DISTRICT PENANGGOENGAN. ONDERDISTRICT SISIR.
OV_1923,1923,1507,0,volcanic,mountain,Mountain reference,Goenoeng Ngoekir,Ngoekir,,location+site+volcanic,3,"Poenden watoeganden, aan de voet van de Goenoeng Ngoekir, op eenige hoopen steenen (graven?) 6 lingga's, een ronde platte steen met beschadigd bloem- figuur, een voetstukje (?) met gat en enkele bekapte steenen. Desa Torongklerek (2277) (thans Torongredjo)."
OV_1923,1923,1565,0,volcanic,mountain,Mountain reference,Goenoeng Boetak,Boetak,,location+volcanic,2,Goenoeng Boetak (2273) (kawigebergte) behoorende tot het gebied der desa Gadingkoelon een graf. In het bosch Totokan een Gane^a met afgebroken slurf.
OV_1923,1923,1594,355,volcanic,tephra,tephra/ash/tuff,asch,,,location+site+volcanic,3,In de desa v66r de desaschool een yoni en twee linggas. Desa Tawangsari.
OV_1923,1923,1597,0,volcanic,mountain,Mountain reference,Goenoeng Kawi,Kawi,,,1,"Op de top van de eigenlijke Goenoeng Kawi d: 8 M. ten Noorden van de triangulatiepilaar een oud graf liggend op de hoogste van een zestal terrassen. 't Graf is lang 1.80 M., breed 1 M., aan hoofd- en voeteneinde een platte overeind staande steen. ONDERDISTRICT SEKAR."
OV_1923,1923,1614,0,volcanic,mountain,Mountain reference,Goenoeng Krengih,Krengih,,location+volcanic,2,Op de tegal van Mertodikromo op de Goenoeng Krengih (gehucht Soember- soeko) twee bekapte steenen en een steenen neut met ronde knop. Desa Poelosari (thans Soekosari).
OV_1923,1923,1625,0,volcanic,tephra,tephra/ash/tuff,asch,,,,1,"Nauwelijks was de nieuwe redoute in gebruik genomen, of de Gouvemeur en Directeur van Amboina, Simon Cos, in zijn kwaliteit van Commissaris der drie Oostersche ProvinciSn kwam voor eene inspectie van het Gouvemement te Neira aan. Hij arriveerde den 11 den Augustus 1662 op het fregat „De Krab” en was vergezeld van Rumphius als bouwkundig Adviseur voor de Bandasche fortificaties 1 ). Commissaris *) en Adviseur beraadslaagden over het nieuwe fort Belgica en togen tezamen naar den heuveltop. „Boven "
OV_1924,1924,87,0,volcanic,dieng,Dieng,Dieng,,,material+site+volcanic,3,"te Padang, Jhr. P, Boreel, die indertijd reeds van zijn belangstelling in oudheden blgk had gegeven b^ het ontwerpen der plannen tot drooglegging van het Dieng-plateau en op wiens welwillende hulp dus gerekend kon worden. Inderdaad heeft ZHEG. toegezegd door deskundig personeel te doen nagaan in Loeverre oprichting van het beeld mogelijk is zonder gevaar voor beschadiging en later weer omvallen."
OV_1924,1924,90,0,volcanic,lahar,lahar/mudflow,lahar,,,burial+location+material+site+volcanic,5,"In de eerste helft van Januari werden eenige opnamen te Prambanan gemaakt, waarbij werd geconstateerd dat een sprekend-relieffragment, afgcbeeld in O. R. 1920 Plaat 20, steen 16 (Melville 287) zich niet meer ter plaatse bevond. Het verlies van dezen steen is zeer te betreuren, aangezien hierdoor een lacune ontstaat in de reconstructie van de Rama-serie van den Brahmatempel. Van 12 Januari — 14 Februari d.a.v. werd doorgewerkt aan de Tjcindi's PSndfim en A s o e. B^ den eerstgenoemden tempel werd"
OV_1924,1924,93,0,volcanic,lahar,lahar/mudflow,lahar,,,site+volcanic,2,"van de tempelkamer en de put z^n uitgebroken; de laatste was vol keien, die er vermoedel^k door een lahar z^n ingeraakt."
OV_1924,1924,108,0,volcanic,tephra,tephra/ash/tuff,asch,,,location+material+volcanic,3,"Van Mevr* Heemskerk werden twee beeldjes ontvangen, deze stonden vroeger op het erf van den heer Kraag, daarna op het erf van de Djokjasche Machinehandel, thans zijn zij opgesteld op Museum-terrein te Djokja."
OV_1924,1924,133,0,volcanic,mountain,Mountain reference,Goenoeng Koepang,Koepang,,depth+material+volcanic,3,"Volgens mededeeling van den Assistant- Resident van Koeala Koepas werd omstreeks 1903 door den heer E. A. Hilckes bij het doen van mijnbouwkundige opsporingen op een diepte van 7 i 8 Meter, op een niet nader bekende plants tusschen Goenoeng Koepang en Karang Intan (onderafd. Martapoera) een beeldje van trachiet, hoog 34, breed 15 c.M. gevonden. Het beeldje waarvan op ons verzoek een foto vervaardigd werd, is blijkens de halve-maan-vormige uitsteeksels achter den hals een voorstelling van Manju^r"
OV_1924,1924,149,25,volcanic,tephra,tephra/ash/tuff,asch,,,location+volcanic,2,"Naar aanleiding van het in een der Bataviasche bladen opgenomenbericht, dat het fort Rotterdam te Makassar (Zie Oudheidk. Versl. 1921 p. 139) verbouwd zou worden tot gevangenis werden bij den Gouvemeur van Celebes en Onder- hoorigheden informaties ingewonnen omtrent de juistheid van dit gerucht. Het van Z. E. ontvangen antwoord luidde, dat naar aaifleiding van een vraag van den Directeur van Justitie of een gedeelte van de oude sterkte zou zijn in te richten \ )"
OV_1924,1924,296,0,volcanic,mountain,Mountain reference,Goenoeng Kidoel,Kidoel,,material+volcanic,2,"bet bovenstaande l^s^e van dignitarissen teekenen wg nog aan, dat op de platen van Kembang aroem een rfikryan pagar wsi pu Wirawikrama voorkomt, welke functie in de beide in 823 uitgevaardigde oorkonden ontbreekt. Ongetwgf^^d is dit dezelfde W^irawikrama, die in 828 (inscriptie van Goenoeng Kidoel, OJO XXV) als rakryan i wungkal tibang (= i balu) de wanna i Kandangan als vrggebied continueerde."
OV_1924,1924,310,100,volcanic,dieng,Dieng,Dieng,,,material+volcanic,2,"^ Onder de zes rama mSgaman treffen wij als zesde aan ,,inagawai watu <;:ima si Qru rama ni Bukang sangka i Dikyang dus ,,den vervaardiger van den steen van Let vxijgebied, genaamd si QrS. rama van (de desa) Bukang, afkomstig van de Dihyang"". Dat de opdrackt tot Let vervaardigen van de watoe sima aan een Diengschen toekang ten deel vicl, moet ongetw^feld Worden toegeschrcvcn aan de voorstelling, dat een bewoner van bet door de goden bewoonde berg-plateau de goddelijke kracbten, die daar werkzaam"
OV_1924,1924,435,0,volcanic,tephra,tephra/ash/tuff,asch,,,site+volcanic,2,"gevonden zijn en aan die steenen geen zorgvuldig afgewerkte binnenvlakken voorkomen kan niet met zekerheid worden geconstateerd of in het inwendige een ruimte voor asch, een ireliek of iets dergel^ks is uitgespaard geweest. Omtrent de bestemming der monumentjes tast men dus in het duister."
OV_1924,1924,463,0,volcanic,mountain,Mountain reference,Goenoeng Koepang,Koepang,,material+volcanic,2,"(a) Steenen beeld i<an JId\\Jucri opgegra\,^eii lu<o^chen Goenoeng Koepang en Karang Intan, onderaj. Jlarlapoera, redidentie en OoAtrajdeeling s?an"
OV_1924,1924,473,0,volcanic,dieng,Dieng,Dieng,,,location+site+volcanic,3,"In het derde kwartaal bezocht de Bouwk, Inspecteur geregeld de tjandi's Ngawen en Merak (Batara Gana) bij Klaten; verder inspecteerde hij eenige malen tjandi Mendoet en de tempels in de Prambanan-vlakte en maakte hij een reis naar de tjandi's Lawang, Gedong sanga en Selagrija. In het vierde kwartaal bezocht hij behalve de onderhanden zijnde oudheden, het Dieng-plateau en tjandi Pringapoes."
OV_1924,1924,480,0,volcanic,dieng,Dieng,Dieng,,,,1,"Over de maatregelen, waartoe de inspectie-reizen van den Chef naar den Dieng en de tjandi's Ngawen, M^rak en Badoet aanleiding hebben gegeven, zie men de verslagen van de bouwkundige Inspecteurs en den Opzichter."
OV_1924,1924,573,0,volcanic,tephra,tephra/ash/tuff,asch,,,location+site+volcanic,3,De opzichter maakte de monumenten in het Blitarsche> Kedirische en Madja- kertasche schoon en vemieuwde zoo noodig de paggers. Vcr^La^ mn dea Boui^kundig Opzichter.
OV_1924,1924,582,0,volcanic,merapi,Merapi,Merapi,,,location+site+volcanic,3,"Derde en vitrde k^^artaaL In aansluiting aan de werkzaambeden in bet tweede kwartaal zette rapporteur bet werk voort aan Tjandi Loemboeng, op de ""West- belling van den Merapi in de desa Sengi. Van 6— 16 Juni werden de werkzaambeden onderbroken en te Djokja Tjandi Asoe in teekening gebracht. Van 17^25 Juli werd ontgraafwerk verricht op de W^estzgde van Tjandi Loemboeng; aan de Noordzgde werd op ad vies van den bouwk. Inspecteur niet gegraven, aangezien een zeer groot stuk mergelsteen tegen bet so"
OV_1924,1924,592,0,volcanic,mountain,Mountain reference,Goenoeng K,K,,location+material+volcanic,3,"In aansluiting met wat in bet vorige verslag p. 19 door Dr. Callenfels over de opsporing van den steen van Kalasan werd gerapporteerd, kan tbans worden medegedeeld dat dank zq de bemoeiingen van mevrouw Resink-AVilkens deze bekende inscriptie is achterhaald op bet erf van den beer J. O. Feenstra, ingenieur b^ de Sultanaatswerken te Djokjakarta. Gebleken is dat de steen in de laatste halve eeuw Djokja niet heeft verlaten. Tot i 1896 bevond bij zich in bet bezit van den beer Jacob Dieduksman; daar"
OV_1924,1924,627,0,volcanic,eruption,eruption event,uitbarsting,,,location+material+volcanic,3,"Dit alles doet ecbter de noodzakel^kbeid in bet oog springen van een spoedige opname en vastlegging; daarenboven is er de uitbarsting van den Batoer om aan dit argument nog eenige klem b^ te zetten. De conclusie, waartoe op deze en andere gronden kon worden gekumen, luidt dan ook : dat bet een dringend vereiscbte is, dat door den Oudbeidkundigen Dienst de op Bali aanwezige oudbeden zoospoedig m o g e 1 k w o r d e n g eYn- ventariseerd en in afbeeldingen en teekeningen worden vast- gel e g d. De"
OV_1924,1924,637,0,volcanic,slamet,Slamet,slamat,,,location+material+site+volcanic,4,"B^ een nog krachtige cultuur, als die van Bali, moet men wcliswaar der- get^ke experimenten als pogingen opvatten tot een verovering van een nieuwe techniek, al zal een zekere zucht om modern te doen daar niet vreemd aan z^n (zooals het woord ,,slamat""' in lat^nsche karakters op de kain prada der Icgongs van Koeta een geste aan den tourist kan heeten, hoewel het een even zotte indruk maakt als waimeer de markensche boerinnen een „ Welcome^* op hunne klompen hadden ge- schilderd). Zoodra echter d"
OV_1924,1924,638,158,volcanic,mountain,Mountain reference,Goenoeng Kawi,Kawi,,site+volcanic,2,oudheden van den Goenoeng Kawi (Tampak filing) zgn alle van een pleisterlaag I
OV_1924,1924,676,0,volcanic,tephra,tephra/ash/tuff,asch,,,location+material+volcanic,3,"letters* of cgferteekens mede bedoeld zouden kuanen 2 ^n, z$n naar mgn meening in werkelijkheid slechts zulke onvoltooide ornamentstukken. Het is niet moeilijk om in bet midden^ juist onder den linkervoet der vrouw zulk een nierl^n te ontwaren# dock het kost evenmin moeite dit te doen geheel links, juist voor den rechtervoet. Intusschen zal duidel^k worden dat men ook geheel rechts een samenstel van zulke niar-li^nen heeft, waarvan een naar links, een naar boven en een (gebroken) naar rechts gek"
OV_1924,1924,676,0,volcanic,tephra,tephra/ash/tuff,asch,,,location+material+volcanic,3,"letters* of cgferteekens mede bedoeld zouden kuanen 2 ^n, z$n naar mgn meening in werkelijkheid slechts zulke onvoltooide ornamentstukken. Het is niet moeilijk om in bet midden^ juist onder den linkervoet der vrouw zulk een nierl^n te ontwaren# dock het kost evenmin moeite dit te doen geheel links, juist voor den rechtervoet. Intusschen zal duidel^k worden dat men ook geheel rechts een samenstel van zulke niar-li^nen heeft, waarvan een naar links, een naar boven en een (gebroken) naar rechts gek"
OV_1924,1924,738,0,volcanic,mountain,Mountain reference,Goenoeng Banteng,Banteng,,material+site+volcanic,3,"OUDHEIDKUNDIG VERSLAG, OERDE EN VIERDR KWARTAAL 1925 109 Nummei r Formaat Gedateerd Plaats Omschr^ving 7523 13X18 31-7.'26 Ijandi Selogr^o, distr, Bandongan. Van af Let tempelterrein, naar hei Oosten. 7624 9 » 8-8-'26 GoenoengSeniono^ Regent- schap Banioel. Fragmenten van een beeld* voetsiuk. 7525 99 99 id. Gezicht op de vlakte van af den berg. 7526 99 99 id. Id. op de zee, van af den berg. 7527 99 99 Goenoeng Banteng (Zuiderstrand)."
OV_1924,1924,761,0,volcanic,mountain,Mountain reference,Goenoeng Toea,Toea,,,1,"Goenoeng Toea, onderafd. Padang Lawas, res. Tapanoeli."
OV_1924,1924,874,0,volcanic,mountain,Mountain reference,Goenoeng Kombcng,Kombcng,,,1,"B'y'ifchriften by de foto^f mn de beetden van den Goenoeng Kombcng, de Rykddieraden van Koetei en bet bronzen Bu2dba~bee£d van Kota Bangoen DOOR Dr. F. D. K. BOSCH.."
OV_1924,1924,875,0,volcanic,tephra,tephra/ash/tuff,asch,,,location+material+site+volcanic,4,"Voor het vertrek van de Midden->Oost-Borneo- Expeditie konden door ons eenige desiderata kenbaar worden gemaakt in zake het foto- grafeeren van oudheden in het te onderzoeken gebied, waarvan tot dusver alleen beschr^- vingen en schetsteekeningen bestonden. Aan de bereid willigheid waarmede door den leider en den botanist der expeditie, resp. de heeren D» W'. Buys en F. H. Endert, aan dit verzoek is voldaan, dankt de Oudheidkundige Dienst de ontvangst van een serie doidel^ke opnamen van de beelde"
OV_1924,1924,875,0,volcanic,mountain,Mountain reference,Goenoeng Kombeng,Kombeng,,location+material+site+volcanic,4,"Voor het vertrek van de Midden->Oost-Borneo- Expeditie konden door ons eenige desiderata kenbaar worden gemaakt in zake het foto- grafeeren van oudheden in het te onderzoeken gebied, waarvan tot dusver alleen beschr^- vingen en schetsteekeningen bestonden. Aan de bereid willigheid waarmede door den leider en den botanist der expeditie, resp. de heeren D» W'. Buys en F. H. Endert, aan dit verzoek is voldaan, dankt de Oudheidkundige Dienst de ontvangst van een serie doidel^ke opnamen van de beelde"
OV_1924,1924,875,0,volcanic,mountain,Mountain reference,Goenoeng Kombeng,Kombeng,,location+material+site+volcanic,4,"Voor het vertrek van de Midden->Oost-Borneo- Expeditie konden door ons eenige desiderata kenbaar worden gemaakt in zake het foto- grafeeren van oudheden in het te onderzoeken gebied, waarvan tot dusver alleen beschr^- vingen en schetsteekeningen bestonden. Aan de bereid willigheid waarmede door den leider en den botanist der expeditie, resp. de heeren D» W'. Buys en F. H. Endert, aan dit verzoek is voldaan, dankt de Oudheidkundige Dienst de ontvangst van een serie doidel^ke opnamen van de beelde"
OV_1924,1924,876,0,volcanic,tephra,tephra/ash/tuff,asch,,,location+material+volcanic,3,"Litteratuur-OffcrzicbL De eerste mededeeling over deze beelden is afkomstig van den luitenant ter zee der 2de kl. J. A. van der Star, in een schrqven aan de Directie van het Bataviaasch Genootschap ^). Bq een bezoek aan den Sultan van Koetei te Tenggarong in 1895 was z^n aandacht getrokken door drie gave „Boeddha-beeld€m*% volgens den vorst afkomstig van een in de rots uitgehouwen verbiqf, waarin zich I , NoL Bat, Gen, 1895 p, 58. • I # K"
OV_1924,1924,895,0,volcanic,tephra,tephra/ash/tuff,asch,,,location+material+site+volcanic,4,"De Nandi^wara van het Bataviasche Museum (PL 31 c) en de Mahakala te Kombeng (PL 31 d) vormen bl^kens de gelijke hoogten der figuren en de maten van de achterstukken een paar. Z 9 voeren de gewone wapens, de eerste een knots, de tweede een drietand, en houden het lichaam een weinig naar op zijde gewend, in de richting van den tempelingang, aan weerszi^den waarvan zij opgesteld zijn geweest. Het demonische karakter, dat zi) als deurwachter behooren te bezitten, is slechts in geringe mate tot uitd"
OV_1924,1924,900,0,volcanic,mountain,Mountain reference,Goenoeng Kombeng,Kombeng,,material+volcanic,2,"Gebeel uit den toon van z^n omgeving valt Gane^a (PL 32 b)« A1 mogen onder de andere beelden van den Goenoeng Kombeng geen boogstaande kunstwerken z^n aan te wgzen (afgezien van een enkel b^zonder fraai detail, b^v. bet kopje van PL 29), ^ ktinnen tocb met de middelmatige beeldbouwwerken van Midden- Java een vergelijking glansr^k doorstaan* Oe Gane^a beboort ecbter ongetw^feld in een lagere klasse thuis. Men zie den saamgedrukten kop met de kracbielooze slurf, de atropbische acbterarmen met de l"
OV_1924,1924,965,0,volcanic,lawu,Lawu,lawoe,,,location+material+site+volcanic,4,"Het gebied waar de kieronder te bespreken oudkeden gevonden zijn wordt in het Noord Westen afgesloten door de Kali Opak, in het Zuid 'Westen door de Indische Oceaan en in het Noord Oosten door den bergtop Selawoe. Het is een klassieke plek, immers de ,,kraton^' van de hoogvereerde Ratoe Lara Kidoeh de godin van de Zuidzee. Pemantjingan ver- heffen zich uit den uitlooper van het Zuider- gebergte, dat hier over eenigen afstand nagenoeg evenw^dig loopt met de kust, twee niet zeer hooge heuveltoppen"
OV_1924,1924,1098,0,volcanic,mountain,Mountain reference,Goenoeng Kawi,Kawi,,,1,"f. Idem, met scbild aan den linkerarm, waarop gefigureerd scbriPt als dat van Goenoeng Kawi; Hn letter in elk der ovalen, die zich op het scbild bevinden. Hoog i 70» breed 40 cM. Foto O. D. 7696."
OV_1924,1924,1182,0,volcanic,mountain,Mountain reference,Goenoeng Kawi,Kawi,,material+volcanic,2,"a. Steen met inscriptie in gefigureerd schrift als van Goenoeng Kawi Lang 79, breed 21, hoog 12 cM. Foto O. D. 7720."
OV_1924,1924,1191,0,volcanic,mountain,Mountain reference,Goenoeng Kavtd,Kavtd,,location+material+site+volcanic,4,"In den rotswand een nis uitgehouwen, waarin een ^andi is uitgespaard, op de w^ze van die van Goenoeng Kavtd bi| Tampak Siring. De plek is ontoegankelqk en bevindt zich ruim een v^ftal meters bo ven de rivierbedding De Ijaiidi is zeer verweerd en heeft in een nis v66r bet tempellicbaam een eveneens verweerd beeld, waarscbgnl^k van een staanden roan. Op de daketages komen dezelfde amrtapotten of vaasvormige topstukken voor, als welke overal in de desa werden aangetroffen en die dus bl^kbaar de geb"
OV_1924,1924,1325,0,volcanic,merapi,Merapi,Merapi,,,site+volcanic,2,"2. Oudheden op Tampir, gelegen 3 palen Westelgk van Bojolali, op de belling van den berg Merapi."
OV_1924,1924,1357,0,volcanic,merapi,Merapi,Merapi,,,location+material+site+volcanic,4,"De Javanen verkalen dai er in zeer oude igden een tempel gestaan heeft digt de Dbesa, welke tbans nog den naam draagt van Tjandi Peta, dezelve ligt twee palen van Selo verw^dexd en 8 palen van den grooten weg welke van Semarang naar Solo gaat; de bergweg naar hei buitenverblgf van den Resident van Solo> te Agl4 digt b^ Solo, gaat langs dit dorp. De Javanen verkalen dat de overbl^fselen van dezen tempel gekeel z^n verdwenen, doordat zick van den berg Merapi af een zeer diep en breed ravi^n heeft "
OV_1924,1924,1357,0,volcanic,merapi,Merapi,Merapi,,,location+material+site+volcanic,4,"De Javanen verkalen dai er in zeer oude igden een tempel gestaan heeft digt de Dbesa, welke tbans nog den naam draagt van Tjandi Peta, dezelve ligt twee palen van Selo verw^dexd en 8 palen van den grooten weg welke van Semarang naar Solo gaat; de bergweg naar hei buitenverblgf van den Resident van Solo> te Agl4 digt b^ Solo, gaat langs dit dorp. De Javanen verkalen dat de overbl^fselen van dezen tempel gekeel z^n verdwenen, doordat zick van den berg Merapi af een zeer diep en breed ravi^n heeft "
OV_1924,1924,1368,0,volcanic,tephra,tephra/ash/tuff,tuf,,,location+site+volcanic,3,"Allgemein bekannt ist die heilige Grotte bei Lukluk und der am PSn^t- FlUsschen gelegene kleine Felsentempeb pura L^langon mit dem kleinen Weiher, der die heiligen djulit*Fische enth^t. Beide werden von den Baline 3 en als sehr alte St^dte der Verehrung angesehen. Der pura LSlangon soli aus dem Jahre 8^1 {Qaka) datieren, was man aus den daselbst beHudlichen Steinskulpturen herauszulesen glaubt. Es beBndet sich daselbst ein mSlchtiger, aus dem anstehenden Felsen heraos* gehauener Elephant, welche"
OV_1924,1924,1371,0,volcanic,general,volcanic reference,vulkanisch,,,location+site+volcanic,3,"Zu beiden Seiten des PSnSt-Fliisschens pflegen hier die Balinesen, wohl seit Jahrhunderten schon das weiche Gestein, den vulkanischen Tuff (paras) zu brechen, welcher zum Bau von Tempelpforten, Mauem und zur Anfertigung von togog dient* Die SteinbrUche sind hier in ^.er Tat besonders gUnstig gelegen und das Material"
OV_1924,1924,1371,0,volcanic,tephra,tephra/ash/tuff,Tuf,,,location+site+volcanic,3,"Zu beiden Seiten des PSnSt-Fliisschens pflegen hier die Balinesen, wohl seit Jahrhunderten schon das weiche Gestein, den vulkanischen Tuff (paras) zu brechen, welcher zum Bau von Tempelpforten, Mauem und zur Anfertigung von togog dient* Die SteinbrUche sind hier in ^.er Tat besonders gUnstig gelegen und das Material"
OV_1924,1924,1386,341,volcanic,dieng,Dieng,Dieng,,,location+material+site+volcanic,4,"a. Steen met ituK'riptie, cijk. tjandi PlaoK^an (zie p. SS). b. Bronzen urn, ujk. du^tr, Selakaton (bij den Dieng^, ree>. Semarang, Eigendoni ran Den beer C. Tohi (^zie p. 89), c. Bronzen heelD ran uimiLokitec^rara (Gambar Goerar), Sepauk, onderaJD. S intang, IP"", ajd. ran Borneo (zie p. 89), PL 2S. h. RoUrciteJ le Jch Poeloe, Bali. ■. Robrelief le Jeh Poeloe, Bali d, Robrellef le Jeh Poeloe, Bali"
OV_1924,1924,1392,0,volcanic,mountain,Mountain reference,Goenoeng Kidoel,Kidoel,,,1,"Gambirawatl, didtr. FLajen, afl. Goenoeng Kidoel, Oi>erbUjf<felen i>an twee leri’Minuren na gebeeltelijki (Zie Biji. Hj. PL 38. fi*; \ 4. • ^vVvi ~ -V ‘ '-. ""V- * - -y ^ > ' ^V; ; ;V'; , v_ V* ^ . * y * , V- _ _>"
OV_1925,1925,11,0,volcanic,dieng,Dieng,Dieng,,,,1,"Nadat de bouwk. Opzichter de eerste maanden van het jaar te D)akja werkzaam was geweest, vertrok hg begin Maart naar den Dieng. In Mei ontving opdracht zich naar de Padang Lawas te begeven; eind Juni was hij daar nog werkzaam."
OV_1925,1925,22,7,volcanic,ijen,Ijen,ijen,,,material+site+volcanic,3,"de kaloeng van de derde persoon rechis van het reliSf een klein stulge was afge- broken. Evenwel kwamen bg een nader onderzoek ingesteld door den adjunct, waarin de reliefs van alle omgangen betrokken werden, nog andere en emstigere beschadJgingen — waarsch^nl^k van ouderen datum ^ aan hetlicht. De voornaamste zijn: Iste gaander^, Lalitawistara-serie, Iste rel. van de Z. poort; de figuren 9 en 10 van links missen hun neus, versche break; Iste gaander^, jataka-serie, rel. No. 86; op bet scbip is "
OV_1925,1925,185,0,volcanic,tephra,tephra/ash/tuff,asch,,,location+material+site+volcanic,4,"B^zonder fraaie exemplaren die met de beste bronzen van Midden*Java zouden kunnen wed^veren z^n er onder de Nalandascbe vondsten niet aan te w^zen* De staande Buddha-figuur, afgebeeld Arckaeological Survey Report Cmtral Circle 1919^ — 20 pi. Ill, houdt de eer van het Nal^dasche bronsgieters-gilde hoog. Als kunstwerk hebben vooral eenige vrouwenbeeldjes kwaliteiten, zonder nochtans in de schaduw van de meesterstukken uit de Midden- Javaansche of Malangsche school te kunnen staan. Over het algemee"
OV_1925,1925,197,35,volcanic,lamongan,Lamongan,lamongan,,,,1,"Een merkwaardig bronzen ruiterfigum-tje, gevonden in de desa B e n t j e, onder- distr, Kedoeng djadjang, distr. Ranoe lamongan, afd. Loemadjang, wordt in B^lage D besproken."
OV_1925,1925,206,0,volcanic,mountain,Mountain reference,Goenoeng Kidoel,Kidoel,,location+material+volcanic,3,"De inscriptie van een koperen plaat, gevonden in de doekoeh Manggoeng kaloeraLan N g a 1 a n g. No. 57, onderdistr . N glipar, distr. W anasari, regentsch. Goenoeng Kidoel, res. Djokjakarta, is in Bijlage B getransscribeerd."
OV_1925,1925,210,0,volcanic,semeru,Semeru,Smeroe,,,location+material+volcanic,3,"Op het in 1919 door den Leer S. W. G- Gisius ontdekte steenblok met inscriptie aan den Westeli^ken oever van de Ranoe Kembala (Noordhelling van den Smeroe, distr. Kandangan, afd. Loemadjang, res. Pasoeroean, zie O. V. 1920, p. 100). werd in April jl. door den Wedana van Kandangan een jaartal, 1232, ontdekt, het- geen aan den Leer Gisius was ontgaan. De t.a.p. geopperde onderstelling, dat de in de inscriptie genoemde bedevaartganger Mpu Kame^ara dezelfde zou zijn als de rakryan mantri sirikan dya"
OV_1925,1925,300,0,volcanic,lamongan,Lamongan,lamongan,,,,1,"Coll. Klsiring te Djoisja en Bentj 4 distr. Ranoe- lamongan, thans Mus. Bat. No. 726b, 726a."
OV_1925,1925,356,0,volcanic,mountain,Mountain reference,GOENOENG KIDOEL,KIDOEL,,material+volcanic,2,TRANSSCRIPTIE VAN EEN INSCRIPTIE UIT GOENOENG KIDOEL
OV_1925,1925,380,0,volcanic,tephra,tephra/ash/tuff,asch,,,burial+material+volcanic,3,"10. Een koperen Boedaschenkblad gegraveerd de breedte van 31 Centimeter, opgegraven te Pasar Gede tgdens het graven van een put."
OV_1925,1925,382,0,volcanic,tephra,tephra/ash/tuff,asch,,,burial+location+volcanic,3,"1 1 • Een metalen Boedaschenkblad de breedte van 41 Centimeter opgegraven te Boloboedor Residentie Kadoe t^dens bet graven van een waterleiding,"
OV_1925,1925,399,0,volcanic,tephra,tephra/ash/tuff,asch,,,location+material+volcanic,3,"In 1877 trok de collectie voor bet eerst de aandacht van de Directie van het Bataviaasch Genootschap. Op voorstel van Dr. L. W^. C. de Roo werden van een tweetal koperen platen en van de inscriptie op het ruggestuk van een bronzen beeldje facsimiles vervaardigd. De beide eerste^ werden door K. F. Holle in ^ Verhandelingen XXXIX in transscriptie gepubliceerd (dit z^n de bekende Jayapattra van 849 ^aka, besproken door Brandes T. B. G. XXXII, 1887 en de ongedateerde oorkonde O. J. O. CIII); de laat"
OV_1925,1925,422,0,volcanic,tephra,tephra/ash/tuff,asch,,,location+volcanic,2,"De beide hierboven genoemde stukken zi^u de eenige, welke in het bezit van het Bataviaasch Genootschap zijn overgegaan."
OV_1925,1925,428,0,volcanic,tephra,tephra/ash/tuff,asch,,,location+material+volcanic,3,"We hebben hiervoor reeds opgemerkt, dat de foto's Cephas goede diensten bew^zen bij het onderscheiden van de echte en de valsche stukken van de collectie in 1892. Er is nml. door den verzamelaar zelf een groep voorwerpen afgezonderd ^ foto Cephas IV, PL 8 ^ weUce, hoewel op den Igst niet als zoodanig aangeduid, zonder eenigen twijfel alleen namaak-bronzen bevat. Slechts twee k drie van deze stukken zouden voor echt kunnen doorgaan, (nml, op de tweede rg het leeuwtje geheel links en de Durga, waa"
OV_1925,1925,521,0,volcanic,tephra,tephra/ash/tuff,ASCH,,,location+volcanic,2,"AANWINSTEN VAN DE ARCHAEOLOGISCHE COLLECTIE VAN HEX KONINKLIJK BATAVIAASCH GENOOTSCHAP DOOR Dr. F. D. K. BOSCH (met twee foto'e, PL 13 en 14)."
OV_1925,1925,543,0,volcanic,tephra,tephra/ash/tuff,asch,,,location+material+volcanic,3,"Uit den r^ken voorraad oorkonden op Oost-Java betrekking hebbend werden daartoe voor deze maal uitgekozen de 4 bekende oorkonden van 1 408 ^aka Braudes: Oud-Javaansche Oorkonden Nos. XCI, XCII, XCIII, XCIV en XCV), de oorkonde van Bakalan uit 856 ^aka (Brandes o. c. XLIV) en die van onbekende afkomst uit het Madjakertasche uit ^rawana 851 ^aka (o. c, XXXVII), doch die, zooals hieronder zal bl^ken, wel afkomstig zal zgn uit de tegenwoordige desa PoerwarSdja aan den weg van Madjasari naar Trawas*"
OV_1925,1925,573,0,volcanic,tephra,tephra/ash/tuff,ASCH,,,location+volcanic,2,"NASCHRIFT, Nadat het bovenstaande op schrift was gcbracbt, kreeg ik in banden het nieuwe detailblad van de topograpbiscbe kaart van Soerabaja en Pasoeroean 1 : 50.000, blad LXIVc. Op dit blad vindt men vlak ten Zuiden van"
OV_1925,1925,588,156,volcanic,ijen,Ijen,ijen,,,location+volcanic,2,"de uitgebreide reeks restanten^ die van Bangsal over ,,Koeto Porong"" (verklaard als Kota W^oeroeng), Kasia3.n, Dlanggoe, Sfigoenoeng en Djani, tot Poegeran in den bodem te vervolgen z$n. En, indien ik mg wel herinner, komt op een vroeger door mg beziebtigde oudere topografische kaart, die belaas nu niet te mgner beschikking staat, inderdaad de naam Serang in deze contrijen voor. In den volksmond beet nu nog Sprang bet lager e, Oostelgk deel van (Koe)to porong, dat nog niet zoo beel lang geleden "
OV_1925,1925,588,156,volcanic,mountain,Mountain reference,goenoeng en,en,,location+volcanic,2,"de uitgebreide reeks restanten^ die van Bangsal over ,,Koeto Porong"" (verklaard als Kota W^oeroeng), Kasia3.n, Dlanggoe, Sfigoenoeng en Djani, tot Poegeran in den bodem te vervolgen z$n. En, indien ik mg wel herinner, komt op een vroeger door mg beziebtigde oudere topografische kaart, die belaas nu niet te mgner beschikking staat, inderdaad de naam Serang in deze contrijen voor. In den volksmond beet nu nog Sprang bet lager e, Oostelgk deel van (Koe)to porong, dat nog niet zoo beel lang geleden "
OV_1925,1925,666,0,volcanic,lahar,lahar/mudflow,lahar,,,,1,"De merkwaardige terreinformatie in de Majapabitstreek sch^nt te z^n ontstaan, doordat de Wftlirang, die een teruggescboven ligging tusscben de PSnang- goengan en bet Andjasmoro-gebergte inneemt, veel langer is bl^ven werken dan beide andere vulkanen* De W^Slirang-lahars werden dus tusscben beide andere bergen door de vlakte ingestuurd, waar zg zicb waaiersgewgs ontplooiden. bebben, voor zoover zij langs den voet van de Andjasmoro^keten liepen, allc van dat gc- bergte afkomende rivierloopen afges"
OV_1925,1925,670,0,volcanic,lahar,lahar/mudflow,lahar,,,,1,"Door deze omstandigbeid werd een groote uitgestrektbeid gronds, o.m. de streek, die de arealen der suikerfabrieken : Brangkal, Tangoenan, K^tanen, Bangsal en gedeelten van SSntanen-Lor be vat, van baar natuurlgk be vloeiiiigs water afgesneden, Dit is bet water, dat van de bergbellingen van den Andjasmoro afkomend, recbt- streeks naar bet Noorden beboorde te loopen, acbter door de WSlirang-lahars afgesneden wordt en naar bet Westen wordt afgeleid, voor zoover bet niet in den bodem dringt en ^ ond"
OV_1925,1925,675,0,volcanic,lahar,lahar/mudflow,lahar,,,material+volcanic,2,"arme streek, het dal iusschen den Andjasmoro^voet en meergenoemde 'WSlirang*^ lahars, het gebied der successievelgk in elkander loozende rivieren: Kromong, Pikatan> Landean, PandaUn en Bara, was reeds lang voordien bewoond en in cultuur gebracht. Uit 856 (943 n. C.) dateert eene oorkonde, reeds vroeger door den Oud- Regent van Modjokfirto vertaald en nu weer door Dr. van Stein Callenfels behandeld, waarin o. m. wordt melding gemaakt van verschillende dammen in de EkTomong, Pikaian en Landean; st"
OV_1925,1925,689,0,volcanic,mountain,Mountain reference,goenoeng 7,7,,,1,"Ettelqke rivieren komen in den dalkom van Baoer&no samen, die alle op den Noordel^ken rug van den Andjasmoro ontspringen. Het Andjasmoro-hooggebergte vertoont twee groote kloven; een naar bet Oosten gericbt, waarin de Pikatan ontspringt, en een naar bet Noorden, waarvan bet water in de kali Bara uitmondt. Alle tusschen deze twee rivieren van den Andjasmoro afkomende stroomen, waarvan de voomaamste z^n de Landean, de Boet^k, de Pandas, de M anting en de Grosok vereenigen zich met de Kali Bara nag"
OV_1925,1925,699,0,volcanic,general,volcanic reference,vulkanisch,,,,1,"Aan een vulkanische uitbarsting kan bier zeker niet worden gedacbt, omdat niet bet woord lungge maar guntur gebruikt is* Van vulkamisme is dan ook b^ den Andjasmoro geen sprake meer."
OV_1925,1925,699,0,volcanic,eruption,eruption event,uitbarsting,,,,1,"Aan een vulkanische uitbarsting kan bier zeker niet worden gedacbt, omdat niet bet woord lungge maar guntur gebruikt is* Van vulkamisme is dan ook b^ den Andjasmoro geen sprake meer."
OV_1925,1925,700,0,volcanic,lahar,lahar/mudflow,lahar,,,,1,De groote kloof van den Andjasmoro scbijnt — ondergrondscb ^ nogverder naar het Noord-Oosten te worden voortgezet. Men kan het ontstaan van het BaoerSno-meerbekken derbalve ten slotte aan de afdamming van die kloof door de W^Slirang-lahars w^ten. De mogel^ke reden van z^n doorbraak zullen nog nader leeren kennen. Volgens den Heer Alberti staat bet reeds vroeger genoemde „bronnen>< gebied” vooral met deze kloof in verband. De verliezen in den bodem van een eventueele Wadoek I zullen dus direct ee
OV_1925,1925,713,0,volcanic,lahar,lahar/mudflow,lahar,,,depth+material+site+volcanic,4,"De bg de ontgraving van de Tjandi Tikoes uitkomende grond bestond vol- gens de mededeeling van den Heer de Haan uit laharmateriaal, dat ook het emplacement rondom het bouwwerk in een dikke laag bedekt, zooals b^ het graven van enkele proefsleuven bleek, waarb^ ettelxjke fundeeringen van verdere, eenvou- dige gebouwen werden aangetroffen. een der proefsleuven werd het bundel^e van een of anderen weriunan aangetroffen, bestaande uit een koperen blaadje, waarop enkele werktuigen en gereedschappen l"
OV_1925,1925,714,0,volcanic,lahar,lahar/mudflow,lahar,,,,1,"In het Westel^k en Zuidelgk deel der stad werd de aangroei^^ van den bodem vooral bevonden te bestaan uit een sterk humushoudenden grond, te danken aan het zware oerbosch, dat eens de stad overwoekerde. Het laharmateriaal wordt da ar anders dan op groote diepte < — alleen, of voomamel^k, gevonden op plaat- sen, die met oude grachten en andere waterloopen in verbinding stonden."
OV_1925,1925,716,0,volcanic,lahar,lahar/mudflow,lahar,,,,1,"Het werkmansbundeltje, dat hierboven werd genoemd, moet in eens in den laharstroom z^n ingebed. Het is wellicht afkomstig van een gezin, dat op den wadoekrand b^ een catastrofe, die men zag aankomen een goed heenkomen zocht. Alleen een woedende siroom kan deze laag gebracht hebben, in &hx keer over"
OV_1925,1925,719,0,volcanic,eruption,eruption event,eruptie,,,,1,"Reeds in mgn voorstudie omtrent Majapabit maakte ik de opmerking, dat de toestand der overblgfselen van de in het dal der kab ICraton voorkomende kratonmuren er aan deed denken, dat de verwoesting van den kraton aan waterscbade te wgten moest zgn. Destgds dacbt ik daarbg aan een doorsteken van den afsluitdgk van de wadoek Koemitir. Uit bet bovenstaande moge ecbter blgken, dat de catastrofe daaruit niet verklaard kan worden. Merkwaardig is ook, dat de hoeveelbeid vast materiaal, die over de stad "
OV_1925,1925,719,0,volcanic,crater,crater,krater,,,,1,"Reeds in mgn voorstudie omtrent Majapabit maakte ik de opmerking, dat de toestand der overblgfselen van de in het dal der kab ICraton voorkomende kratonmuren er aan deed denken, dat de verwoesting van den kraton aan waterscbade te wgten moest zgn. Destgds dacbt ik daarbg aan een doorsteken van den afsluitdgk van de wadoek Koemitir. Uit bet bovenstaande moge ecbter blgken, dat de catastrofe daaruit niet verklaard kan worden. Merkwaardig is ook, dat de hoeveelbeid vast materiaal, die over de stad "
OV_1925,1925,725,0,volcanic,mountain,Mountain reference,goenoeng en,en,,site+volcanic,2,"Indien de catasirofe in den bloeit^d van Majapabit had plants gehad, zou daarvan ongetw^feld uit de Pararaton, den Vorstenkroniek, moeten bhjken. Nu wordt in 1256 (1334 n. C.) gemeld een „Banu Pindah'\ Maar indien in dit bericht op de verwoesting van het geheele Oostel^ke, Qiwaietische stadsdeel gedoeld was, dan zou dit gedeelte zeker niet in den verwoesten toestand achtergelaten zijn. Immers de grootste bloeitijd, de grootste macht, van Majapahit valt n a dien tijd en de Nagarahit%ama, — het we"
OV_1925,1925,725,0,volcanic,mountain,Mountain reference,goenoeng vormt,vormt,,site+volcanic,2,"Indien de catasirofe in den bloeit^d van Majapabit had plants gehad, zou daarvan ongetw^feld uit de Pararaton, den Vorstenkroniek, moeten bhjken. Nu wordt in 1256 (1334 n. C.) gemeld een „Banu Pindah'\ Maar indien in dit bericht op de verwoesting van het geheele Oostel^ke, Qiwaietische stadsdeel gedoeld was, dan zou dit gedeelte zeker niet in den verwoesten toestand achtergelaten zijn. Immers de grootste bloeitijd, de grootste macht, van Majapahit valt n a dien tijd en de Nagarahit%ama, — het we"
OV_1925,1925,725,0,volcanic,mountain,Mountain reference,Goenoeng anjar,anjar,,site+volcanic,2,"Indien de catasirofe in den bloeit^d van Majapabit had plants gehad, zou daarvan ongetw^feld uit de Pararaton, den Vorstenkroniek, moeten bhjken. Nu wordt in 1256 (1334 n. C.) gemeld een „Banu Pindah'\ Maar indien in dit bericht op de verwoesting van het geheele Oostel^ke, Qiwaietische stadsdeel gedoeld was, dan zou dit gedeelte zeker niet in den verwoesten toestand achtergelaten zijn. Immers de grootste bloeitijd, de grootste macht, van Majapahit valt n a dien tijd en de Nagarahit%ama, — het we"
OV_1925,1925,737,0,volcanic,lahar,lahar/mudflow,lahar,,,,1,"Zgn de aldus gevormde tunnels van de kali Brangkal ten t^de van den grooten doorsteek spoedig verstopt geraakt, of zgn zg wellicht opzettelgk verstopt, om de groote overstrooming in het bekken der kali Kraton te leiden? Is dan wellicht hieraan te danken, dat men in wadoek III niet meer van het lahar-materiaal oi^moet? moet men het damrestant, waarop de 5 fjandi's liggen, wellicht als het laatste restant van den dam of rug beschouwen, die dan beneden die tjandi's bezweken of doorgestoken kan zgn?"
OV_1925,1925,751,0,volcanic,mountain,Mountain reference,goenoeng de,de,,,1,"Wg hebben reeds gezien, dat Majapahit bebalve de eigenlgke vestingwerken ook buitenlinies bezat. Vermoedelgk bebben wg in de desa's Ngramboet Modjo- gSnSng, Peb-ngaron en S^goenoeng de Buitenlinies te zien, die den dam van het meer BaoerSno bescbermen moesten. Acbter dit meer vormde de Djaboeng-linie een natubrlgke stelling, die tot ver in bet gebergte doorHep, ongetwgfeld in verband met een dergelgke Zuidelgke Hnie. Deze, benevens de W^estelgke en Noordelgke linies, waaromtrent bet onderzoek no"
OV_1925,1925,766,188,volcanic,crater,crater,krater,,,burial+site+volcanic,3,"lutsche toekangs in den eersten t^d na den val van Majapahit, in Cheribon gewerkt hebben. (Raden Sepet). Bg den aanleg van den nieuwen, grooten, wadoek ten Zuiden van Cberibon, in den krater van den Cheribonvulkaan beeft mm niet veel 4gards gebad met de daar voorkomende oudheidkundige restanten. Daarbg is een merkwaardig, in de steenacbtige lagen uitgehouwen, restant ecbter gelukkig gespaard gebleven: bet kan moeili^k anders z^n dan een woelbak aan bet eind vein de aftapleiding van een oude wado"
OV_1925,1925,772,0,volcanic,lahar,lahar/mudflow,lahar,,,,1,"2onder tw^fel is door den enormen 'WSlirang-lahar ook een meer gevormd, den ovei^ang van de kaH Kromong in de kali Pikatan, direct boven Slawe. Door een merkwaardige keuvelrand is dit bekken van bet Pikatandal afgesloten. Uit de in bglagen opgenomen gegevens zal bli^ken, dat het niet doenl^k is, om bier een rendabele, nieuwe wadoek in te ricbten. Tocb moet de natuurl^ke dam in recenten f^d nog bebben bestaan, betgeen uit twee b^zonderbeden moge bl^ken. Een ter plaatse van dezen dam uit bet Ooste"
OV_1925,1925,832,0,volcanic,lamongan,Lamongan,Lamongan,,,,1,"Bronzen ruiterheeidje.', afk. ?eM Benlje, Judr. Ranoe Lamongan, ll?ciiu< JIiuK Bat. -Vi7.i. 5827 en 5872. >(2 i'-’are grootte (zie Bijl. D, g. 77 ^'Lg.J. aW \\ {ioejroengMt^ar 1 ON'ERZICHTSKAART"
OV_1925,1925,839,0,volcanic,tephra,tephra/ash/tuff,asch,,,location+volcanic,2,KoninMijk Bataviaasch Genootscliap van Kunsten en ^Veten sckappen ALBRECHT & Co. M. NIJHOFF OUDHEIDKUNDIG VERSLAG OVER HET DERDE EN VIERDE KWARTAAL 1926 § 1. Personalia.
OV_1925,1925,855,0,volcanic,general,volcanic reference,vulkanisch,,,burial+material+site+volcanic,4,"Tjandi M^rak. In het vorig verslag p. 17 vlg. heeft de heer Perquin melding gemaakt van de vondst van twee merkwaardige steenen te tjandi M^rak. Bedoelde steenen werden op elkaar staande aangetroffen, op het soubassement, ongeveer in het midden van de cella of binnenruimte, 20 c.M. mcer naar het Zuiden, het bovenvlak eenige c.M. boven het niveau van den cella-vloer. (PL 30 a). Elk der beide vierkant behakte steenen bleek te bestaan uit twee tegen elkaar passende helften; in de lengte^as is in el"
OV_1925,1925,855,0,volcanic,tephra,tephra/ash/tuff,asch,,,burial+material+site+volcanic,4,"Tjandi M^rak. In het vorig verslag p. 17 vlg. heeft de heer Perquin melding gemaakt van de vondst van twee merkwaardige steenen te tjandi M^rak. Bedoelde steenen werden op elkaar staande aangetroffen, op het soubassement, ongeveer in het midden van de cella of binnenruimte, 20 c.M. mcer naar het Zuiden, het bovenvlak eenige c.M. boven het niveau van den cella-vloer. (PL 30 a). Elk der beide vierkant behakte steenen bleek te bestaan uit twee tegen elkaar passende helften; in de lengte^as is in el"
OV_1925,1925,860,0,volcanic,ijen,Ijen,ijen,,,site+volcanic,2,"Allereerst kwamen de bijtempeltjes van het tjandi S e w o e-complex voor bovenbedoelde voorzieningen in aanmerking. Alvorens met de practische uitvoering te beginnen, werden verschillende tempeltjes fotografiscb opgenomen en van de te treffen maatregelen van elk tempeltje afzonderlijk een korte aanteekening- gemaakt. Het valt buiten bet kader van dit rapport om bier uitvoerig bg stil te staan. Zooals bekend is, is bet grondvlak van de kleine tempeltjes een vierkant met in de as van iedere zgde e"
OV_1925,1925,872,0,volcanic,mountain,Mountain reference,goenoeng Idjo,Idjo,,burial+material+site+volcanic,4,"Tjandi Sari. Op een van de tochten naar den goenoeng Idjo bracht ik met den hr. van Coolw^k ook een bezoek aan den niet vcr van Idjo gelegen tjandi Sari. Wat we te zien kregen, was werkelgk een verrassing. Op een verhoogd aan alle zi^den ommuurd terras, liggen onder een waringin de riiSnes van twee kleine tempels. De voeten en basementen zgn grootendeels bedekt door het van boven afgestorte materiaal, zoodat er op 't oogenblik niet heel veel van te zeggen valt. In den steenhoop echter was nog me"
OV_1925,1925,958,0,volcanic,tephra,tephra/ash/tuff,asch,,,location+material+volcanic,3,"Door Dr. Van Stein Callenfels werd van een kortstondig verlof hem verleend door den Gouvemeur van de Oostkust van Sumatra gebruik gemaakt om vanuit Taiping, Malaka, een bezoek te brengen aan Siam. Van deze reis ^ hoewel niet in dienst ondemomen ^ valt te vermelden, dat te Bangkok foto^s werden vervaardigd van de stukken, indert^d door wi^len Z. M. Koning Chulalongkdn van Prambanan en Baraboedoer medegenomen en nu in het Nationaal Museum geplaatst. Op verzoek van den Chef werden onderhandelingen "
OV_1925,1925,978,0,volcanic,mountain,Mountain reference,Goenoeng Kawi,Kawi,,material+volcanic,2,"Een bezoek werd daarenboven nog gebracht aan de beneden de poera P6ngoek8r-oek6ran gelegen Goa Garb a, ecn driedeelige grot van geringe diepte en op tin plants (het in de grot nagebootste atap-dak) een helaas niet meer leesbare inscriptie dragende, van hetzelfde lettertype als op de tja^^i's van Goenoeng Kawi"
OV_1925,1925,982,0,volcanic,mountain,Mountain reference,Goenoeng Panoelisan,Panoelisan,,material+volcanic,2,"Van teBatoe nija (bg Batoe riti) enManoek l^oe (Batoer) gesignaleerde oorkonden op koperen platen konden, in verband met den beperkten tgd, sleckts de eersten worden onderzockt. Op den Goenoeng Panoelisan werd de lezing van enkele inscripties geverifieerd, waarbij o. a. bleekdatdie vanketgrootebeeldonjuistwas."
OV_1925,1925,991,0,volcanic,tephra,tephra/ash/tuff,asch,,,location+material+site+volcanic,4,"Uit een later schr^ven van den beer Altona: Recbt benoorden alikoe- k o e n benoorden de Solorivier, trof ik in bet boscb een oude kleine tjan<b aan, die vroeger uit elkaar is gehaald, dock waarvan de steenen zoo goed mogel^k weer b^ elkaar z^n gelegd. Er is een 30 c.M. boog vierarmig beeldje bg. De steenen zgn in bet algemeen vri^ ruw afgewerkt en, voor zooverre versierd, met eenvoudige reebte li)sten voorzien. Er is een topstukje bij, met vier kleinere, die mogelijk op de boeken bebben gestaan"
OV_1925,1925,992,0,volcanic,mountain,Mountain reference,Goenoeng Endrosari,Endrosari,,,1,"Bedoelde pick ligt even beoogsten de versterkingen van Maor. Een andere dergelijke plek maar op veel kleiner schaal, waar slecbts ^4n persoon moet zgn bggezet (de grogol was op enkele steenen na verdwenen dock noch te herkennen; en de bijzetting had ook bier in den N. O. hoek plaats gevonden) ligt op den Goenoeng Endrosari. Hier zou een kluizenaar bebben gewoond. Ik meende er een uitkgkpost in te moeten zien."
OV_1925,1925,1008,0,volcanic,ijen,Ijen,ijen,,,,1,Zeer belangrijke gegevens werden op verschillende ondernemingen verkregen vooral door de medewerking van de vertegenwoordigers en het Europeesche per- soneel van verscheidene cultuurmaatschappijen ter Oostkust over de verspreiding van een typische steentijd-cultuur. Daar deze samenhangt met de cultuur vertegen- woordigd door de vondsten in de schelpenheuvel dient een en ander t.z.t. tesamen en in onderling verband behandeld te worden.
OV_1925,1925,1168,0,volcanic,tephra,tephra/ash/tuff,ASCH,,,material+volcanic,2,"NASCHRIFT. Dr. R. Freiheir Heine Geldem was zoo vriendelgk mg kort geleden een overdmkje te zenden van een voordracht, door Lem gehouden en gepu- bLceerd in de Sitzungsberichten der Anthrop. Gesellschaft in Wien, JaLrg. 1926^1927. Hij beLandelt daarin ongeveer hetzelfde als in Let voorgaande artikel vervat is, komt ook tot de conclusie, dat de jongste emigratie der W^estelgke Malayo-Polyne- siers ongeveer 2000 v. C. moet Lebben plaats gehad en tracht eveneens aan de Land der verscLillende bijlt "
OV_1925,1925,1200,0,volcanic,mountain,Mountain reference,Gunung Cheroh,Cheroh,,,1,"Before we started excavating in Perak, several sites had already been exa- mined* In 1880, L, Wray noted shell and bone deposits in Perak, but as they were not excavated, this discovery was not of use to science. In 1886 he carried out excavations in some rockshelters in Gunung Cheroh, near Ipoh, He found there deposits of shells and bones, remains of the food of the old cave-dwellers. As regard stone implements, he unearthed grinding-slabs, grinding-stones, pounding-stones and one proto-neolith"
OV_1925,1925,1201,0,volcanic,mountain,Mountain reference,Gunung Cheroh,Cheroh,,material+volcanic,2,"He appears to have ' conducted excavations at Gunung Cheroh during several years and got, besides the above-mentioned stone implements, pieces of black and red haematite and human remains. It may be specially noted, that he describes two of the skeletons as lying on their sides with knees drawn up and close together. Although Wray, in his papers, says that he does not believe that these were real burials, we think he records here two true graves of a people who used the „HtJcker position in inte"
OV_1925,1925,1202,0,volcanic,mountain,Mountain reference,Gunung SSnum,SSnum,,material+volcanic,2,"After W^ray left the Peninstda, prehistoric researches were taken up by one of us (I. H. N. E.) in 1917. The caves and rock shelters explored were at Leng- gong in Upper Perak, (Journal F. M. S. museums. Vol. VII. Part IV). Batu Kurau, about twentyseven kilometres from Taiping, (Id. Vol. IX. Part 1). Gunung SSnum in Pahang and a complex of caves and shelters (Kota Tongkat, Kota G^langgi, etc.) in the same State. (Id. Vol. IX, Part 1). The last mentioned caves lie in a limestone hill to the north"
OV_1925,1925,1203,0,volcanic,mountain,Mountain reference,Gunung Kurau,Kurau,,,1,"The Gunung Kurau cave did not give very reliable results as the layers appear to have become shifted time and again by the floods of the Kurau river. However it produced two good implements of a middle-neolithic culture, one of them even belonging to a late period of this stage."
OV_1925,1925,1205,0,volcanic,mountain,Mountain reference,Gunung SSnum,SSnum,,material+volcanic,2,"Of the Pahang-caves, that in Gunung SSnum proved to be the most interesting as it produced, besides four palaeoliths chipped on both sides, two good proto-neoliths and part of the edge of a real neolithic implement belonging to the earlier period of the Upper Neolithic. The same site also gave cord-marked pottery, red and black haematite and grinding-stones coloured with the red paint."
OV_1925,1925,1212,0,volcanic,mountain,Mountain reference,Gunung Pondok,Pondok,,,1,"As we knew, from excavations, made by Mr. W. M. Gordon in 1921, that the Guwa Kfirbau in the limestone massif of Gunung Pondok, near Padang R^ngas (Perak) was much richer, we considered it of more importance to start digging at the latter site, than to keep on investigating the rather barren deposits of the Guwa Badak."
OV_1925,1925,1214,0,volcanic,mountain,Mountain reference,Gunung Pondok,Pondok,,,1,"To the north of the railroad, between Taiping and Kuala Kangsar, lies a large and very precipitous limestone mass, known as Gunung Pondok (Hut Hill). At the east side of this hill is a rather long, but not very broad, rock-shelter, called Guwa Kerbau (Buffalo's Cave) (PL 16, h 2; 17, i). At this site, in 1921, as already noted, Mr. W^, M. Gordon sunk two pits and obtained much interesting material. As the excavations appeared not to have been carried out in a very methodical manner, we abstain f"
OV_1925,1925,1230,0,volcanic,mountain,Mountain reference,Gunung Pondok,Pondok,,location+volcanic,2,"It is curious that the pcJaeoliths proper are nearly all of black or dark grey rock, while, of the Sumatra types, far the greater percentage is made from quartz. The topmost of these was found in layer B at a depth of 1.47 metres. In Sumatra, with one or two exceptions, all implements of this type have the same form ^ a length about double the breadth, or more, and except in the case of the picks, both ends rounded. Of this kind several specimens also occurred at Gunung Pondok, among them the bi"
OV_1925,1925,1231,0,volcanic,mountain,Mountain reference,Gunung Pondok,Pondok,,location+volcanic,2,"At Gunung Pondok, however, other varieties can be distinguished. First of all scrapers occur, nearly all more or less round and with vertical chipping at the edge. The best specimen, from a depth of 3,35 metres, is made from a flat pebble and has the natural surface on either side (PL 20, 5 a-b). The true almond and oval shapes of the coup-de-poing are also found (PL 2J, 1 — 9 )- A rather curious artefact came from a depth of 3.99 metres. The original pebble had an elongated shape so suitable th"
OV_1925,1925,1231,0,volcanic,mountain,Mountain reference,Gunung Pondok,Pondok,,location+volcanic,2,"At Gunung Pondok, however, other varieties can be distinguished. First of all scrapers occur, nearly all more or less round and with vertical chipping at the edge. The best specimen, from a depth of 3,35 metres, is made from a flat pebble and has the natural surface on either side (PL 20, 5 a-b). The true almond and oval shapes of the coup-de-poing are also found (PL 2J, 1 — 9 )- A rather curious artefact came from a depth of 3.99 metres. The original pebble had an elongated shape so suitable th"
OV_1925,1925,1231,0,volcanic,mountain,Mountain reference,Gunung Pondok,Pondok,,location+volcanic,2,"At Gunung Pondok, however, other varieties can be distinguished. First of all scrapers occur, nearly all more or less round and with vertical chipping at the edge. The best specimen, from a depth of 3,35 metres, is made from a flat pebble and has the natural surface on either side (PL 20, 5 a-b). The true almond and oval shapes of the coup-de-poing are also found (PL 2J, 1 — 9 )- A rather curious artefact came from a depth of 3.99 metres. The original pebble had an elongated shape so suitable th"
OV_1925,1925,1249,0,volcanic,mountain,Mountain reference,Gunung Pondok,Pondok,,,1,"As the deposits at Gunung Pondok are the first of great depth which have yet been methodically excavated in the Peninsula, it is dangerous to draw very definite conclusions from an examination of them. However, we will set down some facts that seem to us to be of interest. First of all, we are convinced that no great value can be attached to the objects found in the slope and that, for safety 's sake, it is better to consider only results obtained in the shelter proper, the part A, B, C, D in th"
OV_1925,1925,1265,316,volcanic,mountain,Mountain reference,Gunung PonJoL,PonJoL,,,1,"fWlical sec tion Ea,l-ire,l of Ihe excaoalumo al Gunung PonJoL BIJLAGE L."
OV_1925,1925,1275,317,volcanic,lava,lava,lava,,,material+volcanic,2,"Ball drove me over to the village of Modjo-Agong, where he was building a house and premises for the tobacco trade, which is carried on here by a system of native cultivation and advance purchase, somewhat similar to the indigo trade in British India. On our way we stayed to look at a fragment of the ruins of the ancient city of Modjo-pahit, consisting of two lofty brick masses, apparently the sides of a gateway. The extreme perfection and the beauty of the brickwork astonished me. The bricks ar"
OV_1927,1927,19,0,volcanic,ijen,Ijen,ijen,,,material+volcanic,2,In dezen staat beteekent R rechter belft en L linker kelft van het relief. De Romeinsche cijfers geven aan de rijen menschelijke figuren van beneden naar boven ; de Arabische offers het nummer van de menschelqke Aguur in een ri) van buiten naar binnen gerekend.
OV_1927,1927,26,0,volcanic,ijen,Ijen,ijen,,,material+volcanic,2,"6 OUDHEIDKUNDIG VERSLAG, EERSTE EN TWEEDE KWARTAAL 1927 No. relief Menschel. fig- Aard der beschadiging Andere partijen Aard der beschadiging 16 L. Olifant."
OV_1927,1927,34,0,volcanic,ijen,Ijen,ijen,,,material+volcanic,2,OUDHEIDKUNDIG VERSLAG. EERSTE EN TWEEDE KWARTAAL 1927 7 No. relief Menschel. fig- Aard der beschadiging Andere partijen Aard der beschadiging R. 5.
OV_1927,1927,40,0,volcanic,ijen,Ijen,ijen,,,material+volcanic,2,8 OUDHEIDKUNDIG VERSLAG. EERSTE EN TWEEDE KWARTAAL 1927 No. relief Menschel. fig- Aard der beschadiging Aadere partijen Aard der beschadiging 69 R. 1. R. 5.
OV_1927,1927,49,0,volcanic,ijen,Ijen,ijen,,,material+volcanic,2,"OUDHEIDKUNDIG VERSLAG, EERSTE EN TWEEDE KWARTAAL 1927 9 No. relief Menschel. fig- Aard der beschadlging Andere partijen Aard der beschadiging 65 Flambouw in de hand van fig. L. II 5. Onder de hand gedeeltelijk afgesplinterd. 71 j Losse steen in de verwijde voeg links van R. 3. 1 Gcheel verdwcnen. ! 1 7A R. 7. 1"
OV_1927,1927,54,0,volcanic,ijen,Ijen,ijen,,,material+volcanic,2,"10 OUDHEIDKUNDIG VERSLAG, EERSTE EN TEEWDE KWARTAAL 1927 No. relief [ Menschel. fig. ^ Aard der bescKadlging | ' 1 Andere partijen Aard der beschadiging 62 R. 5. Geheele hoofd en hoofdtooisel afge- splinterd. 103 i 1"
OV_1927,1927,77,0,volcanic,ijen,Ijen,ijen,,,location+material+site+volcanic,4,"Tjandi Sewoe (Iweede kwartaal). De restauratie van het Sewoe-complex werd geregeld voortgezet. De voorziening van den bovenbouw van den hoofdtempel kwam gereed, zie het rapport van den heer Van Coolwijk. Na den bovenbouw kwamen de hoeken van het le soubassement aan de beurt. Daar dit slechts een kwestie is van de steenen weer behoorlijk in hun verband terug te stellen, leverde het geen moeilijkheden op. Van enkele hoeken moesten noodwendig eenige steenen vernieuwd worden. Gelukkig kon dit steeds"
OV_1927,1927,117,0,volcanic,ijen,Ijen,ijen,,,,1,"Baraboedoer. Bq een inspectie bleek, dat op verscheidene plaatsen de vloeren van de diverse gaanderijen opnieuw ingevoegd moeten worden. Het zijn de vloergedeelten onder de verschillende spuiers, die veel te lijden hebben van het neergutsende water. Dit werk dient v66r de komende Westmoesson gereed te zijn. V^erdlag mn den Bouwkundi^en Opzichter."
OV_1927,1927,134,0,volcanic,ijen,Ijen,ijen,,,site+volcanic,2,"Bgtempeltje Ilde reeks. Noord-Oosthoek. Gedurende vorengenoemde werk- zaamheden werd ook begonnen met de herstellingen aan dit tempeltje. Het geheel werd laag voor laag afgebroken en deze lagen op het terrein tusschen le en He reeks bijtempeltjes, aan Noord- en Oostzijde, uitgelegd. De gestapelde steenhopen aan Noord- en Oostzijde van het tempeltje werden alle afgebroken en lijsten, geornamenteerde steenen enz. hierin aangetroffen in rijen opgesteld om na te gaan of zich hier nog ontbrekend mate"
OV_1927,1927,146,0,volcanic,ijen,Ijen,ijen,,,site+volcanic,2,"De niet al te groote keien werden van het terrein verwijderd en de geornamenteerde steenen, lijsten enz. aan de Oost- en Zuidzijde van het reeds ontgraven terrein in rijen opgesteld, zoodat nu het terrein voor de tempeltjes A en B geheel vrij is."
OV_1927,1927,159,0,volcanic,mountain,Mountain reference,Goenoeng Gangsir,Gangsir,,site+volcanic,2,"De volgende monumenten werden schoon gemaakt en de paggers ervan zooveel mogelijk hersteld: Djadi, Gambar, Toeban, Kalitjibk, Kotes, Soemberdjati, ""Wringinlawang, Badjangratoe, Bangkal, Pari, Goenoeng Gangsir, Ploembangan, Tikoes, Bojolangoe, Soembernanas, Besoeki, Djago, Kidal, Soerawana, Tegawangi, Singasari, Brahoe, Sawentar, Sanggrahan."
OV_1927,1927,177,0,volcanic,mountain,Mountain reference,Goenoeng Kawi,Kawi,,location+volcanic,2,"De Fotograaf-teekenaar, de beer De Vink, bield zich gedurende de eerste dagen bezig met het fotografeeren der vondsten van 1926 in Bedoeloe, bene- vens enkele aanvuUingen op het materiaal te Pedjeng, in 1925 ontdekt. Intusschen onderzochten ondergeteekenden systematisch het terrein, gelegen tusschen de rivieren Pakerisan en Petanoe, zuidelgk tot aan de zee en noordelijk tot aan de in de Oesana Bab genoemde desa Manoekaja. Genoemde strook gronds gaf in verband met hetgeen in de oude Baliscbe bron"
OV_1927,1927,178,0,volcanic,mountain,Mountain reference,Goenoeng Kawi,Kawi,,location+material+site+volcanic,4,"De verwacbting werd dan ook niet bescbaamd, al is bet resultaat niet gebjk aan dat van 1925. Vooruitloopende op de Inventaris en samenvattende behandebng in de Pubbcaties van den Oudbeidkundigen Dienst, kan bier reeds gemeld worden de vondst van een oorkonde uit ^cika 1116 op een bovendorpel in de Poera Pengoekoe- ran (boven de Goa G a r b a), een oorkonde uit ^aka 884 in de desa Manoekaja, benoorden Tirta Empoel, een inscriptie in zgn. gefigureerd schrift (als dat van den Goenoeng Kawi) achter "
OV_1927,1927,178,0,volcanic,mountain,Mountain reference,Goenoeng Sari,Sari,,location+material+site+volcanic,4,"De verwacbting werd dan ook niet bescbaamd, al is bet resultaat niet gebjk aan dat van 1925. Vooruitloopende op de Inventaris en samenvattende behandebng in de Pubbcaties van den Oudbeidkundigen Dienst, kan bier reeds gemeld worden de vondst van een oorkonde uit ^cika 1116 op een bovendorpel in de Poera Pengoekoe- ran (boven de Goa G a r b a), een oorkonde uit ^aka 884 in de desa Manoekaja, benoorden Tirta Empoel, een inscriptie in zgn. gefigureerd schrift (als dat van den Goenoeng Kawi) achter "
OV_1927,1927,192,0,volcanic,mountain,Mountain reference,Goenoeng Klotok,Klotok,,location+material+volcanic,3,"Dr. A. Baudiscb, Oirecteur van 's Landsgevangenis te Kediri, bericbtte ons, dat bem b^ een bezoek aan een agave-aanplant op een heuvel in de onmiddell^ke nabgheid der grotten van Goenoeng Klotok (3 K.M. van de hoofdplaats Kediri) ter oore kwam, dat aldaar vele roode baksteenen van een regelmatigen lang- werpigen vorm gevonden worden, die tbans voor het maken van mode cement gebruikt worden. Een hem getoonde steen had als afmetingen 38 X 20 X 8 c.M. De steenen wordea in trapvormige lagen aangetro"
OV_1927,1927,329,0,volcanic,ijen,Ijen,ijen,,,material+volcanic,2,"W^at den cella-ingang aan de oostz^de betreft: de ingangsdorpel werd aan deze z^de aangetroffen, terwijl bovendien uit de lengte volgde, dat bij niet bi) een der andere zijden kon bebooren, terwijl van deze de dorpels aanwezig waren. Daar ecbter de makara's en de onderste lagen der penanten ontbraken, moest de bouw van den cella-ingang met bekroning bepaald worden door eene samenstelling van boven naar beneden, welke zou aantoonen, dat slecbts deze mogelijk zou zijn, indien de boogte, de samenst"
OV_1927,1927,338,0,volcanic,ijen,Ijen,ijen,,,,1,"Aan de hoekantefixen, waarvan er twaalf stuks voor de completeering van den geheelen band noodig zijn en welke alien gevonden werden (zuid-west foto 7941 ; noord-west foto 7940; zuid-oost foto 7801; noord-oost foto 7854) zijn bier en daar staartstukken gehakt met bet profiel van den ojiefband (foto 7797 bg X; 7801 boven O; 7798 bij P; 7800 bg P en anderen). Dezelfde omstandigbeid (d.w.z. de aantallen) werkte mede voor de vaststelling van de tusscbenantefixen ; bet totale aantal dezer moet zestie"
OV_1927,1927,338,0,volcanic,ijen,Ijen,ijen,,,,1,"Aan de hoekantefixen, waarvan er twaalf stuks voor de completeering van den geheelen band noodig zijn en welke alien gevonden werden (zuid-west foto 7941 ; noord-west foto 7940; zuid-oost foto 7801; noord-oost foto 7854) zijn bier en daar staartstukken gehakt met bet profiel van den ojiefband (foto 7797 bg X; 7801 boven O; 7798 bij P; 7800 bg P en anderen). Dezelfde omstandigbeid (d.w.z. de aantallen) werkte mede voor de vaststelling van de tusscbenantefixen ; bet totale aantal dezer moet zestie"
OV_1927,1927,339,0,volcanic,ijen,Ijen,ijen,,,material+volcanic,2,"De doorsnede van de rechthoekig geprofileerde Igst boven de ojieflijst kon in een der zgvlakken van de groote antefix aan de westzijde opgemerkt worden en bg bet bijeenzoeken dezer listen bleek, dat bieraan hoekantefixen gebakt warcn ; er werden totaal tien stuks teruggevonden en op den beganen grond op de ojieflijst gesteld (N. O. boeken, drie stuks foto 7854; Z. O. drie, foto 7801; Z.AV. twee, foto 7941 ; N. W. twee, foto 7940) in bet geheel dus slecbts twee te weinig. MiddenanteHxen werden ni"
OV_1927,1927,353,0,volcanic,ijen,Ijen,ijen,,,,1,"De breedte der warehoek-velden wordt bewezen door de juiste aansluiting der fragmenten van de ojieflijst, foto 7811, rechts naast foto 7811, bij ///, tegen de afdammingen van de middenpartijen."
OV_1927,1927,355,0,volcanic,ijen,Ijen,ijen,,,,1,"De kroonlijst van de tweede geleding kon voor het grootste gedeelte op den beganen grond gesteld worden en ofscboon dus de horizontale doorsnede van de teerling van dit bouwdeel bekend was, werden geen voldoende fragmenten gevonden om eene opstelling of eene nadere verklaring mogelijk te maken. Op der middenpartijen werden twee complete torentjes gesteld, welke pasten in de inkassingen op het bovenvjak van genoemde kroonlijst (Tkg. III)."
OV_1927,1927,366,143,volcanic,lahar,lahar/mudflow,lahar,,,,1,"heeft niet alleen het verband nog meer verstoord, maar ook de afgebroken steenen naar boven gewerkt, waar zg gereed lagen voor bet wegbalen. Gelukkig hebben lahars en overstroomingen de gebeele ruStae van afgevallen steenen in den loop der t^den bedekt, zoodat de steenen al dieper en dieper in den grond verdwenen en op deze wijze werden bewaard. Het is dus duidel^k, dat aan de onderste lagen van den teerling met voetlgsten naar verhouding het meeste ontbrak. Verschillende vlakke steenen van de h"
OV_1927,1927,366,143,volcanic,ijen,Ijen,ijen,,,,1,"heeft niet alleen het verband nog meer verstoord, maar ook de afgebroken steenen naar boven gewerkt, waar zg gereed lagen voor bet wegbalen. Gelukkig hebben lahars en overstroomingen de gebeele ruStae van afgevallen steenen in den loop der t^den bedekt, zoodat de steenen al dieper en dieper in den grond verdwenen en op deze wijze werden bewaard. Het is dus duidel^k, dat aan de onderste lagen van den teerling met voetlgsten naar verhouding het meeste ontbrak. Verschillende vlakke steenen van de h"
OV_1927,1927,377,0,volcanic,ijen,Ijen,ijen,,,material+volcanic,2,"De samenstelling van twee godinne-figuren en relief, geflankeerd door ver- sierde pilasters, afgebeeld op foto 7857, is volkomen juist. V ermoedelijk behooren deze figxiren te staan op een overgangslgst, waarvan aan den hoeksteen een aanwgzing te vinden is, in elk geval behooren zg bij den teerling en vermoedelgk bij de ware- hoekvelden, immers, indien men foto 7427 bekijkt, ksm men in de eerste plaats een afwgking opmerken in de voorstelling van twee figuren naast elkaar, zonder pilaster er tus"
OV_1927,1927,390,0,volcanic,ijen,Ijen,ijen,,,,1,"2. de meerzgdige vorm van den teerling, verkregen door den uitbouw van de middenpartijen aan de vier zijden op het vierkant grondvlak van het pbnt. 3. de vierkante cella."
OV_1927,1927,392,0,volcanic,ijen,Ijen,ijen,,,material+site+volcanic,3,"o n d e r b o u w. In aansluiting aan den vierkanten aanleg van den tempel zelven is de onderbouw vierkant met een gelijken sprong rondom naar buiten; hg heeft eene gelijkmatig dragende bestemming, uitgedrukt door de gebjkvormigheid der rechthoekige hjsten, welke de teerling van onderen en van boven begrenzen. De overgang van plint naar teerling wordt gevormd door den ojiefband, de logische uitdrukking van het overbrengen van den last naar een grooter grondvlak. De kroonlijst, waarop geen balust"
OV_1927,1927,396,0,volcanic,ijen,Ijen,ijen,,,site+volcanic,2,"Voetlijsten van den teerling. De aanleg der voetlijsten op den onderbouw is vierkant en bestaat in dezen vorm uit een steenlaag, welke als een plint, slechts door den ceUa-ingang onderbroken, rondom doorloopt. Op deze laag rusten de basementen der middenpartijen, zoodat de voetlijsten daartegen doodloopen. Deze eigenaardigbeid komt vrij algemeen voor bg de kleinere Qiwaitische tempels. Bg de Buddhistische is dit echter een uitzonderingsgeval, verklaarbaar door de voorop- gezette idee een kleinen"
OV_1927,1927,396,0,volcanic,ijen,Ijen,ijen,,,site+volcanic,2,"Voetlijsten van den teerling. De aanleg der voetlijsten op den onderbouw is vierkant en bestaat in dezen vorm uit een steenlaag, welke als een plint, slechts door den ceUa-ingang onderbroken, rondom doorloopt. Op deze laag rusten de basementen der middenpartijen, zoodat de voetlijsten daartegen doodloopen. Deze eigenaardigbeid komt vrij algemeen voor bg de kleinere Qiwaitische tempels. Bg de Buddhistische is dit echter een uitzonderingsgeval, verklaarbaar door de voorop- gezette idee een kleinen"
OV_1927,1927,397,0,volcanic,ijen,Ijen,ijen,,,material+volcanic,2,"T e e r 1 i n g. De absolute zekerheid omtrent den teerlingbouw ontbreekt en de gelegenheid ontbrak om de bewijzen te zoeken. Er kan echter op de volgende bijzonderheden gewezen worden. De teerling was vermoedelijk rondom versierd met en relief gebeeldhouwde voorstellihgen, waarvan de foto's 7857 (PL 18 b) en 7427 een beeld geven. De plants dezer voorstellingen in de velden der ware hoeken of midden' partijen is vooralsnog onbewezen. De aansluiting op den geomamenteerden band en dus het verband "
OV_1927,1927,399,0,volcanic,ijen,Ijen,ijen,,,,1,"Kroonlijst. Wat de kroonlgst betreft, staan wij op vasten bodem. Ten eerste kan geconstateerd worden, dat de vierkante vorm van het plint der voetlgsten in de kroonlijst herhaald wordt. De lijst wordt, wederom als uitzonderingsgeval, boven de middenpartijen onderbroken door de kalakoppen ; het bekroningsomament van den kop wordt dus vervolgd in de voorzijden van den kroonlijstdekband. Op deze manier zgn de middenpartgen sterk geaccentueerd en de uitzonderlijke behandelingwgze, welke aan de aangr"
OV_1927,1927,429,0,volcanic,ijen,Ijen,ijen,,,site+volcanic,2,"Tempellichaam. Het vierkante tempellichaam is aan elk der vier zijden, in de assen uitgebouwd. Door deze uitbouwingen worden middenpari^en gevormd en de grondvorm in plaats van vierzijdig met vier maal drie zgden vermeerderd en een twintigz^dige aanleg verkregen, welke in de buitenordonnantie — en dus ook in de bekroning — wordt voortgezet. De voetlijsten volgen dit meerzgdige beloop en wor- den slechts gestuit tegen de ceUa-ingangspenanten. Daar in de middenpartijen boven"" dien nissen geconstru"
OV_1927,1927,429,0,volcanic,ijen,Ijen,ijen,,,site+volcanic,2,"Tempellichaam. Het vierkante tempellichaam is aan elk der vier zijden, in de assen uitgebouwd. Door deze uitbouwingen worden middenpari^en gevormd en de grondvorm in plaats van vierzijdig met vier maal drie zgden vermeerderd en een twintigz^dige aanleg verkregen, welke in de buitenordonnantie — en dus ook in de bekroning — wordt voortgezet. De voetlijsten volgen dit meerzgdige beloop en wor- den slechts gestuit tegen de ceUa-ingangspenanten. Daar in de middenpartijen boven"" dien nissen geconstru"
OV_1927,1927,435,0,volcanic,ijen,Ijen,ijen,,,material+volcanic,2,"N i s s e n. In de velden der ware hoeken en die der middenpartgen zijn beeldnissen aangebracht, maar de ordonnantie is absoluut verschillend. De stabiliteit der ware hoeken wordt niet gebroken door de kleine nissen, welke passen in de decoratieve vlakversiering, terwijl die der middenpartijen meer op den v66rgrond"
OV_1927,1927,438,0,volcanic,ijen,Ijen,ijen,,,location+material+site+volcanic,4,"AVat de eersten betreft, kan men in elke nis een klein zittend beeldje ver- wachten en het past volkomen in den decoratieven opzet, dat op het beeldvoetstuk een afhangend kleed gebeiteld is. Met weinig v66rsprong liggen op deze voetstukken tevens de versierde basementjes der nisomlijsting; de profileering heeft de eigen- schappen van de kalamakara-omlij sting en eindigt van boven ook in een kalakop, welke, op de uiteinden van de ojiefvormig gebogen lijstjes rust; in de uitlooper is echter geen m"
OV_1927,1927,439,0,volcanic,ijen,Ijen,ijen,,,,1,"De nispenanten der drie middenpartijen vertoonen de bekende kSlamakara- oml^sting; de makara s steunen op basementjes, welke als het ware in de voetlijsten zijn ingeschoven; het drieledige profiel is in verhouding tot de breedte van de opgaande stengelbladrand smaller dan men als regel aantreft en de uitdruk- king dientengevolge niet krachtig. Het is echter mogelijk, dat hiermede bedoeld is duidelijker verband te leggen tusschen dezen versierden band en de versiering naast de inwendige hoeken, w"
OV_1927,1927,439,0,volcanic,ijen,Ijen,ijen,,,,1,"De nispenanten der drie middenpartijen vertoonen de bekende kSlamakara- oml^sting; de makara s steunen op basementjes, welke als het ware in de voetlijsten zijn ingeschoven; het drieledige profiel is in verhouding tot de breedte van de opgaande stengelbladrand smaller dan men als regel aantreft en de uitdruk- king dientengevolge niet krachtig. Het is echter mogelijk, dat hiermede bedoeld is duidelijker verband te leggen tusschen dezen versierden band en de versiering naast de inwendige hoeken, w"
OV_1927,1927,440,155,volcanic,ijen,Ijen,ijen,,,,1,"De samenstelling der nispartijen wijkt in zooverre van de gebruikelijke af, dat de kalakop meer als een deel van de kalamakara-oml^ sting dient opgevat te worden dan als nisafdekking, daar voor dit laatste doel een dorpel gelegd is; het schijnt bovendien"
OV_1927,1927,448,0,volcanic,ijen,Ijen,ijen,,,material+volcanic,2,"Krooni^ st. Het evenredige verdeelingsysteem brengt mee, dat de kroonlijst- dekband niet willekeurig hier of dacir onderbroken kan worden, maar geometrisch zoowel boven warehoekvelden als boven de middenpartijen is uitgelegd. De geprofileerde rechthoekige Igst vormt den overgang naar de teerlingvelden, terwijl in den band, versierd met gana’s de dragende functie ten opzichte van den dekband en de bekronende hoektorentjes krachtig wordt uitgedrukt. De hurkende houding der gana's is vrij primitief"
OV_1927,1927,449,0,volcanic,ijen,Ijen,ijen,,,site+volcanic,2,"De ordonnantie, onmiddellijk boven den kroonlijstdekband, bestaat uit een ojiefl^st met antefixen, een rechthoekige antefixenband, boven de ojiefbjst scherp afgeteekend door een drieledige terugspringende band-combinatie en bekronings- torentjes. Ofschoon deze ordonnantie mede kan beschouwd worden als een overgang naar de dneledige tempelbekroning, behooi^ zij organisch bg den tempelkroonlijst, hetwelk wordt uitgedrukt door de hoek- en middenantefixen, die aan de ojieflijsten en de rechthoekige "
OV_1927,1927,452,158,volcanic,ijen,Ijen,ijen,,,site+volcanic,2,"blijft de storende indruk van den vlakken dekband desondanks bestaan. Als men de vraag stelt, waarom de versierende bekroning van den kalakop niet is gehakt, zoo- aJs bij tempels I, III en V, zou hierop geantwoord kunnen worden, dat tengevolge van den gedecideerden vierkanten vorm dezer tempels boven de kroonlijst geheel andere eischen gesteld werden, en bet dus bij II en IV een vereiscbte was, dat de meer- zijdige verdeeling, in alle bouwonderdeelen en ook in de bekroning volgehouden, juist in "
OV_1927,1927,452,158,volcanic,ijen,Ijen,ijen,,,site+volcanic,2,"blijft de storende indruk van den vlakken dekband desondanks bestaan. Als men de vraag stelt, waarom de versierende bekroning van den kalakop niet is gehakt, zoo- aJs bij tempels I, III en V, zou hierop geantwoord kunnen worden, dat tengevolge van den gedecideerden vierkanten vorm dezer tempels boven de kroonlijst geheel andere eischen gesteld werden, en bet dus bij II en IV een vereiscbte was, dat de meer- zijdige verdeeling, in alle bouwonderdeelen en ook in de bekroning volgehouden, juist in "
OV_1927,1927,452,158,volcanic,ijen,Ijen,ijen,,,site+volcanic,2,"blijft de storende indruk van den vlakken dekband desondanks bestaan. Als men de vraag stelt, waarom de versierende bekroning van den kalakop niet is gehakt, zoo- aJs bij tempels I, III en V, zou hierop geantwoord kunnen worden, dat tengevolge van den gedecideerden vierkanten vorm dezer tempels boven de kroonlijst geheel andere eischen gesteld werden, en bet dus bij II en IV een vereiscbte was, dat de meer- zijdige verdeeling, in alle bouwonderdeelen en ook in de bekroning volgehouden, juist in "
OV_1927,1927,454,0,volcanic,ijen,Ijen,ijen,,,site+volcanic,2,"De tempelbekroning bestaat verder uit drie gelijkvormige geledingen, welke, ten opzichte van elkander, telkens terug springen en aldus boven elke geleding gelijkmatige bovenvlakken vormen, waarop de torentjes gebouwd zijn. De gelijkmatige binnenwaartsche uitzetting heeft tengevolge, dat de middenpartij telkens meer ver- smald wordt dan die der ware hoeken en ofschoon de bouw van de kembekroning of derde geleding tot heden niet bewezen kon worden, is deze toch op de teekening aangebracht, omdat d"
OV_1927,1927,490,0,volcanic,mountain,Mountain reference,Goenoeng Gangsir,Gangsir,,,1,"In bet vierde kwartaal bezocbt bij Djawi, Dermo, V^ringin Lawang, Badjang ratoe, Tikoes, Ngalik, Songoriti, Badoet, Boeloe lawang, Sendang doewoer, Ngetos, Tegawangi, Ardimoeljo, Goenoeng Gangsir, Djalatoenda, Kasiman tengab, Belahan, Toempang en Kidal."
OV_1927,1927,507,0,volcanic,ijen,Ijen,ijen,,,,1,"We willen nu volstaan met de mededeeling, dat het gelukt is, om van alle nisbekroningen, de kalakoppen incluis, de oorspronkelijke plaats terug te vinden. Dit is een groot voordeel geweest, omdat de nisbekroningen vaak gegevens leverden voor de aansluitende boekpartijen."
OV_1927,1927,550,0,volcanic,tephra,tephra/ash/tuff,asch,,,site+volcanic,2,"Nadat het bijeengebrachte materiaal was gesorteerd en opgestapeld, kwam de groote vraag aan de orde, of ook de portiek gereconstmeerd kon worden. Het viel niet te ontkennen, dat in de zqvlakken veel nieuw werk ingelascht moest worden. Tegenover de incomplete zqwanden stond echter de vrijwel gave voorgevel. Hierbij gevoegd de groote waarde van de portiek als massa voor de harmonic en het evenwicht van den geheelen tempel, deed tenslotte het besluit nemen, om over de bezwaren van de zijvlakken bee"
OV_1927,1927,552,0,volcanic,ijen,Ijen,ijen,,,,1,"In een vorig verslag wezen we er op, hoe de bekroning van de le dakgeleding boven de nevencella’s in werkelijkheid aanmerkelijk afwijkt van de reconstructie, die de heer IJzerman er in zijn bekend werk van gaf. Volgens bedoelde teekening zou de bekroning slechts bestaan uit een trits van vijf betrekkelijk kleine dagobs. Een wel wat nietige bekroning voor de architectonisch zoo belangrijke partijen der nevencella's."
OV_1927,1927,564,0,volcanic,ijen,Ijen,ijen,,,,1,Bij het herplaatsen van den gevel was het onvermi^ delink om enkele geheel verbrijzelde stukken door nieuwe te vervangen. Behalve een klein stukje in den vlammenrand van de poortomlq sting konden echter bij de vernieuwing de georaa- menteerde partijen onaangetast blijven.
OV_1927,1927,628,0,volcanic,mountain,Mountain reference,Goenoeng gangsir,gangsir,,site+volcanic,2,Tjandi Goenoeng gangsir werd grondig schoongemaakt; groote stekken werden geplant en schoren aangebracht. Prikkeldraden tot een totale lengte van 1260 Meter gespannen.
OV_1927,1927,653,0,volcanic,crater,crater,krater,,,material+site+volcanic,3,"Van den beer J. J. Richard te Djember werd bericbt ontvangen van de vondst van een steenen beeld tusscben twee kraterputten ten Noorden van den W e 1 i r a n g - top, (Jang-gebergte, Besoeki). De foto laat een vierarmigen Qiwa zien, in de rechter-achterhand vliegenwaaier, in de linker-acbterband bidsnoer, de beide voorhanden in een mudra. Het beeld is ongeveer 65 cM. hoog, 35 cM. breed en werd vooroverliggend half bedekt onder aarde en gras aangetroffen bij den Zuid-muur van het fundament van tj"
OV_1927,1927,653,0,volcanic,welirang,Welirang,Welirang,,,material+site+volcanic,3,"Van den beer J. J. Richard te Djember werd bericbt ontvangen van de vondst van een steenen beeld tusscben twee kraterputten ten Noorden van den W e 1 i r a n g - top, (Jang-gebergte, Besoeki). De foto laat een vierarmigen Qiwa zien, in de rechter-achterhand vliegenwaaier, in de linker-acbterband bidsnoer, de beide voorhanden in een mudra. Het beeld is ongeveer 65 cM. hoog, 35 cM. breed en werd vooroverliggend half bedekt onder aarde en gras aangetroffen bij den Zuid-muur van het fundament van tj"
OV_1927,1927,654,0,volcanic,semeru,Semeru,Smeroe,,,location+material+volcanic,3,"Bij het meer Ranoe Kembolo (Noord-helling van den Smeroe, res. Pasoeroean), waar in 1919 door den beer Gisius een inscriptie werd aangetroffen (zie O. V. 1920, p. 100— 101,0. V. 1926, p. 33), zijn nu door denzelfden heer fragmenten van aardewerk en een steen met inscriptie gevonden. Het aardewerk wijst op een oude nederzetting, wellicht de „tlrtha” van Kaune^wara. Op de foto’s der inscriptie is niets te ontcqferen. Er is nu om toezending van een papierafdmk gevraagd."
OV_1927,1927,682,0,volcanic,tephra,tephra/ash/tuff,asch,,,location+volcanic,2,"Tenslotte werd voorgesteld de prehistorische afdeeling van het Museum van het Kon. Bataviaasch Genootschap aan te wijzen als de plaats, waar de vondsten uit de grotten zouden worden ondergebracht."
OV_1927,1927,773,0,volcanic,mountain,Mountain reference,Goenoeng Sari,Sari,,,1,"Oesa Tjeloek (Goenoeng Sari) bad- plaats a/d Pakerisan, district Gianjar."
OV_1927,1927,780,0,volcanic,mountain,Mountain reference,Goenoeng Panoelisan,Panoelisan,,location+volcanic,2,"Goenoeng Panoelisan, m een gedong van Poera Soekawana (Noord-Bali)."
OV_1927,1927,781,0,volcanic,mountain,Mountain reference,Goenoeng Panoelisan,Panoelisan,,location+material+volcanic,3,"Staand vrouwenbeeld met inscriptie op de achterzijde. 8727 ft it Goenoeng Panoelisan, Poera Soekawana (Noord-Bali)."
OV_1927,1927,816,0,volcanic,tephra,tephra/ash/tuff,asch,,,location+volcanic,2,"a. van de Directie van het Koninklijk Bataviaasch Genootschap voor Kunsten en Wetenschappen van 5 Mei en 21 Juli 1927 Nos. 115 en 178, de laatste in voldoening aan het schrijven van den Isten Gouvernements-Secretaris van 7 Juli t.v. No. 1379/A2;"
OV_1927,1927,828,0,volcanic,tephra,tephra/ash/tuff,asch,,,,1,"III. In artikel 2 worden na de woorden ..wanneer hem dit gevraagd wordt”, ingelascht de woorden : ,,door de Oudheidkundige Commissie”."
OV_1927,1927,829,254,volcanic,tephra,tephra/ash/tuff,asch,,,,1,"IV. Tusschen de artikelen 4 en 5 wordt een nieuw artikel (4a) ingelascht luidende : „Jaarlijks voor den eersten November dient het Hoofd van den Oudheidkundigen Dienst bij de Oudheidkundige Commissie een overzicht in van den staat van^ werkzaamheden en legt daarbij over een voor het komend begrootingsjaar ontworpen werkplan, dat o. m. de voorgenomen verdeeling van de aan zijn Dienst toegestane werkgelden behelst”."
OV_1927,1927,897,0,volcanic,mountain,Mountain reference,Goenoeng Panoelisan,Panoelisan,,material+volcanic,2,"c. Een dubbel-bijzettingsbeeld van een staanden man en een links daarvan geplaatste staande vrouw, van denzelfden stijl als het op den Goenoeng Panoelisan aan te treffen beeld met inscriptie in kwadraatschrift. 44 X 93 cM. hoog. Foto O. D. 8709. d, e. Bijzettingsbeelden van rsi's. Voorts fragment van een Ganefa. 1) Verrolg op O. V. 1925: 170."
OV_1927,1927,901,262,volcanic,mountain,Mountain reference,Goenoeng Kawi,Kawi,,,1,78. Goenoeng Kawi. 9 tjandi’s in de rots uitgehouwen en dito kluize-
OV_1927,1927,917,0,volcanic,mountain,Mountain reference,Goenoeng Kawi,Kawi,,,1,"a. Beneden de poera Pengoekoer-oekoeran een drietal nissen, waarvan de eerste, geheeten Goa G ar b a, in de gedaante van een kluizenaarsverblijf is uitgehouwen (zie Goenoeng Kawi). Op het imitatie-atap-dak eenige sporen van gefigureerde kadiri-Ietters. Boven de nis restanten van ornament op den rotswand (zie Goa Gadja). Foto O. D. 8630."
OV_1927,1927,969,0,volcanic,mountain,Mountain reference,Goenoeng Sari,Sari,,location+material+site+volcanic,4,"146 OUDHEIDKUNDIG VERSLAG, DERDE EN VIERDE KWARTAAL 1927 Desa Taman. 104. Poera Boekit. Lingga- en beeldfragmenten. Desa Wanajoe. 105. Poera Goenoeng Sari. a. Lingga. 21 X 21 X 63 cM."
OV_1927,1927,1001,0,volcanic,mountain,Mountain reference,Goenoeng Sari,Sari,,location+volcanic,2,"OUDHEIDKUNDIG VERSLAG, DERDE EN VIERDE KWARTAAL 1927 149 Desa TjSloek. 120. Poera Goenoeng Sari."
OV_1927,1927,1005,0,volcanic,mountain,Mountain reference,Goenoeng Kawi,Kawi,,material+volcanic,2,"a. Badplaats met spuierfragmenten en een staande vrouwenfiguur met lotus- ornament tegen het achterstuk, in de handen een kruik voor het middel houdend. Op de achterzqde een inscriptie in Goenoeng Kawi-schrift. 68 cM. hoog, 35 cM. breed. Boven de knie'dn afgebroken, sterk verweerd."
OV_1927,1927,1133,0,volcanic,ijen,Ijen,ijen,,,material+site+volcanic,3,"De enkele bouwconceptie, zonder ornament, afgebeeld op de teekeningen 372 Noordaanzicht, 373 Oostaanzicht en 420 TVestaanzicht, wekt drie verschillende stemmingen. De Westzijde, 420, is rustig, gelijkmatig en absoluut evenwichtig; de Oostzijde, 373, is van wege den breederen uitleg van het voorportaal minder evenwichtig, al is de tegenstelling ten deele geneutraliseerd door de juiste toepassing en de harmonische verdeeling der ornamentpartijen (teekening 421). Het kan niet worden ontkend, dat de"
OV_1927,1927,1136,0,volcanic,ijen,Ijen,ijen,,,material+volcanic,2,"Voor een karakteriseering van het beeld- en omamentwerk kan o. a. gewezen worden op de overeenkomstige ojiefvormige buitenlgnen in alle op den voorgrond tredende nisomlijstingen en nisbekroningen ; en wat de uitvoering betreft op de bijna volmaakte techniek. De nerven en contouren zijn met een onnavolgbare zekerheid gebeiteld en die zekerheid gaat gepaard met gratie, soepelheid en zuiverheid. De plaats, de verdeeling en het karakter van de ornamentpartijen zgn bestudeerd> logisch en besloten; ni"
OV_1927,1927,1172,0,volcanic,ijen,Ijen,ijen,,,material+site+volcanic,3,"Bij het zien van de horizontale doorsneden E—F, G—H en K—L op teekening 'll 9, genomen over de teerlingen der drie geledingen, zou men kunnen meenen, dat de vierkante vorm van de kern verloren is gegaan en opgelost in den meerzgdigen vorm ; als men echter het werkelijke beeld van de bekroning (foto 8369 en teekening 421) daarmede vergelijkt, is er geen sprake van overwicht der nispartijen op de vierkante kern. A1 domineeren de nispartijen dus niet, toch is het klaarblgkelijk de bedoeling van den"
OV_1927,1927,1172,0,volcanic,ijen,Ijen,ijen,,,material+site+volcanic,3,"Bij het zien van de horizontale doorsneden E—F, G—H en K—L op teekening 'll 9, genomen over de teerlingen der drie geledingen, zou men kunnen meenen, dat de vierkante vorm van de kern verloren is gegaan en opgelost in den meerzgdigen vorm ; als men echter het werkelijke beeld van de bekroning (foto 8369 en teekening 421) daarmede vergelijkt, is er geen sprake van overwicht der nispartijen op de vierkante kern. A1 domineeren de nispartijen dus niet, toch is het klaarblgkelijk de bedoeling van den"
OV_1927,1927,1172,0,volcanic,ijen,Ijen,ijen,,,material+site+volcanic,3,"Bij het zien van de horizontale doorsneden E—F, G—H en K—L op teekening 'll 9, genomen over de teerlingen der drie geledingen, zou men kunnen meenen, dat de vierkante vorm van de kern verloren is gegaan en opgelost in den meerzgdigen vorm ; als men echter het werkelijke beeld van de bekroning (foto 8369 en teekening 421) daarmede vergelijkt, is er geen sprake van overwicht der nispartijen op de vierkante kern. A1 domineeren de nispartijen dus niet, toch is het klaarblgkelijk de bedoeling van den"
OV_1927,1927,1174,312,volcanic,ijen,Ijen,ijen,,,,1,"Elk der geledingen bestaat uit voetlijst, teerling en kroonlijst; de voetlijsten zijn samengesteld uit rechthoekig behakte steenlagen, welke bij de uitwendige hoeken omloopen. Door den terugsprong is een sterker gemarkeerde uitdrukking als dragend element overbodig, omdat zij slechts op grooten afstand binnen de gezichtslijn vallen. Aan weerszijden der nispartijen bestaat de teerling uit hoek en middenpilaster met als vlakversiering behandelde paneelen er tusschen. De kroonlijst van elk der gelc"
OV_1927,1927,1174,312,volcanic,ijen,Ijen,ijen,,,,1,"Elk der geledingen bestaat uit voetlijst, teerling en kroonlijst; de voetlijsten zijn samengesteld uit rechthoekig behakte steenlagen, welke bij de uitwendige hoeken omloopen. Door den terugsprong is een sterker gemarkeerde uitdrukking als dragend element overbodig, omdat zij slechts op grooten afstand binnen de gezichtslijn vallen. Aan weerszijden der nispartijen bestaat de teerling uit hoek en middenpilaster met als vlakversiering behandelde paneelen er tusschen. De kroonlijst van elk der gelc"
OV_1927,1927,1220,0,volcanic,tephra,tephra/ash/tuff,asch,,,location+material+volcanic,3,Ook bier is de oogst tamel^k groot: steenen beelden tot een totaal van 5 en bronzen stukken tot een totaal van 2 kunnen op grond van de in den inventaris gevonden gegevens als afkomstig van de Jogjasche collectie worden aangewezen. Het zijn : Steen : a. h. c. d. t. Brons : /. 9-
OV_1928,1928,98,0,volcanic,ijen,Ijen,ijen,,,site+volcanic,2,"Ofschoon we het monument met de grootste piSteit hopen te behandelen en het invoegen van nieuwe stukken zooveel mogelgk vermeden zal worden, toch zal er op verscheidene plaatsen niet aan te ontkomen zijn, omdat vele steenen totaal verbrij- zeld zijn. Gelukkig kan het vervangen op een hoogst enkele uitzondering na zonder beschadiging van de sculpturen of de geomamenteerde partijen uitgevoerd worden. In hoofdzaak gaat het om vlakke lijsten, posten, pilasters, enz."
OV_1928,1928,140,0,volcanic,ijen,Ijen,ijen,,,,1,"Van de dagobs kan gezegd worden dat er in totaal 9 stuks geweest zijn en niet, zooals op de teekeningen van IJzerman is aangegeven, 6. Er zijn drie rijen van drie, dit bleek duidelijk uit de afteekeningen van de plinten van deze dagobs op de bovenste laag van de dakgeleding."
OV_1928,1928,146,0,volcanic,dieng,Dieng,Dieng,,,material+volcanic,2,"Den 5den Februari begaf hij zich naar het Dieng-plateau, in opdracht van den Adj. Bouwk. Inspecteur, naar aanleiding van een onderzoek inzake diefstal van eenige beeldfragmenten waarover reeds een uitvoerig rapport is ingediend aan den Adj. Bouwk. Inspecteur. Op den 9den dezer was rapporteur weer 's avonds te Jocja terug."
OV_1928,1928,178,24,volcanic,tephra,tephra/ash/tuff,asch,,,location+volcanic,2,"Men vergelqke het artikel van Dr. W. F. Stutterheun „A Javanese Period in Sumatran History (Solo, 1929) en ook mqn artikei ,,De eenheid der Mataramsche djrnastie"" in den Feest- bundel van het Koninklijk Bataviaasch Genootschap."
OV_1928,1928,183,0,volcanic,tephra,tephra/ash/tuff,asch,,,location+volcanic,2,"In diens opvolgers (Oaksa, Wawa, Tlodong) hebben w^ den ook Javaansche vorsten te zien, die over geheel Java, van Kedoe tot Malang regeerden, waarb^ hun Oost-Javaansche afkomst steeds duidelqker naar voren treedt totdat Sindok, met erkenning ook van zijn Mataramsche afkomst, begon met in het Soerabajasche zgn koninklqken kraton te plaatsen. Hierbij werd Midden-Java echter niet ontvolkt, naneven en bloedverwanten uit de Mataramsche linie bleven daar hun kratons (poeri’ s) bewonen ; aanvankelijk w"
OV_1928,1928,242,0,volcanic,tengger,Tengger,Tengger,,,location+volcanic,2,"Gedeeltelgke wand van de bruidskamer (terraszgde) met oude Palembanglamp, kristallen (Engl.) lamp. 9268 tt ! II 1 id. Hoekstijl en toegang naar de bruids- 1 kamer. 9269 $p >1 id. Binnenwand (rechts) van de bruidskamer. 9270 II II id. Toegangsdeur naar de bruidskamer. 9271 „ 8-ll-'28 Wanatara 1 Tengger (distr.) afd. Probolinggo (Pasoeroean)."
OV_1928,1928,555,0,volcanic,mountain,Mountain reference,Goenoeng Kawi,Kawi,,location+material+site+volcanic,4,"Enkele oudbeden waren in het Pedjengsche na de vorige bezoeken gesigna- leerd, ongetwijfeld tengevolge van de vermeerderde belangstelbng daarvoor bg BabSrs zoowel als Europeanen. Zoo werden ten Zuiden van de poera Goa Gadjab eenige Buddba-beeldenaangetroffen uit een zeeroudeperiode, waarvan ondergeteekende eerst tbans kennis kreeg. Opmerkzaam geworden op de omgeving, ontdekte deze dan ook spoedig nog enkele andere bgzonderbeden, o. a. een helaas van de rots afgebroken en in stukken neergestort m"
OV_1928,1928,638,259,volcanic,tephra,tephra/ash/tuff,asch,,,location+volcanic,2,Vandalisme. Bataviaasch Nieuwsblad van Donderdag 29 Januari 1925 (le blad).
OV_1928,1928,670,0,volcanic,tephra,tephra/ash/tuff,asch,,,location+volcanic,2,Makassar. Oudheidk. Verslag over het derde kwartaal 1921. Bijl. C. Biz. 139. Brieven uit de Groote Oost. Makassar. (Van een specialen medewerker). Bataviaasch Nieuwsblad 17 November 1928.
OV_1928,1928,1017,0,volcanic,tephra,tephra/ash/tuff,asch,,,,1,"In de nabijheid van andere Goasche vorstengraven bg de oude hoofdstad Goa ligt dit graf, dat zeer verwaarloosd is. Lilleraluur :"
OV_1928,1928,1087,0,volcanic,tephra,tephra/ash/tuff,asch,,,location+volcanic,2,"AVilliam Thom. Memoir of the Conquest of Java, enz. 1816. Biz. 339. Bataviasche Courant No. 17 van 28 April 1821."
OV_1928,1928,1125,0,volcanic,tephra,tephra/ash/tuff,ASCH,,,location+material+volcanic,3,"Hangt in bet omamentshuis van het district, vermoedelijk afkomstig van het blokhuis Defensie. Brons, fraai gemodelleerd, zonder inscriptie. Lilleraluur. Als boven. X. ONDERAFDEELING BALANGNIPASCHE EN BINOEANGSCHE BENEDENLANDEN. HOOFDPLAATS BALANGNIPA. 1. Fort Balangnipa."
OV_1928,1928,1346,0,volcanic,mountain,Mountain reference,Goenoeng Gangs,Gangs,,material+site+volcanic,3,"V oorts werden bezocht de tempels Toempang, Kidal, Singasari, Goenoeng Gangs! r, Djaboeng en Djedoeng. Deze tempels waren min of meer begroeid en moeten weer schoongemaakt worden. Op het Singasari- terrein werd van het mooie spuier-beeld een fragment gemist."
OV_1928,1928,1348,0,volcanic,mountain,Mountain reference,Goenoeng Gangs,Gangs,,,1,"(Vierde kwarlaal). Door den opzichter werden nagezien en schoongemaakt de tjandi’s Pari, Goenoeng Gangs! r, DJaLoeng, Kedaton, Toein-"
OV_1928,1928,1391,0,volcanic,tephra,tephra/ash/tuff,asch,,,location+volcanic,2,"Globale verkenningen werden gehouden in Toeban, de Soerabajasche Noord- kustdistricten, Babad, Ngimbang, Kabooh, Lamongan, Kemlagi, Kedamejan, Goe- moelan, Drioredjo, Bangsri en den geheelen omtrek van het Beneden-Brantasbekken, benevens het Djombangsche, Soerawana, Tegowangi en Kediri. Eerlang zuUen het Blitarsche en het Malangsche aan de beurt moeten komen."
OV_1928,1928,1391,0,volcanic,lamongan,Lamongan,Lamongan,,,location+volcanic,2,"Globale verkenningen werden gehouden in Toeban, de Soerabajasche Noord- kustdistricten, Babad, Ngimbang, Kabooh, Lamongan, Kemlagi, Kedamejan, Goe- moelan, Drioredjo, Bangsri en den geheelen omtrek van het Beneden-Brantasbekken, benevens het Djombangsche, Soerawana, Tegowangi en Kediri. Eerlang zuUen het Blitarsche en het Malangsche aan de beurt moeten komen."
OV_1928,1928,1441,0,volcanic,tephra,tephra/ash/tuff,asch,,,,1,"De in het Artha^astra voor den kratonbouw gegeven voorscliriften, die in zoo menig opzicht op Java werden gevolgd, bepalen, dat het op deze plaats centraal in het Koningsverblijf gelegen gebouw een schatkamer moet zgn. Hiermede is het gevondene niet in str^d. Het was dan tevens een bijzetplaats van vorstelgke asch op de plaats, waar de heilige rgksinsigniSn bewaard kunnen zgn, en was — naar Wardenaar reeds mededeelt — door een buiten om het (de) terras(sen) omloopende gracht omringd."
OV_1928,1928,1493,0,volcanic,mountain,Mountain reference,Goenoeng Kawi,Kawi,,material+site+volcanic,3,"Over de tempelwijding te Sebatoe : „Deze tempel keet, evenals de meer bekende bq Tampak Siring, Goenoeng Kawi. Naast deze tempel is een beilige bron met vqver. In ket midden van dezen vgver staat een godenbuisje (bal^). Dit nu was pas kernieuwd en het gold tkans de plechtige inwijding hiervan. — Hiertoe werd bij fakkellicht een processie rond dit bouwwerk in het water verricht, en op versckillende magisch essentieele punten werden offers gelegd, bestaande uit de „5 metaien” (goud, zilver, koper,"
OV_1928,1928,1537,0,volcanic,mountain,Mountain reference,Goenoeng Sebari,Sebari,,location+volcanic,2,"Op bladz. 94 en 95 van bet O. V. 1923 werden de plaatsen bier te lande vermeld, waar Mr. P. C. Bloys van Treslong Prins naar aanleiding van bet Gouv. Besl. van 16 September 1920 No. 49 de grafscbriften, Europeanen betreffend, tot October 1923 bad verzameld. Deze bescbrijvingen, welke wegens afwezigbeid van den beer Prins van 1923 — 1925 werden gestaakt, werden in 1925 bervat en „sinds dien”, scbrijft genoemde beer, „zijn ook de grafscbriften in de navolgende plaatsen door mij geregistreerd : Noo"
OV_1928,1928,1538,0,volcanic,ungaran,Ungaran,Oengaran,,,,1,"De beer A. H. RIJKSE verzamelde voor mij de grafscbriften te Ambarawa (2), Oengaran (5), Rembang (2), Japara, Joeana, Koedoes, Salatiga, Langsee (Pati) Klaling en Tandjong Modjo (Koedoes) ; de beer J. C. van Harencarspel bracbt voor mij uit de Minabassa mede de grafscbriften van Menado, Amoerang, Kema, Posso, Taroena en Beo; de beer V. I. VAN DE WALL verzamelde voor mg de opschriften te Djeneponto, Bontbain, Boeloecomba, Watampone, Pampanoea, Segeri, Maros, Singkang, Saleyer, Baoe-Baoe en Pare-P"
OV_1928,1928,1557,0,volcanic,merbabu,Merbabu,Merbaboe,,,material+volcanic,2,"Oorkonde van 1371 Qaka, gevonden op den Merbaboe. (Catalogus Juynboll pag. 229). 10020 ” i Afkomstig uit de"
OV_1928,1928,1608,0,volcanic,tephra,tephra/ash/tuff,asch,,,material+volcanic,2,"Van den door de beeldhouwers gevolgden tekst, den Gandavyuha, bestond geen uitgave, zoodat Krom aangewezen was op de raadpleging van twee onvolledige inhoudsopgaven van het werk, onderscheidelijk van Rajendralala Mitra en van Haraprasad CPastrl, aan de hand waarvan hij er in slaagde een groot gedeelte van de reliefreeks bevredigend te verklaren. „De Gandawyoeha — aldus Krom's kort overzicht van den inhoud — is gewijd aan 's menschen rusteloos streven naar het hoogste heil. Het is het verhaal der"
OV_1928,1928,1614,0,volcanic,ijen,Ijen,ijen,,,,1,"Zoo stonden de zaken toen prof. Sylvain Levi, tijdens de afwezigheid van schrgver dezes met buitenlandsch verlof, Java bezocht en de wd. Chef van den Oudheidkundigen Dienst, Dr. P. V. van Stein Callenfels, diens meening over de interpretatie van de hoogste gaanderijen aan de hand van den Gandav 3 ’uha vroeg-"
OV_1928,1928,1659,0,volcanic,ijen,Ijen,ijen,,,material+volcanic,2,"We kunnen dit ook zoo formuleeren, dat de wgze van illustreeren, die op de lagere gaanderijen op teksten als de Lalitavistara en de AvadSna- en Jstaka>cycli was toegepast, ook op de boogere gaander^en b^ bet in beeld brengen van den Gandavyuba in praktijk is gebracbt."
OV_1928,1928,1678,0,volcanic,ijen,Ijen,ijen,,,material+volcanic,2,"Staat tegenover vele bladzijden tekst van de Buddha-Iegende 4^n relief, zoo staan omgekeerd tegenover 44n regel tekst van den Gandavyuha soms tientallen reliefs op de hoogere gaanderijen. Kan hieruit reeds blijken hoeveel beteekenisvoller en inboudsrgker de eerste vergeleken bij de laatste zgn, zoo is in bet bovenstaande tevens de verklaring gegeven van bet opmerkelijke feit, dat bet terugvinden van den tekst, die den beeldbouwers voor de boogere gaandergen tot leidraad beeft gediend, voor ettel"
OV_1928,1928,1683,0,volcanic,ijen,Ijen,ijen,,,,1,"Door teleurstelling ook over de beperkingen, die den kunstenaars zoowel in de keuze als in de verdeeling van de stof zijn opgelegd en die de oorzaak zijn geworden, dat het geestelijk gehalte der voorstellingen aan de hoogere gaanderijen een vergelgking met dat der lagere omgangen niet kan doorstaan."
OV_1928,1928,1708,411,volcanic,ijen,Ijen,ijen,,,material+site+volcanic,3,"opgaan ^). Het doel van onzen verkenningstocht achten wi; bereikt, wanneer zal zijn aangetoond, 1° dat het laatste gedeelte van den GandavyOha door de beeldhouwers voor de verluchting van de hoogere gaanderijen van het heiligdom is gevolgd en 2 ° de door hen gebruikte tekst, afgezien van enkele verschillen van geringe beteekenis, gelijk was aan de ons bekende redactie van het werk."
OV_1928,1928,1737,0,volcanic,ijen,Ijen,ijen,,,site+volcanic,2,"Op 128 troont Maitreya — kenbaar aan den stupa in den makuta — in een torana op een lotuszetel. „Links en rechts — aldus Krom, o.c. p. 524 — zitten in drie rijen boven elkaar de vereerders uitsluitend mannen ; daar er geen wolken aangebracht zijn, behalve langs het dak van het gebouw, bl^kt niet in hoeverre er"
OV_1928,1928,1797,422,volcanic,tephra,tephra/ash/tuff,asch,,,,1,"(god) SuyamadevSdhipati den scliepselen de deugd van bet bhfltaschap schilderde; eldere boe b^ als Santusitadevegvara, nog slecbts aan iin wedcrgeboorte gebonden, den oorsprong van de deugden der bodbisatva's uiteenzette; elders boe b^ als Sunirmittadevaraja in de vergadering der goden bet samenstel der figuren van alle bodbisatva’s (sarvabodbisatvanirmanavyuba) vertoonde; hoe b^ elders als Va^avartti- devaraja aan de alle plichten vervullende goden de vertoonde ; elders boe"
OV_1928,1928,2029,0,volcanic,tengger,Tengger,Tengger,,,location+site+volcanic,3,"Als voor vele andere tempels is ook de plaats voor tjandi Badoet door de stichters met zorg gekozen. Van Malang komende, verlaat men bij de dessa Dinojo den grooten weg, die naar Batoe loopt, en begeeft zich in ZuideUjke richting tot aan de dessa Karangasem; daama voortgaande in Westelijke richting komt men tenslotte na oversteking van de rivier den Metro in de kampong Badoet. Even ten Zuid-W^esten van deze dessa liggen de ruXnes van het tempelcomplex. Van het tempelplein, gelegen op den rug van"
OV_1928,1928,2232,0,volcanic,slamet,Slamet,slamet,,,material+volcanic,2,"Inscriptie op een vierkant zuiltje, afkomstig uit Kanten, Ponorogo. (D 79 Museum). Op iedere zijde 4^n woord in gefigureerd schrift; het bovenste deel is verdwenen, en daardoor is het niet mogelijk een zin uit de inscriptie te lezen; de inhoud is wel eenigszins zonderling, en sch^nt betrekking te hebben op koken of iets dergelijks (misschien de toebereiding van een slametan). Afteekening aldus; voorzii (g ^ G® (oyiD"
OV_1928,1928,2249,0,volcanic,lawu,Lawu,lawu,,,,1,(boven de sSngkala>teekening) : lawu (?) sang bataroh ]] ]] (onder de sSngkala-teekening) : kSbidba^ah (?) ngara ni^ pu danamrta mula pajarj(?) nira sang bapa bbasabi(?) dana^).
OV_1928,1928,2251,0,volcanic,lawu,Lawu,Lawu,,,material+volcanic,2,"de eerste letter is zeer beschadigd, en vrijwel onleesbaar; naar de tweede is duidelqk wu; aangezien bet beeld van den Lawu afkomstig is, Igkt bet mij waar- schijnlijk dat we bier lawu moeten lezen. ®) Op deze beide plaatsen staan een paar teekens, die waarschijnlijk slechts sluit- teekens zijn: ^ Q De beteekenis is mij niet geheel duide, ijk; bet beeld sch^nt gewqd of gescbonkente"
OV_1928,1928,2251,0,volcanic,lawu,Lawu,lawu,,,material+volcanic,2,"de eerste letter is zeer beschadigd, en vrijwel onleesbaar; naar de tweede is duidelqk wu; aangezien bet beeld van den Lawu afkomstig is, Igkt bet mij waar- schijnlijk dat we bier lawu moeten lezen. ®) Op deze beide plaatsen staan een paar teekens, die waarschijnlijk slechts sluit- teekens zijn: ^ Q De beteekenis is mij niet geheel duide, ijk; bet beeld sch^nt gewqd of gescbonkente"
OV_1928,1928,2270,540,volcanic,ijen,Ijen,ijen,,,,1,"*) Elen andere vraag is, of de sSngkSla: paksa-tunggal-sa-bumi { — kadiri) ook nog andere beteekenis dan als jaartal heeft en wellicht op eenheid van partijen of gezindten in het geheele rijk duidt."
OV_1928,1928,2333,547,volcanic,ijen,Ijen,ijen,,,,1,"swasti asid raja brdha ^rlh prathita prtu ya^a d. w. z. er was een koning, gelukkig gedijend, wiens roem wijd verbreid was."
OV_1928,1928,2379,0,volcanic,mountain,Mountain reference,Goenoeng Kekep,Kekep,,location+material+volcanic,3,Inscriptie op den buik van een beeld afkomstig van Goenoeng Kekep (Malang). (Foto O. D. 6974).
OV_1928,1928,2404,0,volcanic,tephra,tephra/ash/tuff,ASCH,,,location+material+volcanic,3,"Op de keerzgde van het lemmer ziet men: le een aapachtige figuur met een kroon, rijdend op een olifant (misschien Soegriwa?)- 2e een panakawan-achtige figuur. 5e een boom. een asceet (blijkens zijn haardracht)^ 5e een open pendopo, waarboven twee in elkaar gedraaide takken schijnen uit te steken. 6e een ster. 7e waarschijnlijk dezelfde figuur als de bovenste op de voorzijde van het lemmer. BIJLAGE L AANWINSTEN VAN DE ARCHEOLOGISCHE VERZAMELING VAN HET KON. BATAVIAASCH GENOOTSCHAP DOOR Dr. K. C. "
OV_1928,1928,2426,0,volcanic,tephra,tephra/ash/tuff,asch,,,location+volcanic,2,"In 1929 zond de heer Hermes, Hoofd der H. I. S. te Banjoewangi een schrijven hieromtrent aan den O. D., met foto’s der voorwerpen; daarna zijn deze naar het Bataviaasch Museum overgebracht."
OV_1928,1928,2430,560,volcanic,ijen,Ijen,ijen,,,,1,"De pul in zijn geheel stelt een berg voor, waarvan de rotspartijen gevormd worden door de Garuda-koppen met hun „mutsen’' en de volutenreeksen, terwijl de verticale lijnen boomen weergeven. Het deksel van de pul, de top van den berg dus, vertoont een vlamornament, zooals men ook aan den Cintamani, den wenschedelsteen, aantreft."
OV_1928,1928,2437,0,volcanic,ijen,Ijen,ijen,,,,1,Rel. II’ li hS. Rc hei’rijdin^ luin ija’aiiijenen ml Oe (ja'an^enid. Rcl. IP’ B 21. De i’crloMing luin .iltiiwn ml de jltwernij.
OV_1928,1928,2461,0,volcanic,tephra,tephra/ash/tuff,asch,,,location+volcanic,2,"L. Aanwinsten van de Archeologische verzameling van bet Bataviaasch Genootacbap, door Dr. K. C. Crucq 286 LUST DER PLATEN"
OV_1929,1929,13,4,volcanic,tephra,tephra/ash/tuff,asch,,,location+material+volcanic,3,Elen portretbeeld der Rajapatni in het Bataviaasch Museum? 219
OV_1929,1929,15,5,volcanic,tephra,tephra/ash/tuff,asch,,,location+material+volcanic,3,De gouden schelp in de schatkamer van het Bataviaasche Museum 225
OV_1929,1929,42,0,volcanic,ijen,Ijen,ijen,,,,1,",, 15. Id. Paneel met ornament van gestijleerde rotspartijen. „ 16. Id. a. Badplaats. b. Lotusdecors."
OV_1929,1929,53,0,volcanic,ungaran,Ungaran,Oengaran,,,,1,"Bandoeng, b, c en <?. Bronzen doos in het bezit van den heer E. W. van Orsoy de Flines te Oengaran. „ 27. Musicologisch onderzoek op Nias."
OV_1929,1929,107,0,volcanic,lahar,lahar/mudflow,lahar,,,location+site+volcanic,3,"De werkzaamheden te Panataran waren nog niet Iang beSindigd, toen de uitbarsting van de Gg. Kloet plaats had (19 — 20 Mei 1919) en in het werkpro- gramma voor Oost-Java wijziging bracht. De voorgenomen herstellingen van bouw- werken werden voorloopig opgeschort en de ontgraving van de door de lahar-stroom blootgewoelde overblijfselen van de tjandi Soembernanas ter hand genomen *). Van de in bouwkundig opzicht niet onbeduidende resultaten van dezen arbeid gaf de executant een heldere en nauwkeuri"
OV_1929,1929,107,0,volcanic,eruption,eruption event,uitbarsting,,,location+site+volcanic,3,"De werkzaamheden te Panataran waren nog niet Iang beSindigd, toen de uitbarsting van de Gg. Kloet plaats had (19 — 20 Mei 1919) en in het werkpro- gramma voor Oost-Java wijziging bracht. De voorgenomen herstellingen van bouw- werken werden voorloopig opgeschort en de ontgraving van de door de lahar-stroom blootgewoelde overblijfselen van de tjandi Soembernanas ter hand genomen *). Van de in bouwkundig opzicht niet onbeduidende resultaten van dezen arbeid gaf de executant een heldere en nauwkeuri"
OV_1929,1929,107,0,volcanic,kelud,Kelud,Kloet,,,location+site+volcanic,3,"De werkzaamheden te Panataran waren nog niet Iang beSindigd, toen de uitbarsting van de Gg. Kloet plaats had (19 — 20 Mei 1919) en in het werkpro- gramma voor Oost-Java wijziging bracht. De voorgenomen herstellingen van bouw- werken werden voorloopig opgeschort en de ontgraving van de door de lahar-stroom blootgewoelde overblijfselen van de tjandi Soembernanas ter hand genomen *). Van de in bouwkundig opzicht niet onbeduidende resultaten van dezen arbeid gaf de executant een heldere en nauwkeuri"
OV_1929,1929,112,14,volcanic,kelud,Kelud,Kloet,,,location+site+volcanic,3,"jaar nam hij de kleine tjandi Papoh x ) onder handen, trof hij de noodige voorzieningen aan de tjandi Sanggrahan 2 ), werd de behandeling van tjandi Soemberdjati voortgezet en beSindigd 8 ) en de badplaats Belahan 4 ) met de daarbij gelegen monumenten h erst eld. In November volgde zijn overplaatsing naar Kediri en opende zich weer een nieuw terrein voor zijn werkzaamheid in de herstelling van de tjandi’ s Soerawana *), Tegawangi 6 ) en Gambar *) (op den Kloet)."
OV_1929,1929,125,17,volcanic,lava,lava,lava,,,,1,"x ) 0. V. 192 7 I/II p . 13; III/IV p. 91. *) 0. V. 1926 III/IV p, 134, 136; 192/ l/II p. 12, III/IV 91, 93; 1928 I/n p. 10; Een byUmpel van Ijandi Sewoe, Feetlbundel K. B. G. 1929 p. 207. *) Zie 0. V. 1927— ’30 onder Midden-lava. *) 0. V. 1929 p. 130. 8 OUDHEIDKUNDIG VERSLAG 1930"
OV_1929,1929,211,0,volcanic,ijen,Ijen,ijen,,,,1,"Ook de gana-fries wordt boven door een forsche deklijst afgesloten. Merkwaardig is, dat de lijst telkens tusschen de nispartijen onderbroken wordt, zoodat de bekronende klokken al direct boven de gana-fries vrij komen te staan, foto’s nos. 10387, 10390 (PL. 3 b en d)."
OV_1929,1929,213,0,volcanic,ijen,Ijen,ijen,,,,1,"In den aanvang wezen we er op, dat de zijwanden van de voorsprongen niet door een, maar door twee klokken zijn bekroond. De lange gana-fries wees reeds in deze richting, maar bij het samenstellen van de deklijst werd het zekerheid. Elke normale lijst-lengte heeft 3 antefixen (2 hoek- en 1 midden-antefix). Voor de hoekpartijen zijn 5 antefixen benoodigd (2 hoek- en 2 midden-antefixen). Had elke voorsprong slechts 5 klokken gehad, dan zouden in totaal 4x7 — 28 midden- antefixen noodig zijn. Er zij"
OV_1929,1929,227,0,volcanic,ijen,Ijen,ijen,,,,1,"Zooals we hierboven opmerkten, heeft de bekroning uit drie rijen, ieder van drie dagobs, bestaan. De middelste dagob van de middelste reeks stond in het midden van het dakvlak in het snijpunt van de beide hoofdassen van het bouwwerk. Tenzij hij van een andere structuur was, moet hij vrijwel onzichtbaar zijn geweest. Het grondvlak, foto no. 10421, is even groot als dat van de andere dagobs. Nu is de mogelijkheid niet uitgesloten, dat hij rijziger is geweest, maar daar is geen enkele aanwijzing vo"
OV_1929,1929,231,0,volcanic,ijen,Ijen,ijen,,,,1,Baraboedoer. De herstelling van de vloeren in de verschillende gaan- derijen kwam gereed. Evenals vorige jaren heeft de heer Neijs zijn gewaardeerde medewerking bij de werkzaamheden verleend door het dagelijksch toezicht te houden. Met loffelijke nauwgezetheid heeft hij zich van de vrijwillig op zich genomen plicht gekweten.
OV_1929,1929,239,0,volcanic,ijen,Ijen,ijen,,,site+volcanic,2,"Tjandi Sari. (Tweede kwartaal). D a g o b s. Op foto no. 9734 is te zien dat de dagob op den Noord-Westhoek nog voor een groot gedeelte compleet is. Getracht werd nu met het afgekomen materiaal van de dagobs deze te completeeren. Dit gelukte zoover dat met zekerheid de juiste vorm kon worden vastgesteld. Door den Bouwk. Inspecteur werd nu besloten van de drie rijen van drie dagobs, vier geheel te restaureeren, van de overige vijf, vier gedeeltelijk en een, de middelste 24 OUDHEIDKUNDIG VERSLAG 1"
OV_1929,1929,294,0,volcanic,lahar,lahar/mudflow,lahar,,,,1,"Volgens de Pararaton houdt de aanleg van Madjapahit rechtstreeks verband met de ontginning van de woeste gronden door de lieden van Trik. Kan het zijn, dat een reeds vroeger door Ir. Maclaine Pont geopperde veronderstelling waarheid bevat, en dat men hier moet spreken van een herontginning van door lahars (uit het Zuid-Oosten) en andere bodemwerkingen verwoeste gronden?"
OV_1929,1929,304,0,volcanic,tephra,tephra/ash/tuff,asch,,,location+volcanic,2,De volgende voorwerpen worden opgenomen in de archeologische Verzameling van het Bataviaasch Museum:
OV_1929,1929,321,0,volcanic,ungaran,Ungaran,Oengaran,,,material+volcanic,2,"De heer E. van Orsoy de Flines te Oengaran zond bericht, dat hij in het bezit kwam van een bronzen beeldje van dezelfde soort als de vroeger in het Loemadjangsche gevonden ruiterbeeldjes; van dit beeldje is slechts het paard OUDHEIDKUNDIG VERSLAG 1930 37"
OV_1929,1929,328,0,volcanic,mountain,Mountain reference,Goenoeng Agoeng,Agoeng,,location+material+site+volcanic,4,"Van 16 — 19 werd een tournee gemaakt voor lontar-werk naar BadjrS,, Kram- bitan, Bandjar-Anjar, Blabkioeh. Tevens werd deze reis benut voor een bezoek aan Bali’s grootsten tempel de poera BSsakih, het nationale heiligdom op de Goenoeng Agoeng, hetwelk ik tot op heden nog nimmer bezocht had. Op de doorreis werden verschillende tempels bij Bandjar Angkan en rondom Gianjar bezocht. Voorzoover zij belangrijke gegevens nopens de goden-huisje opleverden, werden zij in plattegrond gebracht, zooals ook "
OV_1929,1929,337,0,volcanic,tephra,tephra/ash/tuff,asch,,,location+volcanic,2,"Op 17 April woonde ik ’s middags te Koeboe Tambahan (Boelel&ng) het mfidtfeng, den feestelijken optocht, op pSngembang x ) twee dagen voor de lijkverbranding bij. Aldaar werd nl. een familielid van den zeer vermogenden poenggawa verbrand, die dit feest nog op de ouderwetsche wijze met veel pracht en staatsie gaf. Twee dagen later was de verbranding (ngaben, pSlSbon) zelve. Twaalf dagen daarna het pgngroras, het brengen van de asch naar zee. In het Boelfclfengsche evenals in het Karangas8msche is"
OV_1929,1929,371,0,volcanic,tephra,tephra/ash/tuff,asch,,,material+site+volcanic,3,"Derde kwarlaal. In dit kwartaal reisde ik behalve voor het gewone lontar- werk ook enkele malen ter begeleiding van gasten. In de eerste plaats ontving rapporteur opdracht den heer Marchal, Conservateur des Monuments d’Angkor van den Oudheidkundigen Dienst in Indochine rond te leiden. Later werd hem namens den Resident verzocht de leden van den Volksraad te vergezellen gedurende hun tournee, daarna den Directeur van Binnenlandsch Bestuur bij diens bezoek aan de Gianjasche oudheden."
OV_1929,1929,374,62,volcanic,mountain,Mountain reference,Goenoeng Sari,Sari,,material+volcanic,2,"engeren zin, in de poerS. Goenoeng Sari te A n t o e g a n nl. 44n vrouwenbeeld, 44n ganega, iin zeer geschonden beeld."
OV_1929,1929,379,0,volcanic,ijen,Ijen,idjen,,,material+site+volcanic,3,"20 — 23 Augustus. Van de vele bjkverbrandingen, thans in Zuid-Bab, woonde ik bij de voorbereiding te Krobokan, waar onder de talrijke wadah’s 4£n opviel door fraaie bewerking, nl. met afbeeldingen uit de dierfabels (Tantri-verbalen), die k jour uitgesneden waren uit karton, waarop goudpapier (prasban) geplakt was. Tevens bezichtigde ik den tempel van Gadji, in de onmiddelbjke nabijheid; dit is een geheel uit gewapend beton opgetrokken poera; buitengewoon grof zijn beelden, muurornamenten, poortg"
OV_1929,1929,411,0,volcanic,ijen,Ijen,ijen,,,material+volcanic,2,"In de decoratie van de medaiiions onderseheiden we een in vele variaties voorkomend vlecbtpatroon dat op de dooreenstrengelingen van Arabische karakters gefnspireerd schijnt (PI. 21 b — c) en daarnaast een tweetal aan de Hindoe-Javaansche kunst ontleende motieven: dierfiguren met waaiervormig ontplooide staart, omgeven door van de Panataransche reliefs bekende vlakvullingen (PL. 19), en lotusbloemen, -ranken en -vrucbten, die tot een zeer decoratief ornament gestyleerd zijn. Hetmoet onmiddellijk"
OV_1929,1929,413,69,volcanic,ijen,Ijen,ijen,,,location+material+volcanic,3,"Balischen trant; daarachter de vijver met rotspartijen en allerlei waterplanten; in het midden de bale kambang, een vierkant torentje met waterspuwende makara's op de hoeken, dragend een bale van eigenaardige constructie (PI. 16a). We wijzen eindelijk nog op een tweetal voorstellingen waarop niet de lotus, maar een land- schap is uitgebeeld. De stoffeering wordt bier gevormd door een zestal op stereotiep Oost-Javaansche wijze aangegeven rotspartijen, waarvan er een op den achtergrond, de andere "
OV_1929,1929,413,69,volcanic,ijen,Ijen,ijen,,,location+material+volcanic,3,"Balischen trant; daarachter de vijver met rotspartijen en allerlei waterplanten; in het midden de bale kambang, een vierkant torentje met waterspuwende makara's op de hoeken, dragend een bale van eigenaardige constructie (PI. 16a). We wijzen eindelijk nog op een tweetal voorstellingen waarop niet de lotus, maar een land- schap is uitgebeeld. De stoffeering wordt bier gevormd door een zestal op stereotiep Oost-Javaansche wijze aangegeven rotspartijen, waarvan er een op den achtergrond, de andere "
OV_1929,1929,420,0,volcanic,lava,lava,Lava,,,site+volcanic,2,"..Djapara, Kalinjamat en Dfimak werden reeds door prof. Veth terecht thuis gebracht. De belangrijke toevoeging omtrent „Cerinham£” . — of „Cherinhami” zooals Lavanha spelt — dat deze hoofdstad in het zeerijkje Djapara drie mijlen („tres legoas’’), d. i. dus 3 X 6350 M. (mijlen, van 17% op 1 graad), of ongeveer 1 2% paal naar binnen toe was gelegen, doet het met voile zekerheid herkennen; immers de heusche afstand der ruinen van „het historisch merkwaardige Kali Njamat, eenmaal de zetel der Djapa"
OV_1929,1929,420,0,volcanic,tephra,tephra/ash/tuff,asch,,,site+volcanic,2,"..Djapara, Kalinjamat en Dfimak werden reeds door prof. Veth terecht thuis gebracht. De belangrijke toevoeging omtrent „Cerinham£” . — of „Cherinhami” zooals Lavanha spelt — dat deze hoofdstad in het zeerijkje Djapara drie mijlen („tres legoas’’), d. i. dus 3 X 6350 M. (mijlen, van 17% op 1 graad), of ongeveer 1 2% paal naar binnen toe was gelegen, doet het met voile zekerheid herkennen; immers de heusche afstand der ruinen van „het historisch merkwaardige Kali Njamat, eenmaal de zetel der Djapa"
OV_1929,1929,421,0,volcanic,tephra,tephra/ash/tuff,asch,,,,1,"Veth teekent nog aan „Tusschen Majang Lor en den post Krasak, 5 palen verder, passeert men het historisch merkwaardige Kali Njamat, eenmaal de zetel der Djaparasche vorsten, een plaats die wellicht een opzettelijk onderzoek naar de sporen van vroegere grootheid zou waardig zijn”. We laten nu den heer L. zelf aan het woord *): „Het belangrijkste der oude berichten is wel, dat hierdoor eenig houvast verkregen wat betreft de plaats, waar de oude kraton vroeger zoo ongeveer gelegen moet hebben. De b"
OV_1929,1929,424,0,volcanic,tephra,tephra/ash/tuff,asch,,,location+material+volcanic,3,"Te D e m a k bezochten wij in gezelschap van den Assistent-Resident, den heer A. R. Holwerda, de moskee, op de bovenverdieping waarvan werd aangetroffen een gaaf model van de oude moskee van voor de restauratie in 1848. Er zal moeite worden gedaan dit voor de architectuur van den overgangstijd niet oninteressante voorwerp voor het Bataviaasch Museum te verwerven. In de muren van de soerambi van hetzelfde gebouw zijn een aantal Chineesche tegels ingemetseld — waarschijnlijk van de oude moskee afk"
OV_1929,1929,443,0,volcanic,tephra,tephra/ash/tuff,asch,,,site+volcanic,2,"met de Vereeniging „Bandasche Belangen” te Neira in persoonlijk overleg worden getreden aangaande de herstelling van het fort Belgica. Achtereenvolgens werden bezocht Ambon, de kustvan Hitoe, Manipa, Saparoea, Namlea, Kajeli, Gesser, Keffing, Wahaai, Sanana, Ternate, Dodinga (Halmaheira), Ngofakioha (Makjan), Tidore, Batjan, Banda-Neira, Gg. Api, Lonthoir en P. Ay. Over het algemeen bleek dat de oudheden op de grootere plaatsen zich in goeden staat bevonden, doch ^it was niet het geval met die i"
OV_1929,1929,445,0,volcanic,tephra,tephra/ash/tuff,asch,,,site+volcanic,2,"Wat de Vereeniging ..Bandasche Belangen” betreft, opgericht op 14 November 1927, werd op verzoek van verslaggever een bestuursvergadering belegd en de toestand der Bandasche oudheden en de restauratie van het fort Belgica besproken in verband met het bedrag / 50.000.— haar toegewezen door de Ind. Regeering uit te houden loterijen. Van dit bedrag zou een som van / 20.000. — worden. besteed tot herstel en restauratie van de Bandasche oudheden. Van het resteerende ad f 30.000. — moet een fonds word"
OV_1929,1929,445,0,volcanic,tephra,tephra/ash/tuff,asch,,,site+volcanic,2,"Wat de Vereeniging ..Bandasche Belangen” betreft, opgericht op 14 November 1927, werd op verzoek van verslaggever een bestuursvergadering belegd en de toestand der Bandasche oudheden en de restauratie van het fort Belgica besproken in verband met het bedrag / 50.000.— haar toegewezen door de Ind. Regeering uit te houden loterijen. Van dit bedrag zou een som van / 20.000. — worden. besteed tot herstel en restauratie van de Bandasche oudheden. Van het resteerende ad f 30.000. — moet een fonds word"
OV_1929,1929,445,0,volcanic,tephra,tephra/ash/tuff,asch,,,site+volcanic,2,"Wat de Vereeniging ..Bandasche Belangen” betreft, opgericht op 14 November 1927, werd op verzoek van verslaggever een bestuursvergadering belegd en de toestand der Bandasche oudheden en de restauratie van het fort Belgica besproken in verband met het bedrag / 50.000.— haar toegewezen door de Ind. Regeering uit te houden loterijen. Van dit bedrag zou een som van / 20.000. — worden. besteed tot herstel en restauratie van de Bandasche oudheden. Van het resteerende ad f 30.000. — moet een fonds word"
OV_1929,1929,445,0,volcanic,ijen,Ijen,ijen,,,site+volcanic,2,"Wat de Vereeniging ..Bandasche Belangen” betreft, opgericht op 14 November 1927, werd op verzoek van verslaggever een bestuursvergadering belegd en de toestand der Bandasche oudheden en de restauratie van het fort Belgica besproken in verband met het bedrag / 50.000.— haar toegewezen door de Ind. Regeering uit te houden loterijen. Van dit bedrag zou een som van / 20.000. — worden. besteed tot herstel en restauratie van de Bandasche oudheden. Van het resteerende ad f 30.000. — moet een fonds word"
OV_1929,1929,448,77,volcanic,tephra,tephra/ash/tuff,asch,,,site+volcanic,2,"als de tijd daartoe gekomen is de restauratie uit te doen voeren met behulp van de Genie te Ambon, die reeds een begrooting opmaakte. Door de moeilijkheid om bouwmaterialen te verkrijgen in verband met de afgelegen ligging van Neira alsmede de totale afwezigheid van bouwkundig personeel aldaar, zal de restauratie een kost- bare geschiedenis worden, temeer daar voor den opbouw der tongewelven in de torens van Belgica bet genie-personeel te Ambon niet berekend is. Met toestemming van den Legercomm"
OV_1929,1929,466,80,volcanic,tephra,tephra/ash/tuff,asch,,,material+site+volcanic,3,"met speculatieve doeleinden, Dit unieke stel met fraaie bijbehoorende kist zal te Ambon worden bewaard, totdat de Saparoeasche Kerkeraad deze bistorische stukken beter zal weten te waardeeren. Met genoemden predikant werd in overleg getreden om den grafsteen van Susanna Helena Coyett (1690 — 1724) die buiten op het erf der Herv. kerk ligt, in den vloer binnen de kerk te doen metselen. Tevens werd gewezen op het betreurenswaardige feit dat de fraaie bronzen klok van de *kerk te Hila (Zie O. V. 19"
OV_1929,1929,479,0,volcanic,ijen,Ijen,ijen,,,,1,"Voorts werden nog aangetroffen een graf steen met zoo goed als geheel uit- gewischte letters en wapen, waarvan alleen nog slechts het jaartal 1701 was te ontcijferen en een stuk van een gevelsteen met het jaartal 1693. Het laatste werd in de Controleurswoning gedeponeerd. Het was verslaggever opgevallen dat er zich nog goede exemplaren van Compagniesmeubilair in verscheidene woningen ter hoofdplaats Banda-Neira bevonden. Daar het te betreuren zou zijn als deze meubels vroeg of laat aan toeristen"
OV_1929,1929,495,85,volcanic,mountain,Mountain reference,Goenoeng Sitoli,Sitoli,,,1,"Op 1 April werd Goenoeng Sitoli, de hoofdplaats van Nias, bereikt."
OV_1929,1929,514,0,volcanic,mountain,Mountain reference,Goenoeng Sitoli,Sitoli,,,1,"t Hevige regenval maakte omstreeks den 20sten April de wegen van Centraal- Nias voor autos onberijdbaar en de rivieren ondoorwaadbaar. Zoo moest worden afgezien van een terugtocht over land naar Goenoeng Sitoli via Ldlowaoe, Hilisoliga en de noordelijke landschappen en dit te eer, waar een plotselinge heftige uit- OUDHEIDKUNDIG VERSLAG 1930 71"
OV_1929,1929,520,0,volcanic,tephra,tephra/ash/tuff,asch,,,,1,"Wanneer eerlang de oude Niassche cultuur ook in het Zuiden, gelijk thans reeds in het Noorden, verdwenen zal zijn — een kwestie van wellicht nog een tiental jaren — zou dit groote huis met de bijbehoorende steenen zetels en obelisken ervoor, zooals het daar gelegen is als middelpunt en bekroning van de meest karakteristieke en grootste N iassche kampong (met circa 2000 inwoners) op een heuveltop, waarvan- uit men vrijwel het geheele Zuidelijke bergland en de kusten in hun onvergelijke- lijke tro"
OV_1929,1929,523,0,volcanic,mountain,Mountain reference,Goenoeng Sitoli,Sitoli,,,1,"De mij door enkele, in Centraal- en Zuid-Nias aangetroffen, Noord-Niassers gedurende de afgeloopen weken over den zang en de instrumenten van hunne land- schappen verstrekte mededeelingen — alle hierop neerkomende, dat Let noorden de adat verwaarloosd en over het algemeen de oude zangen vergeten heeft — werden door hetgeen ik in Goenoeng Sitoli en te Lah4wa te hooren kreeg, bevestigd. Evenals gedurdhde de eerste dagen van mijn verblijf op het eiland, had ook thans een poging, om van eerstgenoemd"
OV_1929,1929,523,0,volcanic,mountain,Mountain reference,Goenoeng Sitoli,Sitoli,,,1,"De mij door enkele, in Centraal- en Zuid-Nias aangetroffen, Noord-Niassers gedurende de afgeloopen weken over den zang en de instrumenten van hunne land- schappen verstrekte mededeelingen — alle hierop neerkomende, dat Let noorden de adat verwaarloosd en over het algemeen de oude zangen vergeten heeft — werden door hetgeen ik in Goenoeng Sitoli en te Lah4wa te hooren kreeg, bevestigd. Evenals gedurdhde de eerste dagen van mijn verblijf op het eiland, had ook thans een poging, om van eerstgenoemd"
OV_1929,1929,524,0,volcanic,mountain,Mountain reference,Goenoeng Sitoli,Sitoli,,,1,"Op 1 Mei werd Goenoeng Sitoli voor het laatst den rug toegekeerd; te Lahewa aangekomen, deed ik nogmaals, met medewerking van den aldaar wonenden inheem- schen goeroe een poging den zang uit die streek te leeren kennen, evenwel ook thans weer met negatief resultaat in zooverre, dat men mij zeide, dat oude menschen daar nog wel enkele liederen kenden, met name Hoho, Larija, Bolihai en Maina, maar deze, als stammende nog uit den ouden heidenschen tijd, liever niet wilden zingen. Ik kreeg dan ook o"
OV_1929,1929,530,0,volcanic,mountain,Mountain reference,Goenoeng Sitoli,Sitoli,,,1,"De Lah^wa'sche goeroe zelf, die van Goenoeng Sitoli afkomstig was en in verschillende deelen van het eiland werkzaam was geweest, deelde mi) verder nog mede, dat de zang van Lahewa vrijwel gelijk was aan die van Centraal-Nias, behoudens kleine nuancen."
OV_1929,1929,541,0,volcanic,tephra,tephra/ash/tuff,asch,,,location+volcanic,2,"De meegebrachte kleine collectie ethnografica is bereids aan den conservator van het Museum van het Bataviaasch Genootschap overhandigd, terwijl de voor het musicologisch archief aangekochte instrumenten ter plaatse opgesteld, de genomen films en foto's reeds ontwikkeld zijn. 12 Mei — 31 Augutlua. Bureau - werkzaamheden."
OV_1929,1929,564,0,volcanic,crater,crater,krater,,,,1,"417 . Door pater Buys, in samenwerking met wien getracht zal worden, sommige phonogrammen electrisch versterkt te doen reproduceeren, in de missie- filmauto, via de weergalooze Keli Moetoe-vulkaan met zijn befaamde gekleurde kratermeeren, naar de pastorie te Djopoe gebracht (71 km.), alwaar door pater Hundler gastvrr) ontvangen — 's avonds reidansen in de maneschijn (gawi); tot bij middernacht phonogrammen genomen op de kerkweide bij 't licht van een zaklantaam, o.m. van een danslied in zuiver c"
OV_1929,1929,630,104,volcanic,tephra,tephra/ash/tuff,asch,,,location+volcanic,2,"melodieSn, een groot aantal foto's, 7 goedgeslaagde films van de verschillende, bij de opgenomen zangwijzen behoorende dansen en een aantal diapositieven. Verder werden enkele ethnografica voor het Museum van bet Bataviaasch Genootscbap medegebracht."
OV_1929,1929,638,0,volcanic,tephra,tephra/ash/tuff,asch,,,,1,"Het archief zag zijn verzamelingen in deze verslagperiode aanmerkelijk zich uitbreiden. Afgezien van de aanwinsten uit Flores, werden ook nog muziekinstru- menten, phonogrammen, foto’s en/of andere gegevens verkregen van Soemba, Alor, Timor, Lombok, Nias en de Soendalanden. De Soendasche aanwinsten mogen hier wel even afzonderlijk worden vermeld. Zij werden verkregen hoofdzakelijk door de medewerking van Raden Adang, die zich veel moeite getroostte voor het verwerven van verschillende instrument"
OV_1929,1929,638,0,volcanic,tephra,tephra/ash/tuff,asch,,,,1,"Het archief zag zijn verzamelingen in deze verslagperiode aanmerkelijk zich uitbreiden. Afgezien van de aanwinsten uit Flores, werden ook nog muziekinstru- menten, phonogrammen, foto’s en/of andere gegevens verkregen van Soemba, Alor, Timor, Lombok, Nias en de Soendalanden. De Soendasche aanwinsten mogen hier wel even afzonderlijk worden vermeld. Zij werden verkregen hoofdzakelijk door de medewerking van Raden Adang, die zich veel moeite getroostte voor het verwerven van verschillende instrument"
OV_1929,1929,794,0,volcanic,ijen,Ijen,ijen,,,,1,"Uiteraard heeft voorts een niet te keeren normal e corrosie plaats door weersinvloeden en de voortdurend wisselende temperatuur. Deze corrosie echter schrijdt klaarblijkelijk buitengewoon langzaam voort; er zijn partijen, waar de materieele achteruitgang in meer dan tien eeuwen niet meer teweeg heeft gebracht dan een geringe verruwing van het steenoppervlak, en een verzachting der scherpe kanten, zoodat daarvan een achteruitgang in meer algemeenen of esthetischen zin"
OV_1929,1929,799,0,volcanic,ijen,Ijen,ijen,,,,1,"Of de vele mechanische beschadigingen van v66r den tijd van Kinsbergen ook aan moedwil zijn toe te schrij ven, valt niet te zeggen. Men bedenke, dat de galerijen zijn opgevuld geweest met afgestorte balustrades, bekroningsstukken, anfce- fixen, enz.; zoowel bij het afstorten als bij het latere opruimingswerk kunnen tallqoze mechanische beschadigingen hebben plaats gevonden. t"
OV_1929,1929,824,0,volcanic,ijen,Ijen,ijen,,,site+volcanic,2,"Asfalteering der vloeren is zeer onesthetisch en de gaanderijen zouden daar- door zoo warm worden, dat bezoek aan het monument, in de late morgen- en in de middaguren voor ongeschoeide voetgangers vermoedelijk bezwaarlijk zou worden. Een waterdichte laag onder de bovenste vloerblokken aanbrengen lijkt zeker mogelijk, doch wordt ongetwijfeld vrij kostbaar. Zooveel te meer zal dit het geval zijn, indien de waterdichte laag ook zou moeten worden aangebracht onder de balustraden, dagobs, enz. welke "
OV_1929,1929,876,0,volcanic,mountain,Mountain reference,Goenoeng toea,toea,,site+volcanic,2,"Den lien reisden wij door naar Padang Sidempoean, waar wij er dank zij de hulp van den Controleur, den heer W. Ph. Coolhaas, aanstonds in slaagden een huurauto machtig te worden om ons langs den slechten, op sommige punten zelfs levensgevaarlijken weg via Pagaroetan naar Goenoeng toea te brengen. De volgende dagen werden besteed aan de bezichtiging van de oudheden in de Padang Lawas, waarbij de demang van Gg. toea ons als gids diende."
OV_1929,1929,919,0,volcanic,tephra,tephra/ash/tuff,asch,,,material+volcanic,2,"D.i. „(de vereerder moet zich Heruku voorstellen) staande op een Ijjk, in de ardhaparyanka-houding *), gehuld in een menschenhuid; het lichaam besmeerd met asch; met in de rechterhand een schitterenden wajra en in de iinkerhand den khatwanga voorzien van een wapperenden wimpel en (ook) een schedelschaal met bloed; zijn bandelier is versierd met een keten van een half-honderd menschenhoofden; zijn kaken zijn door slagtanden een weinig vertrokken, terwijl een geile lust uit zijn bloeddoorloopen oo"
OV_1929,1929,919,0,volcanic,tephra,tephra/ash/tuff,asch,,,material+volcanic,2,"D.i. „(de vereerder moet zich Heruku voorstellen) staande op een Ijjk, in de ardhaparyanka-houding *), gehuld in een menschenhuid; het lichaam besmeerd met asch; met in de rechterhand een schitterenden wajra en in de iinkerhand den khatwanga voorzien van een wapperenden wimpel en (ook) een schedelschaal met bloed; zijn bandelier is versierd met een keten van een half-honderd menschenhoofden; zijn kaken zijn door slagtanden een weinig vertrokken, terwijl een geile lust uit zijn bloeddoorloopen oo"
OV_1929,1929,927,0,volcanic,wilis,Wilis,wilis,,,,1,yeka hetuni sang mahayana sirataki-taki maka buddhi sadhaka. tan sangkeng nara-mangsa tan saka ring ambek anuwukana bho(ga) bhojana. jfianekatwa ginongniran w&nanga ring pati-hurip ika doniralaku. samangkana sireki rakwa hi(ni)dgp jina-pati wPkasing nira ? raya(9). akweh bhSwanireki dudwa ng apayung sirara t8h6r ayo(ga) dharaka. milya ng rah mahamgng titisnya tumibeng hulunira ya tumus tSkeng jaja. antranya wilfitan lalgr wilis aneka ri muka angurambating mata. nda tan simpang ike manahnira suma
OV_1929,1929,942,0,volcanic,mountain,Mountain reference,Goenoeng toewa,toewa,,material+site+volcanic,3,"Van de overblijfselen van de biaro ter hoofdplaats Goenoeng toewa — in de kampong Goenoeng toewa tonga — is nagenoeg niets overgebleven; er liggen eenige hoopen baksteen, waarin geen vorm meer te herkennen is. De beide van hier afkomstige makara’s, die indertijd naar het Controleurserf werden overgebracht, worden daar ter plaatse nog aangetroffen."
OV_1929,1929,942,0,volcanic,mountain,Mountain reference,Goenoeng toewa,toewa,,material+site+volcanic,3,"Van de overblijfselen van de biaro ter hoofdplaats Goenoeng toewa — in de kampong Goenoeng toewa tonga — is nagenoeg niets overgebleven; er liggen eenige hoopen baksteen, waarin geen vorm meer te herkennen is. De beide van hier afkomstige makara’s, die indertijd naar het Controleurserf werden overgebracht, worden daar ter plaatse nog aangetroffen."
OV_1929,1929,944,0,volcanic,mountain,Mountain reference,Goenoeng toewa,toewa,,material+volcanic,2,"De geschiedenis van het Buddhisme in Tapanoeli begint bij het bekende bronzen beeld van bhatara Lokanatha met de inscriptie van 1024 (Mus. Bat. no. 626d), verkregen van den radja van Goenoeng toewa (Inv. no. 84). Naar Krom heeft opgemerkt 3 ) sluit zich het letterschrift der inscriptie geheel aan bij het oud-Javaansche schrift van Midden- Java en is ook de stijl ten nauwste met die van Midden- Java verwant. *) Zie noot p. 137."
OV_1929,1929,950,0,volcanic,merapi,Merapi,Merapi,,,material+site+volcanic,3,Een aanwijzing dat we met de gegeven verklaring op het goede spoor zijn kan in het Tapanoelische letterschrift worden gevonden. Het schrift van de op de Sorik Merapi en bij Porlak Dolok gevonden inscripties is het oud- Javaansche van Midden- Java en doet aan een veel oudere periode denken dan de dateering aangeeft. Na een hernieuwde lezing van het jaartal op het zuiltje van Sorik Merapi (Bat. Mus. D84) kan dit met voile zekerheid op 1294 paka worden gesteld x ); het jaartal van Porlak Dolok las 
OV_1929,1929,950,0,volcanic,merapi,Merapi,Merapi,,,material+site+volcanic,3,Een aanwijzing dat we met de gegeven verklaring op het goede spoor zijn kan in het Tapanoelische letterschrift worden gevonden. Het schrift van de op de Sorik Merapi en bij Porlak Dolok gevonden inscripties is het oud- Javaansche van Midden- Java en doet aan een veel oudere periode denken dan de dateering aangeeft. Na een hernieuwde lezing van het jaartal op het zuiltje van Sorik Merapi (Bat. Mus. D84) kan dit met voile zekerheid op 1294 paka worden gesteld x ); het jaartal van Porlak Dolok las 
OV_1929,1929,953,0,volcanic,merapi,Merapi,Merapi,,,location+site+volcanic,3,"Alhoewel met de mogelijkheid rekening dient te worden gehouden, dat het tan- trisme in zijn extreme vormen vroeger zijn intrede heeft gedaan in Noordelijk Sumatra dan op Oost-Java en in de Minangkabau, zoo pleit toch alles voor de onderstelling, dat een betrekkelijk geTsoleerd gebied als de Padang Lawas er later mede heeft kennisgemaakt dan Java. Op grond van deze overweging zijn we geneigd als vroegsten datum voor de stichting van de biaro’s in de Padang Lawas het begin der regeering van Krtana"
OV_1929,1929,956,268,volcanic,merapi,Merapi,Merapi,,,material+volcanic,2,"*) Naar de heer Coolhaas ons mededeelde, heeft volgens de volksoverlevering de verbinding van de Westkust naar de Oostkust door de Padang Lawas via Siaboe geloopen. Als aan dit bericht vertrouwen mag worden geschonken, hebben waarschijnlijk de in de Padang Lawas gevestigde Buddhisten zich in de 14de eeuw door het lengtedal tusschen het tegenwoordige Padang Sidempoean en Kota Nopan in Zuidelijke richting verplaatst en op de ten Westen van Kota Nopan gelegen Sorik Merapi de sporen van hun aanwezig"
OV_1929,1929,972,0,volcanic,ijen,Ijen,ijen,,,material+volcanic,2,"Nog den 21sten bereikten wij via Kepahiang P a g a r A 1 a m. In de omstreken bezichtigden wij in gezelschap van den demang de voornaamste beeld- houwwerken, waarvan Westenenk in het Oudh. Verslag van 1922 een uitvoerige beschrijving heeft gegeven, waaraan onzerzijds niets behoeft te worden toegevoegd 2 ). Rechts van den weg naar Boemi agoeng even boven de doesoen Pager Din en ongeveer een kwartier gaans van de door Westenenk op pi. 22b van zijn artikel afgebeelde hoekneuten troffen wij rechts v"
OV_1929,1929,982,274,volcanic,mountain,Mountain reference,Goenoeng Mabanuroe,Mabanuroe,,,1,"*) Boekit Segoentang en Goenoeng Mabanuroe uil de Sedjarab Melajoe, T. B. G. LX11L 1923, p. 218."
OV_1929,1929,993,0,volcanic,ijen,Ijen,ijen,,,material+site+volcanic,3,"Van het derde beeld, Maitreya voorstellend, hoog 23 c.M., is de rechterarm geheel en de linkerarm tot de elleboog afgebroken; aan de buitenzijde van den rechter bovenarm is nog een stuk van een lotusstengel zichtbaar; aan de houding van de dijen is te zien, dat de bodhisattwa in zittende houding, waarschijnlijk in lalitasana, is voorgesteld; hooge jatamakuta met nis, waarin een stupa van eigenaardig model; het voorwerp bestaat nml. uit een dubbel lotuskussen dat — met weglating van een eigenlijk"
OV_1929,1929,999,0,volcanic,tephra,tephra/ash/tuff,asch,,,location+volcanic,2,In 1887 verscheen de catalogus der Archaeologische Verzameling van het Bataviaasch Genootschap van Kunsten en Wetenschappen door W. P. Groeneveldt.
OV_1929,1929,1001,0,volcanic,tephra,tephra/ash/tuff,asch,,,location+material+volcanic,3,"Beide werken staan thans nog boven aan op het lijstje van te raadplegen boeken van hem, die eenig onderdeel van de Indische Archaeologie bestudeert. Het was een goede gedachte van Dr. Juynboll, den Leidschen catalogus samen te stellen „meer in overstemming met den catalogus der Archaeologische verzameling van het Bataviaasch Genootschap . . . . ” en over het algemeen het systeem van Groeneveldt te volgen. De twee voornaamste verzamelingen waren hierdoor op dezelfde wijze behandeld; door de beide"
OV_1929,1929,1038,283,volcanic,tephra,tephra/ash/tuff,asch,,,location+material+volcanic,3,"we wegens leeuwentroon of rolkussen hebben aangeduid als klaarblijkelijk Qakyamuni voorstellende. Deze wijze van zitten noemt men ook wel de Maitreya-pose. Alle drie houden de handen in dharmacakra-mudra hiermede overeenstemmende met vier van de zeven op Europeescbe wijze zittende Buddba’s uit Batavia. De twee andere Bataviasche bronsjes stemmen meer overeen met de zittende £akyamuni uit het Natuurhistoriscb Museum in AVeenen (pi. I bij Robert Heine— Geldem, Altja- vaniscbe Bronzen Weenen 1925),"
OV_1929,1929,1061,0,volcanic,wilis,Wilis,Wilis,,,location+volcanic,2,"1463/5. afk. Desa Tjoembree bij het Wilisgebergte, Kediri, Hoog 5.5 c.M. Langwerpig vierkant voetstuk aan drie kanten versierd, zonder lotuskussen doch twee gaten voor het achterstuk hetwelk niet aanwezig."
OV_1929,1929,1146,0,volcanic,wilis,Wilis,Wilis,,,location+volcanic,2,"1463/3. Afk. desa Tjoembree bij het Wilisgebergte, Kediri. Hoog 8 c.M. Zonder voetstuk. Usnlsa gewoon."
OV_1929,1929,1150,0,volcanic,wilis,Wilis,Wilis,,,location+volcanic,2,"1463/4. Afk. desa Tjoembree bij het Wilisgebregte, Kediri. Hoog 12 c.M. Zonder voetstuk 10 c.M. 2360. Afk. onbekend. Hoog 16.1 c.M."
OV_1929,1929,1299,0,volcanic,tephra,tephra/ash/tuff,asch,,,location+material+volcanic,3,"Het uiterlijk wijkt al niet af van de Bataviasche bronsjes, nadere bespreking is derhalve naar het voorkomt niet noodig. W ellicht behoort hierbij no. 3049 hetwelk de lmkerhand half gestoken in de zij heeft, de rechterhand voor de borst geheven en gesloten met de toppen van duimen en wijsvinger tegen elkaar. ^Vaar de zekerheid ontbreekt, wordt dit beeldje behandeld onder „Andere Bodhisattva’ s”. Men zie de nos. 610 en 614 uit Batavia en het eene gelijke beeldje uit de collectie Loudon (Krom t. a"
OV_1929,1929,1329,0,volcanic,tephra,tephra/ash/tuff,asch,,,location+material+volcanic,3,"Het is niet aan mij te beoordeelen welk beeldje het meeste aanspraak heeft op den naam Vi^vapani, het Leidsche of het Bataviasche. Ik meen mg dan ook te moeten houden aan de reeds gebezigde aanduiding. 1630/14. Afk. Semarang. Hoog 16.5 c.M."
OV_1929,1929,1489,360,volcanic,dieng,Dieng,dieng,,,material+volcanic,2,Uit den brief van 1736 (L.) „... de (bamboe)stoel pantjoran gadieng . . . de zadel van massief goud .... de nooit meer gesiene zee clappus ... het bamboese bosch pariendoe .... een meyn die goud en zilver leeverd .... een zee van versch water .... de goud meyn Codanati van 32 caraten ...” OUDHEIDKUNDIG VERSLAG 1930 205
OV_1929,1929,1490,0,volcanic,tephra,tephra/ash/tuff,asch,,,location+volcanic,2,"Helaas hebben de rijkssieraden geen enkelen Europeeschen beschrijver in de 18e of 19e eeuw gevonden. De oudste inventaris van wat er te Pagar roejoeng bewaard wordt, maakt deel nit van een in 1901 door den Gouverneur van S.W.K. aan bet Bataviaasch Genootscbap verstrekte „Opgave van voorwerpen, welke vermoedelijk oudbeidkundige waarde bezitten in het Gouvemement S.W.K.”, waarin onder Tandjjoeng wordt vermeld:"
OV_1929,1929,1510,363,volcanic,ijen,Ijen,ijen,,,location+material+volcanic,3,"middenpartij zijn vijf concentrische cirkels aangebracht, die geomamenteerde banden van ongelijke breedte begrenzen, de binnenste versierd met een eenvoudig bladmotief, daarop volgend een wat grooter en forscher behandelde spiraal van bloemen en ranken; daaromheen het bekende lotuszaadbedmotief, omsloten door een bijzonder welig versierde spiraalrank met vullingen van afwisselend lotusbloemen en vogels, nog weer gevat in een band van groote en kleine bloemen. Op den platten rand van de schaal is"
OV_1929,1929,1551,0,volcanic,ijen,Ijen,ijen,,,,1,"tusschen de dijen afhangend. De linkerhand ter hoogte van de maag gehouden draagt een van boven plat en van onderen gebogen voorwerp, ongetwijfeld een schedelnap ; de rechterhand omsluit het hand vat van een offermes, waarvan de wajra-vormige knop zeer duidelijk en het halvemaanvormige lemmet nog flauwtjes zijn te onderscheiden."
OV_1929,1929,1552,369,volcanic,ijen,Ijen,ijen,,,material+volcanic,2,"Het tegenbeeld van deze figuur (PL 49 f) is van het vrouwelijke geslacht; zij is even groot als de mannelijke god en staat evenals hij op een dubbel lotuskussen. Verder heeft zij met hem de wenkbrauwen in accolade-vorm, de wijd geopende oogen de abnormaal groote ooren en, wat het ornaat betreft, den diadeem, het borstsnoer, de slangenvormige oor- en enkelsieraden, als ook de attributen — offermes en schedel- schaal — gemeen. Een woest-golvende, breed uitstaande haardos bedekt haar de schouders e"
OV_1929,1929,1689,0,volcanic,ijen,Ijen,ijen,,,material+volcanic,2,"Op no. 153 zijn misschien sommige der strikvragen afgebeeld, waarmee de scherpzinnigheid van den jongen Bodhisattwa wordt beproefd; de twee bollen met oogen, neus en mond kunnen de twee schedels voorstellen; het kind (zittend op de dijen van twee vrouwen !) kan datgene zijn, waarover de Bodhisattwa een Salomonsoordeel uitspreekt; de wanstaltige man zou Golakala kunnen zijn, en het rund kan de strikt vraag over de gestolen ossen representeeren; ook een slang is m.i. te zien."
OV_1929,1929,1692,0,volcanic,mountain,Mountain reference,Goenoeng Sari,Sari,,location+material+site+volcanic,4,"Over de beelden in dezen tempel (vroeger landhuis van Coyett, achter Goenoeng Sari, zie Oud Batavia plaat B 9) het volgende:"
OV_1929,1929,1812,409,volcanic,ungaran,Ungaran,Oengaran,,,,1,"b, c eti d. Bronzen do us in bet bezit van den heer E. W. van Orsoy de 1/ines te Oengaran (p >6 ; u * » * 2# a.; • : * •'*w 'iif ' 1 vi ^.|f . i x^w rr ! ^ ..Jil/' Musicologisch onderzoek op Nias."
